AXFH000
HFDTE120226
HFPLTPILOT:Scott O’Brien
HFGTYGLIDERTYPE:Ozone Swift 6
HFDTM100GPSDATUM:WGS84
HFRFWFIRMWAREVERSION:9.4
HFRHWHARDWAREVERSION:iPhone 15
HFFTYFRTYPE:Flyskyhy,9.4
HFGPS:Bluetooth vario
HFPRSVARIO:Bluetooth vario
HFCCLCOMPETITIONCLASS:Paraglider
HFTZNTIMEZONE:-6
HFSITSITE:Gravedad Cero, Tapalpa, Jalisco,MX
I053638FXA3941VXA4244GSP4547CCO4850HDT
C120226181015120226000102TASK
C0000000N00000000ETAKEOFF
C1956332N10339238W00010009999999000000360000STARTAREA Tapalpa
C2003837N10343513W00000000001000000000360000TURNAREA ATV
C1958948N10346610W00000000001000000000360000TURNAREA Rocks
C1956335N10336845W00000000001000000000360000FINISHAREA TapalpaLZ
C0000000N00000000ELANDING
E181044PEVBackground
B1810441956524N10339241WA0222702227001100000068261
B1810451956524N10339241WA0222702227001100000068259
B1810461956524N10339241WA0222702227001100000068259
B1810471956524N10339241WA0222702227001100000068259
B1810481956524N10339241WA0222702227001100000068257
B1810491956524N10339241WA0222702227001100000068255
B1810501956524N10339241WA0222702227001100000068256
B1810511956524N10339241WA0222702227001100000068255
B1810521956524N10339241WA0222702227001100000068255
B1810531956524N10339241WA0222702227001100000068254
B1810541956524N10339241WA0222702227001100000068253
B1810551956524N10339241WA0222702227001100000068243
B1810561956524N10339241WA0222702227001100000068243
B1810571956524N10339241WA0222702227001100000068228
B1810581956524N10339241WA0222702227001100002088229
B1810591956524N10339240WA0222602227001100002062242
B1811001956524N10339240WA0222702227001100002065248
B1811011956524N10339240WA0222702227001100002079246
B1811021956524N10339240WA0222702227001100001079234
B1811031956524N10339240WA0222702227001100001079238
B1811041956524N10339239WA0222702227001100001079081
B1811051956524N10339239WA0222602227001100001058023
B1811061956525N10339239WA0222602227001100002057040
B1811071956525N10339238WA0222502227001100002054050
B1811081956525N10339238WA0222302227001100003052025
B1811091956526N10339237WA0222102227001100006056050
B1811101956527N10339236WA0222002227001100008053047
B1811111956528N10339234WA0222002227001100011056039
B1811121956528N10339232WA0222202227001100013065033
B1811131956529N10339229WA0222502227001100014078356
B1811141956529N10339226WA0222402227001100015087027
B1811151956529N10339221WA0222202226001100018082043
B1811161956530N10339216WA0222102226001100025074037
B1811171956531N10339211WA0222202226001100028077036
B1811181956532N10339206WA0222302226001100028083033
B1811201956532N10339197WA0222402226001100026092016
B1811211956532N10339192WA0222302225001100028090014
B1811221956532N10339187WA0222102225001100029091014
B1811231956532N10339182WA0222102224001100031099014
B1811241956530N10339177WA0222002224001100030106010
B1811251956529N10339172WA0222102223001100029108007
B1811261956527N10339167WA0222202224001100027108005
B1811271956526N10339163WA0222302224001100025098002
B1811281956526N10339158WA0222402225001100026088004
B1811291956527N10339154WA0222502225001100027081002
B1811301956527N10339149WA0222602225001100031082002
B1811311956528N10339144WA0222602225001100033085002
B1811321956528N10339138WA0222602225001100031087003
B1811331956528N10339133WA0222702225001100029084001
B1811341956529N10339128WA0222702226001100029083002
B1811351956530N10339124WA0222802227001100029079001
E181135PEVForeground
B1811361956531N10339119WA0222802228001100030077001
B1811371956532N10339114WA0222802228001100031074074
B1811381956533N10339109WA0222702227001100032076078
B1811391956534N10339104WA0222702227001100032078070
B1811401956535N10339099WA0222902227001100030072075
B1811411956537N10339095WA0223102228001100028066079
B1811421956538N10339091WA0223302228001100025069081
B1811431956538N10339088WA0223302229001100020077069
B1811441956538N10339085WA0223202229001100019083072
B1811451956538N10339082WA0223002229001100021092068
B1811461956537N10339077WA0223102229001100028096083
B1811471956536N10339073WA0223402229001100028094096
B1811481956536N10339069WA0223502229001100025099090
B1811491956534N10339065WA0223602231001100025112075
B1811501956532N10339062WA0223702232001100026113083
B1811511956531N10339058WA0223702231001100026103076
B1811521956530N10339054WA0223602231001100026091077
B1811531956530N10339050WA0223602230001100025085069
B1811541956530N10339046WA0223502229001100026082067
B1811551956531N10339041WA0223302228001100029074068
B1811561956533N10339036WA0223202227001100032068061
B1811571956534N10339032WA0223302226001100030064059
B1811581956536N10339028WA0223602226001100029059054
B1811591956539N10339024WA0223802227001100028048054
B1812001956543N10339023WA0223902228001100026018048
B1812011956547N10339021WA0224002228001100029015028
B1812021956552N10339020WA0224002228001100030025027
B1812031956556N10339017WA0224202229001100033031018
B1812041956560N10339015WA0224402228001100034030028
B1812051956564N10339012WA0224702230001100031031016
B1812061956568N10339009WA0225002231001100030030024
B1812071956573N10339008WA0225202234001100031023030
B1812081956578N10339006WA0225402236001100033025033
B1812091956582N10339004WA0225602238001100034029036
B1812101956587N10339001WA0226002241001100031029048
B1812111956591N10338999WA0226302243001100028032064
B1812121956592N10338996WA0226302245001100017055061
B1812131956593N10338994WA0226202246001100018061053
B1812141956594N10338992WA0225902248001100013048059
B1812151956595N10338990WA0225802249001100017057056
B1812161956596N10338985WA0225802250001100024075071
B1812171956596N10338980WA0225902251001100027084065
B1812181956596N10338976WA0225902253001100025089091
B1812191956595N10338972WA0226002254001100022098097
B1812201956594N10338968WA0226102255001100022105113
B1812211956593N10338965WA0226202256001100023117129
B1812221956590N10338961WA0226302257001100024127144
B1812231956586N10338960WA0226402257001100026156148
B1812241956582N10338960WA0226502258001100027173163
B1812251956576N10338962WA0226502260001100030198171
B1812261956572N10338965WA0226602260001100033207186
B1812271956567N10338968WA0226602259001100035213192
B1812281956563N10338972WA0226602259001100039222190
B1812291956558N10338977WA0226602260001100041226188
B1812301956553N10338982WA0226902261001100038225186
B1812311956548N10338987WA0227202266001100041219192
B1812321956544N10338990WA0227202268001100034209191
B1812331956540N10338994WA0227302267001100029216197
B1812341956536N10338997WA0227102266001100029209221
B1812351956533N10339002WA0227002265001100038247218
B1812361956531N10339008WA0226902264001100040256253
B1812371956530N10339014WA0226902264001100041265263
B1812381956531N10339021WA0226802264001100040275278
B1812391956532N10339027WA0226702264001100040285292
B1812401956534N10339033WA0226602264001100039294288
B1812411956537N10339038WA0226502263001100039300312
B1812421956540N10339043WA0226402262001100039307321
B1812431956545N10339048WA0226302261001100041316334
B1812441956550N10339052WA0226302261001100042322337
B1812451956555N10339056WA0226202261001100043330348
B1812461956561N10339059WA0226302260001100043332352
B1812471956567N10339062WA0226402260001100041337004
B1812481956572N10339063WA0226402260001100037340008
B1812491956578N10339064WA0226302260001100037346001
B1812501956583N10339064WA0226202259001100038352011
B1812511956589N10339064WA0226202258001100040359020
B1812521956596N10339063WA0226402258001100041005009
B1812531956602N10339061WA0226602258001100039010027
B1812541956606N10339060WA0226802259001100031010037
B1812551956610N10339058WA0226902259001100025014044
B1812561956613N10339057WA0226802257001100024015048
B1812571956615N10339055WA0226602257001100024019061
B1812581956618N10339053WA0226602256001100024028054
B1812591956621N10339048WA0226802256001100026049053
B1813001956622N10339044WA0227002256001100023059069
B1813011956622N10339040WA0227102256001100021072063
B1813021956622N10339036WA0227102256001100023085087
B1813031956620N10339032WA0227002256001100028094084
B1813041956619N10339027WA0226802254001100031098068
B1813051956618N10339022WA0226702253001100032096079
B1813061956616N10339017WA0226702252001100031098080
B1813071956615N10339013WA0226702252001100027097101
B1813081956614N10339009WA0226802252001100026102126
B1813091956613N10339005WA0226602251001100029104130
B1813101956610N10339002WA0226302250001100031115132
B1813111956605N10339000WA0226302249001100032140129
B1813121956600N10338998WA0226302250001100033148114
B1813131956594N10338997WA0226402253001100035151124
B1813141956588N10338995WA0226502253001100037153112
B1813151956583N10338993WA0226702253001100035153115
B1813161956579N10338990WA0226802253001100034152130
B1813171956574N10338988WA0227002254001100033154148
B1813181956569N10338986WA0227202255001100033165170
B1813191956564N10338987WA0227302255001100033184182
B1813201956559N10338989WA0227402254001100034200197
B1813211956555N10338994WA0227402255001100040223211
B1813221956551N10338999WA0227402255001100042232228
B1813231956548N10339005WA0227402254001100040240256
B1813241956547N10339012WA0227302254001100039251262
B1813251956548N10339019WA0227302255001100039269268
B1813261956551N10339026WA0227202254001100040288288
B1813271956555N10339032WA0227202256001100043297303
B1813281956560N10339038WA0227402257001100044306325
B1813291956566N10339043WA0227502258001100043314337
B1813301956572N10339046WA0227502260001100039321359
B1813311956577N10339048WA0227502261001100034332000
B1813321956583N10339048WA0227602262001100032344011
B1813331956588N10339045WA0227702262001100031017020
B1813341956593N10339041WA0227902264001100032028046
B1813351956595N10339036WA0228002266001100027057057
B1813361956596N10339032WA0228202267001100024071072
B1813371956593N10339026WA0228302269001100027110084
B1813381956590N10339022WA0228502269001100027122112
B1813391956587N10339019WA0228602270001100025133121
B1813401956583N10339017WA0228602271001100026142130
B1813411956577N10339020WA0228702272001100031188137
B1813421956572N10339022WA0228702273001100035203179
B1813431956567N10339026WA0228702274001100035216195
B1813441956563N10339031WA0228902275001100036232208
B1813451956561N10339037WA0228802276001100036244226
B1813461956562N10339044WA0228702277001100037275241
B1813471956565N10339050WA0228702278001100036286277
B1813481956569N10339056WA0228602279001100043310291
B1813491956574N10339061WA0228702281001100045315321
B1813501956581N10339066WA0228702282001100045326331
B1813511956587N10339069WA0228802283001100045331342
B1813521956593N10339071WA0228902283001100041339345
B1813531956599N10339072WA0229102285001100038345356
B1813541956604N10339072WA0229202287001100032352354
B1813551956609N10339072WA0229202288001100029358015
B1813561956613N10339072WA0229202289001100028004024
B1813571956617N10339071WA0229202288001100026014035
B1813581956621N10339070WA0229002288001100026028040
B1813591956624N10339067WA0228902287001100027040051
B1814001956627N10339064WA0228802287001100028050057
B1814011956630N10339060WA0228802287001100029059063
B1814021956632N10339056WA0228802287001100028066071
B1814031956633N10339052WA0228802287001100025074088
B1814041956634N10339048WA0228602286001100024082086
B1814051956634N10339044WA0228402286001100025087072
B1814061956633N10339040WA0228202285001100025094080
B1814071956632N10339036WA0228102283001100026100078
B1814081956631N10339032WA0228102282001100025102081
B1814091956630N10339028WA0228102282001100024097105
B1814101956629N10339024WA0228002281001100022104107
B1814111956628N10339020WA0227802280001100026110117
B1814121956626N10339016WA0227802280001100027115107
B1814131956624N10339013WA0227902280001100025113093
B1814141956622N10339009WA0228002279001100024116081
B1814151956621N10339006WA0228002278001100025113098
B1814161956619N10339002WA0227802275001100027112095
B1814171956616N10338998WA0227902274001100028132071
B1814181956613N10338995WA0228002273001100027133126
B1814191956610N10338992WA0228202271001100023138090
B1814201956608N10338990WA0228402271001100019139091
B1814211956606N10338988WA0228502270001100019130098
B1814221956604N10338985WA0228502269001100022116101
B1814231956603N10338981WA0228502269001100024103097
B1814241956602N10338977WA0228702269001100026095088
B1814251956602N10338973WA0228702270001100021095085
B1814261956602N10338969WA0228502269001100024093088
B1814271956602N10338965WA0228102270001100024094087
B1814281956602N10338960WA0227802263001100041085088
B1814291956602N10338953WA0227702261001100038098095
B1814301956601N10338948WA0227702259001100036099091
B1814311956599N10338943WA0227702257001100032104105
B1814321956597N10338941WA0227802255001100020118104
B1814331956596N10338939WA0227602256001100020123090
B1814341956594N10338936WA0227502253001100026104142
B1814351956593N10338932WA0227302251001100028097095
B1814361956592N10338928WA0227202250001100030108098
B1814371956591N10338923WA0227102249001100031108089
B1814381956590N10338918WA0227102247001100033094099
B1814391956590N10338912WA0227002247001100036083065
B1814401956590N10338906WA0227002247001100041087106
B1814411956590N10338899WA0227302248001100039089081
B1814421956590N10338894WA0227502248001100036097104
B1814431956589N10338888WA0227702248001100035103121
B1814441956587N10338883WA0227902248001100032106150
B1814451956583N10338882WA0227802247001100026146161
B1814461956578N10338882WA0227902247001100028163173
B1814471956572N10338885WA0228202249001100027190189
B1814481956568N10338890WA0228402251001100027212213
B1814491956565N10338895WA0228502253001100026232230
B1814501956565N10338899WA0228702254001100017244246
B1814511956568N10338904WA0228902255001100018299253
B1814521956572N10338908WA0228902256001100019320325
B1814531956578N10338909WA0229102258001100023345350
B1814541956584N10338907WA0229502260001100025013014
B1814551956588N10338904WA0229602263001100017045038
B1814561956587N10338900WA0230002265001100015115065
B1814571956584N10338895WA0230102267001100027142114
B1814581956580N10338891WA0230302271001100033143132
B1814591956577N10338887WA0230402275001100032144147
B1815001956572N10338884WA0230502276001100033154152
B1815011956567N10338881WA0230502278001100036162170
B1815021956561N10338882WA0230302278001100040189179
B1815031956555N10338885WA0230402281001100038214203
B1815041956552N10338890WA0230602283001100038237220
B1815051956551N10338896WA0230702285001100036261242
B1815061956551N10338901WA0230902289001100036272260
B1815071956553N10338907WA0231202291001100034285272
B1815081956555N10338912WA0231402294001100033292296
B1815091956558N10338916WA0231402295001100034306302
B1815101956562N10338920WA0231302298001100034314332
B1815111956567N10338923WA0231202299001100039326341
B1815121956573N10338926WA0231402302001100040333353
B1815131956580N10338928WA0231502305001100042341013
B1815141956586N10338929WA0231402306001100040346023
B1815151956591N10338926WA0231502308001100031006028
B1815161956595N10338920WA0231902310001100032041038
B1815171956598N10338914WA0232202313001100032058053
B1815181956599N10338908WA0232502316001100028070066
B1815191956600N10338904WA0232802318001100024074059
B1815201956601N10338899WA0232802320001100026072076
B1815211956602N10338895WA0232702320001100027071077
B1815221956603N10338890WA0232802323001100031079090
B1815231956603N10338884WA0232802324001100032085109
B1815241956601N10338879WA0232702325001100032106116
B1815251956598N10338874WA0232702327001100036113131
B1815261956593N10338871WA0232602328001100034140139
B1815271956587N10338871WA0232502329001100031167158
B1815281956581N10338875WA0232402330001100034201177
B1815291956575N10338880WA0232302331001100038225205
B1815301956571N10338885WA0232202332001100040236228
B1815311956569N10338891WA0232302332001100038247237
B1815321956570N10338898WA0232302333001100038271250
B1815331956573N10338904WA0232502334001100038292277
B1815341956576N10338909WA0232802335001100036298299
B1815351956580N10338913WA0232802337001100036304306
B1815361956584N10338916WA0233202338001100034311312
B1815371956589N10338916WA0233302340001100030331321
B1815381956593N10338912WA0233502342001100019356345
B1815391956596N10338907WA0233502343001100019031016
B1815401956598N10338900WA0233602343001100026065047
B1815411956599N10338894WA0233602345001100028080077
B1815421956598N10338888WA0233502344001100027098090
B1815431956597N10338884WA0233402345001100028106105
B1815441956592N10338881WA0233002344001100028144111
B1815451956587N10338879WA0232802344001100031159142
B1815461956581N10338880WA0232602344001100026183155
B1815471956576N10338885WA0232602344001100033221175
B1815481956572N10338890WA0232502344001100035235214
B1815491956570N10338895WA0232402343001100034245229
B1815501956568N10338902WA0232302340001100036258241
B1815511956568N10338909WA0232302338001100038271255
B1815521956571N10338916WA0232302337001100044291271
B1815531956573N10338922WA0232602336001100041295294
B1815541956576N10338928WA0232902335001100041298298
B1815551956580N10338933WA0233102336001100040303303
B1815561956585N10338936WA0233302337001100038313308
B1815571956590N10338936WA0233602338001100030322320
B1815581956594N10338932WA0233902338001100022352331
B1815591956597N10338925WA0234102338001100019034007
B1816001956596N10338917WA0234302339001100022096047
B1816011956594N10338911WA0234302339001100027117101
B1816021956591N10338905WA0234302340001100029126121
B1816031956587N10338900WA0234102341001100031133135
B1816041956580N10338899WA0233902340001100037168145
B1816051956573N10338898WA0233902340001100039180169
B1816061956567N10338899WA0233902340001100038192182
B1816071956562N10338902WA0233702340001100037202192
B1816081956557N10338905WA0233502339001100037210204
B1816091956552N10338908WA0233502337001100040216214
B1816101956548N10338913WA0233302336001100042225229
B1816111956544N10338918WA0233202336001100043231243
B1816121956540N10338924WA0233202336001100041239252
B1816131956538N10338930WA0233402335001100040249257
B1816141956537N10338936WA0233502335001100036256260
B1816151956536N10338941WA0233602335001100032262269
B1816161956536N10338946WA0233602335001100030269289
B1816171956537N10338951WA0233502333001100029279302
B1816181956538N10338955WA0233502333001100031293310
B1816191956541N10338959WA0233502333001100032307326
B1816201956546N10338962WA0233502333001100036327335
B1816211956551N10338964WA0233602334001100034338355
B1816221956556N10338965WA0233702335001100034349009
B1816231956561N10338964WA0233802336001100030001013
B1816241956565N10338961WA0233902337001100027018032
B1816251956567N10338956WA0234002337001100027056046
B1816261956568N10338951WA0234302338001100026068077
B1816271956568N10338947WA0234302338001100022085085
B1816281956563N10338945WA0234302339001100019142097
B1816291956556N10338946WA0234202339001100028186136
B1816301956550N10338949WA0234202340001100036213181
B1816311956544N10338953WA0234102340001100039220216
B1816321956539N10338958WA0234002340001100041227230
B1816331956536N10338964WA0234002340001100043242235
B1816341956535N10338971WA0234102340001100040262258
B1816351956536N10338978WA0234102340001100043276278
B1816361956538N10338983WA0233902341001100037283293
B1816371956541N10338986WA0233902342001100026291299
B1816381956546N10338983WA0233902344001100018346310
B1816391956549N10338978WA0234002344001100021048011
B1816401956552N10338972WA0234002344001100026062059
B1816411956552N10338966WA0234102345001100028098070
B1816421956550N10338961WA0234102345001100032119099
B1816431956547N10338957WA0234002345001100029124117
B1816441956543N10338953WA0234002345001100030131120
B1816451956538N10338954WA0233802345001100028163126
B1816461956532N10338958WA0233802345001100031203154
B1816471956527N10338965WA0233802344001100037231194
B1816481956524N10338970WA0233602344001100037240226
B1816491956522N10338976WA0233602344001100038250236
B1816501956524N10338983WA0233402343001100036277248
B1816511956527N10338989WA0233402343001100037302280
B1816521956531N10338993WA0233402343001100035307309
B1816531956536N10338995WA0233302343001100030336315
B1816541956540N10338996WA0233402343001100029342347
B1816551956544N10338996WA0233502343001100024355355
B1816561956548N10338993WA0233502342001100025026009
B1816571956550N10338989WA0233502342001100026053036
B1816581956551N10338984WA0233502342001100026072059
B1816591956548N10338979WA0233302341001100030109074
B1817001956545N10338974WA0233302341001100032117105
B1817011956540N10338973WA0233202341001100025156112
B1817021956534N10338977WA0233202339001100030201144
B1817031956528N10338981WA0233002339001100036216195
B1817041956524N10338986WA0232802337001100037228217
B1817051956520N10338992WA0232702336001100038240234
B1817061956518N10338998WA0232302335001100038256251
B1817071956517N10339004WA0231902334001100038260270
B1817081956519N10339009WA0231802334001100032276273
B1817091956522N10339013WA0231802334001100026282292
B1817101956526N10339014WA0232002335001100020310299
B1817111956528N10339011WA0232102334001100006040335
B1817121956529N10339008WA0232102333001100016118063
B1817131956528N10339004WA0232002332001100020132114
B1817141956525N10339002WA0231802331001100025149128
B1817151956521N10338999WA0231602328001100030163146
B1817161956517N10338998WA0231402325001100032169152
B1817171956511N10338998WA0231402323001100038180151
B1817181956505N10338997WA0231402322001100038182140
B1817191956500N10338997WA0231402322001100033174138
B1817201956496N10338996WA0231402321001100030167136
B1817211956492N10338994WA0231202319001100027153133
B1817221956490N10338990WA0231002317001100027137131
B1817231956487N10338987WA0230902315001100027138118
B1817241956484N10338984WA0230702311001100028146120
B1817251956480N10338981WA0230702308001100032149118
B1817261956476N10338979WA0230602306001100033151118
B1817271956472N10338976WA0230502305001100030151127
B1817281956468N10338974WA0230502302001100028141123
B1817291956465N10338970WA0230202300001100029133111
B1817301956462N10338966WA0230202299001100032124113
B1817311956460N10338962WA0230102297001100030124106
B1817321956458N10338958WA0230102296001100024118107
B1817331956457N10338954WA0230002294001100024110102
B1817341956457N10338951WA0229802290001100025083096
B1817351956458N10338947WA0229502288001100029066075
B1817361956461N10338943WA0229302286001100031046063
B1817371956465N10338940WA0229402288001100031024048
B1817381956469N10338938WA0229602287001100028025031
B1817391956473N10338936WA0229402285001100026034044
B1817401956474N10338933WA0229302283001100023058049
B1817411956476N10338929WA0229102280001100025070058
B1817421956477N10338924WA0228802279001100030078049
B1817431956478N10338920WA0228702278001100030072053
B1817441956480N10338915WA0228702276001100027057051
B1817451956483N10338912WA0228502275001100025045044
B1817461956486N10338909WA0228402274001100026037042
B1817471956489N10338907WA0228202272001100030036041
B1817481956493N10338903WA0228202271001100033040040
B1817491956497N10338900WA0228202270001100032041043
B1817501956500N10338896WA0228202269001100032040048
B1817511956503N10338893WA0228302269001100027042043
B1817521956506N10338890WA0228302269001100024042043
B1817531956509N10338888WA0228202268001100022039042
B1817541956512N10338886WA0228102267001100023032038
B1817551956515N10338884WA0228002267001100026028030
B1817561956519N10338882WA0228002267001100029025021
B1817571956523N10338880WA0227902265001100032025026
B1817581956527N10338878WA0227802264001100033026022
B1817591956532N10338875WA0227702263001100033026030
B1818001956536N10338873WA0227802263001100031032034
B1818011956539N10338870WA0227802263001100027029009
B1818021956543N10338868WA0227702263001100025026026
B1818031956546N10338866WA0227802263001100027028042
B1818041956550N10338864WA0227802263001100029033056
B1818051956553N10338862WA0227902264001100026038029
B1818061956556N10338859WA0228002266001100024032033
B1818071956560N10338858WA0228102266001100026020030
B1818081956564N10338856WA0228302267001100031016020
B1818091956569N10338854WA0228302268001100033022358
B1818101956573N10338852WA0228202269001100034027036
B1818111956578N10338849WA0228402270001100034032032
B1818121956582N10338846WA0228602272001100034038039
B1818131956585N10338843WA0228802273001100034047060
B1818141956588N10338838WA0228802274001100033058064
B1818151956590N10338833WA0228902275001100035070076
B1818161956591N10338828WA0229002276001100035081089
B1818171956591N10338822WA0229102277001100035090101
B1818181956590N10338817WA0229102278001100033101118
B1818191956587N10338812WA0229502279001100033115130
B1818201956583N10338808WA0229802280001100034127146
B1818211956579N10338806WA0230102281001100032139166
B1818221956573N10338807WA0230302283001100027172181
B1818231956568N10338811WA0230402285001100031207201
B1818241956564N10338817WA0230502287001100037233228
B1818251956563N10338825WA0230602289001100039260256
B1818261956565N10338832WA0230802291001100039284281
B1818271956569N10338838WA0231002294001100040303304
B1818281956574N10338842WA0231202297001100038319320
B1818291956580N10338843WA0231502300001100036348336
B1818301956586N10338841WA0231702302001100033007002
B1818311956590N10338839WA0231802305001100030027019
B1818321956594N10338836WA0231702307001100027037038
B1818331956596N10338832WA0231702308001100025052049
B1818341956597N10338826WA0231602307001100033082066
B1818351956598N10338820WA0231502307001100032090088
B1818361956597N10338815WA0231602309001100029098086
B1818371956596N10338811WA0231502310001100026112093
B1818381956594N10338807WA0231502309001100028119098
B1818391956592N10338803WA0231602310001100032119096
B1818401956589N10338798WA0231702311001100032118110
B1818411956587N10338794WA0231902313001100031116105
B1818421956585N10338790WA0232002315001100029125127
B1818431956581N10338787WA0232002316001100030141124
B1818441956577N10338784WA0232002317001100031154150
B1818451956573N10338783WA0232302318001100031164163
B1818461956568N10338783WA0232502320001100031180171
B1818471956563N10338785WA0232902322001100032194196
B1818481956558N10338788WA0233102324001100035206222
B1818491956553N10338795WA0233402326001100040229222
B1818501956550N10338801WA0233802328001100042239236
B1818511956548N10338808WA0234102331001100046251253
B1818521956547N10338816WA0234402335001100049261274
B1818531956546N10338824WA0235002337001100047265278
B1818541956548N10338831WA0235202341001100045286297
B1818551956551N10338838WA0235602345001100046295311
B1818561956555N10338843WA0236102348001100041304315
B1818571956559N10338847WA0236302353001100036315335
B1818581956564N10338848WA0236502356001100032329344
B1818591956569N10338847WA0236602359001100030001351
B1819001956574N10338845WA0236702362001100029011025
B1819011956579N10338842WA0236802365001100029027031
B1819021956582N10338837WA0237002368001100031047048
B1819031956584N10338832WA0237102370001100033060065
B1819041956585N10338826WA0237402374001100032077080
B1819051956585N10338821WA0237502377001100029089092
B1819061956584N10338817WA0237802380001100026096089
B1819071956582N10338813WA0237802382001100026106087
B1819081956579N10338810WA0237902384001100026118091
B1819091956577N10338806WA0238102384001100027126107
B1819101956573N10338802WA0238302386001100029136114
B1819111956569N10338800WA0238402389001100031150142
B1819121956565N10338798WA0238702392001100031159164
B1819131956560N10338798WA0238802394001100031174179
B1819141956555N10338800WA0238902396001100032194185
B1819151956550N10338806WA0239002397001100037225178
B1819161956547N10338811WA0239102399001100040236211
B1819171956543N10338817WA0239402401001100044232205
B1819181956539N10338823WA0239602404001100044238240
B1819191956536N10338830WA0240002405001100045245259
B1819201956534N10338836WA0239802408001100044253283
B1819211956536N10338844WA0239702408001100046280283
B1819221956539N10338852WA0240002410001100052295298
B1819231956544N10338858WA0240402413001100048302314
B1819241956548N10338863WA0240902416001100040318320
B1819251956553N10338866WA0241202418001100036327336
B1819261956558N10338867WA0241402419001100032337345
B1819271956563N10338867WA0241602422001100032354351
B1819281956567N10338866WA0241602422001100031007022
B1819291956572N10338865WA0241602423001100031017032
B1819301956576N10338863WA0241802424001100032027051
B1819311956580N10338859WA0241802425001100034043062
B1819321956584N10338855WA0242002427001100033054070
B1819331956584N10338849WA0241902428001100032078082
B1819341956584N10338844WA0242102429001100032093087
B1819351956582N10338839WA0242202430001100030103098
B1819361956581N10338835WA0242402431001100027112095
B1819371956579N10338831WA0242602433001100026117097
B1819381956577N10338827WA0242702434001100026120105
B1819391956574N10338824WA0242802435001100026124107
B1819401956572N10338820WA0242802435001100025136132
B1819411956569N10338818WA0242702436001100026153157
B1819421956564N10338817WA0242702436001100029164166
B1819431956559N10338819WA0242502436001100035197173
B1819441956554N10338822WA0242602437001100036204168
B1819451956549N10338825WA0242802438001100035207165
B1819461956545N10338827WA0242802438001100031204166
B1819471956540N10338829WA0242702438001100032202174
B1819481956535N10338830WA0242602439001100035192173
B1819491956530N10338832WA0242702438001100039200200
B1819501956525N10338835WA0242802439001100039208210
B1819511956521N10338839WA0242802439001100037225218
B1819521956519N10338845WA0242602437001100035252228
B1819531956517N10338851WA0242402436001100038255257
B1819541956516N10338857WA0242502434001100040264267
B1819551956515N10338864WA0242202427001100042275290
B1819561956516N10338871WA0242202426001100047286297
B1819571956520N10338878WA0242102426001100047301305
B1819581956524N10338883WA0242402426001100041310321
B1819591956528N10338887WA0242402426001100037318333
B1820001956532N10338890WA0242502426001100033326344
B1820011956536N10338892WA0242602426001100030335356
B1820021956540N10338893WA0242602426001100028346006
B1820031956545N10338892WA0242702426001100028006021
B1820041956549N10338891WA0242702426001100028016034
B1820051956552N10338886WA0242902426001100029046038
B1820061956555N10338882WA0243002427001100027052057
B1820071956556N10338878WA0243202427001100025065055
B1820081956557N10338873WA0243402431001100028074065
B1820091956558N10338869WA0243702434001100028076073
B1820101956558N10338864WA0243702436001100027083086
B1820111956558N10338860WA0243902436001100027092077
B1820121956557N10338856WA0243902437001100027105082
B1820131956555N10338852WA0243902438001100030117102
B1820141956552N10338848WA0244002439001100032126084
B1820151956549N10338844WA0244002440001100029136109
B1820161956546N10338841WA0244002440001100027143110
B1820171956542N10338839WA0243802441001100028145123
B1820181956538N10338837WA0243602441001100029149142
B1820191956534N10338835WA0243402441001100033165145
B1820201956527N10338836WA0243302440001100040183173
B1820211956521N10338837WA0243202439001100042197192
B1820221956515N10338840WA0243002438001100040209214
B1820231956511N10338844WA0242902437001100036222230
B1820241956508N10338849WA0242602436001100032238252
B1820251956507N10338855WA0242502435001100032261261
B1820261956506N10338861WA0242202434001100034273275
B1820271956507N10338867WA0242002430001100036284287
B1820281956509N10338873WA0241902429001100039292300
B1820291956512N10338878WA0241802428001100037300321
B1820301956516N10338883WA0241802428001100034312317
B1820311956520N10338886WA0241802427001100033321328
B1820321956524N10338889WA0241702426001100035327350
B1820331956529N10338892WA0241702425001100036333353
B1820341956534N10338894WA0241802425001100034343004
B1820351956538N10338895WA0241902425001100032350014
B1820361956543N10338895WA0241902424001100032359025
B1820371956548N10338894WA0242002424001100030015024
B1820381956552N10338892WA0242202423001100029027026
B1820391956555N10338889WA0242202423001100028038033
B1820401956558N10338886WA0242202423001100029045024
B1820411956561N10338883WA0242302422001100028040032
B1820421956565N10338880WA0242202421001100030037034
B1820431956568N10338877WA0242102421001100032045041
B1820441956571N10338873WA0242202421001100032058041
B1820451956573N10338868WA0242202421001100032067058
B1820461956574N10338863WA0242302422001100031080061
B1820471956574N10338858WA0242302422001100034087070
B1820481956574N10338852WA0242302422001100034091085
B1820491956574N10338847WA0242302423001100034101090
B1820501956572N10338842WA0242402424001100032113119
B1820511956569N10338838WA0242402424001100030125121
B1820521956565N10338835WA0242302424001100032140134
B1820531956560N10338833WA0242102425001100033155155
B1820541956554N10338833WA0242002424001100035171175
B1820551956547N10338834WA0241802422001100038186181
B1820561956541N10338836WA0241702422001100040199193
B1820571956535N10338840WA0241702422001100042210183
B1820581956530N10338844WA0241702422001100038215183
B1820591956526N10338847WA0241502421001100037211182
B1821001956521N10338850WA0241202420001100038210198
B1821011956516N10338854WA0240902417001100040216208
B1821021956511N10338859WA0240702416001100042226229
B1821031956508N10338864WA0240502414001100042235256
B1821041956505N10338870WA0240202412001100039243266
B1821051956505N10338877WA0240002410001100038260267
B1821061956504N10338883WA0239702403001100036272271
B1821071956505N10338890WA0239502399001100040274282
B1821081956505N10338896WA0239302397001100042279280
B1821091956507N10338903WA0239202395001100044291282
B1821101956510N10338909WA0239102393001100045298320
B1821111956514N10338915WA0239102393001100046304306
B1821121956519N10338921WA0238902392001100048309317
B1821131956524N10338927WA0238902390001100052309306
B1821141956529N10338933WA0238802390001100050309306
B1821151956534N10338940WA0238902389001100048309302
B1821161956538N10338945WA0238902389001100044308296
B1821171956542N10338951WA0238902389001100043306309
B1821181956546N10338957WA0239002389001100045305304
B1821191956550N10338963WA0239002389001100043306309
B1821201956554N10338968WA0239102389001100039307329
B1821211956557N10338972WA0239002389001100037311339
B1821221956561N10338976WA0238802389001100037319344
B1821231956566N10338979WA0238602388001100040326357
B1821241956572N10338981WA0238502388001100038340024
B1821251956578N10338981WA0238402388001100036355039
B1821261956583N10338978WA0238602388001100033023048
B1821271956586N10338975WA0238802388001100029035063
B1821281956587N10338972WA0239002389001100018077052
B1821291956586N10338968WA0239102389001100018100065
B1821301956585N10338965WA0239002389001100021103075
B1821311956584N10338961WA0239002389001100025090073
B1821321956585N10338956WA0239002388001100027074077
B1821331956587N10338951WA0239302389001100029067061
B1821341956589N10338947WA0239402390001100026066055
B1821351956590N10338943WA0239302390001100022067056
B1821361956591N10338940WA0239302389001100022068062
B1821371956593N10338936WA0239102388001100026061062
B1821381956595N10338932WA0238902387001100031060062
B1821391956598N10338926WA0239002387001100036061060
B1821401956601N10338921WA0238902387001100036072068
B1821411956601N10338915WA0238902386001100037083078
B1821421956601N10338909WA0238802386001100037092096
B1821431956599N10338903WA0238902386001100036108104
B1821441956596N10338899WA0238902386001100034126118
B1821451956592N10338895WA0238902387001100034136126
B1821461956588N10338891WA0238802387001100032147144
B1821471956584N10338889WA0238802386001100031162153
B1821481956579N10338888WA0238802385001100031171159
B1821491956574N10338888WA0238802384001100033184169
B1821501956569N10338890WA0238802384001100034192170
B1821511956564N10338891WA0238802383001100034197152
B1821521956559N10338893WA0238702383001100034196164
B1821531956554N10338895WA0238702383001100034197172
B1821541956549N10338897WA0238702382001100034207195
B1821551956545N10338900WA0238602382001100037215202
B1821561956541N10338905WA0238502381001100038230222
B1821571956538N10338910WA0238702381001100039240241
B1821581956536N10338916WA0238502381001100039250219
B1821591956536N10338922WA0238602383001100035262226
B1822001956535N10338928WA0238502382001100031261240
B1822011956535N10338933WA0238302381001100032263252
B1822021956534N10338939WA0238202381001100038266269
B1822031956535N10338945WA0238102380001100041274298
B1822041956537N10338952WA0238202380001100043293301
B1822051956540N10338958WA0238302380001100042298321
B1822061956545N10338962WA0238302380001100038321328
B1822071956550N10338965WA0238502380001100039326348
B1822081956556N10338967WA0238702380001100033341351
B1822091956561N10338967WA0238702381001100031352006
B1822101956566N10338966WA0238502381001100029004019
B1822111956570N10338964WA0238502381001100030017021
B1822121956574N10338961WA0238402381001100031030047
B1822131956578N10338957WA0238302381001100034043059
B1822141956581N10338952WA0238402381001100033060068
B1822151956582N10338947WA0238502382001100032074072
B1822161956581N10338941WA0238502382001100031092094
B1822171956580N10338937WA0238402382001100028102108
B1822181956578N10338933WA0238302381001100026113125
B1822191956576N10338930WA0238002381001100026129125
B1822201956571N10338927WA0237802381001100029144116
B1822211956567N10338925WA0237702379001100032148106
B1822221956563N10338922WA0237702379001100031139107
B1822231956559N10338918WA0237602379001100031129093
B1822241956557N10338914WA0237602378001100034118100
B1822251956555N10338908WA0237702378001100039113094
B1822261956552N10338901WA0237702377001100040112098
B1822271956549N10338895WA0238102377001100041112091
B1822281956548N10338890WA0238202381001100037105099
B1822291956546N10338884WA0238302381001100038107096
B1822301956545N10338878WA0238302382001100041105099
B1822311956543N10338872WA0238202382001100043106099
B1822321956541N10338865WA0238202383001100040107096
B1822331956539N10338860WA0238202383001100034109094
B1822341956538N10338855WA0238202382001100033107088
B1822351956536N10338850WA0238002378001100034109095
B1822361956534N10338845WA0237802376001100037112091
B1822371956531N10338840WA0237502374001100037114095
B1822381956529N10338834WA0237502373001100035111090
B1822391956526N10338830WA0237602372001100032117097
B1822401956523N10338826WA0237602371001100030128111
B1822411956520N10338823WA0237502370001100028139126
B1822421956516N10338821WA0237402367001100029158138
B1822431956511N10338820WA0237102363001100035170153
B1822441956505N10338820WA0236902361001100042184165
B1822451956499N10338821WA0236802358001100041194176
B1822461956493N10338823WA0236702356001100041201195
B1822471956487N10338826WA0236802354001100039207199
B1822481956482N10338829WA0236702352001100036214192
B1822491956479N10338833WA0236502350001100034223204
B1822501956475N10338837WA0236402348001100035233201
B1822511956473N10338842WA0236302347001100036238217
B1822521956470N10338848WA0236102345001100036245218
B1822531956468N10338853WA0236102344001100037253243
B1822541956467N10338859WA0236002343001100035260241
B1822551956466N10338864WA0236002342001100035264225
B1822561956466N10338870WA0235702340001100039259239
B1822571956464N10338877WA0235702339001100043252233
B1822581956462N10338883WA0235502339001100045250234
B1822591956460N10338890WA0235502339001100045250228
B1823001956457N10338897WA0235602340001100044248230
B1823011956455N10338903WA0235902340001100039246236
B1823021956453N10338909WA0235802340001100039242223
B1823031956450N10338915WA0235602339001100040242228
B1823041956447N10338921WA0235502338001100044239229
B1823051956443N10338927WA0235402338001100046239228
B1823061956439N10338933WA0235402338001100046239229
B1823071956436N10338939WA0235502338001100042236220
B1823081956432N10338944WA0235402338001100039232228
B1823091956429N10338949WA0235102336001100036231213
B1823101956426N10338954WA0234902335001100039232223
B1823111956422N10338959WA0234702334001100040239224
B1823121956419N10338965WA0234602333001100041242224
B1823131956417N10338970WA0234402333001100039244239
B1823141956414N10338976WA0234302332001100038246237
B1823151956412N10338982WA0234202331001100037251245
B1823161956411N10338987WA0234002330001100037256236
B1823171956410N10338993WA0233902328001100037260239
B1823181956409N10338999WA0233802327001100035263251
B1823191956408N10339004WA0233602326001100034265240
B1823201956408N10339009WA0233402324001100033270249
B1823211956409N10339015WA0233102322001100034273245
B1823221956409N10339021WA0232802320001100038276250
B1823231956410N10339027WA0232702319001100037271251
B1823241956409N10339032WA0232502317001100035263252
B1823251956409N10339037WA0232302315001100032257247
B1823261956408N10339042WA0232102313001100031259254
B1823271956407N10339047WA0231602310001100032265264
B1823281956407N10339053WA0231202307001100034272280
B1823291956408N10339058WA0230902305001100034281299
B1823301956410N10339064WA0230702303001100038291309
B1823311956413N10339069WA0230402301001100036298321
B1823321956417N10339072WA0230202299001100031311330
B1823331956421N10339075WA0229802297001100029322335
B1823341956426N10339076WA0229502294001100026336351
B1823351956430N10339076WA0229002291001100027349351
B1823361956435N10339076WA0228702288001100028000346
B1823371956440N10339075WA0228602286001100032359003
B1823381956446N10339075WA0228602283001100031003006
B1823391956451N10339075WA0228702281001100028357012
B1823401956455N10339075WA0228402279001100027002017
B1823411956460N10339075WA0228102276001100028010023
B1823421956464N10339073WA0227802272001100031022017
B1823431956469N10339071WA0227702269001100034024014
B1823441956475N10339068WA0227702266001100037027017
B1823451956480N10339065WA0227702264001100035024036
B1823461956485N10339063WA0227502263001100032027038
B1823471956489N10339060WA0227302261001100031033036
B1823481956493N10339057WA0227002258001100031043035
B1823491956496N10339052WA0226902256001100036051046
B1823501956499N10339048WA0226802255001100034058079
B1823511956501N10339043WA0226702253001100032066092
B1823521956501N10339037WA0226702251001100035097093
B1823531956499N10339031WA0226802250001100038106092
B1823541956497N10339025WA0227202249001100036102075
B1823551956495N10339019WA0227502248001100035109055
B1823561956493N10339014WA0227702247001100032106114
B1823571956492N10339010WA0227802248001100028112100
B1823581956489N10339007WA0227702248001100029118099
B1823591956486N10339003WA0227502248001100033122070
B1824001956484N10338998WA0227602248001100031114093
B1824011956482N10338994WA0227702249001100028108088
B1824021956481N10338991WA0227702251001100025103082
B1824031956480N10338987WA0227702253001100025102082
B1824041956479N10338983WA0227802254001100026101084
B1824051956479N10338979WA0227802254001100027100080
B1824061956478N10338975WA0227602253001100027099080
B1824071956477N10338971WA0227402253001100029097085
B1824081956477N10338967WA0227202251001100027096074
B1824091956476N10338962WA0227102250001100028093081
B1824101956476N10338958WA0227002249001100028088079
B1824111956476N10338954WA0227002250001100027083074
B1824121956477N10338950WA0227002252001100027083073
B1824131956477N10338946WA0227202253001100026088072
B1824141956477N10338942WA0227302255001100026096078
B1824151956476N10338938WA0227502257001100026103073
B1824161956475N10338934WA0227702258001100026108085
B1824171956473N10338931WA0227802259001100026114086
B1824181956471N10338927WA0228002261001100025122099
B1824191956469N10338924WA0228202262001100027128097
B1824201956466N10338921WA0228202264001100029132101
B1824211956463N10338917WA0228202265001100029133095
B1824221956460N10338914WA0228202265001100028124097
B1824231956459N10338910WA0228202264001100026104092
B1824241956459N10338906WA0228002265001100024086082
B1824251956460N10338903WA0228002266001100025072072
B1824261956461N10338899WA0228102266001100023064064
B1824271956463N10338896WA0228002266001100021062059
B1824281956465N10338893WA0228002266001100023054054
B1824291956467N10338890WA0227902265001100027048050
B1824301956470N10338886WA0228002265001100030050041
B1824311956473N10338882WA0228102265001100031051043
B1824321956476N10338878WA0228202266001100028055045
B1824331956478N10338875WA0228402267001100026051049
B1824341956481N10338872WA0228402269001100027043048
B1824351956485N10338869WA0228502270001100030037040
B1824361956488N10338866WA0228602271001100031036036
B1824371956492N10338863WA0228802273001100032037031
B1824381956496N10338860WA0228902276001100030033032
B1824391956500N10338858WA0229002278001100028023026
B1824401956504N10338857WA0229202279001100025009023
B1824411956507N10338858WA0229302280001100025354011
B1824421956511N10338858WA0229402282001100030347355
B1824431956517N10338860WA0229402282001100035344347
B1824441956521N10338861WA0229502284001100033342328
B1824451956525N10338863WA0229602284001100029334331
B1824461956529N10338866WA0229602284001100029328329
B1824471956531N10338871WA0229302284001100037300324
B1824481956534N10338877WA0229202284001100042295300
B1824491956536N10338884WA0229302284001100042290294
B1824501956537N10338890WA0229402286001100041281289
B1824511956537N10338897WA0229402286001100039268279
B1824521956536N10338903WA0229602287001100039257268
B1824531956534N10338909WA0229702288001100040249255
B1824541956530N10338915WA0229902289001100042236245
B1824551956526N10338921WA0230202291001100042232233
B1824561956521N10338925WA0230502292001100043220228
B1824571956515N10338929WA0230702293001100045211215
B1824581956509N10338930WA0230802295001100041192204
B1824591956503N10338930WA0231102298001100039180185
B1825001956498N10338929WA0231102300001100036168171
B1825011956493N10338927WA0231502302001100034161158
B1825021956488N10338925WA0231802305001100030151150
B1825031956485N10338922WA0231802307001100025139139
B1825041956483N10338920WA0231902309001100024132126
B1825051956481N10338916WA0231902311001100025120119
B1825061956480N10338912WA0231702311001100026109109
B1825071956480N10338908WA0231902310001100024094100
B1825081956481N10338904WA0232102312001100022081088
B1825091956482N10338901WA0232302314001100019072077
B1825101956483N10338899WA0232402317001100016063070
B1825111956484N10338897WA0232502318001100015048064
B1825121956486N10338895WA0232602319001100018034054
B1825131956490N10338894WA0232602321001100021016043
B1825141956494N10338895WA0232802322001100025355029
B1825151956498N10338896WA0232902324001100028338011
B1825161956502N10338899WA0233102326001100027321355
B1825171956505N10338903WA0233102327001100031302339
B1825181956507N10338908WA0233002328001100033291318
B1825191956509N10338913WA0232902328001100036284305
B1825201956510N10338920WA0232802328001100037276296
B1825211956508N10338928WA0232802329001100046258286
B1825221956506N10338935WA0233002330001100046251262
B1825231956503N10338942WA0233302330001100045243253
B1825241956497N10338947WA0233302332001100041221243
B1825251956492N10338950WA0233302332001100041208215
B1825261956486N10338952WA0233302332001100043199198
B1825271956479N10338953WA0233302332001100043189188
B1825281956472N10338954WA0233402333001100041179177
B1825291956467N10338953WA0233502334001100038172166
B1825301956461N10338951WA0233402335001100036160156
B1825311956457N10338947WA0233402335001100030144144
B1825321956456N10338943WA0233402335001100026115126
B1825331956455N10338938WA0233402335001100025098100
B1825341956456N10338934WA0233302335001100026078087
B1825351956458N10338930WA0233302334001100027063072
B1825361956460N10338926WA0233302333001100026051059
B1825371956463N10338923WA0233202334001100024038051
B1825381956466N10338921WA0233302334001100024023043
B1825391956469N10338920WA0233202332001100024015029
B1825401956473N10338919WA0233102331001100024005024
B1825411956477N10338919WA0233102331001100027359016
B1825421956481N10338919WA0233102331001100032357005
B1825431956486N10338919WA0233302331001100031358006
B1825441956491N10338919WA0233602331001100029358358
B1825451956495N10338920WA0233902332001100025355350
B1825461956499N10338920WA0234102333001100025342354
B1825471956502N10338922WA0234102333001100025334347
B1825481956505N10338926WA0234202333001100030313344
B1825491956507N10338931WA0234202334001100034300323
B1825501956509N10338936WA0234202334001100033291311
B1825511956509N10338942WA0234302335001100036278302
B1825521956509N10338949WA0234302335001100040271286
B1825531956508N10338958WA0234302336001100046265278
B1825541956506N10338966WA0234402337001100048259269
B1825551956504N10338974WA0234502338001100047248262
B1825561956500N10338980WA0234502339001100046238249
B1825571956495N10338986WA0234702340001100047228237
B1825581956489N10338991WA0234702340001100048216223
B1825591956483N10338994WA0234802340001100047200208
B1826001956476N10338995WA0235002342001100042186189
B1826011956470N10338995WA0235102344001100036177172
B1826021956465N10338994WA0235102345001100032168159
B1826031956461N10338993WA0235202345001100031157143
B1826041956456N10338990WA0235002344001100032153128
B1826051956452N10338987WA0234902343001100032145127
B1826061956448N10338984WA0235002343001100030137119
B1826071956446N10338981WA0234802343001100027126111
B1826081956445N10338976WA0234702342001100026101102
B1826091956445N10338972WA0234702341001100027086084
B1826101956446N10338968WA0234502339001100027075068
B1826111956448N10338964WA0234402338001100027069069
B1826121956450N10338960WA0234102337001100028058063
B1826131956453N10338956WA0234102336001100029052055
B1826141956455N10338951WA0234002335001100031060053
B1826151956457N10338947WA0233802334001100032071056
B1826161956458N10338942WA0233802335001100031078051
B1826171956459N10338937WA0233802334001100028072056
B1826181956461N10338933WA0233702334001100026064055
B1826191956463N10338929WA0233502331001100026062052
B1826201956465N10338925WA0233202328001100028064046
B1826211956467N10338921WA0232902326001100031061039
B1826221956469N10338917WA0232702324001100033055041
B1826231956472N10338912WA0232602322001100036055050
B1826241956476N10338907WA0232602322001100036059052
B1826251956478N10338902WA0232702322001100035060037
B1826261956481N10338898WA0232602321001100032051031
B1826271956485N10338894WA0232602320001100032040031
B1826281956489N10338891WA0232602319001100032033045
B1826291956493N10338888WA0232502318001100032039039
B1826301956497N10338885WA0232402317001100034046003
B1826311956501N10338881WA0232602316001100036044006
B1826321956505N10338877WA0233002316001100035035046
B1826331956510N10338875WA0233302315001100032026038
B1826341956514N10338874WA0233502315001100028020025
B1826351956517N10338874WA0233602316001100025023023
B1826361956521N10338872WA0233602317001100027024020
B1826371956525N10338871WA0233602318001100033020017
B1826381956530N10338869WA0233802318001100034019013
B1826391956535N10338867WA0234102319001100032021026
B1826401956539N10338865WA0234302321001100029027042
B1826411956543N10338863WA0234402322001100030042056
B1826421956546N10338858WA0234602324001100034051063
B1826431956549N10338853WA0234702326001100038057077
B1826441956552N10338848WA0235002330001100037062073
B1826451956554N10338844WA0235102333001100031069064
B1826461956555N10338840WA0235202335001100026070062
B1826471956556N10338836WA0235002336001100026069067
B1826481956558N10338832WA0234902337001100030066082
B1826491956560N10338827WA0234802337001100034074094
B1826501956561N10338822WA0234702339001100036083095
B1826511956560N10338816WA0234802340001100035092097
B1826521956559N10338810WA0234802340001100035106108
B1826531956556N10338805WA0234802341001100037118113
B1826541956552N10338800WA0234802341001100039124119
B1826551956548N10338795WA0234902341001100040124104
B1826561956545N10338790WA0235102345001100036119109
B1826571956542N10338785WA0235202348001100035125130
B1826581956539N10338781WA0235402349001100034136149
B1826591956534N10338778WA0235502351001100035146159
B1827001956529N10338777WA0235602352001100037167171
B1827011956522N10338779WA0235902353001100039194185
B1827021956517N10338784WA0236002354001100044221208
B1827031956512N10338790WA0236202356001100047232230
B1827041956509N10338796WA0236402358001100045244239
B1827051956507N10338802WA0236702361001100041251252
B1827061956505N10338808WA0236902363001100037255269
B1827071956504N10338813WA0237002365001100034260285
B1827081956504N10338819WA0237202366001100032271284
B1827091956505N10338824WA0237202367001100031282302
B1827101956508N10338828WA0237102369001100032300315
B1827111956511N10338832WA0237202370001100029311333
B1827121956514N10338835WA0237202371001100024319342
B1827131956518N10338836WA0237102371001100022332350
B1827141956522N10338835WA0237002371001100024000001
B1827151956526N10338833WA0237102372001100026021020
B1827161956530N10338830WA0237202373001100028037034
B1827171956532N10338825WA0237002374001100029071045
B1827181956532N10338820WA0236802374001100034097069
B1827191956530N10338814WA0236802374001100034120089
B1827201956527N10338810WA0236602375001100037130109
B1827211956522N10338805WA0236702375001100036136120
B1827221956518N10338802WA0236902376001100034143133
B1827231956513N10338799WA0237002377001100035155143
B1827241956507N10338798WA0237002377001100037165159
B1827251956501N10338798WA0237202377001100039177162
B1827261956495N10338799WA0237202376001100040190178
B1827271956489N10338803WA0237202377001100041205195
B1827281956484N10338807WA0237302377001100043215205
B1827291956479N10338812WA0237202377001100043222214
B1827301956475N10338818WA0237102373001100043226229
B1827311956471N10338823WA0236802371001100045232247
B1827321956467N10338829WA0236702371001100046240267
B1827331956465N10338836WA0236702370001100044253272
B1827341956466N10338844WA0236702370001100045274278
B1827351956467N10338851WA0236802371001100041277299
B1827361956469N10338857WA0236802371001100036283303
B1827371956470N10338862WA0236902371001100034286311
B1827381956472N10338867WA0236602369001100033293326
B1827391956475N10338871WA0236502368001100033302332
B1827401956478N10338876WA0236402366001100037309335
B1827411956483N10338880WA0236402366001100036317344
B1827421956487N10338883WA0236502365001100033323349
B1827431956492N10338885WA0236402365001100030333350
B1827441956496N10338886WA0236302364001100030346353
B1827451956501N10338885WA0236302363001100031002007
B1827461956506N10338884WA0236402362001100032012022
B1827471956510N10338882WA0236702363001100029020028
B1827481956514N10338879WA0236802363001100026028035
B1827491956517N10338877WA0236702362001100025038039
B1827501956520N10338874WA0236702361001100024048043
B1827511956522N10338870WA0236702361001100028057052
B1827521956525N10338866WA0236802362001100027061068
B1827531956526N10338862WA0236902362001100024066056
B1827541956527N10338859WA0236902362001100021073082
B1827551956528N10338856WA0236702362001100022074057
B1827561956529N10338852WA0236502360001100025079077
B1827571956530N10338847WA0236502359001100030081074
B1827581956530N10338842WA0236402359001100027085061
B1827591956530N10338838WA0236302357001100025096059
B1828001956529N10338834WA0236102356001100025101063
B1828011956528N10338830WA0235802355001100028101069
B1828021956528N10338825WA0235602353001100028095053
B1828031956527N10338821WA0235602352001100027092074
B1828041956527N10338817WA0235502351001100026092067
B1828051956527N10338812WA0235402350001100029094085
B1828061956526N10338807WA0235502349001100033097071
B1828071956525N10338802WA0235602350001100034101085
B1828081956524N10338797WA0235702350001100031107088
B1828091956522N10338793WA0235802350001100028118076
B1828101956519N10338789WA0236002350001100028123075
B1828111956517N10338785WA0236002350001100028118073
B1828121956515N10338781WA0236002349001100030110085
B1828131956514N10338776WA0235902349001100033102082
B1828141956513N10338771WA0236002350001100033095077
B1828151956513N10338766WA0236002349001100030094074
B1828161956512N10338761WA0236002348001100028092071
B1828171956512N10338757WA0235802348001100027090069
B1828181956512N10338752WA0235602346001100028092061
B1828191956512N10338747WA0235302344001100030094064
B1828201956511N10338742WA0234902342001100034096065
B1828211956511N10338736WA0234702339001100038095061
B1828221956511N10338729WA0234502337001100040091066
B1828231956511N10338722WA0234402336001100039092067
B1828241956510N10338716WA0234302334001100038099073
B1828251956509N10338710WA0234202333001100038104080
B1828261956507N10338704WA0234002332001100038112112
B1828271956504N10338699WA0233802330001100037122128
B1828281956500N10338695WA0233702328001100038140142
B1828291956494N10338693WA0233402327001100042167153
B1828301956487N10338693WA0233302324001100042176178
B1828311956481N10338694WA0233202323001100041186185
B1828321956475N10338698WA0233202323001100040202197
B1828331956471N10338703WA0233202322001100037219212
B1828341956468N10338709WA0233102321001100038236215
B1828351956465N10338715WA0232902319001100040240225
B1828361956462N10338721WA0232702318001100042240227
B1828371956459N10338727WA0232602316001100043244243
B1828381956457N10338734WA0232402314001100043253251
B1828391956456N10338740WA0232202312001100043263258
B1828401956457N10338748WA0232102310001100045274251
B1828411956459N10338755WA0232002310001100043279254
B1828421956460N10338762WA0232002309001100040276262
B1828431956461N10338768WA0231902309001100039274273
B1828441956462N10338774WA0231702307001100039277274
B1828451956463N10338780WA0231502305001100040284272
B1828461956465N10338787WA0231302302001100044285270
B1828471956467N10338794WA0231102299001100045283273
B1828481956468N10338801WA0230902297001100045281274
B1828491956470N10338808WA0230702296001100044280281
B1828501956471N10338814WA0230502294001100043279277
B1828511956472N10338821WA0230202292001100044280276
B1828521956473N10338828WA0230002289001100046282277
B1828531956475N10338836WA0229902287001100049285273
B1828541956477N10338843WA0229702286001100046285292
B1828551956479N10338850WA0229802285001100045282271
B1828561956480N10338857WA0229802284001100046274262
B1828571956479N10338864WA0230002284001100044263262
B1828581956477N10338871WA0230102284001100042259275
B1828591956476N10338878WA0230202285001100040262276
B1829001956476N10338884WA0230302286001100038271253
B1829011956476N10338889WA0230302287001100038275263
B1829021956477N10338896WA0230302287001100040271275
B1829031956477N10338902WA0230302287001100042273281
B1829041956478N10338908WA0230302287001100042281300
B1829051956479N10338915WA0230202288001100043287316
B1829061956482N10338921WA0230102287001100042294308
B1829071956486N10338925WA0230202289001100043307327
B1829081956492N10338929WA0230402289001100041322329
B1829091956498N10338931WA0230402289001100039334011
B1829101956503N10338932WA0230302290001100032343025
B1829111956507N10338932WA0230102289001100028358021
B1829121956511N10338930WA0229802288001100026017022
B1829131956514N10338926WA0229502287001100029032022
B1829141956518N10338923WA0229402286001100031037029
B1829151956522N10338920WA0229302285001100028039025
B1829161956525N10338917WA0229102284001100026041055
B1829171956527N10338914WA0228902282001100025046044
B1829181956530N10338910WA0228602279001100029055052
B1829191956533N10338906WA0228502277001100031060057
B1829201956534N10338901WA0228402276001100029068076
B1829211956535N10338897WA0228302274001100027080069
B1829221956535N10338893WA0228102273001100023089079
B1829231956535N10338889WA0227902271001100022094090
B1829241956534N10338885WA0227702268001100026099070
B1829251956534N10338881WA0227502265001100030099083
B1829261956533N10338876WA0227502263001100029099078
B1829271956532N10338871WA0227502262001100029097073
B1829281956531N10338867WA0227702260001100027100074
B1829291956530N10338863WA0227902260001100026105078
B1829301956529N10338859WA0227902259001100025103077
B1829311956528N10338855WA0227902259001100025103088
B1829321956527N10338851WA0227902258001100025107089
B1829331956526N10338847WA0227902258001100026105087
B1829341956525N10338843WA0227802257001100027099097
B1829351956524N10338839WA0227702256001100025094086
B1829361956524N10338835WA0227702256001100027098078
B1829371956523N10338831WA0227702256001100028097075
B1829381956523N10338826WA0227902256001100028095052
B1829391956522N10338822WA0228202256001100026087061
B1829401956523N10338818WA0228402257001100023080061
B1829411956524N10338815WA0228602257001100021070062
B1829421956525N10338812WA0228702259001100019070057
B1829431956526N10338809WA0228702259001100019076067
B1829441956526N10338806WA0228702259001100023085062
B1829451956526N10338801WA0228802261001100028087056
B1829461956526N10338797WA0229102262001100028087059
B1829471956527N10338792WA0229502263001100028089049
B1829481956526N10338788WA0229702265001100023095050
B1829491956526N10338785WA0229902267001100019084047
B1829501956527N10338782WA0229902269001100021072066
B1829511956529N10338779WA0230102271001100025059033
B1829521956531N10338776WA0230302274001100027045034
B1829531956535N10338773WA0230402276001100030030024
B1829541956540N10338771WA0230702278001100031017014
B1829551956545N10338771WA0230802280001100034003003
B1829561956550N10338773WA0230902282001100037347354
B1829571956556N10338778WA0231102284001100042320342
B1829581956560N10338784WA0231202287001100043310319
B1829591956563N10338790WA0231502290001100039292311
B1830001956563N10338798WA0231802294001100041268296
B1830011956562N10338805WA0232202298001100038263272
B1830021956561N10338811WA0232502301001100033257268
B1830031956560N10338815WA0232702303001100031258263
B1830041956559N10338820WA0232702305001100031260265
B1830051956558N10338825WA0232602308001100032260266
B1830061956556N10338829WA0232802307001100032246266
B1830071956552N10338833WA0232802308001100031220249
B1830081956548N10338835WA0232902310001100029209216
B1830091956544N10338836WA0233102312001100024194201
B1830101956540N10338836WA0233302315001100022175179
B1830111956537N10338834WA0233602317001100024160151
B1830121956533N10338832WA0233702319001100027153137
B1830131956529N10338830WA0233902322001100027150133
B1830141956526N10338827WA0234102325001100023141130
B1830151956524N10338824WA0234102326001100021121119
B1830161956523N10338821WA0234202327001100020100102
B1830171956523N10338817WA0234102328001100025094086
B1830181956523N10338812WA0234402329001100027091083
B1830191956523N10338808WA0234702331001100026085081
B1830201956524N10338804WA0234802333001100024063077
B1830211956527N10338801WA0235002335001100025048060
B1830221956530N10338799WA0235202337001100026031049
B1830231956534N10338797WA0235202340001100027023036
B1830241956539N10338796WA0235402341001100029005030
B1830251956544N10338797WA0235402342001100036345015
B1830261956550N10338799WA0235702345001100035341355
B1830271956554N10338801WA0236102347001100035333352
B1830281956558N10338805WA0236102350001100030316345
B1830291956560N10338809WA0236202352001100030306331
B1830301956562N10338814WA0236302353001100032293320
B1830311956562N10338820WA0236302354001100035280305
B1830321956563N10338825WA0236602356001100035280289
B1830331956563N10338831WA0236802358001100032271289
B1830341956560N10338835WA0237002360001100029243278
B1830351956557N10338838WA0237302362001100028222241
B1830361956553N10338840WA0237402364001100027202213
B1830371956549N10338841WA0237502366001100027195184
B1830381956545N10338841WA0237402367001100027189174
B1830391956541N10338841WA0237302368001100029179170
B1830401956536N10338841WA0237402366001100032177156
B1830411956531N10338841WA0237402366001100033178152
B1830421956526N10338841WA0237602367001100033171155
B1830431956521N10338839WA0237802369001100031161144
B1830441956517N10338837WA0237802370001100029147133
B1830451956514N10338833WA0237802372001100028133125
B1830461956513N10338829WA0237802372001100027117113
B1830471956513N10338824WA0237702371001100027084100
B1830481956515N10338819WA0237602372001100028069077
B1830491956519N10338816WA0237502371001100033039066
B1830501956524N10338812WA0237502370001100037033042
B1830511956530N10338810WA0237502371001100039020036
B1830521956536N10338811WA0237602372001100039004025
B1830531956542N10338813WA0237702372001100035338011
B1830541956546N10338817WA0237802373001100035326349
B1830551956550N10338821WA0237902373001100033318336
B1830561956552N10338826WA0238002374001100032305329
B1830571956554N10338831WA0238202376001100031294315
B1830581956555N10338836WA0238302378001100027285302
B1830591956554N10338841WA0238302380001100026255292
B1831001956552N10338845WA0238202380001100025244252
B1831011956550N10338849WA0238102380001100028239235
B1831021956547N10338853WA0238002379001100033233230
B1831031956542N10338858WA0238102379001100036225225
B1831041956538N10338862WA0238102379001100035216216
B1831051956533N10338865WA0238202381001100033208205
B1831061956528N10338866WA0238402382001100032199196
B1831071956523N10338867WA0238702383001100037190186
B1831081956517N10338868WA0238602384001100039188171
B1831091956511N10338869WA0238702385001100038184173
B1831101956505N10338869WA0238702385001100035177167
B1831111956501N10338868WA0238802386001100032166160
B1831121956497N10338866WA0238402386001100028152149
B1831131956494N10338862WA0238302386001100026137137
B1831141956493N10338857WA0238102385001100028106124
B1831151956493N10338852WA0238002384001100027097100
B1831161956495N10338847WA0237902383001100025074093
B1831171956498N10338842WA0237602381001100026056075
B1831181956503N10338839WA0237602380001100031036061
B1831191956508N10338837WA0237402379001100032021043
B1831201956513N10338836WA0237702378001100033013030
B1831211956518N10338835WA0237802378001100029012022
B1831221956522N10338836WA0237702377001100025003023
B1831231956526N10338837WA0237602377001100023353016
B1831241956530N10338839WA0237302376001100024340008
B1831251956533N10338844WA0237302374001100031311354
B1831261956536N10338850WA0237502374001100036289319
B1831271956537N10338857WA0237602373001100039285293
B1831281956538N10338863WA0237802373001100037280287
B1831291956539N10338868WA0237902374001100032276282
B1831301956539N10338873WA0237902374001100031277276
B1831311956540N10338878WA0237802373001100034276277
B1831321956540N10338884WA0237702372001100035267276
B1831331956538N10338890WA0237702372001100035250265
B1831341956536N10338895WA0237802371001100034239245
B1831351956532N10338899WA0237802372001100033229233
B1831361956528N10338903WA0238002372001100030221220
B1831371956525N10338905WA0237902372001100028213211
B1831381956521N10338906WA0237702371001100025198201
B1831391956517N10338905WA0237502371001100026178185
B1831401956512N10338901WA0237302370001100030148165
B1831411956509N10338896WA0237202369001100031127139
B1831421956508N10338890WA0237102367001100032098121
B1831431956508N10338884WA0237102366001100033086096
B1831441956509N10338879WA0237102366001100031073086
B1831451956511N10338874WA0237102366001100031065076
B1831461956514N10338870WA0237302366001100027051069
B1831471956518N10338868WA0237202365001100025025058
B1831481956522N10338868WA0237102364001100026359035
B1831491956526N10338868WA0237002364001100027346011
B1831501956530N10338870WA0236902363001100032332358
B1831511956534N10338877WA0236802362001100042302341
B1831521956537N10338884WA0236802361001100043293306
B1831531956538N10338892WA0236902362001100045282295
B1831541956539N10338900WA0237002363001100045282283
B1831551956541N10338907WA0237002364001100044290271
B1831561956544N10338914WA0237002364001100045293277
B1831571956546N10338920WA0237002363001100043286282
B1831581956547N10338928WA0236902363001100043278280
B1831591956547N10338935WA0236902363001100045270273
B1832001956547N10338942WA0237002362001100044270268
B1832011956547N10338950WA0237002362001100044271264
B1832021956547N10338957WA0237002362001100044269269
B1832031956547N10338964WA0237002362001100044268268
B1832041956547N10338971WA0236902361001100044268268
B1832051956547N10338978WA0236902361001100047270267
B1832061956547N10338986WA0236802360001100049270264
B1832071956547N10338994WA0236802360001100048267257
B1832081956546N10339002WA0236902360001100046264273
B1832091956546N10339009WA0236902360001100046266268
B1832101956545N10339017WA0236902361001100046268258
B1832111956545N10339024WA0237002361001100042268282
B1832121956545N10339030WA0237002361001100038266259
B1832131956544N10339036WA0237002361001100038266272
B1832141956544N10339043WA0236802361001100042265260
B1832151956543N10339050WA0236502361001100045264262
B1832161956543N10339057WA0236402360001100046265266
B1832171956542N10339065WA0236302360001100046267266
B1832181956542N10339072WA0236202359001100044267266
B1832191956542N10339079WA0236302359001100041268268
B1832201956542N10339086WA0236102357001100041269253
B1832211956542N10339092WA0235902356001100038272271
B1832221956542N10339099WA0235702353001100041270266
B1832231956542N10339105WA0235502351001100042272281
B1832241956542N10339112WA0235402349001100044276271
B1832251956543N10339119WA0235402348001100045279282
B1832261956544N10339126WA0235502346001100040277251
B1832271956545N10339132WA0235402345001100038278262
B1832281956546N10339138WA0235402343001100037280271
B1832291956547N10339144WA0235102342001100038282273
B1832301956549N10339150WA0234802340001100043280274
B1832311956550N10339157WA0234602338001100047278276
B1832321956551N10339164WA0234402336001100044278262
B1832331956552N10339171WA0234302334001100040277259
B1832341956552N10339177WA0234302333001100035275280
B1832351956553N10339182WA0234002332001100033278277
B1832361956554N10339187WA0233602329001100033283277
B1832371956556N10339192WA0233302327001100037288284
B1832381956558N10339199WA0233302324001100043290294
B1832391956560N10339205WA0233202323001100043291283
B1832401956563N10339211WA0233302321001100041295278
B1832411956566N10339216WA0233202321001100038300288
B1832421956569N10339222WA0233102320001100037293274
B1832431956571N10339228WA0233002318001100040289278
B1832441956573N10339234WA0232902318001100042286273
B1832451956575N10339240WA0232802318001100042286281
B1832461956577N10339247WA0232702317001100040287283
B1832471956579N10339252WA0232602316001100038291295
B1832481956581N10339258WA0232502314001100038297313
B1832491956584N10339263WA0232302312001100041300322
B1832501956588N10339269WA0232102312001100045305334
B1832511956592N10339275WA0232002312001100043306323
B1832521956596N10339280WA0232102311001100040307333
B1832531956600N10339284WA0232002310001100038313349
B1832541956604N10339286WA0231802308001100032324356
B1832551956608N10339287WA0231502307001100029336356
B1832561956612N10339287WA0231102304001100026351020
B1832571956616N10339286WA0230702303001100025000034
B1832581956618N10339282WA0230402301001100022041041
B1832591956619N10339277WA0230102298001100024085066
B1833001956618N10339273WA0230002297001100026110092
B1833011956616N10339268WA0229802295001100027118112
B1833021956613N10339264WA0229702293001100026127113
B1833031956610N10339261WA0229502292001100027125117
B1833041956608N10339257WA0229202289001100030126122
B1833051956605N10339253WA0229102287001100031130108
B1833061956602N10339249WA0229102285001100030130113
B1833071956599N10339245WA0229102284001100025130101
B1833081956596N10339242WA0229102284001100022130103
B1833091956594N10339239WA0229002283001100023126098
B1833101956592N10339236WA0228702281001100027123099
B1833111956589N10339232WA0228702279001100029122112
B1833121956587N10339228WA0228702278001100029124112
B1833131956584N10339224WA0228802277001100027130114
B1833141956581N10339221WA0228802277001100027138120
B1833151956577N10339219WA0228902277001100027151095
B1833161956574N10339218WA0228802277001100026155124
B1833171956570N10339216WA0228802276001100026150124
B1833181956566N10339213WA0228602275001100028149114
B1833191956562N10339211WA0228602274001100029150122
B1833201956559N10339209WA0228602273001100028147116
B1833211956555N10339206WA0228602272001100028135113
B1833221956552N10339203WA0228402271001100029131108
B1833231956550N10339199WA0228402270001100029124100
B1833241956548N10339195WA0228302270001100030110097
B1833251956547N10339190WA0228502269001100032098094
B1833261956546N10339184WA0228602268001100032094086
B1833271956546N10339179WA0228802268001100030093085
B1833281956546N10339175WA0229002271001100023101086
B1833291956545N10339172WA0229002271001100023101084
B1833301956545N10339168WA0229002271001100024095091
B1833311956545N10339164WA0229002271001100026088087
B1833321956545N10339160WA0229102272001100026087072
B1833331956545N10339156WA0229002273001100024089089
B1833341956546N10339152WA0229102273001100022088077
B1833351956546N10339149WA0229102274001100023086068
B1833361956546N10339145WA0228702274001100023085075
B1833371956546N10339141WA0228502272001100024089074
B1833381956547N10339137WA0228202271001100028090067
B1833391956547N10339131WA0227902267001100033090066
B1833401956547N10339126WA0227702264001100035089066
B1833411956547N10339120WA0227602263001100033088069
B1833421956547N10339115WA0227402261001100032090064
B1833431956547N10339110WA0227402260001100033089063
B1833441956547N10339105WA0227202258001100032089070
B1833451956548N10339099WA0227002257001100032086073
B1833461956548N10339094WA0226902254001100033084068
B1833471956549N10339089WA0226702253001100035084074
B1833481956549N10339083WA0226502251001100034087066
B1833491956549N10339078WA0226502250001100033090067
B1833501956549N10339073WA0226302248001100031093076
B1833511956549N10339067WA0226302248001100033089056
B1833521956550N10339062WA0226202248001100032083065
B1833531956550N10339057WA0226302247001100031079061
B1833541956551N10339053WA0226402247001100028075062
B1833551956552N10339049WA0226402247001100026081073
B1833561956552N10339044WA0226402246001100028091075
B1833571956552N10339039WA0226502246001100032094066
B1833581956552N10339034WA0226702246001100033093065
B1833591956552N10339029WA0227002246001100032087062
B1834001956552N10339024WA0227202246001100028085065
B1834011956553N10339021WA0227202247001100025078073
B1834021956554N10339017WA0227302247001100026080072
B1834031956555N10339013WA0227202248001100028082077
B1834041956556N10339008WA0227302248001100030091072
B1834051956555N10339003WA0227602249001100032091071
B1834061956556N10338999WA0227802251001100029086077
B1834071956556N10338995WA0227902253001100025082076
B1834081956557N10338991WA0227902254001100027086091
B1834091956556N10338987WA0227902254001100029096104
B1834101956555N10338983WA0227902255001100029108117
B1834111956551N10338980WA0227702255001100029137121
B1834121956546N10338979WA0227602256001100030152136
B1834131956541N10338978WA0227302257001100032165142
B1834141956535N10338978WA0227202256001100036175165
B1834151956529N10338978WA0226802256001100037179189
B1834161956523N10338981WA0226402254001100040197194
B1834171956517N10338985WA0226402254001100041208202
B1834181956513N10338992WA0226502256001100043231218
B1834191956510N10339000WA0226602257001100044250229
B1834201956509N10339008WA0226702258001100046265239
B1834211956509N10339016WA0226802265001100046268265
B1834221956510N10339024WA0227002269001100049271243
B1834231956510N10339032WA0227302271001100049274279
B1834241956511N10339040WA0227602274001100047284305
B1834251956514N10339046WA0227802276001100047298299
B1834261956518N10339051WA0227702277001100044313318
B1834271956524N10339054WA0227802279001100043325341
B1834281956530N10339057WA0227902280001100040336345
B1834291956535N10339059WA0228002281001100036345003
B1834301956540N10339059WA0228202282001100032352030
B1834311956545N10339058WA0228302283001100029001038
B1834321956548N10339053WA0228302284001100031042062
B1834331956550N10339047WA0228502285001100032077087
B1834341956549N10339042WA0228402287001100033099108
B1834351956547N10339037WA0228702286001100033119129
B1834361956543N10339035WA0228902287001100027142142
B1834371956538N10339037WA0229102289001100022181155
B1834381956534N10339042WA0229302291001100022226176
B1834391956533N10339048WA0229402293001100033258218
B1834401956532N10339055WA0229502294001100035271265
B1834411956534N10339061WA0229602295001100037296278
B1834421956537N10339066WA0229602297001100042307312
B1834431956542N10339070WA0229702298001100039316322
B1834441956548N10339072WA0229902300001100039340338
B1834451956553N10339074WA0230202301001100036348000
B1834461956558N10339073WA0230402302001100030002009
B1834471956562N10339071WA0230402303001100029016021
B1834481956566N10339068WA0230602304001100028030032
B1834491956569N10339064WA0230802305001100030042055
B1834501956572N10339059WA0231102306001100032052060
B1834511956574N10339053WA0231302309001100032062079
B1834521956576N10339049WA0231502311001100031067078
B1834531956577N10339044WA0231602311001100030074096
B1834541956578N10339039WA0231802312001100029084091
B1834551956577N10339035WA0231902313001100029105098
B1834561956574N10339030WA0232102315001100030122117
B1834571956570N10339026WA0232502317001100035134116
B1834581956566N10339022WA0232802318001100035143155
B1834591956561N10339020WA0233002320001100034155171
B1835001956556N10339020WA0233002321001100036178164
B1835011956550N10339022WA0233002323001100038190184
B1835021956544N10339025WA0233002324001100041201198
B1835031956539N10339030WA0233002322001100041220220
B1835041956536N10339036WA0232902320001100042241235
B1835051956533N10339043WA0232802319001100047252246
B1835061956531N10339050WA0232902319001100047255270
B1835071956530N10339057WA0233202320001100045265287
B1835081956531N10339065WA0233502320001100045274305
B1835091956534N10339071WA0233702322001100042290310
B1835101956538N10339074WA0233802324001100036312324
B1835111956545N10339076WA0234102324001100035345334
B1835121956551N10339076WA0234402326001100035358008
B1835131956555N10339074WA0234602328001100030027024
B1835141956559N10339071WA0234702330001100031035044
B1835151956563N10339067WA0235002334001100034043044
B1835161956567N10339063WA0235302339001100038048064
B1835171956570N10339058WA0235502342001100036060082
B1835181956571N10339052WA0235802345001100037084087
B1835191956570N10339047WA0235902347001100038102108
B1835201956566N10339042WA0236002349001100037129116
B1835211956561N10339038WA0236402351001100039142140
B1835221956555N10339038WA0236602353001100035169170
B1835231956549N10339039WA0236802356001100038186174
B1835241956544N10339042WA0236602358001100035199191
B1835251956542N10339048WA0236502357001100034237200
B1835261956539N10339053WA0236502358001100037241232
B1835271956536N10339059WA0236602359001100039245235
B1835281956534N10339067WA0236602361001100042252246
B1835291956533N10339074WA0236702362001100043259263
B1835301956532N10339082WA0237002364001100045268279
B1835311956533N10339090WA0237202365001100046278290
B1835321956535N10339097WA0237202367001100048287315
B1835331956539N10339104WA0237402369001100046302312
B1835341956545N10339108WA0237602370001100043314327
B1835351956551N10339110WA0237802373001100041340346
B1835361956557N10339111WA0238102375001100040347005
B1835371956563N10339111WA0238402377001100038359007
B1835381956569N10339110WA0238602378001100036006029
B1835391956574N10339107WA0239002380001100034019032
B1835401956577N10339102WA0239302384001100033049040
B1835411956580N10339097WA0239402387001100033059064
B1835421956582N10339092WA0239702389001100034064051
B1835431956584N10339086WA0239802391001100035068077
B1835441956586N10339081WA0239902393001100035076083
B1835451956586N10339075WA0240202395001100035086099
B1835461956586N10339069WA0240402397001100035097106
B1835471956582N10339064WA0240502398001100038121132
B1835481956579N10339060WA0240902400001100038130121
B1835491956574N10339056WA0241202403001100037141158
B1835501956569N10339055WA0241402406001100033168176
B1835511956564N10339055WA0241502409001100034177179
B1835521956559N10339056WA0241402410001100036189189
B1835531956554N10339060WA0241302412001100038205200
B1835541956549N10339064WA0241202413001100037213212
B1835551956546N10339069WA0241202414001100037226228
B1835561956545N10339075WA0241102414001100039253228
B1835571956544N10339082WA0241202415001100041259257
B1835581956543N10339089WA0241502418001100040263269
B1835591956543N10339095WA0241702419001100038270271
B1836001956544N10339101WA0241802420001100036276293
B1836011956546N10339107WA0241802421001100038294299
B1836021956549N10339113WA0242002421001100042300322
B1836031956553N10339118WA0242102422001100039310339
B1836041956559N10339120WA0242402423001100037339338
B1836051956565N10339120WA0242402424001100038355002
B1836061956571N10339119WA0242802425001100038008018
B1836071956576N10339116WA0243102426001100036016030
B1836081956581N10339113WA0243402429001100034032044
B1836091956585N10339108WA0243402431001100033045062
B1836101956587N10339103WA0243602432001100034059067
B1836111956589N10339097WA0243902434001100034070095
B1836121956589N10339091WA0244202436001100034095101
B1836131956586N10339086WA0244402437001100032116115
B1836141956583N10339082WA0244602438001100031126131
B1836151956579N10339079WA0244702440001100032144145
B1836161956574N10339077WA0244902442001100033153156
B1836171956568N10339078WA0244902444001100035175169
B1836181956562N10339081WA0244802446001100038199186
B1836191956557N10339086WA0244802447001100039214202
B1836201956553N10339092WA0244802448001100040232217
B1836211956550N10339098WA0244802449001100040239235
B1836221956550N10339105WA0244802451001100038263242
B1836231956551N10339111WA0244802452001100038275267
B1836241956552N10339118WA0244902452001100041283281
B1836251956555N10339124WA0244802453001100042291296
B1836261956559N10339129WA0244902454001100040301300
B1836271956563N10339134WA0245102455001100040309317
B1836281956568N10339138WA0245202456001100040318335
B1836291956573N10339142WA0245402458001100040325341
B1836301956579N10339144WA0245602459001100039339351
B1836311956585N10339145WA0245702461001100037352003
B1836321956590N10339142WA0245902462001100035023015
B1836331956594N10339137WA0246002463001100036055045
B1836341956595N10339131WA0246202464001100038080069
B1836351956594N10339126WA0246302465001100034108087
B1836361956590N10339122WA0246602467001100034134112
B1836371956586N10339120WA0246902470001100030141133
B1836381956583N10339118WA0247202472001100026154144
B1836391956579N10339117WA0247302473001100026165158
B1836401956575N10339117WA0247402474001100028174169
B1836411956570N10339117WA0247402476001100032179185
B1836421956564N10339120WA0247402477001100036195195
B1836431956559N10339123WA0247602478001100036208207
B1836441956555N10339127WA0247602479001100034218219
B1836451956552N10339131WA0247702480001100033231225
B1836461956549N10339136WA0247802481001100033240231
B1836471956547N10339141WA0247902482001100036243247
B1836481956545N10339147WA0248002483001100038249252
B1836491956543N10339153WA0248002484001100040256261
B1836501956542N10339160WA0248002485001100040263277
B1836511956543N10339167WA0248202486001100042273292
B1836521956545N10339173WA0248502489001100041281303
B1836531956547N10339180WA0248702491001100041286330
B1836541956549N10339185WA0248902491001100040294323
B1836551956553N10339190WA0249002492001100043305316
B1836561956558N10339193WA0248902492001100038318328
B1836571956563N10339195WA0249002494001100037327342
B1836581956569N10339196WA0249202496001100035341348
B1836591956575N10339196WA0249302497001100034359359
B1837001956580N10339194WA0249502498001100032018015
B1837011956584N10339191WA0249502499001100029031030
B1837021956587N10339188WA0249502499001100028038043
B1837031956591N10339184WA0249502499001100030048054
B1837041956593N10339180WA0249502499001100031058061
B1837051956595N10339175WA0249502500001100030068071
B1837061956596N10339171WA0249502500001100028078091
B1837071956596N10339167WA0249602500001100026091092
B1837081956595N10339163WA0249702501001100026107096
B1837091956593N10339159WA0249702501001100026118125
B1837101956591N10339155WA0249802502001100026127108
B1837111956588N10339152WA0249902503001100026137119
B1837121956585N10339150WA0249802503001100028146137
B1837131956581N10339148WA0249902502001100031158141
B1837141956576N10339146WA0249902502001100033167161
B1837151956571N10339146WA0249802503001100035178184
B1837161956566N10339147WA0249902503001100036189189
B1837171956560N10339150WA0250002503001100038204204
B1837181956555N10339153WA0250002503001100038212215
B1837191956551N10339157WA0250002503001100038222226
B1837201956548N10339162WA0250102504001100037230240
B1837211956546N10339168WA0250302504001100036241249
B1837221956545N10339175WA0250202505001100038256270
B1837231956544N10339181WA0250302505001100038267285
B1837241956546N10339188WA0250502505001100042283300
B1837251956550N10339194WA0250502507001100043295312
B1837261956556N10339199WA0250702514001100048318321
B1837271956561N10339203WA0251102516001100044329328
B1837281956567N10339206WA0251302519001100041334337
B1837291956572N10339208WA0251502521001100037338002
B1837301956577N10339209WA0251602522001100035344014
B1837311956582N10339210WA0251602523001100033351018
B1837321956587N10339210WA0251602523001100032357022
B1837331956590N10339206WA0251702523001100028031023
B1837341956593N10339202WA0251802524001100030054053
B1837351956595N10339197WA0251802526001100028065075
B1837361956596N10339193WA0251702526001100028073092
B1837371956595N10339189WA0251702526001100025086098
B1837381956593N10339186WA0251602526001100022107104
B1837391956588N10339184WA0251502526001100026151112
B1837401956583N10339182WA0251502524001100030155134
B1837411956578N10339180WA0251802526001100031150128
B1837421956573N10339177WA0251902527001100028142132
B1837431956570N10339174WA0251902528001100027144122
B1837441956566N10339172WA0251702528001100027140127
B1837451956563N10339169WA0251402529001100029140121
B1837461956559N10339166WA0251102528001100030141126
B1837471956554N10339161WA0250902527001100036133130
B1837481956550N10339156WA0250602525001100040130125
B1837491956546N10339150WA0250402522001100042127122
B1837501956542N10339145WA0250202521001100040127121
B1837511956538N10339140WA0250102519001100036129122
B1837521956535N10339136WA0249902516001100035124123
B1837531956532N10339131WA0249702512001100037119119
B1837541956529N10339125WA0249302509001100040113115
B1837551956527N10339119WA0249202507001100042108110
B1837561956525N10339112WA0249102505001100042106106
B1837571956524N10339105WA0249002503001100040101104
B1837581956523N10339099WA0248902502001100037096100
B1837591956522N10339094WA0248802501001100035099096
B1838001956522N10339088WA0248502498001100035101098
B1838011956521N10339083WA0248202494001100036102101
B1838021956520N10339077WA0248002491001100038100101
B1838031956518N10339071WA0247802488001100040101099
B1838041956517N10339064WA0247702486001100040105100
B1838051956515N10339058WA0247602485001100039109104
B1838061956513N10339052WA0247402483001100039109107
B1838071956512N10339046WA0247402482001100039104108
B1838081956510N10339040WA0247302480001100039101103
B1838091956509N10339034WA0247102478001100039101100
B1838101956508N10339027WA0247202477001100041104100
B1838111956506N10339021WA0247102476001100040105103
B1838121956504N10339015WA0247002474001100039105105
B1838131956503N10339009WA0246902473001100039104104
B1838141956501N10339003WA0246802472001100039104103
B1838151956500N10338997WA0246802470001100040106104
B1838161956498N10338991WA0246502469001100040108105
B1838171956496N10338985WA0246502467001100041109107
B1838181956494N10338978WA0246402465001100041109108
B1838191956492N10338972WA0246302464001100041106108
B1838201956490N10338966WA0246202463001100040104105
B1838211956489N10338960WA0246102462001100039103103
B1838221956487N10338954WA0246002461001100039105103
B1838231956486N10338948WA0245902459001100039108104
B1838241956484N10338942WA0245802458001100039107107
B1838251956482N10338936WA0245702457001100039104106
B1838261956481N10338930WA0245602455001100039101103
B1838271956480N10338924WA0245502454001100039101101
B1838281956478N10338918WA0245402452001100039103101
B1838291956477N10338912WA0245302450001100038107103
B1838301956475N10338907WA0245102449001100038109106
B1838311956473N10338901WA0244902448001100038112108
B1838321956471N10338895WA0244802446001100038116111
B1838331956468N10338890WA0244702444001100037116114
B1838341956466N10338885WA0244602443001100037113114
B1838351956464N10338879WA0244502442001100037109111
B1838361956462N10338874WA0244402440001100037109108
B1838371956460N10338868WA0244202439001100037111108
B1838381956458N10338863WA0244102437001100037114110
B1838391956456N10338857WA0244002436001100037114112
B1838401956453N10338852WA0243902435001100038112112
B1838411956451N10338846WA0243902434001100038109110
B1838421956450N10338840WA0243802433001100038105108
B1838431956448N10338835WA0243702433001100037100105
B1838441956448N10338829WA0243602432001100036094100
B1838451956448N10338823WA0243602431001100036087094
B1838461956448N10338817WA0243502429001100036083088
B1838471956449N10338812WA0243502429001100036080084
B1838481956450N10338806WA0243502428001100036075082
B1838491956452N10338800WA0243402428001100037067077
B1838501956455N10338795WA0243402427001100037058070
B1838511956458N10338790WA0243402427001100039052062
B1838521956462N10338785WA0243502427001100039049056
B1838531956466N10338781WA0243602427001100036047053
B1838541956469N10338778WA0243702427001100032041052
B1838551956473N10338775WA0243502426001100031039047
B1838561956476N10338772WA0243202426001100033038045
B1838571956480N10338769WA0242902424001100035039044
B1838581956484N10338765WA0242802422001100037045045
B1838591956489N10338761WA0242802421001100037046050
B1839001956492N10338756WA0242902421001100037046051
B1839011956496N10338753WA0243002421001100033045051
B1839021956499N10338750WA0243002422001100028048045
B1839031956501N10338746WA0243002421001100028058049
B1839041956503N10338742WA0243002421001100030064057
B1839051956505N10338738WA0243002421001100030063062
B1839061956506N10338734WA0243002421001100028060062
B1839071956508N10338730WA0242902421001100026059062
B1839081956510N10338727WA0242802420001100027059062
B1839091956512N10338723WA0242602419001100029059061
B1839101956515N10338719WA0242402417001100033056061
B1839111956518N10338714WA0242302416001100035052058
B1839121956521N10338710WA0242402415001100035049056
B1839131956525N10338706WA0242402416001100033046053
B1839141956528N10338703WA0242402416001100030042050
E183914TPCWaypoint Tapalpa reached
B1839151956531N10338700WA0242202416001100030039047
B1839161956535N10338697WA0242002415001100031036045
B1839171956539N10338694WA0242002413001100034032042
B1839181956544N10338691WA0241902412001100034033038
B1839191956548N10338688WA0241902412001100034036039
B1839201956552N10338684WA0241802412001100031039042
B1839211956555N10338681WA0241702412001100030038045
B1839221956559N10338678WA0241602410001100032035044
B1839231956563N10338675WA0241402409001100035032042
B1839241956568N10338672WA0241102407001100038033038
B1839251956573N10338669WA0241002406001100038035038
B1839261956578N10338665WA0241002405001100036035040
B1839271956582N10338662WA0240902404001100034034041
B1839281956586N10338659WA0240802402001100033031040
B1839291956590N10338657WA0240602400001100034031037
B1839301956595N10338654WA0240402399001100036032037
B1839311956600N10338651WA0240302397001100037031038
B1839321956605N10338648WA0240102396001100037027037
B1839331956610N10338645WA0240102395001100036023033
B1839341956615N10338643WA0239902394001100035021029
B1839351956620N10338641WA0239802393001100035022028
B1839361956625N10338639WA0239602391001100036022029
B1839371956630N10338637WA0239402390001100037019029
B1839381956635N10338635WA0239302388001100038015025
B1839391956641N10338634WA0239202387001100037013022
B1839401956646N10338632WA0239102386001100036013020
B1839411956652N10338631WA0239002384001100036014019
B1839421956657N10338629WA0238802383001100036014020
B1839431956662N10338628WA0238702382001100037012021
B1839441956667N10338627WA0238502380001100038010019
B1839451956673N10338626WA0238402379001100038008016
B1839461956679N10338625WA0238302377001100037010015
B1839471956684N10338624WA0238202376001100037010017
B1839481956690N10338623WA0238102375001100037007017
B1839491956695N10338623WA0238002374001100036359014
B1839501956701N10338624WA0237802372001100038348006
B1839511956706N10338626WA0237602370001100039336354
B1839521956711N10338629WA0237502369001100040331342
B1839531956716N10338633WA0237402368001100038326336
B1839541956720N10338637WA0237302366001100036318331
B1839551956723N10338643WA0237102365001100037303323
B1839561956725N10338650WA0236902362001100041290306
B1839571956726N10338657WA0236602361001100044284291
B1839581956726N10338665WA0236402359001100045274282
B1839591956725N10338673WA0236302358001100047268267
B1840001956724N10338681WA0236302357001100045262256
B1840011956723N10338688WA0236202357001100044255254
B1840021956721N10338695WA0236002355001100044252248
B1840031956718N10338702WA0235902352001100044252242
B1840041956716N10338709WA0235702350001100045251242
B1840051956714N10338716WA0235602348001100047249239
B1840061956711N10338722WA0235502346001100046247236
B1840071956708N10338729WA0235402345001100045247235
B1840081956706N10338736WA0235302344001100044248239
B1840091956704N10338742WA0235102342001100042250238
B1840101956702N10338749WA0234902340001100043252245
B1840111956700N10338755WA0234802339001100045253232
B1840121956698N10338762WA0234702338001100047251227
B1840131956695N10338769WA0234702337001100047244221
B1840141956691N10338776WA0234702336001100045237221
B1840151956687N10338781WA0234602336001100044232232
B1840161956683N10338787WA0234602335001100045233234
B1840171956679N10338793WA0234502334001100047236230
B1840181956676N10338799WA0234302333001100048237222
B1840191956672N10338805WA0234302333001100047234212
B1840201956667N10338811WA0234202332001100046229219
B1840211956663N10338817WA0234202332001100045228226
B1840221956658N10338822WA0234102332001100043230226
B1840231956655N10338827WA0234002331001100043234228
B1840241956651N10338833WA0233802329001100042235219
B1840251956647N10338838WA0233602328001100042232218
B1840261956643N10338843WA0233502326001100042227220
B1840271956639N10338848WA0233302324001100043223223
B1840281956634N10338853WA0233102323001100043224230
B1840291956629N10338858WA0233002321001100042230231
B1840301956626N10338863WA0232902319001100041235229
B1840311956622N10338868WA0232702318001100040236225
B1840321956619N10338874WA0232502316001100041234222
B1840331956615N10338879WA0232302313001100043230226
B1840341956611N10338884WA0232102311001100044229223
B1840351956606N10338890WA0231902309001100044228220
B1840361956602N10338895WA0231702308001100043227222
B1840371956598N10338900WA0231602306001100043227222
B1840381956593N10338905WA0231402305001100043227223
B1840391956589N10338910WA0231202303001100043228223
B1840401956585N10338915WA0231002301001100043229221
B1840411956581N10338920WA0230902300001100043228219
B1840421956576N10338925WA0230802299001100043227219
B1840431956572N10338930WA0230702297001100043226218
B1840441956568N10338935WA0230502295001100043225220
B1840451956563N10338940WA0230402293001100043226219
B1840461956559N10338945WA0230202292001100043228208
B1840471956555N10338950WA0230102290001100041231218
B1840481956551N10338955WA0230002289001100039234222
B1840491956548N10338960WA0229902288001100037234228
B1840501956545N10338965WA0229602286001100037234231
B1840511956541N10338970WA0229402284001100039235237
B1840521956538N10338975WA0229202282001100041236228
B1840531956535N10338981WA0229002280001100042236233
B1840541956531N10338986WA0228902278001100040237233
B1840551956528N10338991WA0228802277001100040239235
B1840561956525N10338997WA0228602276001100040244241
B1840571956523N10339003WA0228502275001100040247234
B1840581956521N10339009WA0228502274001100038247244
B1840591956519N10339014WA0228502273001100038249244
B1841001956517N10339020WA0228302271001100039251248
B1841011956515N10339026WA0228102269001100040251230
B1841021956513N10339032WA0228002268001100041247230
B1841031956510N10339038WA0227902266001100042240224
B1841041956507N10339044WA0227902265001100042236233
B1841051956503N10339049WA0228002265001100041234237
B1841061956500N10339054WA0228002265001100040238231
B1841071956497N10339060WA0227902264001100041240228
B1841081956494N10339066WA0227702263001100044241234
B1841091956490N10339072WA0227602261001100045240234
B1841101956487N10339079WA0227502260001100046242222
B1841111956484N10339085WA0227402259001100046243235
B1841121956481N10339092WA0227402259001100044244228
B1841131956478N10339098WA0227402259001100042245229
B1841141956476N10339104WA0227402259001100042247236
B1841151956474N10339110WA0227502258001100044250247
B1841161956472N10339117WA0227602258001100043256245
B1841171956470N10339124WA0227602259001100043260235
B1841181956469N10339130WA0227702259001100042254235
B1841191956467N10339136WA0227902260001100042247224
B1841201956464N10339142WA0228002260001100044240216
B1841211956460N10339148WA0228002261001100043232191
B1841221956456N10339152WA0228202261001100039219186
B1841231956451N10339155WA0228302261001100039210172
B1841241956445N10339155WA0228202261001100035185167
B1841251956441N10339154WA0228502262001100029172150
B1841261956437N10339151WA0228802264001100022155135
B1841271956437N10339147WA0228902265001100019095123
B1841281956439N10339142WA0229102266001100028059087
B1841291956442N10339137WA0229202267001100031050051
B1841301956445N10339133WA0229602270001100029048047
B1841311956448N10339130WA0229802272001100026037046
B1841321956451N10339130WA0229902274001100024352037
B1841331956455N10339131WA0229902275001100026340000
B1841341956458N10339136WA0230002277001100033310347
B1841351956461N10339141WA0230202279001100033297314
B1841361956461N10339147WA0230302281001100034267300
B1841371956458N10339153WA0230302283001100038241264
B1841381956454N10339158WA0230402283001100037223233
B1841391956449N10339161WA0230602285001100036217213
B1841401956445N10339164WA0230802288001100033212206
B1841411956440N10339165WA0230902291001100026204199
B1841421956437N10339165WA0231102293001100022188186
B1841431956433N10339165WA0231002295001100023179166
B1841441956429N10339164WA0231102296001100024162158
B1841451956426N10339162WA0231102298001100022149144
B1841461956425N10339158WA0231002298001100020109132
B1841471956425N10339154WA0231002298001100023074100
B1841481956427N10339151WA0231002298001100026053075
B1841491956430N10339148WA0231102299001100028036059
B1841501956434N10339145WA0231202299001100030023045
B1841511956439N10339144WA0231402300001100030013034
B1841521956444N10339145WA0231502301001100032354026
B1841531956448N10339149WA0231502301001100036325008
B1841541956452N10339154WA0231502303001100035315338
B1841551956454N10339161WA0231902304001100035287326
B1841561956453N10339168WA0232002307001100037258293
B1841571956450N10339174WA0232202309001100036243254
B1841581956446N10339179WA0232202310001100037229234
B1841591956441N10339183WA0232202311001100037216217
B1842001956437N10339186WA0232302312001100034207203
B1842011956432N10339187WA0232402313001100031197192
B1842021956428N10339187WA0232302314001100027181180
B1842031956424N10339185WA0232302315001100025165164
B1842041956421N10339183WA0232302315001100022148145
B1842051956418N10339181WA0232202314001100021151131
B1842061956415N10339180WA0232202314001100024153140
B1842071956412N10339178WA0232002314001100027152127
B1842081956408N10339175WA0232102313001100030152129
B1842091956404N10339173WA0232102313001100029153116
B1842101956400N10339171WA0232102314001100025149121
B1842111956397N10339169WA0232002314001100023135110
B1842121956396N10339166WA0231802313001100022103100
B1842131956397N10339162WA0231702312001100026073080
B1842141956399N10339158WA0231802311001100028044060
B1842151956403N10339156WA0231802310001100028028042
B1842161956408N10339156WA0231802310001100029358030
B1842171956412N10339157WA0231902310001100030343005
B1842181956416N10339159WA0232002309001100029332354
B1842191956420N10339163WA0231902309001100030319344
B1842201956423N10339167WA0231702308001100031310329
B1842211956425N10339171WA0231502307001100034305312
B1842221956428N10339177WA0231402306001100039300309
B1842231956432N10339183WA0231202304001100044298312
B1842241956435N10339189WA0231202304001100044298318
B1842251956438N10339195WA0231102304001100041305325
B1842261956442N10339200WA0231102303001100040312332
B1842271956447N10339203WA0231002302001100035323337
B1842281956452N10339204WA0231002302001100032342345
B1842291956457N10339204WA0231202300001100030356003
B1842301956461N10339203WA0231402301001100028000018
B1842311956465N10339201WA0231602302001100025008028
B1842321956468N10339200WA0231702303001100022018048
B1842331956471N10339198WA0231902304001100020040058
B1842341956472N10339194WA0232002305001100022079076
B1842351956471N10339190WA0231902306001100027112104
B1842361956468N10339186WA0232002306001100026139127
B1842371956465N10339184WA0232002306001100026144147
B1842381956459N10339185WA0232002307001100025166153
B1842391956455N10339188WA0231902309001100024192133
B1842401956452N10339192WA0232002310001100017213158
B1842411956453N10339197WA0232002311001100012246171
B1842421956457N10339202WA0232102311001100018314190
B1842431956463N10339205WA0232302312001100026352342
B1842441956468N10339206WA0232602314001100027000014
B1842451956472N10339207WA0232902315001100023006021
B1842461956474N10339205WA0232902317001100017058028
B1842471956474N10339202WA0233102318001100021087074
B1842481956474N10339199WA0233302319001100022095089
B1842491956474N10339196WA0233502321001100019093108
B1842501956474N10339193WA0233602323001100019105112
B1842511956472N10339191WA0233502324001100020115122
B1842521956469N10339189WA0233202325001100021137127
B1842531956464N10339189WA0232902325001100028172146
B1842541956458N10339192WA0232802325001100035197177
B1842551956452N10339197WA0232602327001100039214201
B1842561956448N10339202WA0232602328001100034226218
B1842571956449N10339207WA0232502329001100029246228
B1842581956450N10339213WA0232602330001100028266248
B1842591956454N10339217WA0232902332001100024301270
B1843001956459N10339221WA0233102333001100022326317
B1843011956463N10339223WA0233202333001100021347348
B1843021956467N10339224WA0233202334001100022001010
B1843031956471N10339224WA0233202334001100023013026
B1843041956475N10339222WA0233502335001100022023034
B1843051956479N10339219WA0233502336001100023046046
B1843061956481N10339215WA0233702338001100026056060
B1843071956484N10339212WA0233802339001100024047070
B1843081956487N10339209WA0233902339001100024047074
B1843091956490N10339205WA0234102339001100026063080
B1843101956491N10339201WA0234102340001100027083096
B1843111956491N10339197WA0234402340001100026095101
B1843121956489N10339193WA0234502342001100025121107
B1843131956487N10339191WA0234602343001100020133123
B1843141956485N10339189WA0234602344001100018151128
B1843151956482N10339189WA0234502344001100020172143
B1843161956477N10339192WA0234202343001100031198161
B1843171956473N10339195WA0233802343001100036212193
B1843181956469N10339201WA0233602344001100040237209
B1843191956466N10339207WA0233702344001100040244237
B1843201956467N10339215WA0233502343001100042260246
B1843211956469N10339220WA0233702345001100034270264
B1843221956472N10339224WA0234102345001100023289276
B1843231956477N10339225WA0234302344001100018323302
B1843241956480N10339226WA0234502345001100016338351
B1843251956483N10339227WA0234402346001100017343002
B1843261956487N10339226WA0234202345001100018351011
B1843271956491N10339226WA0234102345001100020354019
B1843281956496N10339226WA0233902345001100025355036
B1843291956501N10339226WA0233802345001100026005041
B1843301956506N10339225WA0233702346001100026011046
B1843311956509N10339223WA0233602346001100019021050
B1843321956510N10339219WA0233602346001100017082056
B1843331956509N10339215WA0233502345001100021122090
B1843341956507N10339211WA0233402345001100023137118
B1843351956504N10339208WA0233402343001100025148126
B1843361956501N10339206WA0233202341001100027155135
B1843371956497N10339204WA0233102338001100030160133
B1843381956493N10339202WA0233002334001100032160131
B1843391956489N10339200WA0233002333001100033158127
B1843401956484N10339198WA0233102332001100033158136
B1843411956480N10339196WA0233302332001100031156129
B1843421956476N10339194WA0233502333001100028161126
B1843431956473N10339193WA0233602333001100024165134
B1843441956470N10339192WA0233602334001100023172130
B1843451956466N10339192WA0233702334001100026167134
B1843461956462N10339190WA0233602333001100030158136
B1843471956458N10339188WA0233602333001100031151125
B1843481956454N10339185WA0233702333001100030150145
B1843491956450N10339183WA0233902334001100029153134
B1843501956446N10339181WA0233902335001100028158144
B1843511956442N10339180WA0234002335001100028160143
B1843521956438N10339178WA0233902335001100032156146
B1843531956433N10339176WA0234102335001100036158164
B1843541956428N10339174WA0234302336001100033163156
B1843551956424N10339173WA0234502337001100031169180
B1843561956420N10339174WA0234502338001100025191158
B1843571956417N10339174WA0234502338001100026189165
B1843581956413N10339175WA0234202338001100027191148
B1843591956408N10339176WA0234202338001100030183160
B1844001956403N10339175WA0234202339001100032178145
B1844011956399N10339175WA0234302339001100028181137
B1844021956395N10339176WA0234202339001100024182149
B1844031956392N10339176WA0234202339001100022177169
B1844041956388N10339176WA0233902339001100024177158
B1844051956384N10339175WA0233702339001100031179156
B1844061956378N10339176WA0233702339001100036187162
B1844071956372N10339177WA0233902339001100038190149
B1844081956366N10339178WA0234202339001100039190158
B1844091956361N10339179WA0234402340001100036193151
B1844101956356N10339181WA0234402342001100031193164
B1844111956351N10339181WA0234602343001100031186155
B1844121956346N10339182WA0234702344001100032180143
B1844131956341N10339181WA0235002346001100030174137
B1844141956337N10339180WA0235202346001100025166132
B1844151956335N10339177WA0235402348001100020120126
B1844161956334N10339174WA0235502349001100021104098
B1844171956334N10339170WA0235802350001100021101085
B1844181956333N10339167WA0236102353001100019096079
B1844191956333N10339164WA0236302355001100018088072
B1844201956334N10339161WA0236302356001100020078068
B1844211956336N10339159WA0236202355001100018063063
B1844221956340N10339157WA0236202355001100022039054
B1844231956344N10339156WA0236102355001100025021037
B1844241956350N10339157WA0236102356001100028001022
B1844251956355N10339158WA0236002356001100030345006
B1844261956360N10339164WA0235902355001100034311351
B1844271956362N10339170WA0236002355001100035288318
B1844281956362N10339177WA0235902356001100035263292
B1844291956358N10339182WA0235902356001100034233263
B1844301956354N10339186WA0236002356001100032213226
B1844311956349N10339188WA0236102356001100030197202
B1844321956344N10339188WA0236302357001100029185183
B1844331956340N10339188WA0236502359001100028177169
B1844341956336N10339188WA0236602362001100026175160
B1844351956332N10339188WA0236802365001100027176154
B1844361956327N10339187WA0236902366001100029170156
B1844371956323N10339186WA0237002367001100029166147
B1844381956319N10339185WA0237102368001100029168137
B1844391956314N10339184WA0237202369001100029167137
B1844401956310N10339183WA0237302370001100026157121
B1844411956307N10339181WA0237302370001100026143108
B1844421956304N10339177WA0237502371001100026126102
B1844431956303N10339173WA0237402371001100026109084
B1844441956302N10339170WA0237102371001100024097079
B1844451956306N10339167WA0237202371001100023048074
B1844461956309N10339165WA0237202371001100025034038
B1844471956313N10339163WA0237202372001100021022031
B1844481956316N10339163WA0237202372001100019006025
B1844491956319N10339163WA0237002372001100018000015
B1844501956323N10339165WA0236802372001100027339012
B1844511956328N10339168WA0236702371001100033334349
B1844521956332N10339172WA0236602371001100034316341
B1844531956335N10339178WA0236402368001100036301323
B1844541956337N10339184WA0236002367001100034287306
B1844551956334N10339192WA0236102367001100041265292
B1844561956330N10339198WA0236402368001100034252265
B1844571956326N10339201WA0236702367001100025236250
B1844581956322N10339202WA0236802366001100019214229
B1844591956318N10339202WA0236802365001100017190195
B1845001956314N10339201WA0236602365001100019180164
B1845011956310N10339199WA0236502364001100025166157
B1845021956305N10339197WA0236502363001100028154148
B1845031956301N10339194WA0236402363001100027148138
B1845041956299N10339190WA0236302361001100022111133
B1845051956299N10339187WA0236102359001100022072101
B1845061956302N10339183WA0235902356001100026042071
B1845071956305N10339180WA0235702354001100029030048
B1845081956309N10339178WA0235502353001100031020038
B1845091956314N10339177WA0235402352001100032013028
B1845101956318N10339175WA0235302350001100032010016
B1845111956323N10339174WA0235002347001100033008011
B1845121956328N10339173WA0234702344001100036006004
B1845131956334N10339172WA0234502341001100039007002
B1845141956340N10339171WA0234302339001100040009000
B1845151956345N10339170WA0234202338001100039010357
B1845161956351N10339169WA0234202337001100035011004
B1845171956356N10339168WA0234102336001100036008004
B1845181956361N10339167WA0233802334001100039006003
B1845191956368N10339166WA0233602332001100042004352
B1845201956374N10339166WA0233402329001100044005357
B1845211956381N10339166WA0233402328001100043001354
B1845221956387N10339166WA0233302327001100040356001
B1845231956393N10339166WA0233102326001100038354348
B1845241956398N10339167WA0233102324001100038355355
B1845251956404N10339167WA0232902322001100042355351
B1845261956411N10339168WA0232902322001100044353347
B1845271956417N10339169WA0233002321001100042351350
B1845281956423N10339170WA0233002321001100037348338
B1845291956428N10339172WA0232902320001100035346350
B1845301956433N10339173WA0232602319001100035346345
B1845311956438N10339176WA0232502318001100038341355
B1845321956444N10339178WA0232502316001100041340347
B1845331956449N10339180WA0232602315001100039340000
B1845341956454N10339183WA0232802315001100037335347
B1845351956459N10339186WA0232802314001100033333355
B1845361956464N10339188WA0232802314001100036337339
B1845371956469N10339191WA0232802313001100042339320
B1845381956475N10339193WA0232902313001100044338324
B1845391956481N10339196WA0233102313001100044335345
B1845401956487N10339200WA0233502314001100042330348
B1845411956492N10339203WA0233702315001100040330007
B1845421956497N10339206WA0233902317001100037335356
B1845431956502N10339207WA0234002318001100037343011
B1845441956508N10339208WA0234202319001100038355004
B1845451956513N10339207WA0234502321001100037002018
B1845461956518N10339207WA0234802323001100032002030
B1845471956522N10339206WA0234902325001100027010032
B1845481956526N10339205WA0234902326001100028014054
B1845491956530N10339203WA0234902327001100026023060
B1845501956533N10339200WA0234902328001100028042071
B1845511956534N10339195WA0235002332001100027075094
B1845521956533N10339191WA0235202334001100022105117
B1845531956532N10339188WA0235202334001100018114136
B1845541956528N10339188WA0235102335001100017158144
B1845551956523N10339190WA0235102338001100020186171
B1845561956519N10339196WA0235102341001100023224194
B1845571956517N10339200WA0235302344001100016244229
B1845581956519N10339207WA0235402345001100023279244
B1845591956522N10339211WA0235502347001100023301293
B1846001956527N10339213WA0235602349001100023352318
B1846011956532N10339214WA0235702349001100022005013
B1846021956535N10339215WA0235802350001100023009024
B1846031956540N10339215WA0235702350001100026013027
B1846041956544N10339213WA0235802350001100029026026
B1846051956548N10339211WA0235902351001100030036033
B1846061956552N10339208WA0236002351001100028044018
B1846071956555N10339205WA0236002352001100024047051
B1846081956557N10339203WA0235802352001100024048058
B1846091956560N10339200WA0235602351001100024050073
B1846101956562N10339197WA0235402352001100026064080
B1846111956562N10339192WA0235102351001100027096093
B1846121956560N10339188WA0235002351001100029123110
B1846131956557N10339184WA0235002351001100029126107
B1846141956554N10339181WA0235102351001100029129108
B1846151956550N10339177WA0235202351001100028132110
B1846161956547N10339174WA0235202351001100028137129
B1846171956544N10339172WA0235102351001100030146153
B1846181956539N10339170WA0235002351001100032153167
B1846191956533N10339169WA0235002351001100040169191
B1846201956527N10339170WA0235002350001100044184213
B1846211956520N10339173WA0234902351001100043208226
B1846221956515N10339178WA0234902351001100043217242
B1846231956512N10339182WA0234802351001100034222248
B1846241956511N10339187WA0234802351001100027235251
B1846251956514N10339194WA0234902350001100029267256
B1846261956518N10339199WA0234902351001100028288284
B1846271956523N10339203WA0234802350001100026311305
B1846281956530N10339204WA0234902350001100028355330
B1846291956536N10339204WA0235002351001100029004016
B1846301956541N10339203WA0235002349001100028016027
B1846311956546N10339202WA0235302349001100025025017
B1846321956549N10339199WA0235202350001100024044032
B1846331956551N10339196WA0235102350001100023057057
B1846341956552N10339193WA0234902350001100022068054
B1846351956553N10339190WA0234502349001100022068062
B1846361956554N10339186WA0234502348001100025072064
B1846371956555N10339181WA0234702348001100027075052
B1846381956556N10339176WA0234902347001100027076068
B1846391956557N10339172WA0234902347001100025077069
B1846401956557N10339168WA0234902348001100024076075
B1846411956558N10339164WA0234902347001100028082089
B1846421956558N10339159WA0234902346001100032091116
B1846431956557N10339154WA0235102347001100031100123
B1846441956554N10339149WA0235202348001100032130143
B1846451956549N10339147WA0235102347001100033156157
B1846461956544N10339147WA0235002347001100036179179
B1846471956538N10339150WA0234802348001100037207197
B1846481956534N10339154WA0234602348001100038222216
B1846491956532N10339160WA0234302348001100034243232
B1846501956533N10339165WA0234402347001100031272250
B1846511956534N10339170WA0234402348001100033289283
B1846521956539N10339174WA0234602349001100032317299
B1846531956544N10339176WA0234802350001100034334333
B1846541956549N10339179WA0235002350001100033340347
B1846551956554N10339180WA0235202351001100028344349
B1846561956558N10339182WA0235202351001100026352027
B1846571956562N10339182WA0235202348001100026003023
B1846581956566N10339181WA0235102348001100025017039
B1846591956569N10339176WA0235202347001100031051047
B1847001956571N10339172WA0235302348001100032058070
B1847011956572N10339166WA0235302350001100031087077
B1847021956571N10339162WA0235402349001100030100096
B1847031956569N10339157WA0235302349001100029114106
B1847041956564N10339154WA0235202349001100034139117
B1847051956558N10339153WA0235302349001100034157138
B1847061956552N10339156WA0235302350001100033191154
B1847071956546N10339162WA0235202351001100038221186
B1847081956543N10339168WA0235202352001100039237219
B1847091956543N10339174WA0235302351001100037265237
B1847101956544N10339180WA0235402352001100036279269
B1847111956547N10339185WA0235602351001100034300286
B1847121956551N10339187WA0235502352001100031316310
B1847131956556N10339187WA0235502352001100029347328
B1847141956561N10339186WA0235502352001100030005359
B1847151956565N10339184WA0235602353001100028016018
B1847161956569N10339180WA0235602354001100027038028
B1847171956571N10339175WA0235602354001100028062046
B1847181956572N10339170WA0235602355001100028078066
B1847191956572N10339165WA0235702355001100028088079
B1847201956572N10339160WA0235602355001100027086086
B1847211956573N10339155WA0235502355001100028084088
B1847221956573N10339150WA0235202353001100030085096
B1847231956573N10339145WA0235102352001100033092092
B1847241956573N10339139WA0234802351001100036097104
B1847251956571N10339133WA0234802350001100033104143
B1847261956569N10339129WA0234802350001100033113125
B1847271956566N10339125WA0234802349001100033132133
B1847281956562N10339121WA0234802349001100035142117
B1847291956558N10339118WA0234902349001100034136121
B1847301956554N10339114WA0235002350001100032128119
B1847311956552N10339110WA0235102351001100028122137
B1847321956549N10339107WA0235002350001100027130142
B1847331956546N10339104WA0234802349001100029141145
B1847341956541N10339102WA0234602348001100032160151
B1847351956536N10339102WA0234502346001100033170162
B1847361956531N10339103WA0234502345001100031187178
B1847371956527N10339105WA0234402343001100032201190
B1847381956523N10339108WA0234202342001100034213204
B1847391956519N10339112WA0234102340001100037225218
B1847401956516N10339118WA0233802339001100039238234
B1847411956514N10339124WA0233602337001100040245244
B1847421956513N10339130WA0233402336001100039253263
B1847431956512N10339137WA0233202335001100039263268
B1847441956514N10339144WA0233102333001100040277282
B1847451956516N10339151WA0233102330001100042289294
B1847461956519N10339157WA0232902329001100043296307
B1847471956522N10339163WA0232802328001100042303319
B1847481956526N10339168WA0232702326001100040312325
B1847491956531N10339172WA0232702324001100039321346
B1847501956536N10339175WA0232502322001100037330353
B1847511956541N10339178WA0232202320001100035338007
B1847521956546N10339179WA0231902318001100034347003
B1847531956551N10339179WA0231802315001100033357017
B1847541956556N10339179WA0231602313001100033009027
B1847551956561N10339177WA0231502311001100034016043
B1847561956565N10339173WA0231402310001100030042056
B1847571956567N10339169WA0231402309001100028064061
B1847581956568N10339165WA0231202307001100028073077
B1847591956568N10339161WA0231302306001100026082082
B1848001956567N10339156WA0231202305001100022098095
B1848011956566N10339153WA0231202304001100021113104
B1848021956564N10339150WA0231302304001100024118101
B1848031956562N10339146WA0231302303001100028116096
B1848041956560N10339142WA0231402303001100028116097
B1848051956558N10339138WA0231502304001100027118093
B1848061956556N10339134WA0231602304001100028118091
B1848071956554N10339130WA0231702305001100027117106
B1848081956552N10339126WA0231802305001100027116095
B1848091956550N10339123WA0231902306001100025121102
B1848101956547N10339119WA0232002307001100025125084
B1848111956545N10339115WA0232102308001100029122100
B1848121956543N10339111WA0232202308001100029120083
B1848131956540N10339108WA0232402308001100027124093
B1848141956537N10339105WA0232502309001100026134102
B1848151956534N10339102WA0232602310001100026142110
B1848161956531N10339099WA0232702311001100026139106
B1848171956528N10339096WA0232702312001100030135116
B1848181956525N10339093WA0232902314001100031135103
B1848191956521N10339089WA0233002315001100030136114
B1848201956518N10339086WA0233002316001100029136105
B1848211956515N10339083WA0232902317001100030134110
B1848221956512N10339079WA0232902316001100032127097
B1848231956509N10339074WA0232902317001100037119112
B1848241956506N10339069WA0233102317001100037122090
B1848251956503N10339064WA0233402319001100037120109
B1848261956501N10339059WA0233702320001100033117099
B1848271956499N10339056WA0233802322001100026117096
B1848281956498N10339052WA0234102324001100024107096
B1848291956498N10339049WA0234302326001100024091083
B1848301956499N10339045WA0234402327001100022074075
B1848311956501N10339042WA0234702329001100024053065
B1848321956504N10339040WA0234902332001100024046051
B1848331956507N10339037WA0235302336001100025041035
B1848341956510N10339035WA0235602339001100025031026
B1848351956514N10339033WA0235802343001100026021022
B1848361956518N10339033WA0236302346001100028007009
B1848371956522N10339033WA0236502349001100030359351
B1848381956527N10339034WA0236802350001100028345345
B1848391956530N10339039WA0237002352001100031309337
B1848401956532N10339044WA0237002354001100032297304
B1848411956533N10339050WA0237202356001100034276293
B1848421956533N10339056WA0237402358001100038267271
B1848431956531N10339063WA0237602360001100038256261
B1848441956529N10339068WA0237802362001100034243249
B1848451956524N10339071WA0237902364001100031219235
B1848461956518N10339071WA0238002366001100032186208
B1848471956513N10339071WA0238202369001100030174173
B1848481956509N10339070WA0238402372001100028158161
B1848491956506N10339066WA0238602374001100025129145
B1848501956506N10339062WA0238802375001100027092118
B1848511956506N10339057WA0239002377001100026076088
B1848521956508N10339054WA0239302379001100025065075
B1848531956510N10339051WA0239602382001100024046066
B1848541956514N10339049WA0239602384001100024030051
B1848551956519N10339049WA0239902388001100026004038
B1848561956523N10339050WA0240002390001100026352014
B1848571956527N10339053WA0240002391001100030331003
B1848581956531N10339058WA0240002392001100034314341
B1848591956534N10339064WA0240102394001100036301322
B1849001956535N10339071WA0240602397001100039278307
B1849011956533N10339080WA0240802401001100045259281
B1849021956532N10339087WA0241002404001100044254259
B1849031956529N10339092WA0241202406001100037234254
B1849041956524N10339095WA0241302408001100035215230
B1849051956519N10339095WA0241402410001100031185208
B1849061956514N10339095WA0241502412001100029170174
B1849071956510N10339093WA0241702414001100025158159
B1849081956508N10339091WA0241802416001100020134145
B1849091956508N10339087WA0241902417001100021087122
B1849101956509N10339083WA0242102419001100020070085
B1849111956512N10339080WA0242102420001100026036072
B1849121956516N10339078WA0242202422001100026026043
B1849131956521N10339078WA0242402423001100031351035
B1849141956526N10339080WA0242302424001100033342001
B1849151956531N10339083WA0242402424001100035333352
B1849161956534N10339089WA0242602425001100036306343
B1849171956536N10339096WA0242802426001100040281314
B1849181956535N10339103WA0243002428001100040260285
B1849191956533N10339110WA0243102431001100040240260
B1849201956528N10339115WA0243402432001100038221237
B1849211956523N10339117WA0243602434001100035197215
B1849221956518N10339118WA0243802437001100032187188
B1849231956513N10339117WA0244002439001100027173176
B1849241956509N10339115WA0244102441001100024159160
B1849251956506N10339112WA0244302442001100023144145
B1849261956503N10339109WA0244402444001100025134132
B1849271956501N10339106WA0244302444001100026122123
B1849281956500N10339102WA0244502445001100027106114
B1849291956499N10339097WA0244702446001100028092101
B1849301956500N10339092WA0244702448001100029076090
B1849311956502N10339088WA0245102450001100031064077
B1849321956505N10339083WA0245502452001100032057067
B1849331956508N10339079WA0245802455001100030050061
B1849341956512N10339076WA0246102458001100026042050
B1849351956515N10339074WA0246302460001100025039044
B1849361956518N10339072WA0246402460001100025028041
B1849371956523N10339071WA0246502462001100027014032
B1849381956528N10339071WA0246702464001100029356021
B1849391956534N10339076WA0246702465001100040330004
B1849401956539N10339080WA0246802466001100037324336
B1849411956543N10339084WA0246902467001100036312332
B1849421956546N10339090WA0246902467001100035300319
B1849431956546N10339098WA0246702467001100041274306
B1849441956544N10339106WA0246702468001100047254276
B1849451956541N10339113WA0246702469001100045247253
B1849461956538N10339119WA0247002469001100042235245
B1849471956533N10339123WA0247002470001100035221231
B1849481956529N10339126WA0247002472001100031212214
B1849491956525N10339129WA0247102472001100032209202
B1849501956520N10339131WA0247002472001100036203199
B1849511956514N10339133WA0246902471001100039195193
B1849521956508N10339134WA0247102471001100039186186
B1849531956501N10339133WA0247102471001100039178177
B1849541956496N10339131WA0247302473001100034156168
B1849551956492N10339128WA0247502476001100033150144
B1849561956487N10339126WA0247702479001100032153134
B1849571956483N10339123WA0247902481001100032151135
B1849581956478N10339120WA0248102483001100035146132
B1849591956474N10339117WA0248302485001100034139123
B1850001956471N10339113WA0248502487001100032132121
B1850011956468N10339109WA0248702489001100029123117
B1850021956466N10339105WA0248902491001100028116109
B1850031956464N10339101WA0248802492001100029114094
B1850041956462N10339096WA0249002493001100033107091
B1850051956461N10339090WA0249202495001100036100078
B1850061956461N10339084WA0249502497001100033087073
B1850071956462N10339079WA0249602499001100029080069
B1850081956463N10339076WA0249702500001100025077072
B1850091956465N10339072WA0249602501001100024080068
B1850101956466N10339068WA0249502501001100027079071
B1850111956469N10339064WA0249302500001100032067071
B1850121956471N10339059WA0249302500001100033059060
B1850131956474N10339055WA0249402501001100031051054
B1850141956478N10339053WA0249302502001100026022046
B1850151956482N10339052WA0249102502001100025007026
B1850161956487N10339053WA0249102502001100030349016
B1850171956492N10339056WA0249102502001100033339000
B1850181956497N10339058WA0249002502001100031336349
B1850191956501N10339060WA0249002502001100027337344
B1850201956505N10339062WA0249002501001100027333342
B1850211956509N10339065WA0248802500001100029324338
B1850221956512N10339068WA0248602500001100029317326
B1850231956515N10339074WA0248502500001100035298322
B1850241956516N10339080WA0248502500001100038282301
B1850251956516N10339088WA0248602500001100044267282
B1850261956516N10339097WA0248602499001100046260266
B1850271956513N10339104WA0248802499001100047245258
B1850281956510N10339111WA0248902499001100049235241
B1850291956505N10339117WA0249002499001100048225230
B1850301956499N10339121WA0249202500001100044211218
B1850311956493N10339122WA0249302500001100041185202
B1850321956487N10339122WA0249502502001100040176174
B1850331956481N10339120WA0249602503001100037167164
B1850341956477N10339116WA0249602504001100034142155
B1850351956474N10339112WA0249702504001100032125131
B1850361956474N10339106WA0249602502001100029091115
B1850371956476N10339102WA0249502501001100030060086
B1850381956479N10339098WA0249502500001100030050062
B1850391956483N10339096WA0249602500001100030030053
B1850401956487N10339094WA0249502499001100028020037
B1850411956491N10339095WA0249502498001100026001029
B1850421956495N10339097WA0249302497001100025340014
B1850431956498N10339100WA0249102496001100025326356
B1850441956501N10339106WA0249002493001100035301342
B1850451956503N10339113WA0248902494001100037288311
B1850461956503N10339121WA0249102496001100044268297
B1850471956502N10339129WA0249402497001100047261271
B1850481956499N10339137WA0249502498001100047252263
B1850491956496N10339143WA0249602497001100044241253
B1850501956491N10339148WA0249602497001100040222239
B1850511956485N10339150WA0249702498001100039204216
B1850521956479N10339152WA0249702497001100039192196
B1850531956473N10339152WA0249702497001100039181182
B1850541956467N10339150WA0249702497001100039169171
B1850551956462N10339147WA0249702497001100039156158
B1850561956456N10339144WA0249702498001100038147145
B1850571956452N10339140WA0249902498001100035137137
B1850581956449N10339136WA0249902497001100032123126
B1850591956448N10339131WA0249702496001100031110113
B1851001956447N10339127WA0249602496001100031100102
B1851011956447N10339122WA0249402495001100032089091
B1851021956447N10339117WA0249202494001100033082082
B1851031956450N10339112WA0249102493001100033069077
B1851041956453N10339108WA0249002493001100032054066
B1851051956457N10339105WA0248902494001100032044054
B1851061956462N10339103WA0248902494001100029023047
B1851071956467N10339102WA0248702493001100026010030
B1851081956471N10339103WA0248402491001100024000021
B1851091956475N10339103WA0248102490001100025356013
B1851101956479N10339105WA0247702488001100030347009
B1851111956485N10339107WA0247502486001100035341359
B1851121956490N10339110WA0247302485001100037331352
B1851131956495N10339114WA0247302484001100036326343
B1851141956499N10339117WA0247202483001100033328339
B1851151956504N10339119WA0247202482001100029334341
B1851161956508N10339121WA0247202482001100029335341
B1851171956512N10339124WA0247102480001100031330332
B1851181956516N10339127WA0246902479001100034325345
B1851191956520N10339130WA0246802477001100036324339
B1851201956525N10339134WA0246602474001100037328327
B1851211956530N10339137WA0246502472001100038325316
B1851221956534N10339142WA0246502471001100041318302
B1851231956539N10339147WA0246702471001100043312289
B1851241956542N10339153WA0247002471001100041297284
B1851251956544N10339160WA0247402472001100042292271
B1851261956545N10339168WA0247602473001100041276273
B1851271956543N10339174WA0247702473001100037253264
B1851281956540N10339180WA0247902473001100040239243
B1851291956535N10339185WA0248102473001100043231229
B1851301956530N10339190WA0248402474001100043224217
B1851311956524N10339192WA0248602475001100036205211
B1851321956519N10339193WA0248702476001100030186191
B1851331956514N10339193WA0248702477001100027175169
B1851341956510N10339192WA0248702478001100028170157
B1851351956505N10339190WA0248602478001100029161153
B1851361956501N10339188WA0248602478001100029149144
B1851371956497N10339184WA0248502480001100030136133
B1851381956495N10339181WA0248602480001100026123121
B1851391956496N10339177WA0248702479001100021080109
B1851401956498N10339174WA0248702480001100018044074
B1851411956502N10339174WA0248602481001100019013047
B1851421956506N10339177WA0248502481001100025332025
B1851431956511N10339183WA0248702483001100036298348
B1851441956512N10339190WA0248602484001100036281308
B1851451956511N10339200WA0248702484001100044255289
B1851461956508N10339207WA0248802485001100045242257
B1851471956505N10339214WA0248802485001100042234242
B1851481956501N10339219WA0248802486001100040226232
B1851491956496N10339223WA0248702486001100038216223
B1851501956491N10339225WA0248502486001100038197210
B1851511956485N10339225WA0248402486001100039183188
B1851521956480N10339224WA0248302486001100036172173
B1851531956475N10339223WA0248202485001100034162160
B1851541956470N10339221WA0248002483001100033153150
B1851551956466N10339218WA0247902482001100034147140
B1851561956462N10339215WA0247802480001100033139134
B1851571956459N10339211WA0247802480001100031129127
B1851581956456N10339208WA0247702480001100028126117
B1851591956454N10339204WA0247702481001100025132112
B1852001956451N10339202WA0247502480001100025139110
B1852011956449N10339199WA0247402478001100025133109
B1852021956447N10339196WA0247202477001100024123104
B1852031956445N10339192WA0247002476001100025107093
B1852041956446N10339188WA0246802475001100025088082
B1852051956449N10339183WA0246702473001100027053072
B1852061956452N10339180WA0246502471001100028038050
B1852071956457N10339178WA0246402469001100031027039
B1852081956461N10339176WA0246302466001100033021030
B1852091956466N10339174WA0246202466001100030015025
B1852101956471N10339173WA0246102465001100026012018
B1852111956474N10339173WA0245902463001100025014022
B1852121956478N10339171WA0245602461001100028017015
B1852131956483N10339170WA0245502459001100033017013
B1852141956488N10339168WA0245302457001100034013010
B1852151956493N10339167WA0245202456001100034008017
B1852161956498N10339166WA0245002454001100034008015
B1852171956504N10339165WA0244702452001100036012353
B1852181956509N10339164WA0244502450001100040010357
B1852191956516N10339163WA0244302448001100043003352
B1852201956523N10339164WA0244102446001100043356355
B1852211956529N10339165WA0244002444001100042349354
B1852221956535N10339166WA0243902443001100041352353
B1852231956542N10339166WA0243702441001100041358355
B1852241956548N10339167WA0243402440001100044359349
B1852251956555N10339167WA0243302438001100047354345
B1852261956562N10339168WA0243202436001100048350344
B1852271956569N10339169WA0243202435001100044351354
B1852281956576N10339170WA0243202434001100039356349
B1852291956581N10339170WA0243002433001100037000344
B1852301956587N10339170WA0242902431001100041359347
B1852311956594N10339171WA0242802430001100046355351
B1852321956601N10339171WA0242802429001100048354353
B1852331956609N10339172WA0242902429001100048355348
B1852341956616N10339173WA0243002429001100043357342
B1852351956622N10339173WA0243002429001100039354342
B1852361956628N10339174WA0242902428001100040350348
B1852371956633N10339176WA0242702426001100040346349
B1852381956640N10339177WA0242402425001100042351348
B1852391956647N10339178WA0242102424001100048353345
B1852401956655N10339179WA0242002423001100051352314
B1852411956663N10339181WA0242202422001100050350333
B1852421956670N10339182WA0242202421001100047348340
B1852431956676N10339185WA0242102419001100039335343
B1852441956681N10339188WA0241802418001100039333335
B1852451956686N10339191WA0241602414001100038339339
B1852461956691N10339193WA0241202411001100040339340
B1852471956697N10339196WA0241002409001100040334330
B1852481956702N10339198WA0240802407001100039335348
B1852491956707N10339200WA0240502404001100037342344
B1852501956713N10339201WA0240102401001100038353350
B1852511956719N10339201WA0240102400001100040000357
B1852521956725N10339200WA0240202400001100037006342
B1852531956731N10339199WA0240202398001100036008340
B1852541956736N10339198WA0240102397001100032008358
B1852551956740N10339197WA0239902394001100030002355
B1852561956744N10339198WA0239602392001100030354347
B1852571956749N10339199WA0239402390001100032344340
B1852581956753N10339202WA0239102388001100032331331
B1852591956756N10339206WA0238702386001100030307320
B1853001956756N10339212WA0238602384001100031283302
B1853011956753N10339219WA0238402383001100037251277
B1853021956750N10339224WA0238302381001100034240242
B1853031956746N10339228WA0238102379001100032222230
B1853041956742N10339231WA0237902377001100031211210
B1853051956736N10339233WA0237602375001100033200197
B1853061956731N10339234WA0237302372001100036194185
B1853071956724N10339234WA0237102369001100041185176
B1853081956718N10339235WA0237002367001100041184164
B1853091956711N10339235WA0236802366001100037183164
B1853101956706N10339235WA0236702365001100037183168
B1853111956700N10339236WA0236402363001100038183165
B1853121956694N10339236WA0236202360001100040184157
B1853131956688N10339236WA0235902357001100040181154
B1853141956682N10339236WA0235702354001100037176146
B1853151956676N10339236WA0235402351001100037173144
B1853161956671N10339235WA0235102347001100038171146
B1853171956665N10339234WA0234902344001100038171134
B1853181956659N10339233WA0234702342001100037169138
B1853191956653N10339231WA0234602339001100036165131
B1853201956648N10339230WA0234302337001100037161130
B1853211956642N10339227WA0234102335001100040160136
B1853221956636N10339225WA0234002333001100041161130
B1853231956630N10339223WA0233902331001100041160123
B1853241956625N10339221WA0233902330001100039157125
B1853251956620N10339218WA0233802329001100037153129
B1853261956615N10339216WA0233702328001100038151133
E185326PEVBackground
B1853271956609N10339213WA0233602327001100038156135
B1853281956604N10339211WA0233602326001100040162130
B1853291956598N10339209WA0233502325001100039165125
B1853301956592N10339207WA0233502324001100037160118
B1853311956587N10339205WA0233502323001100035152119
B1853321956583N10339202WA0233502322001100033148129
B1853331956579N10339200WA0233502322001100030151136
B1853341956575N10339198WA0233402321001100030157141
B1853351956571N10339197WA0233402320001100030166133
B1853361956566N10339196WA0233402320001100031169125
B1853371956562N10339195WA0233302320001100031166124
B1853381956557N10339193WA0233302320001100031164144
B1853391956552N10339192WA0233302320001100030165145
B1853401956548N10339191WA0233202319001100032169143
B1853411956543N10339190WA0233102318001100036171146
B1853421956537N10339189WA0233102318001100039174124
B1853431956531N10339189WA0233302317001100037173105
B1853441956526N10339188WA0233602318001100038171112
B1853451956521N10339187WA0233802318001100033167105
B1853461956517N10339185WA0234002319001100030160128
B1853471956514N10339183WA0234102321001100026151121
B1853481956510N10339181WA0234102321001100029151126
B1853491956507N10339178WA0234102323001100029152121
B1853501956503N10339176WA0234102324001100025148123
B1853511956501N10339174WA0234202325001100024148135
B1853521956498N10339172WA0234002325001100024146119
B1853531956495N10339170WA0233802324001100025150141
B1853541956491N10339168WA0233602324001100027153128
B1853551956487N10339167WA0233502323001100030155128
B1853561956483N10339165WA0233302322001100031163144
B1853571956478N10339164WA0233202322001100029171145
B1853581956474N10339164WA0232902321001100030177146
B1853591956469N10339164WA0232802320001100033182141
B1854001956463N10339165WA0232502318001100038181141
B1854011956458N10339165WA0232502317001100037181148
B1854021956452N10339165WA0232502316001100035182133
B1854031956447N10339165WA0232502316001100034181135
B1854041956441N10339165WA0232502316001100032183141
B1854051956437N10339166WA0232402316001100030187154
B1854061956432N10339167WA0232202315001100030186142
B1854071956428N10339167WA0231902314001100033185143
B1854081956423N10339168WA0231702311001100036184135
B1854091956418N10339168WA0231502308001100034180141
B1854101956413N10339168WA0231302306001100031182147
B1854111956408N10339168WA0231202304001100031185149
B1854121956403N10339169WA0230902302001100034189151
B1854131956397N10339170WA0230802301001100036183135
B1854141956392N10339170WA0230602299001100035175140
B1854151956387N10339169WA0230502298001100032171150
B1854161956382N10339168WA0230402296001100032175151
B1854171956377N10339168WA0230302295001100035179158
B1854181956372N10339168WA0230002293001100035181159
B1854191956366N10339168WA0229902292001100035180156
B1854201956361N10339169WA0229802290001100034182158
B1854211956356N10339169WA0229702289001100034184164
B1854221956351N10339169WA0229702288001100034186155
B1854231956345N10339170WA0229602287001100035186162
B1854241956340N10339171WA0229502286001100034186162
B1854251956336N10339171WA0229302286001100035186162
B1854261956331N10339172WA0229202286001100035187161
B1854271956326N10339173WA0229102285001100036188160
B1854281956321N10339174WA0228802284001100037189167
B1854291956315N10339175WA0228702283001100039191163
B1854301956310N10339177WA0228602281001100041192168
B1854311956304N10339178WA0228602280001100039192166
B1854321956297N10339179WA0228702280001100037190166
B1854331956292N10339180WA0228702280001100037188156
B1854341956286N10339181WA0228602280001100038187168
B1854351956281N10339182WA0228502279001100038187158
B1854361956276N10339182WA0228402279001100039188163
B1854371956270N10339183WA0228302278001100039189151
B1854381956264N10339185WA0228202277001100037192174
B1854391956259N10339186WA0228302277001100037196161
B1854401956253N10339188WA0228202277001100038198153
B1854411956248N10339189WA0228102276001100035194153
B1854421956243N10339190WA0228002275001100035187161
B1854431956238N10339191WA0227902274001100037186159
B1854441956232N10339192WA0227802273001100038191166
B1854451956227N10339194WA0227702273001100036196167
B1854461956222N10339195WA0227602272001100035198165
B1854471956217N10339197WA0227602272001100035197156
B1854481956212N10339198WA0227502270001100036193174
B1854491956207N10339200WA0227502269001100036193173
B1854501956201N10339202WA0227202267001100039198160
B1854511956196N10339204WA0227002265001100043205156
B1854521956189N10339208WA0227002264001100045206145
B1854531956183N10339211WA0227102264001100045208142
B1854541956177N10339212WA0227302263001100035195138
B1854551956172N10339213WA0227502263001100033192153
B1854561956168N10339215WA0227502263001100030195146
B1854571956164N10339216WA0227502262001100032197167
B1854581956159N10339218WA0227302261001100033197154
B1854591956154N10339220WA0227102260001100038202163
B1855001956149N10339222WA0227202260001100037205169
B1855011956144N10339225WA0227402260001100036206160
B1855021956139N10339228WA0227602260001100034208150
B1855031956135N10339231WA0227602260001100031214142
B1855041956131N10339233WA0227702260001100029206138
B1855051956127N10339235WA0227502261001100031196123
B1855061956122N10339235WA0227502260001100031176112
B1855071956118N10339234WA0227602260001100030174116
B1855081956114N10339232WA0227802261001100028161094
B1855091956111N10339229WA0227902261001100021126107
B1855101956111N10339225WA0227902261001100020089104
B1855111956112N10339221WA0227702261001100023069106
B1855121956114N10339217WA0227702261001100029056109
B1855131956119N10339212WA0227802260001100036036111
B1855141956123N10339208WA0228202262001100037039111
B1855151956128N10339205WA0228402263001100034033163
B1855161956133N10339205WA0228502264001100031002158
B1855171956138N10339207WA0228502265001100027343152
B1855181956141N10339212WA0228702268001100030306148
B1855191956141N10339220WA0228702269001100034273145
B1855201956140N10339226WA0229002271001100035248143
B1855211956136N10339231WA0229102272001100036236139
B1855221956131N10339233WA0229202273001100031199130
B1855231956126N10339234WA0229102274001100027186125
B1855241956123N10339230WA0229002275001100024148120
B1855251956121N10339226WA0229302276001100024104129
B1855261956120N10339221WA0229402279001100025093125
B1855271956120N10339217WA0229502281001100026087127
B1855281956120N10339213WA0229702284001100026082128
B1855291956121N10339209WA0229802286001100026076125
B1855301956122N10339205WA0229802286001100023067128
B1855311956126N10339203WA0229802286001100022032153
B1855321956130N10339203WA0229702287001100023011150
B1855331956135N10339206WA0229702288001100031331147
B1855341956139N10339209WA0229702290001100031321145
B1855351956142N10339215WA0229702290001100035295144
B1855361956143N10339221WA0229602291001100036285142
B1855371956142N10339228WA0229802293001100035266142
B1855381956137N10339235WA0229802293001100034242141
B1855391956133N10339238WA0230002295001100027221135
B1855401956128N10339238WA0230202296001100023179127
B1855411956124N10339236WA0230302297001100025152124
B1855421956120N10339232WA0230402298001100025137128
B1855431956117N10339229WA0230502300001100025126128
B1855441956114N10339225WA0230502300001100028121128
B1855451956112N10339221WA0230602300001100028111129
B1855461956110N10339216WA0230702301001100028105129
B1855471956111N10339212WA0230702300001100027070130
B1855481956114N10339209WA0230702301001100027053130
B1855491956116N10339206WA0230802302001100024044131
B1855501956119N10339204WA0230702302001100021026149
B1855511956122N10339204WA0230402302001100018009147
B1855521956126N10339207WA0230302301001100023323145
B1855531956129N10339213WA0230402302001100034294144
B1855541956130N10339220WA0230302303001100037271142
B1855551956127N10339227WA0230502305001100041246142
B1855561956124N10339234WA0230602305001100043235141
B1855571956119N10339239WA0230502305001100046225141
B1855581956114N10339244WA0230602306001100045218142
B1855591956108N10339247WA0230602307001100043205135
B1856001956101N10339248WA0230802307001100040187122
B1856011956095N10339246WA0231002308001100037162122
B1856021956091N10339242WA0231002309001100032135119
B1856031956090N10339237WA0231202309001100030106120
B1856041956089N10339233WA0231302308001100029095120
B1856051956090N10339228WA0231302309001100026084124
B1856061956091N10339225WA0231402309001100021069126
B1856071956092N10339223WA0231502309001100019063129
B1856081956094N10339220WA0231302309001100020067132
B1856091956095N10339217WA0231202308001100022071133
B1856101956097N10339214WA0231002306001100023065133
B1856111956100N10339212WA0230802304001100023042134
B1856121956104N10339210WA0230702303001100022024136
B1856131956108N10339210WA0230502302001100023010146
B1856141956112N10339210WA0230502300001100028000137
B1856151956117N10339211WA0230502300001100031357138
B1856161956122N10339211WA0230602300001100031357138
B1856171956127N10339212WA0230802300001100030358139
B1856181956132N10339212WA0230902303001100026356139
B1856191956136N10339213WA0231102304001100023350140
B1856201956139N10339213WA0231202305001100024354140
B1856211956143N10339213WA0231202304001100027001140
B1856221956148N10339213WA0231202304001100029012140
B1856231956152N10339211WA0231302304001100028019141
B1856241956155N10339208WA0231202309001100022048140
B1856251956155N10339205WA0231002309001100021068150
B1856261956153N10339202WA0230702308001100019095156
B1856271956147N10339203WA0230702309001100018158159
B1856281956142N10339207WA0231002311001100017220161
B1856291956140N10339212WA0231102312001100019265123
B1856301956139N10339216WA0231402314001100024294129
B1856311956141N10339218WA0231402315001100023330133
B1856321956144N10339219WA0231402315001100021356135
B1856331956147N10339221WA0231402316001100020000138
B1856341956150N10339221WA0231502315001100018021139
B1856351956150N10339220WA0231702316001100014073141
B1856361956149N10339218WA0231702317001100018114147
B1856371956146N10339216WA0231602316001100022148157
B1856381956141N10339217WA0231402315001100025172158
B1856391956134N10339221WA0231402315001100034199163
B1856401956129N10339227WA0231402316001100037228165
B1856411956125N10339231WA0231502316001100035233164
B1856421956122N10339237WA0231702318001100033242161
B1856431956121N10339242WA0231902319001100030268124
B1856441956122N10339245WA0231902320001100028304129
B1856451956125N10339249WA0231802320001100027312132
B1856461956127N10339252WA0231802321001100024326135
B1856471956131N10339253WA0231802322001100022342137
B1856481956134N10339252WA0231802323001100020008137
B1856491956137N10339250WA0232002323001100022032138
B1856501956141N10339248WA0232202322001100023035138
B1856511956143N10339246WA0232402325001100021046138
B1856521956145N10339244WA0232502326001100017039139
B1856531956146N10339242WA0232502327001100018036139
B1856541956149N10339240WA0232402326001100020036139
B1856551956151N10339239WA0232102326001100020034140
B1856561956153N10339237WA0231802325001100020038141
B1856571956156N10339235WA0231402324001100021041141
B1856581956159N10339232WA0231102322001100026039141
B1856591956163N10339229WA0231002319001100032036141
B1857001956168N10339226WA0230902317001100035038141
B1857011956173N10339222WA0230702314001100037038141
B1857021956177N10339218WA0230602312001100035035141
B1857031956182N10339215WA0230402310001100035033141
B1857041956186N10339212WA0230402309001100034031141
B1857051956191N10339209WA0230302308001100034030141
B1857061956196N10339206WA0230402309001100034030141
B1857071956200N10339203WA0230602308001100033030141
B1857081956205N10339201WA0230702308001100032031141
B1857091956209N10339198WA0230902309001100029029141
B1857101956213N10339197WA0231002308001100027018141
B1857111956217N10339196WA0231102308001100027004141
B1857121956221N10339196WA0231002308001100028002141
B1857131956225N10339196WA0230802307001100027004141
B1857141956229N10339195WA0230702306001100031005141
B1857151956235N10339195WA0230602305001100033005141
B1857161956240N10339195WA0230502304001100032010141
B1857171956244N10339193WA0230402302001100032014141
B1857181956249N10339192WA0230302301001100033014141
B1857191956254N10339191WA0230302300001100032014141
B1857201956259N10339190WA0230102299001100032014141
B1857211956263N10339188WA0229902298001100032017141
B1857221956268N10339186WA0229802296001100034018141
B1857231956273N10339185WA0229602293001100037016141
B1857241956278N10339183WA0229502292001100035016141
B1857251956283N10339181WA0229402291001100032020141
B1857261956288N10339180WA0229202290001100029023141
B1857271956292N10339178WA0228902288001100031023141
B1857281956296N10339176WA0228602285001100033020141
B1857291956302N10339174WA0228302283001100036016141
B1857301956307N10339173WA0228202280001100041015141
B1857311956313N10339171WA0228202278001100038014141
B1857321956319N10339169WA0228402277001100038014141
B1857331956325N10339168WA0229002278001100036016141
B1857341956331N10339166WA0229302277001100035016141
B1857351956335N10339165WA0229402279001100029013141
B1857361956339N10339165WA0229502279001100025006141
B1857371956343N10339164WA0229402279001100027008141
B1857381956347N10339164WA0229202279001100028000141
B1857391956351N10339164WA0229202277001100030011141
B1857401956355N10339162WA0229202277001100032018141
B1857411956360N10339161WA0229302278001100030010141
B1857421956364N10339161WA0229202278001100030001141
B1857431956368N10339160WA0229102278001100032002141
B1857441956373N10339160WA0229002276001100031008141
B1857451956377N10339159WA0229002276001100028017141
B1857461956381N10339158WA0229002276001100026014141
B1857471956385N10339157WA0228902276001100030009141
B1857481956390N10339156WA0228802275001100035008141
B1857491956395N10339154WA0228802274001100038012141
B1857501956401N10339153WA0229002274001100039017141
B1857511956407N10339150WA0229202274001100041017141
B1857521956411N10339148WA0229502275001100031023141
B1857531956415N10339146WA0229502277001100025023141
B1857541956418N10339145WA0229502277001100026021141
B1857551956422N10339143WA0229402276001100031022141
B1857561956426N10339140WA0229402276001100034022141
B1857571956431N10339138WA0229602276001100030022141
B1857581956434N10339137WA0229602278001100026025141
B1857591956438N10339135WA0229502277001100027024141
B1858001956441N10339133WA0229302277001100027027141
B1858011956445N10339131WA0229102277001100027031141
B1858021956449N10339128WA0228802275001100033030141
B1858031956453N10339126WA0228902275001100031031141
B1858041956457N10339123WA0228902276001100026027141
B1858051956460N10339122WA0228702275001100026022141
B1858061956464N10339120WA0228502275001100028023141
B1858071956468N10339118WA0228202274001100029023141
B1858081956472N10339116WA0228002271001100031026141
B1858091956476N10339113WA0227902269001100033032141
B1858101956480N10339110WA0227802267001100033039141
B1858111956485N10339106WA0227902268001100034036141
B1858121956488N10339103WA0227902269001100030035141
B1858131956491N10339100WA0227802268001100024040141
B1858141956494N10339098WA0227602268001100025034141
B1858151956497N10339095WA0227302266001100027033141
B1858161956500N10339093WA0227202265001100029038141
B1858171956503N10339089WA0227002263001100029048141
B1858181956506N10339085WA0226802260001100029055141
B1858191956508N10339081WA0226502258001100030058141
B1858201956510N10339077WA0226202256001100030065141
B1858211956511N10339072WA0225802254001100032076141
B1858221956511N10339066WA0225802251001100035093141
B1858231956510N10339060WA0225702250001100034098141
B1858241956508N10339055WA0225802248001100033097141
B1858251956507N10339049WA0225902247001100036096141
B1858261956505N10339044WA0225802246001100031099141
B1858271956504N10339039WA0225502245001100030101141
B1858281956503N10339034WA0225202244001100030099141
B1858291956502N10339029WA0225002242001100034107141
B1858301956499N10339023WA0224902240001100038112141
B1858311956496N10339017WA0225002238001100036113141
B1858321956494N10339013WA0224902237001100032118141
B1858331956491N10339008WA0224602235001100031124141
B1858341956488N10339004WA0224402233001100031126138
B1858351956485N10339000WA0224002233001100036131135
B1858361956480N10338995WA0224002230001100042129136
B1858371956476N10338990WA0224002228001100042128136
B1858381956472N10338984WA0224002227001100040129137
B1858391956468N10338979WA0224202227001100040129138
B1858401956465N10338974WA0224302227001100039130139
B1858411956461N10338970WA0224502226001100039130138
B1858421956457N10338965WA0224802226001100037129137
B1858431956454N10338961WA0225302226001100034129138
B1858441956452N10338957WA0225602227001100031126139
B1858451956450N10338953WA0225702229001100028117140
B1858461956448N10338949WA0225802229001100029116140
B1858471956446N10338945WA0225702230001100034119139
B1858481956443N10338939WA0225902233001100039121136
B1858491956440N10338934WA0226102235001100038125151
B1858501956436N10338930WA0226402235001100037132162
B1858511956432N10338928WA0226602236001100034154165
B1858521956427N10338930WA0226402237001100031176166
B1858531956422N10338934WA0226502239001100032208159
B1858541956419N10338942WA0226502239001100039239158
B1858551956416N10338948WA0226302240001100038244161
B1858561956416N10338955WA0226202241001100038268157
B1858571956418N10338962WA0226202241001100041292126
B1858581956420N10338968WA0226302243001100042299131
B1858591956424N10338972WA0226402243001100039317133
B1859001956429N10338976WA0226602247001100035325134
B1859011956434N10338978WA0226802249001100032331135
B1859021956439N10338980WA0227002251001100033340137
B1859031956444N10338981WA0227202253001100035350138
B1859041956449N10338981WA0227402254001100035359139
B1859051956454N10338980WA0227502255001100034008140
B1859061956459N10338977WA0227802257001100032021140
B1859071956462N10338973WA0227902259001100028035140
B1859081956463N10338967WA0228102261001100028073140
B1859091956462N10338961WA0228202266001100030098151
B1859101956460N10338957WA0228202267001100028110153
B1859111956454N10338955WA0228302270001100030150159
B1859121956448N10338955WA0228602273001100032173161
B1859131956442N10338958WA0228802275001100028204161
B1859141956440N10338964WA0229002279001100031240157
B1859151956438N10338971WA0229102280001100033268155
B1859161956438N10338976WA0229202282001100032276153
B1859171956439N10338981WA0229302284001100033286151
B1859181956441N10338986WA0229202285001100034293132
B1859191956443N10338992WA0229402287001100038302133
B1859201956447N10338996WA0229402289001100038310136
B1859211956451N10339000WA0229502290001100038322137
B1859221956457N10339002WA0229802292001100036339137
B1859231956463N10339003WA0229902294001100035349138
B1859241956468N10339003WA0230002296001100036358139
B1859251956473N10339003WA0230402297001100037005139
B1859261956479N10339002WA0230302299001100035013140
B1859271956483N10339000WA0230402300001100030020140
B1859281956487N10338998WA0230302301001100025030140
B1859291956489N10338996WA0230202300001100024035140
B1859301956492N10338994WA0230102300001100024033140
B1859311956494N10338991WA0229902299001100025041141
B1859321956496N10338987WA0230002299001100026057141
B1859331956498N10338983WA0230002299001100024066141
B1859341956499N10338980WA0230002299001100021078136
B1859351956498N10338976WA0230002298001100021098136
B1859361956497N10338973WA0229802299001100023106140
B1859371956495N10338969WA0229602301001100023116139
B1859381956493N10338966WA0229502302001100022125151
B1859391956488N10338964WA0229202299001100030158159
B1859401956483N10338964WA0229002298001100036179156
B1859411956477N10338964WA0228802296001100039184149
B1859421956470N10338965WA0228702295001100042188149
B1859431956464N10338966WA0228702294001100039190147
B1859441956458N10338968WA0228802293001100036191151
B1859451956453N10338969WA0228802292001100035197154
B1859461956447N10338972WA0228902293001100038206152
B1859471956442N10338975WA0228902293001100039215151
B1859481956437N10338979WA0229102292001100039221150
B1859491956434N10338984WA0229102293001100037233149
B1859501956433N10338991WA0229302292001100037259148
B1859511956433N10338998WA0229702292001100038271148
B1859521956435N10339005WA0229802293001100040293135
B1859531956439N10339010WA0229902297001100041313137
B1859541956443N10339014WA0230202297001100039320138
B1859551956449N10339016WA0230502300001100033339139
B1859561956453N10339015WA0230802303001100026357140
B1859571956456N10339015WA0231002305001100021008140
B1859581956457N10339010WA0231202306001100019071140
B1859591956457N10339006WA0231302308001100024093139
B1900001956456N10339001WA0231502311001100029105140
B1900011956453N10338997WA0231502313001100036129153
B1900021956449N10338994WA0231702313001100038151157
B1900031956443N10338993WA0231802315001100039171163
B1900041956438N10338994WA0231802316001100037193160
B1900051956433N10338999WA0231902316001100037221160
B1900061956430N10339004WA0232102317001100034230159
B1900071956429N10339009WA0232502319001100028253158
B1900081956430N10339015WA0232702321001100032284126
B1900091956433N10339021WA0232802324001100038308129
B1900101956437N10339026WA0233102326001100037315133
B1900111956441N10339029WA0233402329001100034320135
B1900121956445N10339032WA0233702333001100030331136
B1900131956450N10339033WA0233902337001100028348137
B1900141956454N10339033WA0234102340001100027001138
B1900151956458N10339032WA0234102343001100026009139
B1900161956461N10339031WA0234202344001100024019140
B1900171956463N10339027WA0234302345001100023060139
B1900181956463N10339022WA0234302347001100027093142
B1900191956461N10339018WA0234302348001100029118151
B1900201956457N10339015WA0234502350001100031149159
B1900211956451N10339014WA0234702351001100033163167
B1900221956447N10339016WA0235002352001100028190168
B1900231956443N10339019WA0235202355001100029218170
B1900241956440N10339022WA0235302357001100020221116
B1900251956441N10339027WA0235702358001100023269125
B1900261956443N10339030WA0235902363001100022305131
B1900271956446N10339032WA0236102365001100018339134
B1900281956450N10339032WA0236302368001100019034136
B1900291956453N10339031WA0236402368001100020046136
B1900301956455N10339028WA0236502370001100022059138
B1900311956456N10339026WA0236802372001100021071140
B1900321956457N10339023WA0236802376001100022085138
B1900331956457N10339019WA0236902378001100027099143
B1900341956455N10339015WA0237102379001100033126155
B1900351956451N10339012WA0237402380001100035152168
B1900361956446N10339011WA0237502380001100035172173
B1900371956440N10339013WA0237502382001100034197176
B1900381956436N10339017WA0237602385001100033215173
B1900391956434N10339020WA0237802387001100022219111
B1900401956435N10339024WA0238002388001100016255121
B1900411956439N10339030WA0238202389001100025299125
B1900421956445N10339033WA0238502392001100028330129
B1900431956451N10339034WA0238702395001100030343132
B1900441956456N10339035WA0238902398001100029355134
B1900451956461N10339035WA0239102401001100029008136
B1900461956466N10339034WA0239302403001100029025137
B1900471956469N10339032WA0239402406001100027037139
B1900481956472N10339029WA0239502408001100026051140
B1900491956473N10339026WA0239602409001100027077140
B1900501956473N10339021WA0239602409001100029100140
B1900511956472N10339017WA0239602410001100033116150
B1900521956468N10339013WA0239602410001100034140163
B1900531956463N10339012WA0239702409001100034154167
B1900541956458N10339012WA0240002411001100025175167
B1900551956455N10339015WA0240302413001100024207164
B1900561956453N10339019WA0240502415001100020232161
B1900571956452N10339023WA0240802417001100019248159
B1900581956452N10339029WA0241002421001100026279155
B1900591956453N10339034WA0241102423001100027284154
B1901001956455N10339039WA0241102426001100030292152
B1901011956459N10339044WA0241202427001100041312133
B1901021956463N10339049WA0241302429001100041320136
B1901031956469N10339053WA0241402431001100039332138
B1901041956474N10339054WA0241502432001100033347139
B1901051956479N10339055WA0241602433001100031356140
B1901061956481N10339054WA0241702433001100019011136
B1901071956481N10339049WA0241902434001100016079136
B1901081956481N10339046WA0242002436001100018091147
B1901091956480N10339043WA0242102437001100021118157
B1901101956476N10339040WA0242002437001100024149165
E190111PEVForeground
B1901111956470N10339039WA0241902437001100034171176
B1901121956464N10339039WA0242502438001100033177190
B1901131956459N10339041WA0242702440001100030200196
B1901141956456N10339042WA0242902442001100022197215
B1901151956454N10339043WA0243102443001100014201205
B1901161956456N10339047WA0243502445001100012275154
B1901171956461N10339051WA0243702447001100022329319
B1901181956465N10339054WA0243802448001100024337351
B1901191956469N10339056WA0243702449001100025342357
B1901201956473N10339056WA0243502450001100025359002
B1901211956476N10339055WA0243702451001100020022016
B1901221956478N10339052WA0243802455001100018046035
B1901231956480N10339049WA0243802457001100019056051
B1901241956479N10339046WA0243702457001100015068057
B1901251956476N10339045WA0244002457001100012141057
B1901261956471N10339048WA0244302458001100020208113
B1901271956467N10339052WA0244302460001100029247202
B1901281956464N10339056WA0244602461001100029276255
B1901291956464N10339061WA0244802462001100033291288
B1901301956466N10339064WA0244902463001100031313302
B1901311956469N10339065WA0245102465001100024340326
B1901321956473N10339066WA0245202466001100022352354
B1901331956476N10339065WA0245402466001100020016005
B1901341956478N10339062WA0245502467001100018038025
B1901351956477N10339057WA0245402468001100021089042
B1901361956476N10339052WA0245502470001100025110081
B1901371956473N10339048WA0245602470001100035134100
B1901381956469N10339044WA0245602471001100036146124
B1901391956464N10339041WA0245702472001100037155137
B1901401956458N10339042WA0245902473001100038176146
B1901411956452N10339045WA0246102473001100037205168
B1901421956448N10339049WA0246302472001100036212201
B1901431956444N10339053WA0246502473001100032224210
B1901441956442N10339058WA0246902474001100031248226
B1901451956441N10339064WA0247102475001100030261259
B1901461956441N10339069WA0247202478001100031275280
B1901471956443N10339074WA0247202479001100033288294
B1901481956446N10339078WA0247402480001100038309314
B1901491956452N10339082WA0247402480001100044326330
B1901501956458N10339085WA0247502481001100040336343
B1901511956464N10339084WA0247902483001100035002352
B1901521956469N10339082WA0247902485001100033015013
B1901531956472N10339078WA0248102486001100029036023
B1901541956475N10339074WA0248202487001100028055040
B1901551956477N10339070WA0248202488001100027062057
B1901561956478N10339066WA0248102490001100029079063
B1901571956477N10339060WA0248002492001100031100078
B1901581956474N10339056WA0248002491001100033127095
B1901591956469N10339052WA0248102492001100034141119
B1902001956465N10339049WA0248302494001100030143140
B1902011956462N10339049WA0248302493001100027162140
B1902021956457N10339048WA0248202493001100029169154
B1902031956453N10339051WA0248102493001100036193161
B1902041956447N10339054WA0248002494001100040203193
B1902051956442N10339057WA0248302494001100037204202
B1902061956437N10339060WA0248502494001100030209205
B1902071956435N10339064WA0248602496001100025241208
B1902081956434N10339069WA0248602498001100026253241
B1902091956434N10339074WA0248602499001100030262260
B1902101956434N10339079WA0248602498001100031275272
B1902111956437N10339084WA0248802498001100036303288
B1902121956441N10339089WA0248802498001100037307316
B1902131956445N10339092WA0248802499001100030326319
B1902141956449N10339092WA0249002500001100023334338
B1902151956452N10339090WA0249102501001100021003349
B1902161956455N10339085WA0249202502001100021033016
B1902171956457N10339080WA0249202503001100024078043
B1902181956458N10339074WA0249102506001100026090081
B1902191956456N10339069WA0249102506001100030112090
B1902201956452N10339065WA0249002506001100031139110
B1902211956448N10339063WA0249102507001100034151135
B1902221956443N10339062WA0249102508001100031171147
B1902231956439N10339063WA0249002508001100029191164
B1902241956435N10339065WA0248902508001100030201190
B1902251956430N10339068WA0248602507001100033200202
B1902261956426N10339073WA0248602505001100041221210
B1902271956422N10339077WA0248602504001100037225238
B1902281956420N10339082WA0248702503001100031238242
B1902291956420N10339087WA0248802502001100029263252
B1902301956421N10339092WA0248902502001100030284278
B1902311956424N10339097WA0248902501001100031308295
B1902321956429N10339100WA0248902501001100032321320
B1902331956433N10339103WA0248902500001100033331331
B1902341956438N10339105WA0249002501001100031337349
B1902351956443N10339107WA0249102501001100029344356
B1902361956447N10339109WA0249202501001100029349357
B1902371956452N10339110WA0249302503001100031350005
B1902381956457N10339111WA0249302506001100033352029
B1902391956463N10339111WA0249302505001100033001035
B1902401956467N10339110WA0249402504001100033010035
B1902411956472N10339108WA0249102504001100030019048
B1902421956475N10339104WA0249202506001100028040055
B1902431956475N10339100WA0249302506001100023058067
B1902441956475N10339097WA0249302506001100020075081
B1902451956470N10339094WA0249302506001100019132092
B1902461956465N10339092WA0249202506001100022153132
B1902471956460N10339093WA0248902504001100031181150
B1902481956454N10339094WA0248702503001100036182182
B1902491956447N10339096WA0248602501001100045198186
B1902501956440N10339099WA0248602501001100043204204
B1902511956436N10339104WA0248502501001100037228201
B1902521956433N10339110WA0248502501001100037244225
B1902531956430N10339116WA0248502500001100042250237
B1902541956426N10339122WA0248402500001100047241242
B1902551956423N10339129WA0248602500001100047237235
B1902561956419N10339136WA0248802500001100046237233
B1902571956416N10339142WA0248902500001100043244236
B1902581956413N10339148WA0249002501001100042250234
B1902591956411N10339154WA0249102502001100042251241
B1903001956409N10339161WA0249302503001100042251258
B1903011956407N10339167WA0249502503001100041258281
B1903021956408N10339174WA0249602504001100044278274
B1903031956409N10339181WA0249702505001100048286283
B1903041956412N10339189WA0249802507001100051289272
B1903051956414N10339196WA0250002507001100050284281
B1903061956415N10339204WA0250302509001100049281294
B1903071956417N10339211WA0250402509001100049285290
B1903081956419N10339219WA0250402510001100050290290
B1903091956422N10339226WA0250602512001100051293297
B1903101956425N10339233WA0250702512001100052295288
B1903111956428N10339241WA0251002514001100052293286
B1903121956432N10339249WA0251302516001100054291285
B1903131956434N10339257WA0251602518001100050286320
B1903141956436N10339264WA0251702520001100047287329
B1903151956438N10339271WA0251702521001100042291339
B1903161956442N10339276WA0251602521001100047310338
B1903171956447N10339281WA0251702521001100046321344
B1903181956453N10339284WA0251902523001100041326353
B1903191956458N10339286WA0252102525001100033342356
B1903201956463N10339286WA0252102527001100031350006
B1903211956467N10339286WA0252102528001100031354010
B1903221956472N10339285WA0252002529001100032001014
B1903231956478N10339281WA0252302531001100036023015
B1903241956482N10339277WA0252502533001100034027037
B1903251956486N10339274WA0252502534001100031037041
B1903261956490N10339270WA0252302535001100032042049
B1903271956493N10339266WA0252302536001100034044052
B1903281956496N10339261WA0252502537001100032058053
B1903291956498N10339257WA0252502538001100029061064
B1903301956499N10339253WA0252702539001100023074067
B1903311956499N10339249WA0252702539001100019089075
B1903321956498N10339246WA0252502540001100021097086
B1903331956497N10339243WA0252502540001100023110093
B1903341956495N10339239WA0252602541001100027127103
B1903351956491N10339236WA0252802542001100028138117
B1903361956488N10339233WA0253102543001100029146127
B1903371956483N10339231WA0253402544001100028159135
B1903381956479N10339232WA0253602545001100028180146
B1903391956474N10339233WA0253602546001100032193165
B1903401956469N10339236WA0253602547001100036199181
B1903411956463N10339240WA0253602546001100046212189
B1903421956457N10339246WA0253702547001100049224205
B1903431956453N10339253WA0253902548001100046236219
B1903441956451N10339260WA0254002550001100047254233
B1903451956449N10339268WA0254002551001100046260254
B1903461956448N10339275WA0253902552001100050258263
B1903471956446N10339284WA0253902551001100055259267
B1903481956445N10339294WA0253902551001100059263273
B1903491956444N10339304WA0253902551001100063273278
B1903501956445N10339314WA0253902551001100066276280
B1903511956447N10339324WA0254002554001100062280278
B1903521956449N10339333WA0254102555001100059281282
B1903531956451N10339342WA0254402557001100057282283
B1903541956453N10339350WA0254502559001100050280293
B1903551956454N10339358WA0254602560001100050283301
B1903561956457N10339366WA0254402560001100050288303
B1903571956460N10339373WA0254502561001100048296294
B1903581956464N10339380WA0254502562001100048304305
B1903591956469N10339387WA0254702563001100050303310
B1904001956473N10339393WA0254602563001100049301308
B1904011956477N10339400WA0254302564001100049300314
B1904021956481N10339406WA0254002562001100050301313
B1904031956486N10339412WA0253802560001100052307318
B1904041956492N10339419WA0253602558001100055313322
B1904051956498N10339425WA0253502557001100052315326
B1904061956504N10339431WA0253502557001100049318327
B1904071956509N10339435WA0253502557001100047322329
B1904081956515N10339439WA0253402558001100046324327
B1904091956521N10339444WA0253302558001100046324320
B1904101956526N10339448WA0253102556001100047320325
B1904111956532N10339452WA0252902554001100049318321
B1904121956537N10339458WA0252702551001100052316322
B1904131956543N10339463WA0252502549001100052319322
B1904141956550N10339469WA0252302548001100051320326
B1904151956556N10339474WA0252302547001100048321326
B1904161956561N10339478WA0252202546001100046322327
B1904171956567N10339483WA0251902545001100046323336
B1904181956572N10339486WA0251802544001100047328341
B1904191956579N10339490WA0251502543001100047331334
B1904201956585N10339493WA0251402542001100045330330
B1904211956591N10339497WA0251202540001100045326337
B1904221956596N10339501WA0251002539001100045326341
B1904231956602N10339504WA0250902538001100045331336
E190424PEVBackground
B1904241956609N10339507WA0250602536001100046334347
B1904251956615N10339511WA0250502535001100046333335
B1904261956621N10339514WA0250402533001100045328319
B1904271956627N10339518WA0250302532001100045325324
B1904281956632N10339522WA0250102531001100047324329
B1904291956638N10339527WA0249902530001100048324321
B1904301956644N10339531WA0249702528001100047326325
B1904311956650N10339534WA0249502527001100046327326
B1904321956656N10339538WA0249202525001100046327334
B1904331956661N10339541WA0248902522001100045329339
B1904341956667N10339544WA0248502518001100043333352
B1904351956673N10339546WA0248002514001100043334348
B1904361956679N10339549WA0247702510001100048336003
B1904371956686N10339552WA0247502507001100045339005
B1904381956692N10339554WA0247502505001100041340355
B1904391956698N10339557WA0247402504001100041339326
B1904401956704N10339559WA0247302503001100040338319
B1904411956709N10339562WA0247102502001100040328338
B1904421956715N10339566WA0246902499001100040320358
B1904431956720N10339569WA0246602496001100041325353
B1904441956725N10339573WA0246302493001100042330349
B1904451956732N10339577WA0246002490001100047335342
B1904461956739N10339580WA0245902488001100049337333
B1904471956745N10339583WA0246002486001100045339003
B1904481956752N10339584WA0246102486001100042346355
B1904491956758N10339586WA0246302486001100040346335
B1904501956764N10339587WA0246502487001100040348342
B1904511956770N10339588WA0246502487001100038343352
B1904521956775N10339590WA0246402486001100040343004
B1904531956781N10339591WA0246202485001100043344351
B1904541956789N10339592WA0246202484001100047350342
B1904551956796N10339594WA0246102484001100049344324
B1904561956803N10339596WA0246102482001100050336332
B1904571956810N10339599WA0246102480001100049334000
B1904581956817N10339602WA0246102480001100047342348
B1904591956824N10339604WA0246302480001100047342313
B1905001956830N10339606WA0246502481001100043341315
B1905011956836N10339607WA0246602481001100036337337
B1905021956840N10339610WA0246602484001100032326346
B1905031956844N10339613WA0246702484001100034324345
B1905041956848N10339615WA0246802486001100033328342
B1905051956853N10339618WA0246902488001100030332348
B1905061956857N10339620WA0247002490001100030332340
B1905071956861N10339622WA0246902491001100033330338
B1905081956865N10339624WA0246902492001100035329350
B1905091956870N10339627WA0246902492001100037330345
B1905101956875N10339630WA0246902492001100039331348
B1905111956880N10339633WA0247002493001100039332351
B1905121956885N10339635WA0247202493001100037333352
B1905131956890N10339638WA0247402494001100036336349
B1905141956895N10339640WA0247602496001100036341005
B1905151956900N10339641WA0247802497001100032342327
B1905161956904N10339643WA0248002499001100026341342
B1905171956908N10339644WA0247902500001100028340352
B1905181956911N10339645WA0247702499001100028339352
B1905191956915N10339646WA0247502499001100031339345
B1905201956920N10339648WA0247402499001100034344347
B1905211956925N10339649WA0247402498001100033344345
B1905221956929N10339650WA0247202497001100033342340
B1905231956934N10339652WA0246902496001100034339346
B1905241956939N10339654WA0246802493001100037341348
B1905251956945N10339655WA0246602491001100038343341
B1905261956950N10339657WA0246502490001100036346352
B1905271956955N10339658WA0246502489001100034349357
B1905281956960N10339659WA0246502489001100032352342
B1905291956965N10339659WA0246402489001100029349343
B1905301956969N10339660WA0246302487001100030344346
B1905311956974N10339661WA0246102486001100033344357
B1905321956978N10339662WA0246002484001100034349352
B1905331956984N10339664WA0245902483001100034349344
B1905341956988N10339665WA0245802482001100032344343
B1905351956993N10339666WA0245702481001100031340352
B1905361956997N10339668WA0245602479001100031340001
B1905371957002N10339669WA0245402477001100032346004
B1905381957006N10339669WA0245202473001100035352353
B1905391957012N10339669WA0245102471001100036355347
B1905401957017N10339670WA0244902470001100035350342
B1905411957022N10339671WA0244802468001100035344348
B1905421957027N10339672WA0244602465001100035344357
B1905431957032N10339673WA0244502463001100035348359
B1905441957037N10339674WA0244302461001100035352350
B1905451957043N10339675WA0244202459001100035353348
B1905461957048N10339675WA0244102458001100035349349
B1905471957053N10339676WA0244102457001100034349003
B1905481957058N10339677WA0244202455001100032351347
B1905491957063N10339677WA0244402456001100030353350
B1905501957067N10339678WA0244402455001100028357001
B1905511957072N10339678WA0244402454001100033352004
B1905521957078N10339679WA0244302453001100038352351
B1905531957084N10339679WA0244302452001100041358004
B1905541957090N10339679WA0244302452001100041002002
B1905551957096N10339678WA0244302451001100039002357
B1905561957101N10339678WA0244402451001100036000003
B1905571957107N10339678WA0244202450001100035001016
B1905581957112N10339678WA0244102450001100036002002
B1905591957117N10339677WA0243802449001100035003002
B1906001957123N10339677WA0243702447001100038359001
B1906011957128N10339677WA0243502446001100036359353
B1906021957134N10339678WA0243502445001100034356355
B1906031957138N10339678WA0243502444001100028355350
B1906041957143N10339679WA0243302443001100029351345
B1906051957147N10339679WA0243102441001100031350005
B1906061957152N10339680WA0243002440001100037348344
B1906071957158N10339682WA0242902439001100035348358
B1906081957163N10339683WA0242902439001100032346352
B1906091957168N10339684WA0242902440001100030343005
B1906101957172N10339686WA0242802438001100032347013
B1906111957177N10339686WA0242702438001100034354016
B1906121957182N10339686WA0242702437001100031005028
B1906131957187N10339686WA0242602436001100030012031
B1906141957189N10339682WA0242702435001100026047032
B1906151957191N10339679WA0242802434001100026061028
B1906161957192N10339675WA0242802434001100024079029
B1906171957192N10339671WA0242802435001100021091023
B1906181957188N10339668WA0242802435001100022138310
B1906191957184N10339667WA0242702433001100031167320
B1906201957178N10339668WA0242502432001100038187326
B1906211957172N10339671WA0242402431001100042199330
B1906221957166N10339674WA0242502430001100041203332
B1906231957161N10339678WA0242602429001100034223333
B1906241957158N10339682WA0242602429001100032230334
B1906251957155N10339686WA0242602429001100032228336
B1906261957151N10339690WA0242402427001100033223337
B1906271957148N10339694WA0242202426001100033218349
B1906281957143N10339696WA0242102425001100032209348
B1906291957139N10339698WA0242002425001100031196346
B1906301957134N10339699WA0241902423001100030185346
B1906311957130N10339698WA0241702422001100027170345
E190632PEVForeground
B1906321957126N10339696WA0241702420001100025155345
B1906331957123N10339693WA0241702420001100025139135
B1906341957121N10339690WA0241602419001100025126123
B1906351957119N10339686WA0241602419001100025113113
B1906361957118N10339682WA0241502418001100028104099
B1906371957117N10339677WA0241502418001100031107097
B1906381957115N10339672WA0241702417001100030108090
B1906391957114N10339668WA0242002417001100026106088
B1906401957113N10339664WA0242102419001100024105087
B1906411957112N10339660WA0242202419001100021097089
B1906421957112N10339657WA0242202419001100022092080
B1906431957112N10339652WA0242202419001100028088072
B1906441957112N10339648WA0242302420001100028087074
B1906451957112N10339643WA0242502421001100028077073
B1906461957114N10339639WA0242602421001100029066070
B1906471957116N10339635WA0242702421001100031054061
B1906481957119N10339631WA0242902422001100032051056
B1906491957122N10339627WA0242802423001100029053050
B1906501957124N10339623WA0242802423001100027055051
B1906511957126N10339620WA0242602424001100028058048
B1906521957129N10339616WA0242502423001100030058054
B1906531957132N10339611WA0242302423001100033055056
B1906541957135N10339607WA0242202422001100036050055
B1906551957139N10339602WA0242202424001100033053048
B1906561957142N10339598WA0242302425001100030054050
B1906571957145N10339595WA0242302426001100027055049
B1906581957148N10339591WA0242202426001100027056050
B1906591957150N10339587WA0242102426001100027061050
B1907001957152N10339584WA0242002426001100027066049
B1907011957153N10339579WA0242002425001100028071052
B1907021957154N10339575WA0241802425001100029075057
B1907031957155N10339570WA0241802424001100030072056
B1907041957157N10339566WA0241802423001100033072065
B1907051957158N10339560WA0241702423001100034074063
B1907061957159N10339555WA0241902423001100032075045
B1907071957160N10339551WA0242002424001100030075050
B1907081957162N10339547WA0241902425001100027070047
B1907091957163N10339543WA0241702425001100027067059
B1907101957165N10339539WA0241302425001100027068054
B1907111957166N10339535WA0240902423001100028072056
B1907121957169N10339530WA0240702420001100036054059
B1907131957173N10339525WA0240602420001100040058063
B1907141957176N10339519WA0240502420001100038064075
B1907151957177N10339514WA0240402420001100035089076
B1907161957175N10339508WA0240502419001100034106074
B1907171957173N10339503WA0240202417001100032107082
B1907181957172N10339498WA0240102415001100032101086
B1907191957171N10339493WA0239802414001100034097089
B1907201957170N10339487WA0239602412001100036103092
B1907211957169N10339482WA0239402410001100037109085
B1907221957167N10339476WA0239302408001100035109082
B1907231957165N10339471WA0239202407001100034103078
B1907241957165N10339465WA0239102406001100033094078
B1907251957164N10339460WA0239002405001100033091080
B1907261957164N10339455WA0238802404001100032097079
B1907271957163N10339450WA0238702403001100034101084
B1907281957162N10339444WA0238602402001100037098060
B1907291957161N10339438WA0238602401001100038094063
B1907301957161N10339432WA0238602401001100038090065
B1907311957162N10339426WA0238602400001100034086077
B1907321957162N10339421WA0238502400001100031086067
B1907331957162N10339416WA0238402398001100027088062
B1907341957162N10339412WA0238002398001100029088065
B1907351957162N10339407WA0237602396001100030091070
B1907361957163N10339403WA0237302393001100033082075
B1907371957166N10339398WA0237102390001100036064073
B1907381957168N10339393WA0237202388001100033068064
B1907391957170N10339388WA0237502385001100030067055
B1907401957172N10339383WA0237702384001100032068062
B1907411957175N10339379WA0238002382001100030072071
B1907421957177N10339374WA0238302383001100028071060
B1907431957179N10339370WA0238402386001100028070066
B1907441957181N10339367WA0238502387001100027072064
B1907451957182N10339363WA0238702389001100026078086
B1907461957183N10339360WA0238802388001100025089104
B1907471957182N10339356WA0238902389001100025106125
B1907481957179N10339353WA0239002390001100029138131
B1907491957175N10339351WA0239002390001100035160150
B1907501957169N10339350WA0239002390001100040172168
B1907511957163N10339350WA0239102389001100041178180
B1907521957158N10339354WA0239102389001100038209190
B1907531957154N10339360WA0239002389001100040231214
B1907541957152N10339366WA0238902389001100036245237
B1907551957152N10339372WA0238802388001100035270253
B1907561957155N10339378WA0238902389001100034293286
B1907571957159N10339382WA0239002391001100031309313
B1907581957164N10339383WA0239202394001100027342330
B1907591957169N10339384WA0239302395001100026355002
B1908001957174N10339384WA0239502397001100027356009
B1908011957179N10339385WA0239502400001100027355022
B1908021957183N10339385WA0239602401001100027003028
B1908031957187N10339384WA0239602401001100026012037
B1908041957190N10339383WA0239702401001100024025046
B1908051957192N10339379WA0239702402001100022078056
B1908061957191N10339375WA0239802403001100022107087
B1908071957189N10339372WA0239902403001100020121106
B1908081957184N10339371WA0240002403001100022148116
B1908091957177N10339374WA0240202404001100032191140
B1908101957171N10339378WA0240302405001100042216189
B1908111957166N10339384WA0240302405001100044228219
B1908121957162N10339390WA0240402405001100044246234
B1908131957160N10339397WA0240402406001100041264254
B1908141957160N10339403WA0240402407001100041271275
B1908151957162N10339408WA0240402408001100039293283
B1908161957166N10339412WA0240302409001100036315307
B1908171957171N10339413WA0240402409001100032340329
B1908181957175N10339414WA0240502410001100029346353
B1908191957179N10339414WA0240602412001100026001001
B1908201957183N10339412WA0240602412001100025018015
B1908211957186N10339409WA0240802413001100026031034
B1908221957189N10339407WA0240902414001100024036051
B1908231957190N10339403WA0241002416001100023074057
B1908241957190N10339399WA0241102418001100024106081
B1908251957188N10339395WA0241002419001100024111102
B1908261957185N10339392WA0241002419001100030140106
B1908271957178N10339392WA0241102420001100037166132
B1908281957172N10339392WA0241202420001100039180158
B1908291957165N10339395WA0241102420001100044198172
B1908301957159N10339398WA0241002420001100045206193
B1908311957154N10339404WA0241102420001100046228202
B1908321957151N10339410WA0241002419001100041246228
B1908331957150N10339417WA0241102419001100041268251
B1908341957153N10339423WA0241202420001100043294277
B1908351957156N10339429WA0241202420001100040302308
B1908361957159N10339434WA0241402423001100038305317
B1908371957163N10339438WA0241602425001100035309334
B1908381957168N10339441WA0241802427001100036321338
B1908391957173N10339443WA0242102430001100034335344
B1908401957179N10339444WA0242202432001100033348358
B1908411957184N10339444WA0242302433001100031357010
B1908421957187N10339443WA0242402435001100024019020
B1908431957189N10339440WA0242402436001100020057038
B1908441957190N10339436WA0242402438001100023097064
B1908451957187N10339432WA0242402439001100029129091
B1908461957183N10339429WA0242502441001100034150117
B1908471957178N10339428WA0242702440001100038171137
B1908481957171N10339430WA0242802439001100041190159
B1908491957166N10339433WA0242802438001100045211180
B1908501957161N10339438WA0242702438001100047221204
B1908511957155N10339443WA0242702439001100046222218
B1908521957152N10339449WA0243002438001100040239218
B1908531957152N10339455WA0243002438001100039255240
B1908541957155N10339461WA0243102437001100036276261
B1908551957158N10339466WA0243302438001100033293288
B1908561957162N10339468WA0243502440001100022305310
B1908571957166N10339466WA0243702442001100015348332
B1908581957169N10339465WA0243902444001100011011016
B1908591957169N10339461WA0244002447001100010113034
B1909001957167N10339457WA0244002449001100027135087
B1909011957166N10339452WA0244202451001100028142123
B1909021957162N10339449WA0244402453001100029152134
B1909031957159N10339448WA0244502452001100034167143
B1909041957154N10339448WA0244402452001100038181159
B1909051957149N10339451WA0244202453001100041205175
B1909061957145N10339456WA0244102454001100041231201
B1909071957143N10339462WA0244002453001100039249232
B1909081957143N10339468WA0244002453001100036272256
B1909091957146N10339474WA0244102453001100039293286
B1909101957149N10339479WA0244302454001100037303308
B1909111957155N10339481WA0244502457001100033323319
B1909121957160N10339483WA0244602459001100031335341
B1909131957164N10339484WA0244802461001100028343355
B1909141957169N10339483WA0244902463001100027001007
B1909151957173N10339481WA0245002463001100028014015
B1909161957178N10339479WA0245202465001100031018026
B1909171957183N10339477WA0245202467001100030020046
B1909181957186N10339475WA0245402468001100027034056
B1909191957189N10339472WA0245402471001100023063067
B1909201957189N10339468WA0245402472001100025096090
B1909211957187N10339464WA0245402471001100022106113
B1909221957185N10339462WA0245702471001100018116118
B1909231957181N10339464WA0245802472001100015166120
B1909241957177N10339465WA0246102472001100015190146
B1909251957173N10339469WA0246502474001100019213166
B1909261957170N10339472WA0246802476001100020226200
B1909271957167N10339475WA0246902478001100019233219
B1909281957165N10339480WA0246702480001100021252230
B1909291957166N10339485WA0246702482001100023282264
B1909301957169N10339489WA0246502483001100028314305
B1909311957175N10339494WA0246702485001100033337334
B1909321957181N10339496WA0246902487001100032347358
B1909331957186N10339498WA0247102488001100032355012
B1909341957191N10339497WA0247202490001100029006017
B1909351957193N10339495WA0247202492001100022039027
B1909361957194N10339492WA0247102492001100022077051
B1909371957194N10339489WA0247102493001100026094081
B1909381957193N10339485WA0247102493001100027108100
B1909391957191N10339481WA0247202494001100026122114
B1909401957189N10339478WA0247202495001100029136129
B1909411957184N10339476WA0247202496001100037158142
B1909421957178N10339475WA0247202495001100041168162
B1909431957171N10339477WA0247602494001100042190169
B1909441957165N10339480WA0247802493001100041202191
B1909451957161N10339483WA0248002495001100037212203
B1909461957158N10339489WA0248202496001100035241210
B1909471957157N10339496WA0248302498001100037255245
B1909481957157N10339503WA0248602499001100043271264
B1909491957158N10339510WA0248702501001100042287283
B1909501957161N10339516WA0248802502001100043302301
B1909511957165N10339519WA0248902504001100038324316
B1909521957170N10339519WA0249002507001100032352339
B1909531957175N10339519WA0249102509001100031001012
B1909541957180N10339519WA0249402511001100029008024
B1909551957184N10339518WA0249502512001100025019028
B1909561957186N10339516WA0249402514001100018043040
B1909571957186N10339512WA0249402514001100022088055
B1909581957184N10339507WA0249402515001100029116088
B1909591957182N10339503WA0249602517001100029127113
B1910001957178N10339500WA0249702517001100029144127
B1910011957174N10339498WA0249902517001100032156135
B1910021957169N10339497WA0250102518001100031164132
B1910031957165N10339496WA0250302520001100027165133
B1910041957161N10339494WA0250502521001100025155130
B1910051957158N10339492WA0250602521001100025140119
B1910061957155N10339488WA0250702521001100025123110
B1910071957154N10339484WA0250602521001100026108098
B1910081957153N10339480WA0250502520001100029105087
B1910091957153N10339476WA0250202519001100028095087
B1910101957155N10339473WA0250002517001100025079080
B1910111957159N10339471WA0250002515001100026038070
B1910121957165N10339469WA0250202513001100030026041
B1910131957169N10339468WA0250202514001100028027033
B1910141957173N10339468WA0250302514001100023015034
B1910151957177N10339467WA0250302514001100026005027
B1910161957181N10339467WA0250302514001100028356018
B1910171957186N10339468WA0250302514001100032345010
B1910181957191N10339470WA0250302514001100032336358
B1910191957195N10339473WA0250202514001100033328350
B1910201957199N10339477WA0250102514001100036324341
B1910211957203N10339482WA0249902513001100043306336
B1910221957207N10339489WA0249702512001100047300315
B1910231957210N10339496WA0249702513001100043293308
B1910241957212N10339503WA0249702514001100044284300
B1910251957212N10339511WA0249602513001100045273290
B1910261957211N10339517WA0249502512001100043255277
B1910271957208N10339524WA0249102512001100043238255
B1910281957203N10339527WA0248802508001100037212235
B1910291957198N10339529WA0248902507001100033195202
B1910301957194N10339529WA0249002507001100027179181
B1910311957190N10339527WA0249102506001100024166160
B1910321957187N10339525WA0249102505001100022145146
B1910331957184N10339522WA0249002502001100024136123
B1910341957182N10339518WA0249002501001100031131111
B1910351957178N10339513WA0248802500001100036125108
B1910361957175N10339508WA0248802500001100034122106
B1910371957173N10339503WA0248902499001100030115105
B1910381957172N10339499WA0248902499001100025105096
B1910391957170N10339495WA0248602498001100027109093
B1910401957169N10339491WA0248402497001100031111092
B1910411957168N10339486WA0248002496001100032110093
B1910421957167N10339481WA0247902494001100033104092
B1910431957168N10339476WA0248002493001100030078086
B1910441957170N10339471WA0248102492001100030068067
B1910451957173N10339468WA0248202493001100028056063
B1910461957177N10339465WA0248302494001100024041054
B1910471957181N10339464WA0248402495001100024025044
B1910481957185N10339465WA0248402495001100024002033
B1910491957189N10339467WA0248302494001100026347016
B1910501957194N10339472WA0248102492001100036322002
B1910511957199N10339476WA0248102493001100037314333
B1910521957202N10339483WA0248302495001100036292324
B1910531957204N10339489WA0248402497001100035281302
B1910541957204N10339494WA0248402498001100034266284
B1910551957204N10339500WA0248102497001100035266271
B1910561957203N10339506WA0248002496001100037265267
B1910571957203N10339514WA0247902493001100042263249
B1910581957202N10339521WA0247902492001100045254242
B1910591957199N10339528WA0248002492001100042245231
B1911001957195N10339532WA0248202491001100036222222
B1911011957190N10339535WA0248302490001100035209201
B1911021957185N10339537WA0248502490001100032205189
B1911031957180N10339537WA0248802491001100026191185
B1911041957176N10339537WA0248802491001100024183168
B1911051957172N10339537WA0248702491001100022179158
B1911061957168N10339536WA0248602490001100023170155
B1911071957165N10339534WA0248502490001100027154145
B1911081957161N10339528WA0248702491001100033126134
B1911091957159N10339522WA0248702493001100034101111
B1911101957159N10339517WA0248702492001100028076092
B1911111957161N10339513WA0248602493001100027064073
B1911121957164N10339509WA0248502493001100026047064
B1911131957167N10339506WA0248402493001100027038051
B1911141957172N10339504WA0248402492001100032026043
B1911151957176N10339501WA0248502493001100034028029
B1911161957181N10339499WA0248702493001100033031028
B1911171957185N10339496WA0248902495001100032033035
B1911181957189N10339493WA0249202496001100030033023
B1911191957193N10339490WA0249502498001100030029025
B1911201957197N10339487WA0249602499001100032020021
B1911211957202N10339486WA0250002500001100035015020
B1911221957207N10339485WA0250402504001100034013039
B1911231957213N10339484WA0250802507001100033009052
B1911241957217N10339483WA0251002510001100027020055
B1911251957219N10339480WA0251102514001100021045061
B1911261957219N10339477WA0251102516001100015069080
B1911271957217N10339475WA0251002516001100010115098
B1911281957213N10339476WA0251102518001100008171121
B1911291957207N10339479WA0251402521001100016209144
B1911301957203N10339483WA0251702523001100020224196
B1911311957202N10339488WA0252202525001100019265218
B1911321957202N10339493WA0252602528001100025298275
B1911331957204N10339497WA0252902532001100032323315
B1911341957209N10339502WA0253202534001100035332339
B1911351957213N10339505WA0253202536001100035337347
B1911361957218N10339504WA0253602538001100032006353
B1911371957222N10339503WA0253802542001100026031021
B1911381957224N10339500WA0254002545001100022066044
B1911391957223N10339498WA0254002547001100019096072
B1911401957221N10339496WA0254202547001100019112093
B1911411957216N10339497WA0254502548001100021169105
B1911421957210N10339502WA0254502551001100028211151
B1911431957205N10339509WA0254902555001100034244197
B1911441957203N10339515WA0255002558001100033261240
B1911451957205N10339522WA0255302560001100039282261
B1911461957208N10339526WA0255602564001100035303286
B1911471957213N10339530WA0256002569001100030324313
B1911481957217N10339533WA0256302573001100028335343
B1911491957222N10339534WA0256602578001100027348356
B1911501957225N10339535WA0256802582001100022353013
B1911511957229N10339536WA0256802585001100024350023
B1911521957232N10339537WA0256702588001100024353019
B1911531957234N10339535WA0256502589001100016026025
B1911541957234N10339531WA0256702592001100016082056
B1911551957232N10339529WA0256802592001100015125092
B1911561957228N10339526WA0256902592001100023148119
B1911571957223N10339528WA0256902594001100027190139
B1911581957218N10339530WA0257002595001100028206178
B1911591957214N10339535WA0257202597001100033242195
B1912001957213N10339542WA0257402599001100034272237
B1912011957215N10339548WA0257602601001100041297275
B1912021957219N10339553WA0257802603001100042316305
B1912031957223N10339556WA0258002606001100039325326
B1912041957228N10339559WA0258302608001100037336337
B1912051957233N10339557WA0258402611001100028008349
B1912061957236N10339555WA0258402613001100024039023
B1912071957238N10339552WA0258502615001100024047050
B1912081957240N10339549WA0258302616001100025048062
B1912091957242N10339545WA0258002615001100025053072
B1912101957243N10339542WA0257802615001100022061080
B1912111957242N10339537WA0257702616001100029104087
B1912121957239N10339532WA0257602614001100035123111
B1912131957234N10339527WA0257502614001100036138129
B1912141957230N10339524WA0257602613001100032150140
B1912151957225N10339525WA0257502611001100035178147
B1912161957219N10339528WA0257302608001100040204171
B1912171957214N10339532WA0257202606001100040216197
B1912181957209N10339537WA0257102605001100041227210
B1912191957207N10339544WA0257002603001100043251222
B1912201957206N10339552WA0256902602001100045270250
B1912211957207N10339559WA0257002601001100047284272
B1912221957210N10339566WA0257102601001100046298289
B1912231957214N10339572WA0257402602001100042303305
B1912241957219N10339577WA0257502603001100044310309
B1912251957224N10339582WA0257502605001100046313314
B1912261957228N10339588WA0257802606001100047309315
B1912271957233N10339594WA0257902608001100045307310
B1912281957237N10339599WA0257802608001100047307311
B1912291957241N10339604WA0257702609001100045308317
B1912301957246N10339610WA0257602609001100046313318
B1912311957252N10339614WA0257602609001100048321321
B1912321957259N10339618WA0257602609001100050328319
B1912331957265N10339623WA0257702610001100049330328
B1912341957272N10339627WA0257702611001100049330323
B1912351957279N10339630WA0257802613001100051329318
B1912361957286N10339634WA0257802614001100053327314
B1912371957293N10339639WA0257902614001100055325308
B1912381957300N10339644WA0258002615001100053323313
B1912391957306N10339649WA0258102617001100050323315
B1912401957312N10339654WA0258202618001100049325317
B1912411957318N10339658WA0258202619001100048326314
B1912421957324N10339662WA0258202620001100046326311
B1912431957330N10339666WA0258202620001100046325306
B1912441957336N10339670WA0258302618001100045322311
B1912451957341N10339674WA0258202618001100043318312
B1912461957345N10339678WA0258002617001100043317316
B1912471957350N10339683WA0257702616001100043317313
B1912481957355N10339687WA0257402615001100043318315
B1912491957361N10339693WA0257202614001100047318321
B1912501957367N10339698WA0256902613001100052325322
B1912511957374N10339702WA0257102612001100047330316
B1912521957380N10339705WA0257202610001100043334322
B1912531957386N10339708WA0257102609001100038334329
B1912541957392N10339710WA0257102609001100039335349
B1912551957397N10339712WA0257002609001100040339335
B1912561957403N10339714WA0256902607001100040345330
B1912571957409N10339716WA0256702605001100041345315
B1912581957415N10339718WA0256502602001100042337312
B1912591957421N10339721WA0256302601001100042334319
B1913001957426N10339725WA0256202600001100042323322
B1913011957430N10339730WA0256002598001100042314319
B1913021957435N10339735WA0255802596001100042313308
B1913031957439N10339740WA0255702595001100043309306
B1913041957443N10339746WA0255602593001100044304305
B1913051957446N10339752WA0255502591001100043297303
B1913061957449N10339759WA0255402589001100043290292
B1913071957451N10339765WA0255102586001100043287291
B1913081957452N10339771WA0255002584001100042285284
B1913091957454N10339777WA0254802580001100041286272
B1913101957456N10339783WA0254502578001100040283263
B1913111957456N10339790WA0254202575001100040275251
B1913121957455N10339796WA0253802573001100039258248
B1913131957452N10339802WA0253502570001100041237233
B1913141957446N10339806WA0253302566001100037217215
B1913151957442N10339809WA0253302564001100036219196
B1913161957438N10339812WA0253202561001100034223200
B1913171957433N10339814WA0253102558001100029210205
B1913181957429N10339815WA0252902554001100031194190
B1913191957423N10339815WA0252702551001100035190174
B1913201957418N10339815WA0252502548001100036186169
B1913211957412N10339815WA0252602545001100034186158
B1913221957407N10339816WA0252602544001100032184160
B1913231957402N10339816WA0252602543001100029181158
B1913241957397N10339815WA0252502542001100029179157
B1913251957392N10339815WA0252402540001100032177154
B1913261957387N10339814WA0252302538001100034175147
B1913271957382N10339813WA0252402537001100035173143
B1913281957376N10339812WA0252402536001100034170137
B1913291957371N10339810WA0252602536001100034166135
B1913301957365N10339809WA0252902537001100034163138
B1913311957360N10339807WA0253102538001100033165121
B1913321957356N10339806WA0253102539001100028170123
B1913331957352N10339805WA0253202539001100026166131
B1913341957348N10339804WA0253102539001100026169124
B1913351957344N10339803WA0252802539001100026169127
B1913361957340N10339801WA0252802538001100028161129
B1913371957336N10339798WA0252902538001100027143130
B1913381957334N10339794WA0252902538001100026131120
B1913391957331N10339791WA0252902538001100024132116
B1913401957329N10339788WA0252902537001100024133113
B1913411957326N10339784WA0252602536001100028134116
B1913421957323N10339780WA0252702536001100030129117
B1913431957321N10339776WA0252702536001100029126111
B1913441957319N10339772WA0252702536001100024111110
B1913451957319N10339768WA0252802536001100023095099
B1913461957321N10339765WA0252702535001100024051088
B1913471957324N10339762WA0252802536001100027031057
B1913481957328N10339760WA0252802537001100028019041
B1913491957333N10339760WA0252802536001100030003031
B1913501957337N10339762WA0252902536001100034334017
B1913511957342N10339765WA0252702535001100037328346
B1913521957347N10339770WA0252702536001100040317338
B1913531957350N10339775WA0252802536001100038306325
B1913541957352N10339783WA0252802536001100041279313
B1913551957351N10339790WA0252702537001100044261280
B1913561957349N10339797WA0252602537001100044252257
B1913571957346N10339804WA0252602537001100043244244
B1913581957343N10339810WA0252402537001100044238231
B1913591957339N10339816WA0252302537001100046231226
B1914001957334N10339821WA0252202536001100045226217
B1914011957328N10339825WA0252202535001100044214211
B1914021957322N10339827WA0252202534001100038200197
B1914031957316N10339827WA0252302533001100036186183
B1914041957311N10339826WA0252302533001100032176169
B1914051957305N10339824WA0252402533001100030167159
B1914061957301N10339822WA0252502533001100028165151
B1914071957297N10339821WA0252602533001100027162148
B1914081957293N10339819WA0252702535001100028152145
B1914091957289N10339816WA0252902535001100029150137
B1914101957284N10339814WA0253102537001100028153135
B1914111957280N10339812WA0253302539001100029160130
B1914121957276N10339810WA0253302540001100029160130
B1914131957272N10339808WA0253302540001100029156129
B1914141957268N10339805WA0253202541001100028150126
B1914151957265N10339802WA0253302541001100025121120
B1914161957265N10339796WA0253502542001100027087099
B1914171957266N10339792WA0253402543001100026063076
B1914181957270N10339790WA0253502545001100025020061
B1914191957275N10339790WA0253402544001100027358032
B1914201957280N10339792WA0253402545001100031344013
B1914211957284N10339795WA0253302546001100033330358
B1914221957288N10339799WA0253302547001100034318343
B1914231957291N10339805WA0253202548001100039295330
B1914241957291N10339813WA0253302549001100042273301
B1914251957291N10339821WA0253302549001100045261273
B1914261957289N10339828WA0253402550001100046255257
B1914271957286N10339835WA0253602550001100045243251
B1914281957280N10339840WA0253502551001100046220235
B1914291957273N10339842WA0253602551001100044198209
B1914301957266N10339843WA0253702552001100042189185
B1914311957260N10339843WA0253802552001100040184175
B1914321957255N10339842WA0253902553001100036179169
B1914331957251N10339838WA0253902554001100024150163
B1914341957249N10339835WA0253802554001100023137132
B1914351957247N10339832WA0253702554001100025120121
B1914361957245N10339828WA0253602553001100027107110
B1914371957247N10339824WA0253402551001100023071100
B1914381957250N10339822WA0253302550001100027032075
B1914391957254N10339819WA0253302549001100029026045
B1914401957258N10339818WA0253402551001100028020037
B1914411957262N10339817WA0253402550001100025015027
B1914421957266N10339816WA0253302549001100025014021
B1914431957269N10339815WA0253202547001100026010016
B1914441957274N10339815WA0253102546001100030000012
B1914451957278N10339815WA0253002545001100030351003
B1914461957284N10339817WA0252902544001100033338358
B1914471957288N10339820WA0252802544001100036328346
B1914481957293N10339824WA0252802543001100036317336
B1914491957296N10339829WA0252802543001100036303325
B1914501957298N10339836WA0252702543001100039288311
B1914511957298N10339843WA0252602543001100044269293
B1914521957297N10339851WA0252602544001100047261267
B1914531957295N10339859WA0252602544001100048253256
B1914541957292N10339866WA0252602543001100048243247
B1914551957288N10339873WA0252602543001100049232235
B1914561957283N10339878WA0252502542001100049221223
B1914571957277N10339882WA0252602542001100044210210
B1914581957271N10339885WA0252502541001100040200196
B1914591957265N10339886WA0252502540001100037189184
B1915001957260N10339886WA0252502540001100034179172
B1915011957255N10339886WA0252302539001100033169160
B1915021957250N10339884WA0252202538001100035159148
B1915031957245N10339881WA0252102537001100036149140
B1915041957241N10339878WA0252202537001100035152133
B1915051957236N10339876WA0252202537001100033156132
B1915061957231N10339875WA0252302537001100029163128
B1915071957228N10339873WA0252202536001100029160105
B1915081957224N10339872WA0251902535001100024155116
B1915091957221N10339869WA0251802534001100028146118
B1915101957218N10339865WA0251602532001100031130114
B1915111957215N10339860WA0251602532001100031121105
B1915121957214N10339855WA0251702532001100028110102
B1915131957213N10339851WA0251602531001100027099096
B1915141957212N10339846WA0251402531001100027099076
B1915151957212N10339842WA0251302530001100026105090
B1915161957210N10339838WA0251202528001100026109076
B1915171957209N10339834WA0251102527001100026108086
B1915181957208N10339830WA0251102526001100023101084
B1915191957208N10339826WA0251002525001100022093079
B1915201957208N10339822WA0250802525001100022090070
B1915211957208N10339818WA0250702524001100024091082
B1915221957208N10339814WA0250502522001100026095084
B1915231957208N10339810WA0250602520001100029096069
B1915241957207N10339805WA0250602520001100029096068
B1915251957207N10339800WA0250602520001100029096070
B1915261957206N10339796WA0250602520001100026093062
B1915271957207N10339793WA0250602520001100022082082
B1915281957207N10339789WA0250402519001100021078071
B1915291957208N10339786WA0250302517001100021077066
B1915301957209N10339782WA0250202516001100023076056
B1915311957211N10339778WA0250102512001100022063058
B1915321957213N10339775WA0250002510001100022049051
B1915331957215N10339773WA0249902510001100022041054
B1915341957218N10339771WA0249702508001100023044056
B1915351957220N10339768WA0249402506001100024049050
B1915361957223N10339765WA0249202504001100026051036
B1915371957225N10339762WA0249102501001100026046037
B1915381957228N10339759WA0249102500001100024047058
B1915391957230N10339756WA0249102498001100021052079
B1915401957232N10339753WA0249002498001100019064082
B1915411957231N10339750WA0248902497001100021105086
B1915421957230N10339747WA0248802496001100024113083
B1915431957228N10339743WA0248602494001100025111082
B1915441957227N10339739WA0248302492001100026098085
B1915451957227N10339735WA0248102490001100027092097
B1915461957227N10339731WA0247902489001100027103111
B1915471957225N10339726WA0247702487001100029116119
B1915481957222N10339723WA0247402485001100031128121
B1915491957219N10339719WA0247402483001100031131126
B1915501957215N10339716WA0247302481001100029133118
B1915511957212N10339713WA0247502480001100029134097
B1915521957207N10339710WA0247402480001100031140105
B1915531957204N10339707WA0247302478001100031138119
B1915541957200N10339703WA0247202476001100032136093
B1915551957196N10339700WA0247102475001100034139110
B1915561957192N10339696WA0247202474001100038137100
B1915571957187N10339692WA0247202472001100038136083
B1915581957183N10339688WA0247402472001100037138089
B1915591957179N10339684WA0247502473001100033134101
B1916001957177N10339680WA0247402474001100029123101
B1916011957174N10339676WA0247402473001100029118097
B1916021957173N10339672WA0247202473001100030112095
B1916031957172N10339667WA0247202472001100032104095
B1916041957171N10339662WA0247102472001100029106085
B1916051957170N10339658WA0247102472001100027113087
B1916061957168N10339654WA0246902471001100026114075
B1916071957167N10339650WA0246702469001100028108074
B1916081957165N10339646WA0246302468001100029105070
B1916091957166N10339642WA0245902466001100029082076
B1916101957169N10339638WA0245602462001100029059068
B1916111957174N10339635WA0245302461001100031041049
B1916121957179N10339632WA0245102459001100033032040
B1916131957183N10339629WA0244902457001100033030028
B1916141957188N10339627WA0244602454001100035027028
B1916151957193N10339625WA0244402452001100035023022
B1916161957198N10339623WA0244202449001100034020028
B1916171957203N10339621WA0243802447001100033017025
B1916181957208N10339619WA0243502444001100034016014
B1916191957214N10339618WA0243202441001100036015009
B1916201957219N10339616WA0243002439001100037016015
B1916211957225N10339615WA0242802437001100037015358
B1916221957230N10339613WA0242702435001100035012000
B1916231957236N10339613WA0242502433001100033005352
B1916241957241N10339613WA0242302431001100033353355
B1916251957245N10339615WA0241902427001100035332352
B1916261957250N10339618WA0241602425001100038329338
B1916271957255N10339623WA0241302423001100039318333
B1916281957258N10339629WA0241002421001100038304323
B1916291957259N10339636WA0241002419001100040282313
B1916301957260N10339643WA0240802417001100041275283
B1916311957260N10339650WA0240502415001100039269269
B1916321957260N10339656WA0240402413001100039263264
B1916331957259N10339662WA0240202410001100041257254
B1916341957257N10339669WA0239802407001100044250235
B1916351957254N10339675WA0239602405001100044240227
B1916361957249N10339680WA0239402401001100043227219
B1916371957244N10339685WA0239302398001100041218203
B1916381957239N10339688WA0239102394001100041209200
B1916391957233N10339691WA0239102392001100038205182
B1916401957227N10339692WA0239002390001100035197181
B1916411957222N10339693WA0238802388001100033186165
B1916421957217N10339692WA0238602385001100033175156
B1916431957212N10339691WA0238502383001100032168147
B1916441957208N10339689WA0238202380001100030154134
B1916451957204N10339685WA0238002379001100029140125
B1916461957201N10339681WA0237802376001100030130123
B1916471957198N10339677WA0237502374001100029121113
B1916481957196N10339673WA0237302372001100030114109
B1916491957194N10339668WA0236902369001100031108094
B1916501957193N10339663WA0236702367001100034106106
B1916511957191N10339657WA0236502365001100035104102
B1916521957190N10339651WA0236402363001100036102103
B1916531957189N10339645WA0236102361001100037101100
B1916541957188N10339639WA0235902359001100037101098
B1916551957187N10339633WA0235802357001100037099092
B1916561957186N10339627WA0235602355001100037097096
B1916571957185N10339621WA0235502353001100037096094
B1916581957185N10339616WA0235402352001100036095096
B1916591957184N10339610WA0235302350001100035097098
B1917001957183N10339604WA0235202349001100036098093
B1917011957183N10339598WA0235002347001100036097092
B1917021957182N10339593WA0234902346001100035091079
B1917031957183N10339587WA0234802344001100035083080
B1917041957183N10339582WA0234602342001100034083087
B1917051957184N10339576WA0234602342001100032088097
B1917061957184N10339571WA0234602342001100031094083
B1917071957183N10339566WA0234502341001100034095081
B1917081957183N10339560WA0234502341001100037092084
B1917091957183N10339554WA0234602340001100037091068
B1917101957183N10339548WA0234802340001100037093064
B1917111957182N10339542WA0235202339001100039095131
B1917121957181N10339537WA0235702340001100037100110
B1917131957179N10339531WA0236102341001100037104101
B1917141957177N10339527WA0236402343001100033107092
B1917151957174N10339524WA0236702345001100027114102
B1917161957173N10339522WA0236802348001100021110080
B1917171957172N10339519WA0236902350001100019099063
B1917181957172N10339517WA0237102352001100018081055
B1917191957173N10339515WA0237202352001100018064044
B1917201957176N10339514WA0237202354001100018014028
B1917211957181N10339516WA0237202355001100026342000
B1917221957186N10339521WA0237202358001100033316335
B1917231957188N10339527WA0237102359001100033291309
B1917241957188N10339535WA0237102361001100039264283
B1917251957185N10339543WA0237202362001100044246255
B1917261957180N10339550WA0237402363001100044228235
B1917271957173N10339554WA0237502364001100038205216
B1917281957167N10339554WA0237702367001100034179194
B1917291957162N10339554WA0238002370001100032172167
B1917301957157N10339553WA0238102372001100030160158
B1917311957153N10339550WA0238402374001100030144143
B1917321957150N10339547WA0238502376001100028137127
B1917331957148N10339543WA0238802378001100025125119
B1917341957147N10339538WA0238902380001100027102107
B1917351957147N10339532WA0239102383001100028089092
B1917361957148N10339527WA0239202385001100029085088
B1917371957148N10339523WA0239602388001100029084075
B1917381957148N10339518WA0239702391001100028083081
B1917391957149N10339514WA0239802393001100023083075
B1917401957149N10339510WA0239902395001100021084057
B1917411957149N10339507WA0239802395001100020090041
B1917421957150N10339504WA0239602396001100020092048
B1917431957151N10339502WA0239502394001100021074049
B1917441957155N10339500WA0239502393001100026033044
B1917451957161N10339498WA0239602393001100031016022
B1917461957166N10339498WA0239902393001100029012010
B1917471957171N10339499WA0240002394001100027340007
B1917481957175N10339502WA0239902394001100031329344
B1917491957179N10339506WA0239802396001100032317333
B1917501957182N10339511WA0239802398001100034307323
B1917511957184N10339519WA0239802399001100039286311
B1917521957183N10339528WA0239902401001100046265287
B1917531957182N10339537WA0240002402001100048255263
B1917541957179N10339545WA0240002403001100049245252
B1917551957175N10339551WA0240002403001100046231241
B1917561957169N10339556WA0240102403001100043215225
B1917571957164N10339558WA0240002404001100039193207
B1917581957158N10339559WA0240102404001100037184182
B1917591957153N10339558WA0240102403001100035170172
B1918001957148N10339556WA0240102402001100033159157
B1918011957145N10339552WA0240202402001100027136146
B1918021957145N10339546WA0240202403001100028097123
B1918031957145N10339541WA0240302404001100029089090
B1918041957146N10339536WA0240502405001100029082081
B1918051957147N10339532WA0240702406001100029083076
B1918061957147N10339527WA0240802408001100028082065
B1918071957148N10339523WA0240902409001100027078064
B1918081957150N10339519WA0241102410001100026070069
B1918091957151N10339515WA0241302412001100024070056
B1918101957152N10339512WA0241302414001100023078057
B1918111957153N10339508WA0241502414001100022076061
B1918121957154N10339505WA0241302414001100022072058
B1918131957156N10339502WA0241202413001100021057058
B1918141957159N10339501WA0241102411001100020027048
B1918151957163N10339501WA0241202412001100024004028
B1918161957167N10339502WA0241602414001100019350012
B1918171957171N10339504WA0241802416001100020329003
B1918181957173N10339508WA0241802417001100023310345
B1918191957174N10339513WA0241702418001100027291326
B1918201957174N10339521WA0241802419001100037265300
B1918211957171N10339529WA0241702420001100042246266
B1918221957167N10339535WA0241902420001100043225243
B1918231957162N10339539WA0242002419001100039206217
B1918241957156N10339541WA0242102420001100035193194
B1918251957151N10339541WA0242502421001100033189179
B1918261957147N10339540WA0242802422001100028178173
B1918271957144N10339537WA0243002423001100023156159
B1918281957143N10339533WA0243102424001100019120135
B1918291957143N10339529WA0243002424001100021104105
B1918301957142N10339525WA0243002423001100023095094
B1918311957143N10339520WA0243002424001100023085088
B1918321957145N10339517WA0242802423001100021067080
B1918331957148N10339514WA0242702424001100021047067
B1918341957152N10339513WA0242702423001100022025053
B1918351957156N10339513WA0242502422001100022009037
B1918361957161N10339515WA0242502422001100023346025
B1918371957165N10339518WA0242302422001100029328005
B1918381957169N10339523WA0242102423001100032314344
B1918391957171N10339530WA0241902422001100037285330
B1918401957170N10339539WA0241902423001100042264295
B1918411957168N10339546WA0242102424001100047247268
B1918421957164N10339552WA0242002423001100044231247
B1918431957158N10339557WA0242102422001100044222227
B1918441957152N10339558WA0242202421001100036198216
B1918451957146N10339555WA0242202421001100033166185
B1918461957142N10339552WA0242302421001100026148151
B1918471957140N10339547WA0242402421001100026108130
B1918481957139N10339542WA0242302423001100025091098
B1918491957139N10339538WA0242402424001100023082085
B1918501957139N10339534WA0242302423001100021077078
B1918511957140N10339531WA0242102423001100021075074
B1918521957142N10339528WA0242002423001100022071073
B1918531957144N10339525WA0241902422001100021062070
B1918541957147N10339524WA0241702422001100020045063
B1918551957150N10339523WA0241602421001100019029052
B1918561957153N10339522WA0241402420001100020015041
B1918571957158N10339522WA0241402420001100026005026
B1918581957162N10339522WA0241302420001100026009020
B1918591957166N10339521WA0241302419001100025014025
B1919001957170N10339520WA0241302419001100024023039
B1919011957173N10339518WA0241202419001100024036057
B1919021957176N10339515WA0241102419001100024056072
B1919031957176N10339511WA0241002418001100027094084
B1919041957173N10339506WA0240702416001100031121105
B1919051957169N10339503WA0240802415001100034143119
B1919061957164N10339501WA0240802414001100038166139
B1919071957158N10339500WA0240802413001100039176152
B1919081957152N10339500WA0240702411001100038178146
B1919091957146N10339500WA0240402410001100037173148
B1919101957140N10339498WA0240202408001100036164145
B1919111957135N10339496WA0239902406001100038161144
B1919121957129N10339495WA0239502403001100040166150
B1919131957123N10339494WA0239202401001100043170147
B1919141957117N10339492WA0239102398001100043170136
B1919151957110N10339491WA0239002397001100040165131
B1919161957105N10339489WA0238702395001100037160133
B1919171957099N10339487WA0238502393001100038159134
B1919181957094N10339485WA0238302389001100039160130
B1919191957088N10339483WA0238002387001100040161128
B1919201957083N10339481WA0237802385001100041160131
B1919211957077N10339479WA0237502382001100043157123
B1919221957071N10339476WA0237302379001100044156130
B1919231957065N10339473WA0237102377001100043155124
B1919241957059N10339470WA0237002375001100042154121
B1919251957053N10339467WA0236802372001100041152117
B1919261957048N10339464WA0236502370001100041149116
B1919271957043N10339460WA0236302367001100042147119
B1919281957037N10339457WA0236002364001100041146113
B1919291957033N10339453WA0235802361001100040146118
B1919301957028N10339450WA0235602358001100039145122
B1919311957023N10339446WA0235402355001100038145120
B1919321957018N10339443WA0235102352001100039146123
B1919331957013N10339439WA0234802350001100040148119
B1919341957008N10339436WA0234502346001100042148118
B1919351957003N10339432WA0234202343001100043146112
B1919361956998N10339428WA0233902340001100043142107
B1919371956993N10339424WA0233702338001100042136106
B1919381956988N10339419WA0233602336001100041132099
B1919391956984N10339414WA0233502333001100039129106
B1919401956982N10339409WA0233302330001100034126102
B1919411956978N10339405WA0233202328001100034129102
B1919421956975N10339401WA0232802324001100037131105
B1919431956971N10339397WA0232602321001100038134099
B1919441956967N10339392WA0232502318001100039132097
B1919451956963N10339387WA0232402315001100038133098
B1919461956960N10339383WA0232602314001100037133101
B1919471956956N10339379WA0232502312001100033135110
B1919481956952N10339377WA0232502312001100031144111
B1919491956948N10339374WA0232302311001100031147104
B1919501956944N10339371WA0232202309001100035147104
B1919511956940N10339368WA0232202309001100036145107
B1919521956935N10339366WA0232302308001100036145106
B1919531956931N10339363WA0232502308001100034146107
B1919541956927N10339360WA0232502309001100030142117
B1919551956923N10339357WA0232402309001100031142114
B1919561956919N10339354WA0232402309001100036143113
B1919571956915N10339351WA0232502308001100038146110
B1919581956910N10339348WA0232802307001100036148099
B1919591956905N10339346WA0232902308001100031150111
B1920001956901N10339344WA0232902309001100028157116
B1920011956898N10339343WA0232602309001100026152121
B1920021956895N10339341WA0232302308001100026156122
B1920031956891N10339339WA0232302307001100030143126
B1920041956888N10339336WA0232202307001100031136117
B1920051956885N10339332WA0232202307001100029131113
B1920061956883N10339329WA0232202307001100026121110
B1920071956881N10339325WA0232102306001100025116102
B1920081956879N10339322WA0231802305001100025112098
B1920091956878N10339318WA0231602304001100026109098
B1920101956877N10339313WA0231402304001100031113094
B1920111956875N10339308WA0231402304001100032120097
B1920121956873N10339304WA0231302304001100030123095
B1920131956870N10339300WA0231302304001100026127095
B1920141956868N10339297WA0231202304001100024130100
B1920151956866N10339295WA0231102303001100024134103
B1920161956863N10339292WA0230902301001100026141112
B1920171956860N10339290WA0230702299001100028148107
B1920181956856N10339287WA0230502298001100031153103
B1920191956852N10339285WA0230402295001100034154104
B1920201956847N10339283WA0230302294001100032153109
B1920211956843N10339280WA0230302293001100029152116
B1920221956839N10339278WA0230202293001100026148119
B1920231956836N10339276WA0230202292001100027150113
B1920241956832N10339274WA0230102291001100030152111
B1920251956828N10339271WA0230102290001100033153118
B1920261956823N10339269WA0230202290001100032155110
B1920271956818N10339267WA0230302291001100032152123
B1920281956814N10339264WA0230402292001100030147120
B1920291956811N10339261WA0230502294001100028139121
B1920301956808N10339258WA0230602295001100028137114
B1920311956804N10339256WA0230602296001100028144121
B1920321956801N10339253WA0230602297001100031149118
B1920331956796N10339251WA0230602297001100034156120
B1920341956791N10339249WA0230702297001100035159130
B1920351956786N10339248WA0230702297001100034163142
B1920361956782N10339246WA0230602297001100034168147
B1920371956777N10339245WA0230602296001100036173135
B1920381956771N10339245WA0230302295001100038176134
B1920391956765N10339245WA0230202292001100039174120
B1920401956760N10339244WA0230102291001100035169131
B1920411956755N10339243WA0230102290001100031165126
B1920421956751N10339241WA0229902289001100027163133
B1920431956747N10339240WA0229702288001100027157124
B1920441956744N10339238WA0229602286001100029150126
B1920451956740N10339235WA0229302284001100032141111
B1920461956736N10339232WA0229302283001100032135114
B1920471956733N10339228WA0229302283001100032129100
B1920481956730N10339224WA0229302282001100033124103
B1920491956727N10339220WA0229302282001100032129109
B1920501956724N10339216WA0229202280001100031138100
B1920511956720N10339214WA0229002279001100031144105
B1920521956716N10339211WA0228802277001100032142107
B1920531956712N10339207WA0228602275001100037139107
B1920541956708N10339203WA0228602275001100036135114
B1920551956704N10339199WA0228602273001100035133113
B1920561956702N10339195WA0228502272001100030130108
B1920571956699N10339192WA0228302271001100029133107
B1920581956696N10339188WA0228102269001100029134101
B1920591956693N10339185WA0227802267001100030135098
B1921001956689N10339181WA0227602265001100035133089
B1921011956686N10339176WA0227402263001100036127101
B1921021956683N10339172WA0227302261001100035127104
B1921031956679N10339168WA0227202260001100034132105
B1921041956676N10339164WA0227002259001100032138112
B1921051956672N10339161WA0226902257001100031142108
B1921061956669N10339158WA0226702256001100031143108
B1921071956665N10339155WA0226502254001100035145110
B1921081956660N10339151WA0226302252001100037146105
B1921091956656N10339148WA0226202250001100038144110
B1921101956651N10339144WA0226102248001100036141101
B1921111956647N10339141WA0226002246001100034138109
B1921121956643N10339137WA0225802245001100033137098
B1921131956640N10339134WA0225702244001100033138105
B1921141956636N10339130WA0225702242001100034137097
B1921151956632N10339126WA0225502241001100032133094
B1921161956629N10339123WA0225502240001100030128098
B1921171956626N10339119WA0225402240001100027120097
B1921181956624N10339115WA0225402239001100027118096
B1921191956622N10339112WA0225202239001100027123107
B1921201956620N10339108WA0225102238001100027131111
B1921211956617N10339105WA0225202238001100028140112
B1921221956613N10339103WA0225202238001100026148128
B1921231956610N10339101WA0225302238001100024156127
B1921241956606N10339099WA0225402237001100024167124
B1921251956603N10339099WA0225302237001100028176127
B1921261956598N10339099WA0225402237001100032177135
B1921271956593N10339098WA0225902237001100030176181
B1921281956589N10339098WA0225902238001100028178161
B1921291956585N10339099WA0226002239001100025193154
B1921301956581N10339100WA0225902239001100028193178
B1921311956577N10339101WA0225802240001100029195151
B1921321956573N10339103WA0225602239001100029195162
B1921331956568N10339105WA0225502240001100033195169
B1921341956564N10339107WA0225602240001100030199159
B1921351956560N10339109WA0225602241001100029203155
B1921361956556N10339111WA0225502241001100030203156
B1921371956552N10339112WA0225602240001100032195156
B1921381956547N10339113WA0225602241001100030189151
B1921391956543N10339114WA0225702241001100027190147
B1921401956539N10339115WA0225802241001100022187155
B1921411956537N10339114WA0225702242001100020172148
B1921421956534N10339113WA0225702242001100022165131
B1921431956530N10339112WA0225702242001100025165133
B1921441956527N10339111WA0225702242001100027166122
B1921451956523N10339110WA0225702241001100028166129
B1921461956519N10339109WA0225702241001100028164130
B1921471956515N10339107WA0225702242001100028158132
B1921481956511N10339105WA0225802242001100026152128
B1921491956507N10339103WA0226002244001100027145130
B1921501956504N10339100WA0226202245001100026144114
B1921511956501N10339098WA0226302247001100025149124
B1921521956498N10339097WA0226302247001100025154118
B1921531956494N10339095WA0226202248001100024154127
B1921541956491N10339094WA0226102249001100023157114
B1921551956488N10339093WA0225802249001100023159132
B1921561956485N10339091WA0225502248001100024156132
B1921571956481N10339090WA0225402247001100026162145
B1921581956477N10339090WA0225102244001100028171172
B1921591956472N10339091WA0225002242001100032188167
B1922001956468N10339093WA0224802240001100031199166
B1922011956463N10339095WA0224702239001100034207160
B1922021956458N10339098WA0224702238001100033206161
B1922031956454N10339100WA0224702237001100028204155
B1922041956450N10339101WA0224602236001100025190151
B1922051956446N10339101WA0224302235001100025175137
B1922061956443N10339098WA0223902234001100025147125
B1922071956441N10339094WA0223702232001100028124107
B1922081956439N10339089WA0223602230001100029116099
B1922091956438N10339083WA0223502229001100032110095
B1922101956437N10339078WA0223502228001100029106086
B1922111956436N10339074WA0223202226001100028103081
B1922121956435N10339069WA0222902225001100029099076
B1922131956435N10339064WA0222702222001100032090077
B1922141956436N10339058WA0222502220001100035080073
B1922151956437N10339052WA0222402219001100036074066
B1922161956440N10339046WA0222302217001100035063063
B1922171956443N10339041WA0222102215001100036054057
B1922181956447N10339036WA0221802213001100037051048
B1922191956450N10339030WA0221702212001100036055045
B1922201956454N10339025WA0221502210001100037055042
B1922211956458N10339020WA0221402209001100038049042
B1922221956462N10339015WA0221302208001100039043036
B1922231956467N10339011WA0221202208001100039036026
B1922241956472N10339008WA0221102206001100040028018
B1922251956478N10339005WA0220902204001100043023022
B1922261956485N10339002WA0220802202001100048019020
B1922271956492N10338999WA0220702202001100047022022
B1922281956498N10338996WA0220702201001100044028019
B1922291956504N10338993WA0220602201001100041033018
B1922301956509N10338989WA0220702200001100041030014
B1922311956515N10338986WA0220702200001100041027027
B1922321956520N10338983WA0220702200001100041032042
B1922331956525N10338979WA0220702200001100041040041
B1922341956530N10338974WA0220902199001100041046037
B1922351956534N10338969WA0220902200001100041047038
B1922361956538N10338964WA0221102201001100040048041
B1922371956542N10338959WA0221202203001100037050050
B1922381956545N10338954WA0221402203001100037056058
B1922391956548N10338949WA0221302203001100037060062
B1922401956551N10338944WA0221302204001100041065047
B1922411956553N10338938WA0221602205001100041064047
B1922421956556N10338932WA0221802205001100041063064
B1922431956558N10338926WA0222202207001100038067073
B1922441956560N10338921WA0222302208001100034073080
B1922451956561N10338916WA0222402210001100033083079
B1922461956560N10338910WA0222702212001100034090080
B1922471956560N10338905WA0222702214001100034096105
B1922481956559N10338900WA0223002215001100034105110
B1922491956557N10338895WA0223102216001100034113122
B1922501956554N10338892WA0223302217001100030124119
B1922511956550N10338891WA0223302219001100026152119
B1922521956546N10338890WA0223002219001100026156117
B1922531956542N10338888WA0222802220001100025155119
B1922541956539N10338887WA0222502219001100025155113
B1922551956534N10338884WA0222302218001100030150103
B1922561956530N10338882WA0222202217001100030144098
B1922571956527N10338878WA0222202217001100029136100
B1922581956524N10338875WA0222202217001100028126096
B1922591956521N10338871WA0222302217001100027124091
B1923001956518N10338868WA0222302217001100027130094
B1923011956516N10338864WA0222302217001100027133085
B1923021956513N10338861WA0222302217001100025127086
B1923031956511N10338858WA0222302217001100024118078
B1923041956510N10338854WA0222202217001100023102066
B1923051956510N10338850WA0222102216001100023089056
B1923061956511N10338847WA0222002216001100023070049
B1923071956516N10338845WA0221902215001100025023040
B1923081956520N10338844WA0221902215001100026015015
B1923091956525N10338846WA0221902214001100030349011
B1923101956530N10338848WA0221902214001100032338355
B1923111956534N10338852WA0221902214001100032323346
B1923121956537N10338856WA0221802215001100032308337
B1923131956540N10338861WA0221702214001100034299321
B1923141956543N10338866WA0221602214001100038296308
B1923151956545N10338872WA0221502213001100039291297
B1923161956547N10338879WA0221402213001100041285290
B1923171956548N10338885WA0221402213001100041280284
B1923181956549N10338892WA0221302212001100041277278
B1923191956550N10338899WA0221302212001100040276273
B1923201956551N10338905WA0221202211001100041275282
B1923211956552N10338912WA0221102209001100042277255
B1923221956553N10338918WA0220902207001100040282287
B1923231956554N10338924WA0220702205001100038287292
B1923241956556N10338930WA0220702203001100041285285
B1923251956557N10338937WA0220602202001100040282307
B1923261956559N10338943WA0220602201001100038283312
B1923271956560N10338948WA0220702200001100034287319
B1923281956562N10338953WA0220602199001100034298327
B1923291956565N10338958WA0220602199001100036311329
B1923301956569N10338962WA0220502198001100037319328
B1923311956574N10338965WA0220502198001100036325332
B1923321956578N10338969WA0220402197001100036327335
B1923331956583N10338972WA0220402197001100036323324
B1923341956587N10338976WA0220402196001100038319324
B1923351956592N10338980WA0220402196001100040313323
B1923361956596N10338985WA0220502196001100039314318
B1923371956600N10338989WA0220602195001100036313307
B1923381956603N10338993WA0220702195001100033308295
B1923391956605N10338998WA0220702195001100032298284
B1923401956607N10339003WA0220702195001100033290272
B1923411956607N10339009WA0220602194001100037268264
B1923421956605N10339015WA0220502194001100041250243
B1923431956603N10339021WA0220602193001100040242227
B1923441956599N10339026WA0220602193001100038228218
B1923451956594N10339029WA0220502192001100036209203
B1923461956588N10339030WA0220502191001100035189185
B1923471956583N10339030WA0220602191001100035176172
B1923481956578N10339029WA0220602189001100033166157
B1923491956573N10339027WA0220602190001100031162149
B1923501956568N10339026WA0220702191001100032163156
B1923511956563N10339024WA0220902193001100033160157
B1923521956558N10339022WA0221202195001100033160158
B1923531956553N10339021WA0221402197001100032164166
B1923541956548N10339020WA0221902199001100029172184
B1923551956544N10339020WA0222202201001100028178177
B1923561956540N10339020WA0222602203001100025190192
B1923571956537N10339022WA0222702205001100025204201
B1923581956533N10339024WA0222802207001100029205190
B1923591956529N10339027WA0222902208001100033211181
B1924001956525N10339031WA0222802210001100038216164
B1924011956520N10339035WA0223002211001100034217159
B1924021956517N10339037WA0223002212001100025202164
B1924031956514N10339036WA0222802213001100017172156
B1924041956512N10339035WA0222702213001100017141147
B1924051956511N10339032WA0222802213001100015125124
B1924061956511N10339029WA0222702213001100015101103
B1924071956511N10339026WA0222702214001100016088101
B1924081956512N10339023WA0222702213001100020087097
B1924091956512N10339019WA0222402213001100023084077
B1924101956513N10339015WA0222502213001100026077089
B1924111956514N10339010WA0222602213001100026078081
B1924121956515N10339006WA0222802214001100026081083
B1924131956516N10339002WA0222902216001100023078086
B1924141956517N10338998WA0222902216001100022081089
B1924151956518N10338995WA0222802216001100025077091
B1924161956519N10338990WA0222602216001100029073067
B1924171956520N10338985WA0222502216001100032073078
B1924181956522N10338980WA0222602216001100030073074
B1924191956523N10338976WA0222602217001100026074074
B1924201956524N10338973WA0222502217001100022077072
B1924211956525N10338969WA0222402217001100021075073
B1924221956526N10338965WA0222202216001100024073076
B1924231956527N10338961WA0222002215001100029078053
B1924241956528N10338955WA0221902214001100032080066
B1924251956529N10338950WA0221902214001100030080073
B1924261956529N10338946WA0221802213001100029080076
B1924271956530N10338941WA0221602212001100031084080
B1924281956530N10338935WA0221502211001100034089074
B1924291956530N10338929WA0221402210001100035094070
B1924301956529N10338924WA0221302209001100034094069
B1924311956529N10338919WA0221202209001100032091073
B1924321956529N10338914WA0221002208001100030090085
B1924331956529N10338909WA0220802206001100031092082
B1924341956529N10338904WA0220602204001100032097083
B1924351956528N10338898WA0220602202001100036101075
B1924361956527N10338892WA0220602201001100036099082
B1924371956526N10338887WA0220602200001100034097080
B1924381956526N10338882WA0220502200001100032094090
B1924391956525N10338876WA0220502198001100033093081
B1924401956525N10338871WA0220402197001100035087064
B1924411956526N10338865WA0220402196001100037083080
B1924421956526N10338859WA0220502196001100037087102
B1924431956526N10338853WA0220602196001100037091081
B1924441956526N10338847WA0220802196001100039092069
B1924451956526N10338841WA0221102195001100036091062
B1924461956525N10338836WA0221102195001100031090071
B1924471956526N10338833WA0221202196001100025081069
B1924481956526N10338829WA0221202196001100025082090
B1924491956526N10338825WA0221202196001100029087096
B1924501956527N10338820WA0221402197001100029088099
B1924511956527N10338816WA0221802197001100030087096
B1924521956527N10338811WA0222002198001100027089059
B1924531956526N10338808WA0222202200001100023097071
B1924541956526N10338805WA0222302201001100022091071
B1924551956526N10338801WA0222402203001100026084066
B1924561956526N10338797WA0222702205001100029082066
B1924571956527N10338792WA0223102206001100029079055
B1924581956529N10338789WA0223202208001100023050049
B1924591956532N10338788WA0223402210001100023010034
B1925001956537N10338790WA0223402212001100033336005
B1925011956542N10338793WA0223702214001100032324331
B1925021956545N10338798WA0224002216001100030307317
B1925031956546N10338803WA0224202218001100031289300
B1925041956543N10338809WA0224302221001100031254280
B1925051956538N10338814WA0224702223001100031225242
B1925061956531N10338816WA0225002225001100031190211
B1925071956525N10338815WA0225202229001100031163176
B1925081956521N10338812WA0225502232001100027135150
B1925091956519N10338809WA0225702234001100024110127
B1925101956518N10338805WA0225802236001100022095105
B1925111956520N10338802WA0226002236001100024067093
B1925121956523N10338799WA0226302239001100024045069
B1925131956527N10338799WA0226702242001100020005051
B1925141956530N10338800WA0227002244001100020346018
B1925151956533N10338805WA0227102247001100027304000
B1925161956536N10338809WA0227302250001100031303309
B1925171956539N10338814WA0227602253001100035299302
B1925181956541N10338820WA0227702256001100034289283
B1925191956542N10338826WA0228002261001100036267272
B1925201956540N10338833WA0228202265001100039244253
B1925211956536N10338838WA0228302267001100040228227
B1925221956531N10338840WA0228502269001100035199211
B1925231956525N10338840WA0228802272001100031177180
B1925241956521N10338838WA0229102274001100026150159
B1925251956519N10338836WA0229402276001100019135134
B1925261956520N10338831WA0229602279001100018080118
B1925271956522N10338827WA0230002281001100023047077
B1925281956526N10338824WA0230402285001100023032051
B1925291956529N10338823WA0230702288001100024002039
B1925301956533N10338824WA0230902291001100025346012
B1925311956537N10338826WA0231102294001100027329357
B1925321956540N10338828WA0231202290001100027325339
B1925331956542N10338833WA0231302292001100025298335
B1925341956541N10338841WA0231402295001100033262307
B1925351956537N10338847WA0231602298001100036234261
B1925361956532N10338849WA0231702299001100034200229
B1925371956527N10338850WA0232002303001100031184190
B1925381956522N10338850WA0232402306001100030178172
B1925391956519N10338848WA0232802309001100021163166
B1925401956517N10338844WA0233302313001100019136146
B1925411956516N10338839WA0233602317001100024119122
B1925421956514N10338835WA0233902319001100028113110
B1925431956513N10338830WA0234002321001100027104106
B1925441956513N10338825WA0234202324001100026090098
B1925451956516N10338821WA0234502326001100029056086
B1925461956520N10338817WA0234902330001100030040059
B1925471956524N10338814WA0235102334001100029030045
B1925481956529N10338814WA0235402337001100030006036
B1925491956534N10338816WA0235802340001100034336015
B1925501956539N10338820WA0236002344001100036324346
B1925511956542N10338826WA0236502349001100035301333
B1925521956543N10338834WA0236802354001100037273309
B1925531956542N10338840WA0237002360001100038263277
B1925541956541N10338847WA0237202365001100038257264
B1925551956539N10338853WA0237202368001100040251257
B1925561956535N10338856WA0237302371001100038228250
B1925571956529N10338859WA0237302372001100038214223
B1925581956523N10338860WA0237702374001100037198207
B1925591956517N10338859WA0237902376001100035175189
B1926001956512N10338856WA0238102378001100033155165
B1926011956507N10338853WA0238402381001100031147145
B1926021956505N10338847WA0238702384001100027117138
B1926031956505N10338842WA0239102387001100030087110
B1926041956506N10338837WA0239502390001100030075086
B1926051956507N10338832WA0239802393001100028068075
B1926061956512N10338831WA0240002397001100025023069
B1926071956516N10338830WA0240202401001100026010032
B1926081956520N10338831WA0240402402001100031349020
B1926091956526N10338833WA0240702404001100034339000
B1926101956530N10338837WA0241002408001100036327348
B1926111956534N10338843WA0241302411001100036303336
B1926121956535N10338850WA0241702415001100037282310
B1926131956534N10338857WA0242102419001100038254286
B1926141956530N10338862WA0242302422001100038243253
B1926151956524N10338865WA0242502425001100038208241
B1926161956518N10338867WA0242902428001100036196201
B1926171956513N10338867WA0243302431001100033176187
B1926181956508N10338865WA0243502433001100031154166
B1926191956504N10338862WA0243902436001100028148144
B1926201956503N10338858WA0244302441001100025113137
B1926211956502N10338854WA0244702445001100024099106
B1926221956504N10338850WA0244802448001100024064094
B1926231956506N10338846WA0245002451001100025053066
B1926241956510N10338843WA0245302456001100025039057
B1926251956514N10338841WA0245502460001100026019046
B1926261956519N10338841WA0245702462001100029004028
B1926271956526N10338845WA0245802463001100039336014
B1926281956531N10338848WA0246102467001100039328344
B1926291956536N10338853WA0246402470001100039316336
B1926301956539N10338860WA0246602474001100038292324
B1926311956539N10338868WA0246902479001100042266298
B1926321956537N10338875WA0247102483001100042251267
B1926331956535N10338881WA0247302485001100038245250
B1926341956532N10338885WA0247602488001100034231243
B1926351956528N10338889WA0247702490001100031220226
B1926361956524N10338891WA0247702492001100028208212
B1926371956519N10338891WA0247902493001100030189198
B1926381956514N10338889WA0248102494001100031167178
B1926391956510N10338887WA0248302496001100031157156
B1926401956507N10338884WA0248702499001100025135147
B1926411956506N10338879WA0249002502001100024097125
B1926421956506N10338875WA0249302504001100022080092
B1926431956508N10338871WA0249402507001100023066079
B1926441956510N10338868WA0249602509001100025056064
B1926451956513N10338864WA0249702512001100027047052
B1926461956518N10338861WA0249802514001100030036043
B1926471956522N10338859WA0250002516001100030026034
B1926481956529N10338859WA0250202518001100036359026
B1926491956535N10338860WA0250502521001100039349000
B1926501956541N10338863WA0250602523001100038339350
B1926511956547N10338866WA0250902526001100037329341
B1926521956551N10338871WA0251002528001100038320333
B1926531956555N10338877WA0251202529001100040310324
B1926541956557N10338885WA0251302530001100047287313
B1926551956558N10338893WA0251702533001100046280289
B1926561956559N10338901WA0251802535001100043275281
B1926571956558N10338907WA0252002536001100038266275
B1926581956557N10338913WA0252002538001100036261265
B1926591956555N10338918WA0252002539001100035251259
B1927001956553N10338922WA0251902540001100033243248
B1927011956548N10338922WA0252102540001100026200238
B1927021956543N10338921WA0252102540001100025170185
B1927031956540N10338919WA0252202540001100026149151
B1927041956536N10338916WA0252302540001100027136127
B1927051956535N10338911WA0252402541001100028108118
B1927061956535N10338906WA0252402542001100031077092
B1927071956538N10338901WA0252602542001100037052070
B1927081956543N10338898WA0252802543001100037036050
B1927091956548N10338896WA0253002545001100036017036
B1927101956554N10338896WA0253102546001100038359021
B1927111956560N10338897WA0253102547001100039350005
B1927131956571N10338904WA0253202548001100044332356
B1927141956576N10338910WA0253302547001100044314338
B1927151956579N10338918WA0253102547001100045295319
B1927161956581N10338925WA0253102548001100042283298
B1927171956582N10338931WA0253002548001100040278285
B1927181956581N10338936WA0253002548001100033256278
B1927191956579N10338940WA0252802547001100030238251
B1927201956575N10338943WA0252702546001100028217229
B1927211956571N10338944WA0252702546001100026204204
B1927221956568N10338943WA0252602544001100023174188
B1927231956564N10338942WA0252502543001100021155158
B1927241956562N10338939WA0252502542001100019128141
B1927251956561N10338935WA0252402542001100018109114
B1927261956561N10338931WA0252402542001100023093101
B1927271956562N10338926WA0252302540001100029083086
B1927281956563N10338920WA0252402539001100032077077
B1927291956564N10338915WA0252602539001100034077068
B1927301956566N10338909WA0252702539001100034074060
B1927311956568N10338904WA0252802539001100032067059
B1927321956571N10338900WA0252902539001100031057047
B1927331956574N10338895WA0252902538001100032051040
B1927341956578N10338891WA0253002538001100035042041
B1927351956583N10338887WA0253002539001100038031034
B1927361956588N10338885WA0253202541001100038022028
B1927371956594N10338883WA0253202542001100036010022
B1927381956599N10338883WA0253302542001100036359013
B1927391956605N10338884WA0253202543001100038351003
B1927401956611N10338885WA0253202543001100042342354
B1927411956617N10338888WA0253102542001100044333343
B1927421956622N10338892WA0253102541001100043326331
B1927431956627N10338896WA0252902541001100041318319
B1927441956631N10338901WA0252802541001100037311314
B1927451956635N10338906WA0252602540001100038303308
B1927461956638N10338912WA0252302539001100041300304
B1927471956641N10338917WA0252002536001100042300310
B1927481956645N10338923WA0251802535001100044307321
B1927491956650N10338929WA0251802535001100047324330
B1927501956656N10338933WA0251802534001100043327331
B1927511956662N10338935WA0251802534001100040334330
B1927521956667N10338938WA0251602533001100037330329
B1927531956672N10338941WA0251302532001100038330339
B1927541956677N10338944WA0250802531001100041329342
B1927551956682N10338948WA0250402528001100039328336
B1927561956688N10338951WA0250002526001100042328330
B1927571956694N10338955WA0249802523001100047333330
B1927581956701N10338958WA0249802522001100045332330
B1927591956708N10338962WA0249702521001100045331325
B1928001956714N10338965WA0249502521001100039333320
B1928011956719N10338968WA0249302518001100041329317
B1928021956725N10338972WA0248902516001100043323314
B1928031956730N10338977WA0248602512001100047318310
B1928041956735N10338982WA0248402511001100046313302
B1928051956740N10338987WA0248302509001100042310294
B1928061956744N10338992WA0248202507001100038303283
B1928071956745N10338999WA0248002504001100038281282
B1928081956746N10339005WA0247902502001100036272267
B1928091956745N10339011WA0247702500001100035260253
B1928101956744N10339016WA0247402498001100034249240
B1928111956741N10339021WA0247202495001100034238227
B1928121956737N10339024WA0247002491001100033214217
B1928131956731N10339024WA0246802486001100033189194
B1928141956726N10339024WA0246702483001100030180173
B1928151956722N10339023WA0246602480001100028166167
B1928161956718N10339021WA0246502476001100030162158
B1928171956713N10339020WA0246102473001100032165159
B1928181956709N10339018WA0245802468001100034163155
B1928191956703N10339016WA0245502464001100037159150
B1928201956698N10339014WA0245202461001100038157149
B1928211956693N10339011WA0244902457001100037155155
B1928221956688N10339009WA0244702454001100034156154
B1928231956683N10339007WA0244502452001100030159149
B1928241956679N10339005WA0244202449001100030158160
B1928251956675N10339003WA0244002446001100033155158
B1928261956670N10339000WA0243702443001100038151136
B1928271956665N10338997WA0243702441001100037154146
B1928281956660N10338994WA0243602438001100036154154
B1928291956655N10338992WA0243802435001100033153136
B1928301956651N10338990WA0243802434001100032152140
B1928311956647N10338988WA0243602433001100028158147
B1928321956643N10338987WA0243602432001100031162146
B1928331956638N10338985WA0243402431001100034161152
B1928341956633N10338983WA0243402430001100033158146
B1928351956629N10338981WA0243402430001100033154148
B1928361956624N10338979WA0243502430001100032153151
B1928371956619N10338976WA0243402430001100032157150
B1928381956615N10338975WA0243502430001100034159142
B1928391956610N10338973WA0243502430001100032157143
B1928401956606N10338971WA0243502430001100031157139
B1928411956601N10338969WA0243502431001100031156133
B1928421956597N10338967WA0243502431001100030154131
B1928431956593N10338965WA0243502432001100029151123
B1928441956590N10338962WA0243402432001100029144120
B1928451956586N10338959WA0243302431001100029137123
B1928461956583N10338956WA0243302431001100031136121
B1928471956579N10338953WA0243202431001100033138114
B1928481956575N10338949WA0243202431001100033142122
B1928491956571N10338946WA0243202431001100033146115
B1928501956567N10338943WA0243402432001100033150112
B1928511956562N10338941WA0243502433001100032151130
B1928521956559N10338938WA0243502434001100028149142
B1928531956555N10338936WA0243502434001100027150133
B1928541956552N10338934WA0243502434001100028152132
B1928551956548N10338932WA0243402434001100031156133
B1928561956543N10338930WA0243302433001100033152119
B1928571956539N10338927WA0243402433001100031146127
B1928581956535N10338925WA0243602434001100028143127
B1928591956532N10338922WA0243602435001100027149126
B1929001956528N10338920WA0243602435001100030152129
B1929011956524N10338917WA0243602434001100034146116
B1929021956520N10338914WA0243502434001100034139116
B1929031956516N10338910WA0243402433001100034137117
B1929041956512N10338907WA0243202433001100034139105
B1929051956509N10338903WA0243102431001100033137104
B1929061956506N10338899WA0242902431001100032130101
B1929071956503N10338895WA0242802430001100033120103
B1929081956501N10338890WA0242502429001100031113102
B1929091956500N10338886WA0242502428001100028113103
B1929101956498N10338882WA0242302428001100026113101
B1929111956497N10338878WA0242202427001100027109104
B1929121956496N10338874WA0242102426001100028103098
B1929131956495N10338870WA0241902424001100031100107
B1929141956494N10338865WA0241802422001100034102095
B1929151956494N10338859WA0241702421001100035100089
B1929161956493N10338854WA0241602419001100035094077
B1929171956493N10338848WA0241502418001100033085072
B1929181956494N10338844WA0241402417001100032073070
B1929191956496N10338839WA0241202416001100033069078
B1929201956498N10338834WA0241002414001100032071069
B1929211956499N10338829WA0240802412001100034076071
B1929221956501N10338823WA0240602410001100034076070
B1929231956502N10338818WA0240402409001100036073062
B1929241956504N10338812WA0240202407001100037071060
B1929251956506N10338806WA0240102405001100038071063
B1929261956508N10338801WA0239902404001100037071062
B1929271956510N10338795WA0239802402001100036070061
B1929281956512N10338790WA0239602400001100036069062
B1929291956514N10338784WA0239502399001100036069060
B1929301956515N10338779WA0239202397001100035069061
B1929311956517N10338774WA0239002395001100036071064
B1929321956519N10338768WA0238802393001100036069060
B1929331956521N10338762WA0238702391001100036070065
B1929341956523N10338757WA0238602390001100035071067
B1929351956525N10338751WA0238502389001100035072071
B1929361956527N10338746WA0238302388001100033075084
B1929371956528N10338741WA0238302387001100030079080
B1929381956528N10338737WA0238102386001100027083082
B1929391956528N10338733WA0238002384001100026084084
B1929401956529N10338728WA0237802383001100026087097
B1929411956529N10338724WA0237602382001100025096112
B1929421956528N10338721WA0237502380001100025109127
B1929431956526N10338717WA0237202378001100027118139
B1929441956523N10338714WA0237002375001100028131148
B1929451956519N10338713WA0236902373001100026148158
B1929461956514N10338714WA0236702371001100028178169
B1929471956509N10338715WA0236602369001100031190172
B1929481956504N10338717WA0236302367001100035196184
B1929491956499N10338720WA0236202365001100039202177
B1929501956493N10338723WA0236202363001100040205189
B1929511956487N10338725WA0236402362001100037201188
B1929521956483N10338729WA0236402361001100033206189
B1929531956480N10338733WA0236402361001100031224194
B1929541956477N10338736WA0236102360001100033227192
B1929551956473N10338741WA0235802359001100033226202
B1929561956470N10338745WA0235502357001100036226214
B1929571956465N10338750WA0235202354001100042227223
B1929581956462N10338756WA0235102352001100043236248
B1929591956459N10338762WA0235002350001100042246251
B1930001956458N10338770WA0234902349001100043264260
B1930011956458N10338777WA0234702347001100043271258
B1930021956458N10338784WA0234502346001100041273266
B1930031956459N10338791WA0234202344001100043274268
B1930041956460N10338798WA0234002341001100045276272
B1930051956461N10338805WA0233802338001100047280273
B1930061956463N10338813WA0233602336001100045282273
B1930071956464N10338820WA0233402334001100043283275
B1930081956466N10338826WA0233202332001100041283278
B1930091956468N10338833WA0233102330001100041284287
B1930101956469N10338839WA0233002328001100043288319
B1930111956472N10338846WA0232802326001100040296290
B1930121956475N10338850WA0232902325001100035310317
B1930131956479N10338855WA0233202324001100035311332
B1930141956482N10338858WA0233402323001100032310317
B1930151956485N10338862WA0233502324001100031314323
B1930161956489N10338864WA0233602325001100029320324
B1930171956492N10338867WA0233702326001100030322315
B1930181956496N10338870WA0233902328001100028318300
B1930191956499N10338873WA0234102328001100026305282
B1930201956500N10338877WA0234002329001100028291278
B1930211956500N10338882WA0233902329001100033264276
B1930221956498N10338887WA0233902329001100037256251
B1930231956497N10338894WA0234102331001100040255255
B1930241956496N10338900WA0234302332001100037257250
B1930251956494N10338905WA0234402334001100031252239
B1930261956493N10338910WA0234302335001100032248250
B1930271956490N10338915WA0234102335001100031244236
B1930281956487N10338920WA0234202335001100037238240
B1930291956484N10338925WA0234402336001100041236228
B1930301956480N10338931WA0234602337001100039235228
B1930311956477N10338936WA0234802338001100036236226
B1930321956473N10338940WA0235002339001100033225215
B1930331956468N10338943WA0235202341001100036215186
B1930341956463N10338945WA0235402342001100038204180
B1930351956457N10338947WA0235602344001100037193169
B1930361956452N10338948WA0235702345001100037184154
B1930371956446N10338947WA0235702346001100038175149
B1930381956440N10338945WA0235802348001100039164138
B1930391956434N10338942WA0236002349001100037153116
B1930401956430N10338939WA0236102350001100034146118
B1930411956426N10338935WA0236202352001100030137102
B1930421956424N10338931WA0236302353001100027123098
B1930431956423N10338926WA0236402354001100027106086
B1930441956422N10338922WA0236402355001100027092077
B1930451956423N10338917WA0236402356001100027083069
B1930461956426N10338912WA0236502357001100027064065
B1930471956428N10338909WA0236602358001100025051054
B1930481956432N10338908WA0236602360001100024029045
B1930491956437N10338908WA0236602360001100026001032
B1930501956442N10338910WA0236502360001100029343006
B1930511956446N10338913WA0236602361001100029330350
B1930521956450N10338916WA0236702362001100028315339
B1930531956452N10338922WA0236702362001100033287325
B1930541956452N10338928WA0236702364001100034273294
B1930551956452N10338934WA0237002365001100033271275
B1930561956452N10338940WA0237102367001100031262271
B1930571956451N10338945WA0237202369001100031253253
B1930581956449N10338949WA0237202369001100032245244
B1930591956446N10338954WA0237302370001100032236232
B1931001956443N10338958WA0237202370001100034228221
B1931011956439N10338962WA0237102370001100036223214
B1931021956435N10338965WA0237202370001100035219210
B1931031956430N10338969WA0237202371001100037212201
B1931041956425N10338972WA0237302371001100040205177
B1931051956419N10338974WA0237302371001100039197179
B1931061956414N10338976WA0237302372001100035193167
B1931071956409N10338976WA0237302372001100032186166
B1931081956404N10338976WA0237302372001100030173158
B1931091956400N10338974WA0237302371001100032162147
B1931101956396N10338972WA0237202371001100032151132
B1931111956392N10338969WA0237002370001100031141124
B1931121956389N10338965WA0236902370001100028121112
B1931131956388N10338961WA0236902370001100027104099
B1931141956388N10338956WA0236802369001100029093112
B1931151956387N10338951WA0236802369001100030102103
B1931161956386N10338946WA0236702369001100033111114
B1931171956383N10338941WA0236802369001100034119108
B1931181956381N10338937WA0236802369001100031123102
B1931191956379N10338933WA0236802369001100026117085
B1931201956377N10338929WA0236502368001100025107073
B1931211956377N10338925WA0236202366001100024097071
B1931221956379N10338922WA0235802364001100023069064
B1931231956382N10338919WA0235502362001100026038049
B1931241956387N10338917WA0235302361001100029022027
B1931251956394N10338916WA0235102360001100034010021
B1931261956400N10338917WA0235002359001100036000011
B1931271956406N10338918WA0234902358001100036352003
B1931281956412N10338919WA0234702357001100036347349
B1931291956417N10338920WA0234402355001100037340341
B1931301956423N10338923WA0234202353001100040334341
B1931311956429N10338926WA0233902350001100042329338
B1931321956434N10338930WA0233802348001100040330339
B1931331956440N10338933WA0233702346001100038329332
B1931341956445N10338937WA0233602345001100038322304
B1931351956449N10338941WA0233402343001100040315304
B1931361956453N10338945WA0233202341001100040312292
B1931371956456N10338951WA0233002339001100040300286
B1931381956458N10338959WA0232802337001100046286282
B1931391956460N10338968WA0232802335001100050281283
B1931401956461N10338976WA0232902333001100049281272
B1931411956463N10338984WA0233002332001100050281269
B1931421956464N10338992WA0233202332001100049281269
B1931431956465N10339000WA0233402333001100044279267
B1931441956466N10339006WA0233502334001100040273265
B1931451956466N10339013WA0233502335001100040271280
B1931461956466N10339019WA0233502335001100042273276
B1931471956467N10339026WA0233602334001100043279297
B1931481956469N10339033WA0233602335001100042288303
B1931491956471N10339039WA0233802335001100041295294
B1931501956474N10339045WA0233802336001100041293295
B1931511956476N10339051WA0233802336001100041289293
B1931521956478N10339057WA0233802336001100040284290
B1931531956479N10339063WA0233802334001100040285291
B1931541956481N10339069WA0233802334001100042285287
B1931551956482N10339076WA0233802334001100042280286
B1931561956483N10339083WA0233902335001100041280305
B1931571956484N10339089WA0234102335001100040280291
B1931581956486N10339095WA0234202335001100040284304
B1931591956487N10339101WA0234202336001100038288324
B1932001956489N10339107WA0233902336001100036291332
B1932011956492N10339112WA0233602336001100035293324
B1932021956495N10339116WA0233302335001100036299323
B1932031956500N10339121WA0233202334001100042310324
B1932041956506N10339126WA0233402334001100047329342
B1932051956513N10339129WA0233502335001100043337356
B1932061956520N10339129WA0233502335001100042000005
B1932071956526N10339127WA0233302335001100039009019
B1932081956531N10339125WA0233202335001100036019021
B1932091956536N10339121WA0232902335001100033028037
B1932101956539N10339117WA0232902334001100034038042
B1932111956544N10339113WA0232902334001100034040047
B1932121956547N10339109WA0232902334001100033048057
B1932131956550N10339104WA0233002334001100032054065
B1932141956552N10339100WA0233202335001100031056076
B1932151956554N10339095WA0233502335001100031057057
B1932161956557N10339090WA0233902335001100030056061
B1932171956559N10339086WA0234302336001100028055058
B1932181956561N10339083WA0234802338001100027059050
B1932191956563N10339080WA0235102342001100024052064
B1932201956565N10339077WA0235402346001100022043081
B1932211956567N10339075WA0235702348001100021054080
B1932221956569N10339072WA0235802351001100020072079
B1932231956568N10339067WA0236002353001100025108087
B1932241956566N10339064WA0236202355001100024122125
B1932251956564N10339061WA0236402358001100023137126
B1932261956560N10339060WA0236602360001100025151149
B1932271956556N10339058WA0236902363001100027161143
B1932281956552N10339057WA0237202366001100031168160
B1932291956547N10339057WA0237302369001100031174150
B1932301956543N10339056WA0237502371001100028169147
B1932311956538N10339055WA0237602373001100030164129
B1932321956534N10339054WA0237502374001100030159141
B1932331956530N10339052WA0237502375001100031158136
B1932341956527N10339050WA0237502376001100032157159
B1932351956522N10339048WA0237402377001100033164178
B1932361956518N10339048WA0237302377001100034176184
B1932371956513N10339049WA0237202377001100036193201
B1932381956509N10339054WA0237102376001100039219210
B1932391956506N10339060WA0237102375001100042241236
B1932401956505N10339067WA0237102374001100039262259
B1932411956506N10339073WA0237102374001100038283280
B1932421956510N10339079WA0237102375001100042309300
B1932431956515N10339084WA0237202375001100044317324
B1932441956521N10339088WA0237202375001100044323339
B1932451956527N10339092WA0237202375001100044328348
B1932461956532N10339095WA0237402376001100044332004
B1932471956538N10339098WA0237402376001100040338351
B1932481956544N10339099WA0237402376001100037348013
B1932491956549N10339099WA0237502377001100036358014
B1932501956555N10339098WA0237602377001100032004021
B1932511956559N10339097WA0237802378001100029012028
B1932521956562N10339096WA0237902379001100024018032
B1932531956565N10339094WA0237902380001100019031035
B1932541956567N10339092WA0237902380001100019032046
B1932551956569N10339091WA0237802378001100017034047
B1932561956570N10339089WA0237602378001100015051050
B1932571956570N10339086WA0237502378001100014103062
B1932581956568N10339084WA0237402377001100021127097
B1932591956565N10339081WA0237502376001100024137115
B1933001956562N10339079WA0237402375001100022143116
B1933011956559N10339077WA0237402375001100020143113
B1933021956557N10339075WA0237202374001100018137116
B1933031956555N10339073WA0237202373001100020136114
B1933041956552N10339071WA0237002372001100023145134
B1933051956549N10339069WA0236802371001100024154129
B1933061956545N10339067WA0236802370001100028163137
B1933071956541N10339067WA0236802370001100026175156
B1933081956537N10339068WA0236902370001100024183157
B1933091956533N10339069WA0236702369001100024196178
B1933101956529N10339070WA0236502368001100028197204
B1933111956525N10339073WA0236402366001100037214197
B1933121956521N10339079WA0236102365001100046227237
B1933131956517N10339085WA0236102363001100044233242
B1933141956514N10339091WA0236302362001100042242250
B1933151956513N10339098WA0236302361001100038261266
B1933161956515N10339106WA0236502363001100039279259
B1933171956516N10339113WA0236402365001100039274253
B1933181956517N10339119WA0236502365001100040268267
B1933191956517N10339126WA0236402363001100043266268
B1933201956518N10339133WA0236202362001100045281319
B1933211956521N10339139WA0236002360001100044295327
B1933221956526N10339145WA0236002359001100048314336
B1933231956533N10339148WA0236002360001100042327346
B1933241956540N10339149WA0236102361001100038350350
B1933251956545N10339149WA0236202362001100034349010
B1933261956551N10339150WA0236102362001100036344018
B1933271956556N10339152WA0235902361001100038343019
B1933281956562N10339153WA0235802361001100038345018
B1933291956569N10339152WA0235702361001100039010021
B1933301956574N10339151WA0235702360001100036014034
B1933311956580N10339148WA0235902361001100035019038
B1933321956583N10339145WA0236102361001100028025040
B1933331956586N10339143WA0236202363001100022036046
B1933341956587N10339141WA0236102363001100017043053
B1933351956589N10339138WA0236102364001100019046065
B1933361956591N10339135WA0236202363001100023051068
B1933371956593N10339132WA0236302363001100024055077
B1933381956595N10339129WA0236702363001100022054080
B1933391956596N10339126WA0236802364001100019063079
B1933401956597N10339123WA0236702364001100017074080
B1933411956598N10339120WA0236502365001100018072088
B1933421956598N10339118WA0236402365001100018070085
B1933431956599N10339114WA0236502364001100023075132
B1933441956600N10339111WA0236702364001100021083072
B1933451956599N10339108WA0236802364001100020092118
B1933461956598N10339105WA0236902365001100016103101
B1933471956597N10339104WA0236802364001100013115098
B1933481956596N10339102WA0236402365001100013111096
B1933491956595N10339100WA0236102364001100014112077
B1933501956594N10339097WA0236002363001100019100079
B1933511956594N10339092WA0235902362001100024091078
B1933521956594N10339088WA0235802362001100027087076
B1933531956594N10339083WA0235702361001100028083078
B1933541956594N10339078WA0235702360001100029080073
B1933551956595N10339073WA0235702360001100032083076
B1933561956595N10339068WA0235802359001100031081071
B1933571956596N10339063WA0236102360001100030082079
B1933581956595N10339058WA0236402360001100031086086
B1933591956595N10339052WA0236702360001100031089097
B1934001956593N10339049WA0237002361001100027099130
B1934011956590N10339046WA0237102361001100029118138
B1934021956587N10339043WA0237202361001100026134159
B1934031956581N10339046WA0237402363001100028174168
B1934041956576N10339050WA0237802366001100023199195
B1934051956574N10339056WA0238102369001100024246208
B1934061956574N10339062WA0238302372001100025283257
B1934071956576N10339067WA0238502374001100027306309
B1934081956580N10339071WA0238702377001100030322338
B1934091956584N10339073WA0239002381001100023342355
B1934101956587N10339074WA0239302384001100018347022
B1934111956589N10339073WA0239502385001100012010030
B1934121956589N10339072WA0239802387001100006006057
B1934131956586N10339070WA0240202389001100009143072
B1934141956583N10339072WA0240202391001100019214122
B1934151956579N10339077WA0240402393001100032244184
B1934161956577N10339084WA0240702396001100036267235
B1934171956577N10339089WA0240902398001100029277268
B1934181956579N10339094WA0241202401001100031295282
B1934191956581N10339097WA0241502403001100028309307
B1934201956585N10339096WA0241602406001100021344328
B1934211956588N10339095WA0241802409001100012032013
B1934221956588N10339091WA0242002412001100012104059
B1934231956587N10339089WA0242502414001100018152099
B1934241956584N10339088WA0242902418001100023183131
B1934251956580N10339089WA0243102421001100027198160
B1934261956576N10339092WA0243402424001100033222177
B1934271956573N10339097WA0243402427001100038232206
B1934281956571N10339104WA0243402428001100044259220
B1934291956572N10339111WA0243602429001100042280255
B1934301956574N10339116WA0243802433001100040296283
B1934311956578N10339121WA0244102436001100040308305
B1934321956582N10339123WA0244302439001100030315319
B1934331956586N10339122WA0244402443001100022348332
B1934341956588N10339118WA0244802446001100016042013
B1934351956589N10339114WA0245202450001100012090060
B1934361956587N10339111WA0245502453001100020148090
B1934371956584N10339109WA0245802457001100025161130
B1934381956580N10339110WA0245802459001100031197143
B1934391956576N10339113WA0246002461001100035226179
B1934401956574N10339118WA0246102462001100039253213
B1934411956574N10339124WA0246102462001100039271248
B1934421956576N10339130WA0246402464001100036283272
B1934431956579N10339135WA0246702467001100035293288
B1934441956582N10339137WA0247002472001100025292302
B1934451956586N10339135WA0247102476001100012338306
B1934461956589N10339129WA0247502478001100013086026
B1934471956588N10339125WA0247702483001100020133087
B1934481956587N10339121WA0247902486001100022142119
B1934491956583N10339119WA0247902488001100029174126
B1934501956579N10339119WA0248102492001100031184156
B1934511956575N10339121WA0248402493001100036211166
B1934521956572N10339125WA0248702494001100034233196
B1934531956571N10339130WA0249002495001100031248221
B1934541956571N10339134WA0249102496001100027261239
B1934551956574N10339138WA0249402492001100024288258
B1934561956579N10339142WA0249702495001100030306302
B1934571956585N10339145WA0250102499001100022319322
B1934581956591N10339142WA0250202503001100019012345
B1934591956594N10339138WA0250402507001100019033036
B1935001956595N10339134WA0250302510001100019087051
B1935011956596N10339129WA0250402513001100022102087
B1935021956594N10339125WA0250602515001100026137097
B1935031956591N10339122WA0250702517001100034151124
B1935041956585N10339122WA0250902520001100037174138
B1935051956580N10339126WA0251002520001100037204159
B1935061956576N10339131WA0251102521001100038221190
B1935071956574N10339138WA0251302523001100042250209
B1935081956573N10339145WA0251502524001100038266246
B1935091956575N10339151WA0251602525001100037281267
B1935101956579N10339156WA0251902527001100037304287
B1935111956582N10339160WA0252002530001100028301316
B1935121956585N10339161WA0252102534001100019310317
B1935131956587N10339160WA0252402537001100006295340
B1935141956586N10339157WA0252602534001100012192050
B1935151956584N10339155WA0252902535001100021184146
B1935161956580N10339154WA0253302537001100025184157
B1935171956575N10339154WA0253402539001100028194162
B1935181956572N10339156WA0253402540001100035211173
B1935191956567N10339159WA0253302541001100040220196
B1935201956564N10339165WA0253402543001100041243209
B1935211956562N10339171WA0253702544001100034256238
B1935221956562N10339176WA0253802545001100028270254
B1935231956564N10339181WA0253902547001100029283275
B1935241956570N10339184WA0254102548001100032321293
B1935251956576N10339186WA0254202551001100032332338
B1935261956582N10339184WA0254502554001100030007350
B1935271956588N10339181WA0254502557001100030018023
B1935281956591N10339177WA0254702560001100026054032
B1935291956591N10339172WA0255002564001100027088061
B1935301956590N10339167WA0255402566001100028116086
B1935311956588N10339164WA0255702569001100029124107
B1935321956585N10339162WA0256002572001100030150113
B1935331956580N10339163WA0256102574001100030180135
B1935341956575N10339165WA0256302577001100034200162
B1935351956570N10339168WA0256402579001100038213184
B1935361956567N10339174WA0256402580001100043232200
B1935371956563N10339180WA0256402582001100043237225
B1935381956562N10339186WA0256502582001100038251231
B1935391956562N10339192WA0256802583001100032265248
B1935401956566N10339197WA0256902585001100032291267
B1935411956572N10339201WA0257002587001100034323303
B1935421956578N10339203WA0257102589001100035335339
B1935431956585N10339202WA0257302592001100033354350
B1935441956590N10339201WA0257402595001100030006009
B1935451956594N10339199WA0257602597001100027023021
B1935461956597N10339196WA0257702601001100024049036
B1935471956598N10339192WA0257902604001100022079057
B1935481956596N10339189WA0258102605001100022122079
B1935491956593N10339186WA0258102606001100025148110
B1935501956588N10339185WA0258202606001100030171131
B1935511956582N10339188WA0258302608001100037200154
B1935521956577N10339192WA0258602609001100039212187
B1935531956573N10339197WA0258602610001100038225201
B1935541956571N10339203WA0258802611001100039241216
B1935551956570N10339210WA0258802612001100039263237
B1935561956573N10339216WA0258802613001100040289265
B1935571956576N10339222WA0259002614001100041302299
B1935581956580N10339227WA0259102616001100042314318
B1935591956585N10339231WA0259302617001100043319330
B1936001956591N10339234WA0259402618001100041328335
B1936011956597N10339235WA0259502620001100037350345
B1936021956602N10339234WA0259702622001100036002006
B1936031956607N10339233WA0259802624001100034013018
B1936041956611N10339231WA0260102625001100030028027
B1936051956614N10339228WA0260102627001100027039041
B1936061956615N10339224WA0260102629001100024077051
B1936071956614N10339220WA0260302630001100024106079
B1936081956612N10339217WA0260202631001100026122101
B1936091956609N10339214WA0260202631001100028152114
B1936101956604N10339213WA0260402631001100030167138
B1936111956599N10339216WA0260402632001100034202152
B1936121956595N10339222WA0260402631001100041229189
B1936131956592N10339230WA0260402631001100045253222
B1936141956591N10339237WA0260602631001100044256251
B1936151956591N10339244WA0260402631001100041276255
B1936161956596N10339250WA0260502632001100044300281
B1936171956601N10339254WA0260502632001100042319309
B1936181956606N10339257WA0260502632001100040336331
B1936191956612N10339258WA0260502633001100040347349
B1936201956618N10339257WA0260502634001100036357000
B1936211956623N10339256WA0260702634001100033008011
B1936221956626N10339252WA0260902635001100029036022
B1936231956629N10339249WA0261102635001100027041047
B1936241956630N10339246WA0261202636001100021074051
B1936251956629N10339242WA0261302637001100021116077
B1936261956627N10339239WA0261402639001100022125107
B1936271956625N10339236WA0261602640001100022130110
B1936281956622N10339233WA0261602641001100022132119
B1936291956620N10339231WA0261702641001100023134114
B1936301956617N10339228WA0261702641001100024136118
B1936311956614N10339225WA0261802642001100024135121
B1936321956611N10339222WA0262002644001100023136123
B1936331956609N10339220WA0262102645001100025144133
B1936341956605N10339218WA0262202646001100026153143
B1936351956601N10339216WA0262302647001100026162141
B1936361956597N10339215WA0262402648001100027168151
B1936371956593N10339214WA0262302649001100028174164
B1936381956589N10339214WA0262402648001100029181152
B1936391956585N10339214WA0262302646001100031185145
B1936401956581N10339215WA0262302645001100033181146
B1936411956576N10339214WA0262202645001100033172126
B1936421956571N10339213WA0262002644001100031164123
B1936431956567N10339210WA0261802643001100030147128
B1936441956564N10339207WA0261702642001100029136121
B1936451956561N10339203WA0261502641001100026128107
B1936461956559N10339200WA0261302640001100024125101
B1936471956557N10339196WA0261002639001100025126099
B1936481956555N10339192WA0260702637001100027122093
B1936491956554N10339187WA0260402634001100030110098
B1936501956553N10339182WA0260202631001100031102096
B1936511956552N10339177WA0260102630001100029096095
B1936521956552N10339173WA0259902628001100028093101
B1936531956552N10339168WA0259602625001100029097101
B1936541956551N10339163WA0259402622001100031101101
B1936551956550N10339158WA0259302620001100032103103
B1936561956550N10339153WA0259102618001100031104101
B1936571956549N10339149WA0259102618001100027104106
B1936581956548N10339145WA0259002616001100025107109
B1936591956547N10339141WA0258702614001100024111116
B1937001956545N10339137WA0258602612001100026111106
B1937011956544N10339133WA0258402610001100028113110
B1937021956542N10339128WA0258302608001100029110111
B1937031956541N10339124WA0258102607001100027111113
B1937041956539N10339120WA0258002605001100024114118
B1937051956538N10339117WA0257902604001100024118122
B1937061956536N10339114WA0257702602001100024123120
B1937071956534N10339110WA0257502600001100025125122
B1937081956532N10339107WA0257402599001100025127123
B1937091956529N10339104WA0257302597001100024128124
B1937101956527N10339101WA0257202596001100024129121
B1937111956525N10339098WA0257002594001100023129117
B1937121956523N10339095WA0256902592001100022125116
B1937131956521N10339092WA0256702590001100023125116
B1937141956519N10339089WA0256602589001100024127121
B1937151956517N10339086WA0256402587001100023130117
B1937161956515N10339084WA0256302585001100023133115
B1937171956512N10339081WA0256202583001100023127109
B1937181956510N10339078WA0256102581001100022114091
B1937191956510N10339074WA0255902579001100023098080
B1937201956510N10339070WA0255702576001100027081078
B1937211956511N10339065WA0255502575001100028072076
B1937221956513N10339061WA0255402573001100030068072
B1937231956515N10339057WA0255302571001100029065069
B1937241956517N10339053WA0255202569001100029058065
B1937251956519N10339049WA0255002566001100031054066
B1937261956522N10339045WA0254802564001100032054064
B1937271956525N10339041WA0254702563001100033054067
B1937281956528N10339036WA0254602561001100032054070
B1937291956531N10339032WA0254502560001100031056071
B1937301956534N10339028WA0254402559001100030058075
B1937311956536N10339024WA0254202557001100031060072
B1937321956538N10339019WA0254002555001100033062071
B1937331956541N10339015WA0253902553001100034065079
B1937341956543N10339009WA0253802552001100034069081
B1937351956544N10339004WA0253802551001100032071081
B1937361956546N10339000WA0253702550001100030074082
B1937371956547N10338995WA0253702549001100029073081
B1937381956548N10338991WA0253502547001100031073082
B1937391956550N10338986WA0253402546001100032074085
B1937401956551N10338981WA0253402545001100032077084
B1937411956552N10338976WA0253402544001100032079083
B1937421956553N10338972WA0253302544001100030080082
B1937431956553N10338967WA0253202544001100030078081
B1937441956554N10338963WA0253202543001100030077080
B1937451956555N10338958WA0253102542001100030077082
B1937461956556N10338953WA0253002541001100030080083
B1937471956557N10338949WA0253002540001100030081079
B1937481956558N10338944WA0252902540001100030081077
B1937491956558N10338939WA0252802539001100030080067
B1937501956559N10338935WA0252702537001100031077075
B1937511956561N10338930WA0252602536001100032074075
B1937521956562N10338924WA0252502535001100034079072
B1937531956562N10338919WA0252402534001100033086085
B1937541956562N10338914WA0252302534001100029091082
B1937551956562N10338910WA0252202533001100026088082
B1937561956563N10338906WA0252002532001100027082078
B1937571956564N10338901WA0251802530001100029079081
B1937581956564N10338896WA0251602529001100032084088
B1937591956564N10338891WA0251602527001100031086080
B1938001956565N10338887WA0251602526001100029087068
B1938011956565N10338882WA0251602525001100027082054
B1938021956566N10338879WA0251502523001100025072053
B1938031956569N10338875WA0251402522001100027059052
B1938041956572N10338872WA0251202520001100028046048
B1938051956576N10338869WA0251302519001100033034039
B1938061956581N10338866WA0251202518001100034028022
B1938071956586N10338865WA0251202519001100034019025
B1938081956591N10338863WA0251202518001100032012024
B1938091956596N10338863WA0251202518001100033006008
B1938101956602N10338862WA0251302517001100037005006
B1938111956608N10338862WA0251202518001100037000004
B1938121956614N10338863WA0251302519001100036349348
B1938131956619N10338866WA0251402520001100036338347
B1938141956624N10338868WA0251602520001100038334345
B1938151956630N10338871WA0251502521001100039336353
B1938161956635N10338874WA0251502521001100042335336
B1938171956641N10338877WA0251702521001100044337332
B1938181956648N10338879WA0251702521001100042340000
B1938191956653N10338882WA0251802522001100038344028
B1938201956659N10338882WA0251902523001100035356041
B1938211956664N10338881WA0252002525001100034017055
B1938221956669N10338879WA0251802526001100033025069
B1938231956673N10338875WA0252002526001100033030073
B1938241956675N10338871WA0252302527001100031042080
B1938251956674N10338867WA0252502527001100018066087
B1938261956671N10338865WA0252902528001100012123095
B1938271956666N10338865WA0253102530001100018181123
B1938281956662N10338865WA0253302531001100021188157
B1938291956658N10338865WA0253402533001100022191173
B1938301956654N10338866WA0253502534001100026197188
B1938311956650N10338867WA0253602535001100026199187
B1938321956646N10338871WA0253602536001100034230192
B1938331956643N10338877WA0253702538001100037245224
B1938341956642N10338883WA0253702539001100037269241
B1938351956644N10338890WA0253702540001100040289272
B1938361956646N10338895WA0253702540001100041300294
B1938371956650N10338901WA0254002542001100043309311
B1938381956654N10338906WA0253902543001100041314324
B1938391956658N10338910WA0254102544001100040317327
B1938401956663N10338912WA0254202546001100036328332
B1938411956668N10338913WA0254202547001100036342345
B1938421956674N10338913WA0254402548001100034350002
B1938431956680N10338910WA0254602551001100036020011
B1938441956684N10338906WA0254802553001100033034041
B1938451956687N10338902WA0254802556001100031042055
B1938461956688N10338898WA0254902558001100021064063
B1938471956686N10338895WA0255002559001100019115085
B1938481956682N10338892WA0255102560001100025152120
B1938491956678N10338891WA0255402562001100024168146
B1938501956674N10338891WA0255602564001100025185160
B1938511956671N10338892WA0255602566001100025197173
B1938521956667N10338893WA0255702567001100027194178
B1938531956663N10338894WA0255802568001100029188187
B1938541956658N10338895WA0255802568001100027195191
B1938551956655N10338896WA0255802570001100029201191
B1938561956651N10338898WA0255802571001100029207197
B1938571956647N10338901WA0255602571001100031208198
B1938581956644N10338904WA0255202571001100032212206
B1938591956640N10338907WA0255002570001100036213218
B1939001956636N10338912WA0254802569001100038224225
B1939011956633N10338917WA0254802568001100036231229
B1939021956630N10338922WA0254702568001100034240244
B1939031956630N10338929WA0254502567001100036258251
B1939041956629N10338935WA0254202565001100040258264
B1939051956628N10338941WA0254102564001100043258270
B1939061956627N10338949WA0254002563001100045265268
B1939071956627N10338956WA0253902563001100042266264
B1939081956627N10338963WA0253902563001100040269261
B1939091956627N10338969WA0253902563001100038267281
B1939101956627N10338975WA0253702561001100038267276
B1939111956627N10338982WA0253602560001100042267282
B1939121956627N10338989WA0253302558001100046274280
B1939131956629N10338996WA0253202556001100046282284
B1939141956631N10339004WA0253202555001100045285283
B1939151956634N10339012WA0253202559001100045287271
B1939161956635N10339019WA0253202559001100041278270
B1939171956636N10339025WA0253102558001100041271262
B1939181956636N10339032WA0252902556001100043268262
B1939191956636N10339039WA0252802554001100044268254
B1939201956636N10339046WA0252702552001100042265241
B1939211956635N10339052WA0252702551001100042255233
B1939221956633N10339058WA0252602550001100040244219
B1939231956630N10339064WA0252502548001100037233202
B1939241956626N10339068WA0252502547001100033223197
B1939251956622N10339071WA0252402546001100030211194
B1939261956618N10339073WA0252302544001100030205206
B1939271956614N10339075WA0252202543001100032207213
B1939281956610N10339078WA0252102541001100036212215
B1939291956605N10339081WA0251902540001100037217208
B1939301956601N10339085WA0252002539001100035217202
B1939311956597N10339088WA0252002539001100032217207
B1939321956593N10339091WA0251902538001100031214205
B1939331956589N10339094WA0251802537001100032215209
B1939341956585N10339097WA0251602536001100033215208
B1939351956581N10339100WA0251602535001100034215199
B1939361956577N10339103WA0251502533001100033213205
B1939371956573N10339106WA0251302532001100033212210
B1939381956569N10339109WA0251202531001100032217218
B1939391956565N10339112WA0251202529001100033223224
B1939401956562N10339116WA0251102528001100034230228
B1939411956559N10339121WA0250902527001100035234225
B1939421956556N10339125WA0250702525001100037235211
B1939431956553N10339130WA0250602523001100037231210
B1939441956549N10339134WA0250402521001100036225210
B1939451956545N10339138WA0250302520001100036223220
B1939461956541N10339142WA0250202518001100035226210
B1939471956538N10339146WA0250102517001100033229215
B1939481956535N10339150WA0249902516001100033226203
B1939491956531N10339153WA0249802514001100033220201
B1939501956527N10339156WA0249602511001100031215198
B1939511956523N10339159WA0249502510001100030210188
B1939521956519N10339160WA0249302508001100028202179
B1939531956515N10339161WA0249102505001100026194179
B1939541956512N10339162WA0249002503001100025185174
B1939551956508N10339162WA0248702500001100025180178
B1939561956504N10339162WA0248502498001100025178167
B1939571956500N10339161WA0248302495001100025171165
B1939581956497N10339160WA0248102493001100024164157
B1939591956493N10339159WA0247902490001100024155158
B1940001956490N10339156WA0247702487001100025149157
B1940011956487N10339154WA0247602485001100026147155
B1940021956484N10339152WA0247402483001100026147154
B1940031956480N10339150WA0247302481001100026147164
B1940041956477N10339147WA0247102479001100026146154
B1940051956474N10339145WA0247002478001100025140132
B1940061956471N10339142WA0246902476001100023130141
B1940071956470N10339139WA0246802474001100022120133
B1940081956468N10339135WA0246502473001100024111135
B1940091956467N10339132WA0246402471001100025115124
B1940101956465N10339128WA0246202469001100028115133
B1940111956463N10339123WA0246102468001100029109119
B1940121956462N10339119WA0245902467001100028100087
B1940131956462N10339115WA0245802465001100028089099
B1940141956463N10339110WA0245502463001100029080099
B1940151956464N10339105WA0245402460001100030076079
B1940161956465N10339100WA0245202458001100032074080
B1940171956466N10339095WA0245002455001100034068064
B1940181956469N10339089WA0244802453001100037063049
B1940191956472N10339085WA0244702457001100037055051
B1940201956475N10339081WA0244602456001100036047047
B1940211956479N10339077WA0244502455001100036043039
B1940221956483N10339073WA0244302453001100036037035
B1940231956488N10339070WA0244102451001100037029019
B1940241956493N10339067WA0243802449001100039022022
B1940251956500N10339065WA0243602447001100044015022
B1940261956506N10339064WA0243502446001100044017016
B1940271956513N10339062WA0243602445001100043012020
B1940281956519N10339062WA0243502444001100039010022
B1940291956525N10339061WA0243402442001100038006012
B1940301956531N10339061WA0243202439001100040001011
B1940311956538N10339061WA0243102437001100042358006
B1940321956544N10339061WA0242902435001100042357358
B1940331956551N10339062WA0242802435001100041353356
B1940341956557N10339063WA0242702434001100040348349
B1940351956563N10339065WA0242602433001100041342348
B1940361956570N10339067WA0242502431001100043340351
B1940371956576N10339070WA0242302429001100044340346
B1940381956582N10339072WA0242202427001100047340343
B1940391956589N10339075WA0242002426001100047338336
B1940401956596N10339078WA0241902425001100047334326
B1940411956602N10339082WA0241902424001100046327322
B1940421956608N10339086WA0241702423001100046321320
B1940431956613N10339091WA0241602422001100047317317
B1940441956618N10339097WA0241402421001100048316314
B1940451956624N10339102WA0241302419001100048316316
B1940461956629N10339108WA0241202417001100048315313
B1940471956635N10339113WA0241102416001100048315311
B1940481956640N10339119WA0241102414001100047315300
B1940491956644N10339124WA0241102414001100044311289
B1940501956648N10339129WA0240902414001100043303279
B1940511956651N10339135WA0240702412001100043296271
B1940521956653N10339142WA0240502410001100045287263
B1940531956655N10339149WA0240402409001100045279250
B1940541956655N10339156WA0240202408001100044272239
B1940551956655N10339163WA0240202407001100042262235
B1940561956653N10339169WA0240002406001100039251225
B1940571956650N10339174WA0239802404001100037242216
B1940581956647N10339179WA0239702403001100036236208
B1940591956644N10339184WA0239502401001100035230199
B1941001956641N10339188WA0239402399001100034222189
B1941011956637N10339191WA0239202397001100033215185
B1941021956632N10339194WA0239002395001100033208182
B1941031956628N10339196WA0238902393001100034203181
B1941041956623N10339198WA0238702392001100034200181
B1941051956618N10339200WA0238702390001100033201174
B1941061956614N10339202WA0238502389001100031198169
B1941071956609N10339203WA0238302387001100029193165
B1941081956605N10339204WA0238202385001100027188157
B1941091956601N10339204WA0237902383001100027178154
B1941101956597N10339203WA0237702381001100029168148
B1941111956592N10339202WA0237602379001100030163143
B1941121956588N10339200WA0237402378001100029154130
B1941131956585N10339198WA0237302376001100026147130
B1941141956582N10339195WA0237202375001100024139134
B1941151956579N10339193WA0236902373001100024138068
B1941161956577N10339190WA0236602372001100028139127
B1941171956573N10339187WA0236502370001100029137113
B1941181956571N10339183WA0236302368001100030130106
B1941191956568N10339179WA0236102366001100030121105
B1941201956566N10339174WA0235902364001100030108105
B1941211956566N10339169WA0235802363001100031097100
B1941221956566N10339163WA0235702362001100033089091
B1941231956566N10339158WA0235602361001100033086088
B1941241956567N10339152WA0235502360001100034085086
B1941251956567N10339147WA0235302358001100036085085
B1941261956568N10339141WA0235102356001100036085087
B1941271956568N10339135WA0235102355001100035086085
B1941281956569N10339130WA0235002354001100034086081
B1941291956569N10339124WA0234902352001100033084083
B1941301956570N10339119WA0234802351001100032082084
B1941311956571N10339114WA0234502349001100031081084
B1941321956572N10339109WA0234302346001100033081087
B1941331956573N10339104WA0234102344001100033082085
B1941341956573N10339098WA0233902342001100035083079
B1941351956574N10339093WA0233702340001100035084090
B1941361956575N10339088WA0233602339001100034084094
B1941371956575N10339082WA0233602337001100033083087
B1941381956576N10339077WA0233502336001100034083096
B1941391956576N10339072WA0233502335001100032087086
B1941401956576N10339067WA0233302334001100032090103
B1941411956576N10339061WA0233402333001100034092103
B1941421956576N10339055WA0233202332001100037095093
B1941431956575N10339049WA0233302331001100036097075
B1941441956574N10339044WA0233502330001100036097062
B1941451956574N10339038WA0233702330001100035092074
B1941461956574N10339033WA0233702329001100032088085
B1941471956576N10339028WA0233602328001100032079096
B1941481956577N10339023WA0233502326001100035078097
B1941491956578N10339017WA0233602325001100035082091
B1941501956579N10339011WA0233802324001100037085069
B1941511956580N10339006WA0234202324001100036083071
B1941521956580N10339001WA0234502325001100032085068
B1941531956580N10338997WA0234702327001100027085085
B1941541956581N10338994WA0234802327001100024075104
B1941551956582N10338991WA0234802329001100023070094
B1941561956582N10338988WA0234702328001100024072096
B1941571956583N10338984WA0234702328001100027083081
B1941581956583N10338979WA0234802328001100032089091
B1941591956583N10338973WA0235202328001100033096111
B1942001956582N10338969WA0235902333001100030104153
B1942011956581N10338965WA0236402334001100027107164
B1942021956580N10338962WA0236502337001100024114172
B1942031956577N10338961WA0236602337001100021134179
B1942041956574N10338962WA0236802339001100015153192
B1942051956570N10338967WA0237102343001100016214100
B1942061956569N10338973WA0237002345001100020257147
B1942071956569N10338979WA0237102347001100022266193
B1942081956572N10338983WA0237202349001100025291215
B1942091956574N10338985WA0237602351001100018286258
B1942101956578N10338985WA0238002354001100013317246
B1942111956579N10338981WA0238502355001100006094001
B1942121956580N10338981WA0238802359001100006113119
B1942131956581N10338980WA0239102362001100010141124
B1942141956580N10338978WA0239202364001100013150135
B1942151956578N10338977WA0239202366001100023175142
B1942161956573N10338977WA0239302367001100034192165
B1942171956568N10338980WA0239702369001100039210184
B1942181956564N10338986WA0239902371001100039231203
B1942191956561N10338991WA0240102373001100038235224
B1942201956560N10338996WA0240202375001100029239227
B1942211956562N10339001WA0240302377001100020275226
B1942221956570N10339006WA0240502379001100032318270
B1942231956575N10339010WA0240602381001100037324333
B1942241956581N10339013WA0240902383001100041332339
B1942251956586N10339016WA0241002385001100041337347
B1942261956593N10339016WA0241102387001100039359353
B1942271956599N10339016WA0241302390001100038000016
B1942281956603N10339012WA0241602393001100030022017
B1942291956605N10339008WA0241802396001100024051040
B1942301956606N10339004WA0242202399001100020085066
B1942311956606N10339001WA0242502402001100019112092
B1942321956603N10338999WA0242602405001100023153110
B1942331956600N10338998WA0242902406001100021173140
B1942341956596N10339000WA0243102409001100023199155
B1942351956591N10339005WA0243302412001100029219178
B1942361956590N10339012WA0243702416001100032256203
B1942371956591N10339018WA0243902419001100029271247
B1942381956592N10339023WA0244102422001100024295265
B1942391956597N10339026WA0244302425001100028331301
B1942401956603N10339028WA0244602429001100035341347
B1942411956609N10339028WA0244902433001100037002354
B1942421956615N10339028WA0245202437001100035010016
B1942431956619N10339026WA0245502441001100031024024
B1942441956623N10339023WA0245802445001100030030039
B1942451956625N10339021WA0246102449001100024040044
B1942461956625N10339018WA0246302453001100014078056
B1942471956624N10339017WA0246402456001100014130089
B1942481956621N10339016WA0246702459001100023159122
B1942491956618N10339015WA0246702462001100027167147
B1942501956613N10339015WA0247102467001100028183155
B1942511956609N10339017WA0247202470001100031208168
B1942521956606N10339023WA0247402473001100036236193
B1942531956605N10339030WA0247502476001100039261224
B1942541956605N10339036WA0247602470001100038264255
B1942551956607N10339041WA0247902472001100032288258
B1942561956611N10339046WA0248002475001100032306288
B1942571956617N10339049WA0248102479001100032319312
B1942581956622N10339049WA0248302483001100023352329
B1942591956626N10339046WA0248302485001100024032012
B1943001956629N10339043WA0248302487001100022058049
B1943011956630N10339039WA0248602490001100023066071
B1943021956631N10339035WA0248802492001100024077077
B1943031956631N10339032WA0249002494001100023082085
B1943041956628N10339028WA0249302495001100024125089
B1943051956624N10339028WA0249602497001100022163121
B1943061956619N10339030WA0249802499001100027202149
B1943071956616N10339036WA0250002501001100035233185
B1943081956613N10339042WA0250002503001100039243221
B1943091956612N10339049WA0250202505001100040261233
B1943101956614N10339055WA0250202506001100041281254
B1943111956618N10339062WA0250202508001100043302280
B1943121956622N10339066WA0250202509001100044322306
B1943131956628N10339069WA0250202511001100045330329
B1943141956634N10339070WA0250202513001100041349338
B1943151956641N10339068WA0250302515001100040008000
B1943161956646N10339066WA0250402518001100038020020
B1943171956649N10339061WA0250502520001100032047032
B1943181956652N10339057WA0250602523001100032057059
B1943191956653N10339052WA0250802525001100029069067
B1943201956652N10339047WA0251102527001100025100078
B1943211956651N10339044WA0251302527001100024117103
B1943221956648N10339042WA0251402528001100020123115
B1943231956646N10339042WA0251402530001100016143119
B1943241956643N10339046WA0251502531001100014206132
B1943251956642N10339053WA0251602533001100023264172
B1943261956641N10339058WA0251602535001100026275249
B1943271956643N10339064WA0251702535001100031303267
B1943281956649N10339068WA0251702535001100039327307
B1943291956654N10339072WA0251902537001100038334336
B1943301956659N10339072WA0251902538001100036000345
B1943311956665N10339070WA0251902539001100039022014
B1943321956669N10339067WA0252002540001100036036035
B1943331956673N10339063WA0252002541001100036042049
B1943341956675N10339058WA0252102542001100033061055
B1943351956674N10339052WA0252202543001100031092072
B1943361956672N10339048WA0252302542001100031114097
B1943371956669N10339044WA0252302542001100032140115
B1943381956665N10339042WA0252502543001100030154135
B1943391956661N10339041WA0252802544001100028164147
B1943401956657N10339041WA0253002545001100024172154
B1943411956653N10339043WA0253202546001100020182159
B1943421956650N10339043WA0253502548001100021188168
B1943431956647N10339045WA0253702550001100023193174
B1943441956643N10339046WA0253902551001100027200182
B1943451956641N10339050WA0254002551001100033228190
B1943461956638N10339057WA0254202552001100040249218
B1943471956637N10339063WA0254302553001100040261242
B1943481956638N10339069WA0254502554001100034276255
B1943491956641N10339074WA0254702554001100029297271
B1943501956646N10339078WA0254902555001100033316297
B1943511956654N10339080WA0255002558001100039337323
B1943521956660N10339079WA0254902559001100038001347
B1943531956667N10339077WA0254902561001100037020014
B1943541956671N10339074WA0254902562001100033027033
B1943551956674N10339070WA0254702563001100029052042
B1943561956676N10339066WA0254802563001100026060067
B1943571956676N10339062WA0255002563001100022086075
B1943581956675N10339060WA0255002562001100017100097
B1943591956671N10339061WA0255302563001100014180108
B1944001956667N10339063WA0255602564001100017200160
B1944011956663N10339066WA0255702567001100019218178
B1944021956660N10339069WA0255902569001100022224198
B1944031956658N10339072WA0256002569001100025230206
B1944041956657N10339077WA0255902569001100035249215
B1944051956656N10339084WA0255902570001100040274240
B1944061956658N10339091WA0256002571001100041292269
B1944071956661N10339096WA0256102571001100038309290
B1944081956668N10339100WA0256302572001100047324312
B1944091956674N10339102WA0256402574001100040330329
B1944101956681N10339102WA0256502577001100036351337
B1944111956686N10339101WA0256602579001100032003003
B1944121956690N10339096WA0256602582001100023035018
B1944131956690N10339091WA0256502584001100022079054
B1944141956690N10339086WA0256702586001100023087092
B1944151956689N10339082WA0256902587001100022103098
B1944161956688N10339078WA0257102589001100020110110
B1944171956686N10339076WA0257202591001100019125115
B1944181956684N10339074WA0257302592001100017140126
B1944191956681N10339075WA0257402594001100017190136
B1944201956677N10339079WA0257402594001100030227172
B1944211956675N10339084WA0257602594001100032241211
B1944221956673N10339089WA0257602595001100032251227
B1944231956673N10339094WA0257902595001100027271237
B1944241956675N10339098WA0258002596001100024298257
B1944251956679N10339101WA0258302597001100024317293
B1944261956685N10339103WA0258602598001100032337320
B1944271956692N10339103WA0258702599001100035354345
B1944281956698N10339100WA0258702601001100036018005
B1944291956704N10339098WA0258802604001100036024030
B1944301956708N10339094WA0258802606001100035040037
B1944311956712N10339091WA0258902609001100030048053
B1944321956714N10339088WA0258802611001100021060062
B1944331956712N10339085WA0258902611001100015114078
B1944341956709N10339084WA0259202613001100018155120
B1944351956707N10339084WA0259202615001100020198148
B1944361956704N10339086WA0259402616001100022211181
B1944371956702N10339090WA0259302616001100032238193
B1944381956700N10339095WA0259302616001100033250225
B1944391956699N10339100WA0259302615001100035258243
B1944401956699N10339106WA0259202615001100036268250
B1944411956700N10339112WA0259302614001100038278263
B1944421956702N10339118WA0259202614001100040287253
B1944431956703N10339124WA0259302615001100037287263
B1944441956704N10339130WA0259402617001100037280258
B1944451956704N10339135WA0259302618001100036263253
B1944461956702N10339140WA0259402618001100032251236
B1944471956699N10339144WA0259502618001100028240227
B1944481956697N10339147WA0259702619001100024227216
B1944491956694N10339148WA0259702619001100022210204
B1944501956690N10339150WA0259702620001100024200187
B1944511956687N10339151WA0259802619001100027192178
B1944521956683N10339150WA0259702618001100025179167
B1944531956679N10339149WA0259802618001100022155159
B1944541956677N10339147WA0259802618001100023146139
B1944551956674N10339143WA0259702618001100023124134
B1944561956674N10339138WA0259802617001100026094119
B1944571956674N10339133WA0259702617001100027081096
B1944581956676N10339129WA0259502617001100027072085
B1944591956678N10339125WA0259302617001100027063078
B1945001956681N10339121WA0259102616001100029049070
B1945011956688N10339118WA0258902614001100038020058
B1945021956696N10339117WA0258702612001100042005028
B1945031956703N10339118WA0258502609001100044345013
B1945041956710N10339120WA0258302607001100047338350
B1945051956717N10339123WA0258102605001100051337341
B1945061956724N10339126WA0257902604001100052340341
B1945071956732N10339129WA0258102602001100052342344
B1945081956739N10339132WA0258202601001100051339347
B1945091956744N10339136WA0258202600001100042324343
B1945101956749N10339141WA0258102600001100042315326
B1945111956753N10339147WA0258202599001100043314320
B1945121956758N10339152WA0258002598001100046321319
B1945131956764N10339156WA0258102597001100046325327
B1945141956770N10339160WA0258102596001100045330321
B1945151956776N10339164WA0257902595001100045332341
B1945161956782N10339167WA0257802593001100047331324
B1945171956788N10339170WA0257602592001100052331317
B1945181956795N10339175WA0257502591001100053325315
B1945191956802N10339181WA0257402590001100053319319
B1945201956808N10339186WA0257402589001100051319330
B1945211956813N10339191WA0257402589001100047323306
B1945221956819N10339196WA0257202588001100048323303
B1945231956825N10339200WA0257102586001100049322325
B1945241956831N10339205WA0256902585001100052319318
B1945251956837N10339211WA0257102583001100052319320
B1945261956843N10339217WA0257202583001100049320326
B1945271956848N10339221WA0257202584001100046326332
B1945281956854N10339225WA0257102583001100046330341
B1945291956860N10339228WA0256902581001100047332332
B1945301956867N10339231WA0256902580001100051334319
B1945311956874N10339235WA0256902579001100052333316
B1945321956881N10339239WA0256902578001100050333325
B1945331956888N10339242WA0256902578001100046334322
B1945341956893N10339246WA0256902578001100044330326
B1945351956899N10339249WA0256702578001100045328328
B1945361956905N10339253WA0256502577001100046326325
B1945371956911N10339258WA0256302575001100051324332
B1945381956918N10339263WA0256202574001100053326325
B1945391956925N10339267WA0256202573001100050328318
B1945401956931N10339271WA0256302574001100045329321
B1945411956936N10339275WA0256102573001100043326319
B1945421956942N10339279WA0255902573001100044323320
B1945431956947N10339283WA0255702572001100043323329
B1945441956953N10339287WA0255402569001100043324326
B1945451956959N10339291WA0255102567001100047327327
B1945461956965N10339295WA0255002564001100050330315
B1945471956972N10339299WA0254802562001100048330322
B1945481956978N10339303WA0254702561001100047329315
B1945491956984N10339307WA0254702560001100046328327
B1945501956990N10339311WA0254602559001100045329341
B1945511956996N10339315WA0254502558001100044332338
B1945521957002N10339318WA0254502557001100043332328
B1945531957008N10339322WA0254402555001100044327318
B1945541957014N10339326WA0254302554001100046321330
B1945551957019N10339331WA0254202553001100047320343
B1945561957025N10339336WA0254202551001100047326335
B1945571957031N10339340WA0254202551001100045327320
B1945581957037N10339344WA0254102551001100044322314
B1945591957042N10339348WA0254102549001100043317335
B1946001957046N10339353WA0253902548001100044317334
B1946011957052N10339358WA0253902547001100044321332
B1946021957057N10339362WA0253802545001100044323327
B1946031957062N10339366WA0253902545001100044320323
B1946041957067N10339371WA0253802544001100044316322
B1946051957072N10339376WA0253802544001100044314335
B1946061957077N10339381WA0253702542001100045317333
B1946071957082N10339386WA0253602541001100044320321
B1946081957087N10339390WA0253602541001100044318317
B1946091957092N10339395WA0253602540001100043317317
B1946101957097N10339400WA0253702540001100040318321
B1946111957100N10339403WA0253802540001100034318343
B1946121957104N10339407WA0253802540001100034318324
B1946131957108N10339411WA0253702540001100038317323
B1946141957113N10339415WA0253702539001100044315314
B1946151957118N10339421WA0253702539001100046312305
B1946161957122N10339426WA0253702539001100043309315
B1946171957126N10339432WA0253702540001100040306319
B1946181957129N10339437WA0253602540001100039306327
B1946191957133N10339442WA0253402539001100040305319
B1946201957136N10339447WA0253302538001100042306322
B1946211957140N10339452WA0253102536001100044307308
B1946221957144N10339458WA0253102535001100042310322
B1946231957148N10339463WA0253102534001100039310316
B1946241957152N10339468WA0253202533001100038308321
B1946251957156N10339472WA0253302534001100035312322
B1946261957159N10339476WA0253102533001100036310310
B1946271957163N10339481WA0252902533001100037309334
B1946281957166N10339486WA0252602532001100039305333
B1946291957170N10339491WA0252302530001100042307333
B1946301957175N10339496WA0252302529001100046312329
B1946311957179N10339501WA0252402528001100042315327
B1946321957184N10339505WA0252402527001100038315331
B1946331957188N10339508WA0252402527001100036322328
B1946341957192N10339511WA0252202526001100037321328
B1946351957197N10339514WA0252002525001100040320328
B1946361957202N10339518WA0251602523001100042322335
B1946371957207N10339522WA0251402521001100042323333
B1946381957213N10339526WA0251302520001100040323337
B1946391957218N10339530WA0251202519001100039319337
B1946401957223N10339534WA0251002517001100039318340
B1946411957227N10339538WA0250802515001100042318346
B1946421957232N10339542WA0250802515001100039323352
B1946431957237N10339545WA0250702514001100035329350
B1946441957242N10339548WA0250602512001100034337352
B1946451957246N10339549WA0250302511001100034342356
B1946461957251N10339550WA0250002509001100036345000
B1946471957257N10339551WA0249802507001100036351010
B1946481957262N10339551WA0249702505001100034358010
B1946491957267N10339550WA0249702504001100031006017
B1946501957271N10339549WA0249502502001100029013022
B1946511957275N10339548WA0249302500001100030014027
B1946521957280N10339546WA0249002497001100033015040
B1946531957284N10339544WA0248602495001100034021041
B1946541957289N10339542WA0248302493001100035031001
B1946551957293N10339539WA0248202491001100034033030
B1946561957298N10339536WA0248002489001100032026031
B1946571957302N10339534WA0247702486001100032022045
B1946581957306N10339532WA0247202483001100033024055
B1946591957311N10339529WA0246702480001100033025063
B1947001957315N10339526WA0246102477001100034034068
B1947011957317N10339520WA0245802474001100035061055
B1947021957319N10339514WA0245402471001100034067078
B1947031957319N10339510WA0245102475001100031073085
B1947041957319N10339504WA0244602472001100029075083
B1947051957318N10339498WA0244302468001100033089099
B1947061957317N10339491WA0244402465001100035091067
B1947071957317N10339486WA0245102468001100032088064
B1947081957316N10339481WA0245602466001100036090084
B1947091957314N10339477WA0245902466001100028093098
B1947101957313N10339475WA0245902466001100019108101
B1947111957311N10339472WA0245802465001100017120102
B1947121957308N10339469WA0245802464001100023124101
B1947131957305N10339465WA0245902462001100023120105
B1947141957304N10339462WA0246202462001100021116102
B1947151957302N10339459WA0246402463001100019111103
B1947161957300N10339456WA0246602465001100021111106
B1947171957297N10339452WA0246702466001100024109110
B1947181957295N10339448WA0246902468001100025116105
B1947191957292N10339444WA0247102470001100026119104
B1947201957290N10339440WA0247402471001100024108105
B1947211957289N10339436WA0247302473001100022094093
B1947221957290N10339433WA0247302474001100022070088
B1947231957292N10339430WA0247302475001100023054071
B1947241957298N10339428WA0247402476001100032016061
B1947251957303N10339428WA0247602476001100034352024
B1947261957308N10339432WA0247702477001100037325356
B1947271957312N10339436WA0247602478001100034311324
B1947281957313N10339442WA0247702478001100036284305
B1947291957313N10339449WA0247602479001100039271271
B1947301957312N10339456WA0247602480001100041256258
B1947311957310N10339463WA0247602481001100040249242
B1947321957307N10339469WA0247502481001100040237234
B1947331957303N10339473WA0247602481001100039225223
B1947341957297N10339476WA0247702480001100037211210
B1947351957292N10339478WA0247902481001100031190197
B1947361957287N10339478WA0248102482001100029178177
B1947371957283N10339476WA0248202483001100028164163
B1947381957279N10339475WA0248302485001100028161146
B1947391957275N10339473WA0248502487001100027161145
B1947401957271N10339472WA0248802489001100026154134
B1947411957268N10339470WA0249002492001100023148132
B1947421957265N10339468WA0249302495001100020146135
B1947431957263N10339467WA0249402497001100020155132
B1947441957260N10339466WA0249602499001100022159134
B1947451957256N10339464WA0249802501001100025162129
B1947461957253N10339463WA0249902503001100023154117
B1947471957250N10339461WA0250102505001100019147111
B1947481957249N10339459WA0250202506001100016128108
B1947491957249N10339456WA0250102507001100017079094
B1947501957251N10339454WA0250202508001100018069070
B1947511957254N10339451WA0250402509001100018047064
B1947521957259N10339452WA0250402509001100026003047
B1947531957264N10339453WA0250502510001100030352012
B1947541957270N10339457WA0250602511001100040325359
B1947551957275N10339461WA0250702513001100041319329
B1947561957279N10339468WA0250802514001100043300322
B1947571957280N10339475WA0250802515001100045280300
B1947581957280N10339484WA0250902516001100051266275
B1947591957279N10339492WA0251002517001100046251258
B1948001957275N10339497WA0251202518001100040229241
B1948011957270N10339502WA0251302520001100038221213
B1948021957265N10339503WA0251402520001100035198204
B1948031957260N10339504WA0251602521001100033186180
B1948041957255N10339504WA0251802523001100031178168
B1948051957251N10339503WA0252002525001100027175160
B1948061957248N10339501WA0252202527001100021159155
B1948071957246N10339500WA0252202528001100018149136
B1948081957243N10339498WA0252302529001100021145125
B1948091957241N10339495WA0252502531001100025135115
B1948101957238N10339492WA0252702532001100026130116
B1948111957236N10339489WA0253102534001100026127112
B1948121957234N10339486WA0253302536001100022121102
B1948131957233N10339483WA0253402537001100018115096
B1948141957233N10339481WA0253602539001100014096092
B1948151957233N10339479WA0253602541001100012083083
B1948161957235N10339478WA0253602542001100012052079
B1948171957237N10339477WA0253402543001100013023064
B1948181957241N10339476WA0253302543001100018005050
B1948191957246N10339476WA0253302543001100025356031
B1948201957252N10339478WA0253202542001100032339016
B1948211957257N10339481WA0253002541001100034327356
B1948221957261N10339485WA0252902540001100036318344
B1948231957265N10339489WA0252802538001100039311333
B1948241957268N10339496WA0252502537001100047296322
B1948251957270N10339504WA0252302537001100053274302
B1948261957270N10339513WA0252402537001100053261273
B1948271957267N10339521WA0252702537001100045249255
B1948281957264N10339527WA0253002537001100038240239
B1948291957260N10339530WA0253302538001100032227225
B1948301957255N10339532WA0253402539001100029212205
B1948311957251N10339534WA0253502541001100029203182
B1948321957247N10339535WA0253502541001100031196169
B1948331957241N10339535WA0253602542001100032186157
B1948341957236N10339535WA0253802543001100031179148
B1948351957231N10339534WA0254102546001100031171139
B1948361957226N10339530WA0254402548001100028147138
B1948371957223N10339527WA0254702552001100027143129
B1948381957219N10339525WA0255002555001100027147124
B1948391957216N10339522WA0255302558001100028152120
B1948401957212N10339520WA0255502560001100026145107
B1948411957209N10339517WA0255702562001100025132102
B1948421957207N10339513WA0255902565001100026107084
B1948431957207N10339508WA0256202568001100028086069
B1948441957208N10339504WA0256402569001100029071056
B1948451957212N10339501WA0256602572001100028041043
B1948461957215N10339498WA0256702575001100027030024
B1948471957220N10339497WA0256902577001100025009019
B1948481957224N10339500WA0257002579001100028344004
B1948491957228N10339503WA0257102585001100020333346
B1948501957228N10339509WA0257302588001100018294349
B1948511957226N10339516WA0257702591001100025261315
B1948521957222N10339520WA0258102595001100023217244
B1948531957217N10339524WA0258502597001100024201181
E194853PEVBackground
GVfspoN+gUuiGcSanrJo+z0HiqzEj0Nvra5SQSnM0X71uiR4yJmjVeyMyc8bt3mxn
G/lOFxXMra3NgcYemwqiIA64dDT4lswSp51dc49iJxeCf1yI4t+8WdXCEtizciUxu
GRuKoNXnT9I2acXsjQ7sWctqN4TkyFoc9ShkE4dGriCE=

