AXFH000
HFDTE060325
HFPLTPILOT:Scott O’Brien
HFGTYGLIDERTYPE:Ozone Swift 6
HFDTM100GPSDATUM:WGS84
HFRFWFIRMWAREVERSION:8.2.6
HFRHWHARDWAREVERSION:iPhone 15
HFFTYFRTYPE:Flyskyhy,8.2.6
HFGPS:Bluetooth vario
HFPRSVARIO:Bluetooth vario
HFCCLCOMPETITIONCLASS:Paraglider
HFTZNTIMEZONE:-8
HFSITSITE:Mission Ridge (Fremont- San Jose),US
I053638FXA3941VXA4244GSP4547CCO4850HDT
C060325203210060325000108TASK
C0000000N00000000ETAKEOFF
C0424415N07611762W00010009999999000000360000STARTAREA 017
C0424415N07611762W00000000001000000000360000TURNAREA 017
C0426869N07610031W00000000003000000000360000TURNAREA 030
C0419694N07612412W00000000006400000000360000TURNAREA 028
C0424694N07607942W00000000000500000000360000TURNAREA 032
C0423599N07604262W00000000001000000000360000TURNAREA 029
C0415685N07606344W00000000002000000000360000TURNAREA 013
C0414747N07557676W00000000002000000000360000TURNAREA 031
C0415685N07606344W00000000002000000000360000TURNAREA 013
C0425648N07603613W00000000002000000000360000FINISHAREA 025
C0000000N00000000ELANDING
B2032413731050N12153510WA0000000000000000000264026
B2032423731050N12153510WA0000000000000000000264056
B2032433731050N12153510WA0000000000000000000264093
B2032443731050N12153510WA0000000000000000002237074
B2032453731050N12153510WA0000000000000000001237059
B2032463731050N12153510WA0000000000000000001237082
B2032473731050N12153510WA0000000000000000001237068
B2032483731050N12153510WA0000000000000000000237259
B2032493731050N12153510WA0000000000000000001206244
B2032503731050N12153510WA0000000000000000002225241
B2032513731040N12153510WA0000000000000000003212247
B2032523731040N12153510WA0000000000000000003226252
B2032533731040N12153510WA0000000000000000004233258
B2032543731040N12153510WA0000000000000000005239255
B2032553731040N12153510WA0000000000000000005242239
B2032563731040N12153510WA0000000000000000008232246
B2032573731040N12153510WA-000100000000000009234242
B2032583731040N12153510WA-000200000000000009229240
B2032593731040N12153520WA-000300000000000011221242
B2033003731040N12153520WA-000400000000000015219237
B2033013731030N12153520WA-000300000000000020222234
B2033023731030N12153520WA-000100000000000021223238
B2033033731030N12153530WA0000000000000000019219088
B2033043731030N12153530WA0000000000000000017206284
B2033053731020N12153530WA-000400000000000017206324
B2033063731020N12153530WA-000500000000000016206257
B2033073731020N12153540WA-000500000000000022209318
B2033083731010N12153540WA-000300000000000027213197
B2033093731010N12153540WA-000200000000000027206218
B2033103731010N12153540WA-000200000000000026196176
B2033113731000N12153540WA-000300000000000027185224
B2033123731000N12153540WA-000300000000000028175183
B2033133730990N12153540WA-000300000000000028163176
B2033143730990N12153530WA-000300000000000027150172
B2033153730990N12153530WA-000400000000000027139177
B2033163730980N12153530WA-000500000000000029138173
B2033173730980N12153520WA-000700000000000031143156
B2033183730970N12153520WA-000700000000000031143178
B2033193730970N12153510WA-000700000000000031143168
B2033203730970N12153510WA-000400000000000040131179
B2033213730960N12153500WA-000500000000000040131168
B2033223730960N12153500WA-000400000000000039131158
B2033233730950N12153490WA-000300000000000039133142
B2033243730950N12153490WA-000200000000000038131183
B2033253730950N12153480WA-000100000000000034132156
B2033263730940N12153480WA0000000000000000032130151
B2033273730940N12153470WA0000000000000000032130153
B2033283730940N12153470WA0000000000000000032126149
B2033293730940N12153460WA0000000000000000032126162
B2033303730930N12153460WA0000000000000000032126152
B2033313730930N12153450WA0000000000000000032126135
B2033323730930N12153450WA0000000000000000030120129
B2033333730930N12153440WA0000000000000000029113129
B2033343730930N12153440WA-000100000000000030108139
B2033353730930N12153430WA-000200000000000031103118
B2033363730920N12153430WA-000200000000000031103156
B2033373730920N12153420WA-000300000000000031103155
B2033383730920N12153420WA-000400000000000031116151
B2033393730920N12153410WA-000500000000000030122148
B2033403730910N12153410WA-000600000000000031130156
B2033413730910N12153400WA-000700000000000031130156
B2033423730900N12153400WA-000800000000000031130161
B2033433730900N12153400WA-000800000000000031130152
B2033443730900N12153400WA-000900000000000031164150
B2033453730890N12153400WA-001000000000000031164145
B2033463730890N12153390WA-001200000000000026169174
B2033473730880N12153390WA-001500000000000028173178
B2033483730880N12153390WA-001700000000000028173183
B2033493730870N12153390WA-001800000000000033174182
B2033503730870N12153390WA-001900000000000033174184
B2033513730870N12153390WA-001900000000000033174181
B2033523730860N12153390WA-002100000000000028171181
B2033533730860N12153390WA-002300000000000028171178
B2033543730850N12153390WA-002400000000000031182178
B2033553730850N12153390WA-002500000000000031182187
B2033563730840N12153390WA-002600000000000031176187
B2033573730840N12153390WA-002700000000000031176182
B2033583730830N12153390WA-002900000000000028176182
B2033593730830N12153390WA-003100000000000028176183
B2034003730830N12153390WA-003300000000000028176187
B2034013730820N12153390WA-003400000000000028176188
B2034023730820N12153390WA-003500000000000033175190
B2034033730810N12153390WA-003400000000000033175190
B2034043730810N12153390WA-003400000000000033175186
B2034053730800N12153390WA-003500000000000033175184
B2034063730800N12153390WA-003600000000000033175186
B2034073730790N12153390WA-003500000000000033175189
B2034083730790N12153390WA-003300000000000033175183
B2034093730790N12153380WA-003000000000000033175202
B2034103730780N12153380WA-002900000000000033175186
B2034113730780N12153380WA-002800000000000021163196
B2034123730780N12153380WA-002900000000000021163187
B2034133730770N12153380WA-002800000000000021163192
B2034143730770N12153370WA-002700000000000021163190
B2034153730770N12153370WA-002600000000000021163196
B2034163730760N12153370WA-002500000000000021163184
B2034173730760N12153360WA-002400000000000021163188
B2034183730760N12153360WA-002300000000000021163183
B2034193730750N12153360WA-002300000000000024155189
B2034203730750N12153360WA-002300000000000025161181
B2034213730750N12153360WA-002300000000000023170180
B2034223730750N12153360WA-002300000000000022187181
B2034233730740N12153360WA-002300000000000020204180
B2034243730740N12153370WA-002300000000000019227218
B2034253730740N12153370WA-002300000000000016247235
B2034263730750N12153370WA-002200000000000022303234
B2034273730750N12153380WA-002200000000000023318297
B2034283730760N12153380WA-002200000000000030350312
B2034293730760N12153370WA-002100000000000032001343
B2034303730770N12153370WA-002000000000000036012353
B2034313730780N12153370WA-002000000000000037019354
B2034323730780N12153370WA-001900000000000036012358
B2034333730790N12153370WA-001900000000000034003357
B2034343730790N12153370WA-001800000000000031350339
B2034353730790N12153370WA-001700000000000028339339
B2034363730790N12153380WA-001700000000000022293340
B2034373730790N12153380WA-001600000000000022273275
B2034383730790N12153390WA-001500000000000019225275
B2034393730780N12153390WA-001300000000000020216228
B2034403730780N12153390WA-001100000000000020192218
B2034413730780N12153390WA-001100000000000020179220
B2034423730770N12153390WA-001100000000000020179221
B2034433730770N12153390WA-001100000000000020187208
B2034443730770N12153390WA-001200000000000023191218
B2034453730760N12153390WA-001100000000000023191218
B2034463730760N12153390WA-001100000000000021196218
B2034473730760N12153390WA-001100000000000019206210
B2034483730760N12153390WA-001100000000000019206208
B2034493730750N12153390WA-001000000000000019206202
B2034503730750N12153390WA-001100000000000022191199
B2034513730750N12153390WA-001000000000000022177192
B2034523730740N12153390WA-001100000000000024167189
B2034533730740N12153390WA-001100000000000026158172
B2034543730730N12153390WA-001100000000000028150163
B2034553730730N12153380WA-001000000000000031141152
B2034563730730N12153380WA-001000000000000034132155
B2034573730720N12153370WA-000900000000000036124164
B2034583730720N12153370WA-000800000000000036121162
B2034593730720N12153360WA-000700000000000034125159
B2035003730710N12153360WA-000600000000000032130156
B2035013730710N12153350WA-000500000000000032132164
B2035023730710N12153350WA-000400000000000033132172
B2035033730700N12153340WA-000300000000000033132168
B2035043730700N12153340WA-000200000000000032131176
B2035053730700N12153330WA-000100000000000032131174
B2035063730690N12153330WA0000000000000000029137173
B2035073730690N12153330WA-000100000000000027140179
B2035083730690N12153330WA-000200000000000025151179
B2035093730690N12153330WA-000200000000000020167178
B2035103730680N12153330WA-000200000000000020186177
B2035113730680N12153330WA-000200000000000021202218
B2035123730680N12153340WA-000300000000000016238217
B2035133730680N12153340WA-000300000000000017266250
B2035143730690N12153350WA-000300000000000019296249
B2035153730690N12153350WA-000200000000000019296285
B2035163730700N12153350WA-000100000000000028347284
B2035173730700N12153350WA-000100000000000028347329
B2035183730710N12153350WA0000000000000000036010328
B2035193730720N12153340WA0000000000000000037013357
B2035203730720N12153340WA0000000000000000037013001
B2035213730730N12153340WA0000000000000000037013000
B2035223730730N12153340WA0000100000000000037009354
B2035233730740N12153340WA0000200000000000037009345
B2035243730740N12153340WA0000400000000000033357340
B2035253730750N12153340WA0000600000000000032351316
B2035263730750N12153340WA0000800000000000029349303
B2035273730760N12153340WA0000900000000000026343301
B2035283730760N12153350WA0000800000000000024337290
B2035293730760N12153350WA0000700000000000020325287
B2035303730760N12153350WA0000600000000000016297286
B2035313730750N12153360WA0000600000000000016245287
B2035323730750N12153350WA0000700000000000014223235
B2035333730750N12153350WA0000800000000000016153225
B2035343730740N12153350WA0000900000000000030130229
B2035353730740N12153340WA0000900000000000032130154
B2035363730740N12153340WA0001000000000000030137152
B2035373730730N12153330WA0001100000000000030137153
B2035383730730N12153330WA0001200000000000030137161
B2035393730720N12153330WA0001200000000000030137160
B2035403730720N12153320WA0001300000000000028145160
B2035413730720N12153320WA0001200000000000027150170
B2035423730710N12153320WA0001300000000000028151171
B2035433730710N12153320WA0001300000000000028151178
B2035443730700N12153310WA0001300000000000031141180
B2035453730700N12153310WA0001400000000000031140181
B2035463730700N12153310WA0001400000000000029143175
B2035473730690N12153300WA0001400000000000028147176
B2035483730690N12153300WA0001500000000000027147175
B2035493730690N12153300WA0001600000000000028143178
B2035503730680N12153290WA0001600000000000028140174
B2035513730680N12153290WA0001600000000000028138176
B2035523730680N12153290WA0001700000000000029137171
B2035533730670N12153280WA0001700000000000030135177
B2035543730670N12153280WA0001800000000000031131183
B2035553730670N12153270WA0001800000000000029130183
B2035563730670N12153270WA0001900000000000029132181
B2035573730660N12153270WA0001900000000000030136181
B2035583730660N12153260WA0001900000000000030136182
B2035593730650N12153260WA0001900000000000030136178
B2036003730650N12153260WA0002000000000000027158172
B2036013730650N12153260WA0002000000000000025157170
B2036023730640N12153250WA0002100000000000024154169
B2036033730640N12153250WA0002000000000000024153188
B2036043730640N12153250WA0001900000000000024162189
B2036053730630N12153250WA0001800000000000022173190
B2036063730630N12153260WA0001800000000000022219205
B2036073730630N12153260WA0001800000000000019235236
B2036083730630N12153260WA0001800000000000017252235
B2036093730630N12153270WA0001800000000000018286234
B2036103730640N12153270WA0001800000000000020309273
B2036113730640N12153270WA0001700000000000023329289
B2036123730650N12153270WA0001600000000000026342289
B2036133730650N12153270WA0001500000000000030350319
B2036143730660N12153270WA0001400000000000035353320
B2036153730670N12153270WA0001300000000000038352336
B2036163730670N12153270WA0001300000000000038350337
B2036173730680N12153280WA0001200000000000036350336
B2036183730680N12153280WA0001200000000000035350331
B2036193730690N12153280WA0001200000000000035348335
B2036203730690N12153280WA0001200000000000035346330
B2036213730700N12153280WA0001200000000000036344334
B2036223730700N12153280WA0001300000000000034344329
B2036233730710N12153290WA0001400000000000031341326
B2036243730710N12153290WA0001400000000000030342318
B2036253730720N12153290WA0001500000000000028339319
B2036263730720N12153290WA0001500000000000026336316
B2036273730720N12153290WA0001400000000000027329315
B2036283730730N12153300WA0001300000000000029326317
B2036293730730N12153300WA0001300000000000029327310
B2036303730730N12153300WA0001300000000000027325334
B2036313730730N12153310WA0001300000000000023318320
B2036323730740N12153310WA0001200000000000021307319
B2036333730740N12153310WA0001000000000000019300311
B2036343730740N12153320WA0000800000000000020302314
B2036353730740N12153320WA0000700000000000023307306
B2036363730750N12153320WA0000500000000000025318299
B2036373730750N12153320WA0000500000000000026331307
B2036383730750N12153330WA0000500000000000024335305
B2036393730760N12153330WA0000400000000000023332320
B2036403730760N12153330WA0000400000000000021331313
B2036413730760N12153330WA0000300000000000019328319
B2036423730760N12153330WA0000200000000000019327314
B2036433730770N12153340WA0000100000000000020327315
B2036443730770N12153340WA0000000000000000020327309
B2036453730770N12153340WA-000100000000000020324309
B2036463730770N12153340WA-000200000000000022320306
B2036473730780N12153350WA-000300000000000024323307
B2036483730780N12153350WA-000400000000000027324298
B2036493730780N12153350WA-000300000000000027322302
B2036503730790N12153350WA-000400000000000024317319
B2036513730790N12153360WA-000600000000000026314320
B2036523730790N12153360WA-000700000000000028317321
B2036533730800N12153360WA-000800000000000031324317
B2036543730800N12153370WA-000900000000000032328321
B2036553730800N12153370WA-000900000000000032330326
B2036563730810N12153370WA-000900000000000030333323
B2036573730810N12153380WA-000900000000000029334320
B2036583730820N12153380WA-001000000000000030337315
B2036593730820N12153380WA-001100000000000032338313
B2037003730830N12153380WA-001100000000000034337311
B2037013730830N12153390WA-001000000000000035334299
B2037023730840N12153390WA-000900000000000033332305
B2037033730840N12153390WA-000800000000000030334313
B2037043730840N12153390WA-000700000000000027337308
B2037053730850N12153390WA-000600000000000025335307
B2037063730850N12153400WA-000600000000000022333317
B2037073730850N12153400WA-000700000000000022333319
B2037083730860N12153400WA-000700000000000026330327
B2037093730860N12153400WA-000700000000000026330307
B2037103730860N12153400WA-000600000000000027333316
B2037113730870N12153410WA-000600000000000024334307
B2037123730870N12153410WA-000600000000000024334316
B2037133730870N12153410WA-000600000000000025335318
B2037143730880N12153410WA-000700000000000027331315
B2037153730880N12153420WA-000600000000000031328314
B2037163730880N12153420WA-000500000000000031328300
B2037173730890N12153420WA-000400000000000028327325
B2037183730890N12153420WA-000300000000000025325317
B2037193730890N12153430WA-000200000000000025325320
B2037203730900N12153430WA-000100000000000029327320
B2037213730900N12153430WA0000000000000000031332309
B2037223730910N12153430WA0000000000000000030337299
B2037233730910N12153440WA0000000000000000027339297
B2037243730910N12153440WA0000000000000000027337295
B2037253730920N12153440WA-000200000000000028333286
B2037263730920N12153450WA-000300000000000029325294
B2037273730920N12153450WA-000300000000000031310308
B2037283730930N12153450WA-000100000000000031311296
B2037293730930N12153460WA0000000000000000029313292
B2037303730930N12153460WA0000200000000000026314295
B2037313730930N12153460WA0000300000000000019311305
B2037323730930N12153470WA0000200000000000019311317
B2037333730940N12153470WA0000200000000000026311335
B2037343730940N12153470WA0000500000000000029319304
B2037353730940N12153480WA0000900000000000028320315
B2037363730950N12153480WA0001100000000000027324317
B2037373730950N12153480WA0001200000000000022331315
B2037383730950N12153480WA0001200000000000022335328
B2037393730960N12153480WA0001200000000000025339329
B2037403730960N12153490WA0001400000000000032343331
B2037413730970N12153490WA0001600000000000032344332
B2037423730970N12153490WA0001700000000000031351318
B2037433730970N12153490WA0001700000000000028357315
B2037443730980N12153490WA0001600000000000028356315
B2037453730980N12153490WA0001500000000000026355303
B2037463730990N12153490WA0001500000000000030348293
B2037473730990N12153490WA0001400000000000030336310
B2037483730990N12153500WA0001400000000000029316311
B2037493731000N12153500WA0001400000000000025303312
B2037503731000N12153510WA0001300000000000023297305
B2037513731000N12153510WA0001100000000000024304301
B2037523731000N12153510WA0001000000000000026310302
B2037533731000N12153520WA0000900000000000027314307
B2037543731010N12153520WA0000900000000000027314311
B2037553731010N12153520WA0000900000000000027314318
B2037563731010N12153530WA0000800000000000027314314
B2037573731020N12153530WA0000700000000000026323319
B2037583731020N12153530WA0000700000000000026323304
B2037593731020N12153540WA0000600000000000027321315
B2038003731020N12153540WA0000600000000000025320299
B2038013731030N12153540WA0000500000000000023316304
B2038023731030N12153550WA0000400000000000024312296
B2038033731030N12153550WA0000200000000000024312296
B2038043731030N12153550WA0000100000000000027308308
B2038053731040N12153560WA0000000000000000027308302
B2038063731040N12153560WA0000000000000000027308311
B2038073731040N12153570WA0000200000000000027308340
B2038083731040N12153570WA0000300000000000027308315
B2038093731050N12153570WA0000400000000000027308316
B2038103731050N12153580WA0000500000000000023325314
B2038113731050N12153580WA0000400000000000026331319
B2038123731060N12153580WA0000500000000000029336315
B2038133731060N12153580WA0000500000000000029336327
B2038143731070N12153580WA0000400000000000029336321
B2038153731070N12153580WA0000400000000000031356319
B2038163731080N12153580WA0000400000000000030351304
B2038173731080N12153580WA0000400000000000030344309
B2038183731080N12153590WA0000500000000000029336305
B2038193731090N12153590WA0000500000000000029336297
B2038203731090N12153590WA0000500000000000023311298
B2038213731090N12153600WA0000500000000000020293306
B2038223731090N12153600WA0000500000000000017273281
B2038233731090N12153600WA0000400000000000017272288
B2038243731090N12153610WA0000300000000000020282297
B2038253731090N12153610WA0000200000000000025295294
B2038263731100N12153620WA0000300000000000027311287
B2038273731100N12153620WA0000300000000000028322301
B2038283731100N12153620WA0000400000000000027327305
B2038293731110N12153620WA0000400000000000025323298
B2038303731110N12153630WA0000300000000000026320307
B2038313731110N12153630WA0000200000000000026320314
B2038323731120N12153640WA0000200000000000028315304
B2038333731120N12153640WA0000100000000000028315311
B2038343731120N12153640WA0000100000000000029314307
B2038353731120N12153650WA0000000000000000029314305
B2038363731130N12153650WA0000000000000000029314317
B2038373731130N12153650WA-000100000000000029314308
B2038383731130N12153660WA-000200000000000029314317
B2038393731140N12153660WA-000200000000000029314318
B2038403731140N12153670WA-000300000000000030315312
B2038413731140N12153670WA-000400000000000030318325
B2038423731150N12153670WA-000500000000000030318319
B2038433731150N12153680WA-000600000000000032319327
B2038443731150N12153680WA-000600000000000032319340
B2038453731160N12153680WA-000600000000000032319338
B2038463731160N12153680WA-000600000000000033343331
B2038473731170N12153680WA-000600000000000036352328
B2038483731170N12153680WA-000600000000000036352341
B2038493731180N12153680WA-000700000000000036352344
B2038503731190N12153680WA-000800000000000036357341
B2038513731190N12153690WA-000800000000000037354346
B2038523731200N12153690WA-000800000000000039353340
B2038533731200N12153690WA-000700000000000038355354
B2038543731210N12153690WA-000600000000000035357337
B2038553731210N12153690WA-000600000000000032000340
B2038563731220N12153690WA-000600000000000033000327
B2038573731220N12153690WA-000500000000000037358318
B2038583731230N12153690WA-000400000000000039353311
B2038593731230N12153690WA-000300000000000035348309
B2039003731240N12153690WA-000200000000000035348313
B2039013731240N12153690WA-000200000000000029340310
B2039023731250N12153700WA-000400000000000029341316
B2039033731250N12153700WA-000500000000000029341324
B2039043731260N12153700WA-000400000000000034336334
B2039053731260N12153700WA-000400000000000034340328
B2039063731270N12153700WA-000300000000000033346331
B2039073731270N12153700WA-000200000000000032349325
B2039083731270N12153710WA-000100000000000032348322
B2039093731280N12153710WA0000000000000000031346323
B2039103731280N12153710WA0000300000000000030342297
B2039113731290N12153710WA0000500000000000027338304
B2039123731290N12153710WA0000700000000000023333304
B2039133731290N12153720WA0000800000000000025330300
B2039143731300N12153720WA0001200000000000027330296
B2039153731300N12153720WA0001500000000000026330301
B2039163731300N12153720WA0001700000000000022327275
B2039173731300N12153720WA0001700000000000019319259
B2039183731300N12153730WA0001700000000000018313261
B2039193731300N12153730WA0001800000000000017298256
B2039203731300N12153730WA0001900000000000018271262
B2039213731300N12153740WA0002100000000000021245264
B2039223731300N12153740WA0002300000000000023224225
B2039233731290N12153740WA0002600000000000022213224
B2039243731290N12153740WA0002700000000000020195203
B2039253731290N12153740WA0002900000000000020195199
B2039263731280N12153740WA0003100000000000024158198
B2039273731280N12153730WA0003300000000000031124161
B2039283731280N12153720WA0003500000000000028103128
B2039293731290N12153720WA0003700000000000029069108
B2039303731290N12153720WA0003900000000000028047065
B2039313731300N12153720WA0004100000000000027007066
B2039323731300N12153720WA0004200000000000027351346
B2039333731300N12153720WA0004400000000000023339346
B2039343731300N12153730WA0004500000000000020318346
B2039353731300N12153730WA0004500000000000020299290
B2039363731310N12153730WA0004600000000000024291285
B2039373731310N12153740WA0005000000000000026286263
B2039383731310N12153740WA0005300000000000024285266
B2039393731310N12153750WA0005600000000000020281259
B2039403731310N12153750WA0005800000000000016265259
B2039413731310N12153750WA0005900000000000014260253
B2039423731310N12153750WA0005900000000000014247254
B2039433731300N12153760WA0006100000000000016227258
B2039443731300N12153760WA0006400000000000020216221
B2039453731300N12153760WA0006700000000000019212214
B2039463731300N12153760WA0007100000000000020206215
B2039473731290N12153760WA0007300000000000019190211
B2039483731290N12153760WA0007400000000000019173186
B2039493731290N12153760WA0007600000000000022156183
B2039503731280N12153750WA0007800000000000027137182
B2039513731280N12153740WA0008000000000000031120138
B2039523731280N12153740WA0008000000000000031094121
B2039533731290N12153730WA0008200000000000031077122
B2039543731290N12153720WA0008300000000000035045075
B2039553731300N12153720WA0008400000000000035029039
B2039563731310N12153720WA0008500000000000036008020
B2039573731310N12153720WA0008500000000000036356357
B2039583731320N12153730WA0008600000000000035347356
B2039593731320N12153730WA0008800000000000032335334
B2040003731320N12153740WA0009000000000000030321335
B2040013731320N12153740WA0009200000000000028309304
B2040023731330N12153740WA0009600000000000027311302
B2040033731330N12153750WA0009900000000000026314289
B2040043731330N12153750WA0010300000000000024315290
B2040053731330N12153750WA0010500000000000023312302
B2040063731340N12153760WA0010700000000000025311297
B2040073731340N12153760WA0011000000000000028313281
B2040083731340N12153770WA0011200000000000028311263
B2040093731340N12153770WA0011200000000000026304263
B2040103731340N12153770WA0011200000000000022293277
B2040113731340N12153780WA0011000000000000018288280
B2040123731340N12153780WA0011000000000000015265252
B2040133731340N12153780WA0010900000000000018229257
B2040143731330N12153780WA0010900000000000021208250
B2040153731330N12153780WA0010600000000000022198203
B2040163731330N12153780WA0010400000000000023194200
B2040173731320N12153780WA0010200000000000024187192
B2040183731320N12153780WA0010100000000000026170183
B2040193731310N12153780WA0010000000000000031156179
B2040203731310N12153770WA0010100000000000033146151
B2040213731300N12153770WA0010000000000000033139144
B2040223731300N12153760WA0010100000000000034128137
B2040233731300N12153750WA0010000000000000038120136
B2040243731290N12153750WA0010200000000000042121139
B2040253731290N12153740WA0010500000000000043119154
B2040263731290N12153730WA0010900000000000043120149
B2040273731280N12153730WA0011200000000000041119156
B2040283731280N12153720WA0011500000000000037125147
B2040293731280N12153720WA0011700000000000032132147
B2040303731270N12153710WA0011900000000000033140148
B2040313731270N12153710WA0012200000000000034144149
B2040323731260N12153700WA0012400000000000037139128
B2040333731260N12153700WA0012700000000000038132115
B2040343731260N12153690WA0012800000000000038124115
B2040353731260N12153680WA0012900000000000038112103
B2040363731260N12153680WA0013100000000000035086092
B2040373731270N12153670WA0013300000000000038069092
B2040383731270N12153670WA0013500000000000034049050
B2040393731280N12153670WA0013700000000000028010051
B2040403731280N12153670WA0013900000000000024354344
B2040413731280N12153670WA0014100000000000020339345
B2040423731280N12153670WA0014400000000000017328346
B2040433731280N12153680WA0014700000000000013295346
B2040443731280N12153680WA0014900000000000012257274
B2040453731280N12153680WA0015100000000000015226273
B2040463731280N12153680WA0015300000000000018208274
B2040473731280N12153690WA0015600000000000020207275
B2040483731270N12153690WA0015900000000000020207221
B2040493731270N12153690WA0016100000000000018210228
B2040503731270N12153690WA0016400000000000016217226
B2040513731270N12153690WA0016600000000000016217229
B2040523731270N12153700WA0016800000000000017229225
B2040533731260N12153700WA0016900000000000018234243
B2040543731260N12153700WA0017100000000000021240226
B2040553731260N12153710WA0017200000000000021245229
B2040563731260N12153710WA0017300000000000016245220
B2040573731260N12153710WA0017200000000000011233219
B2040583731260N12153710WA0017100000000000010225223
B2040593731250N12153710WA0017100000000000013205221
B2041003731250N12153710WA0017100000000000018203199
B2041013731250N12153710WA0017100000000000021172199
B2041023731240N12153710WA0017200000000000023155196
B2041033731240N12153700WA0017200000000000027144159
B2041043731240N12153690WA0017200000000000032122147
B2041053731240N12153680WA0017300000000000035106123
B2041063731240N12153680WA0017400000000000036088105
B2041073731250N12153670WA0017500000000000037074105
B2041083731250N12153670WA0017600000000000027048067
B2041093731260N12153670WA0017700000000000024358069
B2041103731260N12153680WA0017800000000000025333334
B2041113731260N12153680WA0017700000000000023318313
B2041123731260N12153680WA0017700000000000020308313
B2041133731260N12153690WA0017600000000000020308313
B2041143731260N12153690WA0017500000000000020281287
B2041153731270N12153700WA0017500000000000021273286
B2041163731270N12153700WA0017500000000000018271262
B2041173731260N12153700WA0017400000000000014265259
B2041183731260N12153700WA0017300000000000013258252
B2041193731260N12153710WA0017100000000000017253246
B2041203731260N12153710WA0017000000000000022243232
B2041213731260N12153710WA0017000000000000022243227
B2041223731260N12153720WA0017000000000000020218222
B2041233731250N12153720WA0016800000000000020218210
B2041243731250N12153720WA0016500000000000021193204
B2041253731250N12153720WA0016200000000000021193202
B2041263731240N12153710WA0016000000000000028180198
B2041273731240N12153710WA0015900000000000030169181
B2041283731230N12153710WA0015800000000000034160186
B2041293731220N12153700WA0015800000000000037154165
B2041303731220N12153700WA0015800000000000037154158
B2041313731210N12153690WA0015800000000000037154152
B2041323731210N12153690WA0015900000000000044137160
B2041333731200N12153680WA0016000000000000044135151
B2041343731200N12153670WA0016200000000000045133166
B2041353731200N12153670WA0016600000000000045132161
B2041363731190N12153660WA0016900000000000044130181
B2041373731190N12153650WA0017200000000000041132181
B2041383731180N12153650WA0017200000000000041132186
B2041393731180N12153650WA0017200000000000041132177
B2041403731180N12153640WA0017200000000000041132180
B2041413731170N12153650WA0017100000000000029146176
B2041423731170N12153650WA0017200000000000026181189
B2041433731170N12153650WA0017300000000000026193189
B2041443731160N12153650WA0017400000000000023207186
B2041453731160N12153660WA0017600000000000023207232
B2041463731170N12153660WA0017800000000000023207232
B2041473731170N12153660WA0018000000000000023207232
B2041483731170N12153670WA0018100000000000017316231
B2041493731180N12153670WA0018200000000000017316301
B2041503731180N12153660WA0018300000000000017316301
B2041513731190N12153660WA0018400000000000029008301
B2041523731190N12153650WA0018500000000000038040352
B2041533731190N12153650WA0018600000000000040046032
B2041543731190N12153640WA0018800000000000040046032
B2041553731190N12153630WA0018900000000000038080039
B2041563731190N12153620WA0018900000000000038108083
B2041573731180N12153610WA0019100000000000041128118
B2041583731180N12153610WA0019200000000000039136141
B2041593731170N12153610WA0019400000000000036144141
B2042003731170N12153600WA0019600000000000034153161
B2042013731160N12153600WA0019800000000000029154170
B2042023731160N12153600WA0020100000000000028157177
B2042033731160N12153600WA0020400000000000027163183
B2042043731150N12153600WA0020700000000000026166181
B2042053731150N12153600WA0021100000000000026166196
B2042063731150N12153600WA0021300000000000024174197
B2042073731140N12153600WA0021400000000000025181198
B2042083731140N12153600WA0021500000000000024191209
B2042093731140N12153600WA0021500000000000023198209
B2042103731140N12153610WA0021400000000000020229207
B2042113731140N12153610WA0021600000000000019254244
B2042123731140N12153610WA0021700000000000017286245
B2042133731150N12153610WA0021800000000000017327244
B2042143731150N12153610WA0021800000000000018337305
B2042153731150N12153610WA0021900000000000027020306
B2042163731160N12153600WA0022000000000000028028299
B2042173731160N12153600WA0022100000000000029040009
B2042183731160N12153590WA0022300000000000035059009
B2042193731160N12153580WA0022400000000000032085051
B2042203731160N12153570WA0022500000000000034109088
B2042213731150N12153570WA0022700000000000037124121
B2042223731150N12153560WA0022900000000000034134139
B2042233731150N12153560WA0022900000000000035138151
B2042243731140N12153560WA0022900000000000031141151
B2042253731140N12153560WA0022900000000000026151161
B2042263731130N12153560WA0023000000000000024170161
B2042273731130N12153560WA0023100000000000021187194
B2042283731130N12153560WA0023100000000000019204194
B2042293731130N12153560WA0023200000000000017238194
B2042303731130N12153570WA0023200000000000016264194
B2042313731130N12153570WA0023200000000000019300262
B2042323731130N12153570WA0023300000000000020319262
B2042333731140N12153570WA0023400000000000023333262
B2042343731140N12153570WA0023500000000000027357312
B2042353731150N12153570WA0023700000000000029018312
B2042363731150N12153560WA0023700000000000030035357
B2042373731160N12153550WA0023800000000000039055017
B2042383731160N12153540WA0023800000000000046067046
B2042393731160N12153530WA0024000000000000047078063
B2042403731160N12153520WA0024100000000000047090077
B2042413731150N12153510WA0024300000000000047103093
B2042423731150N12153510WA0024600000000000044114110
B2042433731150N12153500WA0024700000000000040118110
B2042443731150N12153500WA0024900000000000037123129
B2042453731140N12153490WA0024900000000000037125129
B2042463731140N12153490WA0024900000000000038134140
B2042473731130N12153480WA0025100000000000034143140
B2042483731130N12153480WA0025300000000000031150161
B2042493731130N12153480WA0025400000000000026157161
B2042503731120N12153480WA0025500000000000024160161
B2042513731120N12153480WA0025500000000000024160186
B2042523731120N12153470WA0025600000000000028158188
B2042533731110N12153470WA0025800000000000028158185
B2042543731110N12153470WA0025900000000000026151189
B2042553731100N12153470WA0026100000000000026151181
B2042563731100N12153460WA0026100000000000026151182
B2042573731100N12153460WA0026200000000000029148179
B2042583731090N12153460WA0026200000000000031153175
B2042593731090N12153460WA0026200000000000033154168
B2043003731080N12153450WA0026300000000000033154170
B2043013731080N12153450WA0026200000000000032151171
B2043023731080N12153450WA0026200000000000034149170
B2043033731070N12153440WA0026100000000000037147174
B2043043731070N12153440WA0026100000000000038146172
B2043053731060N12153440WA0026200000000000039145159
B2043063731060N12153430WA0026200000000000039145163
B2043073731050N12153420WA0026200000000000040137172
B2043083731050N12153420WA0026200000000000041135176
B2043093731040N12153410WA0026200000000000041137170
B2043103731040N12153410WA0026200000000000041140157
B2043113731030N12153400WA0026300000000000041139161
B2043123731030N12153400WA0026400000000000042136174
B2043133731020N12153390WA0026500000000000041134190
B2043143731020N12153390WA0026700000000000038133186
B2043153731020N12153380WA0026900000000000036136201
B2043163731010N12153380WA0027000000000000031146202
B2043173731010N12153380WA0027000000000000026153209
B2043183731010N12153390WA0026900000000000026153207
B2043193731010N12153390WA0027000000000000026153213
B2043203731010N12153390WA0027200000000000014231213
B2043213731010N12153390WA0027300000000000016306148
B2043223731010N12153400WA0027300000000000019331156
B2043233731020N12153400WA0027200000000000019331318
B2043243731020N12153390WA0027200000000000026000318
B2043253731030N12153390WA0027100000000000026000345
B2043263731030N12153380WA0027000000000000039036344
B2043273731040N12153370WA0027000000000000045049028
B2043283731040N12153360WA0027000000000000043060045
B2043293731030N12153350WA0027200000000000042088057
B2043303731030N12153350WA0027400000000000043095093
B2043313731030N12153340WA0027500000000000038105093
B2043323731030N12153340WA0027500000000000036115116
B2043333731020N12153330WA0027500000000000036115116
B2043343731020N12153330WA0027500000000000034142129
B2043353731010N12153330WA0027600000000000034142129
B2043363731010N12153320WA0027600000000000034142162
B2043373731000N12153320WA0027700000000000026167162
B2043383731000N12153320WA0027800000000000023177192
B2043393731000N12153330WA0027900000000000022194192
B2043403731000N12153330WA0027900000000000020215217
B2043413731000N12153330WA0028000000000000017233217
B2043423731000N12153330WA0027900000000000017258217
B2043433731000N12153340WA0028000000000000018282217
B2043443731000N12153340WA0028000000000000018304275
B2043453731010N12153340WA0028200000000000025338275
B2043463731010N12153340WA0028400000000000027347316
B2043473731020N12153340WA0028500000000000027357316
B2043483731020N12153330WA0028400000000000037024334
B2043493731030N12153330WA0028300000000000040034007
B2043503731030N12153320WA0028300000000000043045019
B2043513731030N12153310WA0028300000000000045065033
B2043523731030N12153300WA0028100000000000047075059
B2043533731030N12153290WA0028000000000000045087072
B2043543731030N12153290WA0028100000000000048099089
B2043553731030N12153280WA0028200000000000048099089
B2043563731020N12153270WA0028300000000000040118104
B2043573731020N12153270WA0028300000000000037125130
B2043583731010N12153260WA0028400000000000037131130
B2043593731010N12153260WA0028400000000000038134150
B2044003731010N12153250WA0028600000000000035132154
B2044013731000N12153250WA0028700000000000035132157
B2044023731000N12153240WA0028800000000000035132161
B2044033731000N12153240WA0028800000000000034137159
B2044043730990N12153230WA0029000000000000034139152
B2044053730990N12153230WA0029000000000000033138159
B2044063730990N12153220WA0029100000000000031135157
B2044073730980N12153220WA0029000000000000030134153
B2044083730980N12153220WA0028900000000000031136154
B2044093730980N12153210WA0028700000000000031136153
B2044103730970N12153210WA0028600000000000036135155
B2044113730970N12153200WA0028500000000000036135158
B2044123730960N12153200WA0028400000000000036135156
B2044133730960N12153190WA0028300000000000034133156
B2044143730960N12153190WA0028200000000000036134158
B2044153730950N12153180WA0028100000000000039134153
B2044163730950N12153180WA0028000000000000039133156
B2044173730940N12153170WA0027900000000000038130155
B2044183730940N12153170WA0027800000000000037129155
B2044193730940N12153160WA0027700000000000037129151
B2044203730930N12153150WA0027800000000000037129161
B2044213730930N12153150WA0027800000000000037129165
B2044223730930N12153140WA0027800000000000036127169
B2044233730920N12153140WA0027700000000000034128175
B2044243730920N12153130WA0027700000000000034132160
B2044253730920N12153130WA0027600000000000035135160
B2044263730910N12153120WA0027500000000000036133160
B2044273730910N12153120WA0027500000000000036130164
B2044283730910N12153110WA0027400000000000036126165
B2044293730900N12153110WA0027300000000000036126164
B2044303730900N12153100WA0027200000000000036128168
B2044313730900N12153100WA0027200000000000037129158
B2044323730890N12153090WA0027100000000000038129155
B2044333730890N12153090WA0027100000000000038127162
B2044343730890N12153080WA0027100000000000038127160
B2044353730880N12153080WA0027000000000000038128159
B2044363730880N12153070WA0026800000000000038129158
B2044373730870N12153060WA0026700000000000038130159
B2044383730870N12153060WA0026600000000000038129164
B2044393730870N12153050WA0026500000000000039130170
B2044403730860N12153050WA0026400000000000038131166
B2044413730860N12153040WA0026300000000000037134161
B2044423730860N12153040WA0026300000000000036134160
B2044433730850N12153030WA0026200000000000036133161
B2044443730850N12153030WA0026100000000000035131158
B2044453730850N12153020WA0025900000000000036130157
B2044463730840N12153020WA0025800000000000036131146
B2044473730840N12153010WA0025700000000000036131151
B2044483730830N12153010WA0025700000000000035130142
B2044493730830N12153000WA0025600000000000035128152
B2044503730830N12153000WA0025600000000000035129154
B2044513730820N12152990WA0025600000000000037128151
B2044523730820N12152990WA0025600000000000036126154
B2044533730820N12152980WA0025600000000000036126156
B2044543730820N12152980WA0025500000000000032126158
B2044553730810N12152970WA0025500000000000032130154
B2044563730810N12152970WA0025300000000000033132146
B2044573730810N12152960WA0025200000000000034130152
B2044583730800N12152960WA0025100000000000035129157
B2044593730800N12152950WA0025000000000000036129156
B2045003730800N12152950WA0024900000000000036129158
B2045013730790N12152940WA0024700000000000036130158
B2045023730790N12152940WA0024600000000000035130156
B2045033730790N12152930WA0024600000000000033128149
B2045043730780N12152930WA0024500000000000033128155
B2045053730780N12152920WA0024300000000000033128154
B2045063730780N12152920WA0024200000000000031119159
B2045073730780N12152910WA0024000000000000031119158
B2045083730770N12152910WA0023800000000000032127170
B2045093730770N12152900WA0023700000000000032127180
B2045103730770N12152900WA0023700000000000032127176
B2045113730760N12152890WA0023700000000000029129165
B2045123730760N12152890WA0023700000000000027132163
B2045133730760N12152890WA0023500000000000027132166
B2045143730760N12152880WA0023400000000000031133173
B2045153730750N12152880WA0023300000000000032131188
B2045163730750N12152870WA0023200000000000030138192
B2045173730740N12152870WA0023000000000000029147195
B2045183730740N12152870WA0022900000000000026167198
B2045193730740N12152870WA0022900000000000026176200
B2045203730730N12152880WA0022900000000000025183196
B2045213730730N12152880WA0022800000000000021192218
B2045223730730N12152880WA0022700000000000019212215
B2045233730730N12152880WA0022500000000000020220214
B2045243730720N12152890WA0022400000000000025227212
B2045253730720N12152890WA0022400000000000025227242
B2045263730720N12152890WA0022400000000000022223240
B2045273730720N12152900WA0022500000000000019219244
B2045283730720N12152900WA0022400000000000019222244
B2045293730710N12152900WA0022400000000000019222243
B2045303730710N12152910WA0022300000000000019222256
B2045313730710N12152910WA0022300000000000019222264
B2045323730710N12152910WA0022300000000000022233264
B2045333730710N12152920WA0022200000000000020247259
B2045343730710N12152920WA0022200000000000021260264
B2045353730710N12152930WA0022100000000000021260267
B2045363730710N12152930WA0022000000000000021260276
B2045373730710N12152930WA0021900000000000023271276
B2045383730710N12152940WA0021800000000000025278274
B2045393730710N12152940WA0021800000000000027286284
B2045403730710N12152950WA0021800000000000028294283
B2045413730710N12152950WA0021800000000000027300295
B2045423730720N12152960WA0021800000000000027300292
B2045433730720N12152960WA0021700000000000027300295
B2045443730720N12152970WA0021600000000000027300297
B2045453730720N12152970WA0021600000000000027300286
B2045463730730N12152980WA0021500000000000027300292
B2045473730730N12152980WA0021400000000000027300288
B2045483730730N12152980WA0021300000000000027300281
B2045493730730N12152990WA0021300000000000027300292
B2045503730730N12153000WA0021200000000000030283282
B2045513730730N12153000WA0021200000000000029278293
B2045523730730N12153010WA0021300000000000028279286
B2045533730730N12153010WA0021300000000000026282283
B2045543730730N12153020WA0021300000000000026282292
B2045553730730N12153020WA0021300000000000026282287
B2045563730730N12153020WA0021200000000000024276296
B2045573730740N12153030WA0021100000000000024276301
B2045583730740N12153030WA0021100000000000026287296
B2045593730740N12153040WA0021000000000000026294286
B2046003730740N12153040WA0021100000000000026294297
B2046013730740N12153050WA0021100000000000025299285
B2046023730740N12153050WA0021200000000000024296293
B2046033730750N12153060WA0021200000000000024296292
B2046043730750N12153060WA0021300000000000023290305
B2046053730750N12153060WA0021300000000000024290314
B2046063730750N12153070WA0021400000000000024296325
B2046073730750N12153070WA0021400000000000024296331
B2046083730760N12153070WA0021300000000000024296333
B2046093730760N12153070WA0021300000000000024296331
B2046103730770N12153070WA0021300000000000024296328
B2046113730770N12153060WA0021300000000000024296325
B2046123730780N12153060WA0021400000000000039038319
B2046133730780N12153050WA0021500000000000039038034
B2046143730780N12153040WA0021500000000000039038035
B2046153730780N12153030WA0021500000000000035074034
B2046163730780N12153030WA0021500000000000035074079
B2046173730770N12153020WA0021500000000000035074079
B2046183730770N12153010WA0021400000000000035074079
B2046193730770N12153010WA0021500000000000035074076
B2046203730760N12153000WA0021500000000000035074075
B2046213730760N12153000WA0021600000000000035074075
B2046223730760N12152990WA0021600000000000035074076
B2046233730760N12152990WA0021600000000000033112079
B2046243730760N12152980WA0021500000000000033112085
B2046253730760N12152970WA0021400000000000033112114
B2046263730760N12152970WA0021300000000000033112111
B2046273730760N12152960WA0021200000000000033112108
B2046283730760N12152950WA0021200000000000033112117
B2046293730760N12152940WA0021200000000000040081118
B2046303730760N12152940WA0021200000000000040081107
B2046313730760N12152930WA0021100000000000040081111
B2046323730760N12152920WA0021100000000000040081102
B2046333730760N12152910WA0021000000000000040081110
B2046343730760N12152910WA0021100000000000036106103
B2046353730750N12152900WA0021100000000000036106101
B2046363730750N12152900WA0021000000000000033114122
B2046373730750N12152890WA0020900000000000035117128
B2046383730750N12152880WA0020800000000000037117137
B2046393730740N12152880WA0020800000000000039116147
B2046403730740N12152870WA0021000000000000039116161
B2046413730740N12152870WA0021100000000000039116159
B2046423730740N12152860WA0021100000000000039116160
B2046433730730N12152860WA0021000000000000039116161
B2046443730730N12152860WA0020900000000000039116165
B2046453730730N12152860WA0020700000000000020183163
B2046463730730N12152870WA0020700000000000020183159
B2046473730730N12152870WA0020700000000000018240219
B2046483730730N12152880WA0020800000000000020275216
B2046493730730N12152880WA0020800000000000024296271
B2046503730730N12152880WA0020800000000000026310271
B2046513730740N12152890WA0020800000000000025319270
B2046523730740N12152890WA0020800000000000025319303
B2046533730750N12152890WA0020800000000000032331302
B2046543730750N12152900WA0020900000000000034336314
B2046553730760N12152900WA0021000000000000031338308
B2046563730760N12152900WA0021100000000000027334305
B2046573730760N12152900WA0021000000000000025326302
B2046583730760N12152910WA0020900000000000023313300
B2046593730760N12152910WA0020800000000000023278276
B2047003730760N12152910WA0020900000000000021250276
B2047013730750N12152910WA0020900000000000014222311
B2047023730750N12152910WA0020900000000000013162220
B2047033730750N12152900WA0021000000000000025123223
B2047043730750N12152890WA0021100000000000025123144
B2047053730750N12152890WA0021100000000000030096145
B2047063730750N12152880WA0021100000000000031088144
B2047073730750N12152870WA0021100000000000033091105
B2047083730740N12152870WA0021000000000000034099113
B2047093730740N12152860WA0021000000000000035111122
B2047103730740N12152860WA0021000000000000031117135
B2047113730740N12152850WA0020800000000000025121135
B2047123730730N12152860WA0020600000000000016139152
B2047133730730N12152860WA0020400000000000011207179
B2047143730730N12152870WA0020300000000000015241179
B2047153730730N12152870WA0020300000000000018272242
B2047163730740N12152870WA0020400000000000025314241
B2047173730740N12152880WA0020500000000000025321295
B2047183730740N12152880WA0020500000000000025321304
B2047193730740N12152880WA0020400000000000022305313
B2047203730750N12152890WA0020400000000000026309318
B2047213730750N12152890WA0020400000000000030319295
B2047233730760N12152890WA0020500000000000030319272
B2047243730760N12152900WA0020600000000000027330272
B2047253730760N12152900WA0020700000000000023319272
B2047273730760N12152900WA0020700000000000020302271
B2047283730760N12152910WA0020600000000000017283340
B2047313730750N12152900WA0020300000000000017217253
B2047343730740N12152880WA0020500000000000030111220
B2047363730730N12152870WA0020500000000000036120133
B2047383730730N12152860WA0020500000000000035125144
B2047393730730N12152850WA0020600000000000029130145
B2047413730720N12152850WA0020600000000000028135153
B2047423730720N12152850WA0020600000000000028135158
B2047433730720N12152850WA0020600000000000026152158
B2047473730700N12152850WA0020400000000000023179157
B2047523730690N12152870WA0020100000000000019243196
B2047533730690N12152870WA0020000000000000021245240
B2047543730690N12152880WA0019900000000000024254240
B2047553730690N12152880WA0019900000000000025264248
B2047563730690N12152890WA0019900000000000025268252
B2047573730690N12152890WA0019900000000000024263266
B2047583730690N12152900WA0019800000000000024262271
B2047593730690N12152900WA0019800000000000025263266
B2048013730690N12152910WA0019700000000000026269268
B2048023730690N12152910WA0019700000000000027275267
B2048033730690N12152920WA0019600000000000027282270
B2048053730690N12152920WA0019600000000000025285282
B2048073730690N12152930WA0019400000000000024285287
B2048103730700N12152940WA0019100000000000027298287
B2048113730700N12152950WA0019000000000000025303296
B2048123730700N12152960WA0018900000000000025302298
B2048133730710N12152960WA0018900000000000027307297
B2048143730710N12152970WA0018900000000000026307290
B2048153730710N12152970WA0019000000000000025302290
B2048163730710N12152980WA0019100000000000025299298
B2048173730710N12152980WA0019100000000000022296304
B2048183730720N12152980WA0019200000000000023299297
B2048193730720N12152990WA0019400000000000024306288
B2048213730720N12152990WA0019500000000000023312296
B2048223730720N12152990WA0019700000000000019310301
B2048233730720N12153000WA0019800000000000018304315
B2048243730730N12153000WA0019900000000000019303309
B2048263730730N12153000WA0020100000000000021309299
B2048283730730N12153010WA0020500000000000022333298
B2048313730750N12153010WA0021200000000000028331291
B2048323730750N12153020WA0021800000000000026342287
B2048333730760N12153020WA0022000000000000020344294
B2048343730760N12153020WA0022000000000000019343287
B2048353730760N12153020WA0022000000000000017333284
B2048363730760N12153020WA0022000000000000015321282
B2048373730760N12153030WA0022000000000000012293279
B2048383730760N12153030WA0022100000000000017238243
B2048393730750N12153030WA0022100000000000018212242
B2048413730750N12153030WA0022100000000000023161203
B2048423730740N12153020WA0022100000000000036131237
B2048433730740N12153010WA0022300000000000035124137
B2048443730740N12153010WA0022400000000000035104131
B2048463730750N12153000WA0022600000000000035081133
B2048473730750N12152990WA0022800000000000042049085
B2048483730760N12152990WA0023000000000000043043044
B2048503730770N12152990WA0023400000000000035021037
B2048523730780N12152990WA0023400000000000025353008
B2048533730780N12152990WA0023400000000000026341330
B2048543730780N12153000WA0023600000000000022317302
B2048553730790N12153000WA0023600000000000018317302
B2048563730790N12153000WA0023400000000000017319295
B2048573730790N12153010WA0023200000000000018316297
B2048583730790N12153010WA0023100000000000021315296
B2048593730800N12153010WA0023000000000000025318298
B2049003730800N12153020WA0022800000000000024316297
B2049013730800N12153020WA0022600000000000024314298
B2049023730800N12153020WA0022400000000000024310300
B2049033730810N12153030WA0022300000000000024310301
B2049043730810N12153030WA0022200000000000025314300
B2049053730810N12153030WA0022100000000000024319300
B2049063730810N12153040WA0021900000000000024320294
B2049073730820N12153040WA0021800000000000022315295
B2049083730820N12153040WA0021700000000000022308301
B2049093730820N12153050WA0021600000000000023305292
B2049103730820N12153050WA0021500000000000023306303
B2049113730820N12153060WA0021600000000000024308296
B2049123730830N12153060WA0021500000000000022305293
B2049133730830N12153060WA0021400000000000021306294
B2049143730830N12153060WA0021200000000000022308292
B2049153730830N12153070WA0021100000000000024306281
B2049173730830N12153070WA0021000000000000024305293
B2049183730840N12153080WA0021000000000000024303289
B2049193730840N12153080WA0020900000000000023303289
B2049203730840N12153080WA0020600000000000023302281
B2049213730840N12153090WA0020500000000000026298285
B2049223730840N12153090WA0020300000000000029297286
B2049243730850N12153100WA0020200000000000027297282
B2049263730850N12153110WA0019500000000000025298274
B2049273730850N12153120WA0019600000000000023297281
B2049283730860N12153120WA0019700000000000024296283
B2049293730860N12153130WA0020000000000000027295289
B2049303730860N12153130WA0020200000000000025298268
B2049313730860N12153130WA0020300000000000023302269
B2049323730860N12153140WA0020200000000000019306267
B2049333730860N12153140WA0020100000000000020300276
B2049343730870N12153150WA0020000000000000023289288
B2049363730870N12153150WA0019900000000000023281277
B2049373730870N12153150WA0019700000000000022281283
B2049393730870N12153160WA0019500000000000024278289
B2049423730870N12153170WA0019000000000000029281269
B2049433730870N12153180WA0019000000000000028282277
B2049443730870N12153190WA0018900000000000024280287
B2049453730870N12153190WA0018800000000000026279275
B2049473730870N12153200WA0018700000000000026276285
B2049493730870N12153210WA0018000000000000025273284
B2049523730870N12153220WA0017700000000000027271290
B2049543730880N12153240WA0017300000000000023285286
B2049573730880N12153240WA0017000000000000023290280
B2050033730890N12153280WA0015800000000000022300291
B2050043730890N12153280WA0015600000000000021305297
B2050053730890N12153280WA0015400000000000022304286
B2050063730900N12153290WA0015100000000000025304304
B2050073730900N12153290WA0014900000000000027300299
B2050083730900N12153300WA0014700000000000027299299
B2050093730900N12153300WA0014400000000000028299306
B2050103730900N12153310WA0014200000000000027302301
B2050113730910N12153310WA0014100000000000026303291
B2050123730910N12153310WA0013800000000000025303290
B2050133730910N12153320WA0013600000000000026300295
B2050143730910N12153320WA0013400000000000027298302
B2050153730910N12153330WA0013200000000000028299300
B2050163730920N12153330WA0013000000000000027299296
B2050173730920N12153340WA0012900000000000026300299
B2050183730920N12153340WA0012600000000000027300297
B2050193730920N12153350WA0012500000000000030303313
B2050203730930N12153350WA0012400000000000032305298
B2050213730930N12153350WA0012400000000000031311315
B2050223730930N12153360WA0012300000000000028319311
B2050233730940N12153360WA0012100000000000025324304
B2050253730940N12153360WA0011800000000000022323311
B2050263730940N12153360WA0011500000000000023321290
B2050273730940N12153370WA0011200000000000029318299
B2050293730950N12153370WA0011000000000000030321289
B2050303730950N12153380WA0011000000000000030320308
B2050313730950N12153380WA0010900000000000027317299
B2050323730960N12153380WA0010800000000000023311308
B2050333730960N12153390WA0010600000000000024307302
B2050343730960N12153390WA0010400000000000028306301
B2050363730970N12153400WA0010200000000000026310304
B2050373730970N12153410WA0010100000000000025310305
B2050383730970N12153410WA0010000000000000026309298
B2050393730980N12153420WA0009600000000000028313296
B2050403730980N12153420WA0009500000000000026313286
B2050413730980N12153430WA0009400000000000025307295
B2050423730990N12153430WA0009100000000000025301295
B2050433730990N12153430WA0008900000000000026298308
B2050443730990N12153440WA0008800000000000027303312
B2050453730990N12153440WA0008700000000000027310292
B2050463731000N12153450WA0008600000000000026314312
B2050473731000N12153450WA0008600000000000025315311
B2050483731000N12153450WA0008500000000000026311303
B2050503731000N12153460WA0008500000000000027309301
B2050513731010N12153460WA0008500000000000026312294
B2050523731010N12153460WA0008500000000000027321301
B2050533731010N12153470WA0008400000000000030324315
B2050553731020N12153470WA0008400000000000029317318
B2050563731020N12153480WA0008200000000000028312315
B2050573731030N12153480WA0007900000000000031319309
B2051003731040N12153500WA0007900000000000035316305
B2051013731040N12153500WA0008000000000000032316306
B2051033731050N12153510WA0007900000000000029314315
B2051043731050N12153520WA0008000000000000034323324
B2051053731060N12153520WA0008100000000000035328310
B2051063731060N12153520WA0008300000000000033331310
B2051073731070N12153520WA0008400000000000030338306
B2051083731070N12153520WA0008500000000000028338291
B2051093731070N12153530WA0008600000000000028329274
B2051103731080N12153530WA0008800000000000027319263
B2051113731080N12153540WA0008900000000000025307255
B2051123731080N12153540WA0009000000000000025307246
B2051143731070N12153540WA0009200000000000025307248
B2051153731070N12153540WA0009300000000000023219251
B2051163731070N12153540WA0009400000000000023219253
B2051173731060N12153540WA0009400000000000023172310
B2051183731060N12153530WA0009400000000000023172173
B2051193731050N12153520WA0009400000000000023172208
B2051203731050N12153520WA0009600000000000039119202
B2051233731060N12153500WA0009900000000000043071196
B2051243731070N12153500WA0010600000000000028347051
B2051253731080N12153500WA0010900000000000028347052
B2051263731080N12153510WA0011100000000000023330322
B2051273731080N12153510WA0011200000000000016308303
B2051283731080N12153510WA0011200000000000014271303
B2051293731080N12153520WA0011200000000000014271303
B2051303731070N12153520WA0011200000000000014271255
B2051313731070N12153520WA0011200000000000019222255
B2051333731070N12153520WA0011200000000000019222255
B2051343731060N12153520WA0011200000000000027171255
B2051353731050N12153510WA0011200000000000030158188
B2051363731050N12153510WA0011300000000000036145177
B2051373731050N12153500WA0011300000000000036145177
B2051383731040N12153490WA0011300000000000039124162
B2051393731040N12153490WA0011300000000000039124140
B2051403731040N12153480WA0011400000000000042102140
B2051413731050N12153470WA0011600000000000044075114
B2051423731050N12153460WA0011800000000000044075079
B2051433731060N12153460WA0011900000000000035047079
B2051443731060N12153460WA0012000000000000029029039
B2051453731070N12153460WA0012200000000000021349334
B2051463731070N12153470WA0012300000000000019333334
B2051473731070N12153470WA0012300000000000017313300
B2051483731070N12153470WA0012300000000000018291301
B2051493731070N12153480WA0012400000000000018271301
B2051503731070N12153480WA0012400000000000018256256
B2051513731070N12153480WA0012400000000000018242254
B2051523731070N12153490WA0012400000000000020229253
B2051533731060N12153490WA0012400000000000021213226
B2051543731060N12153490WA0012400000000000022202215
B2051553731060N12153490WA0012400000000000023192215
B2051563731050N12153490WA0012400000000000025182212
B2051573731050N12153490WA0012300000000000028174194
B2051583731040N12153490WA0012300000000000031166192
B2051593731040N12153480WA0012200000000000034155178
B2052003731040N12153480WA0012300000000000037146166
B2052013731030N12153470WA0012200000000000039138166
B2052023731030N12153460WA0012300000000000038129149
B2052033731030N12153450WA0012300000000000038109140
B2052053731030N12153450WA0012300000000000038109118
B2052063731030N12153440WA0012300000000000037077117
B2052073731040N12153430WA0012400000000000039062077
B2052083731050N12153430WA0012600000000000032025056
B2052093731050N12153430WA0012600000000000031011005
B2052103731060N12153430WA0012800000000000030000005
B2052113731060N12153430WA0012900000000000028352338
B2052123731060N12153430WA0012900000000000022341338
B2052133731060N12153440WA0012800000000000017323338
B2052143731070N12153440WA0012800000000000016303296
B2052153731070N12153450WA0012800000000000018287279
B2052173731070N12153450WA0012800000000000018274274
B2052193731060N12153460WA0012700000000000018260274
B2052203731070N12153460WA0012600000000000017268274
B2052213731070N12153470WA0012600000000000017268279
B2052223731070N12153470WA0012400000000000016280283
B2052233731070N12153470WA0012400000000000017279285
B2052243731070N12153480WA0012300000000000020283282
B2052253731070N12153480WA0012400000000000020292289
B2052263731070N12153480WA0012400000000000018305281
B2052273731070N12153480WA0012400000000000018305283
B2052283731070N12153490WA0012300000000000018305281
B2052293731080N12153490WA0012100000000000019308292
B2052303731080N12153490WA0012000000000000022302309
B2052313731080N12153500WA0012000000000000022302303
B2052323731080N12153500WA0012000000000000024311302
B2052333731090N12153500WA0012100000000000022320284
B2052343731090N12153500WA0012000000000000021327295
B2052363731090N12153510WA0011900000000000020326299
B2052373731090N12153510WA0011800000000000020326296
B2052383731100N12153510WA0011700000000000023320286
B2052393731100N12153510WA0011500000000000023320288
B2052403731100N12153520WA0011500000000000023320286
B2052413731100N12153520WA0011400000000000023320287
B2052423731100N12153520WA0011400000000000020308288
B2052483731120N12153540WA0011300000000000015308298
B2052493731120N12153540WA0011300000000000021323295
B2052503731120N12153540WA0011300000000000020325285
B2052513731130N12153550WA0011200000000000020325292
B2052523731130N12153550WA0011000000000000020322288
B2052533731130N12153550WA0010800000000000021318289
B2052543731130N12153550WA0010600000000000024312304
B2052553731140N12153560WA0010500000000000024312304
B2052563731140N12153560WA0010400000000000022320305
B2052573731140N12153560WA0010200000000000022326307
B2052583731140N12153560WA0010100000000000024325305
B2052593731150N12153570WA0009900000000000024323297
B2053003731150N12153570WA0009700000000000024323306
B2053013731150N12153570WA0009500000000000024323295
B2053023731160N12153580WA0009300000000000025319319
B2053033731160N12153580WA0009200000000000026319329
B2053053731160N12153580WA0009300000000000026319313
B2053063731160N12153590WA0009300000000000024323304
B2053073731170N12153590WA0009200000000000024338284
B2053093731170N12153590WA0009100000000000025342306
B2053113731180N12153590WA0009000000000000023324299
B2053123731180N12153600WA0009000000000000023314300
B2053133731190N12153610WA0009000000000000026313297
B2053143731190N12153610WA0009000000000000024312304
B2053153731190N12153610WA0008800000000000024313311
B2053163731200N12153620WA0008700000000000024313315
B2053173731200N12153620WA0008600000000000029320324
B2053183731200N12153620WA0008700000000000032321318
B2053193731210N12153630WA0008800000000000032323323
B2053203731210N12153630WA0008900000000000030324326
B2053213731210N12153630WA0009100000000000028328314
B2053223731220N12153630WA0009200000000000028328304
B2053233731220N12153630WA0009200000000000026344290
B2053243731230N12153640WA0009300000000000026344273
B2053263731230N12153640WA0009300000000000030330273
B2053273731230N12153640WA0009400000000000026325274
B2053283731230N12153650WA0009400000000000026325284
B2053303731230N12153650WA0009500000000000026325273
B2053323731230N12153660WA0009800000000000018238277
B2053333731230N12153660WA0009900000000000018216229
B2053353731220N12153650WA0010100000000000022170265
B2053363731210N12153640WA0010200000000000029142210
B2053373731210N12153630WA0010300000000000035088177
B2053383731220N12153620WA0010400000000000038061083
B2053393731220N12153620WA0010400000000000033049046
B2053403731230N12153620WA0010500000000000031009047
B2053413731230N12153620WA0010500000000000030000344
B2053423731240N12153630WA0010600000000000029339344
B2053433731240N12153630WA0010600000000000024322318
B2053453731240N12153630WA0010500000000000022312318
B2053463731240N12153640WA0010400000000000021300318
B2053473731240N12153640WA0010200000000000021300285
B2053483731240N12153640WA0010000000000000018262286
B2053493731230N12153650WA0009700000000000024231286
B2053503731230N12153650WA0009500000000000026222236
B2053513731230N12153650WA0009200000000000026216229
B2053533731220N12153660WA0008900000000000028213232
B2053573731200N12153660WA0008600000000000027186216
B2053583731190N12153660WA0008400000000000033174202
B2053593731190N12153660WA0008600000000000035173188
B2054003731180N12153660WA0008900000000000037174202
B2054013731180N12153650WA0009300000000000036171205
B2054023731170N12153650WA0009600000000000033170204
B2054033731170N12153650WA0009800000000000027171207
B2054043731160N12153650WA0009900000000000024183208
B2054053731160N12153660WA0009900000000000025193222
B2054063731160N12153660WA0010100000000000025208230
B2054073731160N12153660WA0010100000000000022226232
B2054083731160N12153670WA0010100000000000017255232
B2054093731160N12153670WA0010200000000000019319273
B2054103731170N12153670WA0010200000000000020345245
B2054123731170N12153660WA0010200000000000023014331
B2054133731170N12153650WA0010300000000000033049357
B2054153731180N12153650WA0010300000000000036059042
B2054173731170N12153630WA0010700000000000042110049
B2054183731170N12153620WA0011100000000000044112120
B2054203731150N12153620WA0011700000000000023159121
B2054213731150N12153620WA0011800000000000021181183
B2054223731150N12153620WA0012000000000000022199183
B2054233731150N12153620WA0012200000000000023209183
B2054243731140N12153630WA0012300000000000020222183
B2054253731140N12153630WA0012300000000000018271235
B2054263731150N12153630WA0012300000000000019280235
B2054273731150N12153630WA0012300000000000017303275
B2054283731150N12153630WA0012300000000000019329275
B2054303731160N12153630WA0012200000000000024353275
B2054313731160N12153630WA0012200000000000032013332
B2054343731170N12153610WA0012100000000000042058332
B2054353731170N12153600WA0012300000000000043082051
B2054363731170N12153590WA0012400000000000043100081
B2054373731160N12153570WA0013000000000000039132131
B2054383731150N12153570WA0013300000000000036142143
B2054393731150N12153570WA0013500000000000032151156
B2054403731150N12153570WA0013800000000000029160156
B2054413731140N12153570WA0014000000000000027172156
B2054433731140N12153570WA0014100000000000026184191
B2054443731130N12153570WA0014300000000000024196191
B2054463731130N12153570WA0014500000000000022210214
B2054493731130N12153580WA0014800000000000017266214
B2054503731130N12153580WA0014700000000000016275266
B2054523731140N12153590WA0014500000000000022355266
B2054533731150N12153580WA0014400000000000027013331
B2054543731150N12153580WA0014300000000000034036351
B2054553731150N12153570WA0014200000000000036044351
B2054563731150N12153560WA0014100000000000039055032
B2054573731150N12153550WA0014100000000000040073046
B2054583731150N12153540WA0014200000000000046101069
B2054593731150N12153530WA0014300000000000049106106
B2055003731140N12153530WA0014500000000000047112110
B2055013731140N12153530WA0014800000000000036127119
B2055023731130N12153520WA0015000000000000030140119
B2055033731130N12153520WA0015100000000000029155159
B2055043731120N12153520WA0015200000000000030161159
B2055063731120N12153520WA0015200000000000030169180
B2055073731110N12153520WA0015200000000000030169180
B2055083731110N12153520WA0015100000000000029184188
B2055093731110N12153530WA0015300000000000024214188
B2055103731110N12153530WA0015400000000000024214229
B2055113731110N12153530WA0015500000000000024214229
B2055133731110N12153540WA0015700000000000012275229
B2055163731120N12153530WA0015800000000000022005271
B2055173731130N12153510WA0015900000000000038059339
B2055183731120N12153510WA0016100000000000037082050
B2055193731120N12153500WA0016200000000000042114081
B2055203731110N12153490WA0016300000000000044126122
B2055213731110N12153490WA0016400000000000041134136
B2055223731100N12153480WA0016400000000000041134136
B2055233731100N12153480WA0016300000000000038144146
B2055243731090N12153480WA0016300000000000040149146
B2055263731090N12153470WA0016300000000000035161163
B2055273731080N12153470WA0016200000000000032173178
B2055283731080N12153480WA0016100000000000029188192
B2055293731080N12153480WA0016100000000000024201207
B2055303731080N12153480WA0016100000000000020209207
B2055313731070N12153480WA0016100000000000016215207
B2055333731070N12153480WA0015900000000000013212239
B2055343731070N12153480WA0015700000000000012206240
B2055353731070N12153490WA0015400000000000015223240
B2055363731070N12153490WA0014900000000000019244245
B2055373731070N12153500WA0014700000000000016286271
B2055383731070N12153500WA0014500000000000017304270
B2055393731070N12153500WA0014300000000000018318271
B2055403731080N12153510WA0014100000000000021325270
B2055413731080N12153510WA0014000000000000023330311
B2055423731080N12153510WA0014000000000000024335313
B2055433731090N12153510WA0014000000000000025343316
B2055453731090N12153510WA0014000000000000026343322
B2055463731090N12153520WA0014000000000000026343331
B2055473731100N12153520WA0014000000000000025336327
B2055483731100N12153520WA0014100000000000027337316
B2055493731100N12153520WA0014300000000000026343305
B2055503731110N12153520WA0014400000000000024347305
B2055523731110N12153520WA0014500000000000024347325
B2055533731110N12153530WA0014500000000000022336313
B2055543731120N12153530WA0014600000000000023326314
B2055553731120N12153530WA0014700000000000022330300
B2055563731130N12153530WA0014800000000000023339299
B2055573731130N12153540WA0014900000000000023335300
B2055583731140N12153540WA0015000000000000022325298
B2055593731140N12153540WA0014900000000000022325297
B2056003731140N12153540WA0014900000000000022325289
B2056013731140N12153550WA0014900000000000021313283
B2056023731140N12153550WA0014900000000000021311291
B2056033731150N12153550WA0015000000000000021311291
B2056043731150N12153560WA0015100000000000021313320
B2056053731150N12153560WA0015200000000000019314299
B2056063731150N12153560WA0015300000000000020318321
B2056073731160N12153560WA0015300000000000020318316
B2056093731160N12153570WA0015300000000000023318316
B2056103731160N12153570WA0015300000000000023318312
B2056113731160N12153570WA0015200000000000026320314
B2056123731170N12153580WA0015300000000000026322320
B2056143731170N12153580WA0015300000000000025320310
B2056163731180N12153580WA0015200000000000025324323
B2056173731180N12153590WA0015200000000000027322322
B2056183731190N12153600WA0014900000000000024320323
B2056193731190N12153600WA0014800000000000025323320
B2056203731190N12153600WA0014700000000000025323322
B2056213731200N12153610WA0014500000000000027327323
B2056223731200N12153610WA0014300000000000028325322
B2056233731200N12153610WA0014200000000000028323318
B2056243731210N12153610WA0014100000000000027324317
B2056253731210N12153620WA0014000000000000026328310
B2056263731210N12153620WA0013800000000000026332302
B2056283731220N12153620WA0013600000000000025331313
B2056293731220N12153620WA0013300000000000024327311
B2056303731220N12153630WA0013200000000000024319312
B2056313731230N12153630WA0013000000000000025319320
B2056323731230N12153630WA0012900000000000024323321
B2056333731230N12153630WA0012900000000000023327320
B2056353731240N12153640WA0012900000000000021331326
B2056373731250N12153640WA0012600000000000026343319
B2056383731250N12153640WA0012600000000000025345314
B2056393731260N12153640WA0012500000000000023345319
B2056403731260N12153640WA0012300000000000023342313
B2056413731260N12153650WA0012100000000000025340306
B2056423731270N12153650WA0012000000000000027335302
B2056433731270N12153650WA0011900000000000025329304
B2056443731270N12153650WA0011700000000000024323303
B2056453731280N12153660WA0011500000000000024323306
B2056463731280N12153660WA0011300000000000024317308
B2056483731280N12153660WA0011100000000000024317305
B2056493731280N12153670WA0011100000000000026324300
B2056503731290N12153670WA0011100000000000025326299
B2056513731290N12153670WA0011000000000000023332304
B2056523731290N12153670WA0010800000000000023332309
B2056533731300N12153670WA0010500000000000025330315
B2056543731300N12153680WA0010300000000000025330308
B2056573731310N12153690WA0009900000000000026328295
B2056583731320N12153690WA0009500000000000025321302
B2056593731320N12153690WA0009300000000000026318302
B2057003731320N12153700WA0009200000000000024316308
B2057013731320N12153700WA0009000000000000024316306
B2057023731330N12153700WA0008800000000000023322317
B2057033731330N12153710WA0008600000000000025328309
B2057043731330N12153710WA0008500000000000027330311
B2057053731340N12153710WA0008300000000000027329308
B2057063731340N12153710WA0008200000000000027329302
B2057073731340N12153720WA0008100000000000026328292
B2057083731350N12153720WA0008000000000000024331293
B2057093731350N12153720WA0007900000000000024329293
B2057113731350N12153720WA0007700000000000025324296
B2057123731360N12153730WA0007600000000000025320297
B2057133731360N12153730WA0007400000000000025318297
B2057153731360N12153730WA0007300000000000024321294
B2057173731370N12153740WA0006900000000000023322300
B2057193731370N12153740WA0006600000000000025317280
B2057203731380N12153750WA0006500000000000024322263
B2057213731380N12153760WA0005800000000000023307260
B2057223731380N12153760WA0005600000000000022289255
B2057233731380N12153760WA0005400000000000022289254
B2057243731380N12153770WA0005200000000000020244259
B2057253731380N12153770WA0005100000000000019226235
B2057263731370N12153770WA0004900000000000019204237
B2057273731370N12153770WA0004600000000000021186219
B2057283731360N12153770WA0004400000000000024177218
B2057293731360N12153770WA0004100000000000028169197
B2057303731360N12153760WA0003900000000000030160198
B2057313731350N12153760WA0003700000000000031152180
B2057323731350N12153760WA0003500000000000031147173
B2057333731340N12153750WA0003200000000000030145174
B2057343731340N12153750WA0003000000000000030148169
B2057353731340N12153750WA0002700000000000032152178
B2057363731330N12153750WA0002600000000000032152186
B2057373731330N12153740WA0002400000000000031153190
B2057383731320N12153740WA0002200000000000029157190
B2057393731320N12153740WA0002100000000000028162186
B2057403731310N12153740WA0001800000000000028165183
B2057413731310N12153740WA0001600000000000031165178
B2057423731300N12153730WA0001400000000000034163173
B2057433731300N12153730WA0001300000000000035160164
B2057443731290N12153730WA0001200000000000034157173
B2057453731290N12153730WA0001100000000000033151174
B2057463731290N12153720WA0001000000000000032151178
B2057473731280N12153720WA0000800000000000032154171
B2057483731280N12153720WA0000600000000000034156170
B2057493731270N12153720WA0000400000000000035154174
B2057503731270N12153710WA0000300000000000036152177
B2057513731260N12153710WA0000200000000000037151177
B2057523731260N12153710WA0000100000000000036153177
B2057533731250N12153700WA0000000000000000035154172
B2057543731250N12153700WA0000000000000000035154177
B2057553731240N12153700WA-000100000000000035152186
B2057563731240N12153690WA-000200000000000036154188
B2057573731230N12153690WA-000300000000000036158188
B2057583731230N12153690WA-000300000000000037160192
B2057593731220N12153690WA-000300000000000034158180
B2058003731220N12153690WA-000400000000000034158184
B2058013731210N12153680WA-000500000000000034162187
B2058023731210N12153680WA-000600000000000034162185
B2058033731200N12153680WA-000600000000000036159183
B2058043731200N12153680WA-000700000000000035155181
B2058053731190N12153670WA-000800000000000034155178
B2058063731190N12153670WA-000800000000000034156170
B2058073731180N12153670WA-000900000000000035158163
B2058083731180N12153670WA-000900000000000035158180
B2058093731170N12153660WA-001000000000000034156177
B2058103731170N12153660WA-000900000000000034154184
B2058113731170N12153660WA-000900000000000035153179
B2058123731160N12153650WA-000800000000000035153180
B2058133731160N12153650WA-000700000000000035153180
B2058143731150N12153650WA-000700000000000034159172
B2058153731150N12153650WA-000700000000000037162183
B2058163731140N12153650WA-000500000000000036161202
B2058173731140N12153640WA-000300000000000036161167
B2058183731130N12153640WA-000200000000000031157194
B2058193731130N12153640WA-000100000000000030155175
B2058203731120N12153640WA0000000000000000030155173
B2058213731120N12153630WA0000000000000000030155166
B2058223731120N12153630WA0000000000000000035139165
B2058233731110N12153620WA0000100000000000035139171
B2058243731110N12153610WA0000300000000000035139184
B2058253731110N12153610WA0000500000000000035139176
B2058263731100N12153600WA0000700000000000035139179
B2058273731100N12153600WA0000800000000000035139169
B2058283731090N12153600WA0000900000000000034136173
B2058293731090N12153590WA0001100000000000036140173
B2058303731090N12153590WA0001200000000000036139188
B2058313731080N12153580WA0001300000000000034136184
B2058323731080N12153580WA0001400000000000031139186
B2058333731080N12153580WA0001300000000000028143192
B2058343731070N12153580WA0001200000000000027146185
B2058353731070N12153580WA0001200000000000021158198
B2058363731070N12153580WA0001100000000000016186199
B2058373731070N12153580WA0001100000000000014206197
B2058383731070N12153590WA0001000000000000015240197
B2058393731070N12153590WA0001000000000000015274264
B2058403731070N12153590WA0001000000000000015274262
B2058413731080N12153590WA0000900000000000021320261
B2058423731080N12153590WA0000800000000000027348306
B2058433731090N12153590WA0000700000000000031354305
B2058443731090N12153600WA0000600000000000031354328
B2058453731100N12153600WA0000700000000000033348320
B2058463731100N12153600WA0000900000000000027342312
B2058473731110N12153600WA0001100000000000027340315
B2058483731110N12153600WA0001500000000000027339310
B2058493731110N12153610WA0001700000000000021339310
B2058503731110N12153610WA0001800000000000015329307
B2058513731110N12153610WA0001900000000000015305304
B2058523731110N12153610WA0002000000000000015289304
B2058533731110N12153620WA0002200000000000015289306
B2058543731110N12153620WA0002300000000000015289270
B2058553731110N12153620WA0002400000000000016235268
B2058563731110N12153620WA0002600000000000015229268
B2058573731110N12153630WA0002700000000000015229276
B2058583731110N12153630WA0002700000000000012242268
B2058593731110N12153630WA0002700000000000012242268
B2059003731110N12153630WA0002700000000000017278266
B2059013731110N12153640WA0002800000000000017278262
B2059023731110N12153640WA0002900000000000023319276
B2059033731120N12153640WA0003000000000000023319275
B2059043731120N12153640WA0003100000000000023319281
B2059053731120N12153650WA0003200000000000023319286
B2059063731120N12153650WA0003100000000000023319286
B2059073731120N12153650WA0003200000000000015271289
B2059083731120N12153660WA0003200000000000014260291
B2059093731120N12153660WA0003300000000000014255265
B2059103731120N12153660WA0003300000000000013263274
B2059113731120N12153660WA0003300000000000013263274
B2059123731120N12153670WA0003300000000000013263272
B2059133731130N12153670WA0003300000000000013263274
B2059143731130N12153670WA0003300000000000013263271
B2059153731130N12153670WA0003400000000000013263269
B2059163731140N12153680WA0003500000000000013263268
B2059173731140N12153680WA0003600000000000030339267
B2059183731150N12153680WA0003700000000000031337266
B2059193731150N12153680WA0003900000000000030336317
B2059203731150N12153680WA0004100000000000030338324
B2059213731160N12153690WA0004200000000000031343327
B2059223731160N12153690WA0004200000000000031343328
B2059233731170N12153690WA0004400000000000035349331
B2059243731170N12153690WA0004600000000000036354340
B2059253731180N12153690WA0004800000000000034359345
B2059263731180N12153690WA0005000000000000033007347
B2059273731190N12153680WA0005200000000000033018344
B2059283731190N12153680WA0005300000000000035026357
B2059293731200N12153670WA0005400000000000039031357
B2059303731200N12153670WA0005600000000000039031017
B2059313731210N12153660WA0005800000000000039043016
B2059323731210N12153660WA0006000000000000038052034
B2059333731210N12153650WA0006100000000000040057037
B2059343731220N12153640WA0006100000000000042061055
B2059353731220N12153630WA0006200000000000049070062
B2059363731220N12153620WA0006200000000000049070075
B2059373731220N12153610WA0006400000000000049070075
B2059383731210N12153610WA0006500000000000047101075
B2059393731210N12153600WA0006600000000000047101115
B2059403731210N12153600WA0006700000000000047101114
B2059413731200N12153590WA0006800000000000047101114
B2059423731200N12153590WA0006900000000000047101114
B2059433731190N12153580WA0007000000000000041139114
B2059443731190N12153580WA0007200000000000040137162
B2059453731180N12153570WA0007300000000000037141162
B2059463731180N12153570WA0007400000000000032151166
B2059473731170N12153570WA0007400000000000032151166
B2059483731170N12153570WA0007500000000000026165179
B2059493731170N12153570WA0007500000000000026165179
B2059503731170N12153580WA0007600000000000026165179
B2059513731170N12153580WA0007700000000000010241197
B2059523731170N12153580WA0007800000000000009236197
B2059533731170N12153580WA0007800000000000011234197
B2059543731170N12153580WA0007800000000000013250197
B2059553731170N12153590WA0007800000000000018274197
B2059563731170N12153590WA0007800000000000022301265
B2059573731180N12153590WA0007800000000000025316265
B2059583731180N12153600WA0007900000000000029329293
B2059593731190N12153600WA0008000000000000030341304
B2100003731190N12153600WA0008100000000000032353315
B2100013731200N12153600WA0008200000000000033003315
B2100023731200N12153600WA0008200000000000034008338
B2100033731210N12153590WA0008300000000000037010338
B2100043731210N12153590WA0008500000000000039018347
B2100053731220N12153580WA0008600000000000042030347
B2100063731220N12153580WA0008800000000000047051012
B2100073731220N12153570WA0009000000000000045062012
B2100083731220N12153560WA0009100000000000043084057
B2100093731220N12153550WA0009400000000000041095091
B2100103731220N12153550WA0009500000000000037101107
B2100113731210N12153540WA0009500000000000031116107
B2100123731210N12153540WA0009400000000000031126144
B2100133731210N12153540WA0009300000000000030137144
B2100143731200N12153540WA0009400000000000024148144
B2100153731200N12153540WA0009600000000000022190184
B2100163731200N12153540WA0009700000000000020194184
B2100173731200N12153550WA0009700000000000014227184
B2100183731200N12153550WA0009700000000000014247246
B2100193731200N12153550WA0009600000000000015258246
B2100203731200N12153560WA0009600000000000019275247
B2100213731200N12153560WA0009600000000000019285269
B2100223731200N12153560WA0009700000000000018295273
B2100233731200N12153570WA0009700000000000018296275
B2100243731200N12153570WA0009600000000000018291284
B2100253731200N12153570WA0009600000000000020286279
B2100263731200N12153580WA0009500000000000022286288
B2100273731200N12153580WA0009500000000000023297286
B2100283731210N12153590WA0009600000000000024301283
B2100293731210N12153590WA0009800000000000023305271
B2100303731210N12153590WA0010000000000000020310278
B2100313731210N12153600WA0010000000000000021306279
B2100323731220N12153600WA0010000000000000023304291
B2100333731220N12153600WA0010000000000000025309292
B2100343731220N12153610WA0010000000000000025309279
B2100353731220N12153610WA0009900000000000024315280
B2100363731230N12153610WA0009800000000000022311283
B2100373731230N12153620WA0009700000000000022306285
B2100383731230N12153620WA0009600000000000026300285
B2100393731230N12153630WA0009700000000000026299282
B2100403731230N12153630WA0009900000000000026301278
B2100413731230N12153630WA0010200000000000023305270
B2100423731240N12153640WA0010300000000000019305296
B2100433731240N12153640WA0010400000000000018302282
B2100443731240N12153640WA0010400000000000022295285
B2100453731240N12153650WA0010600000000000022295280
B2100463731240N12153650WA0010800000000000019295272
B2100473731240N12153650WA0010900000000000017293279
B2100483731240N12153660WA0010900000000000017290284
B2100493731240N12153660WA0011000000000000018294276
B2100503731250N12153660WA0011200000000000019300270
B2100513731250N12153660WA0011300000000000019305259
B2100523731250N12153670WA0011500000000000017302248
B2100533731250N12153670WA0011500000000000016292243
B2100543731250N12153670WA0011600000000000016281244
B2100553731250N12153680WA0011600000000000016264256
B2100563731250N12153680WA0011700000000000017247252
B2100573731250N12153680WA0011700000000000017247269
B2100583731250N12153690WA0011800000000000017247264
B2100593731250N12153690WA0011900000000000018262263
B2101003731250N12153690WA0012000000000000018262265
B2101013731250N12153690WA0012100000000000016269277
B2101023731250N12153700WA0012200000000000016281270
B2101033731250N12153700WA0012300000000000017296282
B2101043731250N12153700WA0012500000000000021305288
B2101053731250N12153710WA0012800000000000023311293
B2101063731250N12153710WA0013200000000000021309308
B2101073731260N12153710WA0013700000000000019313314
B2101083731260N12153710WA0014000000000000018319323
B2101093731260N12153710WA0014300000000000018335326
B2101103731270N12153710WA0014600000000000022350331
B2101113731270N12153710WA0014700000000000028007352
B2101123731280N12153700WA0015100000000000037034352
B2101133731280N12153700WA0015400000000000043049042
B2101143731280N12153690WA0015600000000000041059040
B2101153731280N12153680WA0016000000000000038082072
B2101163731280N12153670WA0016400000000000036098100
B2101173731270N12153670WA0016800000000000031101122
B2101183731270N12153670WA0017100000000000021137131
B2101193731270N12153670WA0017400000000000020150131
B2101203731260N12153670WA0017500000000000019160131
B2101213731260N12153670WA0017700000000000017175201
B2101223731260N12153670WA0017800000000000019232201
B2101233731260N12153670WA0018200000000000018232202
B2101243731260N12153680WA0018700000000000014245201
B2101253731260N12153680WA0019200000000000014264249
B2101263731260N12153680WA0019400000000000019313249
B2101273731270N12153680WA0019700000000000022331249
B2101283731270N12153680WA0020000000000000031347301
B2101293731280N12153680WA0020300000000000039000301
B2101303731280N12153680WA0020700000000000044013338
B2101313731290N12153680WA0021200000000000042015338
B2101323731290N12153670WA0021600000000000036025356
B2101333731290N12153670WA0021700000000000036025004
B2101343731290N12153660WA0022000000000000028061004
B2101353731290N12153650WA0022200000000000028087052
B2101363731290N12153640WA0022500000000000033114105
B2101373731280N12153640WA0022700000000000033124139
B2101383731280N12153640WA0023000000000000026143150
B2101393731270N12153640WA0023500000000000026157150
B2101403731270N12153640WA0024000000000000025158186
B2101413731270N12153640WA0024500000000000022165186
B2101423731270N12153640WA0024700000000000018181186
B2101433731270N12153640WA0024900000000000016215186
B2101443731270N12153650WA0025000000000000017235186
B2101453731270N12153650WA0024900000000000017235241
B2101463731270N12153650WA0025000000000000025294241
B2101473731280N12153660WA0025200000000000031322241
B2101483731280N12153660WA0025300000000000031322300
B2101493731290N12153660WA0025500000000000029003300
B2101503731290N12153660WA0025600000000000031015333
B2101513731300N12153650WA0025600000000000033020333
B2101523731300N12153650WA0025500000000000037025354
B2101533731310N12153640WA0025500000000000039029354
B2101543731310N12153640WA0025600000000000043042011
B2101553731310N12153630WA0025800000000000042055011
B2101563731320N12153620WA0026100000000000043060049
B2101573731320N12153610WA0026400000000000042067056
B2101583731320N12153610WA0026600000000000041078068
B2101593731320N12153600WA0026800000000000039085068
B2102003731320N12153590WA0027100000000000035086096
B2102013731310N12153590WA0027300000000000031097099
B2102023731310N12153580WA0027400000000000030112120
B2102033731310N12153580WA0027500000000000032118144
B2102043731310N12153570WA0027600000000000031131144
B2102053731300N12153570WA0027700000000000028141163
B2102063731300N12153570WA0027900000000000024160174
B2102073731290N12153570WA0028100000000000022174173
B2102083731290N12153570WA0028200000000000018190205
B2102093731290N12153580WA0028300000000000018213210
B2102103731290N12153580WA0028500000000000024218238
B2102113731280N12153580WA0028900000000000025220242
B2102123731280N12153590WA0029200000000000024220246
B2102133731280N12153590WA0029600000000000021228246
B2102143731280N12153590WA0029900000000000017251247
B2102153731290N12153600WA0030000000000000024314246
B2102163731290N12153600WA0030000000000000027330301
B2102173731300N12153600WA0030200000000000030350301
B2102183731300N12153590WA0030300000000000036025331
B2102193731310N12153580WA0030400000000000042054011
B2102203731310N12153570WA0030600000000000040060054
B2102213731310N12153570WA0030800000000000038086061
B2102223731310N12153560WA0031000000000000037100061
B2102233731300N12153550WA0031300000000000036105119
B2102243731300N12153550WA0031600000000000030116126
B2102253731300N12153550WA0031700000000000022147126
B2102263731300N12153550WA0031800000000000018155126
B2102273731290N12153550WA0031900000000000019189126
B2102283731290N12153560WA0032200000000000023203213
B2102293731290N12153560WA0032400000000000022218218
B2102303731290N12153560WA0032600000000000021238218
B2102313731290N12153570WA0032600000000000022251218
B2102323731280N12153570WA0032500000000000022261249
B2102333731280N12153580WA0032500000000000021264256
B2102343731290N12153580WA0032300000000000022271257
B2102353731290N12153590WA0032100000000000021278261
B2102363731290N12153590WA0031800000000000024288265
B2102373731290N12153590WA0031600000000000027302265
B2102383731300N12153600WA0031500000000000028318265
B2102393731300N12153600WA0031400000000000028331296
B2102403731310N12153600WA0031200000000000030346296
B2102413731310N12153600WA0031000000000000033000321
B2102423731320N12153590WA0030800000000000037016321
B2102433731320N12153580WA0030700000000000040031357
B2102443731330N12153580WA0030600000000000047053018
B2102453731330N12153570WA0030400000000000045060049
B2102463731330N12153560WA0030100000000000044084059
B2102473731320N12153550WA0030000000000000042099093
B2102483731320N12153550WA0029900000000000040110113
B2102493731320N12153540WA0029800000000000035118113
B2102503731320N12153540WA0029700000000000030125140
B2102513731310N12153530WA0029500000000000028129146
B2102523731310N12153530WA0029200000000000030133158
B2102533731310N12153520WA0029100000000000034137154
B2102543731300N12153520WA0029100000000000039136166
B2102553731300N12153510WA0029200000000000038137170
B2102563731290N12153510WA0029400000000000037137170
B2102573731290N12153500WA0029300000000000034139172
B2102583731280N12153500WA0029200000000000034139163
B2102593731280N12153500WA0029200000000000037145172
B2103003731270N12153490WA0029100000000000043150194
B2103013731270N12153490WA0029200000000000041154196
B2103023731260N12153490WA0029600000000000037170193
B2103033731260N12153490WA0029900000000000035172187
B2103043731250N12153490WA0030100000000000031171190
B2103053731250N12153490WA0030000000000000031168196
B2103063731240N12153490WA0029800000000000029168198
B2103073731240N12153490WA0029700000000000031172196
B2103083731230N12153490WA0029600000000000038176187
B2103093731220N12153490WA0029900000000000039173194
B2103103731220N12153480WA0030000000000000037169201
B2103113731210N12153480WA0029900000000000034169202
B2103123731210N12153480WA0029700000000000036171198
B2103133731200N12153480WA0029400000000000037174194
B2103143731200N12153480WA0029100000000000036177190
B2103153731190N12153480WA0029200000000000041178202
B2103163731190N12153480WA0029300000000000041177219
B2103173731180N12153480WA0029400000000000038177225
B2103183731180N12153480WA0029400000000000031179207
B2103193731170N12153480WA0029300000000000027183196
B2103203731170N12153480WA0029300000000000028180200
B2103213731160N12153480WA0029200000000000031175219
B2103223731160N12153480WA0029100000000000033179222
B2103233731150N12153480WA0029000000000000031186212
B2103243731150N12153490WA0028900000000000030192196
B2103253731150N12153490WA0028800000000000030190198
B2103263731140N12153490WA0028700000000000030183208
B2103273731140N12153490WA0028500000000000032181210
B2103283731130N12153490WA0028200000000000033184213
B2103293731130N12153490WA0028000000000000033192213
B2103303731120N12153490WA0027800000000000034196201
B2103313731120N12153490WA0027700000000000034190206
B2103323731110N12153490WA0027600000000000034190215
B2103333731110N12153500WA0027500000000000032188219
B2103343731100N12153500WA0027400000000000031192213
B2103353731100N12153500WA0027200000000000031193208
B2103363731090N12153500WA0027100000000000033192206
B2103373731090N12153500WA0027100000000000033192206
B2103383731080N12153500WA0027100000000000033187218
B2103393731080N12153500WA0027100000000000032187218
B2103403731070N12153500WA0026900000000000030189206
B2103413731070N12153500WA0026600000000000031190207
B2103423731060N12153510WA0026400000000000033190199
B2103433731060N12153510WA0026200000000000038191204
B2103443731050N12153510WA0026000000000000042192210
B2103453731050N12153510WA0026000000000000039192209
B2103463731040N12153510WA0026000000000000035191207
B2103473731040N12153510WA0025900000000000034191207
B2103483731030N12153510WA0025900000000000034191204
B2103493731030N12153520WA0025800000000000036191206
B2103503731020N12153520WA0025800000000000036192208
B2103513731010N12153520WA0025700000000000036193209
B2103523731010N12153520WA0025600000000000033193204
B2103533731010N12153520WA0025600000000000032191206
B2103543731000N12153520WA0025500000000000031193214
B2103553731000N12153530WA0025300000000000031193204
B2103563730990N12153530WA0025100000000000031193210
B2103573730990N12153530WA0025000000000000031193205
B2103583730980N12153530WA0025000000000000037202193
B2103593730980N12153540WA0024900000000000037202195
B2104003730970N12153540WA0024900000000000037196201
B2104013730970N12153540WA0024700000000000038192205
B2104023730960N12153540WA0024500000000000038192205
B2104033730950N12153540WA0024300000000000039195205
B2104043730950N12153540WA0024100000000000038196202
B2104053730940N12153550WA0024000000000000036195197
B2104063730940N12153550WA0023900000000000035191201
B2104073730930N12153550WA0023600000000000035191203
B2104083730930N12153550WA0023300000000000035191206
B2104093730920N12153550WA0023000000000000035191205
B2104103730920N12153550WA0022900000000000037201201
B2104113730910N12153560WA0022900000000000036199203
B2104123730910N12153560WA0022900000000000033196208
B2104133730900N12153560WA0022800000000000031196206
B2104143730900N12153560WA0022600000000000032197205
B2104153730890N12153560WA0022300000000000033199197
B2104163730890N12153570WA0022200000000000034198203
B2104173730880N12153570WA0022200000000000034196211
B2104183730880N12153570WA0022000000000000032196212
B2104193730880N12153570WA0021800000000000030197209
B2104203730870N12153570WA0021500000000000030197201
B2104213730870N12153570WA0021300000000000030197204
B2104223730860N12153580WA0021000000000000030197206
B2104233730860N12153580WA0020800000000000030197208
B2104243730850N12153580WA0020700000000000034202206
B2104253730850N12153580WA0020600000000000034201198
B2104263730840N12153590WA0020500000000000034198206
B2104273730840N12153590WA0020400000000000031197211
B2104283730830N12153590WA0020300000000000032198213
B2104293730830N12153590WA0020100000000000032198210
B2104303730830N12153590WA0020000000000000032198209
B2104313730820N12153600WA0019900000000000032198206
B2104323730820N12153600WA0019800000000000033200208
B2104333730810N12153600WA0019700000000000033200206
B2104343730810N12153600WA0019600000000000033202205
B2104353730800N12153610WA0019600000000000033202207
B2104363730800N12153610WA0019600000000000033202208
B2104373730790N12153610WA0019400000000000033202205
B2104383730790N12153610WA0019200000000000033202194
B2104393730780N12153620WA0019000000000000033202199
B2104403730780N12153620WA0018900000000000033202201
B2104413730770N12153620WA0018700000000000033202204
B2104423730770N12153620WA0018600000000000033202203
B2104433730760N12153630WA0018500000000000036198196
B2104443730760N12153630WA0018400000000000036196207
B2104453730750N12153630WA0018200000000000035194194
B2104463730750N12153630WA0018000000000000034191191
B2104473730740N12153630WA0017700000000000034191193
B2104483730740N12153630WA0017500000000000037189199
B2104493730730N12153630WA0017200000000000038192204
B2104503730730N12153640WA0017000000000000037195201
B2104513730720N12153640WA0016900000000000036197197
B2104523730720N12153640WA0016700000000000035196200
B2104533730710N12153640WA0016600000000000036192201
B2104543730710N12153640WA0016400000000000036192203
B2104553730700N12153640WA0016100000000000037194203
B2104563730690N12153650WA0015900000000000038197201
B2104573730690N12153650WA0015800000000000038197204
B2104583730680N12153650WA0015700000000000036197208
B2104593730680N12153650WA0015500000000000035197209
B2105003730670N12153660WA0015400000000000034197208
B2105013730670N12153660WA0015300000000000034199207
B2105023730660N12153660WA0015100000000000035199207
B2105033730660N12153660WA0015000000000000036199206
B2105043730650N12153660WA0014900000000000036199206
B2105053730650N12153670WA0014800000000000036198206
B2105063730640N12153670WA0014700000000000035198206
B2105073730640N12153670WA0014600000000000035197205
B2105083730630N12153670WA0014400000000000035198203
B2105093730630N12153670WA0014300000000000035198204
B2105103730620N12153680WA0014100000000000036199202
B2105113730620N12153680WA0014000000000000036198201
B2105123730610N12153680WA0013900000000000035197204
B2105133730610N12153680WA0013800000000000033196209
B2105143730600N12153680WA0013700000000000033196207
B2105153730600N12153690WA0013500000000000034194206
B2105163730590N12153690WA0013300000000000036195208
B2105173730590N12153690WA0013200000000000036197210
B2105183730580N12153690WA0013100000000000036199201
B2105193730580N12153690WA0013000000000000035197198
B2105203730570N12153700WA0012900000000000034194198
B2105213730570N12153700WA0012800000000000034191200
B2105223730560N12153700WA0012700000000000036189202
B2105233730560N12153700WA0012500000000000036187191
B2105243730550N12153700WA0012400000000000036185201
B2105253730550N12153700WA0012200000000000036185197
B2105263730540N12153700WA0012000000000000036185192
B2105273730540N12153700WA0011900000000000037183194
B2105283730530N12153700WA0011700000000000038183197
B2105293730530N12153700WA0011600000000000037183193
B2105303730520N12153700WA0011400000000000036184175
B2105313730510N12153700WA0011100000000000035183171
B2105323730510N12153700WA0010800000000000037181170
B2105333730500N12153700WA0010600000000000040177172
B2105343730500N12153700WA0010300000000000042173183
B2105353730490N12153700WA0010100000000000041170175
B2105363730490N12153700WA0010000000000000038168185
B2105373730480N12153700WA0009800000000000038168174
B2105383730470N12153690WA0009600000000000037168162
B2105393730470N12153690WA0009300000000000039167157
B2105403730460N12153690WA0009000000000000042164155
B2105413730460N12153690WA0008900000000000043160161
B2105423730450N12153680WA0008800000000000042157163
B2105433730440N12153680WA0008700000000000040157161
B2105443730440N12153680WA0008600000000000040156153
B2105453730430N12153670WA0008400000000000040155149
B2105463730430N12153670WA0008300000000000040149154
B2105473730420N12153670WA0008300000000000039143158
B2105483730420N12153660WA0008200000000000037143151
B2105493730410N12153660WA0008100000000000036146145
B2105503730410N12153650WA0007900000000000037149147
B2105513730410N12153650WA0007700000000000039144147
B2105523730400N12153640WA0007600000000000042139152
B2105533730400N12153640WA0007600000000000043135147
B2105543730390N12153630WA0007600000000000041133137
B2105553730390N12153630WA0007600000000000036131136
B2105563730390N12153620WA0007400000000000035129137
B2105573730380N12153620WA0007200000000000034126140
B2105583730380N12153610WA0006900000000000036125136
B2105593730380N12153600WA0006700000000000037126132
B2106003730370N12153600WA0006600000000000041128129
B2106013730370N12153590WA0006500000000000042128126
B2106023730370N12153590WA0006500000000000041124128
B2106033730360N12153580WA0006400000000000038120137
B2106043730360N12153570WA0006300000000000037123134
B2106053730360N12153570WA0006100000000000038128125
B2106063730350N12153560WA0005900000000000040132118
B2106073730350N12153560WA0005800000000000041130127
B2106083730340N12153550WA0005700000000000041127135
B2106093730340N12153540WA0005500000000000042128128
B2106103730340N12153540WA0005400000000000042128128
B2106113730330N12153530WA0005400000000000040126130
B2106123730330N12153530WA0005300000000000040123135
B2106133730330N12153520WA0005300000000000041120132
B2106143730320N12153510WA0005400000000000042121125
B2106153730320N12153510WA0005400000000000041125120
B2106163730320N12153500WA0005400000000000038126124
B2106173730310N12153490WA0005400000000000037124132
B2106183730310N12153490WA0005500000000000038121133
B2106193730310N12153480WA0005500000000000038120132
B2106203730300N12153480WA0005500000000000037119137
B2106213730300N12153470WA0005500000000000034119132
B2106223730300N12153470WA0005400000000000034123138
B2106233730300N12153460WA0005200000000000034124130
B2106243730290N12153450WA0005000000000000037125137
B2106253730290N12153450WA0004700000000000040124130
B2106263730280N12153440WA0004600000000000045124133
B2106273730280N12153430WA0004500000000000045124128
B2106283730280N12153430WA0004400000000000042124129
B2106293730270N12153420WA0004300000000000039125126
B2106303730270N12153410WA0004000000000000038126121
B2106313730270N12153410WA0003800000000000041126116
B2106323730260N12153400WA0003700000000000046124123
B2106333730260N12153390WA0003600000000000046120120
B2106343730260N12153390WA0003600000000000045120123
B2106353730250N12153380WA0003600000000000041120117
B2106363730250N12153370WA0003500000000000039121117
B2106373730250N12153370WA0003500000000000039121118
B2106383730240N12153360WA0003400000000000039121120
B2106393730240N12153350WA0003400000000000039121121
B2106403730240N12153350WA0003300000000000039121119
B2106413730230N12153340WA0003200000000000043122118
B2106423730230N12153330WA0003100000000000045122111
B2106433730230N12153330WA0003100000000000045121120
B2106443730220N12153320WA0003100000000000044119128
B2106453730220N12153310WA0003100000000000044118147
B2106463730220N12153300WA0003200000000000045118135
B2106473730210N12153300WA0003500000000000044119152
B2106483730210N12153290WA0003900000000000043119145
B2106493730210N12153280WA0004200000000000043120163
B2106503730200N12153280WA0004400000000000042119156
B2106513730200N12153270WA0004700000000000042119180
B2106523730200N12153270WA0005000000000000037124179
B2106533730190N12153260WA0005400000000000033130180
B2106543730190N12153260WA0005700000000000033130188
B2106553730190N12153270WA0006000000000000026176188
B2106563730180N12153270WA0006300000000000026176216
B2106573730180N12153270WA0006500000000000026176221
B2106583730180N12153270WA0006500000000000026176221
B2106593730180N12153280WA0006700000000000026176220
B2107003730180N12153280WA0006900000000000026176217
B2107013730190N12153280WA0007100000000000018296216
B2107023730190N12153290WA0007600000000000018296285
B2107033730190N12153290WA0008100000000000018296286
B2107043730200N12153290WA0008300000000000024337286
B2107053730200N12153280WA0008400000000000024337315
B2107063730210N12153280WA0008500000000000030019314
B2107073730210N12153270WA0008700000000000035048359
B2107083730210N12153270WA0009000000000000035055039
B2107093730210N12153260WA0009100000000000032063039
B2107103730210N12153250WA0009200000000000030087060
B2107113730210N12153250WA0009600000000000030101096
B2107123730210N12153240WA0010000000000000030101097
B2107133730200N12153240WA0010400000000000030101118
B2107143730200N12153230WA0010700000000000030101117
B2107153730200N12153230WA0010900000000000030101116
B2107163730190N12153230WA0011100000000000021150116
B2107173730190N12153230WA0011400000000000021187183
B2107183730190N12153240WA0011700000000000021187183
B2107193730190N12153240WA0011800000000000021187210
B2107203730190N12153240WA0011900000000000021242210
B2107213730190N12153250WA0012000000000000021242210
B2107223730190N12153250WA0012300000000000021242248
B2107233730190N12153250WA0012800000000000021242248
B2107243730200N12153250WA0013100000000000021242247
B2107253730200N12153250WA0013100000000000021242248
B2107263730210N12153240WA0013400000000000034057248
B2107273730210N12153230WA0013700000000000034057048
B2107283730210N12153220WA0013900000000000035079048
B2107293730210N12153220WA0014100000000000036091078
B2107303730200N12153210WA0014600000000000036091078
B2107313730200N12153200WA0015000000000000036091095
B2107323730200N12153200WA0015400000000000036091095
B2107333730190N12153190WA0015500000000000031119095
B2107343730190N12153190WA0015500000000000028133135
B2107353730190N12153190WA0015500000000000027148135
B2107363730180N12153190WA0015500000000000027148135
B2107373730180N12153200WA0015600000000000021197170
B2107383730180N12153200WA0015800000000000021197217
B2107393730180N12153210WA0016000000000000015258217
B2107403730190N12153210WA0016200000000000015258259
B2107413730190N12153210WA0016500000000000015258260
B2107423730200N12153210WA0016800000000000015258260
B2107433730200N12153210WA0017200000000000015258260
B2107443730210N12153200WA0017300000000000015258260
B2107453730210N12153200WA0017500000000000015258260
B2107463730210N12153190WA0017700000000000015258260
B2107473730210N12153180WA0018000000000000015258260
B2107483730210N12153170WA0018400000000000015258260
B2107493730210N12153170WA0018700000000000015258260
B2107503730210N12153160WA0018800000000000036108260
B2107513730210N12153160WA0018900000000000033116116
B2107523730200N12153150WA0019000000000000033116116
B2107533730200N12153150WA0019100000000000033116129
B2107543730200N12153160WA0019100000000000033116129
B2107553730190N12153160WA0019400000000000033116128
B2107563730190N12153160WA0019400000000000033116128
B2107573730190N12153160WA0019500000000000033116128
B2107583730190N12153170WA0019600000000000017268128
B2107593730190N12153170WA0019700000000000017268266
B2108003730200N12153180WA0019900000000000017268266
B2108013730200N12153180WA0020100000000000026319266
B2108023730200N12153180WA0020400000000000026319266
B2108033730210N12153180WA0020600000000000026319266
B2108043730210N12153180WA0020800000000000031015305
B2108053730220N12153170WA0021000000000000031015305
B2108063730220N12153170WA0021100000000000033034358
B2108073730230N12153170WA0021100000000000034035358
B2108083730230N12153160WA0021000000000000034035021
B2108093730230N12153150WA0021100000000000034035021
B2108103730230N12153140WA0021300000000000035073022
B2108113730220N12153140WA0021700000000000035073071
B2108123730220N12153130WA0022100000000000032110071
B2108133730220N12153130WA0022300000000000032110121
B2108143730210N12153130WA0022500000000000032110121
B2108153730210N12153130WA0022800000000000020170121
B2108163730210N12153130WA0023000000000000020170121
B2108173730200N12153130WA0023200000000000020170121
B2108183730200N12153140WA0023300000000000020170194
B2108193730200N12153140WA0023500000000000020170194
B2108203730200N12153150WA0023700000000000020170194
B2108213730210N12153150WA0024000000000000020170193
B2108223730210N12153150WA0024100000000000020170193
B2108233730220N12153150WA0024300000000000027345193
B2108243730220N12153150WA0024500000000000027345327
B2108253730220N12153150WA0024600000000000027345327
B2108263730230N12153140WA0024600000000000027345327
B2108273730230N12153140WA0024500000000000027345327
B2108283730230N12153130WA0024400000000000027345327
B2108293730230N12153120WA0024400000000000027345327
B2108303730230N12153110WA0024700000000000027345327
B2108313730230N12153110WA0025000000000000027345327
B2108323730230N12153100WA0025300000000000027345327
B2108333730230N12153100WA0025600000000000027345326
B2108343730230N12153090WA0025700000000000021114326
B2108353730220N12153090WA0025700000000000021114137
B2108363730220N12153090WA0025700000000000021114137
B2108373730210N12153090WA0025900000000000021114137
B2108383730210N12153100WA0026000000000000021114137
B2108393730210N12153100WA0026100000000000021114137
B2108403730210N12153110WA0026200000000000021114137
B2108413730210N12153110WA0026300000000000021114138
B2108423730220N12153110WA0026500000000000021114138
B2108433730220N12153120WA0026600000000000021114138
B2108443730220N12153120WA0026600000000000021114138
B2108453730230N12153110WA0026600000000000027353138
B2108463730230N12153110WA0026600000000000027353334
B2108473730230N12153110WA0026700000000000027353334
B2108483730240N12153100WA0026700000000000033048334
B2108493730240N12153090WA0026700000000000033048040
B2108503730240N12153090WA0026800000000000033048040
B2108513730240N12153080WA0026900000000000033048040
B2108523730230N12153080WA0027100000000000031107041
B2108533730230N12153070WA0027200000000000031107121
B2108543730230N12153070WA0027300000000000031107121
B2108553730220N12153070WA0027300000000000024150121
B2108563730220N12153070WA0027300000000000023176171
B2108573730220N12153070WA0027200000000000023176171
B2108583730210N12153080WA0027100000000000023176171
B2108593730210N12153080WA0027100000000000023227194
B2109003730210N12153080WA0027100000000000022246194
B2109013730220N12153090WA0027200000000000022290194
B2109023730220N12153090WA0027200000000000023315278
B2109033730220N12153090WA0027200000000000025338278
B2109043730230N12153090WA0027200000000000025003278
B2109053730230N12153090WA0027200000000000027016342
B2109063730230N12153080WA0027000000000000028025342
B2109073730240N12153080WA0026800000000000030035009
B2109083730240N12153080WA0026700000000000033044024
B2109093730240N12153070WA0026700000000000034052024
B2109103730240N12153060WA0026700000000000035070047
B2109113730240N12153050WA0026800000000000035096071
B2109123730240N12153050WA0026900000000000031103107
B2109133730230N12153040WA0026900000000000027110110
B2109143730230N12153040WA0026800000000000028113129
B2109153730230N12153030WA0026600000000000031118134
B2109163730230N12153030WA0026600000000000036122133
B2109173730220N12153020WA0026500000000000037125130
B2109183730220N12153020WA0026600000000000037127118
B2109193730210N12153010WA0026600000000000038126119
B2109203730210N12153000WA0026800000000000038121132
B2109213730210N12153000WA0026900000000000036118132
B2109223730210N12152990WA0027000000000000036119140
B2109233730200N12152990WA0027100000000000035120129
B2109243730200N12152980WA0027200000000000035118115
B2109253730200N12152970WA0027200000000000036113143
B2109263730200N12152970WA0027300000000000038111155
B2109273730190N12152960WA0027400000000000038109133
B2109283730190N12152950WA0027500000000000037112147
B2109293730190N12152950WA0027600000000000037121139
B2109303730180N12152940WA0027700000000000037130136
B2109313730180N12152940WA0027900000000000036134157
B2109323730180N12152930WA0028100000000000034131154
B2109333730170N12152930WA0028200000000000032130169
B2109343730170N12152920WA0028300000000000034134182
B2109353730160N12152920WA0028300000000000036140180
B2109363730160N12152920WA0028600000000000034147186
B2109373730160N12152920WA0028700000000000031157187
B2109383730150N12152920WA0028900000000000030167189
B2109393730150N12152920WA0029200000000000026183204
B2109403730150N12152920WA0029300000000000021198208
B2109413730150N12152930WA0029300000000000016227204
B2109423730150N12152930WA0029400000000000018280249
B2109433730150N12152930WA0029400000000000021300248
B2109443730160N12152940WA0029500000000000022316248
B2109453730160N12152940WA0029500000000000025337307
B2109463730170N12152930WA0029600000000000029355306
B2109473730170N12152930WA0029800000000000031013343
B2109483730180N12152930WA0030000000000000032033343
B2109493730180N12152920WA0030000000000000031045024
B2109503730180N12152910WA0030100000000000031063038
B2109513730180N12152910WA0030100000000000032076062
B2109523730180N12152900WA0030200000000000032085062
B2109533730180N12152890WA0030300000000000032097092
B2109543730180N12152890WA0030500000000000036110107
B2109553730170N12152880WA0030700000000000034117108
B2109563730170N12152880WA0030800000000000032125134
B2109573730170N12152870WA0030900000000000032123138
B2109583730160N12152860WA0031000000000000035122150
B2109593730160N12152860WA0031100000000000036124151
B2110003730160N12152850WA0031200000000000038129152
B2110013730150N12152850WA0031300000000000037138159
B2110023730150N12152850WA0031300000000000035148169
B2110033730140N12152850WA0031500000000000033160167
B2110043730140N12152850WA0031700000000000031172186
B2110053730130N12152850WA0031800000000000027186186
B2110063730130N12152850WA0031900000000000023197208
B2110073730130N12152850WA0032100000000000016218208
B2110083730130N12152860WA0032200000000000012244207
B2110093730140N12152860WA0032300000000000015298251
B2110103730140N12152860WA0032400000000000020318284
B2110113730140N12152860WA0032400000000000023327284
B2110123730150N12152860WA0032400000000000026342284
B2110133730150N12152860WA0032500000000000027357325
B2110143730160N12152860WA0032600000000000036031325
B2110153730160N12152850WA0032700000000000037044022
B2110163730160N12152850WA0032800000000000037052036
B2110173730160N12152840WA0032800000000000035060036
B2110183730160N12152830WA0032900000000000034071056
B2110193730160N12152830WA0033000000000000033084071
B2110203730160N12152820WA0033000000000000033096071
B2110213730160N12152810WA0032900000000000032105104
B2110223730160N12152810WA0032900000000000033112115
B2110233730150N12152800WA0033000000000000035121115
B2110243730150N12152800WA0033100000000000037131134
B2110253730140N12152790WA0033100000000000036141134
B2110263730140N12152790WA0033100000000000038144152
B2110273730130N12152780WA0033100000000000043144152
B2110283730130N12152780WA0033200000000000045142151
B2110293730120N12152770WA0033400000000000043140153
B2110303730120N12152770WA0033600000000000041136156
B2110313730110N12152760WA0033700000000000039130156
B2110323730110N12152760WA0033800000000000039126141
B2110333730110N12152750WA0033900000000000040125134
B2110343730100N12152740WA0033900000000000043128137
B2110353730100N12152740WA0034000000000000044130141
B2110363730090N12152730WA0034000000000000043130138
B2110373730090N12152730WA0034000000000000041125144
B2110383730090N12152720WA0033900000000000042125142
B2110393730080N12152710WA0034000000000000045127140
B2110403730080N12152710WA0034200000000000046127134
B2110413730070N12152700WA0034400000000000043127131
B2110423730070N12152690WA0034500000000000040126152
B2110433730070N12152690WA0034700000000000040127169
B2110443730060N12152680WA0034800000000000042133187
B2110453730060N12152680WA0035000000000000042141191
B2110463730050N12152680WA0035100000000000038148189
B2110473730050N12152670WA0035200000000000034153199
B2110483730040N12152680WA0035300000000000030164198
B2110493730040N12152680WA0035500000000000028183208
B2110503730030N12152680WA0035600000000000031205209
B2110513730030N12152690WA0035800000000000027224237
B2110523730030N12152690WA0036000000000000020252249
B2110533730030N12152690WA0036100000000000015277249
B2110543730030N12152690WA0036200000000000012310244
B2110553730040N12152690WA0036300000000000012326244
B2110563730040N12152690WA0036300000000000018350304
B2110573730040N12152690WA0036400000000000024006305
B2110583730050N12152680WA0036800000000000032028304
B2110593730050N12152680WA0037200000000000038054017
B2111003730050N12152670WA0037600000000000036060017
B2111013730050N12152660WA0037900000000000040089057
B2111023730050N12152650WA0038100000000000041099094
B2111033730050N12152640WA0038200000000000041105107
B2111043730040N12152640WA0038300000000000040108113
B2111053730040N12152630WA0038400000000000039120118
B2111063730030N12152630WA0038500000000000044148133
B2111073730020N12152630WA0038800000000000041153160
B2111083730020N12152630WA0039000000000000033176167
B2111093730020N12152630WA0039100000000000031189166
B2111103730010N12152640WA0039500000000000026193166
B2111113730010N12152640WA0039600000000000016192209
B2111123730010N12152640WA0039700000000000009207209
B2111133730010N12152640WA0039500000000000010212209
B2111143730010N12152640WA0039400000000000011229209
B2111153730010N12152650WA0039400000000000012252209
B2111163730010N12152650WA0039300000000000014279255
B2111173730020N12152650WA0039200000000000015297255
B2111183730020N12152650WA0039400000000000015317282
B2111193730020N12152650WA0039700000000000017338282
B2111203730030N12152650WA0040100000000000017355282
B2111213730030N12152650WA0040400000000000019026324
B2111223730040N12152640WA0040500000000000023050324
B2111233730040N12152640WA0040600000000000031056039
B2111243730040N12152630WA0040700000000000038057040
B2111253730040N12152620WA0040900000000000038064057
B2111263730050N12152620WA0041100000000000039081066
B2111273730040N12152610WA0041200000000000039085086
B2111283730040N12152600WA0041500000000000042112091
B2111293730040N12152590WA0041800000000000043118123
B2111303730030N12152590WA0042100000000000039124129
B2111313730030N12152580WA0042300000000000038134138
B2111323730020N12152580WA0042300000000000039142150
B2111333730020N12152580WA0042500000000000037149157
B2111343730010N12152580WA0042700000000000033182157
B2111353730010N12152590WA0043000000000000030211198
B2111363730010N12152590WA0043400000000000025222223
B2111373730010N12152590WA0043800000000000025227223
B2111383730000N12152600WA0044000000000000020225227
B2111393730000N12152600WA0044100000000000020225245
B2111403730000N12152600WA0043900000000000014219247
B2111413730000N12152600WA0043700000000000014226253
B2111423730000N12152610WA0043700000000000016237254
B2111433730000N12152610WA0043700000000000019266261
B2111443730010N12152610WA0043900000000000023295258
B2111453730010N12152620WA0044100000000000024310293
B2111463730010N12152620WA0044400000000000026324304
B2111473730020N12152620WA0044700000000000026345304
B2111483730020N12152620WA0044900000000000025008331
B2111493730030N12152610WA0045100000000000030021330
B2111503730030N12152610WA0045500000000000037050006
B2111513730030N12152600WA0045900000000000038059006
B2111523730030N12152590WA0046200000000000037064053
B2111533730030N12152590WA0046500000000000037083059
B2111543730030N12152580WA0046600000000000038092059
B2111553730030N12152570WA0046800000000000039108097
B2111563730020N12152560WA0047000000000000041118116
B2111573730020N12152560WA0047200000000000041128129
B2111583730010N12152560WA0047400000000000039138129
B2111593730000N12152550WA0047600000000000039148152
B2112003730000N12152550WA0047800000000000039156162
B2112013729990N12152550WA0048100000000000038166162
B2112023729990N12152550WA0048200000000000036176181
B2112033729990N12152550WA0048300000000000030185181
B2112043729980N12152550WA0048300000000000025196181
B2112053729980N12152560WA0048200000000000025201213
B2112063729980N12152560WA0048100000000000027207217
B2112073729970N12152560WA0048200000000000029211217
B2112083729970N12152560WA0048200000000000028212225
B2112093729960N12152570WA0048300000000000026208226
B2112103729960N12152570WA0048200000000000026202225
B2112113729960N12152570WA0048000000000000025203224
B2112123729960N12152570WA0047900000000000025210224
B2112133729950N12152580WA0047700000000000026217224
B2112143729950N12152580WA0047600000000000027219231
B2112153729950N12152580WA0047500000000000028214234
B2112163729940N12152590WA0047300000000000026215234
B2112173729940N12152590WA0047100000000000022227232
B2112183729940N12152590WA0046900000000000021241231
B2112193729940N12152600WA0046700000000000020261231
B2112203729940N12152600WA0046700000000000020281264
B2112213729940N12152600WA0046600000000000018285264
B2112223729950N12152610WA0046500000000000017298263
B2112233729950N12152610WA0046400000000000017309286
B2112243729950N12152610WA0046300000000000020314290
B2112253729950N12152610WA0046300000000000022311290
B2112263729960N12152620WA0046300000000000021307289
B2112273729960N12152620WA0046300000000000019307297
B2112283729960N12152620WA0046100000000000019316297
B2112293729960N12152620WA0045900000000000019316298
B2112303729970N12152630WA0045700000000000020325297
B2112313729970N12152630WA0045600000000000020325309
B2112323729970N12152630WA0045400000000000023335309
B2112333729980N12152630WA0045300000000000023340308
B2112343729980N12152630WA0045200000000000021349322
B2112353729980N12152630WA0045000000000000022000322
B2112363729990N12152630WA0044900000000000024016322
B2112373729990N12152620WA0044700000000000027029353
B2112383729990N12152620WA0044500000000000035045010
B2112393730000N12152610WA0044300000000000040058010
B2112403730000N12152600WA0044200000000000041065050
B2112413730000N12152590WA0044200000000000043079060
B2112423729990N12152580WA0044300000000000046099078
B2112433729990N12152570WA0044400000000000047103103
B2112443729990N12152570WA0044400000000000047103108
B2112453729980N12152560WA0044400000000000042120108
B2112463729970N12152560WA0044500000000000041132130
B2112473729970N12152560WA0044500000000000041132144
B2112483729960N12152550WA0044500000000000037152144
B2112493729960N12152550WA0044500000000000034163168
B2112503729950N12152560WA0044500000000000033176168
B2112513729950N12152560WA0044500000000000031187192
B2112523729940N12152560WA0044300000000000028194192
B2112533729940N12152560WA0044200000000000026200211
B2112543729940N12152560WA0044000000000000023209211
B2112553729940N12152570WA0043900000000000022221211
B2112563729930N12152570WA0043700000000000021232235
B2112573729930N12152570WA0043500000000000021246244
B2112583729930N12152580WA0043300000000000021246244
B2112593729930N12152580WA0043100000000000022265253
B2113003729930N12152590WA0043000000000000021277253
B2113013729940N12152590WA0042900000000000021296274
B2113023729940N12152590WA0042800000000000021296287
B2113033729940N12152590WA0042700000000000019331287
B2113043729950N12152590WA0042600000000000022349287
B2113053729950N12152590WA0042600000000000027006326
B2113063729960N12152580WA0042900000000000032010326
B2113073729960N12152580WA0043100000000000033015351
B2113083729970N12152580WA0043300000000000032012353
B2113093729970N12152580WA0043300000000000032012350
B2113103729980N12152580WA0043300000000000029013341
B2113113729980N12152580WA0043300000000000034014335
B2113123729990N12152570WA0043300000000000038010339
B2113133729990N12152570WA0043300000000000033006335
B2113143730000N12152570WA0043200000000000027005341
B2113153730000N12152570WA0042900000000000024003332
B2113163730000N12152570WA0042600000000000025358329
B2113173730010N12152580WA0042200000000000028352331
B2113183730010N12152580WA0042100000000000028343325
B2113193730010N12152580WA0042100000000000027323328
B2113203730010N12152590WA0042300000000000027315329
B2113213730010N12152590WA0042500000000000024309300
B2113223730020N12152600WA0042800000000000023303289
B2113233730020N12152600WA0042700000000000022289282
B2113243730010N12152610WA0042700000000000024275274
B2113253730010N12152610WA0042700000000000027261281
B2113263730010N12152620WA0042900000000000027255260
B2113273730010N12152620WA0042900000000000023254266
B2113283730010N12152630WA0043100000000000021257260
B2113293730010N12152630WA0043200000000000023259255
B2113303730010N12152640WA0043500000000000028256256
B2113313730000N12152640WA0043700000000000028251267
B2113323730000N12152650WA0044000000000000026246246
B2113333730000N12152650WA0044200000000000022235257
B2113343730000N12152650WA0044400000000000021229249
B2113353730000N12152660WA0044500000000000025231253
B2113363729990N12152660WA0044700000000000027232270
B2113373729990N12152660WA0045000000000000025230243
B2113383729990N12152670WA0045000000000000024226235
B2113393729980N12152670WA0044900000000000023227240
B2113403729980N12152670WA0044900000000000025226244
B2113413729980N12152680WA0044800000000000029228243
B2113423729980N12152680WA0044900000000000032228253
B2113433729970N12152690WA0045100000000000031225247
B2113443729970N12152690WA0045300000000000027225236
B2113453729970N12152690WA0045300000000000026226247
B2113463729960N12152700WA0045300000000000028226238
B2113473729960N12152700WA0045300000000000031225245
B2113483729960N12152710WA0045400000000000032223244
B2113493729950N12152710WA0045700000000000032222255
B2113503729950N12152710WA0045900000000000028220243
B2113513729950N12152720WA0046000000000000024220251
B2113523729940N12152720WA0046000000000000024221221
B2113533729940N12152720WA0045900000000000027221265
B2113543729940N12152730WA0045800000000000029221243
B2113553729930N12152730WA0045800000000000030222274
B2113563729930N12152740WA0045800000000000028226248
B2113573729930N12152740WA0045800000000000026231267
B2113583729930N12152740WA0045700000000000027235253
B2113593729930N12152750WA0045700000000000026235258
B2114003729920N12152750WA0045700000000000026234260
B2114013729920N12152760WA0045700000000000028234263
B2114023729920N12152760WA0045800000000000029232265
B2114033729920N12152760WA0046000000000000029232270
B2114043729910N12152770WA0046100000000000023233266
B2114053729910N12152770WA0046100000000000023233259
B2114063729910N12152780WA0046100000000000023233250
B2114073729910N12152780WA0046100000000000023233245
B2114083729910N12152780WA0046100000000000024246239
B2114093729910N12152790WA0046200000000000024246251
B2114103729900N12152790WA0046200000000000025230250
B2114113729900N12152790WA0046200000000000027229258
B2114123729900N12152800WA0046100000000000026234237
B2114133729900N12152800WA0046100000000000026234240
B2114143729890N12152810WA0046000000000000025231236
B2114153729890N12152810WA0045900000000000025231247
B2114163729890N12152810WA0045800000000000025231253
B2114173729890N12152820WA0045700000000000026235254
B2114183729890N12152820WA0045700000000000025238268
B2114193729880N12152830WA0045600000000000025239256
B2114203729880N12152830WA0045400000000000025239258
B2114213729880N12152830WA0045200000000000025239251
B2114223729880N12152840WA0044900000000000023233252
B2114233729880N12152840WA0044700000000000025237241
B2114243729870N12152840WA0044400000000000027236245
B2114253729870N12152850WA0044200000000000027234247
B2114263729870N12152850WA0044100000000000027234241
B2114273729870N12152860WA0043800000000000024231241
B2114283729860N12152860WA0043600000000000023228235
B2114293729860N12152860WA0043300000000000023228242
B2114303729860N12152870WA0043000000000000024225230
B2114313729860N12152870WA0042800000000000027223236
B2114323729850N12152870WA0042600000000000028223244
B2114333729850N12152880WA0042400000000000026226227
B2114343729850N12152880WA0042200000000000026226227
B2114353729850N12152880WA0041800000000000023222225
B2114363729840N12152890WA0041500000000000026216234
B2114373729840N12152890WA0041300000000000031211238
B2114383729830N12152890WA0041100000000000032209257
B2114393729830N12152890WA0041000000000000030209244
B2114403729830N12152900WA0040800000000000027212237
B2114413729820N12152900WA0040700000000000027212243
B2114423729820N12152900WA0040400000000000027212237
B2114433729820N12152900WA0040200000000000025208246
B2114443729810N12152910WA0039900000000000025208239
B2114453729810N12152910WA0039600000000000023213248
B2114463729810N12152910WA0039200000000000025217252
B2114473729810N12152910WA0038900000000000026220250
B2114483729800N12152920WA0038600000000000025228255
B2114493729800N12152920WA0038400000000000022236254
B2114503729800N12152930WA0038300000000000021245264
B2114513729800N12152930WA0038200000000000019249266
B2114523729800N12152930WA0038100000000000015255265
B2114533729800N12152930WA0037900000000000013270262
B2114543729800N12152940WA0037700000000000016280260
B2114553729800N12152940WA0037500000000000021282280
B2114563729800N12152950WA0037400000000000021286290
B2114573729800N12152950WA0037400000000000021289289
B2114583729800N12152950WA0037300000000000018290293
B2114593729810N12152960WA0037000000000000018287290
B2115003729810N12152960WA0036700000000000020285289
B2115013729810N12152960WA0036400000000000024287289
B2115023729810N12152970WA0036300000000000027290296
B2115033729810N12152970WA0036200000000000025292294
B2115043729810N12152980WA0036100000000000021294299
B2115053729810N12152980WA0036000000000000018294294
B2115063729810N12152980WA0035700000000000018294288
B2115073729820N12152990WA0035600000000000023290294
B2115083729820N12152990WA0035500000000000026289290
B2115093729820N12153000WA0035500000000000024288293
B2115103729820N12153000WA0035500000000000024288296
B2115113729820N12153000WA0035500000000000019284285
B2115123729820N12153010WA0035500000000000018282281
B2115133729820N12153010WA0035600000000000020280277
B2115143729820N12153020WA0035600000000000021277285
B2115153729820N12153020WA0035700000000000020277282
B2115163729820N12153020WA0035800000000000018275273
B2115173729820N12153020WA0035800000000000017268281
B2115183729820N12153030WA0035700000000000017265282
B2115193729820N12153030WA0035500000000000019265282
B2115203729820N12153040WA0035400000000000021269280
B2115213729820N12153040WA0035500000000000022268284
E211521PEVBackground
B2115223729820N12153040WA0035500000000000020268281
B2115233729820N12153050WA0035500000000000017261279
B2115243729820N12153050WA0035500000000000018250278
B2115253729820N12153050WA0035300000000000020249279
B2115263729820N12153060WA0035200000000000024255283
B2115273729820N12153060WA0035200000000000025258284
B2115283729820N12153070WA0035300000000000023261277
B2115293729820N12153070WA0035300000000000020257272
B2115303729810N12153070WA0035300000000000020252278
B2115313729810N12153080WA0035300000000000020255275
B2115323729810N12153080WA0035200000000000022260266
B2115333729810N12153090WA0035300000000000022260273
B2115343729810N12153090WA0035400000000000025254279
B2115353729810N12153090WA0035400000000000023247299
B2115363729810N12153100WA0035500000000000021244272
B2115373729810N12153100WA0035600000000000018245281
B2115383729810N12153100WA0035600000000000019253263
B2115393729810N12153110WA0035600000000000020255268
B2115403729800N12153110WA0035600000000000020249260
B2115413729800N12153120WA0035600000000000021239277
B2115423729800N12153120WA0035600000000000022236274
B2115433729800N12153120WA0035500000000000023241274
B2115443729800N12153130WA0035500000000000024248263
B2115453729800N12153130WA0035600000000000023251261
B2115463729800N12153130WA0035700000000000022250263
B2115473729790N12153140WA0035800000000000020243277
B2115483729790N12153140WA0035800000000000020238278
B2115493729790N12153140WA0035800000000000019244276
B2115503729790N12153150WA0035800000000000020253275
B2115513729790N12153150WA0035800000000000021258268
B2115523729790N12153160WA0035900000000000021258261
B2115533729790N12153160WA0035900000000000022257271
B2115543729790N12153160WA0036000000000000022261279
B2115553729790N12153170WA0036000000000000019264266
B2115563729790N12153170WA0036100000000000019264255
B2115573729790N12153170WA0036100000000000019257259
B2115583729790N12153180WA0036000000000000022251271
B2115593729790N12153180WA0036100000000000022249276
B2116003729780N12153190WA0036200000000000022252277
B2116013729780N12153190WA0036200000000000020262282
B2116023729780N12153190WA0036300000000000019270278
B2116033729780N12153200WA0036400000000000018271290
B2116043729790N12153200WA0036500000000000017272303
B2116053729790N12153200WA0036500000000000016280297
B2116063729790N12153210WA0036500000000000017291291
B2116073729790N12153210WA0036600000000000021302287
B2116083729790N12153210WA0036800000000000023309285
B2116093729790N12153220WA0037100000000000022313282
B2116103729800N12153220WA0037200000000000018313277
B2116113729800N12153220WA0037200000000000015306281
B2116123729800N12153220WA0037200000000000016303281
B2116133729800N12153230WA0037100000000000018302282
B2116143729800N12153230WA0037000000000000021297280
B2116153729800N12153230WA0037000000000000024291287
B2116163729800N12153240WA0037000000000000022286287
B2116173729800N12153240WA0037000000000000022282291
B2116183729800N12153250WA0036900000000000022281287
B2116193729810N12153250WA0036800000000000024282289
B2116203729810N12153260WA0036700000000000026281282
B2116213729810N12153260WA0036700000000000026280288
B2116223729810N12153270WA0036600000000000025277293
B2116233729810N12153270WA0036500000000000025277286
B2116243729810N12153270WA0036500000000000026281284
B2116253729810N12153280WA0036400000000000028280284
B2116263729810N12153290WA0036400000000000029277290
B2116273729810N12153290WA0036400000000000028275299
B2116283729810N12153290WA0036300000000000025276291
B2116293729810N12153300WA0036200000000000021279284
B2116303729810N12153300WA0036000000000000021278286
B2116313729810N12153310WA0035700000000000022277272
B2116323729810N12153310WA0035400000000000023278288
B2116333729810N12153320WA0035200000000000026273279
B2116343729810N12153320WA0035000000000000028273290
B2116353729810N12153330WA0034800000000000025278285
B2116363729810N12153330WA0034600000000000023281285
B2116373729820N12153330WA0034300000000000025281291
B2116383729820N12153340WA0034000000000000028280289
B2116393729820N12153350WA0033800000000000031280286
B2116403729820N12153350WA0033700000000000034283296
B2116413729820N12153360WA0033600000000000031283279
B2116423729820N12153360WA0033500000000000028277285
B2116433729820N12153370WA0033200000000000026270282
B2116443729820N12153370WA0033000000000000028270292
B2116453729820N12153380WA0032700000000000031271289
B2116463729820N12153390WA0032500000000000031274297
B2116473729820N12153390WA0032400000000000030276292
B2116483729820N12153400WA0032300000000000026278292
B2116493729820N12153400WA0032100000000000025277288
B2116503729820N12153400WA0031800000000000026274286
B2116513729820N12153410WA0031500000000000027274294
B2116523729820N12153420WA0031300000000000030277296
B2116533729820N12153420WA0031200000000000030280293
B2116543729820N12153430WA0031000000000000028281286
B2116553729830N12153430WA0030900000000000027279286
B2116563729830N12153440WA0030700000000000028279290
B2116573729830N12153440WA0030500000000000029280287
B2116583729830N12153450WA0030400000000000030282284
B2116593729830N12153450WA0030400000000000029283280
B2117003729830N12153460WA0030300000000000027283278
B2117013729830N12153460WA0030200000000000024283277
B2117023729830N12153470WA0030000000000000022283276
B2117033729830N12153470WA0029700000000000022286275
B2117043729830N12153470WA0029400000000000025286274
B2117053729840N12153480WA0029200000000000028290278
B2117063729840N12153480WA0029000000000000030294278
B2117073729840N12153490WA0028900000000000028297277
B2117083729840N12153490WA0028700000000000025300274
B2117093729840N12153500WA0028500000000000022303273
B2117103729850N12153500WA0028300000000000023304272
B2117113729850N12153500WA0028100000000000027305274
B2117123729850N12153510WA0028000000000000028306273
B2117133729850N12153510WA0027800000000000027306272
B2117143729860N12153520WA0027700000000000026309271
B2117153729860N12153520WA0027600000000000026311275
B2117163729860N12153520WA0027500000000000027310281
B2117173729860N12153530WA0027400000000000027307279
B2117183729870N12153530WA0027300000000000026305283
B2117193729870N12153530WA0027300000000000025307277
B2117203729870N12153540WA0027200000000000023308276
B2117213729870N12153540WA0027100000000000022308273
B2117223729870N12153550WA0026900000000000023304274
B2117233729880N12153550WA0026800000000000026302274
B2117243729880N12153550WA0026800000000000028302273
B2117253729880N12153560WA0026800000000000028301272
B2117263729880N12153560WA0026900000000000025300272
B2117273729880N12153570WA0026900000000000022294272
B2117283729880N12153570WA0026800000000000022285277
B2117293729880N12153570WA0026600000000000024285275
B2117303729890N12153580WA0026600000000000026286279
B2117313729890N12153580WA0026600000000000025284276
B2117323729890N12153590WA0026500000000000023276277
B2117333729890N12153590WA0026500000000000022273277
B2117343729890N12153600WA0026300000000000021278275
B2117353729890N12153600WA0026200000000000019289274
B2117363729890N12153600WA0026100000000000019290275
B2117373729890N12153610WA0026000000000000020286280
B2117383729890N12153610WA0025900000000000021286282
B2117393729890N12153610WA0025900000000000022292279
B2117403729890N12153620WA0025900000000000021294275
B2117413729890N12153620WA0025800000000000019286275
B2117423729890N12153620WA0025600000000000018276277
B2117433729890N12153630WA0025300000000000020277277
B2117443729900N12153630WA0025100000000000022281278
B2117453729900N12153640WA0024900000000000026277280
B2117463729900N12153640WA0024800000000000026276290
B2117473729900N12153650WA0024700000000000024273286
B2117483729900N12153650WA0024700000000000023267289
B2117493729900N12153660WA0024600000000000021264283
B2117503729900N12153660WA0024500000000000022265299
B2117513729900N12153660WA0024400000000000024271282
B2117523729900N12153670WA0024400000000000025275303
B2117533729900N12153670WA0024300000000000024276276
B2117543729900N12153680WA0024200000000000022273292
B2117553729900N12153680WA0024000000000000020270281
B2117563729900N12153680WA0023700000000000020267290
B2117573729900N12153690WA0023300000000000022268277
B2117583729900N12153690WA0022900000000000024269283
B2117593729900N12153700WA0022500000000000025271283
B2118003729900N12153700WA0022400000000000028271290
B2118013729900N12153710WA0022100000000000028271284
B2118023729900N12153710WA0022000000000000028271279
B2118033729900N12153720WA0021700000000000024265265
B2118043729900N12153720WA0021400000000000027261288
B2118053729900N12153730WA0021200000000000028268286
B2118063729900N12153730WA0020900000000000028279278
B2118073729900N12153740WA0020700000000000028279269
B2118083729900N12153750WA0020400000000000028279281
B2118093729900N12153750WA0020300000000000028279295
B2118103729900N12153760WA0020300000000000028279314
B2118113729900N12153760WA0020300000000000028279288
B2118123729900N12153770WA0020300000000000028279272
B2118133729900N12153770WA0020200000000000028279263
B2118143729900N12153780WA0020000000000000028279281
B2118153729900N12153780WA0019800000000000028279294
B2118163729900N12153790WA0019600000000000028279293
B2118173729900N12153790WA0019400000000000028285285
B2118183729910N12153790WA0019400000000000028285279
B2118193729910N12153800WA0019400000000000028285278
B2118203729910N12153800WA0019300000000000028285288
B2118213729910N12153810WA0019100000000000019291283
B2118223729910N12153810WA0018800000000000020288282
B2118233729910N12153810WA0018500000000000023285281
B2118243729910N12153820WA0018200000000000023285252
B2118253729920N12153820WA0018200000000000023285253
B2118263729920N12153830WA0018200000000000023285255
B2118273729920N12153830WA0018100000000000023285267
B2118283729920N12153840WA0017800000000000023271272
B2118293729920N12153840WA0017400000000000025273271
B2118303729920N12153850WA0017100000000000026274253
B2118313729920N12153850WA0017000000000000026274253
B2118323729920N12153860WA0017000000000000026274259
B2118333729920N12153860WA0016900000000000026274280
B2118343729920N12153870WA0016700000000000027273285
B2118353729920N12153880WA0016500000000000027273278
B2118363729920N12153880WA0016400000000000027273264
B2118373729920N12153890WA0016400000000000031295265
B2118383729930N12153890WA0016400000000000029291281
B2118393729930N12153900WA0016400000000000027290275
B2118403729930N12153900WA0016400000000000027292279
B2118413729930N12153910WA0016300000000000028292275
B2118423729930N12153910WA0016300000000000029290270
B2118433729930N12153920WA0016400000000000029290290
B2118443729940N12153920WA0016400000000000028295276
B2118453729940N12153930WA0016500000000000029296250
B2118463729940N12153930WA0016500000000000028292293
B2118473729940N12153930WA0016500000000000024295294
B2118483729940N12153940WA0016400000000000024295292
B2118493729950N12153940WA0016300000000000024295266
B2118503729950N12153940WA0016200000000000027316258
B2118513729950N12153950WA0016300000000000028304266
B2118523729950N12153950WA0016300000000000028293271
B2118533729950N12153960WA0016500000000000026290271
B2118543729950N12153960WA0016600000000000022291262
B2118553729960N12153970WA0016600000000000021286264
B2118563729960N12153970WA0016600000000000024281274
B2118573729960N12153980WA0016600000000000028281283
B2118583729960N12153980WA0016700000000000029285282
B2118593729960N12153990WA0016900000000000028288272
B2119003729960N12153990WA0017000000000000025286249
B2119013729960N12154000WA0017000000000000025283268
B2119023729960N12154000WA0017000000000000025283244
B2119033729960N12154010WA0017100000000000025283284
B2119043729960N12154010WA0017200000000000027281277
B2119053729960N12154010WA0017400000000000024276274
B2119063729960N12154020WA0017600000000000024276280
B2119073729960N12154020WA0017700000000000024276276
B2119083729960N12154030WA0017900000000000026277276
B2119093729960N12154030WA0018200000000000026277272
B2119103729960N12154040WA0018500000000000022274276
B2119113729960N12154040WA0018700000000000021272276
B2119123729960N12154050WA0018800000000000022272276
B2119133729960N12154050WA0019100000000000025272281
B2119143729960N12154060WA0019400000000000025272271
B2119153729960N12154060WA0019800000000000025272284
B2119163729960N12154060WA0020200000000000025272270
B2119173729960N12154070WA0020500000000000025272261
B2119183729960N12154070WA0020800000000000019283241
B2119193729960N12154080WA0021100000000000019283229
B2119203729960N12154080WA0021300000000000025260222
B2119213729960N12154090WA0021600000000000025260215
B2119223729960N12154090WA0022000000000000025260207
B2119233729950N12154090WA0022400000000000025260208
B2119243729940N12154080WA0022500000000000026179214
B2119253729940N12154080WA0022600000000000026179316
B2119263729940N12154070WA0022700000000000026179304
B2119273729930N12154060WA0022900000000000038127292
B2119283729930N12154060WA0023200000000000036114284
B2119293729930N12154050WA0023300000000000035093279
B2119303729940N12154040WA0023600000000000036079275
B2119313729940N12154040WA0023800000000000036079272
B2119323729940N12154040WA0024300000000000036079272
B2119333729950N12154040WA0024800000000000036079272
B2119343729950N12154040WA0025200000000000020002283
B2119353729950N12154040WA0025500000000000020344281
B2119363729960N12154040WA0025800000000000020344278
B2119373729960N12154050WA0025900000000000020344278
B2119383729960N12154050WA0026100000000000020344275
B2119393729960N12154050WA0026300000000000020344279
B2119403729970N12154060WA0026400000000000018318273
B2119413729970N12154060WA0026400000000000018318268
B2119423729970N12154060WA0026400000000000018318257
B2119433729970N12154070WA0026400000000000018318245
B2119443729970N12154070WA0026500000000000023271237
B2119453729960N12154080WA0026700000000000026251235
B2119463729960N12154080WA0026800000000000026251237
B2119473729950N12154080WA0026900000000000026251240
B2119483729940N12154080WA0027000000000000026251238
B2119493729940N12154080WA0027200000000000026251295
B2119503729930N12154070WA0027200000000000026251289
B2119513729930N12154070WA0027200000000000039148284
B2119523729930N12154060WA0027200000000000039136280
B2119533729930N12154050WA0027200000000000035105275
B2119543729930N12154050WA0027400000000000034092274
B2119553729930N12154040WA0027500000000000033080272
B2119563729930N12154040WA0027700000000000033080271
B2119573729940N12154030WA0027900000000000027051270
B2119583729940N12154030WA0028000000000000023031270
B2119593729950N12154040WA0028200000000000021007270
B2120003729950N12154040WA0028200000000000020346274
B2120013729950N12154040WA0028300000000000020323273
B2120023729950N12154050WA0028300000000000021306275
B2120033729950N12154050WA0028500000000000024302278
B2120043729960N12154060WA0028600000000000026302274
B2120053729960N12154060WA0028600000000000025301270
B2120063729960N12154060WA0028800000000000024288250
B2120073729960N12154070WA0028900000000000025274252
B2120083729960N12154080WA0029100000000000026255247
B2120093729950N12154080WA0029200000000000028238243
B2120103729950N12154080WA0029200000000000027222248
B2120113729950N12154080WA0029200000000000025209245
B2120123729940N12154080WA0029100000000000026195245
B2120133729940N12154080WA0029100000000000028182248
B2120143729930N12154070WA0029100000000000033161249
B2120153729920N12154070WA0029000000000000040148286
B2120163729920N12154060WA0029000000000000041139283
B2120173729920N12154060WA0029000000000000039124279
B2120183729920N12154050WA0029000000000000038117276
B2120193729920N12154040WA0029000000000000037104274
B2120203729920N12154030WA0029100000000000036086272
B2120213729920N12154030WA0029200000000000035068271
B2120223729920N12154020WA0029200000000000032058270
B2120233729930N12154020WA0029200000000000029038270
B2120243729930N12154020WA0029200000000000028023270
B2120253729940N12154020WA0029300000000000028020270
B2120263729940N12154020WA0029500000000000027015270
B2120273729940N12154020WA0029600000000000025001272
B2120283729950N12154020WA0029800000000000023349274
B2120293729950N12154020WA0030000000000000021334274
B2120303729950N12154030WA0030100000000000018319274
B2120313729950N12154030WA0030300000000000016309272
B2120323729950N12154030WA0030300000000000015303272
B2120333729950N12154030WA0030300000000000016296274
B2120343729960N12154040WA0030400000000000018284271
B2120353729960N12154040WA0030400000000000019276280
B2120363729960N12154040WA0030500000000000019268283
B2120373729960N12154050WA0030600000000000018265282
B2120383729960N12154050WA0030600000000000018268285
B2120393729960N12154060WA0030600000000000020274283
B2120403729960N12154060WA0030700000000000021278275
B2120413729960N12154060WA0030700000000000021276271
B2120423729960N12154070WA0030800000000000019270269
B2120433729960N12154070WA0030800000000000019263252
B2120443729960N12154070WA0030800000000000021255240
B2120453729950N12154080WA0030700000000000023252229
B2120463729950N12154080WA0030600000000000024244237
B2120473729950N12154090WA0030400000000000022233243
B2120483729950N12154090WA0030200000000000024225254
B2120493729940N12154090WA0030100000000000027211263
B2120503729940N12154090WA0029900000000000028210264
B2120513729940N12154100WA0029700000000000028215261
B2120523729930N12154100WA0029500000000000028223272
B2120533729930N12154110WA0029400000000000028234263
B2120543729930N12154110WA0029300000000000026240267
B2120553729930N12154110WA0029200000000000024242260
B2120563729930N12154120WA0029100000000000024244266
B2120573729930N12154120WA0028900000000000024248266
B2120583729920N12154130WA0028800000000000025253264
B2120593729920N12154130WA0028700000000000026258266
B2121003729920N12154140WA0028500000000000027263264
B2121013729920N12154140WA0028400000000000028267268
B2121023729920N12154150WA0028300000000000027268282
B2121033729920N12154150WA0028300000000000026268261
B2121043729920N12154160WA0028300000000000026267284
B2121053729920N12154160WA0028200000000000025269271
B2121063729920N12154170WA0028100000000000024273271
B2121073729920N12154170WA0027900000000000025277267
B2121083729920N12154180WA0027800000000000026278272
B2121093729920N12154180WA0027600000000000026278273
B2121103729920N12154190WA0027600000000000026276275
B2121113729920N12154190WA0027500000000000024271274
B2121123729920N12154190WA0027500000000000023266281
B2121133729920N12154200WA0027400000000000023264290
B2121143729920N12154200WA0027200000000000023268287
B2121153729930N12154210WA0027100000000000024278278
B2121163729930N12154210WA0027000000000000026285271
B2121173729930N12154220WA0026900000000000025283283
B2121183729930N12154220WA0026800000000000024274288
B2121193729930N12154230WA0026700000000000025268300
B2121203729930N12154230WA0026600000000000026270292
B2121213729930N12154240WA0026600000000000026279284
B2121223729930N12154240WA0026600000000000026285284
E212122PEVForeground
B2121233729930N12154240WA0026500000000000024281286
B2121243729930N12154250WA0026400000000000022274296
B2121253729930N12154250WA0026300000000000022274292
B2121263729930N12154260WA0026100000000000024280290
B2121273729930N12154260WA0026000000000000027287275
B2121283729930N12154270WA0025900000000000027284278
B2121293729930N12154270WA0025800000000000027278281
B2121303729930N12154280WA0025600000000000029272286
B2121313729930N12154280WA0025500000000000030271286
B2121323729940N12154290WA0025500000000000030275282
B2121333729940N12154290WA0025500000000000028278274
B2121343729940N12154300WA0025400000000000022279272
B2121353729940N12154300WA0025200000000000020278271
B2121363729940N12154310WA0024900000000000021277273
B2121373729940N12154310WA0024800000000000025273283
B2121383729940N12154320WA0024700000000000029277278
B2121393729940N12154320WA0024600000000000029280273
B2121403729940N12154330WA0024600000000000025284271
B2121413729940N12154330WA0024500000000000025284276
B2121423729940N12154330WA0024300000000000026279274
B2121433729940N12154340WA0024100000000000028280279
B2121443729940N12154350WA0024000000000000028280287
B2121453729940N12154350WA0024000000000000028289281
B2121463729950N12154350WA0023800000000000026293272
B2121473729950N12154360WA0023700000000000026292268
B2121483729950N12154360WA0023600000000000025288268
B2121493729950N12154370WA0023500000000000026280275
B2121503729950N12154370WA0023400000000000026280278
B2121513729950N12154380WA0023400000000000026280279
B2121523729950N12154380WA0023300000000000023281266
B2121533729950N12154380WA0023300000000000021280265
B2121543729950N12154390WA0023300000000000021273269
B2121553729950N12154390WA0023200000000000023272262
B2121563729950N12154400WA0023200000000000024273268
B2121573729950N12154400WA0023100000000000024276256
B2121583729950N12154410WA0023100000000000024272258
B2121593729950N12154410WA0023100000000000023268259
B2122003729950N12154410WA0022900000000000022264262
B2122013729950N12154420WA0022800000000000024264263
B2122023729950N12154420WA0022800000000000025266257
B2122033729950N12154430WA0022700000000000025267267
B2122043729950N12154430WA0022600000000000025267253
B2122053729950N12154440WA0022700000000000025267256
B2122063729950N12154440WA0022700000000000025267249
B2122073729950N12154450WA0022800000000000024254258
B2122083729950N12154450WA0022700000000000024251253
B2122093729950N12154460WA0022500000000000026249255
B2122103729950N12154460WA0022400000000000026249246
B2122113729940N12154470WA0022300000000000028251257
B2122123729940N12154470WA0022200000000000027245260
B2122133729940N12154480WA0022200000000000026244266
B2122143729940N12154480WA0022100000000000025246262
B2122153729940N12154480WA0022000000000000025251253
B2122163729940N12154490WA0021900000000000026253253
B2122173729930N12154490WA0021800000000000028248242
B2122183729930N12154500WA0021700000000000027244254
B2122193729930N12154500WA0021700000000000025240241
B2122203729930N12154510WA0021800000000000024240248
B2122213729930N12154510WA0021800000000000026246261
B2122223729930N12154520WA0022000000000000024251279
B2122233729930N12154520WA0022200000000000021250282
B2122243729930N12154520WA0022400000000000017259296
B2122253729930N12154530WA0022300000000000017270303
B2122263729930N12154530WA0022300000000000017280310
B2122273729930N12154530WA0022200000000000019300307
B2122283729930N12154530WA0022200000000000020316305
B2122293729940N12154530WA0022200000000000022337297
B2122303729940N12154530WA0022200000000000023357324
B2122313729950N12154530WA0022100000000000027009332
B2122323729950N12154530WA0022100000000000026008335
B2122333729950N12154530WA0021900000000000025002338
B2122343729960N12154530WA0021700000000000026356330
B2122353729960N12154530WA0021600000000000026356308
B2122363729970N12154540WA0021800000000000026356322
B2122373729970N12154540WA0022000000000000026356308
B2122383729970N12154540WA0022100000000000026356315
B2122393729980N12154540WA0022200000000000026356313
B2122403729980N12154540WA0022200000000000026356314
B2122413729980N12154550WA0022200000000000021332309
B2122423729990N12154550WA0022100000000000021332293
B2122433729990N12154550WA0022000000000000021332293
B2122443729990N12154560WA0021900000000000021332294
B2122453729980N12154560WA0021900000000000021332291
B2122463729980N12154570WA0021900000000000021332334
B2122473729980N12154570WA0021700000000000023211328
B2122483729970N12154560WA0021500000000000023211321
B2122493729970N12154560WA0021600000000000023211240
B2122503729970N12154550WA0022000000000000023211236
B2122513729970N12154550WA0022400000000000019137235
B2122523729970N12154540WA0022700000000000021095234
B2122533729970N12154540WA0022800000000000017066104
B2122543729970N12154530WA0022600000000000017056105
B2122553729980N12154530WA0022400000000000017052036
B2122563729980N12154530WA0022200000000000019044038
B2122573729990N12154520WA0022100000000000025034038
B2122583729990N12154520WA0022200000000000031022018
B2122593730000N12154520WA0022200000000000031021016
B2123003730000N12154520WA0022100000000000029025000
E212300PEVBackground
B2123013730010N12154510WA0022000000000000031023004
B2123023730010N12154510WA0022000000000000031019004
B2123033730020N12154510WA0021900000000000032017009
B2123043730020N12154510WA0021800000000000032018359
B2123053730030N12154510WA0021700000000000032022010
B2123063730030N12154500WA0021500000000000031021011
B2123073730040N12154500WA0021300000000000030017358
B2123083730040N12154500WA0021100000000000029014006
B2123093730050N12154500WA0021000000000000030014003
B2123103730050N12154500WA0020900000000000030015000
B2123113730050N12154490WA0020700000000000030017357
B2123123730060N12154490WA0020500000000000030017002
B2123133730060N12154490WA0020400000000000030015358
B2123143730070N12154490WA0020200000000000030013353
B2123153730070N12154490WA0020000000000000031013001
B2123163730080N12154490WA0019900000000000032015346
B2123173730080N12154490WA0019700000000000031015352
B2123183730090N12154480WA0019600000000000028012357
B2123193730090N12154480WA0019400000000000028004356
B2123203730100N12154480WA0019100000000000029002006
B2123213730100N12154480WA0018900000000000033010011
B2123223730110N12154480WA0018800000000000035017010
B2123233730110N12154480WA0018700000000000035021001
B2123243730110N12154470WA0018700000000000032019004
B2123253730120N12154470WA0018600000000000029019002
B2123263730120N12154470WA0018500000000000030019355
B2123273730130N12154470WA0018400000000000031020344
B2123283730130N12154470WA0018300000000000034018344
B2123293730140N12154470WA0018300000000000035014357
B2123303730140N12154470WA0018300000000000034008349
B2123313730150N12154470WA0018400000000000032003359
B2123323730150N12154470WA0018500000000000029001356
B2123333730160N12154460WA0018600000000000026005359
B2123343730160N12154460WA0018600000000000025008354
B2123353730160N12154460WA0018500000000000027005354
B2123363730170N12154460WA0018400000000000029000017
B2123373730170N12154460WA0018400000000000028358029
B2123383730180N12154460WA0018400000000000028009045
B2123393730180N12154460WA0018300000000000030023054
B2123403730180N12154450WA0018300000000000033037062
B2123413730190N12154450WA0018300000000000034052068
B2123423730180N12154440WA0018200000000000034062073
B2123433730180N12154430WA0018200000000000032097315
B2123443730180N12154430WA0018200000000000032109336
B2123453730180N12154430WA0018200000000000025115349
B2123463730170N12154430WA0018200000000000016148000
B2123473730170N12154440WA0018300000000000012214006
B2123483730180N12154440WA0018400000000000012214015
B2123493730180N12154440WA0018400000000000017318024
B2123503730180N12154440WA0018500000000000018331023
B2123513730190N12154440WA0018500000000000019002025
B2123523730190N12154440WA0018400000000000023015032
B2123533730200N12154440WA0018500000000000028027030
B2123543730200N12154430WA0018500000000000035034033
B2123553730200N12154430WA0018600000000000037044027
B2123563730210N12154420WA0018800000000000037049018
B2123573730210N12154420WA0019000000000000034051015
B2123583730210N12154410WA0019100000000000031050027
B2123593730220N12154410WA0019100000000000032050022
B2124003730220N12154400WA0019000000000000033052023
B2124013730220N12154400WA0019000000000000035051013
B2124023730230N12154390WA0019000000000000037045018
B2124033730230N12154390WA0019100000000000035038011
B2124043730240N12154390WA0019200000000000034030008
B2124053730240N12154380WA0019200000000000032025355
B2124063730240N12154380WA0019300000000000030026357
B2124073730250N12154380WA0019400000000000030026353
B2124083730250N12154380WA0019400000000000028017357
B2124093730260N12154380WA0019400000000000033011008
B2124103730260N12154380WA0019600000000000034012010
B2124113730270N12154380WA0019800000000000033013350
B2124123730270N12154370WA0020000000000000030010337
B2124133730280N12154370WA0020200000000000028004327
B2124143730280N12154380WA0020300000000000029355328
B2124153730290N12154380WA0020400000000000031342328
B2124163730290N12154380WA0020600000000000032328319
B2124173730290N12154390WA0020700000000000033315325
B2124183730290N12154390WA0021100000000000029303327
B2124193730290N12154400WA0021200000000000028260048
B2124203730280N12154400WA0021500000000000030227042
B2124213730280N12154410WA0021900000000000027222031
B2124223730280N12154410WA0022200000000000025213026
B2124233730270N12154410WA0022500000000000024192021
B2124243730270N12154410WA0022700000000000024171018
B2124253730270N12154400WA0022800000000000023158015
B2124263730260N12154400WA0022800000000000023150013
B2124273730260N12154390WA0023000000000000023150013
B2124283730260N12154390WA0023300000000000023150006
B2124293730270N12154380WA0023700000000000023150356
B2124303730270N12154370WA0023900000000000029063354
B2124313730280N12154370WA0024200000000000028049358
B2124323730280N12154370WA0024300000000000028049353
B2124333730280N12154380WA0024500000000000028049354
B2124343730290N12154380WA0024800000000000029328355
B2124353730290N12154380WA0025200000000000029328355
B2124363730290N12154390WA0025500000000000029328357
B2124373730290N12154390WA0025800000000000029328358
B2124383730280N12154400WA0026100000000000026243022
B2124393730280N12154400WA0026300000000000028227019
B2124403730280N12154400WA0026600000000000029214016
B2124413730270N12154400WA0026900000000000029214014
B2124423730270N12154400WA0027000000000000030175013
B2124433730260N12154400WA0027100000000000030175012
B2124443730260N12154390WA0027300000000000030175011
B2124453730260N12154390WA0027400000000000030175013
B2124463730260N12154380WA0027600000000000030175009
B2124473730260N12154370WA0027900000000000030175356
B2124483730270N12154370WA0028200000000000030175354
B2124493730270N12154360WA0028600000000000028058354
B2124503730270N12154360WA0028900000000000028058353
B2124513730280N12154370WA0029100000000000028058355
B2124523730280N12154370WA0029300000000000028058355
B2124533730280N12154370WA0029600000000000025332355
B2124543730280N12154380WA0030000000000000025332357
B2124553730280N12154390WA0030200000000000023274358
B2124563730280N12154390WA0030500000000000024249022
B2124573730280N12154390WA0030800000000000024249019
B2124583730270N12154400WA0031000000000000028215016
B2124593730270N12154400WA0031300000000000028215014
B2125003730260N12154390WA0031500000000000029174013
B2125013730260N12154380WA0031800000000000029174012
B2125023730260N12154380WA0032100000000000036133012
B2125033730250N12154370WA0032400000000000036133011
B2125043730260N12154370WA0032600000000000030109011
B2125053730260N12154360WA0032800000000000030109013
B2125063730260N12154350WA0033000000000000030109009
B2125073730260N12154350WA0033200000000000030109359
B2125083730260N12154350WA0033500000000000030109352
B2125093730270N12154340WA0033700000000000030109352
B2125103730270N12154350WA0034100000000000030109351
B2125113730280N12154350WA0034300000000000025351354
B2125123730280N12154350WA0034600000000000026336355
B2125133730280N12154350WA0034800000000000026336357
B2125143730290N12154360WA0035000000000000026336359
B2125153730290N12154360WA0035100000000000020302359
B2125163730280N12154370WA0035200000000000020302001
B2125173730280N12154370WA0035400000000000020302001
B2125183730280N12154380WA0035500000000000020302002
B2125193730280N12154380WA0035800000000000028225017
B2125203730270N12154380WA0036100000000000027216015
B2125213730270N12154380WA0036300000000000027216014
B2125223730260N12154380WA0036600000000000026178013
B2125233730260N12154380WA0036800000000000026178012
B2125243730250N12154370WA0037100000000000026178012
B2125253730250N12154360WA0037500000000000026178011
B2125263730250N12154360WA0037800000000000032118013
B2125273730250N12154350WA0038100000000000032118014
B2125283730260N12154340WA0038400000000000032118006
B2125293730260N12154340WA0038800000000000032118002
B2125303730260N12154330WA0039100000000000033047351
B2125313730270N12154330WA0039400000000000033047347
B2125323730270N12154330WA0039600000000000027018349
B2125333730270N12154340WA0039700000000000026002351
B2125343730280N12154340WA0039800000000000027328354
B2125353730280N12154340WA0039900000000000024309354
B2125363730280N12154350WA0039900000000000024298356
B2125373730280N12154350WA0040000000000000025286357
B2125383730280N12154360WA0040000000000000025276358
B2125393730280N12154360WA0040100000000000026262359
B2125403730280N12154370WA0040300000000000026248021
B2125413730270N12154370WA0040500000000000024229019
B2125423730270N12154370WA0040700000000000022215018
B2125433730270N12154370WA0040900000000000021199016
B2125443730260N12154370WA0041000000000000024179015
B2125453730260N12154370WA0041300000000000028171013
B2125463730250N12154360WA0041500000000000031160012
B2125473730250N12154360WA0041800000000000032152012
B2125483730250N12154350WA0042000000000000030139011
B2125493730250N12154350WA0042300000000000029122011
B2125503730250N12154340WA0042600000000000028109013
B2125513730250N12154340WA0042900000000000028091012
B2125523730250N12154330WA0043100000000000029072012
B2125533730250N12154330WA0043300000000000030057007
B2125543730260N12154320WA0043500000000000031043351
B2125553730260N12154320WA0043700000000000031030353
B2125563730270N12154320WA0044000000000000030017350
B2125573730270N12154320WA0044000000000000029358350
B2125583730270N12154320WA0044100000000000026345354
B2125593730280N12154330WA0044200000000000025331354
B2126003730280N12154330WA0044200000000000024318355
B2126013730280N12154330WA0044300000000000024303357
B2126023730280N12154340WA0044300000000000023291357
B2126033730280N12154340WA0044300000000000022278359
B2126043730280N12154350WA0044300000000000023254000
B2126053730280N12154350WA0044300000000000026235020
B2126063730270N12154350WA0044300000000000026221018
B2126073730270N12154350WA0044400000000000026206016
B2126083730260N12154350WA0044700000000000026194014
B2126093730260N12154350WA0045000000000000027168013
B2126103730260N12154350WA0045200000000000026152012
B2126113730250N12154340WA0045300000000000027139012
B2126123730250N12154340WA0045400000000000028125011
B2126133730250N12154330WA0045400000000000032116011
B2126143730250N12154320WA0045500000000000033103013
B2126153730250N12154320WA0045500000000000033089006
B2126163730250N12154310WA0045600000000000033080357
B2126173730260N12154310WA0045700000000000031062353
B2126183730260N12154300WA0045700000000000027041358
B2126193730260N12154300WA0045700000000000025025357
B2126203730270N12154300WA0045600000000000022014357
B2126213730270N12154300WA0045600000000000022002356
B2126223730280N12154310WA0045500000000000025346358
B2126233730280N12154310WA0045500000000000027333000
B2126243730280N12154310WA0045500000000000027324000
B2126253730280N12154320WA0045400000000000025310000
B2126263730290N12154320WA0045300000000000023301003
B2126273730290N12154330WA0045100000000000024287002
B2126283730280N12154330WA0045000000000000027271005
B2126293730280N12154340WA0044900000000000029265006
B2126303730280N12154340WA0044900000000000028264007
B2126313730280N12154350WA0044800000000000028267008
B2126323730280N12154350WA0044700000000000029273008
B2126333730290N12154360WA0044600000000000033276008
B2126343730280N12154370WA0044700000000000035271009
B2126353730280N12154370WA0044800000000000035262009
B2126363730280N12154380WA0044800000000000034253009
B2126373730280N12154380WA0044600000000000031251010
B2126383730280N12154390WA0044300000000000031251010
B2126393730280N12154400WA0044000000000000031255010
B2126403730280N12154400WA0043900000000000034248010
B2126413730270N12154410WA0044000000000000034248010
B2126423730270N12154410WA0044000000000000031245010
B2126433730270N12154420WA0043900000000000027244010
B2126443730270N12154420WA0043700000000000028245010
B2126453730270N12154430WA0043400000000000030244010
B2126463730260N12154430WA0043400000000000035241011
B2126473730260N12154440WA0043300000000000035238011
B2126483730260N12154440WA0043300000000000032237011
B2126493730250N12154450WA0043200000000000028234011
B2126503730250N12154450WA0043000000000000027229011
B2126513730250N12154460WA0042800000000000030225011
B2126523730240N12154460WA0042600000000000033223011
B2126533730240N12154470WA0042500000000000032223011
B2126543730240N12154470WA0042300000000000030226011
B2126553730240N12154470WA0042100000000000028228011
B2126563730230N12154480WA0041900000000000028225011
B2126573730230N12154480WA0041800000000000029219011
B2126583730220N12154480WA0041500000000000029217011
B2126593730220N12154490WA0041300000000000030218011
B2127003730220N12154490WA0041100000000000030224011
B2127013730210N12154500WA0040800000000000032227011
B2127023730210N12154500WA0040600000000000034228011
B2127033730210N12154510WA0040400000000000033228011
B2127043730200N12154510WA0040400000000000034226011
B2127053730200N12154520WA0040300000000000034226011
B2127063730200N12154520WA0040500000000000033223011
B2127073730190N12154520WA0040600000000000030220011
B2127083730190N12154530WA0040600000000000028213011
B2127093730180N12154530WA0040600000000000029207011
B2127103730180N12154530WA0040500000000000035208011
B2127113730170N12154540WA0040600000000000039212011
B2127123730170N12154540WA0040900000000000042217011
B2127133730170N12154540WA0041200000000000039212011
B2127143730160N12154550WA0041600000000000033211011
B2127153730160N12154550WA0041700000000000032216011
B2127163730150N12154550WA0041700000000000033213011
B2127173730150N12154560WA0041700000000000032216011
B2127183730150N12154570WA0041800000000000034219011
B2127193730150N12154570WA0041900000000000035233011
B2127203730140N12154580WA0042100000000000033243011
B2127213730140N12154580WA0042300000000000028244011
B2127223730140N12154590WA0042300000000000025241011
B2127233730140N12154590WA0042100000000000026239011
B2127243730140N12154590WA0041800000000000026240011
B2127253730140N12154600WA0041400000000000023243011
B2127263730140N12154600WA0041100000000000024246011
B2127273730130N12154610WA0041100000000000029241011
B2127283730130N12154610WA0041200000000000032234011
B2127293730130N12154620WA0041100000000000030230011
B2127303730120N12154620WA0041000000000000031231011
B2127313730120N12154630WA0040900000000000032231011
B2127323730120N12154630WA0040800000000000035228011
B2127333730110N12154640WA0040700000000000035224011
B2127343730110N12154640WA0040600000000000034218011
B2127353730110N12154650WA0040500000000000034217011
B2127363730100N12154650WA0040300000000000034220011
B2127373730100N12154660WA0040100000000000034224011
B2127383730100N12154660WA0040000000000000034224011
B2127393730090N12154660WA0040000000000000035220011
B2127403730090N12154670WA0039900000000000036221011
B2127413730080N12154670WA0039800000000000035226011
B2127423730080N12154680WA0039800000000000034236011
B2127433730080N12154680WA0039800000000000032242011
B2127443730080N12154690WA0039700000000000030238011
B2127453730070N12154690WA0039500000000000030238011
B2127463730070N12154700WA0039400000000000029241011
B2127473730070N12154700WA0039300000000000029241011
B2127483730070N12154710WA0039100000000000029241011
B2127493730070N12154710WA0038900000000000029241011
B2127503730070N12154720WA0038700000000000029241011
B2127513730070N12154720WA0038700000000000029241011
B2127523730070N12154730WA0038700000000000029241011
B2127533730070N12154730WA0038600000000000029241011
B2127543730070N12154740WA0038500000000000029241011
B2127553730070N12154740WA0038300000000000029241011
B2127563730070N12154750WA0038000000000000025264011
B2127573730070N12154750WA0037800000000000032258011
B2127583730070N12154760WA0037800000000000032258011
B2127593730060N12154760WA0037700000000000032258011
B2128003730060N12154760WA0037500000000000032258011
B2128013730060N12154770WA0037200000000000032258011
B2128023730060N12154770WA0037000000000000032258011
B2128033730050N12154780WA0036800000000000036241011
B2128043730050N12154790WA0037000000000000037244011
B2128053730050N12154800WA0037200000000000037244011
B2128063730050N12154800WA0037400000000000037244011
B2128073730050N12154810WA0037400000000000037244011
B2128083730050N12154820WA0037300000000000037257011
B2128093730040N12154820WA0037200000000000037257011
B2128103730040N12154830WA0037300000000000037257011
B2128113730040N12154840WA0037400000000000037257011
B2128123730040N12154840WA0037500000000000037257011
B2128133730040N12154850WA0037500000000000037257011
B2128143730040N12154850WA0037400000000000030268011
B2128153730040N12154860WA0037400000000000030268011
B2128163730040N12154870WA0037400000000000032262011
B2128173730040N12154870WA0037400000000000032262011
B2128183730040N12154880WA0037400000000000029265011
B2128193730040N12154880WA0037400000000000029263011
B2128203730040N12154890WA0037300000000000028260011
B2128213730030N12154890WA0037300000000000028260011
B2128223730030N12154900WA0037000000000000024251011
B2128233730030N12154900WA0036600000000000025247011
B2128243730030N12154900WA0036200000000000025247011
B2128253730030N12154910WA0035800000000000025247011
B2128263730030N12154920WA0035600000000000025247011
B2128273730020N12154920WA0035500000000000025247011
B2128283730020N12154930WA0035200000000000025247011
B2128293730020N12154930WA0035000000000000025247011
B2128303730020N12154940WA0034800000000000025247011
B2128313730010N12154940WA0034600000000000034234011
B2128323730010N12154950WA0034600000000000033233011
B2128333730010N12154950WA0034500000000000032236011
B2128343730000N12154960WA0034400000000000032237011
B2128353730000N12154970WA0034300000000000033239011
B2128363730000N12154970WA0034200000000000034238011
B2128373730000N12154980WA0034200000000000034238011
B2128383729990N12154980WA0034000000000000033232011
B2128393729990N12154980WA0033900000000000033232011
B2128403729990N12154990WA0033700000000000028229011
B2128413729990N12154990WA0033500000000000028229011
B2128423729980N12155000WA0033200000000000028229011
B2128433729980N12155000WA0032900000000000028229011
B2128443729980N12155010WA0032800000000000033255011
B2128453729980N12155020WA0032700000000000033255011
B2128463729980N12155020WA0032500000000000033255011
B2128473729990N12155020WA0032200000000000033255011
B2128483729990N12155020WA0031900000000000020319010
B2128493729990N12155020WA0031600000000000020319009
B2128503730000N12155030WA0031300000000000020319012
B2128513730000N12155030WA0031200000000000020319016
B2128523730000N12155020WA0030900000000000020319031
B2128533730010N12155020WA0030800000000000020319019
B2128543730010N12155020WA0030800000000000020319027
B2128553730010N12155010WA0030700000000000020319027
B2128563730020N12155010WA0030600000000000020319031
B2128573730020N12155010WA0030500000000000020319028
B2128583730020N12155000WA0030400000000000020319019
B2128593730020N12155000WA0030400000000000028055024
B2129003730020N12154990WA0030200000000000028055030
B2129013730030N12154990WA0030100000000000028055031
B2129023730030N12154980WA0029900000000000028055024
B2129033730030N12154980WA0029700000000000029071023
B2129043730030N12154970WA0029400000000000029069030
B2129053730030N12154970WA0029200000000000029067024
B2129063730030N12154960WA0029000000000000031068028
B2129073730040N12154950WA0028900000000000032069025
B2129083730040N12154950WA0028800000000000030071022
B2129093730040N12154940WA0028500000000000030071021
B2129103730040N12154940WA0028200000000000030071018
B2129113730040N12154930WA0027700000000000030071017
B2129123730040N12154930WA0027500000000000030071016
B2129133730040N12154920WA0027200000000000030071018
B2129143730040N12154910WA0027000000000000030071023
B2129153730050N12154910WA0026700000000000030071021
B2129163730050N12154900WA0026400000000000028070021
B2129173730050N12154900WA0026000000000000029073017
B2129183730050N12154890WA0025700000000000031070017
B2129193730050N12154890WA0025400000000000032069016
B2129203730050N12154880WA0025200000000000033068015
B2129213730060N12154880WA0024900000000000032067015
B2129223730060N12154870WA0024600000000000029065013
B2129233730060N12154870WA0024300000000000027063013
B2129243730060N12154860WA0024000000000000027064013
B2129253730060N12154860WA0023500000000000029065012
B2129263730060N12154850WA0023200000000000032065012
B2129273730070N12154840WA0022900000000000032062014
B2129283730070N12154840WA0022500000000000032061015
B2129293730070N12154830WA0022200000000000032063014
B2129303730070N12154830WA0021900000000000032066013
B2129313730080N12154820WA0021800000000000031064013
B2129323730080N12154820WA0021800000000000030062012
B2129333730080N12154810WA0021700000000000027061012
B2129343730080N12154810WA0021400000000000023065012
B2129353730080N12154810WA0021100000000000023068012
B2129363730080N12154800WA0020800000000000027066017
B2129373730090N12154800WA0020600000000000032058015
B2129383730090N12154790WA0020400000000000032053021
B2129393730090N12154790WA0020200000000000028049018
B2129403730090N12154780WA0020000000000000028049021
B2129413730100N12154780WA0019700000000000026050018
B2129423730100N12154780WA0019500000000000029045019
B2129433730100N12154770WA0019300000000000032043026
B2129443730110N12154770WA0019100000000000032043029
B2129453730110N12154760WA0018900000000000028062025
B2129463730110N12154760WA0018600000000000029071019
B2129473730110N12154750WA0018300000000000030064023
B2129483730110N12154750WA0018200000000000030064027
B2129493730120N12154740WA0018000000000000032052024
B2129503730120N12154740WA0017900000000000032053023
B2129513730120N12154730WA0017800000000000032053019
B2129523730120N12154730WA0017600000000000029058016
B2129533730130N12154720WA0017500000000000031058021
B2129543730130N12154720WA0017400000000000032058018
B2129553730130N12154710WA0017200000000000030059016
B2129563730130N12154710WA0016900000000000028062015
B2129573730130N12154700WA0016500000000000027063018
B2129583730140N12154700WA0016100000000000029064017
B2129593730140N12154690WA0015800000000000032060016
B2130003730140N12154690WA0015500000000000032059016
B2130013730140N12154680WA0015300000000000031061014
B2130023730150N12154680WA0015000000000000030066017
B2130033730150N12154670WA0014600000000000030066018
B2130043730150N12154670WA0014200000000000032064017
B2130053730150N12154660WA0013900000000000033057017
B2130063730160N12154660WA0013700000000000033054017
B2130073730160N12154650WA0013300000000000031060015
B2130083730160N12154650WA0013000000000000031067014
B2130093730160N12154640WA0012600000000000034068013
B2130103730160N12154630WA0012200000000000036063012
B2130113730170N12154630WA0011900000000000036061013
B2130123730170N12154620WA0011700000000000035062012
B2130133730170N12154620WA0011400000000000034063012
B2130143730170N12154610WA0011000000000000034061012
B2130153730180N12154610WA0010700000000000034057012
B2130163730180N12154600WA0010400000000000035053012
B2130173730180N12154590WA0010000000000000035051012
B2130183730190N12154590WA0009600000000000036053011
B2130193730190N12154580WA0009400000000000037051011
B2130203730190N12154580WA0009100000000000038048015
B2130213730200N12154570WA0008800000000000037046019
B2130223730200N12154570WA0008500000000000036048017
B2130233730200N12154560WA0008300000000000035054017
B2130243730210N12154560WA0008000000000000037059016
B2130253730210N12154550WA0007700000000000039060022
B2130263730210N12154540WA0007600000000000039059019
B2130273730220N12154540WA0007400000000000036056019
B2130283730220N12154530WA0007200000000000033057020
B2130293730220N12154530WA0007000000000000032064017
B2130303730220N12154520WA0006700000000000034071017
B2130313730220N12154510WA0006500000000000037073016
B2130323730230N12154510WA0006400000000000038071015
B2130333730230N12154500WA0006200000000000038070015
B2130343730230N12154490WA0006100000000000035074013
B2130353730230N12154490WA0005800000000000033081012
B2130363730230N12154480WA0005500000000000033081016
B2130373730230N12154480WA0005300000000000035076018
B2130383730230N12154470WA0005200000000000037070020
B2130393730240N12154460WA0005200000000000035068023
B2130403730240N12154460WA0005200000000000033066026
B2130413730240N12154450WA0005000000000000027063031
B2130423730240N12154450WA0004700000000000026062026
B2130433730240N12154450WA0004400000000000029062028
B2130443730250N12154440WA0004200000000000031060025
B2130453730250N12154440WA0004100000000000028056023
B2130463730250N12154430WA0003800000000000024051022
B2130473730250N12154430WA0003500000000000022047031
B2130483730260N12154430WA0003200000000000024044030
B2130493730260N12154420WA0003000000000000029044029
B2130503730260N12154420WA0002900000000000030044041
B2130513730270N12154420WA0002900000000000031043031
B2130523730270N12154410WA0002800000000000026041026
B2130533730270N12154410WA0002600000000000023047041
B2130543730270N12154410WA0002500000000000028051034
B2130553730280N12154400WA0002500000000000033050034
B2130563730280N12154400WA0002600000000000032051027
B2130573730280N12154390WA0002700000000000030049022
B2130583730290N12154390WA0002800000000000028048021
B2130593730290N12154380WA0002700000000000027052019
B2131003730290N12154380WA0002700000000000029053017
B2131013730290N12154370WA0002900000000000031054016
B2131023730300N12154370WA0003000000000000032055022
B2131033730300N12154370WA0003200000000000031056018
B2131043730300N12154360WA0003200000000000029058018
B2131053730300N12154360WA0003300000000000029054028
B2131063730310N12154350WA0003400000000000029049033
B2131073730310N12154350WA0003600000000000031048042
B2131083730310N12154340WA0003900000000000033054039
B2131093730310N12154340WA0004200000000000033059036
B2131103730310N12154330WA0004400000000000033068035
B2131113730310N12154320WA0004600000000000034078035
B2131123730310N12154320WA0004800000000000035090035
B2131133730310N12154310WA0005000000000000037102036
B2131143730310N12154310WA0005200000000000036109033
B2131153730300N12154300WA0005400000000000037125350
B2131163730290N12154300WA0005700000000000037142356
B2131173730290N12154300WA0006000000000000035158000
B2131183730280N12154300WA0006400000000000036189003
B2131193730280N12154310WA0006700000000000035197005
B2131203730270N12154310WA0006900000000000031215007
B2131213730270N12154320WA0007100000000000027229008
B2131223730270N12154320WA0007300000000000025244009
B2131233730270N12154330WA0007500000000000024257010
B2131243730270N12154330WA0007700000000000023269010
B2131253730270N12154330WA0007700000000000023292009
B2131263730280N12154340WA0007700000000000023320016
B2131273730280N12154340WA0007800000000000021332025
B2131283730280N12154330WA0007900000000000019349029
B2131293730290N12154330WA0008100000000000021014027
B2131303730290N12154330WA0008300000000000021033024
B2131313730290N12154320WA0008700000000000021037018
B2131323730290N12154320WA0009000000000000022048018
B2131333730290N12154310WA0009200000000000024069005
B2131343730300N12154310WA0009400000000000025061013
B2131353730300N12154310WA0009600000000000025046355
B2131363730300N12154300WA0009900000000000025035353
B2131373730310N12154300WA0010200000000000023031350
B2131383730310N12154300WA0010400000000000021017345
B2131393730310N12154300WA0010600000000000020002355
B2131403730320N12154300WA0010600000000000021350354
B2131413730320N12154300WA0010500000000000027338355
B2131423730320N12154310WA0010500000000000031335359
B2131433730330N12154310WA0010600000000000031332002
B2131443730330N12154310WA0010800000000000031332004
B2131453730340N12154310WA0010900000000000027335005
B2131463730340N12154320WA0011100000000000026336005
B2131473730340N12154320WA0011200000000000028333006
B2131483730350N12154320WA0011300000000000029330008
B2131493730350N12154320WA0011400000000000030324008
B2131503730350N12154330WA0011700000000000029322009
B2131513730360N12154330WA0011900000000000026320004
B2131523730360N12154330WA0012100000000000022313005
B2131533730360N12154340WA0012100000000000019312005
B2131543730360N12154340WA0012100000000000019310006
B2131553730360N12154340WA0012100000000000024308006
B2131563730370N12154350WA0012300000000000029310008
B2131573730370N12154350WA0012400000000000027311008
B2131583730370N12154350WA0012400000000000021307009
B2131593730370N12154360WA0012500000000000020309008
B2132003730380N12154360WA0012500000000000022311009
B2132013730380N12154360WA0012400000000000025311009
B2132023730380N12154370WA0012400000000000025311010
B2132033730380N12154370WA0012300000000000022312010
B2132043730380N12154370WA0012100000000000021313009
B2132053730390N12154370WA0011800000000000022318010
B2132063730390N12154380WA0011500000000000024330021
B2132073730390N12154370WA0011300000000000023337026
B2132083730400N12154370WA0011000000000000022003032
B2132093730400N12154360WA0010700000000000032046033
B2132103730400N12154360WA0010500000000000035061035
B2132113730400N12154350WA0010300000000000035092036
B2132123730400N12154340WA0010100000000000040109351
B2132133730390N12154340WA0009800000000000038120358
B2132143730390N12154340WA0009500000000000032129003
B2132153730380N12154340WA0009300000000000023173007
B2132163730380N12154350WA0008900000000000022225009
B2132173730380N12154350WA0008400000000000019283016
B2132183730390N12154350WA0008000000000000020294027
B2132193730390N12154350WA0007700000000000020294033
B2132203730390N12154340WA0007300000000000020294037
B2132213730390N12154340WA0006900000000000020294351
B2132223730380N12154330WA0006600000000000020294001
B2132233730380N12154330WA0006100000000000020294008
B2132243730380N12154330WA0005600000000000013161018
B2132253730380N12154330WA0005100000000000013161029
B2132263730380N12154320WA0004600000000000013161036
B2132273730380N12154310WA0003900000000000013161351
B2132283730380N12154310WA0003300000000000013161002
B2132293730380N12154310WA0002700000000000030081010
B2132303730380N12154300WA0002300000000000030081024
B2132313730380N12154300WA0001900000000000030081033
B2132323730380N12154300WA0001500000000000030081037
B2132333730370N12154300WA0001000000000000030081355
B2132343730370N12154310WA0000400000000000030081005
B2132353730370N12154310WA0000000000000000030081014
B2132363730370N12154310WA-000700000000000009126028
B2132373730360N12154310WA-001200000000000009126035
B2132383730360N12154310WA-001500000000000009126345
B2132393730360N12154310WA-001800000000000009126356
B2132403730360N12154310WA-002000000000000012147004
B2132413730360N12154310WA-002200000000000012209008
B2132423730360N12154310WA-002300000000000012209017
B2132433730360N12154310WA-002300000000000012209024
B2132443730360N12154310WA-002300000000000012209021
B2132453730370N12154310WA-002300000000000012209013
B2132463730370N12154300WA-002500000000000012209016
B2132473730370N12154300WA-002800000000000012209021
B2132483730380N12154290WA-003000000000000012209035
B2132493730380N12154290WA-003000000000000012209046
B2132503730380N12154290WA-003100000000000012209050
B2132513730380N12154280WA-003200000000000012209045
B2132523730380N12154270WA-003400000000000012209043
B2132533730380N12154270WA-003500000000000012209037
B2132543730380N12154260WA-003600000000000012209035
B2132553730370N12154250WA-003600000000000012209032
B2132563730370N12154250WA-003700000000000012209351
B2132573730360N12154250WA-003900000000000037141356
B2132583730360N12154240WA-004000000000000037141002
B2132593730350N12154240WA-004300000000000037141006
B2133003730350N12154250WA-004600000000000037141009
B2133013730350N12154250WA-005000000000000023221013
B2133023730350N12154250WA-005300000000000023221024
B2133033730350N12154250WA-005700000000000012281031
B2133043730350N12154250WA-006100000000000012281035
B2133053730350N12154240WA-006500000000000012281357
B2133063730350N12154230WA-007000000000000052127005
B2133073730340N12154230WA-007600000000000052127011
B2133083730340N12154230WA-008200000000000052127025
B2133093730340N12154220WA-008800000000000024146034
B2133103730340N12154220WA-009300000000000025124348
B2133113730340N12154220WA-009800000000000025124000
B2133123730340N12154220WA-010500000000000025124009
B2133133730340N12154220WA-011300000000000025124024
B2133143730340N12154220WA-011900000000000025124034
B2133153730340N12154220WA-012500000000000013111346
B2133163730340N12154220WA-013000000000000013111359
B2133173730350N12154210WA-013500000000000011078008
B2133183730350N12154210WA-013900000000000011078021
B2133193730340N12154210WA-014200000000000010053031
B2133203730340N12154210WA-014500000000000007079038
B2133213730350N12154220WA-014800000000000006103354
B2133223730350N12154220WA-015100000000000006118002
B2133233730350N12154220WA-015300000000000010325008
B2133243730350N12154220WA-015300000000000010325017
B2133253730350N12154220WA-015200000000000021331023
B2133263730350N12154220WA-015000000000000025357022
B2133273730360N12154220WA-014700000000000023022011
B2133283730360N12154210WA-014600000000000023059014
B2133293730360N12154210WA-014700000000000021055020
B2133303730370N12154210WA-014900000000000025041036
B2133313730370N12154200WA-015000000000000029039040
B2133323730370N12154190WA-014800000000000029039045
B2133333730370N12154190WA-014600000000000039062035
B2133343730380N12154180WA-014400000000000037068030
B2133353730380N12154170WA-014300000000000036076026
B2133363730380N12154170WA-014300000000000033086023
B2133373730370N12154160WA-014300000000000034094024
B2133383730370N12154150WA-014300000000000037102025
B2133393730370N12154150WA-014300000000000039111023
B2133403730370N12154140WA-014200000000000042119359
B2133413730360N12154140WA-014200000000000042119002
B2133423730350N12154140WA-014100000000000030153004
B2133433730350N12154140WA-013900000000000032186005
B2133443730340N12154140WA-013800000000000031193006
B2133453730340N12154140WA-013700000000000029201007
B2133463730340N12154140WA-013700000000000029199007
B2133473730330N12154140WA-013700000000000031194008
B2133483730330N12154150WA-013600000000000033190009
B2133493730320N12154150WA-013500000000000032190009
B2133503730320N12154150WA-013500000000000032196010
B2133513730310N12154150WA-013400000000000033208010
B2133523730310N12154160WA-013400000000000033222010
B2133533730310N12154160WA-013400000000000030243009
B2133543730310N12154170WA-013400000000000028280013
B2133553730310N12154170WA-013200000000000026290022
B2133563730320N12154170WA-013100000000000021302025
B2133573730320N12154170WA-012900000000000018333023
B2133583730320N12154170WA-012700000000000018007019
B2133593730330N12154160WA-012600000000000018038017
B2134003730330N12154160WA-012700000000000021055017
B2134013730330N12154150WA-012700000000000024060016
B2134023730330N12154150WA-012700000000000030057012
B2134033730340N12154140WA-012600000000000034052022
B2134043730340N12154140WA-012400000000000034049008
B2134053730340N12154130WA-012300000000000029048013
B2134063730350N12154130WA-012200000000000025044006
B2134073730350N12154130WA-012200000000000025038008
B2134083730350N12154120WA-012200000000000027033357
B2134093730360N12154120WA-012200000000000028031000
B2134103730360N12154120WA-012100000000000025030359
B2134113730360N12154120WA-012100000000000022027014
B2134123730370N12154110WA-012100000000000019024018
B2134133730370N12154110WA-012200000000000019024032
B2134143730370N12154110WA-012300000000000021034039
B2134153730370N12154110WA-012400000000000023044040
B2134163730370N12154100WA-012400000000000025054022
B2134173730380N12154100WA-012500000000000025062000
B2134183730380N12154090WA-012600000000000025062333
B2134193730380N12154090WA-012800000000000019045323
B2134203730380N12154090WA-012900000000000017026325
B2134213730390N12154100WA-013100000000000019326328
B2134223730390N12154100WA-013000000000000023312331
B2134233730390N12154110WA-012900000000000022309338
B2134243730380N12154110WA-012800000000000020251341
B2134253730380N12154120WA-012800000000000024232342
B2134263730380N12154120WA-012800000000000027220034
B2134273730370N12154120WA-012900000000000031211026
B2134283730370N12154120WA-012900000000000035203019
B2134293730360N12154120WA-013000000000000034189014
B2134303730360N12154120WA-013100000000000038161012
B2134313730350N12154110WA-013300000000000038153359
B2134323730350N12154110WA-013400000000000031143351
B2134333730360N12154110WA-013500000000000016111349
B2134343730360N12154110WA-013600000000000006024348
B2134353730360N12154110WA-013600000000000018309349
B2134363730360N12154120WA-013500000000000018309030
B2134373730360N12154120WA-013500000000000024230025
B2134383730350N12154120WA-013400000000000027215020
B2134393730350N12154120WA-013400000000000028197017
B2134403730340N12154120WA-013400000000000029181014
B2134413730340N12154120WA-013400000000000034149012
B2134423730340N12154110WA-013500000000000035142011
B2134433730340N12154100WA-013600000000000028113000
B2134443730340N12154100WA-013700000000000028077356
B2134453730350N12154100WA-013700000000000026040354
B2134463730350N12154100WA-013600000000000026040355
B2134473730350N12154100WA-013600000000000021345003
B2134483730360N12154100WA-013600000000000021332005
B2134493730360N12154110WA-013600000000000020321006
B2134503730360N12154110WA-013600000000000020331006
B2134513730370N12154110WA-013700000000000022335006
B2134523730370N12154110WA-013600000000000023327007
B2134533730370N12154120WA-013700000000000024316008
B2134543730370N12154120WA-013700000000000023308008
B2134553730380N12154120WA-013700000000000020310008
B2134563730380N12154120WA-013800000000000020310009
B2134573730380N12154130WA-013900000000000020313009
B2134583730380N12154130WA-014000000000000021308009
B2134593730380N12154130WA-014100000000000021308010
B2135003730390N12154140WA-014200000000000024302010
B2135013730390N12154140WA-014300000000000025303010
B2135023730390N12154150WA-014300000000000025303010
B2135033730390N12154150WA-014400000000000022302010
B2135043730390N12154150WA-014500000000000022302010
B2135053730400N12154160WA-014500000000000022306010
B2135063730400N12154160WA-014500000000000022303010
B2135073730400N12154160WA-014500000000000023293010
B2135083730400N12154170WA-014500000000000023293011
B2135093730400N12154170WA-014600000000000023293011
B2135103730400N12154180WA-014600000000000023276011
B2135113730400N12154180WA-014800000000000023276009
B2135123730400N12154180WA-014900000000000022304014
B2135133730410N12154180WA-015000000000000021320025
B2135143730410N12154180WA-015200000000000018344031
B2135153730410N12154180WA-015400000000000022035037
B2135163730410N12154170WA-015600000000000022035039
B2135173730410N12154160WA-015700000000000028101346
B2135183730400N12154160WA-015800000000000034120354
B2135193730400N12154160WA-015900000000000027150001
B2135203730400N12154170WA-016000000000000027150005
B2135213730390N12154170WA-016000000000000026224008
B2135223730390N12154170WA-016100000000000019267008
B2135233730400N12154180WA-016200000000000018286013
B2135243730400N12154180WA-016400000000000017304024
B2135253730400N12154180WA-016600000000000014337032
B2135263730400N12154170WA-016800000000000016014039
B2135273730410N12154170WA-017100000000000016014043
B2135283730410N12154160WA-017200000000000031067044
B2135293730400N12154150WA-017300000000000033098338
B2135303730400N12154150WA-017400000000000039119349
B2135313730390N12154150WA-017400000000000030138357
B2135323730390N12154150WA-017600000000000021147002
B2135333730390N12154160WA-017700000000000021216007
B2135343730390N12154160WA-017800000000000018243008
B2135353730390N12154160WA-018000000000000021301011
B2135363730390N12154170WA-018200000000000023308015
B2135373730400N12154170WA-018500000000000021321026
B2135383730400N12154170WA-018600000000000018343038
B2135393730400N12154160WA-018800000000000023015039
B2135403730400N12154160WA-019000000000000031053043
B2135413730410N12154150WA-019100000000000031061044
B2135423730400N12154140WA-019100000000000031076044
B2135433730400N12154140WA-019100000000000033111347
B2135443730390N12154130WA-019300000000000032121355
B2135453730390N12154130WA-019400000000000029134002
B2135463730390N12154140WA-019500000000000019165006
B2135473730380N12154140WA-019500000000000019200008
B2135483730390N12154150WA-019700000000000012233006
B2135493730390N12154150WA-019900000000000016314005
B2135503730390N12154150WA-020200000000000020330001
B2135513730390N12154150WA-020400000000000023339006
B2135523730400N12154150WA-020500000000000023339006
B2135533730400N12154160WA-020600000000000023339016
B2135543730410N12154160WA-020600000000000027002024
B2135553730410N12154150WA-020500000000000025008025
B2135563730410N12154150WA-020500000000000022020027
B2135573730420N12154150WA-020500000000000024029020
B2135583730420N12154150WA-020600000000000024029005
B2135593730420N12154140WA-020700000000000028040343
B2136003730430N12154140WA-020900000000000028035320
B2136013730430N12154140WA-021100000000000026028316
B2136023730430N12154140WA-021300000000000025011308
B2136033730440N12154150WA-021500000000000021340307
B2136043730440N12154150WA-021600000000000022313058
B2136053730430N12154160WA-021600000000000014288044
B2136063730430N12154160WA-021600000000000022224038
B2136073730420N12154160WA-021600000000000026194031
B2136083730420N12154160WA-021600000000000029183029
B2136093730410N12154160WA-021600000000000029171028
B2136103730400N12154160WA-021700000000000033158356
B2136113730400N12154160WA-021900000000000038159001
B2136123730390N12154160WA-022100000000000035167005
B2136133730390N12154160WA-022400000000000034177008
B2136143730390N12154170WA-022700000000000028208009
B2136153730390N12154170WA-022900000000000017239017
B2136163730390N12154180WA-023000000000000021274021
B2136173730400N12154170WA-023200000000000015291014
B2136183730400N12154170WA-023100000000000015291350
B2136193730400N12154170WA-023100000000000018025343
B2136203730410N12154170WA-023400000000000018017341
B2136213730410N12154180WA-023700000000000021348349
B2136223730410N12154180WA-023800000000000024323003
B2136233730410N12154190WA-023600000000000024309008
B2136243730420N12154190WA-023600000000000022312009
B2136253730420N12154190WA-023800000000000023325358
B2136263730420N12154190WA-023900000000000025340340
B2136273730430N12154190WA-023900000000000026347330
B2136283730430N12154200WA-024100000000000027337329
B2136293730430N12154200WA-024500000000000021331047
B2136303730430N12154210WA-024800000000000019304035
B2136313730430N12154210WA-024700000000000018236027
B2136323730420N12154210WA-024600000000000016213023
B2136333730420N12154210WA-024500000000000017190023
B2136343730410N12154200WA-024500000000000022159022
B2136353730410N12154200WA-024600000000000027146021
B2136363730400N12154200WA-024800000000000028149002
B2136373730390N12154190WA-024800000000000035156005
B2136383730390N12154200WA-024800000000000035169007
B2136393730380N12154200WA-024900000000000035198009
B2136403730380N12154200WA-025100000000000033224010
B2136413730380N12154210WA-025300000000000026257012
B2136423730380N12154210WA-025400000000000027272023
B2136433730380N12154210WA-025500000000000027272028
B2136443730390N12154210WA-025700000000000009309031
B2136453730390N12154200WA-025900000000000015058033
B2136463730380N12154190WA-026000000000000025111354
B2136473730380N12154190WA-026100000000000025111001
B2136483730370N12154190WA-026200000000000024147006
B2136493730370N12154190WA-026400000000000023185009
B2136503730370N12154200WA-026500000000000023185014
B2136513730370N12154200WA-026600000000000015249024
B2136523730380N12154200WA-026700000000000013315030
B2136533730380N12154190WA-026800000000000013315034
B2136543730380N12154190WA-026800000000000025067035
B2136553730380N12154180WA-027000000000000027106351
B2136563730370N12154170WA-027200000000000035125357
B2136573730370N12154170WA-027400000000000028136002
B2136583730370N12154180WA-027500000000000019158005
B2136593730360N12154180WA-027600000000000022219008
B2137003730360N12154190WA-027700000000000022219009
B2137013730370N12154190WA-027700000000000022219014
B2137023730370N12154190WA-027800000000000022219025
B2137033730370N12154190WA-027800000000000021328030
B2137043730380N12154190WA-027900000000000021328033
B2137053730380N12154180WA-028000000000000021328036
B2137063730370N12154170WA-028100000000000021328033
B2137073730370N12154170WA-028300000000000021328355
B2137083730360N12154170WA-028500000000000021328359
B2137093730360N12154170WA-028500000000000021328004
B2137103730360N12154180WA-028400000000000025204007
B2137113730350N12154180WA-028400000000000025204009
B2137123730360N12154180WA-028400000000000025204008
B2137133730360N12154190WA-028500000000000025204015
B2137143730360N12154190WA-028600000000000025204025
B2137153730370N12154180WA-028600000000000025204032
B2137163730370N12154180WA-028700000000000025204035
B2137173730370N12154170WA-028800000000000025204035
B2137183730370N12154160WA-028900000000000025204035
B2137193730360N12154160WA-028900000000000025204352
B2137203730360N12154160WA-028800000000000025204357
B2137213730350N12154160WA-028900000000000025204001
B2137223730350N12154160WA-028900000000000025204004
B2137233730350N12154170WA-029000000000000025204007
B2137243730350N12154170WA-029100000000000025204009
B2137253730350N12154180WA-029200000000000025204016
B2137263730350N12154180WA-029300000000000025204025
B2137273730350N12154180WA-029400000000000025204025
B2137283730360N12154180WA-029200000000000020319027
B2137293730360N12154180WA-029000000000000020319023
B2137303730360N12154170WA-028900000000000016039020
B2137313730360N12154160WA-029000000000000016039016
B2137323730360N12154160WA-029100000000000016039016
B2137333730370N12154150WA-029200000000000016039015
B2137343730370N12154140WA-029000000000000016039015
B2137353730370N12154130WA-028900000000000037079015
B2137363730370N12154120WA-028800000000000034084013
B2137373730370N12154120WA-028600000000000030086012
B2137383730370N12154110WA-028600000000000030086013
B2137393730370N12154110WA-028500000000000030086010
B2137403730370N12154100WA-028500000000000028060354
B2137413730380N12154100WA-028500000000000028044348
B2137423730380N12154100WA-028600000000000027035343
B2137433730390N12154100WA-028600000000000027035341
B2137443730390N12154100WA-028600000000000026349341
B2137453730390N12154110WA-028500000000000022332038
B2137463730390N12154110WA-028500000000000022332032
B2137473730380N12154120WA-028400000000000022332027
B2137483730380N12154120WA-028300000000000024204024
B2137493730370N12154120WA-028200000000000027183023
B2137503730370N12154120WA-028100000000000027183000
B2137513730360N12154120WA-028100000000000033165005
B2137523730360N12154120WA-028100000000000033165006
B2137533730350N12154120WA-028000000000000031182007
B2137543730350N12154120WA-028000000000000031182007
B2137553730350N12154120WA-027900000000000031182008
B2137563730340N12154130WA-027800000000000031182008
B2137573730340N12154130WA-027800000000000025219009
B2137583730340N12154140WA-027800000000000025219010
B2137593730340N12154140WA-027800000000000025243010
B2138003730340N12154140WA-027700000000000025262010
B2138013730340N12154150WA-027700000000000025262009
B2138023730340N12154150WA-027700000000000025262013
B2138033730350N12154150WA-027800000000000025262015
B2138043730350N12154150WA-027800000000000025262024
B2138053730360N12154140WA-027700000000000025262029
B2138063730360N12154140WA-027700000000000028037028
B2138073730360N12154130WA-027600000000000028037020
B2138083730370N12154130WA-027500000000000028037014
B2138093730370N12154120WA-027500000000000028054003
B2138103730370N12154120WA-027500000000000028054350
B2138113730380N12154120WA-027400000000000028054354
B2138123730380N12154120WA-027300000000000028017353
B2138133730380N12154120WA-027200000000000024009354
B2138143730390N12154120WA-027200000000000025007352
B2138153730390N12154110WA-027200000000000028008346
B2138163730400N12154110WA-027100000000000028008348
B2138173730400N12154110WA-027000000000000031001354
B2138183730410N12154110WA-026800000000000031001002
B2138193730410N12154110WA-026700000000000026001359
B2138203730410N12154110WA-026700000000000026008354
B2138213730420N12154110WA-026600000000000028013350
B2138223730420N12154110WA-026600000000000029009350
B2138233730430N12154110WA-026500000000000029009352
B2138243730430N12154110WA-026500000000000026004356
B2138253730430N12154110WA-026500000000000027003348
B2138263730440N12154110WA-026500000000000027003337
B2138273730440N12154110WA-026400000000000031353331
B2138283730450N12154110WA-026300000000000031353328
B2138293730450N12154120WA-026400000000000027337333
B2138303730450N12154120WA-026500000000000025323336
B2138313730450N12154130WA-026500000000000024298338
B2138323730450N12154130WA-026400000000000024298338
B2138333730450N12154140WA-026200000000000024298035
B2138343730440N12154140WA-026100000000000024298032
B2138353730440N12154140WA-026000000000000024298029
B2138363730430N12154140WA-025900000000000024298357
B2138373730430N12154140WA-025700000000000026169023
B2138383730420N12154140WA-025700000000000028170001
B2138393730420N12154140WA-025600000000000030167018
B2138403730410N12154130WA-025600000000000032163004
B2138413730410N12154130WA-025500000000000033165006
B2138423730400N12154130WA-025500000000000033165007
B2138433730400N12154140WA-025400000000000031189007
B2138443730390N12154140WA-025300000000000032200008
B2138453730390N12154140WA-025200000000000030197009
B2138463730390N12154140WA-025100000000000030193009
B2138473730380N12154140WA-025100000000000031196010
B2138483730380N12154150WA-025100000000000031203010
B2138493730380N12154150WA-025100000000000031203010
B2138503730370N12154150WA-025100000000000031203010
B2138513730370N12154160WA-025000000000000024222010
B2138523730370N12154160WA-025000000000000024218010
B2138533730360N12154160WA-025100000000000025219010
B2138543730360N12154170WA-025100000000000024231011
B2138553730360N12154170WA-025100000000000020251009
B2138563730360N12154170WA-025300000000000018271017
B2138573730370N12154170WA-025400000000000020288028
B2138583730370N12154170WA-025600000000000020288034
B2138593730370N12154160WA-025800000000000020063038
B2139003730370N12154160WA-026100000000000020063350
B2139013730370N12154150WA-026500000000000020102359
B2139023730370N12154150WA-026800000000000016124006
B2139033730370N12154150WA-027100000000000010198014
B2139043730370N12154160WA-027400000000000010198027
B2139053730370N12154150WA-027500000000000007292033
B2139063730370N12154150WA-027800000000000004292037
B2139073730370N12154140WA-028000000000000018126355
B2139083730360N12154140WA-028200000000000023128003
B2139093730360N12154140WA-028600000000000019142008
B2139103730360N12154140WA-028900000000000007190022
B2139113730370N12154140WA-029100000000000007190031
B2139123730370N12154140WA-029400000000000008306036
B2139133730370N12154130WA-029700000000000008047353
B2139143730370N12154130WA-030100000000000008047003
B2139153730370N12154130WA-030600000000000010099009
B2139163730370N12154130WA-030900000000000010099021
B2139173730370N12154130WA-031000000000000010099030
B2139183730370N12154130WA-030800000000000008022033
B2139193730370N12154120WA-030700000000000011042032
B2139203730370N12154120WA-030600000000000013081028
B2139213730370N12154110WA-030600000000000016107025
B2139223730370N12154110WA-030600000000000016107024
B2139233730360N12154100WA-030600000000000016107000
B2139243730360N12154100WA-030600000000000028147004
B2139253730360N12154100WA-030700000000000026159007
B2139263730350N12154100WA-030900000000000022175009
B2139273730350N12154100WA-031000000000000019225008
B2139283730360N12154110WA-031000000000000019225008
B2139293730360N12154110WA-031100000000000022327007
B2139303730360N12154110WA-031100000000000024338000
B2139313730370N12154110WA-031200000000000024338348
B2139323730370N12154110WA-031400000000000024338008
B2139333730380N12154110WA-031400000000000027001353
B2139343730380N12154110WA-031500000000000027001358
B2139353730390N12154110WA-031500000000000027001357
B2139363730390N12154110WA-031600000000000027358357
B2139373730390N12154110WA-031600000000000027355000
B2139383730400N12154110WA-031500000000000025354004
B2139393730400N12154110WA-031500000000000025354005
B2139403730400N12154110WA-031600000000000023358006
B2139413730410N12154110WA-031700000000000023358004
B2139423730410N12154110WA-031800000000000028005001
B2139433730420N12154110WA-031800000000000029008001
B2139443730420N12154110WA-031900000000000028012355
B2139453730420N12154110WA-031900000000000028012348
B2139463730430N12154100WA-032000000000000027014343
B2139473730430N12154110WA-032100000000000025003341
B2139483730430N12154110WA-032300000000000024345342
B2139493730440N12154110WA-032300000000000022320341
B2139503730440N12154110WA-032400000000000019302342
B2139513730430N12154120WA-032400000000000014288037
B2139523730430N12154120WA-032500000000000020213031
B2139533730430N12154120WA-032600000000000024187026
B2139543730420N12154120WA-032700000000000027170023
B2139553730420N12154110WA-032800000000000027170021
B2139563730410N12154110WA-032900000000000031152019
B2139573730410N12154110WA-033000000000000032152017
B2139583730410N12154110WA-033100000000000033151016
B2139593730400N12154100WA-033200000000000033151015
B2140003730400N12154100WA-033300000000000033151014
B2140013730390N12154100WA-033400000000000033151014
B2140023730390N12154090WA-033600000000000033151013
B2140033730380N12154090WA-033700000000000033151013
B2140043730380N12154090WA-033800000000000033151012
B2140053730370N12154080WA-033900000000000033152012
B2140063730370N12154080WA-034000000000000033152012
B2140073730370N12154080WA-034100000000000031160012
B2140083730360N12154080WA-034200000000000028166010
B2140093730360N12154080WA-034400000000000028166010
B2140103730350N12154080WA-034600000000000028166010
B2140113730350N12154080WA-034800000000000028194010
B2140123730340N12154080WA-034800000000000028194010
B2140133730340N12154090WA-034800000000000028194011
B2140143730340N12154090WA-034700000000000021222011
B2140153730340N12154100WA-034700000000000021222011
B2140163730350N12154100WA-034700000000000021222011
B2140173730350N12154100WA-034700000000000017323011
B2140183730350N12154100WA-034700000000000017323011
B2140193730360N12154100WA-034800000000000017323011
B2140203730360N12154100WA-034700000000000017323011
B2140213730360N12154110WA-034800000000000023341011
B2140223730370N12154110WA-034800000000000021327011
B2140233730370N12154110WA-034900000000000019314011
B2140243730370N12154120WA-035000000000000019314011
B2140253730370N12154120WA-034900000000000020279011
B2140263730370N12154120WA-034900000000000020261011
B2140273730370N12154130WA-034900000000000019236011
B2140283730360N12154130WA-035000000000000019236011
B2140293730360N12154130WA-035200000000000021213011
B2140303730360N12154130WA-035500000000000021210011
B2140313730350N12154140WA-035800000000000023212011
B2140323730350N12154140WA-036000000000000024212011
B2140333730350N12154140WA-036100000000000024210011
B2140343730340N12154140WA-036200000000000022205011
B2140353730340N12154140WA-036300000000000020196011
B2140363730340N12154150WA-036500000000000022200011
B2140373730340N12154150WA-036700000000000023209011
B2140383730330N12154150WA-036900000000000024223011
B2140393730330N12154160WA-037000000000000024223011
B2140403730330N12154160WA-037100000000000022246011
B2140413730330N12154160WA-037300000000000020261011
B2140423730330N12154170WA-037600000000000021276011
B2140433730330N12154170WA-037700000000000023288011
B2140443730340N12154170WA-037900000000000026303011
B2140453730340N12154180WA-038100000000000027315011
B2140463730340N12154180WA-038200000000000028330011
B2140473730350N12154180WA-038300000000000029340011
B2140483730350N12154180WA-038400000000000029343011
B2140493730360N12154180WA-038500000000000029346011
B2140503730360N12154180WA-038600000000000028347011
B2140513730360N12154190WA-038700000000000026344011
B2140523730370N12154190WA-038800000000000024336011
B2140533730370N12154190WA-038900000000000025332011
B2140543730370N12154190WA-039100000000000026331011
B2140553730380N12154200WA-039200000000000026333011
B2140563730380N12154200WA-039300000000000026334011
B2140573730380N12154200WA-039400000000000026334011
B2140583730390N12154200WA-039600000000000025339011
B2140593730390N12154200WA-039700000000000024338011
B2141003730400N12154210WA-039900000000000025334011
B2141013730400N12154210WA-040000000000000027327011
B2141023730400N12154210WA-040000000000000026322011
B2141033730400N12154210WA-040100000000000024313011
B2141043730400N12154220WA-040100000000000021299011
B2141053730400N12154220WA-040100000000000020286011
B2141063730400N12154220WA-040200000000000017280011
B2141073730400N12154230WA-040200000000000017280011
B2141083730400N12154230WA-040400000000000017280011
B2141093730400N12154230WA-040600000000000017280011
B2141103730400N12154230WA-040700000000000020208011
B2141113730390N12154230WA-040800000000000020208011
B2141123730390N12154230WA-041000000000000026180011
B2141133730390N12154230WA-041100000000000026180011
B2141143730380N12154230WA-041100000000000026180011
B2141153730380N12154230WA-041200000000000024152011
B2141163730370N12154220WA-041400000000000024160011
B2141173730370N12154220WA-041500000000000026169011
B2141183730370N12154220WA-041700000000000026169011
B2141193730360N12154230WA-041700000000000025194011
B2141203730360N12154230WA-041800000000000022206011
B2141213730360N12154230WA-041800000000000022206011
B2141223730360N12154230WA-041900000000000016230011
B2141233730360N12154240WA-042000000000000017265011
B2141243730360N12154240WA-042000000000000020288011
B2141253730370N12154240WA-042000000000000020288011
B2141263730370N12154250WA-042100000000000027317011
B2141273730370N12154250WA-042200000000000027317011
B2141283730380N12154250WA-042300000000000027317011
B2141293730380N12154260WA-042500000000000027317011
B2141303730380N12154260WA-042700000000000027317011
B2141313730380N12154260WA-042900000000000027317011
B2141323730380N12154270WA-042900000000000022283011
B2141333730380N12154270WA-043000000000000022283011
B2141343730380N12154270WA-042900000000000020239011
B2141353730370N12154270WA-043000000000000020239011
B2141363730370N12154270WA-043200000000000020175011
B2141373730370N12154270WA-043500000000000020175011
B2141383730360N12154270WA-043700000000000020175011
B2141393730360N12154280WA-043900000000000020175011
B2141403730360N12154280WA-044000000000000020175011
B2141413730350N12154280WA-044100000000000022210011
B2141423730350N12154280WA-044100000000000022210011
B2141433730350N12154280WA-044100000000000017214011
B2141443730350N12154280WA-044100000000000011220012
B2141453730350N12154280WA-044100000000000005220018
B2141463730350N12154280WA-044100000000000005220022
B2141473730350N12154280WA-044100000000000005220342
B2141483730350N12154280WA-044100000000000000220333
B2141493730350N12154280WA-044100000000000000220354
B2141503730350N12154280WA-044100000000000000220357
B2141513730350N12154280WA-044100000000000000220016
B2141523730350N12154280WA-044100000000000000220023
B2141533730350N12154280WA-044100000000000000220022
B2141543730350N12154280WA-044100000000000000220015
B2141553730350N12154280WA-044100000000000000220008
B2141563730350N12154280WA-044100000000000000220022
B2141573730350N12154280WA-044100000000000000220028
B2141583730350N12154280WA-044100000000000000220024
B2141593730350N12154280WA-044100000000000000220021
B2142003730350N12154280WA-044100000000000000220017
B2142013730350N12154280WA-044100000000000000220014
B2142023730350N12154280WA-044100000000000000220024
B2142033730350N12154280WA-044100000000000000220026
B2142043730350N12154280WA-044100000000000000220027
B2142053730350N12154280WA-044100000000000000220031
B2142063730350N12154280WA-044100000000000000220035
B2142073730350N12154280WA-044100000000000000220026
B2142083730350N12154280WA-044100000000000000220023
B2142093730350N12154280WA-044100000000000000220024
B2142103730350N12154280WA-044100000000000000220035
B2142113730350N12154280WA-044100000000000000220030
B2142123730350N12154280WA-044100000000000000220019
B2142133730350N12154280WA-044100000000000000220014
B2142143730350N12154280WA-044100000000000000220049
B2142153730350N12154280WA-044100000000000000220027
B2142163730350N12154280WA-044100000000000000220031
B2142173730350N12154280WA-044100000000000000220027
B2142183730350N12154280WA-044100000000000000220025
Gr/1xIE19hyMR0fy9cZhO6YXV9vm//JP1lEw/dlwpmMVU5cPqDEanLOgiylmJOwCy
GPqTBUUrxOlcH991SyIxjPts2x2CnQa9TLvJYJMy0uIENdh+450A2i2ed7JjZpkYd
GRfGg2Lf2JqIzuI2yFWsn04yBwCIdEQAX1TScEa8bqWw=

