AXFH000
HFDTE220125
HFPLTPILOT:Scott O’Brien
HFGTYGLIDERTYPE:Ozone Swift 6
HFDTM100GPSDATUM:WGS84
HFRFWFIRMWAREVERSION:8.2.6
HFRHWHARDWAREVERSION:iPhone 15
HFFTYFRTYPE:Flyskyhy,8.2.6
HFGPS:Internal
HFPRSVARIO:Internal Vario
HFCCLCOMPETITIONCLASS:Paraglider
HFTZNTIMEZONE:-5
HFSITSITE:Roldanillo - El trébol ,CO
I053638FXA3941VXA4244GSP4547CCO4850HDT
C220125161234220125000109TASK
C0000000N00000000ETAKEOFF
C0424415N07611762W00020009999999000000360000STARTAREA 017
C0424415N07611762W00020009999999000000360000TURNAREA 017
C0416061N07613268W00000000001000000000360000TURNAREA 018
C0412134N07609347W00000000001000000000360000TURNAREA 019
C0406138N07609837W00000000000500000000360000TURNAREA 020
C0402893N07610999W00000000000500000000360000TURNAREA 021
C0355571N07616274W00000000000500000000360000TURNAREA 022
C0351884N07616804W00000000000500000000360000TURNAREA 023
C0346024N07614177W00000000001000000000360000TURNAREA 001
C0337400N07611707W00000000001000000000360000TURNAREA 024
C0337400N07611707W00000000000400000000360000FINISHAREA 024
C0000000N00000000ELANDING
B1613050424424N07611758WA0169501695005010000000191
B1613060424424N07611758WA0169501695005010000000202
B1613070424424N07611758WA0169501695005010000000214
B1613080424424N07611758WA0169501695005010000006203
B1613090424424N07611758WA0169501695005010000000203
B1613100424424N07611758WA0169501695005010000000230
B1613110424424N07611758WA0169501695005010000000170
B1613120424424N07611758WA0169501695005010000170183
B1613130424424N07611758WA0169501695005010000000244
B1613140424424N07611758WA0169501695005010001268215
B1613150424424N07611758WA0169501695005010000000183
B1613160424424N07611758WA0169501695005010000000220
B1613170424424N07611758WA0169501695005010000000226
B1613180424424N07611758WA0169501695005010000000232
B1613190424424N07611758WA0169501695005010002017276
B1613200424425N07611758WA0169501695005010004027246
B1613210424425N07611758WA0169501696005010005047001
B1613220424426N07611758WA0169501697005010006051048
B1613230424427N07611756WA0169501697005010006036021
B1613240424428N07611754WA0169501697005010012036013
B1613250424430N07611753WA0169401696005010016044000
B1613260424433N07611751WA0169301696005010023024005
B1613270424438N07611749WA0169201694005010034005340
B1613280424444N07611749WA0169101693005010033003259
B1613290424448N07611748WA0169001693005010030010304
B1613300424453N07611747WA0168901692005010030009294
B1613310424458N07611746WA0168901692005010031012314
B1613320424462N07611745WA0168901691005010032020334
B1613330424467N07611743WA0169001691005010032025320
B1613340424471N07611741WA0169001690005010027033333
B1613350424473N07611739WA0169001690005010019048346
B1613360424475N07611736WA0169001689005010016062356
B1613370424476N07611734WA0169001689005010018064014
B1613380424477N07611731WA0169001688005010019068018
B1613390424478N07611728WA0169001688005010021077031
B1613400424478N07611725WA0169001687005010022089043
B1613410424478N07611722WA0169001687005010022101051
B1613420424477N07611719WA0168901687005010021108063
B1613430424475N07611715WA0168901686005010021110067
B1613440424474N07611712WA0168901686005010022106069
B1613450424473N07611709WA0168901685005010023102069
B1613460424473N07611706WA0168801685005010025099072
B1613470424472N07611702WA0168801685005010027097077
B1613480424472N07611698WA0168801684005010027094079
B1613490424471N07611694WA0168801684005010024092075
B1613500424471N07611691WA0168901684005010020097071
B1613510424471N07611688WA0168901684005010021099071
B1613520424470N07611685WA0168901684005010022104073
B1613530424469N07611682WA0169001683005010025100077
B1613540424468N07611678WA0169001683005010025102076
B1613550424468N07611675WA0169001683005010024097082
B1613560424467N07611671WA0169001683005010019097078
B1613570424467N07611669WA0169001683005010018093071
B1613580424467N07611666WA0169001683005010020090071
B1613590424467N07611663WA0169101683005010023090068
B1614000424467N07611659WA0169101683005010025094070
B1614010424466N07611655WA0169101683005010024101075
B1614020424466N07611652WA0169101683005010022100079
B1614030424465N07611649WA0169101683005010023098077
B1614040424465N07611645WA0169101683005010025097076
B1614050424464N07611642WA0169201684005010022099077
B1614060424464N07611639WA0169301684005010017099075
B1614070424464N07611636WA0169301684005010015102071
B1614080424463N07611634WA0169301684005010016102069
B1614090424463N07611631WA0169401685005010023097071
B1614100424462N07611627WA0169401685005010026104075
B1614110424461N07611623WA0169401685005010028103083
B1614120424460N07611616WA0169401686005010018086084
B1614130424460N07611614WA0169401687005010013078063
B1614140424461N07611612WA0169401688005010013078056
B1614150424461N07611610WA0169501688005010014091056
B1614160424460N07611608WA0169601688005010020101063
B1614170424460N07611604WA0169701689005010024097075
B1614180424459N07611601WA0169801689005010021099076
B1614190424458N07611598WA0169801690005010017096075
B1614200424458N07611595WA0169901690005010016100069
B1614210424457N07611593WA0169901690005010016113070
B1614220424456N07611590WA0170001691005010019117076
B1614230424454N07611587WA0170101691005010024116084
B1614240424452N07611584WA0170101691005010026115089
B1614250424451N07611580WA0170101691005010028103093
B1614260424450N07611576WA0170101691005010023102085
B1614270424449N07611573WA0170001692005010017103079
B1614280424449N07611571WA0170001692005010016109074
B1614290424448N07611568WA0169901692005010020106075
B1614300424447N07611565WA0169901692005010024107079
B1614310424445N07611561WA0169901692005010025102082
B1614320424445N07611557WA0169901692005010023097080
B1614330424444N07611554WA0169801692005010021098074
B1614340424443N07611551WA0169701691005010020110073
B1614350424441N07611548WA0169501691005010025113081
B1614360424440N07611544WA0169401690005010027110088
B1614370424438N07611540WA0169201690005010030107087
B1614380424437N07611536WA0169101689005010030100086
B1614390424436N07611532WA0168901689005010024105081
B1614400424435N07611529WA0168901689005010018114081
B1614410424434N07611527WA0168901689005010016120079
B1614420424433N07611525WA0168901688005010018113080
B1614430424432N07611522WA0168901688005010023107079
B1614440424431N07611519WA0168901688005010026101080
B1614450424430N07611515WA0169001688005010024098079
B1614460424430N07611512WA0169001688005010017096075
B1614470424429N07611510WA0169101688005010012096066
B1614480424429N07611508WA0169201688005010012103062
B1614490424428N07611506WA0169301687005010016110064
B1614500424427N07611504WA0169401687005010019110074
B1614510424426N07611501WA0169501687005010023121079
B1614520424424N07611498WA0169501687005010022132092
B1614530424421N07611496WA0169501688005010022136101
B1614540424419N07611493WA0169501688005010023146104
B1614550424416N07611491WA0169501688005010025142119
B1614560424412N07611489WA0169601688005010026143119
B1614570424409N07611486WA0169601688005010025144123
B1614580424406N07611484WA0169701688005010025140125
B1614590424403N07611481WA0169701689005010027130129
B1615000424401N07611478WA0169801689005010029125119
B1615010424399N07611474WA0169801689005010031118120
B1615020424396N07611471WA0169801689005010029130116
B1615030424393N07611467WA0169901689005010028135114
B1615040424390N07611465WA0169901690005010026137110
B1615050424388N07611462WA0170001690005010025126105
B1615060424386N07611458WA0170101691005010028112101
B1615070424384N07611454WA0170201691005010030104105
B1615080424384N07611449WA0170301692005010032096104
B1615090424383N07611445WA0170301692005010031094103
B1615100424382N07611440WA0170301692005010027099114
B1615110424381N07611436WA0170301693005010023114107
B1615120424379N07611434WA0170401693005010024136115
B1615130424376N07611432WA0170501694005010026150123
B1615140424372N07611430WA0170601695005010028161135
B1615150424368N07611429WA0170701695005010029172146
B1615160424364N07611429WA0170801696005010029180155
B1615170424359N07611429WA0170801697005010029174156
B1615180424355N07611428WA0170801697005010031157139
B1615190424351N07611426WA0170901697005010033138133
B1615200424347N07611422WA0170901697005010033126126
B1615210424345N07611418WA0170901697005010030123111
B1615220424342N07611415WA0170901698005010025126116
B1615230424340N07611412WA0170901698005010024123108
B1615240424339N07611409WA0171001698005010025115093
B1615250424337N07611406WA0171001698005010028107104
B1615260424336N07611401WA0171001699005010028103096
B1615270424335N07611398WA0171001699005010024103085
B1615280424334N07611395WA0170901699005010020106091
B1615290424334N07611392WA0170801699005010020099093
B1615300424333N07611388WA0170601699005010023091090
B1615310424333N07611385WA0170501699005010028085096
B1615320424334N07611381WA0170301699005010028083098
B1615330424334N07611376WA0170101699005010026083090
B1615340424334N07611373WA0169901698005010024087096
B1615350424334N07611369WA0169901698005010026091093
B1615360424334N07611365WA0169601697005010029093090
B1615370424333N07611360WA0169401697005010032103098
B1615380424332N07611355WA0169201696005010035105097
B1615390424331N07611350WA0169001695005010037102096
B1615400424330N07611344WA0168801694005010042090093
B1615410424330N07611337WA0168701693005010044080085
B1615420424331N07611331WA0168501692005010039077083
B1615430424332N07611326WA0168501692005010030077078
B1615440424333N07611322WA0168501691005010026085076
B1615450424333N07611318WA0168501691005010026094080
B1615460424333N07611314WA0168601690005010028093088
B1615470424333N07611310WA0168701690005010031080089
B1615480424334N07611306WA0168801689005010032067091
B1615490424337N07611302WA0168801689005010029055077
B1615500424339N07611298WA0168801689005010028053072
B1615510424341N07611295WA0168801689005010025064064
B1615520424343N07611292WA0168801689005010021067067
B1615530424344N07611289WA0168901690005010023059060
B1615540424347N07611286WA0169001690005010025045041
B1615550424350N07611284WA0169201691005010029021030
B1615560424354N07611284WA0169301692005010031347009
B1615570424359N07611286WA0169501692005010039320350
B1615580424363N07611291WA0169701694005010047299327
B1615590424366N07611298WA0169801696005010046302299
B1616000424368N07611304WA0170001697005010043278287
B1616010424368N07611310WA0170301699005010040259261
B1616020424366N07611316WA0170501701005010043238247
B1616030424361N07611321WA0170801702005010047219219
B1616040424355N07611325WA0171001704005010045212198
B1616050424349N07611327WA0171201706005010042200194
B1616060424344N07611327WA0171401708005010026144183
B1616070424341N07611324WA0171501710005010023134132
B1616080424339N07611321WA0171701712005010023130129
B1616090424338N07611318WA0171901714005010024136118
B1616100424335N07611315WA0171901715005010026136116
B1616110424333N07611311WA0172001717005010026124110
B1616120424331N07611308WA0172201719005010024119091
B1616130424330N07611304WA0172301720005010027094094
B1616140424331N07611300WA0172401722005010029080089
B1616150424332N07611295WA0172501723005010029071076
B1616160424334N07611291WA0172601725005010031059072
B1616170424337N07611287WA0172801726005010031054055
B1616180424341N07611284WA0172901728005010029044049
B1616190424344N07611281WA0173101730005010028026025
B1616200424348N07611280WA0173301732005010030004014
B1616210424353N07611281WA0173501734005010034347003
B1616220424358N07611282WA0173601735005010037337348
B1616230424363N07611285WA0173801737005010036328334
B1616240424367N07611289WA0173901738005010040312307
B1616250424371N07611294WA0173901740005010041300301
B1616260424374N07611300WA0174001741005010043289296
B1616270424375N07611306WA0174101742005010045280277
B1616280424376N07611313WA0174101743005010044271251
B1616290424375N07611319WA0174201745005010043264246
B1616300424374N07611326WA0174301746005010044255237
B1616310424372N07611332WA0174301748005010046252236
B1616320424368N07611338WA0174401749005010045220226
B1616330424362N07611341WA0174501750005010044207194
B1616340424356N07611344WA0174601752005010041196173
B1616350424350N07611345WA0174701753005010035188171
B1616360424345N07611345WA0174701755005010032181159
B1616370424341N07611343WA0174801756005010026134158
B1616380424338N07611340WA0174901758005010026132114
B1616390424336N07611337WA0175001760005010026115106
B1616400424335N07611333WA0175101761005010028104103
B1616410424334N07611328WA0175201763005010028098100
B1616420424334N07611324WA0175301764005010027093096
B1616430424334N07611320WA0175401766005010027085078
B1616440424335N07611315WA0175401767010019026074066
B1616450424336N07611312WA0175501769010019025059059
B1616460424338N07611308WA0175601770010019025045038
B1616470424342N07611306WA0175801771010019025029028
B1616480424345N07611305WA0175901773010019026011009
B1616490424350N07611304WA0176101774010019029357008
B1616500424354N07611305WA0176201775010019039333354
B1616510424360N07611308WA0176301776005010039332323
B1616520424364N07611311WA0176301777005010038310318
B1616530424368N07611317WA0176401779005010038295302
B1616540424370N07611322WA0176501780005010039283291
B1616550424371N07611328WA0176601781005010041273271
B1616560424371N07611335WA0176701783005010041262256
B1616570424369N07611341WA0176901784005010041240241
B1616580424365N07611346WA0177001785005010041233221
B1616590424361N07611350WA0177101786005010041224213
B1617000424356N07611354WA0177101788005010042218205
B1617010424351N07611358WA0177101790005010040213198
B1617020424347N07611359WA0177301791005010023164193
B1617030424344N07611357WA0177401793005010022152135
B1617040424341N07611356WA0177501794005010020145123
B1617050424339N07611354WA0177601796005010018139110
B1617060424337N07611352WA0177701797005010012123111
B1617070424338N07611348WA0177801799005010019067093
B1617080424340N07611345WA0177901800005010020051066
B1617090424342N07611342WA0178001801005010021040050
B1617100424345N07611340WA0178101802005010024025033
B1617110424349N07611336WA0178101803005010028021017
B1617120424354N07611332WA0178201804005010030013008
B1617130424360N07611333WA0178201806005010041334352
B1617140424365N07611336WA0178301808005010039319325
B1617150424370N07611339WA0178401809005010038314312
B1617160424373N07611343WA0178501811005010034304314
B1617170424376N07611348WA0178701813005010033290305
B1617180424378N07611353WA0178701814005010036273289
B1617190424378N07611359WA0179001815005010040255267
B1617200424375N07611365WA0179001817005010037233244
B1617210424371N07611368WA0179101818005010037211220
B1617220424366N07611371WA0179201820005010037202190
B1617230424361N07611373WA0179301821005010031173179
B1617240424356N07611372WA0179301822005010029165154
B1617250424352N07611371WA0179501824005010024150141
B1617260424350N07611369WA0179601825005010020133129
B1617270424348N07611367WA0179701827005010020115115
B1617280424346N07611364WA0179801828005010023102109
B1617290424345N07611360WA0179901829005010027090087
B1617300424346N07611356WA0179901830005010030077084
B1617310424347N07611351WA0179901831005010032074080
B1617320424349N07611347WA0180001833005010031047075
B1617330424352N07611344WA0180101834005010030046075
B1617340424355N07611341WA0180201835005010030042059
B1617350424359N07611338WA0180301837005010030037055
B1617360424363N07611336WA0180301838005010030029024
B1617370424367N07611334WA0180501840005010028012012
B1617380424371N07611333WA0180701840005010030356355
B1617390424376N07611333WA0180801841005010037339349
B1617400424382N07611336WA0180901841005010042327329
B1617410424387N07611340WA0181001842005010041318315
B1617420424391N07611344WA0181101843005010040306304
B1617430424395N07611349WA0181201844005010038302287
B1617440424398N07611354WA0181201845005010036296282
B1617450424400N07611359WA0181301845005010035278269
B1617460424399N07611365WA0181401846005010041244257
B1617470424396N07611371WA0181501847005010042235220
B1617480424392N07611376WA0181501847005010041224211
B1617490424387N07611380WA0181601848005010043216204
B1617500424383N07611382WA0181701850005010025187190
B1617510424379N07611382WA0181801851005010023185179
B1617520424376N07611383WA0182001852005010022182170
B1617530424372N07611383WA0182001854005010022178173
B1617540424368N07611383WA0182201855005010022174168
B1617550424364N07611383WA0182401856005010023169178
B1617560424360N07611382WA0182601857005010024166172
B1617570424356N07611382WA0182701858005010025166160
B1617580424352N07611381WA0182801859005010026166157
B1617590424348N07611380WA0182901860005010025162155
B1618000424345N07611378WA0183001862005010025152163
B1618010424341N07611376WA0183101863005010025140162
B1618020424338N07611374WA0183201864005010025141156
B1618030424335N07611372WA0183301865005010024142145
B1618040424332N07611370WA0183501867005010024154145
B1618050424328N07611368WA0183601868005010025156150
B1618060424325N07611367WA0183701869005010026156158
B1618070424321N07611365WA0183801870005010027155157
B1618080424317N07611363WA0183901871005010027156149
B1618090424313N07611361WA0183901872005010025156139
B1618100424310N07611359WA0184001873005010024148119
B1618110424307N07611356WA0184001874005010023129116
B1618120424305N07611353WA0184001875005010021117102
B1618130424304N07611350WA0184001875005010020098094
B1618140424305N07611346WA0184001876005010025067081
B1618150424307N07611342WA0184001877005010027056070
B1618160424310N07611338WA0184001877005010030041071
B1618170424314N07611334WA0184001877005010032038071
B1618180424319N07611330WA0184001878005010032038082
B1618190424323N07611327WA0184001878005010032039082
B1618200424326N07611323WA0184101879005010029045071
B1618210424329N07611319WA0184201879005010027069071
B1618220424331N07611315WA0184201879005010028067080
B1618230424333N07611311WA0184301880005010032059089
B1618240424336N07611306WA0184401880005010033057083
B1618250424338N07611301WA0184501881005010032059079
B1618260424341N07611297WA0184601882005010031060062
B1618270424343N07611293WA0184701883005010030054052
B1618280424347N07611290WA0184901884005010031044053
B1618290424351N07611287WA0184901885005010035026062
B1618300424356N07611284WA0185101886005010035021037
B1618310424361N07611282WA0185201886005010033020020
B1618320424366N07611281WA0185401887005010030007000
B1618330424371N07611281WA0185501888005010030350001
B1618340424375N07611283WA0185701888005010038330347
B1618350424381N07611286WA0185801888005010041320320
B1618360424385N07611291WA0185901889005010041312318
B1618370424389N07611295WA0185901889005010041304322
B1618380424393N07611301WA0186001890005010040300314
B1618390424396N07611306WA0186101890005010039297305
B1618400424399N07611312WA0186201890005010038292291
B1618410424401N07611317WA0186301890005010036285295
B1618420424402N07611323WA0186401891005010037278287
B1618430424403N07611328WA0186501891005010038272276
B1618440424403N07611334WA0186601891005010039267275
B1618450424402N07611340WA0186701892005010038257265
B1618460424401N07611345WA0186701892005010036245281
B1618470424398N07611350WA0186701893005010034239260
B1618480424396N07611355WA0186801893005010032240244
B1618490424394N07611359WA0186901894005010032238225
B1618500424391N07611363WA0187001895005010033228229
B1618510424387N07611366WA0187001895005010034212207
B1618520424382N07611369WA0187101896005010034201206
B1618530424377N07611370WA0187201897005010029189194
B1618540424373N07611371WA0187301898005010026186187
B1618550424369N07611371WA0187401898005010024180182
B1618560424366N07611371WA0187601899005010024173178
B1618570424362N07611370WA0187701900005010026166163
B1618580424358N07611369WA0187801901005010028156158
B1618590424354N07611367WA0187901902005010029143156
B1619000424350N07611364WA0188001903005010029132152
B1619010424347N07611361WA0188101904005010027132148
B1619020424345N07611358WA0188201905005010024129139
B1619030424343N07611356WA0188301906005010023123114
B1619040424341N07611352WA0188301908005010024103106
B1619050424341N07611349WA0188501909005010027086096
B1619060424342N07611345WA0188701910005010028075101
B1619070424344N07611341WA0188901912005010025072074
B1619080424345N07611338WA0189101913005010024068072
B1619090424347N07611334WA0189201914005010024054045
B1619100424350N07611332WA0189401916005010028034036
B1619110424354N07611330WA0189601917005010032014039
B1619120424359N07611329WA0189701918005010035008037
B1619130424364N07611329WA0189901919005010034004022
B1619140424369N07611329WA0190001921005010033358003
B1619150424375N07611329WA0190201922005010034349342
B1619160424380N07611331WA0190301924005010037340343
B1619170424385N07611333WA0190401925005010039331332
B1619180424390N07611337WA0190601926005010042318309
B1619190424394N07611342WA0190701926005010043305300
B1619200424397N07611347WA0190701927005010043291284
B1619210424399N07611353WA0190801928005010040281278
B1619220424400N07611359WA0190801929005010037273275
B1619230424400N07611365WA0190901930005010035267260
B1619240424399N07611370WA0191001931005010036262258
B1619250424398N07611375WA0191201932005010035257263
B1619260424397N07611380WA0191301933005010033252243
B1619270424395N07611384WA0191501934005010031247230
B1619280424393N07611389WA0191601935005010031238215
B1619290424390N07611392WA0191701936005010032222199
B1619300424386N07611395WA0191701937005010034207184
B1619310424381N07611397WA0191801938005010033192198
B1619330424376N07611397WA0191801939005010030185176
B1619340424372N07611398WA0191801940005010027180162
B1619350424364N07611397WA0192001943005010022156133
B1619370424361N07611395WA0192201944005010023133129
B1619380424359N07611391WA0192201945005010029113123
B1619400424357N07611383WA0192501948005010028092094
B1619410424357N07611379WA0192701949005010024076078
B1619420424358N07611376WA0192701951005010023065072
B1619430424360N07611373WA0192901952005010024055058
B1619440424363N07611370WA0193001954005010028047043
B1619450424367N07611367WA0193201955005010031034029
B1619460424371N07611365WA0193201956005010034017027
B1619470424376N07611364WA0193401957005010034003009
B1619480424381N07611364WA0193501959005010033353357
B1619490424386N07611365WA0193701960005010033342345
B1619500424391N07611367WA0193701961005010037332325
B1619510424396N07611371WA0193901962005010044322314
B1619520424401N07611376WA0194101963005010047308303
B1619530424405N07611381WA0194201964005010046295287
B1619540424407N07611388WA0194201965005010041286273
B1619550424408N07611393WA0194401967005010037276261
B1619560424408N07611399WA0194601968005010036267242
B1619570424407N07611404WA0194801969005010036255232
B1619580424405N07611409WA0194901970005010037240215
B1619590424402N07611413WA0194901971005010037223206
B1620000424397N07611416WA0195101972005010035209184
B1620010424392N07611418WA0195201973005010032198169
B1620020424388N07611419WA0195301975005010027181159
B1620030424381N07611416WA0195301977005010027131146
B1620040424378N07611413WA0195501978005010033116125
B1620050424376N07611408WA0195601979005010033108113
B1620060424375N07611403WA0195701980005010034099103
B1620070424375N07611398WA0195701982005010027077081
B1620080424377N07611395WA0195901983005010024058084
B1620090424379N07611392WA0196001985005010024045062
B1620100424383N07611390WA0196201987005010025035067
B1620110424387N07611388WA0196201988005010027029056
B1620120424391N07611386WA0196401990005010031023034
B1620130424396N07611384WA0196701991005010036015024
B1620140424401N07611383WA0196901992005010041001359
B1620150424408N07611384WA0196901993005010044348350
B1620160424414N07611386WA0197001994005010048336326
B1620170424421N07611389WA0197101995005010049325309
B1620180424426N07611394WA0197201996005010044310296
B1620190424429N07611399WA0197201998005010041296291
B1620200424431N07611405WA0197301999005010040282278
B1620210424432N07611411WA0197502000005010039269265
B1620220424431N07611416WA0197702001005010036258245
B1620230424429N07611421WA0197702003005010033243227
B1620240424426N07611425WA0197802004005010033227219
B1620250424422N07611429WA0198002005005010034211194
B1620260424417N07611431WA0198102006005010034198183
B1620270424412N07611432WA0198102008005010030185168
B1620280424408N07611432WA0198102009005010026167160
B1620290424404N07611430WA0198202010005010025151145
B1620300424401N07611428WA0198302011005010026135135
B1620310424398N07611425WA0198302012005010028118108
B1620320424397N07611421WA0198302013005010030095091
B1620330424397N07611416WA0198502015005010030075071
B1620340424399N07611412WA0198602016005010031055059
B1620350424402N07611409WA0198602017005010032039044
B1620360424407N07611406WA0198802019005010035026024
B1620370424412N07611404WA0199002020005010038008011
B1620380424418N07611404WA0199302021005010042350354
B1620390424425N07611406WA0199302021005010048336330
B1620400424431N07611410WA0199502022005010050321325
B1620410424436N07611415WA0199602023005010048309323
B1620420424441N07611420WA0199802024005010043305318
B1620430424444N07611425WA0199902025005010038307306
B1620440424448N07611430WA0199902026005010035308300
B1620450424451N07611434WA0200102027005010038303286
B1620460424453N07611439WA0200202027005010042284273
B1620470424454N07611446WA0200302027005010044272268
B1620480424454N07611452WA0200302027005010042262264
B1620490424453N07611458WA0200302027005010037260263
B1620500424452N07611464WA0200302028005010035258268
B1620510424451N07611469WA0200302028005010037260275
B1620520424450N07611474WA0200302028005010037260264
B1620530424449N07611480WA0200402028005010036257268
B1620540424447N07611485WA0200402029005010034253257
B1620550424446N07611489WA0200402028005010033250257
B1620560424444N07611494WA0200402028005010035247256
B1620570424442N07611499WA0200402028005010037247257
B1620580424439N07611504WA0200402027005010038247262
B1620590424437N07611509WA0200402027005010035248268
B1621000424436N07611514WA0200402026005010033252258
B1621010424434N07611519WA0200302026005010034255260
B1621020424433N07611524WA0200302025005010036257256
B1621030424432N07611530WA0200302025005010042253272
B1621040424430N07611536WA0200302025005010044252270
B1621050424428N07611542WA0200302025005010040257269
B1621060424427N07611548WA0200302025005010037266264
B1621070424427N07611553WA0200402026005010036271270
B1621080424427N07611558WA0200402026005010038270268
B1621090424427N07611564WA0200502026005010040266261
B1621100424427N07611570WA0200502026005010039259244
B1621110424425N07611575WA0200702027005010034245227
B1621120424422N07611579WA0200702027005010032227212
B1621130424418N07611582WA0200702028005010034209205
B1621140424413N07611584WA0200802029005010035201204
B1621150424409N07611586WA0200802029005010032198191
B1621160424404N07611587WA0200802030005010029191179
B1621170424400N07611588WA0200802030005010028179163
B1621180424396N07611587WA0200802030005010029161154
B1621190424391N07611585WA0200802029005010032144147
B1621200424388N07611582WA0200802029005010032133139
B1621210424385N07611578WA0200702029005010031124126
B1621220424383N07611574WA0200602028005010028113117
B1621230424381N07611570WA0200502028005010028102105
B1621240424381N07611566WA0200502028005010030090092
B1621250424381N07611561WA0200402027005010032078087
B1621260424383N07611557WA0200302027005010035063066
B1621270424386N07611552WA0200302027005010034053063
B1621280424389N07611549WA0200302027005010033043073
B1621290424393N07611545WA0200302027005010031039068
B1621300424397N07611542WA0200302027005010031044080
B1621310424400N07611539WA0200302027005010031049064
B1621320424403N07611535WA0200302027005010030049057
B1621330424406N07611532WA0200402027005010030038047
B1621340424410N07611530WA0200502027005010030024043
B1621350424415N07611528WA0200502028005010029018043
B1621360424419N07611527WA0200602029005010028013025
B1621370424423N07611527WA0200702029005010030004014
B1621380424428N07611527WA0200902030005010034349359
B1621390424433N07611529WA0201002031005010038336339
B1621400424438N07611532WA0201002032005010041325325
B1621410424443N07611536WA0201102033005010042311338
B1621420424446N07611541WA0201302034005010045299329
B1621430424450N07611547WA0201402036005010046301328
B1621440424453N07611553WA0201402037005010046301324
B1621450424456N07611559WA0201602039005010041298317
B1621460424459N07611564WA0201902040005010036297309
B1621470424461N07611569WA0202102042005010037290304
B1621480424463N07611574WA0202102043005010040285302
B1621490424464N07611580WA0202402045005010043288294
B1621500424466N07611587WA0202602046005010046284286
B1621510424467N07611593WA0202702048005010046279277
B1621520424468N07611600WA0202702049005010044273257
B1621530424468N07611606WA0202802050005010041264252
B1621540424466N07611612WA0202902052005010037250227
B1621550424464N07611616WA0203002053005010035237217
B1621560424460N07611620WA0203002054005010034223201
B1621570424456N07611623WA0203002055005010031207189
B1621580424452N07611624WA0203102056005010028194186
B1621590424448N07611625WA0203202057005010025181174
B1622000424444N07611625WA0203202058005010024174155
B1622010424441N07611624WA0203302059005010024160136
B1622020424437N07611622WA0203402060005010026136121
B1622030424435N07611619WA0203402060005010030112114
B1622040424434N07611614WA0203402061005010028097116
B1622050424434N07611611WA0203502062005010022091120
B1622060424434N07611607WA0203502063005010020092109
B1622070424434N07611604WA0203502064005010023086089
B1622080424435N07611601WA0203502065005010027071071
B1622090424437N07611597WA0203602066005010031055045
B1622100424440N07611593WA0203602066005010036034027
B1622110424446N07611591WA0203702067005010039013007
B1622120424452N07611591WA0203702067005010040346350
B1622130424457N07611593WA0203802067005010047323332
B1622140424462N07611598WA0203902068005010047303312
B1622150424465N07611604WA0203902068005010043288302
B1622160424467N07611610WA0203902069005010041286289
B1622170424469N07611616WA0204002070005010041290291
B1622180424472N07611622WA0204102070005010044290295
B1622190424474N07611629WA0204202070005010048284291
B1622200424475N07611636WA0204202070005010049280299
B1622210424476N07611643WA0204202070005010047278292
B1622220424478N07611650WA0204302070005010043278286
B1622230424478N07611656WA0204402070005010041271282
B1622240424478N07611662WA0204402070005010039267291
B1622250424478N07611668WA0204402070005010038270285
B1622260424478N07611673WA0204502070005010037278280
B1622270424479N07611679WA0204602070005010038277272
B1622280424479N07611685WA0204602071005010040268257
B1622290424478N07611690WA0204802072005010038256241
B1622300424476N07611695WA0204902073005010036240218
B1622310424473N07611700WA0205102074005010035220201
B1622320424468N07611702WA0205102075005010036201179
B1622330424463N07611703WA0205202076005010035182162
B1622340424458N07611702WA0205402077005010033157152
B1622350424454N07611699WA0205502078005010035127136
B1622360424451N07611695WA0205502080005010034119136
B1622370424449N07611691WA0205602081005010029118125
B1622380424448N07611687WA0205702082005010024111112
B1622390424447N07611684WA0205802084005010024097100
B1622400424447N07611680WA0205802085005010032087109
B1622410424448N07611674WA0205902086005010037084102
B1622420424448N07611669WA0205902086005010033088118
B1622430424448N07611664WA0205902086005010037086128
B1622440424449N07611659WA0205902086005010039076097
B1622450424452N07611653WA0205702086005010039055089
B1622460424456N07611649WA0205402086005010037037090
B1622470424460N07611646WA0205202086005010031037078
B1622480424463N07611644WA0205202087005010030046080
B1622490424466N07611640WA0205202087005010032066081
B1622500424468N07611634WA0205202087005010045072088
B1622510424470N07611628WA0205202087005010047069092
B1622520424472N07611622WA0205202087005010037066089
B1622530424474N07611618WA0205302088005010031072085
B1622540424475N07611614WA0205402088005010024083088
B1622550424475N07611611WA0205602088005010027087097
B1622560424475N07611607WA0205602088005010031086103
B1622570424475N07611602WA0205702088005010035083101
B1622580424475N07611597WA0205802087005010031089096
B1622590424475N07611593WA0205902087005010030096103
B1623000424474N07611589WA0205902087005010029099112
B1623010424474N07611584WA0205902087005010036091116
B1623020424474N07611578WA0205802087005010041082115
B1623030424474N07611573WA0205702087005010038089112
B1623040424474N07611567WA0205702087005010041106116
B1623050424471N07611562WA0205602087005010037124119
B1623060424468N07611558WA0205602087005010034122126
B1623070424466N07611553WA0205602088005010031118118
B1623080424464N07611549WA0205602088005010029101119
B1623090424463N07611545WA0205802089005010029087121
B1623100424464N07611540WA0206102090005010030084122
B1623110424464N07611536WA0206402091005010029082107
B1623120424465N07611532WA0206402092005010028081107
B1623130424466N07611528WA0206602093005010028081106
B1623140424466N07611524WA0206902094005010026083098
B1623150424467N07611520WA0207002096005010026082104
B1623160424468N07611516WA0207002097005010030078099
B1623170424469N07611511WA0207202098005010035076093
B1623180424470N07611506WA0207402099005010035070089
B1623190424472N07611502WA0207602101005010032060087
B1623200424475N07611498WA0207602103005010030051077
B1623210424478N07611495WA0207802106005010027044069
B1623220424481N07611492WA0208202108005010027035055
B1623230424485N07611490WA0208502110005010031024039
B1623240424490N07611489WA0208502113005010035012024
B1623250424495N07611488WA0208902115005010040000025
B1623260424501N07611489WA0209202117005010043350014
B1623270424508N07611490WA0209502120005010044346358
B1623280424514N07611492WA0209502122005010040333328
B1623290424519N07611495WA0209702125005010040330310
B1623300424524N07611499WA0210002127005010042317319
B1623310424528N07611504WA0210202130005010046307307
B1623320424531N07611510WA0210202132005010049295263
B1623330424533N07611517WA0210402134005010047282283
B1623340424534N07611523WA0210602137005010042269254
B1623350424533N07611529WA0210802140005010039264262
B1623360424532N07611534WA0210802142005010034245247
B1623370424529N07611539WA0211002145005010034240231
B1623380424526N07611543WA0211302147005010034232222
B1623390424522N07611547WA0211602149005010033222215
B1623400424518N07611550WA0211602152005010032212215
B1623410424514N07611552WA0211802154005010032207187
B1623420424510N07611554WA0212102156005010030200185
B1623430424505N07611555WA0212302158005010026190169
B1623440424502N07611555WA0212302160005010022177168
B1623450424498N07611554WA0212502162005010023172165
B1623460424495N07611553WA0212702164005010024167161
B1623470424491N07611552WA0212802166005010023160152
B1623480424488N07611551WA0212802168005010022159158
B1623490424484N07611549WA0213002170005010023156154
B1623500424481N07611548WA0213202172005010023151160
B1623510424479N07611544WA0213402175005010026131136
B1623520424477N07611541WA0213602177005010027131113
B1623530424475N07611536WA0213602179005010031110112
B1623540424475N07611530WA0213802181005010032101124
B1623550424475N07611524WA0214002183005010031096111
B1623560424475N07611519WA0214002185005010028093086
B1623570424475N07611514WA0214302187005010028082075
B1623580424476N07611508WA0214502189005010034065072
B1623590424479N07611503WA0214702190005010038050065
B1624000424484N07611499WA0214702191005010037036063
B1624010424488N07611496WA0214902193005010036025027
B1624020424494N07611494WA0214902193005010033003007
B1624030424499N07611494WA0214902193005010035351345
B1624040424505N07611495WA0214902193005010041335320
B1624050424510N07611499WA0214902192005010048319315
B1624060424516N07611504WA0214802192005010047315296
B1624070424521N07611509WA0214702191005010045310293
B1624080424523N07611516WA0214702191005010054277280
B1624090424524N07611524WA0214702192005010052277268
B1624100424525N07611532WA0214702192005010049267256
B1624110424524N07611539WA0214802193005010050264264
B1624120424522N07611546WA0215002194005010044255247
B1624130424520N07611552WA0215002195005010038243242
B1624140424517N07611557WA0215302197005010033233217
B1624150424514N07611560WA0215702198005010029219210
B1624160424510N07611562WA0216202200005010027203222
B1624170424506N07611564WA0216202202005010026201208
B1624180424502N07611565WA0216502204005010023197209
B1624190424499N07611566WA0216902205005010022198203
B1624200424495N07611566WA0217102207005010024195204
B1624210424491N07611567WA0217102208005010028191188
B1624220424487N07611568WA0217302210005010034180163
B1624230424481N07611567WA0217402211005010034166184
B1624240424476N07611565WA0217502212005010036147135
B1624250424472N07611561WA0217502213005010039130141
B1624260424469N07611556WA0217502213005010041115112
B1624270424466N07611550WA0217602214005010039114090
B1624280424465N07611544WA0217602214005010043097079
B1624290424465N07611538WA0217602214005010041083068
B1624300424466N07611532WA0217602215005010040073063
B1624310424468N07611526WA0217702215005010039064061
B1624320424473N07611523WA0217702216005010040013054
B1624330424480N07611522WA0217702216005010043001024
B1624340424487N07611523WA0217702216005010047349355
B1624350424494N07611525WA0217602216005010052337348
B1624360424502N07611529WA0217602216005010052326320
B1624370424508N07611534WA0217602216005010050315306
B1624380424513N07611540WA0217502216005010049303292
B1624390424516N07611547WA0217402216005010049292277
B1624400424519N07611554WA0217402216005010050281267
B1624410424520N07611562WA0217402216005010051271243
B1624420424520N07611569WA0217502216005010049263243
B1624430424518N07611576WA0217502217005010046254232
B1624440424516N07611582WA0217602217005010040243222
B1624450424513N07611587WA0217602218005010031218216
B1624460424509N07611589WA0217802218005010030204195
B1624470424504N07611590WA0218002219005010030190193
B1624480424499N07611591WA0218202220005010031181186
B1624490424495N07611591WA0218202221005010030179185
B1624500424490N07611591WA0218402222005010030178182
B1624510424485N07611590WA0218502223005010030176181
B1624520424481N07611590WA0218702224005010031171169
B1624530424476N07611589WA0218702225005010033162190
B1624540424471N07611587WA0218802226005010032156177
B1624550424467N07611585WA0219002226005010031153173
B1624560424463N07611582WA0219102227005010033152175
B1624570424458N07611580WA0219102227005010033153162
B1624580424453N07611578WA0219102227005010037163171
B1624590424448N07611576WA0219102227005010037165168
B1625000424443N07611575WA0219002226005010035162166
B1625010424438N07611573WA0219002226005010032159160
B1625020424434N07611571WA0218902225005010032153160
B1625030424429N07611569WA0218802223005010031149144
B1625040424426N07611567WA0218602222005010031145137
B1625050424422N07611564WA0218602221005010030136117
B1625060424419N07611561WA0218402220005010029129137
B1625070424417N07611557WA0218202219005010030110120
B1625080424416N07611552WA0218002219005010034092120
B1625090424416N07611547WA0218002218005010034081120
B1625100424417N07611542WA0218002218005010031083116
B1625110424417N07611538WA0218002218005010024095128
B1625130424416N07611535WA0218102219005010021111131
B1625140424414N07611529WA0218402221005010021126144
B1625150424411N07611526WA0218702222005010024139154
B1625160424408N07611524WA0219002223005010025148158
B1625180424405N07611523WA0219002224005010019158162
B1625190424401N07611523WA0219302224005010028202165
B1625200424397N07611526WA0219402224005010035216197
B1625210424388N07611534WA0219402224005010035230211
B1625220424385N07611538WA0219202224005010036225220
B1625230424380N07611542WA0219002223005010041225216
B1625240424376N07611547WA0218702222005010042223217
B1625260424371N07611551WA0218702222005010042224215
B1625270424367N07611555WA0218502221005010037227215
B1625290424360N07611563WA0218102220005010031243216
B1625300424358N07611572WA0217902217005010033266244
B1625310424359N07611577WA0217702216005010034285255
B1625330424360N07611582WA0217502215005010032298276
B1625340424363N07611586WA0217502214005010031313292
B1625350424366N07611589WA0217302213005010031319312
B1625360424371N07611591WA0217102211005010030324320
B1625380424379N07611594WA0216802207005010031332340
B1625400424387N07611598WA0216402203005010034329340
B1625410424392N07611600WA0216102201005010034340339
B1625420424402N07611602WA0215902197005010035355005
B1625440424407N07611602WA0215602195005010036357007
B1625450424412N07611602WA0215402193005010034356008
B1625460424417N07611601WA0215402191005010029002008
B1625470424421N07611600WA0215202189005010032008017
B1625480424426N07611599WA0215002188005010033007022
B1625490424431N07611599WA0214902186005010034003020
B1625500424436N07611598WA0214902185005010034000017
B1625510424441N07611598WA0214802183005010035002013
B1625520424446N07611598WA0214802182005010036008015
B1625530424451N07611597WA0214802182005010034012020
B1625540424456N07611596WA0214802181005010034014026
B1625550424461N07611594WA0214902182005010034015028
B1625560424466N07611593WA0215102182005010035014029
B1625570424471N07611591WA0215302183005010033022028
B1625580424475N07611589WA0215302184005010033039037
B1625590424479N07611585WA0215602185005010037051053
B1626000424482N07611580WA0216002186005010038056063
B1626010424485N07611575WA0216302188005010036069067
B1626020424486N07611570WA0216302190005010034094079
B1626030424484N07611565WA0216702191005010035123101
B1626040424481N07611561WA0217102193005010035131125
B1626050424476N07611559WA0217402194005010037175131
B1626060424471N07611559WA0217402195005010037180168
B1626070424465N07611559WA0217702196005010040190173
B1626080424459N07611561WA0218002198005010034201182
B1626090424456N07611564WA0218302199005010027239190
B1626100424453N07611567WA0218302201005010021246227
B1626110424452N07611570WA0218502202010019018261229
B1626120424452N07611573WA0218802204010019017260240
B1626130424450N07611576WA0219002205010019016244225
B1626140424448N07611578WA0219002207005010020213213
B1626150424444N07611580WA0219102208005010037201203
B1626160424438N07611582WA0219102210005010037189201
B1626170424432N07611583WA0219102211005010034177185
B1626180424426N07611582WA0219102213005010034169190
B1626190424421N07611582WA0219002214005010032166168
B1626200424416N07611581WA0219002216005010033166179
B1626210424411N07611580WA0218902217005010034155163
B1626220424406N07611578WA0218902217005010036139173
B1626230424401N07611574WA0218902218005010038132183
B1626240424398N07611570WA0218902219005010036129161
B1626250424394N07611566WA0218802220005010032138162
B1626260424390N07611564WA0218802220005010029145157
B1626270424386N07611561WA0218802221005010030150159
B1626280424382N07611559WA0218702221005010030149158
B1626290424378N07611558WA0218702221005010031151157
B1626300424374N07611556WA0218702221005010033155159
B1626310424369N07611554WA0218602221005010035156161
B1626320424364N07611552WA0218502220005010039164162
B1626330424358N07611551WA0218302220005010040172168
B1626340424352N07611551WA0218102219005010043183175
B1626350424345N07611552WA0218102218005010041185184
B1626360424339N07611553WA0217902217005010037191186
B1626370424334N07611554WA0217702217005010035195191
B1626380424329N07611556WA0217702216005010033205193
B1626390424325N07611558WA0217502215005010031217202
B1626400424324N07611563WA0217202214005010043273211
B1626410424325N07611570WA0217002212005010040283268
B1626420424327N07611576WA0217002211005010039289277
B1626430424331N07611579WA0216702209005010034335283
B1626440424336N07611581WA0216502208005010034336337
B1626450424342N07611582WA0216202206005010032330338
B1626460424348N07611583WA0216202204005010033333332
B1626470424354N07611585WA0216002202005010034336335
B1626480424359N07611587WA0215902200005010033336339
B1626490424364N07611589WA0215702199005010031334339
B1626500424368N07611591WA0215502198005010029330337
B1626510424372N07611593WA0215502196005010028327332
B1626520424376N07611596WA0215402193005010031322329
B1626530424380N07611599WA0215102191005010036324324
B1626540424385N07611602WA0214902188005010039330325
B1626550424390N07611604WA0214902186005010038333332
B1626560424396N07611607WA0214602183005010035338335
B1626570424401N07611607WA0214402181005010034359342
B1626580424406N07611607WA0214102179005010034007006
B1626590424411N07611606WA0214102178005010031014015
B1627000424416N07611604WA0214002176005010029024024
B1627010424420N07611602WA0213902175005010030033034
B1627020424424N07611599WA0213802174005010031038047
B1627030424428N07611596WA0213802172005010033032050
B1627040424433N07611593WA0213802171005010036027044
B1627050424437N07611591WA0213702170005010037032038
B1627060424442N07611587WA0213702169005010037044042
B1627070424446N07611583WA0213702168005010037055054
B1627080424448N07611578WA0213602167005010036066063
B1627090424450N07611573WA0213502166005010035071074
B1627100424452N07611568WA0213402165005010032071079
B1627110424453N07611564WA0213402164005010026068079
B1627120424454N07611561WA0213402163005010027070077
B1627130424456N07611557WA0213402162005010032078078
B1627140424457N07611552WA0213302161005010035077085
B1627150424458N07611547WA0213302161005010036072089
B1627160424460N07611542WA0213302160005010035069083
B1627170424462N07611537WA0213202159005010034066082
B1627180424464N07611532WA0213202159005010034063077
B1627190424466N07611527WA0213202159005010036062074
B1627200424469N07611523WA0213202159005010038056072
B1627210424472N07611518WA0213202160005010039051067
B1627220424476N07611514WA0213402161005010036050061
B1627230424479N07611510WA0213402161005010030062059
B1627240424481N07611506WA0213602162005010027075072
B1627250424481N07611501WA0213802163005010032089083
B1627260424481N07611497WA0214102164005010035089095
B1627270424480N07611492WA0214102165005010031102095
B1627280424479N07611488WA0214302166005010029121106
B1627290424476N07611484WA0214502168005010030140122
B1627300424472N07611482WA0214802169005010032152138
B1627310424467N07611480WA0214802171005010035156149
B1627320424462N07611478WA0215002172005010036158152
B1627330424457N07611476WA0215302173005010036155156
B1627340424452N07611474WA0215502174005010031150152
B1627350424448N07611472WA0215502176005010027153148
B1627360424445N07611470WA0215802177005010029161149
B1627370424440N07611469WA0216002178005010033164158
B1627380424435N07611468WA0216202179005010032160161
B1627390424431N07611466WA0216202180005010030162157
B1627400424427N07611465WA0216402181005010026160159
B1627410424423N07611464WA0216602183005010026166156
B1627420424419N07611463WA0216802184005010028177161
B1627430424415N07611463WA0216802186005010028189171
B1627440424411N07611464WA0216902187005010027197182
B1627450424407N07611466WA0217202189005010028216189
B1627460424404N07611469WA0217402191005010028235206
B1627470424402N07611473WA0217402192005010029244226
B1627480424400N07611476WA0217702194005010027248240
B1627490424398N07611480WA0217902195005010026243243
B1627500424396N07611483WA0218202197005010026234242
B1627510424394N07611487WA0218202199005010027235232
B1627520424391N07611490WA0218302200005010026234237
B1627530424388N07611493WA0218502202005010026228230
B1627540424385N07611495WA0218702203005010026221235
B1627550424382N07611498WA0218702205005010027215237
B1627560424378N07611500WA0218802207005010028212236
B1627570424374N07611502WA0219002209005010031214231
B1627580424370N07611505WA0219202211005010030219223
B1627590424367N07611508WA0219202213005010029234224
B1628000424365N07611512WA0219402214005010029255231
B1628010424364N07611516WA0219502216005010028249251
B1628020424362N07611520WA0219702217005010028243250
B1628030424360N07611523WA0219702218005010027232253
B1628040424357N07611526WA0219802219005010027229240
B1628050424354N07611529WA0219802221005010027229234
B1628060424351N07611532WA0219802222005010027231230
B1628070424348N07611535WA0219802223005010027228233
B1628080424345N07611538WA0219802223005010031221238
B1628090424341N07611541WA0219702224005010034216235
B1628100424337N07611544WA0219602224005010034217230
B1628110424333N07611547WA0219602225005010034226228
B1628120424329N07611551WA0219502225005010035236224
B1628130424326N07611556WA0219502226005010035241235
B1628140424324N07611560WA0219402226005010034241228
B1628150424321N07611564WA0219402226005010033232223
B1628160424317N07611568WA0219402225005010034219211
B1628170424313N07611571WA0219402225005010034213202
B1628180424308N07611573WA0219302225005010035189209
B1628190424302N07611574WA0219302224005010035178188
B1628200424297N07611573WA0219202224005010035172198
B1628210424291N07611573WA0219202224005010034170176
B1628220424286N07611572WA0219102223005010033164175
B1628230424281N07611570WA0219102222005010032155182
B1628240424277N07611568WA0219002221005010035149181
B1628250424272N07611565WA0218902220005010038152176
B1628260424267N07611562WA0218802220005010039154169
B1628270424261N07611560WA0218802219005010039156168
B1628280424256N07611558WA0218702218005010037158165
B1628290424250N07611556WA0218602217005010037157163
B1628300424245N07611554WA0218502216005010038159163
B1628310424239N07611552WA0218502216005010045167164
B1628320424232N07611550WA0218502215005010046166169
B1628330424225N07611549WA0218402214005010045162177
B1628340424219N07611546WA0218402214005010041150181
B1628350424214N07611543WA0218402213005010041150175
B1628360424208N07611540WA0218402213005010042158169
B1628370424202N07611538WA0218302212005010044163169
B1628380424196N07611536WA0218302211005010045160176
B1628390424190N07611534WA0218302211005010044159173
B1628400424184N07611531WA0218302210005010040158183
B1628410424178N07611530WA0218202210005010041165175
B1628420424172N07611528WA0218102208005010040165169
B1628430424166N07611526WA0218102207005010042162177
B1628440424160N07611524WA0218002206005010044153198
B1628450424154N07611521WA0217802204005010044150186
B1628460424149N07611518WA0217502202005010044150180
B1628470424143N07611514WA0217502200005010045152165
B1628480424136N07611511WA0217202198005010046154166
B1628490424130N07611508WA0216802195005010048151163
B1628500424124N07611504WA0216402193005010049143190
B1628510424118N07611500WA0216402191005010047142185
B1628520424112N07611496WA0216002188005010046144173
B1628530424107N07611492WA0215602186005010043146155
B1628540424101N07611488WA0215202183005010043144156
B1628550424096N07611484WA0215202181005010043139161
B1628560424092N07611480WA0214802179005010047124171
B1628570424088N07611474WA0214502176005010049117177
B1628580424085N07611467WA0214202174005010045118174
B1628590424082N07611462WA0214002172005010041126167
B1629000424078N07611457WA0214002170005010039132164
B1629010424074N07611453WA0213702168005010040133163
B1629020424066N07611443WA0213602165005010041126168
B1629030424062N07611439WA0213402163005010042127168
B1629040424058N07611434WA0213402161005010042129167
B1629050424054N07611429WA0213302160005010043131165
B1629060424050N07611424WA0213202158005010042131173
B1629070424046N07611420WA0213102157005010041129164
B1629080424042N07611415WA0213102156005010040129170
B1629090424038N07611410WA0212902155005010041130173
B1629100424034N07611406WA0212802153005010042132170
B1629110424029N07611401WA0212702152005010042133167
B1629120424025N07611396WA0212702151005010043133168
B1629130424021N07611392WA0212502149005010043131165
B1629140424016N07611387WA0212302148005010042129168
B1629150424012N07611382WA0212202147005010042129168
B1629160424008N07611377WA0212202145005010044129167
B1629170424004N07611372WA0212002144005010045130161
B1629180424000N07611367WA0211802143005010045130160
B1629190423995N07611362WA0211702141005010044128169
B1629200423991N07611357WA0211702140005010041133170
B1629210423987N07611353WA0211502139005010038135182
B1629220423983N07611349WA0211402138005010039139186
B1629230423978N07611346WA0211202137005010040142189
B1629240423973N07611342WA0211202136005010042146184
B1629250423968N07611339WA0211102135005010043148190
B1629260423962N07611336WA0211002133005010042149189
B1629270423957N07611333WA0210902132005010040151188
B1629280423952N07611330WA0210902131005010038150187
B1629290423946N07611327WA0210702130005010039151188
B1629300423941N07611325WA0210602129005010039151188
B1629310423936N07611322WA0210402127005010040153191
B1629320423930N07611320WA0210402126005010042158195
B1629330423925N07611318WA0210202124005010041158192
B1629340423919N07611315WA0210102123005010040157192
B1629350423913N07611313WA0209902122005010039156197
B1629360423908N07611311WA0209702120005010039160200
B1629370423902N07611309WA0209702119005010040161202
B1629380423896N07611308WA0209502117005010042168198
B1629390423890N07611306WA0209302115005010041168194
B1629400423884N07611305WA0209302114005010040165195
B1629410423878N07611304WA0209202112005010040163199
B1629420423872N07611302WA0209002111005010040163203
B1629430423867N07611300WA0208802109005010040165205
B1629440423861N07611299WA0208802108005010042170206
B1629450423854N07611298WA0208602106005010042170205
B1629460423848N07611297WA0208402105005010041171211
B1629470423842N07611297WA0208202103005010040175215
B1629480423836N07611296WA0208002102005010040176209
B1629490423830N07611296WA0208002100005010040178207
B1629500423824N07611296WA0207902099005010041178205
B1629510423818N07611296WA0207702097005010042178206
B1629520423811N07611296WA0207502096005010041177206
B1629530423805N07611296WA0207502095005010041179200
B1629540423799N07611296WA0207402094005010040179195
B1629550423793N07611295WA0207202092005010041177195
B1629560423787N07611295WA0207002091005010042175201
B1629570423780N07611294WA0207002089005010042171203
B1629580423774N07611293WA0206802088005010040171204
B1629590423768N07611293WA0206602087005010038173193
B1630000423763N07611292WA0206502086005010037174189
B1630010423757N07611291WA0206502085005010034170188
B1630020423752N07611290WA0206302083005010035169187
B1630030423747N07611289WA0206202081005010036164183
B1630040423742N07611288WA0206002080005010036161177
B1630050423737N07611286WA0206002078005010036157175
B1630060423732N07611283WA0205802076005010035152178
B1630070423728N07611281WA0205502075005010034150169
B1630080423723N07611278WA0205302073005010034148170
B1630090423719N07611275WA0205302071005010035143173
B1630100423715N07611272WA0205102070005010035139170
B1630110423711N07611268WA0204902068005010035134163
B1630120423707N07611264WA0204702067005010035135161
B1630130423703N07611260WA0204702065005010036135167
B1630140423700N07611257WA0204502064005010036136165
B1630150423696N07611253WA0204402063005010034134170
B1630160423692N07611249WA0204202062005010032135163
B1630170423689N07611246WA0204202061005010032134163
B1630180423685N07611243WA0204202060005010035134168
B1630190423681N07611239WA0204102059005010039139175
B1630200423676N07611235WA0204002058005010042142173
B1630210423671N07611231WA0204002057005010041142169
B1630220423667N07611228WA0203902056005010035141163
B1630230423663N07611224WA0203802055005010031128166
B1630240423660N07611221WA0203802055005010031133172
B1630250423657N07611218WA0203802055005010036140173
B1630260423652N07611214WA0203802055005010042140167
B1630270423648N07611209WA0203702054005010041133167
B1630280423644N07611205WA0203702054005010037127173
B1630290423641N07611201WA0203702054005010029118181
B1630300423639N07611197WA0203802054005010026126181
B1630310423637N07611194WA0203802054005010028131174
B1630320423633N07611192WA0203802053005010032154165
B1630330423628N07611190WA0203802053005010036153167
B1630340423624N07611187WA0203802052005010039144174
B1630350423619N07611183WA0203702051005010032137182
B1630360423616N07611180WA0203602051005010027137180
B1630370423613N07611178WA0203602052005010026142173
B1630380423610N07611175WA0203502052005010024148174
B1630390423606N07611173WA0203502052005010030144182
B1630400423602N07611171WA0203502052005010035148182
B1630410423598N07611168WA0203502052005010035153184
B1630420423593N07611166WA0203402051005010030158181
B1630430423589N07611164WA0203402052005010029159182
B1630440423585N07611163WA0203402052005010027167182
B1630450423581N07611163WA0203402052005010029171180
B1630460423576N07611162WA0203302051005010032170181
B1630470423571N07611161WA0203202051005010034168179
B1630480423566N07611160WA0203002051005010033164177
B1630490423562N07611158WA0203002051005010030160171
B1630500423557N07611157WA0203002051005010029159174
B1630520423553N07611155WA0202902051005010032155177
B1630530423543N07611151WA0202802050005010036160189
B1630540423538N07611149WA0202602050005010035161181
B1630550423534N07611147WA0202502050005010033159180
B1630560423529N07611146WA0202402049005010032159182
B1630570423524N07611144WA0202402049005010032157180
B1630580423520N07611142WA0202302048005010033158182
E163058TPCWaypoint 017 reached
B1630590423515N07611140WA0202102047005010036160181
B1631000423510N07611138WA0202002046005010037159186
B1631010423505N07611136WA0202002045005010036158187
B1631020423500N07611135WA0201802043005010035159185
B1631030423495N07611133WA0201602042005010034161182
B1631040423490N07611131WA0201502041005010035163182
B1631050423485N07611130WA0201502040005010036163178
B1631060423479N07611128WA0201302039005010038159175
B1631070423474N07611126WA0201102037005010039157185
B1631080423469N07611124WA0201002036005010038157183
B1631090423464N07611121WA0201002034005010038156177
B1631110423459N07611119WA0200802033005010036152170
B1631120423450N07611113WA0200602031005010036142173
B1631130423445N07611110WA0200602031005010035141176
B1631150423441N07611106WA0200502030005010035143171
B1631160423432N07611100WA0200502029005010038142176
B1631170423428N07611097WA0200502029005010037140180
B1631190423424N07611093WA0200502029005010036142182
B1631210423415N07611087WA0200602029005010036148170
B1631220423406N07611081WA0200702029005010034141178
B1631230423402N07611078WA0200702028005010035143185
B1631240423398N07611075WA0200802028005010036146189
B1631250423393N07611072WA0200802028005010038150181
B1631260423388N07611069WA0200802028005010039153180
B1631270423383N07611067WA0200702027005010038149185
B1631290423378N07611064WA0200602027005010037150187
B1631300423368N07611059WA0200502026005010037155174
B1631310423363N07611057WA0200402026005010037150178
B1631320423358N07611054WA0200302025005010037147184
B1631340423353N07611051WA0200302024005010039147188
B1631360423343N07611045WA0200002022005010041157182
B1631370423337N07611043WA0199902021005010040158182
B1631380423332N07611041WA0199702020005010037154176
B1631390423327N07611038WA0199702019005010036147178
B1631400423322N07611035WA0199602018005010037145181
B1631410423318N07611032WA0199402017005010039148190
B1631420423313N07611029WA0199302016005010039150192
B1631430423307N07611026WA0199302014005010039154170
B1631440423302N07611024WA0199202013005010039151165
B1631450423297N07611021WA0199002012005010038147178
B1631460423292N07611018WA0198902011005010039141189
B1631470423288N07611014WA0198902010005010038147183
B1631480423283N07611012WA0198702008005010036153173
B1631490423278N07611010WA0198602007005010036154163
B1631500423273N07611007WA0198502006005010035151170
B1631510423269N07611004WA0198502005005010035146169
B1631520423264N07611001WA0198302003005010038139182
B1631530423260N07610997WA0198102002005010039141175
B1631540423256N07610994WA0197802001005010038140183
B1631550423251N07610990WA0197801999005010035143166
B1631560423247N07610987WA0197601998005010030143173
B1631570423244N07610985WA0197401996005010029149161
B1631580423240N07610983WA0197401995005010030151163
B1631590423236N07610980WA0197201994005010032151165
B1632000423231N07610978WA0197001992005010035140171
B1632010423227N07610974WA0196701990005010041139178
B1632020423222N07610970WA0196401988005010039140186
B1632030423218N07610966WA0196401986005010039143183
B1632040423213N07610963WA0196101984005010039146174
B1632050423208N07610960WA0195801982005010038150172
B1632060423203N07610958WA0195801980005010037155179
B1632070423198N07610956WA0195501978005010039152185
B1632080423192N07610953WA0195201976005010040152193
B1632090423187N07610950WA0194901974005010040153196
B1632100423182N07610948WA0194701972005010039157179
B1632110423177N07610945WA0194701970005010035155178
B1632120423172N07610943WA0194401968005010035147182
B1632130423168N07610940WA0194201966005010036141188
B1632140423163N07610937WA0193901964005010036143193
B1632150423159N07610934WA0193901962005010036150183
B1632160423154N07610932WA0193701959005010036157179
B1632170423149N07610930WA0193501957005010039155173
B1632180423144N07610927WA0193201954005010040150180
B1632190423138N07610924WA0193201952005010040150185
B1632200423133N07610921WA0193001950005010040150178
B1632210423128N07610918WA0192701947005010040151172
B1632220423123N07610916WA0192401945005010039151177
B1632230423117N07610913WA0192401943005010040149179
B1632240423112N07610910WA0192201940005010041150189
B1632250423107N07610907WA0191901938005010041151190
B1632260423102N07610904WA0191701936005010040152178
B1632270423097N07610901WA0191701934005010036148174
B1632280423092N07610898WA0191601932005010037145168
B1632290423088N07610895WA0191401930005010038145171
B1632300423083N07610891WA0191101928005010046140186
B1632310423077N07610886WA0191101926005010047140187
B1632320423072N07610882WA0190901924005010043145180
B1632330423067N07610879WA0190701922005010036142163
B1632340423063N07610875WA0190501920005010033138166
B1632350423059N07610872WA0190501919005010036137173
B1632360423055N07610868WA0190401917005010037139177
B1632370423051N07610865WA0190201915005010039141184
B1632380423046N07610861WA0190101914005010040143177
B1632390423041N07610857WA0190101912005010039141172
B1632400423037N07610853WA0190001910005010038135186
B1632410423033N07610849WA0189801909005010035131179
B1632420423029N07610845WA0189601907005010035132177
B1632430423026N07610842WA0189601906005010036134169
B1632440423022N07610838WA0189401905005010037138167
B1632450423018N07610834WA0189301903005010037136169
B1632460423014N07610830WA0189101902005010038135177
B1632470423009N07610826WA0189101900005010041137178
B1632480423005N07610822WA0188901898005010041140176
B1632490423000N07610818WA0188801897005010040142170
B1632500422995N07610815WA0188601896005010039142171
B1632510422990N07610811WA0188601894005010038140172
B1632520422986N07610807WA0188401893005010039142183
B1632530422981N07610804WA0188201892005010040144186
B1632540422976N07610800WA0188001890005010042147172
B1632550422970N07610797WA0188001888005010042148168
B1632560422965N07610794WA0187801887005010039144172
B1632570422960N07610791WA0187601885005010035143174
B1632580422956N07610788WA0187401883005010035145172
B1632590422952N07610785WA0187401881005010036144176
B1633000422947N07610781WA0187101879005010036143174
B1633010422943N07610778WA0186901878005010033139174
B1633020422939N07610775WA0186601876005010031137172
B1633030422936N07610772WA0186601874005010030138170
B1633040422933N07610769WA0186401873005010030139167
B1633050422929N07610766WA0186201871005010031138165
B1633060422926N07610763WA0186001870005010032136168
B1633070422922N07610760WA0186001868005010033135175
B1633080422919N07610757WA0185801867005010033136182
B1633090422915N07610753WA0185701865005010032140175
B1633100422911N07610751WA0185401863005010032146171
B1633110422907N07610748WA0185401861005010032144165
B1633120422904N07610745WA0185201859005010031135175
B1633130422900N07610741WA0184901858005010032132176
B1633140422897N07610738WA0184701856005010031136178
B1633150422893N07610735WA0184701854005010032142168
B1633160422889N07610732WA0184401851005010032143155
B1633170422885N07610729WA0184101849005010033138165
B1633180422882N07610726WA0183801847005010033132174
B1633190422878N07610722WA0183801844005010033133185
B1633200422875N07610719WA0183501842005010033138176
B1633210422871N07610715WA0183201840005010034139175
B1633220422867N07610712WA0182901837005010034139174
B1633230422863N07610709WA0182901835005010033137178
B1633240422860N07610705WA0182601833005010034137174
B1633250422856N07610702WA0182301830005010034137177
B1633260422852N07610699WA0182001828005010035138175
B1633270422848N07610695WA0182001826005010036139173
B1633280422844N07610691WA0181801823005010036139168
B1633290422840N07610688WA0181501821005010036137166
B1633300422836N07610684WA0181201819005010036136170
B1633310422832N07610680WA0181201817005010037135176
B1633320422828N07610676WA0180901814005010037132172
B1633330422824N07610672WA0180701812005010033132177
B1633340422821N07610669WA0180501810005010031127177
B1633350422819N07610665WA0180501808005010029125162
B1633360422816N07610661WA0180301806005010028122176
B1633370422814N07610657WA0180201804005010032123173
B1633380422812N07610653WA0180101802005010033117180
B1633390422809N07610649WA0180101800005010031120187
B1633400422807N07610645WA0180001798005010028127180
B1633410422804N07610643WA0179801795005010026151174
B1633420422801N07610641WA0179601793005010028152172
B1633430422796N07610639WA0179601790005010032153193
B1633440422792N07610636WA0179201788005010034157202
B1633450422787N07610635WA0178801785005010034169197
B1633460422782N07610634WA0178401783005010034170185
B1633470422777N07610634WA0178401780005010032181189
B1633480422772N07610634WA0177901778005010033179186
B1633490422767N07610633WA0177501775005010035175190
B1633500422761N07610633WA0177101773005010035171195
B1633510422756N07610632WA0177101770005010032165186
B1633520422752N07610630WA0176801769005010031163184
B1633530422747N07610629WA0176601767005010032161182
B1633540422742N07610627WA0176401765005010037155189
B1633550422737N07610624WA0176401763005010038154190
B1633560422732N07610622WA0176201762005010038155187
B1633570422727N07610619WA0176101760005010037155173
B1633580422722N07610617WA0175901758005010035154184
B1633590422717N07610614WA0175901756005010035153175
B1634000422712N07610612WA0175701754005010035153169
B1634010422708N07610610WA0175501753005010036153176
B1634020422703N07610607WA0175401751005010036150170
B1634030422698N07610604WA0175401749005010036142173
B1634040422694N07610601WA0175201747005010035143177
B1634050422690N07610598WA0175001746005010035145180
B1634060422685N07610595WA0174801744005010036149175
B1634070422681N07610592WA0174801743005010036152173
B1634080422676N07610589WA0174501741005010035151174
B1634090422671N07610587WA0174301739005010035151180
B1634100422667N07610585WA0174101738005010036151177
B1634110422662N07610582WA0174101736005010037153173
B1634120422657N07610579WA0173901735005010038153174
B1634130422651N07610577WA0173701733005010037152182
B1634140422647N07610574WA0173601732005010036143184
B1634150422643N07610571WA0173601731005010034141186
B1634160422638N07610568WA0173401731005010033144189
B1634170422634N07610565WA0173401730005010033148182
B1634180422630N07610562WA0173301729005010033151169
B1634190422626N07610560WA0173301729005010034148173
B1634200422621N07610557WA0173301728005010035143180
B1634210422617N07610554WA0173301728005010036141171
B1634220422612N07610550WA0173201727005010041140189
B1634230422608N07610546WA0173201727005010040142197
B1634240422603N07610542WA0173201727005010039141179
B1634250422599N07610539WA0173201728005010031137175
B1634260422596N07610536WA0173301728005010029135176
B1634270422593N07610532WA0173301728005010029132184
B1634280422590N07610529WA0173401728005010032135180
B1634290422586N07610526WA0173401728005010036138172
B1634300422581N07610522WA0173301727005010039142175
B1634310422577N07610519WA0173301727005010039142167
B1634320422572N07610515WA0173101727005010033138170
B1634330422569N07610512WA0172901727005010031140167
B1634340422565N07610510WA0172701727005010030145166
B1634350422561N07610507WA0172501726005010032149157
B1634360422557N07610505WA0172501726005010033149173
B1634370422552N07610502WA0172301726005010034145165
B1634380422549N07610499WA0172101725005010031141183
B1634390422545N07610496WA0172001725005010028141175
B1634400422542N07610494WA0172001725005010023141174
B1634410422539N07610492WA0172001725005010025145177
B1634420422536N07610490WA0172001725005010028148173
B1634430422532N07610487WA0172001725005010033151177
B1634440422527N07610485WA0172001725005010036154188
B1634450422522N07610483WA0172101725005010037154178
B1634460422517N07610480WA0172201725005010036155182
B1634470422512N07610478WA0172301725005010036154172
B1634480422507N07610475WA0172301726005010036152190
B1634490422502N07610473WA0172401726005010036152172
B1634500422497N07610470WA0172501726005010037152183
B1634510422492N07610468WA0172701726005010036152174
B1634520422488N07610465WA0172701727005010036152174
B1634530422483N07610463WA0172801727005010034151186
B1634540422478N07610460WA0173001727005010032153175
B1634550422474N07610458WA0173101728005010028154168
B1634560422471N07610456WA0173101728005010027153174
B1634570422467N07610455WA0173301729005010027153176
B1634580422464N07610453WA0173501729005010027150171
B1634590422460N07610451WA0173601730005010027147181
B1635000422456N07610448WA0173601731005010029147175
B1635010422449N07610444WA0173801732005010029150176
B1635020422445N07610442WA0173901733005010029149178
B1635030422441N07610439WA0174001733005010029147176
B1635040422438N07610437WA0174001734005010029145182
B1635050422434N07610434WA0174101735005010030147183
B1635060422430N07610432WA0174201735005010031152175
B1635070422426N07610430WA0174301736005010032153187
B1635080422422N07610428WA0174301737005010030150182
B1635090422418N07610425WA0174301738005010030149183
B1635100422414N07610423WA0174401740005010028148182
B1635110422411N07610421WA0174501741005010027147181
B1635120422407N07610418WA0174501742005010029148177
B1635130422403N07610416WA0174501743005010030150182
B1635140422399N07610414WA0174601743005010032151187
B1635150422395N07610411WA0174701744005010031148193
B1635160422391N07610409WA0174701745005010030149184
B1635170422387N07610407WA0174701746005010031152185
B1635180422383N07610405WA0174801746005010034155182
B1635190422378N07610402WA0174801746005010036153183
B1635200422373N07610400WA0174801747005010033149181
B1635210422369N07610397WA0174801748005010033149177
B1635220422365N07610395WA0174801749005010032149178
B1635230422361N07610392WA0174901750005010033149175
B1635240422356N07610390WA0174901750005010033144182
B1635250422352N07610387WA0174901751005010031145169
B1635260422348N07610385WA0175001752005010031152175
B1635270422344N07610383WA0175101753005010031158179
B1635280422340N07610381WA0175101754005010031158172
B1635290422336N07610379WA0175301754005010030156169
B1635300422332N07610377WA0175401755005010029153169
B1635310422328N07610375WA0175501756005010029150170
B1635320422324N07610373WA0175501757005010030149195
B1635330422320N07610371WA0175701758005010035157199
B1635340422315N07610369WA0175801759005010040170219
B1635350422308N07610369WA0175901759005010043183235
B1635360422302N07610370WA0175901760005010044197250
B1635370422296N07610373WA0176001761005010042212257
B1635380422291N07610377WA0176001761005010048234267
B1635390422288N07610384WA0176101761005010054246283
B1635400422285N07610392WA0176101762005010055255291
B1635410422284N07610400WA0176101762005010055266299
B1635420422284N07610408WA0176201763005010054277310
B1635430422286N07610416WA0176301764005010053284320
B1635440422289N07610423WA0176301764005010051312327
B1635450422295N07610427WA0176401765005010046327347
B1635460422301N07610430WA0176501765005010040340357
B1635470422306N07610431WA0176601765005010036357007
B1635480422311N07610430WA0176601766005010031017019
B1635490422315N07610428WA0176701766005010030046033
B1635500422317N07610424WA0176701766005010028081051
B1635510422316N07610419WA0176801766005010028117073
B1635520422313N07610416WA0176801767005010034135098
B1635530422308N07610413WA0176801767005010036159115
B1635540422302N07610411WA0176901767005010039167137
B1635550422296N07610411WA0177001766005010045189147
B1635560422289N07610413WA0177001766010019044208171
B1635570422284N07610417WA0177101766010019045222191
B1635580422279N07610423WA0177101766005010058243208
B1635590422276N07610432WA0177201765005010062257239
B1636000422275N07610441WA0177301765005010058269257
B1636010422276N07610450WA0177301765005010050281272
B1636020422277N07610457WA0177401764005010044293289
B1636030422281N07610463WA0177401764005010043308307
B1636040422285N07610467WA0177401764010019041323327
B1636050422291N07610471WA0177501764010019040336345
B1636060422296N07610472WA0177501763005010037348357
B1636070422302N07610473WA0177601763005010034005010
B1636080422307N07610472WA0177601763005010033020025
B1636090422312N07610471WA0177601764005010032039038
B1636100422316N07610467WA0177601764005010033056052
B1636110422319N07610463WA0177501764005010030066063
B1636120422320N07610459WA0177501764005010027078071
B1636130422322N07610455WA0177501765005010025088079
B1636140422322N07610451WA0177601766005010021094085
B1636150422322N07610448WA0177601766005010022101088
B1636160422321N07610445WA0177601767005010024100092
B1636170422320N07610441WA0177701767005010027102092
B1636180422319N07610437WA0177801767005010030105094
B1636190422318N07610433WA0177901768005010031104097
B1636200422317N07610429WA0177901769005010030105097
B1636210422316N07610425WA0177901770005010022104097
B1636220422315N07610422WA0178001771005010023105094
B1636230422314N07610419WA0178101772005010025104099
B1636240422313N07610415WA0178201774005010026103100
B1636250422312N07610411WA0178201775005010026097099
B1636260422312N07610408WA0178401777005010020095094
B1636270422311N07610405WA0178701778005010017096090
B1636280422311N07610403WA0178901780005010017100092
B1636290422311N07610400WA0178901781005010025087090
B1636300422312N07610396WA0179101783005010033069073
B1636310422314N07610392WA0179301784005010035041058
B1636320422319N07610389WA0179401785005010041020033
B1636330422325N07610388WA0179401786005010043355013
B1636340422331N07610390WA0179501788005010042336348
B1636350422337N07610393WA0179601790005010045318332
B1636360422341N07610398WA0179601791005010046297310
B1636370422343N07610405WA0179601793005010048277286
B1636380422343N07610413WA0179701794005010048258267
B1636390422340N07610419WA0179901795005010047243239
B1636400422336N07610425WA0180001796005010046234219
B1636410422332N07610430WA0180001797005010042216202
B1636420422326N07610433WA0180201798005010039204181
B1636430422321N07610435WA0180301799005010038193185
B1636440422315N07610435WA0180501800005010034182162
B1636450422310N07610434WA0180501802005010028162142
B1636460422307N07610432WA0180601803005010027133131
B1636470422304N07610429WA0180801804005010027117118
B1636480422303N07610425WA0180901806005010026089091
B1636490422304N07610421WA0180901807005010026070061
B1636500422306N07610417WA0181101809005010028042055
B1636510422310N07610415WA0181301810005010034025035
B1636520422316N07610413WA0181501812005010041008007
B1636530422322N07610413WA0181501813005010044348330
B1636540422329N07610415WA0181601815005010046335318
B1636550422335N07610419WA0181801816005010045326305
B1636560422340N07610423WA0181901818005010043318302
B1636570422344N07610428WA0181901819005010039313304
B1636580422347N07610432WA0182101821005010033314298
B1636590422350N07610435WA0182201821005010024315306
B1637000422352N07610437WA0182401822005010016316312
B1637010422353N07610438WA0182401822005010007311336
B1637020422352N07610439WA0182601822005010007201073
B1637030422348N07610440WA0182701823005010020189132
B1637040422342N07610442WA0182901823005010021182156
B1637050422335N07610443WA0182901823005010021171155
B1637060422329N07610443WA0183101823005010018164159
B1637070422325N07610443WA0183401823005010016156155
B1637080422320N07610443WA0183601823005010016157148
B1637090422314N07610444WA0183601823005010017160142
B1637100422308N07610444WA0183901823005010018161139
B1637110422303N07610445WA0184101823005010018156138
B1637120422299N07610444WA0184401823005010019138133
B1637130422295N07610442WA0184401824005010020135127
B1637140422292N07610439WA0184601824005010022131105
B1637150422289N07610436WA0184801824005010022125089
B1637160422287N07610434WA0185101825005010020092082
B1637170422287N07610430WA0185101826005010018054071
B1637180422288N07610428WA0185301827005010024021057
B1637190422292N07610427WA0185601829005010029004019
B1637200422297N07610428WA0185901831005010038341357
B1637210422302N07610429WA0185901833005010039337334
B1637220422308N07610432WA0186301835005010041329330
B1637230422311N07610437WA0186601836005010044278318
B1637240422310N07610445WA0186801838005010045266263
B1637250422309N07610452WA0186801840005010044254254
B1637260422305N07610457WA0187001842005010041215237
B1637270422299N07610460WA0187301843005010038197193
B1637280422294N07610461WA0187501845005010038194171
B1637290422288N07610462WA0187501846005010035192156
B1637300422283N07610463WA0187801847005010033185161
B1637310422279N07610462WA0188101847005010020126138
B1637320422277N07610460WA0188401848005010021113114
B1637330422276N07610457WA0188401848005010020093095
B1637340422276N07610454WA0188701849005010021071074
B1637350422277N07610451WA0189101850005010023056064
B1637360422280N07610448WA0189401850005010025038038
B1637370422284N07610447WA0189401851005010027018029
B1637380422289N07610446WA0189701852005010029000013
B1637390422293N07610447WA0189901853005010032321000
B1637400422297N07610451WA0190101854005010035305329
B1637410422300N07610456WA0190101855005010039291305
B1637420422301N07610462WA0190401857005010041281277
B1637430422301N07610469WA0190601858005010042268256
B1637440422300N07610475WA0190901859005010043256244
B1637450422297N07610480WA0190901861005010041217228
B1637460422291N07610483WA0191101862005010042202196
B1637470422285N07610484WA0191401864005010041189179
B1637480422279N07610485WA0191601865005010039181154
B1637490422273N07610484WA0191601866005010036164128
B1637500422268N07610483WA0191901868005010036161116
B1637510422263N07610481WA0192101869005010035158116
B1637520422258N07610479WA0192401871005010031161113
B1637530422257N07610477WA0192401872005010020041115
B1637540422259N07610475WA0192601873005010019027048
B1637550422263N07610473WA0192801874005010019003034
B1637560422266N07610473WA0192901875005010023341024
B1637570422270N07610475WA0192901877005010027336021
B1637580422275N07610477WA0193001878005010031338013
B1637590422279N07610479WA0193201879005010032335003
B1638000422284N07610481WA0193301881005010028321335
B1638010422287N07610484WA0193301882005010027308324
B1638020422289N07610488WA0193501884005010031292309
B1638030422290N07610493WA0193801886005010042272284
B1638040422290N07610500WA0194001887005010048259255
B1638050422287N07610506WA0194001890005010049243229
B1638060422283N07610512WA0194301892005010049226217
B1638070422277N07610516WA0194501895005010050214199
B1638080422271N07610520WA0194701897005010049206185
B1638090422264N07610521WA0194701898005010046184158
B1638100422257N07610522WA0194801900005010045183136
B1638110422252N07610520WA0195001902005010035151129
B1638120422247N07610518WA0195301904005010035146103
B1638130422245N07610514WA0195301905005010027101117
B1638140422244N07610510WA0195501907005010019095087
B1638150422244N07610507WA0195701908005010014086075
B1638160422244N07610505WA0196001909005010011063060
B1638170422246N07610504WA0196001911005010015028048
B1638180422249N07610503WA0196201912005010021006039
B1638190422254N07610503WA0196401914005010028006001
B1638200422259N07610503WA0196601915005010027351353
B1638210422263N07610504WA0196601917005010028334351
B1638220422267N07610507WA0196701918005010031316342
B1638230422269N07610512WA0196901919005010051278327
B1638240422270N07610520WA0197001920005010055275277
B1638250422269N07610529WA0197001922005010054255257
B1638260422266N07610536WA0197101924005010054234240
B1638270422260N07610541WA0197301926005010054216213
B1638280422254N07610546WA0197501928005010054212193
B1638290422247N07610548WA0197501929005010044188177
B1638300422241N07610549WA0197701931005010040180158
B1638310422235N07610548WA0197901932005010038173145
B1638320422231N07610546WA0198201934005010029128129
B1638330422228N07610542WA0198201935005010027115105
B1638340422228N07610538WA0198401938005010022112090
B1638350422227N07610534WA0198601940005010018110082
B1638360422227N07610531WA0198801942005010017088073
B1638370422228N07610528WA0198801944005010022063070
B1638380422231N07610526WA0199001946005010026052055
B1638390422234N07610522WA0199101949005010028039038
B1638400422239N07610520WA0199101950005010030017061
B1638410422243N07610519WA0199101952005010028010052
B1638420422247N07610519WA0199201955005010028335055
B1638430422251N07610520WA0199301957005010025335049
B1638440422254N07610522WA0199401959005010024337050
B1638450422257N07610522WA0199601961005010019353039
B1638460422260N07610522WA0199901964005010015007040
B1638470422262N07610522WA0200201967005010014007035
B1638480422265N07610521WA0200501969005010016349019
B1638490422267N07610522WA0200801972005010020330007
B1638500422270N07610524WA0200801974005010025311354
B1638510422272N07610527WA0201001976005010029295334
B1638520422273N07610532WA0201201979005010036285299
B1638530422273N07610538WA0201301981005010049269265
B1638540422272N07610546WA0201301982005010059249237
B1638550422267N07610554WA0201301984005010065230213
B1638560422261N07610561WA0201201985005010061230193
B1638570422255N07610568WA0201201985005010060228188
B1638580422250N07610571WA0201301986010019026172194
B1638590422246N07610571WA0201301986010019025173132
B1639000422242N07610570WA0201301986010019024173130
B1639010422239N07610570WA0201501986010019019170125
B1639020422237N07610568WA0201801987010019015138108
B1639030422235N07610566WA0202101988010019017121069
B1639040422235N07610562WA0202401988005010015082077
B1639050422235N07610559WA0202801988005010014053055
B1639060422237N07610557WA0203001989005010017014040
B1639070422240N07610555WA0203201989005010015358022
B1639080422242N07610555WA0203301990005010018314014
B1639090422244N07610557WA0203301990010019027310347
B1639100422247N07610561WA0203501991005010034304335
B1639110422249N07610565WA0203601991005010044256323
B1639120422248N07610572WA0203801992005010045248261
B1639130422246N07610577WA0204001994005010045234251
B1639140422241N07610582WA0204101994005010046230218
B1639150422236N07610587WA0204201995005010050222206
B1639160422230N07610591WA0204201995005010057204185
B1639170422222N07610593WA0204201996005010052190172
B1639180422215N07610593WA0204201996005010046174156
B1639190422209N07610591WA0204201997005010039157138
B1639200422204N07610588WA0204201997005010036143124
B1639210422200N07610584WA0204401998005010034128110
B1639220422198N07610580WA0204601998005010030110102
B1639230422196N07610576WA0204801999005010028089101
B1639240422197N07610571WA0205002000005010029080104
B1639250422197N07610566WA0205002000005010027078098
B1639260422199N07610562WA0205102000005010027080091
B1639270422200N07610558WA0205302001005010026082084
B1639280422200N07610554WA0205502002005010026082079
B1639290422201N07610550WA0205802002005010026069078
B1639300422203N07610547WA0206002003005010024058098
B1639320422205N07610544WA0206202003005010022037082
B1639330422208N07610542WA0206402003005010021029071
B1639340422217N07610542WA0206802005005010020022052
B1639360422221N07610541WA0207002005005010023038051
B1639370422229N07610536WA0207302007005010032029053
B1639390422235N07610535WA0207302008005010034028041
B1639400422240N07610533WA0207302009005010034022028
B1639410422251N07610534WA0207502012005010038334351
B1639420422256N07610537WA0207702013005010043326332
B1639430422261N07610541WA0207902014005010044309317
B1639440422265N07610546WA0208102016005010046290300
B1639460422266N07610553WA0208102017005010050273288
B1639470422266N07610560WA0208202020005010049260257
B1639480422264N07610567WA0208402022005010050246244
B1639490422261N07610573WA0208602024005010048241231
B1639500422257N07610578WA0208802026005010046225209
B1639510422252N07610582WA0209002027005010045208196
B1639520422246N07610584WA0209302029005010041195172
B1639540422238N07610582WA0209802031005010024129119
B1639550422236N07610578WA0210002032005010027103099
B1639560422235N07610574WA0210202033005010028088080
B1639570422236N07610570WA0210502034005010028073062
B1639580422238N07610565WA0210702035005010029055038
B1639590422241N07610562WA0210802036005010034018027
B1640000422247N07610561WA0210902037005010038353009
B1640010422253N07610563WA0211102039005010045329352
B1640020422259N07610567WA0211202040005010047324328
B1640030422265N07610571WA0211202041005010048321324
B1640040422270N07610575WA0211402042005010047319324
B1640050422272N07610580WA0211602042005010039254322
B1640060422270N07610585WA0211802042010019037251258
B1640070422267N07610591WA0212102043005010042235242
B1640080422263N07610595WA0212302044005010043225211
B1640090422259N07610599WA0212502044005010043216200
B1640100422253N07610601WA0212702045005010036186187
B1640110422248N07610600WA0212802045005010034159148
B1640120422243N07610598WA0213002045005010032156121
B1640130422239N07610596WA0213202046005010031152112
B1640140422234N07610594WA0213302046005010029147110
B1640150422234N07610591WA0213502047005010027038107
B1640160422237N07610589WA0213702047005010033023042
B1640170422243N07610587WA0213902049005010036005021
B1640180422249N07610587WA0214102049005010038348356
B1640190422255N07610589WA0214202050005010040329346
B1640200422260N07610592WA0214202051005010043308334
B1640210422263N07610598WA0214402053005010048291315
B1640220422265N07610605WA0214502053005010051276292
B1640230422264N07610612WA0214702055005010054265282
B1640240422263N07610620WA0214802058005010052259263
B1640250422260N07610626WA0215002060005010047243245
B1640260422256N07610632WA0215202062005010045229237
B1640270422251N07610636WA0215402063005010046219229
B1640280422246N07610640WA0215502065005010048215215
B1640290422240N07610643WA0215602066005010046212198
B1640300422234N07610646WA0215702068005010045209177
B1640310422228N07610648WA0215702069005010043200160
B1640320422222N07610650WA0215802070005010040193154
B1640330422218N07610649WA0215902071005010026146148
B1640340422216N07610646WA0216002072005010023140102
B1640350422213N07610643WA0216102074005010023107090
B1640360422213N07610639WA0216302074005010025083075
B1640370422214N07610635WA0216402075005010027063057
B1640380422216N07610632WA0216402076005010025029045
B1640390422220N07610630WA0216602077005010028001023
B1640400422226N07610630WA0216702078005010043332012
B1640410422232N07610634WA0216902079005010046317345
B1640420422236N07610639WA0217002081005010044311335
B1640430422240N07610644WA0217202082005010042302336
B1640440422243N07610649WA0217402084005010040293325
B1640450422245N07610654WA0217602086005010038284328
B1640460422246N07610659WA0217902088005010037281319
B1640470422246N07610665WA0218002091005010038282309
B1640480422246N07610671WA0218102094005010045272326
B1640490422245N07610678WA0218102096005010047270298
B1640500422244N07610684WA0218002098005010045260297
B1640510422242N07610690WA0218002100005010044255286
B1640520422240N07610697WA0217902102005010045255278
B1640530422239N07610703WA0217802104005010047254276
B1640540422237N07610709WA0217702105005010048252265
B1640550422234N07610714WA0217602107005010050250262
B1640560422231N07610721WA0217602108005010049239261
B1640570422227N07610727WA0217602109005010046230251
B1640580422223N07610732WA0217602109005010047226244
B1640590422218N07610737WA0217602110005010048229238
B1641000422213N07610743WA0217702112005010048234234
B1641010422210N07610747WA0217702115005010047244237
B1641020422207N07610752WA0217702117005010044244246
B1641030422204N07610758WA0217602119005010043237251
B1641040422200N07610762WA0217602121005010043235244
B1641050422197N07610767WA0217602122005010044235240
B1641060422193N07610773WA0217602123005010044240237
B1641070422191N07610778WA0217502123005010045244240
B1641080422188N07610784WA0217502125005010045245245
B1641090422185N07610789WA0217402127005010046244246
B1641100422182N07610795WA0217402129005010047245244
B1641110422179N07610800WA0217402130005010048248245
B1641120422176N07610806WA0217302131005010050248251
B1641130422173N07610812WA0217202132005010051244256
B1641140422169N07610819WA0217202133005010051241253
B1641150422165N07610823WA0217202136005010050241249
B1641160422161N07610828WA0217202138005010049245245
B1641170422158N07610833WA0217302141005010049251250
B1641180422155N07610839WA0217402142005010048247256
B1641190422152N07610846WA0217602143005010046238257
B1641200422148N07610851WA0217702144005010046233259
B1641210422144N07610856WA0217902147005010047236256
B1641220422140N07610863WA0218002148005010049245256
B1641230422137N07610869WA0218102150005010048248263
B1641240422134N07610875WA0218202152005010044252266
B1641250422133N07610881WA0218302153005010040260269
B1641260422132N07610886WA0218302154005010034280277
B1641270422134N07610891WA0218402155005010038298302
B1641280422137N07610896WA0218402157005010039305320
B1641290422140N07610901WA0218302158005010040306327
B1641300422143N07610906WA0218302158005010040303326
B1641310422146N07610911WA0218302159005010038289326
B1641320422148N07610916WA0218302160005010038285318
B1641330422149N07610922WA0218302162005010036284313
B1641340422150N07610926WA0218302164005010034286317
B1641350422151N07610931WA0218402165005010035289308
B1641360422153N07610936WA0218502166005010035290315
B1641370422155N07610941WA0218602168005010034281303
B1641380422156N07610945WA0218702170005010031274306
B1641390422157N07610950WA0218902172005010029267300
B1641400422156N07610954WA0219102176005010029262297
B1641410422156N07610958WA0219402179005010028258300
B1641420422155N07610962WA0219602182005010026256295
B1641430422154N07610965WA0219902185005010025257299
B1641440422153N07610969WA0220102188005010026261299
B1641450422152N07610973WA0220402192005010027261310
B1641460422151N07610976WA0220602195005010030263313
B1641470422151N07610980WA0220802199005010030264302
B1641480422150N07610984WA0220902203005010029265303
B1641490422150N07610988WA0221102206005010027270310
B1641500422150N07610992WA0221102208005010028269302
B1641510422150N07610995WA0221302211005010028264302
B1641520422149N07610999WA0221402214005010028261306
B1641530422148N07611003WA0221602216005010030257301
B1641540422146N07611008WA0221702219005010033255306
B1641550422145N07611013WA0221802222005010035256305
B1641560422144N07611018WA0221902225005010036257309
B1641570422143N07611023WA0222002228005010035258315
B1641580422142N07611028WA0222202231005010034259310
B1641590422142N07611033WA0222502234005010033261303
B1642000422141N07611038WA0222702237005010033263309
B1642010422141N07611042WA0222702240005010033267300
B1642020422140N07611048WA0222902242005010035268300
B1642030422140N07611053WA0223102245005010036266300
B1642040422139N07611058WA0223302247005010037262302
B1642050422138N07611064WA0223302250005010037254291
B1642060422137N07611069WA0223502253005010037253289
B1642070422135N07611074WA0223702255005010036251298
B1642080422134N07611080WA0223902258005010036248299
B1642090422132N07611084WA0223902261005010034245285
B1642100422130N07611089WA0224202263005010031246282
B1642110422128N07611093WA0224502266005010031252288
B1642120422127N07611097WA0224702268005010032256287
B1642130422125N07611102WA0224702270005010034253283
B1642140422124N07611107WA0224902272005010035248283
B1642150422122N07611112WA0225002274005010034245290
B1642160422119N07611116WA0225102275005010035245279
B1642170422117N07611121WA0225102277005010036247284
B1642180422115N07611126WA0225102279005010036248275
B1642190422113N07611131WA0225102280005010036247290
B1642200422111N07611136WA0225202282005010034245275
B1642210422109N07611140WA0225202284005010032245270
B1642220422107N07611144WA0225302286005010029243258
B1642230422105N07611148WA0225502288005010028240279
B1642240422102N07611152WA0225602289005010033235264
B1642250422099N07611156WA0225602290005010036229277
B1642260422096N07611160WA0225802291005010038233282
B1642270422093N07611165WA0225902291005010037241270
B1642280422090N07611170WA0225902292005010037245268
B1642290422088N07611175WA0225902293005010036246266
B1642300422086N07611180WA0226002293005010037243252
B1642310422083N07611184WA0226002294005010038237265
B1642320422080N07611189WA0226102294005010039233265
B1642330422076N07611194WA0226102295005010039233278
B1642340422073N07611199WA0226102297005010039235264
B1642350422069N07611203WA0226202298005010038236269
B1642360422066N07611208WA0226402299005010036234275
B1642370422063N07611212WA0226402300005010037235278
B1642380422060N07611217WA0226502301005010042238278
B1642390422057N07611223WA0226602301005010046242290
B1642400422053N07611229WA0226602302005010044244286
B1642410422051N07611234WA0226602302005010039240270
B1642420422047N07611239WA0226702302005010037230269
B1642430422043N07611244WA0226702302005010044228271
B1642440422039N07611248WA0226502302005010043218271
B1642450422033N07611253WA0226502301005010050221253
B1642460422029N07611258WA0226302301005010044232253
B1642470422025N07611263WA0226102301005010036233253
B1642480422022N07611267WA0225802300005010035234257
B1642490422019N07611271WA0225802300005010030226265
B1642500422015N07611275WA0225602300005010043227271
B1642510422010N07611280WA0225302298005010047225267
B1642520422005N07611285WA0225002295005010046223262
B1642530422001N07611289WA0225002294005010042224255
B1642540421996N07611294WA0224802292005010037227254
B1642550421993N07611298WA0224602290005010036229256
B1642560421989N07611302WA0224402289005010038230262
B1642570421986N07611306WA0224402287005010039230262
B1642580421982N07611311WA0224202285005010040232260
B1642590421979N07611315WA0224102283005010038234261
B1643000421976N07611320WA0224002282005010036236262
B1643010421973N07611324WA0224002281005010032238266
B1643020421971N07611328WA0223902279005010032238275
B1643030421968N07611332WA0223802278005010034240278
B1643040421966N07611336WA0223802277005010035236284
B1643050421963N07611341WA0223702275005010035234276
B1643060421960N07611345WA0223702274005010034234275
B1643070421957N07611349WA0223602272005010033238277
B1643080421955N07611353WA0223502271005010035240281
B1643090421952N07611358WA0223402269005010037238284
B1643100421949N07611362WA0223402268005010037236283
B1643110421946N07611367WA0223302267005010036233276
B1643120421943N07611371WA0223202265005010035232272
B1643130421940N07611375WA0223202264005010034233270
B1643140421937N07611379WA0223102263005010035234270
B1643150421934N07611383WA0223002262005010035234268
B1643160421931N07611388WA0223002261005010038232266
B1643170421927N07611392WA0223002260005010038232260
B1643180421924N07611397WA0222902259005010038233260
B1643190421920N07611401WA0222802258005010038235260
B1643200421917N07611406WA0222802257005010036236263
B1643210421914N07611410WA0222702256005010034234270
B1643220421911N07611415WA0222702255005010035230266
B1643230421907N07611418WA0222602254005010035224271
B1643240421903N07611422WA0222602253005010035222274
B1643250421899N07611425WA0222602253005010034222275
B1643260421896N07611429WA0222602252005010034227279
B1643270421893N07611433WA0222502251005010035233283
B1643280421889N07611437WA0222402250005010035235281
B1643290421887N07611441WA0222302249005010034234268
B1643300421883N07611445WA0222302248005010033231260
B1643310421880N07611449WA0222302247005010034227265
B1643320421876N07611453WA0222202246005010038225285
B1643330421868N07611461WA0222002243005010041227281
B1643350421864N07611466WA0221902241005010040231273
B1643360421857N07611475WA0221702238005010038232272
B1643370421853N07611480WA0221502237005010037233279
B1643380421850N07611484WA0221502235005010037237278
B1643390421847N07611489WA0221302234005010038241278
B1643400421845N07611494WA0221202232005010039240277
B1643410421842N07611499WA0221002231005010039237277
B1643420421838N07611503WA0221002229005010038233284
B1643430421835N07611508WA0220802228005010037233281
B1643440421832N07611512WA0220702227005010036237277
B1643450421829N07611517WA0220502225005010036237267
B1643460421826N07611521WA0220502222005010037231267
B1643470421821N07611525WA0220402220005010040222273
B1643480421817N07611529WA0220202217005010037222278
B1643490421814N07611533WA0219902215005010031228276
B1643500421811N07611536WA0219902213005010029228266
B1643510421808N07611539WA0219602211005010030221265
B1643520421804N07611542WA0219402209005010032215266
B1643530421800N07611545WA0219002206005010037218267
B1643540421796N07611549WA0219002203005010039225275
B1643550421792N07611553WA0218702200005010037227271
B1643560421788N07611557WA0218402197005010035225270
B1643570421784N07611560WA0218102195005010032222274
B1643580421781N07611563WA0218102193005010033225281
B1643590421777N07611567WA0217802191005010036231282
B1644000421774N07611572WA0217502189005010038236279
B1644010421771N07611577WA0217202186005010039236274
B1644020421767N07611581WA0217202184005010039230270
B1644030421763N07611585WA0217002182005010037223261
B1644040421759N07611589WA0216802181005010036225267
B1644050421756N07611593WA0216602179005010037232272
B1644060421753N07611598WA0216602178005010036235269
B1644070421749N07611602WA0216302176005010036233262
B1644080421746N07611606WA0216202175005010035228254
B1644090421742N07611610WA0216002174005010035226257
B1644100421739N07611614WA0216002172005010036220250
B1644110421734N07611617WA0215902171005010037214254
B1644120421729N07611620WA0215702170005010039211260
B1644130421724N07611623WA0215602168005010039216267
B1644140421720N07611627WA0215602167005010038223265
B1644150421716N07611631WA0215402166005010037225265
B1644160421712N07611635WA0215302165005010035225267
B1644170421708N07611638WA0215202165005010035225268
B1644180421705N07611642WA0215202164005010035230267
B1644190421701N07611646WA0215102163005010035234275
B1644200421698N07611650WA0215002162005010035234271
B1644210421695N07611655WA0214902161005010035232272
B1644220421692N07611659WA0214902160005010036230266
B1644230421689N07611663WA0214802159005010036229257
B1644240421685N07611667WA0214702158005010038225267
B1644250421680N07611671WA0214602157005010039218270
B1644260421676N07611674WA0214602156005010039216266
B1644270421671N07611677WA0214402155005010038215261
B1644280421666N07611681WA0214202154005010037215265
B1644290421662N07611684WA0214102153005010037213258
B1644300421657N07611687WA0214102152005010036213251
B1644310421652N07611690WA0213902150005010037215252
B1644320421648N07611693WA0213702148005010034214257
B1644330421644N07611696WA0213502146005010036210249
B1644340421639N07611698WA0213502144005010037208255
B1644350421634N07611701WA0213202141005010039209263
B1644360421629N07611704WA0212802138005010038213262
B1644370421624N07611707WA0212502136005010037215255
B1644380421620N07611710WA0212502133005010037215250
B1644390421615N07611713WA0212102130005010037213250
B1644400421610N07611716WA0211802128005010039210255
B1644410421605N07611719WA0211502125005010040209264
B1644420421600N07611722WA0211502122005010039210261
B1644430421595N07611725WA0211102120005010039211254
B1644440421590N07611728WA0210802117005010039210256
B1644450421585N07611731WA0210502115005010038210266
B1644460421580N07611734WA0210502112005010039214269
B1644470421575N07611737WA0210202110005010039218271
B1644480421571N07611741WA0209902107005010039219261
B1644490421566N07611744WA0209602105005010038216259
B1644500421561N07611748WA0209602103005010038212259
B1644510421556N07611751WA0209402101005010037212263
B1644520421552N07611754WA0209102099005010036216269
B1644530421548N07611757WA0208902098005010034220270
B1644540421544N07611760WA0208902096005010034223267
B1644550421541N07611764WA0208702094005010031228264
B1644560421537N07611767WA0208402092005010031229270
B1644570421534N07611771WA0208202089005010031228257
B1644580421531N07611774WA0208202087005010032224272
B1644590421528N07611778WA0207902085005010032226279
B1645000421525N07611781WA0207702083005010029229280
B1645010421522N07611784WA0207402081005010028234265
B1645020421520N07611788WA0207402078005010028235261
B1645030421517N07611791WA0207102076005010032228266
B1645040421514N07611795WA0206902073005010034225269
B1645050421510N07611799WA0206602071005010035227273
B1645060421507N07611802WA0206602069005010034230268
B1645070421503N07611806WA0206302068005010032225254
B1645080421500N07611809WA0206002067005010031215251
B1645090421496N07611812WA0205802066005010031210259
B1645100421492N07611814WA0205802065005010031214258
B1645110421488N07611817WA0205502064005010032220262
B1645120421484N07611820WA0205402062005010033220258
B1645130421480N07611823WA0205302061005010034214255
B1645140421476N07611826WA0205302059005010034207256
B1645150421471N07611828WA0205102058005010034206248
B1645160421467N07611831WA0205002056005010032209258
B1645170421463N07611833WA0204802054005010029210254
B1645180421460N07611835WA0204802053005010028210259
B1645190421456N07611837WA0204502051005010026209255
B1645200421453N07611839WA0204302049005010025209259
B1645210421450N07611841WA0204102047005010025209253
B1645220421446N07611842WA0204102045005010027208249
B1645230421443N07611844WA0203902044005010031206253
B1645240421438N07611847WA0203602042005010034210254
B1645250421434N07611849WA0203402042005010031218252
B1645260421431N07611853WA0203402041005010031229259
B1645270421428N07611856WA0203302041005010033235245
B1645280421425N07611861WA0203202039005010032236251
B1645290421422N07611864WA0203202038005010035225263
B1645300421418N07611868WA0203002036005010039219269
B1645310421413N07611870WA0203002034005010031194257
B1645320421409N07611871WA0202902034005010027199259
B1645330421406N07611873WA0202802032005010027209258
B1645340421402N07611875WA0202802031005010028207246
B1645350421398N07611876WA0202602030005010031198243
B1645360421393N07611877WA0202502029005010032188251
B1645370421389N07611878WA0202302028005010031186260
B1645380421385N07611878WA0202302028005010026201265
B1645390421382N07611880WA0202202027005010026212252
B1645400421378N07611882WA0202102026005010025208249
B1645410421375N07611883WA0202002025005010028197247
B1645420421371N07611884WA0201802024005010029198259
B1645430421367N07611886WA0201802023005010029205264
B1645440421364N07611888WA0201702021005010028210256
B1645450421360N07611889WA0201502020005010027206249
B1645460421356N07611891WA0201302018005010028199251
B1645470421352N07611892WA0201302017005010029196254
B1645480421348N07611893WA0201102015005010030199255
B1645490421344N07611895WA0200902013005010031204260
B1645500421340N07611897WA0200702012005010032203251
B1645510421335N07611899WA0200702010005010034200253
B1645520421330N07611900WA0200402008005010034197251
B1645530421326N07611902WA0200202007005010033198255
B1645540421321N07611904WA0199902005005010031200254
B1645550421317N07611905WA0199902004005010031202247
B1645560421312N07611907WA0199702002005010031202248
B1645570421308N07611909WA0199502000005010031199240
B1645580421304N07611910WA0199301998005010032199243
B1645590421299N07611912WA0199301996005010033198223
B1646000421294N07611913WA0199101994005010034198216
B1646010421289N07611914WA0198901992005010037185217
B1646020421284N07611914WA0198701991005010035176207
B1646030421279N07611913WA0198701989005010038156207
B1646040421274N07611910WA0198501988005010035153201
B1646050421269N07611908WA0198401987005010034155213
B1646060421265N07611906WA0198301986005010032165213
B1646070421260N07611905WA0198301985005010034182206
B1646080421254N07611905WA0198201984005010036174218
B1646090421249N07611904WA0198201984005010040159219
B1646100421243N07611902WA0198101983005010039164221
B1646110421238N07611901WA0198101983005010036179227
B1646120421232N07611901WA0198101983005010036187230
B1646130421227N07611902WA0198101984005010036188230
B1646140421221N07611903WA0198101985005010036185233
B1646150421216N07611904WA0198101986005010031190240
B1646160421212N07611905WA0198301987005010026204241
B1646170421208N07611907WA0198401987005010030205248
B1646180421204N07611909WA0198501987005010035199252
B1646190421198N07611910WA0198501988005010039191241
B1646200421192N07611911WA0198601988005010044181240
B1646210421185N07611911WA0198601989005010042181236
B1646220421179N07611911WA0198501990005010039184235
B1646230421174N07611912WA0198501990005010031190231
B1646240421169N07611913WA0198501990005010032188235
B1646250421164N07611914WA0198401990005010034187258
B1646260421159N07611914WA0198201990005010037187250
B1646270421154N07611915WA0198201990005010033191241
B1646280421149N07611916WA0198101990005010031192233
B1646290421145N07611917WA0198001990005010031189230
B1646300421140N07611918WA0197801990005010034183243
B1646310421135N07611918WA0197801989005010034177243
B1646320421130N07611918WA0197701988005010034177233
B1646330421125N07611917WA0197601987005010033180228
B1646340421120N07611917WA0197501987005010033178224
B1646350421115N07611917WA0197501985005010036177233
B1646360421109N07611917WA0197301984005010040173238
B1646370421103N07611916WA0197101983005010038177245
B1646380421098N07611916WA0196901982005010034186239
B1646390421093N07611917WA0196901981005010031191235
B1646400421088N07611918WA0196801980005010031191239
B1646410421083N07611919WA0196701979005010036187245
B1646420421078N07611919WA0196601977005010038185247
B1646430421072N07611920WA0196601976005010036184240
B1646440421067N07611920WA0196501975005010036186243
B1646450421062N07611921WA0196501974005010035186240
B1646460421057N07611922WA0196301973005010035187241
B1646470421052N07611923WA0196301971005010034188238
B1646480421046N07611923WA0196201970005010035189236
B1646490421041N07611924WA0196101969005010036189234
B1646500421036N07611925WA0196001968005010036187225
B1646510421030N07611926WA0196001967005010037183229
B1646520421025N07611926WA0195901966005010037180244
B1646530421020N07611926WA0195801965005010034181239
B1646540421015N07611926WA0195701964005010034185236
B1646550421010N07611927WA0195701963005010034185233
B1646560421004N07611927WA0195601962005010039183232
B1646570420998N07611927WA0195501961005010040183231
B1646580420992N07611928WA0195301960005010040183238
B1646590420986N07611928WA0195301959005010039185234
B1647000420981N07611929WA0195201958005010037189237
B1647010420975N07611930WA0195101957005010038191241
B1647020420970N07611931WA0195001956005010037192240
B1647030420964N07611932WA0195001955005010039194249
B1647040420959N07611934WA0194901955005010038196241
B1647050420953N07611936WA0194901954005010035197245
B1647060420949N07611937WA0194801954005010033197249
B1647070420944N07611939WA0194801953005010031197241
B1647080420940N07611940WA0194801952005010030197237
B1647090420935N07611941WA0194801952005010029195249
B1647100420931N07611942WA0194701951005010030191246
B1647110420927N07611943WA0194701950005010031189251
B1647120420922N07611944WA0194701949005010032188250
B1647130420917N07611944WA0194601949005010032190249
B1647140420913N07611945WA0194401948005010032192243
B1647150420908N07611946WA0194401947005010031191240
B1647160420904N07611947WA0194301946005010031192242
B1647170420899N07611948WA0194101944005010031193244
B1647180420894N07611949WA0194001943005010031193250
B1647190420890N07611950WA0194001942005010033193252
B1647200420885N07611951WA0193801941005010032194249
B1647210420880N07611953WA0193701940005010032195244
B1647220420876N07611954WA0193601939005010033195243
B1647230420871N07611955WA0193601937005010034194245
B1647240420865N07611957WA0193401936005010040196246
B1647250420860N07611959WA0193301935005010042200258
B1647260420854N07611961WA0193101934005010040205242
B1647270420849N07611963WA0193101933005010032200236
B1647280420845N07611965WA0193001933005010026198237
B1647290420841N07611966WA0193001932005010027193241
B1647300420837N07611967WA0192901931005010031200248
B1647310420832N07611969WA0192901929005010039206255
B1647320420827N07611972WA0192701927005010039210258
B1647330420822N07611975WA0192601925005010040210258
B1647340420817N07611978WA0192401925005010036212254
B1647350420813N07611981WA0192401924005010033214250
B1647360420808N07611984WA0192201924005010034213260
B1647370420804N07611986WA0192101923005010035211264
B1647380420799N07611989WA0192001923005010036210261
B1647390420795N07611992WA0192001922005010036206247
B1647400420790N07611994WA0192001922005010036202246
B1647410420785N07611996WA0191901921005010036198249
B1647420420780N07611997WA0191801920005010034196241
B1647430420775N07611998WA0191801920005010030196245
B1647440420771N07612000WA0191601918005010032193248
B1647450420766N07612000WA0191501917005010034190249
B1647460420760N07612001WA0191401916005010035190248
B1647470420755N07612002WA0191401914005010035191258
B1647480420750N07612003WA0191201913005010034193251
B1647490420745N07612004WA0190901912005010033196244
B1647500420740N07612006WA0190701910005010033194248
B1647510420735N07612007WA0190701908005010034191235
B1647520420730N07612008WA0190501907005010035189251
B1647530420725N07612009WA0190201905005010033192254
B1647540420720N07612010WA0189901903005010036202254
B1647550420715N07612012WA0189901901005010035208261
B1647560420711N07612015WA0189501899005010032217246
B1647570420707N07612018WA0189201898005010031216240
B1647580420703N07612021WA0188801896005010030217245
B1647590420700N07612023WA0188801894005010031208246
B1648000420695N07612025WA0188401892005010031209251
B1648010420691N07612027WA0188101890005010032212236
B1648020420687N07612030WA0187601888005010036207226
B1648030420682N07612032WA0187601886005010035198230
B1648040420677N07612034WA0187201884005010033194237
B1648050420672N07612035WA0186801882005010033196238
B1648060420667N07612037WA0186401880005010033201237
B1648070420662N07612038WA0186401878005010034203241
B1648080420658N07612040WA0186101875005010034203245
B1648090420653N07612042WA0185801873005010033203251
B1648100420648N07612044WA0185401871005010033204254
B1648110420644N07612047WA0185401869005010033204249
B1648120420639N07612049WA0185201867005010033202244
B1648130420634N07612051WA0184901865005010035200246
B1648140420629N07612053WA0184701863005010037199248
B1648150420624N07612054WA0184701861005010037201254
B1648160420619N07612057WA0184501859005010037202251
B1648170420613N07612059WA0184301857005010036202246
B1648180420608N07612061WA0184201855005010036201221
B1648190420603N07612063WA0184201853005010037200230
B1648200420598N07612065WA0184001851005010037201210
B1648210420593N07612067WA0183801849005010038202241
B1648220420587N07612069WA0183601847005010039202242
B1648230420582N07612071WA0183601846005010039201241
B1648240420576N07612073WA0183501844005010038199240
B1648250420571N07612075WA0183401842005010039198239
B1648260420565N07612077WA0183301841005010039199238
B1648270420559N07612079WA0183101839005010040198238
B1648280420554N07612081WA0183101837005010039199237
B1648290420549N07612083WA0183001836005010035202238
B1648300420544N07612085WA0182801834005010035202244
B1648310420539N07612087WA0182801833005010035201245
B1648320420533N07612089WA0182701831005010037199243
B1648330420528N07612091WA0182501830005010039197240
B1648340420522N07612093WA0182201828005010039193237
B1648350420516N07612093WA0182001826005010037185231
B1648360420511N07612094WA0182001825005010037184224
B1648370420505N07612094WA0181601823005010037185222
B1648380420500N07612095WA0181201821005010036192219
B1648390420494N07612098WA0180701819005010046210217
B1648400420488N07612102WA0180701816005010045210225
B1648410420482N07612105WA0180101814005010043208229
B1648420420477N07612108WA0179601811005010039209229
B1648430420472N07612112WA0179101809005010039213230
B1648440420467N07612115WA0179101806005010040213233
B1648450420461N07612118WA0178601802005010043210236
B1648460420455N07612122WA0178201799005010048209236
B1648470420449N07612126WA0177801797005010047211230
B1648480420443N07612130WA0177801794005010045213231
B1648490420437N07612133WA0177401791005010044211233
B1648500420432N07612136WA0177001788005010042204234
B1648510420426N07612139WA0176701785005010043201231
B1648520420420N07612141WA0176701782005010043205225
B1648530420414N07612144WA0176301779005010044209226
B1648540420408N07612148WA0176001776005010044211229
B1648550420402N07612152WA0175701773005010044210233
B1648560420397N07612155WA0175701770005010044206233
B1648570420390N07612158WA0175301768005010046203227
B1648580420384N07612161WA0175001765005010052206224
B1648590420377N07612165WA0174801762005010052211220
B1649000420370N07612169WA0174801760005010051213216
B1649010420364N07612173WA0174601758005010049211204
B1649020420358N07612177WA0174401755005010045205209
B1649030420352N07612180WA0174301753005010044202205
B1649040420346N07612182WA0174301751005010039203196
B1649050420341N07612184WA0174201749005010039203203
B1649060420335N07612187WA0174201747005010039199204
B1649070420330N07612188WA0174201745005010039195206
B1649080420324N07612190WA0174201743005010038191203
B1649090420318N07612191WA0174201742005010038191194
B1649100420313N07612192WA0174101740005010036190186
B1649110420308N07612193WA0174001739005010034190195
B1649120420303N07612193WA0174001737005010029178191
B1649130420300N07612192WA0173901736005010025164190
B1649140420296N07612191WA0173801735005010025164186
B1649150420293N07612190WA0173801734005010025167192
B1649160420289N07612190WA0173801732005010027172190
B1649170420285N07612189WA0173701731005010028181184
B1649180420281N07612190WA0173601730005010030195181
B1649190420277N07612191WA0173501729005010029193194
B1649200420273N07612192WA0173501728005010029192199
B1649210420268N07612193WA0173401727005010029193201
B1649230420264N07612195WA0173301726005010030196195
B1649240420254N07612199WA0173201724005010035203202
B1649260420249N07612201WA0173001722005010040207200
B1649270420244N07612204WA0172701721005010040210196
B1649280420239N07612207WA0172401719005010039210204
B1649290420234N07612210WA0172201718005010038208207
B1649300420229N07612213WA0172201716005010032205211
B1649310420225N07612215WA0171901715005010030207214
B1649320420221N07612217WA0171701714005010029212218
B1649330420217N07612220WA0171601713005010029214224
B1649340420214N07612222WA0171601712005010031214226
B1649350420210N07612225WA0171501711005010032214227
B1649360420206N07612228WA0171401710005010034214228
B1649370420201N07612231WA0171301709005010036216228
B1649380420197N07612234WA0171301709005010035215228
B1649390420193N07612237WA0171301708005010029214229
B1649400420189N07612239WA0171201707005010028212232
B1649410420185N07612242WA0171201707005010029209231
B1649420420181N07612244WA0171201706005010034205229
B1649430420176N07612246WA0171201706005010035204222
B1649440420172N07612249WA0171101705005010035204222
B1649450420167N07612251WA0171101704005010033205222
B1649460420163N07612253WA0171101704005010031208224
B1649470420159N07612255WA0171001703005010029211227
B1649480420155N07612258WA0170901702005010029210232
B1649490420152N07612260WA0170801701005010030211231
B1649500420148N07612263WA0170801700005010031212230
B1649510420144N07612265WA0170701699005010032210232
B1649520420140N07612267WA0170601698005010031207229
B1649530420136N07612269WA0170501697005010029204227
B1649540420132N07612271WA0170501696005010028203226
B1649550420128N07612273WA0170301695005010031201226
B1649560420123N07612274WA0170201694005010032197222
B1649570420118N07612276WA0170001693005010033191218
B1649580420114N07612277WA0170001692005010029190211
B1649590420109N07612277WA0169901691005010026191212
B1650000420105N07612278WA0169701690005010026191216
B1650010420102N07612279WA0169601690005010027189217
B1650020420098N07612280WA0169601689005010028184214
B1650030420093N07612280WA0169401688005010031181207
B1650040420088N07612280WA0169301687005010033183199
B1650050420083N07612281WA0169101686005010033187198
B1650060420078N07612282WA0169101685005010033198201
B1650070420074N07612284WA0168901684005010030207203
B1650080420070N07612286WA0168801683005010028211210
B1650090420066N07612288WA0168601682005010028205216
B1650100420062N07612290WA0168601680005010031199216
B1650110420057N07612292WA0168501678005010034200213
B1650120420052N07612294WA0168301676005010036201213
B1650130420048N07612296WA0168201675005010034204214
B1650140420043N07612298WA0168201673005010031200218
B1650150420039N07612299WA0168001672005010031200217
B1650160420034N07612301WA0167801671005010032199218
B1650170420030N07612303WA0167701669005010032199217
B1650180420025N07612304WA0167701668005010031197216
B1650190420021N07612305WA0167601667005010029194216
B1650200420017N07612306WA0167501666005010026185215
B1650210420013N07612306WA0167501665005010024184209
B1650220420009N07612306WA0167501664005010024183210
B1650230420006N07612306WA0167401663005010025179210
B1650240420002N07612306WA0167301662005010029177204
B1650250419997N07612306WA0167201661005010031176198
B1650260419992N07612305WA0167201660005010032180193
B1650270419988N07612306WA0167101660005010028182189
B1650280419984N07612306WA0166901659005010024179195
B1650290419981N07612305WA0166801658005010023171196
B1650300419978N07612305WA0166801657005010020162191
B1650310419975N07612304WA0166701657005010021166186
B1650320419972N07612303WA0166601656005010023171182
B1650330419968N07612302WA0166501655005010024173183
B1650340419965N07612302WA0166501654005010022172180
B1650350419962N07612302WA0166401653005010021176179
B1650360419958N07612302WA0166401653005010022180181
B1650370419955N07612302WA0166301652005010023177186
B1650380419951N07612302WA0166301651005010025177185
B1650390419947N07612302WA0166201650005010025181178
B1650400419943N07612302WA0166201650005010024182180
B1650410419940N07612302WA0166201649005010027182181
B1650420419935N07612302WA0166201648005010026179182
B1650430419931N07612303WA0166201648005010026176179
B1650440419927N07612302WA0166101647005010026173181
B1650450419923N07612302WA0166101646005010028169174
B1650460419919N07612301WA0166101646005010032173170
B1650470419914N07612301WA0166001645005010034173169
B1650480419908N07612300WA0165901644005010038174166
B1650490419902N07612300WA0165701643005010038178164
B1650500419897N07612300WA0165701642005010036177168
B1650510419891N07612299WA0165501641005010034171170
B1650520419886N07612298WA0165301641005010032172179
B1650530419881N07612298WA0165201640005010035184168
B1650540419876N07612299WA0165201639005010036189170
B1650550419871N07612300WA0165101639005010035188174
B1650560419866N07612300WA0165101639005010032179180
B1650570419861N07612300WA0165001638005010029173177
B1650580419857N07612299WA0165001638005010031177172
B1650590419852N07612299WA0165001637005010033180171
B1651000419847N07612299WA0165001637005010033177175
B1651010419842N07612298WA0164901636005010035175173
B1651020419837N07612298WA0164901635005010036176164
B1651030419832N07612298WA0164801634005010036179164
B1651040419826N07612297WA0164601633005010034179171
B1651050419821N07612297WA0164401632005010030177176
B1651060419817N07612297WA0164401631005010030172179
B1651070419812N07612296WA0164201630005010033168172
B1651080419807N07612295WA0164001629005010035169171
B1651090419802N07612294WA0163801627005010036170168
B1651100419797N07612293WA0163801626005010036170165
B1651110419791N07612292WA0163501624005010037168163
B1651120419786N07612291WA0163301623005010036166165
B1651130419780N07612290WA0163001622005010035166161
B1651140419775N07612289WA0163001620005010034170162
B1651150419770N07612288WA0162901619005010035176156
B1651160419765N07612288WA0162801618005010036175162
B1651170419759N07612287WA0162701617005010035173168
B1651180419754N07612286WA0162701616005010035168170
B1651190419749N07612285WA0162701616005010035164168
B1651200419744N07612283WA0162701615005010034162163
B1651210419739N07612282WA0162801615005010033168157
B1651220419735N07612281WA0162801615005010030169158
B1651230419731N07612280WA0162901616005010028165162
B1651240419727N07612279WA0163001616005010026161164
B1651250419723N07612278WA0163201617005010028161158
B1651260419715N07612275WA0163201618005010029161155
B1651280419711N07612274WA0163601619005010027159156
B1651290419707N07612272WA0163901621005010025156152
B1651300419704N07612271WA0163901622005010026159158
B1651310419696N07612268WA0164101625005010029166159
B1651320419691N07612267WA0164401626005010031170162
B1651330419687N07612267WA0164601627005010032170164
B1651340419682N07612266WA0164801629005010031171161
B1651350419677N07612265WA0164801630005010031171166
B1651360419673N07612265WA0165001631005010030172162
B1651370419668N07612264WA0165101633005010028177173
B1651380419664N07612264WA0165201634005010029179167
B1651390419660N07612264WA0165201636005010030175179
B1651400419655N07612263WA0165401637005010029165167
B1651410419651N07612262WA0165501638005010026166167
B1651420419648N07612261WA0165601639005010023162166
B1651430419644N07612260WA0165601641005010022161166
B1651440419641N07612259WA0165701642005010023161161
B1651450419638N07612257WA0165901644005010026160158
B1651460419634N07612256WA0166001645005010031159153
B1651470419629N07612254WA0166001646005010032155148
B1651480419625N07612252WA0166201648005010031154146
B1651490419621N07612250WA0166301649005010029154146
B1651500419617N07612248WA0166501651005010023166142
B1651510419614N07612247WA0166501654005010024168145
B1651520419610N07612247WA0166801655005010022164144
B1651530419607N07612245WA0167001657005010024154135
B1651540419604N07612244WA0167201659005010025151130
B1651550419601N07612242WA0167201660005010025148131
B1651560419598N07612240WA0167501662005010017162118
B1651570419596N07612240WA0167801664005010015165123
B1651580419593N07612239WA0168101666005010017156124
B1651590419591N07612238WA0168101668005010021149123
B1652000419588N07612236WA0168301670005010023144120
B1652010419585N07612234WA0168501671005010024143125
B1652020419582N07612232WA0168801673005010024143128
B1652030419579N07612230WA0168801675005010023147129
B1652040419576N07612229WA0169001677005010021149124
B1652050419574N07612227WA0169301679005010020145129
B1652060419571N07612225WA0169501681005010019138128
B1652070419569N07612224WA0169501683005010018137130
B1652080419567N07612222WA0169801685005010021140141
B1652090419565N07612220WA0170101687005010021145138
B1652100419562N07612218WA0170401688005010023150139
B1652110419559N07612216WA0170401690005010024153141
B1652120419555N07612215WA0170601692005010024159155
B1652130419552N07612213WA0170801694005010024163150
B1652140419548N07612213WA0170901695005010025167157
B1652150419544N07612212WA0170901697005010028168144
B1652160419540N07612211WA0171101699005010029168137
B1652170419535N07612210WA0171301700005010030166149
B1652180419531N07612208WA0171601702005010027162118
B1652190419528N07612207WA0171601705005010012162145
B1652200419526N07612207WA0172001708005010013170142
B1652210419524N07612207WA0172401711005010014174134
B1652220419522N07612206WA0173001714005010017174132
B1652230419519N07612206WA0173001717005010018159131
B1652240419517N07612204WA0173501721005010016144144
B1652250419515N07612203WA0173901724005010012133147
B1652260419514N07612201WA0174301728005010014113152
B1652270419514N07612199WA0174301731005010018122145
B1652280419512N07612196WA0174701733005010020129153
B1652290419509N07612194WA0174901736005010021151157
B1652300419506N07612193WA0175201739005010020159165
B1652310419504N07612192WA0175201741005010019164169
B1652320419501N07612192WA0175401744005010020191170
B1652330419497N07612195WA0175601748005010034226187
B1652340419496N07612200WA0175801750005010046279228
B1652350419497N07612208WA0175801752005010045291294
B1652360419499N07612215WA0176101754005010043297308
B1652370419503N07612220WA0176301756005010042302316
B1652380419506N07612226WA0176701758005010040306322
B1652390419510N07612230WA0176701759005010039311327
B1652400419514N07612234WA0177001761005010032316333
B1652410419518N07612235WA0177401762005010022318329
B1652420419520N07612236WA0177801764010019011306346
B1652430419521N07612236WA0177801765010019008276027
B1652440419521N07612237WA0178301766010019006272076
B1652450419521N07612238WA0178601765010019010261086
B1652460419521N07612239WA0178801765010019008262125
B1652470419520N07612240WA0178801765010019007269098
B1652480419520N07612241WA0179101765010019009286083
B1652490419519N07612243WA0179201765005010016277040
B1652500419518N07612246WA0179501766005010024271299
B1652510419516N07612251WA0179501767005010026275276
B1652520419515N07612256WA0179801768005010025279283
B1652530419514N07612260WA0180201768005010024290290
B1652540419515N07612265WA0180601769005010024303307
B1652550419517N07612270WA0180601770005010026315325
B1652560419520N07612275WA0181001771005010026326337
B1652570419524N07612279WA0181401772005010025332349
B1652580419530N07612282WA0181701773005010025350355
B1652590419535N07612283WA0181701774005010029009012
B1653000419541N07612283WA0182101775005010029016025
B1653010419546N07612282WA0182501775005010026026031
B1653020419550N07612280WA0182901776005010022043041
B1653030419552N07612278WA0182901777005010021056055
B1653040419554N07612275WA0183201777005010020065065
B1653050419555N07612272WA0183501777005010017066072
B1653060419554N07612270WA0183801778005010011101073
B1653070419553N07612268WA0183801779005010016162097
B1653080419550N07612268WA0184101779005010023195141
B1653090419547N07612269WA0184501779005010027205177
B1653100419543N07612271WA0184901779005010029211195
B1653110419539N07612273WA0184901779005010030214204
B1653120419535N07612275WA0185201780005010031219211
B1653130419531N07612278WA0185601781005010033224229
B1653140419528N07612281WA0185801781005010033227231
B1653150419524N07612285WA0185801781005010037231247
B1653160419521N07612289WA0186001781005010037232247
B1653170419517N07612294WA0186201781005010037233250
B1653180419514N07612298WA0186401782005010039247248
B1653190419513N07612303WA0186401783005010032256260
B1653200419512N07612308WA0186701784005010026270266
B1653210419512N07612311WA0187001784005010022283278
B1653220419513N07612314WA0187301785005010021309296
B1653230419514N07612316WA0187301786005010020324330
B1653240419516N07612318WA0187701786005010020337347
B1653250419520N07612321WA0188101787005010019351002
B1653260419524N07612324WA0188501788005010021007017
B1653270419529N07612325WA0188501788005010021022029
B1653280419533N07612325WA0188901789005010020031040
B1653290419537N07612325WA0189201790005010021042048
B1653300419541N07612324WA0189501791005010019062056
B1653310419542N07612322WA0189501792005010017080071
B1653320419544N07612319WA0189801793005010017114084
B1653330419544N07612316WA0190101794005010021134107
B1653340419542N07612314WA0190401794005010023148123
B1653350419538N07612313WA0190401794005010025155135
B1653360419535N07612312WA0190701794005010027170141
B1653370419531N07612311WA0191001794005010029180155
B1653380419527N07612311WA0191201795005010037199165
B1653390419522N07612313WA0191201795005010040209187
B1653400419517N07612316WA0191501795005010040212200
B1653410419512N07612318WA0191701797005010042221203
B1653420419507N07612322WA0191901798005010042225213
B1653430419502N07612325WA0191901799005010041233219
B1653440419498N07612329WA0192201800005010041242227
B1653450419495N07612334WA0192501801005010042247239
B1653460419492N07612339WA0192701802005010038256246
B1653470419490N07612345WA0192701803005010034267257
B1653480419490N07612350WA0193001804005010031284272
B1653490419491N07612356WA0193101805005010034295295
B1653500419492N07612361WA0193301806005010035301307
B1653510419495N07612366WA0193301807005010035310313
B1653520419499N07612370WA0193401808005010032325324
B1653530419503N07612372WA0193601808005010035324341
B1653540419508N07612378WA0193701809005010035326339
B1653550419513N07612382WA0193701810005010035328341
B1653560419518N07612387WA0193901811005010035343344
B1653570419523N07612390WA0194301812005010032349358
B1653580419528N07612392WA0194701813005010026005005
B1653590419534N07612393WA0194701815005010024020022
B1654000419539N07612393WA0195101816005010024028037
B1654010419543N07612392WA0195601817005010025027034
B1654020419547N07612390WA0196101818005010026022052
B1654030419551N07612389WA0196101819005010027019037
B1654040419556N07612389WA0196501821005010033007046
B1654050419562N07612391WA0196801822005010033005035
B1654060419568N07612393WA0197101823005010034357049
B1654070419574N07612395WA0197101825005010034001025
B1654080419579N07612395WA0197301827005010033356050
B1654090419585N07612396WA0197501829005010030006016
B1654100419590N07612395WA0197801831005010029011023
B1654110419594N07612394WA0197801833005010029017023
B1654120419599N07612393WA0198101835005010030010018
B1654130419603N07612392WA0198401836005010032001025
B1654140419608N07612393WA0198701838005010035356036
B1654150419614N07612393WA0198701839005010034000043
B1654160419620N07612392WA0199001841005010030010042
B1654170419625N07612391WA0199301843005010030022035
B1654180419630N07612389WA0199501845005010034028053
B1654190419634N07612387WA0199501846005010034029069
B1654200419639N07612384WA0199701847005010034030053
B1654210419644N07612382WA0200001849005010028029067
B1654220419647N07612379WA0200201850005010025044056
B1654230419650N07612376WA0200401853005010024054074
B1654240419653N07612372WA0200601855005010025063074
B1654250419655N07612368WA0200601857005010025069082
B1654260419657N07612364WA0200701859005010026076091
B1654270419658N07612360WA0200801861005010027082105
B1654280419658N07612355WA0200801862005010029087112
B1654290419658N07612350WA0200801864005010036104119
B1654300419656N07612345WA0200701865005010037117126
B1654310419653N07612340WA0200601866005010037121129
B1654320419650N07612335WA0200501867005010037122124
B1654330419647N07612330WA0200401869005010034125127
B1654340419644N07612325WA0200301870005010030132127
B1654350419641N07612321WA0200301871005010030140130
B1654360419638N07612318WA0200301872005010031149133
B1654370419634N07612316WA0200301872005010032153145
B1654380419630N07612313WA0200301873005010032154148
B1654390419626N07612311WA0200301874005010031160150
B1654400419622N07612309WA0200201875005010031168152
B1654410419617N07612307WA0200201876005010032175157
B1654420419612N07612307WA0200201877005010032179163
B1654430419608N07612307WA0200101878005010032183168
B1654440419603N07612307WA0200101879005010032185173
B1654450419599N07612308WA0200001880005010033182170
B1654460419594N07612308WA0200001880005010033180167
B1654470419589N07612308WA0200001881005010034183170
B1654480419584N07612308WA0200101882005010034183174
B1654490419579N07612308WA0200101883005010032183174
B1654500419575N07612308WA0200201884005010033181188
B1654510419570N07612308WA0200401884005010036181195
B1654520419564N07612308WA0200501885005010037185174
B1654530419559N07612308WA0200701886005010037187179
B1654540419554N07612309WA0200901887005010037188172
B1654550419549N07612310WA0201101888005010033188178
B1654560419545N07612310WA0201401889005010030187171
B1654570419540N07612311WA0201701890005010030185185
B1654580419536N07612311WA0202001892005010032183179
B1654590419531N07612311WA0202001893005010033184195
B1655000419526N07612312WA0202401894005010034186202
B1655010419522N07612312WA0202601895005010034187208
B1655020419517N07612312WA0202901896005010036191204
B1655030419512N07612314WA0203101897005010036197203
B1655040419507N07612315WA0203301898005010035201198
B1655050419502N07612317WA0203601899005010033206201
B1655060419498N07612320WA0203801900005010032208206
B1655070419494N07612322WA0204101901005010033211207
B1655080419490N07612325WA0204301901005010033214212
B1655090419486N07612328WA0204501902005010032220213
B1655100419483N07612332WA0204601903005010030226217
B1655110419480N07612336WA0204601904005010029238224
B1655120419477N07612340WA0204601906005010027252237
B1655130419476N07612344WA0204601908005010026258255
B1655140419474N07612348WA0204601910005010024266264
B1655150419474N07612351WA0204601911005010027277276
B1655160419474N07612355WA0204701913005010027283288
B1655170419476N07612360WA0204701914005010029305300
B1655180419477N07612363WA0204801916005010030315326
B1655190419481N07612367WA0204901919005010033326338
B1655200419484N07612371WA0204901921005010036330350
B1655210419489N07612374WA0205001923005010038334003
B1655220419494N07612377WA0205001925005010039340010
B1655230419498N07612379WA0205001927005010040347009
B1655240419504N07612380WA0205101929005010041354010
B1655250419509N07612380WA0205201931005010041359012
B1655260419515N07612380WA0205301932005010039001020
B1655270419521N07612380WA0205301934005010035009025
B1655280419529N07612382WA0205401936005010035013031
B1655290419534N07612380WA0205501938005010035018034
B1655300419540N07612377WA0205501940005010034028038
B1655310419545N07612374WA0205601942005010036047045
B1655320419550N07612370WA0205701945005010037052058
B1655330419553N07612366WA0205801948005010032057065
B1655340419556N07612362WA0206101951005010027075070
B1655350419556N07612358WA0206101954005010025086082
B1655360419556N07612354WA0206301958005010026094089
B1655370419554N07612348WA0206601964005010031118097
B1655380419552N07612342WA0206901969005010032126117
B1655390419548N07612339WA0207201971005010030138124
B1655400419544N07612335WA0207401974005010033156134
B1655410419538N07612333WA0207601980005010039190150
B1655420419532N07612333WA0207801984005010033196183
B1655430419526N07612334WA0208001989005010033205187
B1655440419521N07612335WA0208301995010019032240196
B1655450419518N07612338WA0208501998005010021270233
B1655460419520N07612341WA0208802001010019019335264
B1655470419523N07612342WA0209002005010019037355350
B1655480419526N07612346WA0209302012010019038006004
B1655490419532N07612345WA0209502013005010030035014
B1655500419537N07612343WA0209802016005010031072046
B1655510419539N07612340WA0210002018005010034086079
B1655520419539N07612336WA0210002020005010035100091
B1655530419537N07612332WA0210202022010019036121103
B1655540419533N07612328WA0210402023010019037148122
B1655550419528N07612326WA0210602025010019040169146
B1655560419522N07612326WA0210702026010019042186165
B1655570419516N07612327WA0210902027010019042198181
B1655580419511N07612330WA0211102028005010040210193
B1655590419506N07612333WA0211302029010019033227204
B1656000419502N07612335WA0211502034005010021251219
B1656010419501N07612338WA0211702037010019025290239
B1656020419503N07612340WA0211902039010019023312286
B1656030419506N07612341WA0212102039010019025338315
B1656040419510N07612345WA0212302041010019030354347
B1656050419513N07612348WA0212502044010019030014003
B1656060419519N07612347WA0212702046010019032030023
B1656070419526N07612345WA0212802047005010031055038
B1656080419529N07612343WA0212902049005010036065062
B1656090419530N07612338WA0212902051005010030086069
B1656100419531N07612334WA0213002053005010034130089
B1656110419530N07612330WA0213102053005010038137127
B1656120419526N07612327WA0213202054005010032161133
B1656130419523N07612326WA0213402056010019034192154
B1656140419518N07612327WA0213502056010019038202183
B1656150419514N07612330WA0213702056010019036216195
B1656160419510N07612333WA0213802056005010030233209
B1656170419508N07612336WA0213802058005010030277226
B1656180419509N07612340WA0213902059005010031308278
B1656190419510N07612344WA0214002061005010034330314
B1656200419516N07612345WA0214102063005010038346338
B1656210419521N07612347WA0214202065005010039357353
B1656220419526N07612347WA0214302067005010039010004
B1656230419532N07612346WA0214502068005010038018017
B1656240419537N07612343WA0214602069005010033072024
B1656250419540N07612339WA0214802070005010027093072
B1656260419539N07612336WA0214902070010019026126090
B1656270419536N07612333WA0215002070010019026156119
B1656280419533N07612332WA0215002071010019027170146
B1656290419529N07612330WA0215202073010019030208160
B1656300419526N07612333WA0215302073010019032227201
B1656310419523N07612338WA0215402073005010030237223
B1656320419517N07612338WA0215502080005010030267234
B1656330419516N07612343WA0215602081005010032289268
B1656340419518N07612347WA0215702082005010035305293
B1656350419522N07612350WA0215802083005010036319311
B1656360419525N07612355WA0215902085005010037329325
B1656370419529N07612358WA0216102086005010034341335
B1656380419533N07612360WA0216302087005010034352348
B1656390419538N07612360WA0216402089005010034003359
B1656400419543N07612359WA0216602091005010034015010
B1656410419551N07612361WA0216802093005010029056022
B1656420419554N07612359WA0216902095005010030081060
B1656430419555N07612355WA0217102098005010029092082
B1656440419557N07612351WA0217102101005010027101092
B1656450419557N07612346WA0217202104005010026114100
B1656460419556N07612342WA0217402106005010031122111
B1656470419552N07612338WA0217702107005010038145119
B1656480419547N07612335WA0217802109005010041153141
B1656490419541N07612333WA0218002110010019040168149
B1656500419536N07612332WA0218102112010019038183163
B1656510419532N07612333WA0218202113010019033210177
B1656520419528N07612336WA0218302114010019028225204
B1656530419526N07612340WA0218402115010019027258220
B1656540419526N07612344WA0218502116010019023296257
B1656550419529N07612347WA0218702118010019026320302
B1656560419533N07612349WA0218902119010019034347327
B1656570419538N07612350WA0219102120010019035004353
B1656580419543N07612349WA0219302120010019029014010
B1656590419547N07612348WA0219402122010019026027020
B1657000419550N07612346WA0219602123010019024056032
B1657010419551N07612343WA0219802124010019027101059
B1657020419549N07612340WA0219902125010019029126098
B1657030419545N07612337WA0219902127010019037143121
B1657040419540N07612335WA0220102128010019039160138
B1657050419535N07612335WA0220202129010019036178155
B1657060419530N07612333WA0220202131010019037179173
B1657070419526N07612334WA0220302133010019029210174
B1657080419523N07612336WA0220402134010019029222205
B1657090419520N07612339WA0220502135010019029239219
B1657100419515N07612339WA0220602142005010028253238
B1657110419512N07612340WA0220802149005010025276254
B1657120419512N07612343WA0220902151005010029296280
B1657130419515N07612348WA0221102153005010035317301
B1657140419519N07612351WA0221202154005010041318322
B1657150419525N07612354WA0221302156005010045347323
B1657160419531N07612356WA0221402159005010044358351
B1657170419538N07612356WA0221602162005010039014002
B1657180419544N07612357WA0221802165005010034038018
B1657190419548N07612354WA0222002167005010032054041
B1657200419552N07612350WA0222002170005010034065055
B1657210419553N07612344WA0222102173005010037077066
B1657220419554N07612338WA0222202175005010037095076
B1657230419553N07612332WA0222202178005010039106093
B1657240419551N07612326WA0222302180005010038116104
B1657250419550N07612320WA0222402183005010035117114
B1657260419548N07612314WA0222402186005010035110118
B1657270419547N07612307WA0222502188005010037106118
B1657280419545N07612300WA0222502191005010040112120
B1657290419542N07612295WA0222502192005010044129123
B1657300419537N07612290WA0222502193005010050136132
B1657310419531N07612285WA0222402194005010052140142
B1657320419526N07612278WA0222302196005010048146144
B1657330419520N07612273WA0222202198005010046145151
B1657340419515N07612270WA0222102201005010037161150
B1657350419510N07612269WA0222102202005010040184162
B1657360419503N07612270WA0222102203005010045196184
B1657370419496N07612271WA0222002205005010047196190
B1657380419488N07612272WA0222002207005010049194194
B1657390419480N07612273WA0222002208005010046197194
B1657400419473N07612275WA0221902210005010042192191
B1657410419467N07612276WA0221802212005010037186189
B1657430419461N07612276WA0221802213005010041179190
B1657440419447N07612276WA0221802215005010046183200
B1657450419441N07612276WA0221802216005010044184205
B1657460419434N07612276WA0221802218005010043186211
B1657470419428N07612277WA0221702220005010041189205
B1657480419422N07612278WA0221702221005010041192206
B1657490419415N07612280WA0221702222005010044201209
B1657500419409N07612282WA0221802223005010046205213
B1657510419403N07612285WA0221802225005010045204214
B1657520419397N07612288WA0221802226005010042203215
B1657530419391N07612291WA0221802227005010040204211
B1657540419385N07612293WA0221902228005010041203201
B1657560419379N07612295WA0221902228005010043197198
B1657570419365N07612300WA0221902229005010058195209
B1657580419356N07612302WA0221802228005010061197234
B1657590419348N07612305WA0221702228005010056200217
B1658010419340N07612308WA0221702228005010050195220
B1658030419329N07612310WA0221802228005010033191209
B1658040419319N07612312WA0221902226005010034183213
B1658050419314N07612312WA0221802225005010032182197
B1658070419309N07612312WA0221502224005010033177196
B1658080419304N07612312WA0221202222005010034177195
B1658090419293N07612312WA0220302218005010034187188
B1658110419288N07612313WA0219902215005010034192191
B1658120419283N07612314WA0219602213005010033188199
B1658130419278N07612315WA0219202210005010033185196
B1658150419268N07612317WA0218902205005010040201194
B1658160419262N07612320WA0218602202005010042203205
B1658170419256N07612322WA0218302199005010043198208
B1658180419250N07612324WA0218102197005010039195213
B1658190419245N07612325WA0217802195005010036191209
B1658200419240N07612326WA0217702194005010033190200
B1658210419235N07612328WA0217502191005010034196197
B1658220419230N07612329WA0217402189005010036199204
B1658230419224N07612331WA0217202188005010039199216
B1658240419219N07612333WA0217102186005010037199211
B1658250419214N07612334WA0217002185005010034194212
B1658260419209N07612335WA0216902184005010031188203
B1658270419205N07612336WA0216902182005010030190199
B1658280419200N07612337WA0216802180005010032196197
B1658290419195N07612339WA0216702179005010036202199
B1658300419190N07612341WA0216602177005010040205205
B1658310419184N07612344WA0216402175005010043203212
B1658320419178N07612346WA0216402174005010044203212
B1658330419173N07612349WA0216302173005010040203211
B1658340419168N07612351WA0216102173005010036213207
B1658350419163N07612355WA0216102172005010038218220
B1658360419159N07612358WA0216102172005010039216225
B1658370419154N07612362WA0216102172005010046211222
B1658380419148N07612365WA0216202172005010046211228
B1658390419142N07612369WA0216202173005010045214224
B1658400419136N07612373WA0216302174005010044216217
B1658410419131N07612377WA0216402175005010040216226
B1658420419127N07612380WA0216602176005010032215225
B1658430419123N07612383WA0216702177005010026218231
B1658440419120N07612385WA0216802178005010026218222
B1658450419117N07612388WA0216902179005010027217219
B1658460419113N07612390WA0216902180005010031214223
B1658470419109N07612393WA0216902181005010036210215
B1658480419105N07612396WA0216802181005010037212210
B1658490419100N07612399WA0216802181005010039209211
B1658500419095N07612401WA0216702182005010034206212
B1658510419091N07612404WA0216502182005010029204216
B1658520419087N07612405WA0216402182005010026205230
B1658530419083N07612407WA0216302181005010027207225
B1658540419080N07612410WA0216002181005010033217219
B1658550419071N07612416WA0215802178005010036216215
B1658560419067N07612419WA0215602177005010036211213
B1658570419062N07612422WA0215602176005010038209219
B1658580419057N07612425WA0215502174005010041212223
B1658590419052N07612429WA0215302173005010042215224
B1659000419047N07612433WA0215102171005010042217227
B1659010419042N07612436WA0214902170005010041218224
B1659020419037N07612440WA0214902169005010040219218
B1659030419032N07612445WA0214802167005010046221223
B1659040419026N07612449WA0214702166005010052220221
B1659050419020N07612455WA0214502166005010055218221
B1659060419014N07612460WA0214502166005010052217222
B1659070419008N07612464WA0214502165005010048218219
B1659080419002N07612469WA0214502166005010046221224
B1659090418997N07612473WA0214502166005010046221218
B1659100418992N07612478WA0214702167005010046220210
B1659110418986N07612482WA0214702168005010043212212
B1659120418981N07612485WA0214902168005010043209212
B1659130418976N07612488WA0215102170005010034203203
B1659140418971N07612490WA0215402171005010031206182
B1659150418967N07612491WA0215402172005010032201164
B1659160418963N07612493WA0215702173005010034190150
B1659170418958N07612493WA0216002174005010034178137
B1659180418954N07612491WA0216302175005010035129124
B1659190418952N07612486WA0216302176005010037095090
B1659200418953N07612479WA0216402176005010038083067
B1659210418954N07612474WA0216502177005010037075053
B1659220418956N07612469WA0216502178005010033070050
B1659230418960N07612467WA0216502178005010037349048
B1659240418967N07612468WA0216502178005010041343347
B1659250418973N07612471WA0216402178005010045329341
B1659260418979N07612476WA0216302178005010050308327
B1659270418984N07612483WA0216302179005010049304310
B1659280418987N07612490WA0216302180005010049295305
B1659290418990N07612497WA0216402181005010046283297
B1659300418991N07612503WA0216502182005010042269285
B1659310418990N07612510WA0216502183005010043255269
B1659320418987N07612516WA0216702185005010044240249
B1659330418984N07612522WA0217002186005010044237231
B1659340418980N07612528WA0217202188005010045234230
B1659350418976N07612533WA0217202190005010045235232
B1659360418972N07612539WA0217402191005010046239233
B1659370418968N07612545WA0217502193005010047239231
B1659380418964N07612551WA0217702195005010045237231
B1659390418961N07612556WA0217702197005010042235240
B1659400418957N07612561WA0217802199005010039236234
B1659410418954N07612566WA0218002201005010040235221
B1659420418950N07612571WA0218202203005010043230227
B1659430418946N07612576WA0218202205005010042228234
B1659440418942N07612580WA0218502207005010041223247
B1659450418938N07612584WA0218702208005010030223233
B1659460418934N07612587WA0219002210005010031225229
B1659470418931N07612591WA0219002211005010036226224
B1659480418927N07612595WA0219302212005010048229213
B1659490418922N07612601WA0219402214005010052228203
B1659500418916N07612607WA0219502215005010053226198
B1659510418911N07612611WA0219502216005010040217203
B1659520418907N07612615WA0219602217005010034216213
B1659530418903N07612618WA0219702219005010033213209
B1659540418899N07612620WA0219702220005010035209212
B1659550418893N07612623WA0219702221005010044211209
B1659560418888N07612627WA0219802221005010048212199
B1659570418882N07612631WA0219802222005010049213206
B1659580418876N07612635WA0219802223005010046211203
B1659590418870N07612638WA0219802223005010044206203
B1700000418864N07612640WA0219802224005010042201210
B1700010418859N07612643WA0219802224005010041201219
B1700020418853N07612645WA0219702224005010041199205
B1700030418847N07612647WA0219702224005010048203210
B1700040418840N07612650WA0219602223005010048203212
B1700050418833N07612653WA0219402222005010044207212
B1700060418828N07612657WA0219202221005010042208198
B1700070418822N07612659WA0219202220005010041204195
B1700080418816N07612662WA0219002219005010041200210
B1700090418810N07612664WA0218902218005010041203218
B1700100418805N07612667WA0218802218005010039209222
B1700110418799N07612670WA0218802217005010046216213
B1700120418794N07612675WA0218702215005010050213213
B1700130418787N07612678WA0218602214005010049208220
B1700140418781N07612682WA0218502213005010046209228
B1700150418775N07612685WA0218502213005010041211228
B1700160418770N07612689WA0218402212005010038216225
B1700170418766N07612692WA0218302210005010041216223
B1700180418760N07612696WA0218202209005010044213224
B1700190418755N07612700WA0218202207005010045212223
B1700200418749N07612704WA0218102205005010044214225
B1700210418744N07612707WA0218002204005010042216226
B1700220418739N07612711WA0217802202005010041216216
B1700230418734N07612715WA0217602201005010041213221
B1700240418728N07612718WA0217602199005010041210221
B1700250418723N07612721WA0217402197005010041211225
B1700260418718N07612725WA0217202196005010041215233
B1700270418713N07612729WA0217202194005010044218215
B1700280418707N07612733WA0217102192005010044213221
B1700290418702N07612736WA0216902191005010043211224
B1700300418696N07612739WA0216702190005010041209228
B1700310418691N07612742WA0216702189005010039211225
B1700320418686N07612746WA0216602187005010037213223
B1700330418681N07612749WA0216502186005010038212215
B1700340418676N07612752WA0216402185005010040208218
B1700350418670N07612755WA0216402183005010042205220
B1700360418665N07612757WA0216302182005010042203210
B1700370418659N07612760WA0216202181005010041202217
B1700380418653N07612762WA0216102180005010041200206
B1700390418647N07612764WA0216102179005010043198211
B1700400418641N07612766WA0216002178005010044196218
B1700410418634N07612768WA0215902177005010045197217
B1700420418628N07612770WA0215802176005010044198215
B1700430418622N07612772WA0215802175005010042198207
B1700440418616N07612774WA0215702174005010039194202
B1700450418610N07612775WA0215602173005010039191197
B1700460418604N07612776WA0215502172005010040189193
B1700470418598N07612778WA0215302170005010045194190
B1700480418591N07612780WA0215302168005010049199191
B1700490418584N07612782WA0215102167005010049202198
B1700500418577N07612785WA0214902165005010048198206
B1700510418570N07612787WA0214602163005010046196203
B1700520418564N07612789WA0214602161005010044197199
B1700530418558N07612791WA0214302159005010043198196
B1700540418551N07612793WA0214102157005010043199198
B1700550418545N07612796WA0213802155005010046199201
B1700560418539N07612798WA0213802152005010048200201
B1700570418532N07612801WA0213502149005010049203200
B1700580418525N07612804WA0213202146005010046204203
B1700590418519N07612807WA0212802143005010045201206
B1701000418513N07612809WA0212802140005010046199208
B1701010418506N07612811WA0212402137005010047199209
B1701020418499N07612814WA0212002134005010047201207
B1701030418493N07612817WA0211602131005010046204208
B1701040418487N07612820WA0211602128005010045204211
B1701050418480N07612822WA0211302125005010045201217
B1701060418474N07612825WA0211002121005010047200211
B1701070418467N07612828WA0210602119005010055205212
B1701080418459N07612832WA0210602116005010057215214
B1701090418453N07612837WA0210402114005010056219213
B1701100418446N07612841WA0210202112005010037197204
B1701110418442N07612842WA0210202111005010029192212
B1701120418438N07612843WA0210202110005010026197204
B1701130418434N07612844WA0210302108005010029196208
B1701140418430N07612846WA0210502107005010037203202
B1701150418424N07612849WA0210602105005010043206212
B1701160418419N07612851WA0210602104005010041206218
B1701170418413N07612854WA0210602103005010039203224
B1701180418408N07612856WA0210602103005010032204216
B1701190418404N07612858WA0210502102005010028205220
B1701200418400N07612860WA0210502101005010030204215
B1701210418396N07612862WA0210502101005010036203216
B1701220418390N07612865WA0210402100005010045212215
B1701230418384N07612869WA0210302099005010051216222
B1701240418378N07612873WA0210302099005010049217221
B1701250418373N07612877WA0210202099005010038215218
B1701260418368N07612881WA0210102099005010034212217
B1701270418364N07612883WA0210102099005010033208218
B1701280418359N07612886WA0210102099005010038209221
B1701290418354N07612889WA0210102098005010044212223
B1701300418348N07612893WA0210002098005010048213221
B1701310418342N07612896WA0210002098005010047211219
B1701320418336N07612900WA0210002097005010045207225
B1701330418330N07612902WA0209902097005010043203224
B1701340418324N07612905WA0209702097005010041204229
B1701350418319N07612908WA0209602097005010039210221
B1701360418314N07612911WA0209602096005010038215221
B1701370418309N07612914WA0209502096005010040216220
B1701380418304N07612918WA0209402096005010041213223
B1701390418299N07612921WA0209302095005010040209222
B1701400418294N07612924WA0209302095005010039207228
B1701410418289N07612927WA0209202095005010037210221
B1701420418284N07612930WA0209002094005010037212215
B1701430418280N07612932WA0208902094005010036207213
B1701440418275N07612934WA0208902094005010035200217
B1701450418270N07612936WA0208802093005010032197216
B1701460418266N07612937WA0208702092005010031200210
B1701470418261N07612939WA0208602092005010032205204
B1701480418257N07612941WA0208602091005010034204206
B1701490418252N07612943WA0208402090005010035205218
B1701500418248N07612946WA0208102089005010035212219
B1701510418243N07612949WA0207902088005010033213212
B1701520418239N07612951WA0207902087005010033206208
B1701530418235N07612953WA0207702087005010034199212
B1701540418230N07612955WA0207502088005010034200217
B1701550418225N07612957WA0207502088005010031207221
B1701560418221N07612959WA0207502088005010033223219
B1701570418218N07612963WA0207402089005010036232219
B1701580418214N07612967WA0207402089005010037231207
B1701590418211N07612971WA0207502089005010032216210
B1702000418207N07612973WA0207502090005010029205217
B1702020418203N07612975WA0207502091005010028208221
B1702030418196N07612981WA0207602093005010032226209
B1702040418193N07612984WA0207602094005010034221202
B1702050418189N07612987WA0207702095005010033211216
B1702060418185N07612990WA0207902097005010031210223
B1702070418181N07612992WA0208002098005010027221215
B1702080418178N07612996WA0208002099005010032232217
B1702090418175N07613000WA0208102100005010038234211
B1702100418171N07613005WA0208202101005010038234222
B1702110418168N07613009WA0208302102005010038233223
B1702120418165N07613013WA0208302103005010025236221
B1702140418163N07613016WA0208402105005010021237217
B1702150418161N07613019WA0208602107005010020234215
B1702160418160N07613021WA0208802109005010022229212
B1702170418153N07613027WA0209002112005010035219200
B1702190418149N07613030WA0209202113005010033214210
B1702200418145N07613032WA0209402115005010028206214
B1702220418139N07613036WA0209502118005010022211209
B1702230418136N07613038WA0209602120005010022216200
B1702240418133N07613040WA0209702121005010027214189
B1702250418129N07613043WA0209702122005010034210198
B1702260418124N07613045WA0209802123005010036204203
B1702270418119N07613047WA0209802125005010034202209
B1702280418114N07613049WA0209902126005010029202199
B1702290418110N07613051WA0209902128005010028205194
B1702300418107N07613052WA0209902129005010026205183
B1702310418103N07613054WA0210002130005010026198182
B1702320418099N07613055WA0210102131005010026192185
B1702330418095N07613056WA0210102132005010028184185
B1702340418091N07613056WA0210202133005010029180194
B1702350418086N07613056WA0210302134005010029181192
B1702360418082N07613056WA0210402135005010028185181
B1702370418078N07613057WA0210402135005010024186189
B1702380418074N07613057WA0210502136005010024184182
B1702390418070N07613057WA0210502137005010026181189
B1702400418066N07613057WA0210602137005010027177187
B1702410418062N07613057WA0210602138005010030176188
B1702420418057N07613056WA0210602138005010033178192
B1702430418052N07613056WA0210602138005010034182191
B1702440418048N07613057WA0210602139005010030183194
B1702450418044N07613057WA0210602139005010027179181
B1702460418040N07613056WA0210502139005010025176185
B1702470418036N07613056WA0210502139005010025179194
B1702480418032N07613056WA0210602140005010026185195
B1702490418028N07613057WA0210602140005010028193191
B1702500418024N07613058WA0210602140005010028197194
B1702510418020N07613060WA0210702141005010026197195
B1702520418017N07613061WA0210802142005010026196200
B1702530418013N07613062WA0210802142005010026194196
B1702540418009N07613063WA0210902143005010026199190
B1702550418006N07613064WA0211102143005010023190204
B1702560418002N07613064WA0211302144005010020182197
B1702570417999N07613065WA0211302145005010019180188
B1702580417996N07613065WA0211502146005010022186174
B1702590417992N07613065WA0211702147005010030192152
B1703000417988N07613066WA0212002148005010029189136
B1703010417983N07613067WA0212002150005010032178129
B1703020417980N07613064WA0212202151005010030110125
B1703030417979N07613060WA0212602153005010032095086
B1703040417981N07613054WA0212902154005010045061074
B1703050417985N07613048WA0212902156005010047044049
B1703060417992N07613044WA0213202157005010046023035
B1703070417999N07613042WA0213602159005010048001018
B1703080418006N07613043WA0213802159005010048345357
B1703090418013N07613046WA0213802160005010048340341
B1703100418018N07613050WA0214002161010019044299337
B1703110418021N07613056WA0214202163005010041294289
B1703120418023N07613061WA0214402164010019036289283
B1703130418023N07613065WA0214402165005010020269274
B1703140418022N07613068WA0214702166005010022262234
B1703150418021N07613071WA0214902167005010027252230
B1703160418019N07613075WA0215002167005010033234218
B1703170418016N07613079WA0215002167005010033230205
B1703180418012N07613082WA0215102167005010032220203
B1703190418008N07613084WA0215102168005010028198188
B1703200418004N07613085WA0215102169005010024185193
B1703210418000N07613085WA0215102170005010023183185
B1703220417996N07613084WA0215202172005010025174185
B1703230417991N07613083WA0215302173005010030173168
B1703240417986N07613083WA0215502174005010036173140
B1703250417981N07613081WA0215502176005010035162143
B1703260417975N07613079WA0215602179005010036161128
B1703270417971N07613077WA0215902182005010035146131
B1703280417968N07613073WA0216102185005010032097124
B1703290417969N07613067WA0216102187005010035083095
B1703300417970N07613061WA0216502190005010039074081
B1703310417973N07613055WA0216802192005010043062071
B1703320417977N07613050WA0217102194005010043048056
B1703330417982N07613045WA0217102196005010044040042
B1703340417988N07613041WA0217402198005010039031034
B1703350417993N07613039WA0217502200005010037019026
B1703360417998N07613040WA0217602202005010038315014
B1703370418002N07613045WA0217702205005010037305300
B1703380418005N07613050WA0217702207005010034292289
B1703390418006N07613055WA0217902209005010032280277
B1703400418006N07613059WA0218002211005010022263264
B1703410418005N07613062WA0218202213005010019248244
B1703420418004N07613065WA0218202215005010021227225
B1703430418001N07613067WA0218302217005010024215213
B1703440417997N07613069WA0218502219005010026210199
B1703450417993N07613071WA0218702221005010026208186
B1703460417989N07613073WA0218702222005010028205186
B1703470417985N07613075WA0218902224005010029196191
B1703480417980N07613075WA0219002226005010034188172
B1703490417975N07613076WA0219202227005010033181170
B1703500417971N07613075WA0219202230005010024154162
B1703510417968N07613073WA0219402233005010027143151
B1703520417965N07613070WA0219702236005010025119145
B1703530417964N07613067WA0220002238005010025106125
B1703540417963N07613063WA0220002241005010028103109
B1703550417962N07613058WA0220502244005010030092106
B1703560417963N07613054WA0221002248005010029091104
B1703570417963N07613050WA0221502251005010027088103
B1703580417963N07613046WA0221502254005010026093109
B1703590417962N07613041WA0222002257005010030108106
B1704000417961N07613037WA0222502260005010033108107
B1704010417959N07613032WA0222902263005010035106105
B1704020417958N07613026WA0222902266005010037103111
B1704030417956N07613021WA0223302269005010037104115
B1704040417955N07613015WA0223702272005010040111127
B1704050417952N07613010WA0224102275005010041121125
B1704060417949N07613004WA0224102278005010041122106
B1704070417945N07612999WA0224402280005010041119106
B1704080417943N07612993WA0224702282005010040102110
B1704090417942N07612987WA0224802283005010042097122
B1704100417941N07612981WA0224802283005010042108133
B1704110417938N07612975WA0224802283005010046120138
B1704120417934N07612969WA0224802283005010046130132
B1704130417929N07612965WA0224802283005010039131119
B1704140417926N07612960WA0224802283005010039119114
B1704150417923N07612954WA0224702284005010040110126
B1704160417921N07612949WA0224702285005010040107133
B1704170417919N07612943WA0224802287005010035113126
B1704180417917N07612939WA0224802289005010031118120
B1704190417915N07612935WA0225102291005010033117117
B1704200417912N07612930WA0225502293005010038115116
B1704210417910N07612924WA0225902295005010044110131
B1704220417908N07612918WA0225902298005010044108125
B1704230417906N07612912WA0226302300005010034109125
B1704240417904N07612908WA0226702302005010032114129
B1704250417902N07612903WA0227102304005010036116127
B1704260417900N07612898WA0227102307005010039116127
B1704270417897N07612892WA0227302309005010042111118
B1704280417895N07612886WA0227602311005010042105117
B1704290417894N07612880WA0227802313005010038105119
B1704300417892N07612875WA0227802315005010035107126
B1704310417890N07612870WA0227902317005010035112124
B1704320417888N07612865WA0228002318005010037119139
B1704330417885N07612860WA0228102318005010040121141
B1704340417882N07612855WA0228102319005010040119152
B1704350417879N07612850WA0228102320005010036124159
B1704360417876N07612846WA0228102321005010034133162
B1704370417872N07612843WA0228202321005010034145163
B1704380417867N07612840WA0228202322005010033155173
B1704390417863N07612838WA0228202323005010034159181
B1704400417858N07612837WA0228202323005010035160190
B1704410417853N07612835WA0228302324005010035161198
B1704420417848N07612834WA0228302324005010035163193
B1704430417843N07612833WA0228402325005010033169187
B1704440417838N07612832WA0228502325005010031177184
B1704450417834N07612832WA0228502325005010030178172
B1704460417829N07612832WA0228502325005010032173178
B1704470417824N07612831WA0228402324005010036170165
B1704480417819N07612830WA0228302324005010039166177
B1704490417813N07612829WA0228102323005010045167173
B1704500417806N07612827WA0228102323005010040168188
B1704510417801N07612826WA0227902323005010038170187
B1704520417795N07612825WA0227702322005010035168182
B1704530417790N07612824WA0227602322005010034173191
B1704540417785N07612824WA0227602321005010032172198
B1704550417780N07612823WA0227502321005010036181187
B1704560417775N07612824WA0227302320005010039195198
B1704570417769N07612826WA0227202319005010038202199
B1705070417722N07612847WA0226002268022003031190208
B1705080417717N07612848WA0226002267022003031193202
B1705090417712N07612849WA0225902266022003033193210
B1705100417707N07612850WA0225802265022003034187211
B1705110417702N07612850WA0225702265022003031182209
B1705120417698N07612851WA0225702264022003031185209
B1705130417694N07612852WA0225602262022003030193207
B1705140417688N07612853WA0225402260022003030190195
B1705150417683N07612854WA0225302258022003037191203
B1705160417677N07612855WA0225302258022003039188198
B1705170417671N07612856WA0225102258022003039190210
B1705180417666N07612857WA0225002259022003035191205
B1705190417662N07612858WA0224802259022004034193209
B1705200417658N07612860WA0224802255022004030196204
B1705210417652N07612862WA0224602255022004039200202
B1705220417647N07612864WA0224502254022003039198198
B1705230417642N07612865WA0224402253022003036195209
B1705240417637N07612866WA0224402251022003035189200
B1705250417632N07612867WA0224202249022003035194200
B1705260417627N07612869WA0224102247022003036190208
B1705270417621N07612870WA0223902245022003040193198
B1705280417615N07612871WA0223902244022003040190198
B1705290417609N07612872WA0223802243022003040190209
B1705300417605N07612873WA0223602244022003036199216
B1705310417600N07612875WA0223402242022003029206211
B1705320417596N07612877WA0223402241022003031204201
B1705330417595N07612877WA0223202255005010031205197
B1705340417591N07612878WA0223102254005010033201186
B1705350417586N07612880WA0222902253005010039189200
B1705360417580N07612880WA0222902250005010039183208
B1705380417574N07612880WA0222802247005010034188207
B1705390417569N07612881WA0222502245005010032199193
B1705400417565N07612882WA0222202243005010032195183
B1705410417560N07612883WA0222202240005010033186185
B1705420417555N07612883WA0221902237005010033176190
B1705430417550N07612883WA0221602235005010033173206
B1705440417545N07612882WA0221202232005010033178186
B1705450417540N07612882WA0221202229005010034182196
B1705460417535N07612882WA0220902225005010035180208
B1705470417529N07612882WA0220502222005010037181210
B1705480417524N07612883WA0220102219005010036185206
B1705490417518N07612883WA0220102216005010035188192
B1705500417513N07612884WA0219702213005010034185202
B1705510417508N07612884WA0219402211005010033180191
B1705520417503N07612884WA0219102208005010031177197
B1705530417498N07612884WA0219102206005010031179203
B1705540417494N07612884WA0218802203005010034188195
B1705550417488N07612885WA0218502201005010039191208
B1705560417482N07612887WA0218202199005010041193197
B1705570417476N07612888WA0218202197005010040197203
B1705580417471N07612890WA0217902196005010034190206
B1705590417466N07612891WA0217802195005010033188208
B1706000417461N07612891WA0217702194005010033188206
B1706010417456N07612892WA0217702194005010037195207
B1706020417451N07612894WA0217602193005010039196197
B1706030417445N07612895WA0217602193005010036194188
B1706040417440N07612896WA0217602193005010032185201
B1706050417436N07612896WA0217602192005010031179207
B1706060417431N07612896WA0217502192005010031177207
B1706070417427N07612896WA0217502191005010030182204
B1706080417422N07612897WA0217402191005010035191203
B1706090417416N07612898WA0217402190005010038190202
B1706100417411N07612899WA0217302189005010040186198
B1706110417405N07612900WA0217102187005010039185210
B1706120417399N07612900WA0216802186005010038188216
B1706130417393N07612901WA0216502184005010035191205
B1706140417388N07612902WA0216502182005010036193205
B1706150417383N07612904WA0216302180005010037192198
B1706160417377N07612905WA0216002178005010038191202
B1706170417372N07612905WA0215702177005010034186205
B1706180417367N07612906WA0215702175005010032184209
B1706190417362N07612906WA0215502173005010031185204
B1706200417357N07612907WA0215302171005010032185208
B1706210417352N07612907WA0215102169005010034187200
B1706220417347N07612908WA0215102167005010036185202
B1706230417342N07612908WA0214902165005010037184208
B1706240417336N07612909WA0214602163005010036186199
B1706250417331N07612910WA0214402161005010034187197
B1706260417326N07612910WA0214402160005010031186195
B1706270417321N07612910WA0214102158005010030182196
B1706280417317N07612911WA0213902156005010032182195
B1706290417312N07612911WA0213702154005010037183196
B1706300417306N07612911WA0213702152005010037190187
B1706310417301N07612913WA0213502150005010037192184
B1706320417295N07612914WA0213302148005010037187188
B1706330417290N07612913WA0213102146005010032172198
B1706340417285N07612913WA0213102144005010035177208
B1706350417279N07612913WA0212802141005010038186209
B1706360417273N07612914WA0212602139005010041194208
B1706370417267N07612916WA0212402136005010041199210
B1706380417262N07612918WA0212402134005010039199211
B1706390417256N07612919WA0212102132005010036195216
B1706400417251N07612921WA0211902130005010032192217
B1706410417247N07612922WA0211602128005010030192217
B1706420417242N07612923WA0211602126005010031193210
B1706430417237N07612924WA0211402124005010036195210
B1706440417232N07612926WA0211202122005010041198210
B1706450417226N07612927WA0211002120005010041199214
B1706460417220N07612929WA0211002119005010039196218
B1706470417214N07612931WA0210802117005010038196222
B1706480417209N07612933WA0210602115005010039198223
B1706490417203N07612935WA0210302114005010039201217
B1706500417198N07612937WA0210302112005010037201213
B1706510417193N07612939WA0210102111005010035197213
B1706520417188N07612940WA0210002109005010035193216
B1706530417183N07612941WA0209802107005010036191221
B1706540417178N07612942WA0209802106005010036194219
B1706550417172N07612944WA0209602104005010036198218
B1706560417167N07612945WA0209302102005010037200217
B1706570417162N07612947WA0209102100005010037198210
B1706580417157N07612949WA0209102098005010037195221
B1706590417151N07612950WA0208802096005010037196225
B1707000417146N07612952WA0208502094005010036198192
B1707010417141N07612954WA0208202092005010035200220
B1707020417136N07612956WA0208202090005010037203230
B1707030417131N07612958WA0207902088005010035212215
B1707040417127N07612961WA0207602085005010039215225
B1707050417122N07612965WA0207302083005010038219233
B1707060417118N07612968WA0207302080005010037219226
B1707070417114N07612971WA0207002079005010031217228
B1707080417110N07612974WA0206802078005010028213223
B1707090417107N07612976WA0206602077005010030209225
B1707100417103N07612978WA0206602076005010033208224
B1707110417098N07612981WA0206502075005010034206224
B1707120417093N07612983WA0206402074010019034204226
B1707130417089N07612985WA0206302073010019033203224
B1707140417084N07612987WA0206302072010019034204227
B1707150417079N07612989WA0206102071010019033203226
B1707160417075N07612991WA0206002070010019035203214
B1707170417070N07612993WA0205802068005010036198220
B1707180417064N07612995WA0205602067005010037199227
B1707190417059N07612997WA0205602066005010038204222
B1707200417054N07612999WA0205402064005010039209216
B1707210417049N07613002WA0205102063005010039208213
B1707220417044N07613004WA0205102062005010039204220
B1707230417038N07613007WA0204902060005010038201228
B1707240417033N07613009WA0204702059005010037203228
B1707250417028N07613011WA0204502058005010037210220
B1707260417023N07613014WA0204502056005010037214219
B1707270417019N07613017WA0204402055005010038212220
B1707280417014N07613020WA0204202053005010038206230
B1707290417009N07613023WA0204002052005010038205224
B1707300417004N07613025WA0204002050005010037206220
B1707310416999N07613028WA0203802048005010037207219
B1707320416994N07613030WA0203502046005010039206225
B1707330416988N07613033WA0203302044005010039205227
B1707340416983N07613035WA0203302042005010038206232
B1707350416978N07613038WA0203102040005010036210230
B1707360416974N07613040WA0202802038005010032213231
B1707370416970N07613043WA0202602036005010029213227
B1707380416966N07613045WA0202602033005010028214227
B1707390416963N07613048WA0202302031005010030218227
B1707400416959N07613051WA0202002028005010035223207
B1707410416955N07613055WA0201602025005010041223226
B1707420416950N07613059WA0201302022005010042218221
B1707430416945N07613063WA0201302020005010040218240
B1707440416941N07613066WA0201002018005010029219219
B1707450416938N07613069WA0200702017005010027223210
B1707460416935N07613072WA0200702015005010027222224
B1707470416932N07613074WA0200502014005010025216218
B1707480416929N07613076WA0200402013005010024214231
B1707490416926N07613079WA0200302012005010024217226
B1707500416923N07613081WA0200302011005010025220217
B1707510416920N07613083WA0200302009005010027221215
B1707520416917N07613086WA0200202008005010028219218
B1707530416914N07613089WA0200102007005010028217217
B1707540416911N07613091WA0200102007005010028219216
B1707550416908N07613094WA0200102006005010027225215
B1707560416905N07613097WA0200002006005010025228210
B1707570416902N07613099WA0200002005005010022225216
B1707580416900N07613101WA0200002005005010021219220
B1707590416898N07613104WA0200002005005010021224224
B1708000416895N07613106WA0200002004005010025231225
B1708010416893N07613109WA0199902003005010028233221
B1708020416890N07613112WA0199802003005010025230220
B1708030416886N07613117WA0199802002005010022223214
B1708050416883N07613120WA0199602002005010022223224
B1708060416878N07613125WA0199502001005010027231228
B1708080416876N07613128WA0199402000005010026239233
B1708090416873N07613136WA0199301999005010029252227
B1708100416872N07613141WA0199101998005010031257231
B1708120416870N07613150WA0199001997005010031259225
B1708130416869N07613154WA0198801996005010027257234
B1708140416868N07613158WA0198701997005010023261238
B1708150416868N07613161WA0198701997005010017268255
B1708160416868N07613163WA0198701997005010016272254
B1708170416868N07613166WA0198701998005010017269243
B1708180416868N07613168WA0198701998005010016266239
B1708190416868N07613171WA0198701997005010018262226
B1708200416867N07613174WA0198701997005010027242221
B1708210416865N07613177WA0198601996005010026221213
B1708220416862N07613179WA0198401996005010025202192
B1708230416858N07613180WA0198401995005010025188214
B1708240416855N07613180WA0198101995005010024180222
B1708250416851N07613181WA0197801994005010021191204
B1708260416848N07613181WA0197601994005010022200203
B1708270416845N07613183WA0197601994005010020203192
B1708280416842N07613183WA0197401993005010019190190
B1708290416839N07613183WA0197301993005010019179192
B1708300416836N07613183WA0197201992005010020185191
B1708310416833N07613184WA0197201992005010021192206
B1708320416830N07613185WA0197101991005010024199188
B1708330416827N07613186WA0197001991005010026201235
B1708340416823N07613187WA0196801990005010025198203
B1708350416819N07613189WA0196801990005010023201227
B1708360416816N07613190WA0196701989005010021204207
B1708370416814N07613192WA0196601988005010022211216
B1708380416811N07613193WA0196501987005010023214209
B1708390416808N07613195WA0196501986005010025215219
B1708400416805N07613197WA0196401986005010024212204
B1708410416802N07613199WA0196301985005010022209212
B1708420416800N07613201WA0196301984005010020209200
B1708430416797N07613202WA0196301983005010019215211
B1708440416795N07613204WA0196201983005010020221219
B1708450416793N07613206WA0196101982005010021223207
B1708460416791N07613208WA0196101981005010021213198
B1708470416787N07613210WA0196101980005010026200198
B1708480416784N07613211WA0196001979005010028202201
B1708490416780N07613213WA0195901978005010029207199
B1708500416776N07613215WA0195801978005010025214206
B1708510416773N07613217WA0195801977005010024221205
B1708520416771N07613219WA0195701977005010024220201
B1708530416768N07613222WA0195601976005010025218206
B1708540416765N07613224WA0195501975005010025213206
B1708550416762N07613226WA0195501974005010028218212
B1708560416759N07613229WA0195401974005010039228224
B1708570416755N07613234WA0195201973005010041234223
B1708580416751N07613239WA0195101972005010040236219
B1708590416748N07613244WA0195101972005010038235222
B1709000416745N07613249WA0194901971005010037232214
B1709010416741N07613253WA0194801970005010036232223
B1709020416738N07613258WA0194701969005010036237227
B1709030416735N07613263WA0194701968005010036243231
B1709040416733N07613268WA0194701967005010034246222
B1709050416731N07613272WA0194601966005010032247218
B1709060416729N07613277WA0194601964005010034245221
B1709070416726N07613282WA0194601963005010037240221
B1709080416723N07613287WA0194501962005010044236221
B1709090416719N07613293WA0194501961005010047236224
B1709100416716N07613299WA0194301959005010046236222
B1709110416712N07613304WA0194301958005010038237212
B1709120416709N07613308WA0194201957005010033234212
B1709130416706N07613312WA0194201956005010032228213
B1709140416703N07613316WA0194101955005010033227218
B1709150416699N07613320WA0194101954005010037228216
B1709160416695N07613324WA0194101952005010043230213
B1709170416691N07613329WA0194001951005010047230206
B1709180416686N07613335WA0193901950005010045228213
B1709190416682N07613339WA0193901948005010041226206
B1709200416677N07613344WA0193801947005010040223207
B1709210416673N07613348WA0193701946005010040222214
B1709220416668N07613352WA0193601946005010042223213
B1709230416664N07613356WA0193601945005010045225214
B1709240416659N07613361WA0193601944005010049226212
B1709250416653N07613367WA0193601944005010051225208
B1709260416648N07613372WA0193601944005010051227207
B1709270416643N07613377WA0193601944005010042226202
B1709280416639N07613382WA0193601944005010037225200
B1709290416635N07613385WA0193701944005010036219203
B1709300416631N07613389WA0193801944005010040219209
B1709310416626N07613393WA0193901945005010045223210
B1709320416621N07613398WA0193901945005010048221174
B1709330416615N07613402WA0194001945005010040213187
B1709340416611N07613404WA0194101946005010031206189
B1709350416607N07613406WA0194301946005010028194206
B1709360416602N07613406WA0194301946005010030185191
B1709370416597N07613407WA0194301946005010039192190
B1709380416591N07613409WA0194401946005010042198198
B1709390416586N07613411WA0194401946005010042201187
B1709400416580N07613413WA0194401946005010040201186
E170940TPCWaypoint 018 reached
B1709410416574N07613415WA0194301946005010036196184
B1709420416569N07613416WA0194201947005010034191182
B1709430416564N07613417WA0194201948005010034189179
B1709440416559N07613418WA0194201948005010035189195
B1709450416554N07613419WA0194301949005010035194187
B1709460416549N07613420WA0194301949005010035195194
B1709470416544N07613422WA0194401950005010034194191
B1709480416539N07613423WA0194401951005010032195209
B1709490416535N07613424WA0194501952005010032197201
B1709500416530N07613426WA0194501953005010033199208
B1709510416525N07613428WA0194601953005010034198194
B1709520416520N07613429WA0194601954005010033194192
B1709530416516N07613430WA0194701955005010032186172
B1709540416511N07613430WA0194901956005010033180155
B1709550416506N07613430WA0195001957005010036170131
B1709560416500N07613428WA0195001957005010038155120
B1709570416495N07613425WA0195101958005010043137110
B1709580416492N07613419WA0195201959005010051110093
B1709590416491N07613411WA0195201959005010052091074
B1710000416492N07613403WA0195201959005010054068059
B1710010416496N07613396WA0195201959005010053054041
B1710020416502N07613390WA0195201958005010051034028
B1710030416509N07613387WA0195101958005010050015015
B1710040416517N07613386WA0195101957005010052359357
B1710050416525N07613387WA0194901957005010051344346
B1710060416532N07613390WA0194801957005010046333332
B1710070416538N07613393WA0194801957005010042331323
B1710080416542N07613397WA0194801957005010034302321
B1710090416544N07613402WA0194801957005010035294298
B1710100416546N07613407WA0194801957005010034289290
B1710110416547N07613412WA0194901957005010033283281
B1710120416548N07613417WA0194901958005010032271272
B1710130416548N07613421WA0195101958005010033265269
B1710140416547N07613426WA0195201958005010035262264
B1710150416546N07613432WA0195301959005010036259251
B1710160416544N07613437WA0195301959005010034249242
B1710170416542N07613441WA0195401960005010034237226
B1710180416539N07613445WA0195501961005010035228226
B1710190416535N07613449WA0195501961005010036220222
B1710200416530N07613452WA0195501962005010035215196
B1710210416526N07613455WA0195601963005010033205191
B1710220416521N07613456WA0195601964005010034196183
B1710230416516N07613457WA0195701964005010034182184
B1710240416511N07613457WA0195701965005010034171171
B1710250416506N07613455WA0195801966005010035162164
B1710260416501N07613453WA0195901966005010038151157
B1710270416496N07613450WA0195901967005010041134146
B1710280416493N07613444WA0195901968005010046112130
B1710290416491N07613437WA0196001969005010049095110
B1710300416492N07613430WA0196001969005010051076092
B1710310416495N07613423WA0196001970005010049057072
B1710320416500N07613417WA0196001970005010048041051
B1710330416505N07613413WA0196001971005010041015033
B1710340416512N07613413WA0195901971005010038352002
B1710350416517N07613414WA0195801971005010037333336
B1710360416521N07613418WA0195801971005010035311316
B1710370416524N07613422WA0195701971005010033294296
B1710380416526N07613427WA0195701971005010031277279
B1710390416526N07613431WA0195701972005010029264261
B1710400416525N07613436WA0195701972005010028249251
B1710410416523N07613440WA0195801972005010028235237
B1710420416520N07613443WA0195901972005010032226226
B1710430416516N07613447WA0196001972005010034221220
B1710440416512N07613450WA0196001971005010036216218
B1710450416507N07613453WA0196001971005010038215217
B1710460416502N07613457WA0196001970005010038217220
B1710470416498N07613460WA0196001970005010036219214
B1710480416494N07613463WA0196001970005010032216212
B1710490416490N07613466WA0196001971005010031209208
B1710500416485N07613468WA0196001971005010032203203
B1710510416481N07613470WA0196101971005010033201212
B1710520416476N07613472WA0196101972005010035203214
B1710530416471N07613474WA0196101971005010037207217
B1710540416466N07613476WA0196101971005010037211217
B1710550416462N07613479WA0196001971005010036211208
B1710560416457N07613482WA0196001971005010037206209
B1710570416451N07613484WA0195901970005010041201212
B1710580416446N07613487WA0195701969005010044204217
B1710590416440N07613490WA0195601969005010044208214
B1711000416434N07613493WA0195601968005010043209209
B1711010416429N07613496WA0195601968005010040207212
B1711020416423N07613499WA0195501968005010038209218
B1711030416419N07613502WA0195501968005010037215212
B1711040416414N07613505WA0195601968005010034215206
B1711050416410N07613507WA0195601969005010031213199
B1711060416406N07613510WA0195801970005010028213209
B1711070416403N07613512WA0196001971005010028215204
B1711080416399N07613515WA0196101972005010031216214
B1711090416395N07613518WA0196101973005010033215206
B1711100416391N07613521WA0196301974005010034215210
B1711110416387N07613524WA0196501975005010033217209
B1711120416383N07613527WA0196501977005010032220205
B1711130416380N07613530WA0196701979005010033221204
B1711140416376N07613533WA0196901980005010034217204
B1711150416372N07613536WA0197101982005010034212204
B1711160416367N07613539WA0197101984005010035210209
B1711170416363N07613542WA0197401986005010035214209
B1711180416359N07613545WA0197601988005010034220211
B1711190416355N07613548WA0197901990005010033224205
B1711200416351N07613552WA0197901992005010033221185
B1711210416347N07613555WA0198201994005010034211175
B1711220416343N07613556WA0198501996005010034190161
B1711230416338N07613556WA0198801999005010038163145
B1711240416333N07613553WA0199102001005010040132126
B1711250416331N07613548WA0199102003005010041093103
B1711260416332N07613542WA0199302005005010042056069
B1711270416337N07613538WA0199602007005010041018032
B1711280416343N07613538WA0199802009010019040347352
B1711290416349N07613540WA0199802011010019036321323
B1711300416352N07613545WA0200102013010019042289300
B1711310416353N07613551WA0200302016010019042276274
B1711320416353N07613557WA0200602018010019036266269
B1711330416353N07613563WA0200602020010019033264255
B1711340416352N07613568WA0200902022010019036263242
B1711350416351N07613573WA0201202024005010040254234
B1711360416348N07613579WA0201502027005010041238218
B1711370416344N07613584WA0201502030005010039219210
B1711380416340N07613587WA0201902033005010037208195
B1711390416335N07613588WA0202202036005010036183188
B1711400416330N07613588WA0202602040005010031171175
B1711410416325N07613586WA0202602043005010029147165
B1711420416322N07613583WA0203002047005010029123150
B1711430416321N07613579WA0203502050005010030103128
B1711440416321N07613574WA0203802053005010034078109
B1711450416322N07613569WA0203802057010019035069079
B1711460416326N07613564WA0204202060010019036032069
B1711470416331N07613562WA0204502063010019036013025
B1711480416336N07613561WA0204802066010019035012000
B1711490416342N07613561WA0204802069010019031350359
B1711500416346N07613562WA0205102073010019029341331
B1711510416350N07613564WA0205502076005010029331316
B1711520416354N07613566WA0205802079005010034319298
B1711530416358N07613570WA0205802082005010037313286
B1711540416361N07613575WA0206202085005010041280277
B1711550416361N07613581WA0206602089005010039256253
B1711560416358N07613587WA0207002092005010044246233
B1711570416356N07613593WA0207002095005010042241225
B1711580416352N07613596WA0207402098005010029232220
B1711590416348N07613595WA0207802101005010034122215
B1712000416346N07613590WA0208302105010019036099126
B1712020416346N07613584WA0208302108010019034087104
B1712030416347N07613574WA0209202115010019026048082
B1712050416350N07613570WA0209802119010019028026048
B1712060416359N07613567WA0210202125010019037357001
B1712080416364N07613568WA0210702128010019035350349
B1712090416371N07613575WA0211202135005010037284294
B1712110416371N07613581WA0211602139005010038266275
B1712120416369N07613592WA0212502147005010036252254
B1712140416366N07613597WA0212502150005010036241245
B1712150416355N07613598WA0213502158005010041168189
B1712170416348N07613596WA0214002162005010043166171
B1712180416337N07613593WA0214602169005010034161168
B1712200416332N07613591WA0215102173005010028159167
B1712220416326N07613586WA0215602180005010019148161
B1712230416325N07613585WA0216202183005010013147159
B1712240416323N07613584WA0216702187005010011173162
B1712250416323N07613584WA0217202190005010008213182
B1712260416324N07613584WA0217202194005010008258209
B1712270416326N07613586WA0217702197005010017277233
B1712280416328N07613590WA0218102201005010024268253
B1712290416330N07613592WA0218602205005010022233248
B1712300416330N07613595WA0218602209005010031224221
B1712310416328N07613597WA0219102212005010031220215
B1712320416326N07613599WA0219702216005010028211212
B1712330416323N07613601WA0220202220005010025196205
B1712340416320N07613601WA0220202223005010025172192
B1712350416318N07613598WA0220802227005010029143173
B1712360416316N07613594WA0221302231005010034112148
B1712370416316N07613588WA0221802235005010034093118
B1712380416318N07613582WA0221802239010019032076100
B1712390416321N07613577WA0222302244010019030057082
B1712400416324N07613573WA0222802248010019025045061
B1712410416328N07613570WA0223302252005010022025050
B1712420416332N07613568WA0223302256005010027000025
B1712430416338N07613569WA0223802260005010035338355
B1712440416343N07613571WA0224202264005010034322332
B1712450416347N07613575WA0224702267005010034317314
B1712460416351N07613578WA0224702271010019031309309
B1712470416353N07613582WA0225202275010019024299300
B1712480416354N07613585WA0225702279005010022289287
B1712490416354N07613588WA0226202283005010020273277
B1712500416352N07613591WA0226202286005010018250262
B1712510416350N07613594WA0226802290005010020234241
B1712520416347N07613596WA0227302293005010018223229
B1712530416344N07613597WA0227802297010019018199219
B1712540416340N07613598WA0227802300005010021178200
B1712550416335N07613597WA0228302303005010025164183
B1712560416330N07613594WA0228702307005010031144170
B1712570416326N07613590WA0229102310005010036122147
B1712580416323N07613584WA0229102313005010036121129
B1712590416320N07613579WA0229502317005010035122125
B1713000416316N07613573WA0229902321005010039128124
B1713010416311N07613567WA0230302324005010045134117
B1713020416306N07613561WA0230302327005010045128122
B1713030416302N07613554WA0230502330005010041123125
B1713040416298N07613548WA0230802332005010041121127
B1713050416295N07613543WA0231102336005010040121125
B1713060416291N07613536WA0231102340005010042121127
B1713070416287N07613530WA0231302343005010044125117
B1713080416282N07613523WA0231602346005010046128092
B1713090416278N07613516WA0231802349005010041123107
B1713100416274N07613509WA0231802352005010034113112
B1713110416271N07613505WA0232002355005010034115110
B1713120416269N07613499WA0232102358005010032114108
B1713130416266N07613494WA0232302361005010033128101
B1713140416262N07613489WA0232302363005010038122103
B1713150416259N07613482WA0232402364005010039108105
B1713160416257N07613476WA0232402366005010038103104
B1713170416256N07613469WA0232502368005010037101106
B1713180416254N07613462WA0232502369005010038104104
B1713190416252N07613456WA0232602371005010038107098
B1713200416250N07613450WA0232702373005010036107100
B1713210416248N07613445WA0232902374005010034106097
B1713220416246N07613439WA0232902375005010032105100
B1713230416245N07613434WA0233102377005010033103101
B1713240416244N07613429WA0233302377005010036104096
B1713250416242N07613424WA0233502378005010036105101
B1713260416241N07613418WA0233502378005010035103103
B1713270416239N07613413WA0233602379005010034104107
B1713280416238N07613408WA0233602379005010032108097
B1713290416236N07613403WA0233702380005010031113093
B1713300416234N07613399WA0233702380005010029112094
B1713310416233N07613394WA0233702380005010037100095
B1713320416232N07613388WA0233702380005010041091096
B1713330416232N07613382WA0233702380005010042092093
B1713340416231N07613376WA0233702379005010039092093
B1713350416231N07613370WA0233602379005010035093096
B1713360416230N07613365WA0233502379005010033095103
B1713370416230N07613359WA0233402378005010037098105
B1713380416228N07613353WA0233402376005010040101109
B1713390416226N07613347WA0233202374005010041107114
B1713400416224N07613341WA0233102373005010041113109
B1713410416221N07613336WA0233002371005010038117105
B1713420416218N07613331WA0233002370005010038116103
B1713430416215N07613325WA0232802368005010039114114
B1713440416213N07613320WA0232602366005010041113118
B1713450416210N07613314WA0232402364005010044117123
B1713460416207N07613308WA0232402362005010046121115
B1713470416203N07613302WA0232202360005010047120115
B1713480416200N07613295WA0231902359005010044116121
B1713490416197N07613290WA0231702357005010041116119
B1713500416194N07613285WA0231702356005010037121129
B1713510416191N07613280WA0231502354005010037121125
B1713520416188N07613275WA0231402353005010039124125
B1713530416184N07613270WA0231302351005010043128133
B1713540416179N07613265WA0231302350005010046132134
B1713550416174N07613260WA0231202349005010045140124
B1713560416169N07613256WA0231102347005010041144114
B1713570416164N07613253WA0231002346005010038140122
B1713580416160N07613249WA0231002345005010039130125
B1713590416156N07613244WA0230902344005010044119124
B1714000416153N07613238WA0230702343005010048117119
B1714010416150N07613231WA0230602341005010050119113
B1714020416146N07613225WA0230502340005010049122112
B1714030416142N07613219WA0230502339005010044122109
B1714040416139N07613214WA0230302338005010040119116
B1714050416136N07613209WA0230102336005010040119121
B1714060416132N07613204WA0229902334005010039124119
B1714070416128N07613198WA0229902332005010048130112
B1714080416124N07613192WA0229702329005010053126108
B1714090416119N07613186WA0229302327005010052118111
B1714100416116N07613179WA0228902324005010048111114
B1714110416113N07613172WA0228902322005010045113111
B1714120416111N07613166WA0228502319005010044116108
B1714130416107N07613160WA0228202317005010044120113
B1714140416103N07613154WA0227902314005010048119114
B1714150416100N07613148WA0227902312005010049110109
B1714160416098N07613140WA0227602310005010049106120
B1714170416096N07613134WA0227302307005010046109122
B1714180416093N07613127WA0227102305005010043118117
B1714190416089N07613122WA0227102303005010042122114
B1714200416086N07613116WA0226902301005010042119107
B1714210416083N07613111WA0226702299005010045112120
B1714220416081N07613104WA0226502297005010046111126
B1714230416078N07613098WA0226502295005010045116125
B1714240416074N07613092WA0226302292005010042122116
B1714250416071N07613087WA0226102291005010038125113
B1714260416068N07613083WA0225902289005010038121122
B1714270416065N07613078WA0225902287005010039120133
B1714280416061N07613072WA0225702285005010042125134
B1714290416057N07613067WA0225502283005010043131129
B1714300416053N07613063WA0225302282005010041134124
B1714310416049N07613059WA0225302280005010039131126
B1714320416045N07613054WA0225202279005010037126132
B1714330416042N07613050WA0225002278005010037126135
B1714340416038N07613045WA0224802276005010039130136
B1714350416034N07613041WA0224802275005010042135130
B1714360416030N07613036WA0224702274005010043136123
B1714370416025N07613032WA0224602273005010042131121
B1714380416021N07613027WA0224502273005010041122120
B1714390416016N07613016WA0224502273005010041114121
B1714400416013N07613011WA0224502273005010042117121
B1714420416010N07613005WA0224602273005010042121119
B1714430416004N07612995WA0224602274005010035114122
B1714450416000N07612986WA0224802275005010031114136
B1714460415998N07612981WA0224902275005010033118141
B1714470415995N07612977WA0224902275005010036124129
B1714480415992N07612973WA0225002276005010039128132
B1714490415988N07612969WA0225002276005010038133129
B1714500415984N07612965WA0224902276005010036134125
B1714510415980N07612961WA0224902276005010035131124
B1714520415976N07612957WA0224802276005010036131132
B1714530415973N07612953WA0224602276005010037129126
B1714540415969N07612949WA0224502276005010038125120
B1714550415966N07612944WA0224502276005010037123131
B1714560415963N07612940WA0224402276005010036125131
B1714570415959N07612936WA0224302276005010037131133
B1714580415955N07612932WA0224202276005010036141135
B1714590415951N07612929WA0224202275005010037139134
B1715000415947N07612925WA0224102275005010039137135
B1715010415942N07612921WA0224002275005010040137136
B1715020415938N07612917WA0223902274005010041140137
B1715030415933N07612914WA0223902274005010038141133
B1715040415929N07612910WA0223802273005010036137128
B1715050415925N07612906WA0223602272005010036134132
B1715060415921N07612903WA0223402271005010037135139
B1715070415917N07612899WA0223402270005010039138143
B1715080415912N07612895WA0223202269005010040142142
B1715090415907N07612891WA0223002268005010039144140
B1715100415903N07612888WA0222802267005010037146142
B1715110415898N07612885WA0222802266005010035148137
B1715120415893N07612883WA0222602264005010036149142
B1715130415888N07612880WA0222402263005010039148141
B1715140415883N07612876WA0222202261005010042147147
B1715150415878N07612873WA0222202260005010041146139
B1715160415873N07612870WA0222002259005010039145141
B1715170415868N07612866WA0221802257005010037144140
B1715180415864N07612863WA0221602256005010037142143
B1715190415859N07612860WA0221602255005010039146137
B1715200415854N07612857WA0221402253005010041145138
B1715210415849N07612853WA0221202252005010041139128
B1715220415845N07612849WA0221002251005010041135130
B1715230415841N07612844WA0220902249005010038137137
B1715240415836N07612841WA0220902248005010036142136
B1715250415832N07612838WA0220702246005010037148132
B1715260415827N07612835WA0220502245005010040149132
B1715270415822N07612831WA0220502243005010043143129
B1715280415817N07612827WA0220302242005010042135128
B1715290415813N07612823WA0220202240005010039132134
B1715300415809N07612819WA0220102239005010036138135
B1715310415805N07612815WA0219902238005010036142131
B1715320415800N07612812WA0219902237005010038138126
B1715330415796N07612808WA0219802235005010043133128
B1715340415792N07612803WA0219602233005010047130132
B1715350415787N07612797WA0219402231005010048132138
B1715360415782N07612792WA0219402229005010044133131
B1715370415778N07612787WA0219202227005010039132129
B1715380415774N07612783WA0219102226005010037131130
B1715390415771N07612779WA0218902225005010040131136
B1715400415766N07612774WA0218902223005010043133135
B1715410415762N07612769WA0218802221005010046134132
B1715420415757N07612764WA0218602220005010047133126
B1715430415753N07612759WA0218502219005010044128126
B1715440415749N07612754WA0218502218005010042122126
B1715450415746N07612749WA0218402217005010039123128
B1715460415742N07612744WA0218302216005010040132135
B1715470415738N07612739WA0218202214005010045133136
B1715480415732N07612734WA0218202213005010051138126
B1715490415727N07612729WA0218002212005010051128119
B1715500415723N07612723WA0217902212005010046122123
B1715510415719N07612717WA0217802212005010042119130
B1715520415716N07612712WA0217802212005010039128129
B1715530415712N07612708WA0217702212005010039130129
B1715540415708N07612703WA0217702212005010044136126
B1715550415703N07612698WA0217702212005010046127122
B1715560415699N07612693WA0217702212005010045118128
B1715570415696N07612687WA0217702212005010043120133
B1715580415692N07612682WA0217602212005010040131130
B1715590415688N07612678WA0217602212005010041138127
B1716000415683N07612673WA0217602212005010042134121
B1716010415679N07612669WA0217502211005010044127121
B1716020415675N07612663WA0217502210005010044123123
B1716030415671N07612658WA0217402208005010043129135
B1716040415667N07612654WA0217402207005010041139140
B1716050415662N07612650WA0217202205005010039146135
B1716060415657N07612647WA0217102203005010037149130
B1716070415653N07612644WA0216802201005010037145137
B1716080415648N07612641WA0216802199005010041142135
B1716090415643N07612637WA0216602196005010044139134
B1716100415638N07612632WA0216302193005010044137135
B1716110415633N07612628WA0215902191005010042137135
B1716120415629N07612624WA0215902188005010040138134
B1716130415625N07612620WA0215602185005010037139132
B1716140415621N07612616WA0215202183005010036137133
B1716150415617N07612612WA0214902180005010037135127
B1716160415613N07612608WA0214902178005010039135127
B1716170415609N07612604WA0214602175005010040132125
B1716180415605N07612599WA0214302172005010040129115
B1716190415601N07612594WA0214002169005010040126121
B1716200415598N07612589WA0214002166005010039124121
B1716210415594N07612584WA0213702163005010040126120
B1716220415590N07612579WA0213302160005010041129122
B1716230415586N07612575WA0212902157005010043129120
B1716240415582N07612569WA0212902154005010043126119
B1716250415579N07612564WA0212602150005010043123121
B1716260415575N07612559WA0212202147005010044121119
B1716270415572N07612553WA0211902144005010044121126
B1716280415569N07612547WA0211902141005010044120118
B1716290415565N07612541WA0211502138005010043119127
B1716300415562N07612536WA0211102134005010042121121
B1716310415559N07612530WA0210802131005010043123120
B1716320415555N07612525WA0210802128005010043122115
B1716330415552N07612519WA0210402125005010044119114
B1716340415549N07612513WA0210102122005010044117120
B1716350415546N07612507WA0209702118005010044118123
B1716360415542N07612502WA0209702115005010043122123
B1716370415539N07612497WA0209402113005010042125124
B1716380415535N07612492WA0209102110005010043125121
B1716390415531N07612486WA0208802107005010044124116
B1716400415528N07612480WA0208802104005010045124124
B1716410415524N07612475WA0208502101005010044126126
B1716420415520N07612470WA0208302098005010043130124
B1716430415515N07612465WA0208002096005010042131121
B1716440415511N07612461WA0208002093005010043130117
B1716450415507N07612456WA0207702090005010043127119
B1716460415503N07612450WA0207502088005010044127120
B1716470415499N07612445WA0207202085005010044127122
B1716480415495N07612440WA0207202083005010042127121
B1716490415492N07612435WA0207002080005010042127124
B1716500415488N07612429WA0206702078005010043128123
B1716510415484N07612424WA0206502076005010044129121
B1716520415479N07612419WA0206502073005010044127119
B1716530415476N07612414WA0206202071005010043125120
B1716540415472N07612409WA0205902069005010043126125
B1716550415468N07612403WA0205702067005010044128124
B1716560415464N07612398WA0205702065005010044129120
B1716570415460N07612393WA0205502062005010043127116
B1716580415456N07612388WA0205202061005010044124119
B1716590415452N07612382WA0205002059005010044124121
B1717000415448N07612377WA0205002057005010043126118
B1717010415444N07612372WA0204802056005010042127114
B1717020415441N07612367WA0204602054005010042125115
B1717030415437N07612361WA0204402053005010043122116
B1717040415434N07612356WA0204402051005010043121117
B1717050415430N07612351WA0204302050005010042122119
B1717060415427N07612345WA0204102049005010040124113
B1717070415423N07612341WA0203902048005010037125111
B1717080415420N07612336WA0203902047005010036123113
B1717090415417N07612332WA0203802046005010037122109
B1717100415415N07612327WA0203702046005010039119109
B1717110415412N07612322WA0203602044005010039117107
B1717120415409N07612316WA0203602044005010038113105
B1717130415407N07612311WA0203502043005010035110105
B1717140415405N07612306WA0203402043005010035110107
B1717150415403N07612301WA0203302042005010035111106
B1717160415402N07612296WA0203302042005010036112110
B1717170415400N07612291WA0203202041005010036111107
B1717180415397N07612286WA0203102041005010034112109
B1717190415395N07612282WA0203102041005010033114107
B1717200415393N07612277WA0203102041005010034113109
B1717210415392N07612272WA0203102041005010033109102
B1717220415390N07612268WA0203102041005010032105108
B1717230415389N07612263WA0203102041005010030104103
B1717240415388N07612259WA0203102041005010029104104
B1717250415386N07612255WA0203102041005010030106108
B1717260415385N07612250WA0203102042005010032107105
B1717270415383N07612246WA0203202042005010033110104
B1717280415382N07612241WA0203202042005010033112111
B1717290415380N07612236WA0203202043005010032113113
B1717300415378N07612232WA0203302043005010032112107
B1717310415376N07612228WA0203302044005010031110109
B1717320415374N07612223WA0203302044005010032111100
B1717330415372N07612218WA0203302044005010034110090
B1717340415371N07612213WA0203302044005010039104106
B1717350415370N07612207WA0203302045005010041096099
B1717360415369N07612202WA0203302046005010038091099
B1717370415369N07612196WA0203402047005010033094090
B1717380415369N07612191WA0203402048005010032093096
B1717390415368N07612186WA0203502048005010036094091
B1717400415368N07612181WA0203502049005010039092083
B1717410415368N07612175WA0203602050005010040081079
B1717420415369N07612169WA0203702051005010036073073
B1717430415371N07612164WA0203802053005010034068087
B1717440415373N07612160WA0203802054005010034069093
B1717450415374N07612155WA0204002055005010033077104
B1717460415375N07612150WA0204102056005010033084107
B1717470415375N07612145WA0204302057005010033093112
B1717480415375N07612140WA0204302058005010034103113
B1717490415373N07612136WA0204402059005010033115124
B1717500415370N07612131WA0204502060005010034122141
B1717510415367N07612127WA0204502061005010032133140
B1717520415364N07612124WA0204502062005010031145146
B1717530415360N07612122WA0204602062005010031144138
B1717540415356N07612119WA0204602063005010034138131
B1717550415352N07612114WA0204602063005010040123131
B1717560415349N07612109WA0204602062005010044114122
B1717570415347N07612103WA0204602062005010041113117
B1717580415344N07612098WA0204502062005010038114115
B1717590415342N07612093WA0204502063005010033113117
B1718000415340N07612088WA0204502064005010031115119
B1718010415338N07612084WA0204502064005010033119116
B1718020415335N07612079WA0204602064005010037123113
B1718030415332N07612075WA0204602064005010039122110
B1718040415329N07612070WA0204602064005010039115107
B1718050415327N07612064WA0204702065005010041108103
B1718060415325N07612058WA0204702065005010041107110
B1718070415323N07612052WA0204802066005010037113105
B1718080415320N07612047WA0204802066005010035119104
B1718090415318N07612043WA0204802067005010033118102
B1718100415316N07612038WA0204802067005010035112101
B1718110415314N07612033WA0204902067005010041108104
B1718120415312N07612027WA0204902067005010045107099
B1718130415310N07612020WA0205002067005010048106105
B1718140415308N07612013WA0205102068005010043104110
B1718150415306N07612007WA0205102070005010037108113
B1718160415304N07612002WA0205102071005010035112106
B1718170415302N07611997WA0205302073005010035111092
B1718180415300N07611992WA0205502075005010037109083
B1718190415299N07611987WA0205802076005010033092061
B1718200415301N07611983WA0205802079005010031056046
B1718210415304N07611980WA0206102082005010031033019
B1718220415309N07611979WA0206602084005010031009359
B1718230415313N07611979WA0207002087005010035349334
B1718240415319N07611981WA0207002090005010042324314
B1718250415323N07611986WA0207402092005010048299291
B1718260415325N07611994WA0207902095005010051271273
B1718270415324N07612001WA0208302098005010049254253
B1718280415321N07612009WA0208302100010019054243239
B1718290415316N07612013WA0208602103010019040184233
B1718300415310N07612011WA0209002106010019038158185
B1718310415305N07612008WA0209402108010019036143154
B1718320415301N07612005WA0209702111005010034130129
B1718330415298N07612000WA0209702113010019033124113
B1718340415295N07611996WA0210102116010019033118102
B1718350415292N07611991WA0210502119005010032113088
B1718360415291N07611987WA0210902123005010030101078
B1718370415290N07611982WA0210902126005010030086063
B1718380415291N07611977WA0211302129005010033070052
B1718390415294N07611972WA0211602132005010036054035
B1718400415298N07611968WA0212002135005010037040026
B1718410415302N07611966WA0212002138005010034019023
B1718420415307N07611964WA0212302141005010036014014
B1718430415312N07611963WA0212502144005010035005006
B1718440415317N07611964WA0212802147005010034341355
B1718450415322N07611967WA0212802151005010035333329
B1718460415327N07611970WA0213102154005010038322318
B1718470415331N07611974WA0213502158005010041310307
B1718480415334N07611979WA0213902161005010039303295
B1718490415336N07611985WA0213902165005010042276288
B1718500415335N07611991WA0214402169005010037256267
B1718510415333N07611996WA0214902173005010036237250
B1718520415329N07612000WA0215302176005010036224223
B1718530415325N07612003WA0215302180005010038209209
B1718540415319N07612005WA0215702183005010039197192
B1718550415313N07612006WA0216102186005010039181179
B1718560415307N07612005WA0216402190005010037161164
B1718570415303N07612003WA0216402193005010033139145
B1718580415300N07611999WA0216702196005010030117125
B1718590415298N07611994WA0217002199005010030096108
B1719000415299N07611990WA0217302202005010031078085
B1719010415300N07611985WA0217302205005010035062072
B1719020415304N07611980WA0217602209005010035046060
B1719030415308N07611977WA0217902212005010034024046
B1719040415313N07611976WA0218202215005010035007028
B1719050415318N07611976WA0218202218005010037344013
B1719060415323N07611979WA0218502221005010038327351
B1719070415328N07611983WA0218802225005010039311334
B1719080415331N07611988WA0219202228005010039295318
B1719090415333N07611993WA0219202232005010039279300
B1719100415332N07611999WA0219602235005010034259282
B1719110415330N07612003WA0220102239005010031235258
B1719120415327N07612007WA0220502242005010034217228
B1719130415322N07612009WA0220502245005010039201205
B1719140415316N07612011WA0221002249005010042189190
B1719150415310N07612011WA0221402251005010042175179
B1719160415303N07612010WA0221702254005010040171165
B1719170415298N07612008WA0221702257005010035152160
B1719190415294N07612005WA0222102260005010032143138
B1719200415290N07612002WA0222402264005010034137124
B1719210415286N07611998WA0222802267005010034132118
B1719220415283N07611994WA0223102270005010035125114
B1719230415280N07611989WA0223102272005010035118110
B1719240415278N07611985WA0223402275005010036114101
B1719250415276N07611979WA0223602277005010036111097
B1719260415274N07611974WA0223802279005010035105092
B1719270415273N07611969WA0223802280005010035097090
B1719280415273N07611964WA0224002281005010031092104
B1719290415273N07611959WA0224102282005010030095101
B1719300415272N07611954WA0224202283005010031101088
B1719310415271N07611950WA0224302284005010032104064
B1719320415270N07611945WA0224302284005010033093056
B1719330415273N07611936WA0224302285005010034048049
B1719340415278N07611932WA0224402285005010036024030
B1719350415283N07611931WA0224402285005010034008008
B1719360415288N07611931WA0224402285005010033347002
B1719370415293N07611933WA0224402285005010034339007
B1719380415298N07611935WA0224402285005010032334337
B1719390415302N07611937WA0224402285005010028329346
B1719400415306N07611939WA0224402286005010027323326
B1719410415309N07611942WA0224602286005010030312318
B1719420415312N07611946WA0224802286005010035302309
B1719430415315N07611951WA0225002287005010039294286
B1719440415317N07611956WA0225002287005010039290273
B1719450415318N07611962WA0225302288005010039274263
B1719460415318N07611968WA0225502289005010039256252
B1719470415315N07611974WA0225702290005010043242237
B1719480415312N07611979WA0225702291005010046232222
B1719490415307N07611984WA0225902293005010045223207
B1719500415302N07611988WA0226102294005010042207198
B1719510415296N07611990WA0226302296005010039192189
B1719520415290N07611991WA0226502297005010036176175
B1719530415285N07611990WA0226502298005010034156162
B1719540415280N07611987WA0226702300005010035142140
B1719550415276N07611983WA0226902301005010036137134
B1719560415273N07611979WA0227002302005010038133131
B1719570415269N07611975WA0227002303005010040131124
B1719580415265N07611970WA0227002304005010039125125
B1719590415262N07611965WA0226902305005010038120132
B1720000415259N07611960WA0226802305005010038124138
B1720010415255N07611956WA0226802306005010038135142
B1720020415251N07611952WA0226702307005010038145132
B1720030415246N07611949WA0226702308005010036147125
B1720040415242N07611946WA0226602308005010035142146
B1720050415237N07611943WA0226602308005010038141155
B1720060415233N07611939WA0226602308005010041146155
B1720070415227N07611936WA0226502308005010044154149
B1720080415221N07611934WA0226502308005010040158139
B1720090415216N07611931WA0226502308005010037150138
B1720100415212N07611928WA0226402308005010038140141
B1720110415207N07611924WA0226302307005010040137149
B1720120415203N07611920WA0226302307005010040141152
B1720130415198N07611916WA0226302307005010040143144
B1720140415193N07611913WA0226202307005010038141146
B1720150415189N07611909WA0226202307005010039138143
B1720160415185N07611905WA0226202307005010041138139
B1720170415180N07611901WA0226202306005010044137140
B1720180415175N07611896WA0226102306005010046137147
B1720190415170N07611891WA0226002306005010046137146
B1720200415165N07611887WA0225802305005010044137152
B1720210415160N07611882WA0225802304005010040139149
B1720220415156N07611879WA0225702304005010039140144
B1720230415151N07611875WA0225502303005010039140141
B1720250415147N07611871WA0225302302005010041139142
B1720260415142N07611867WA0225302302005010044138143
B1720270415137N07611862WA0225202301005010043137146
B1720280415132N07611858WA0225002300005010041139140
B1720290415128N07611854WA0224802298005010038139137
B1720300415124N07611850WA0224802297005010037138134
B1720310415120N07611846WA0224602296005010039136135
B1720320415115N07611842WA0224402295005010042133137
B1720330415111N07611837WA0224202293005010043130138
B1720340415107N07611832WA0224202292005010041131133
B1720350415103N07611828WA0224002290005010037132131
B1720360415100N07611824WA0223802288005010034134128
B1720370415096N07611820WA0223602287005010035132135
B1720380415093N07611816WA0223302284005010036132139
B1720390415089N07611812WA0223302282005010042134134
B1720400415084N07611807WA0223102279005010042135124
B1720410415080N07611803WA0222802277005010039132119
B1720420415077N07611798WA0222502274005010035125123
B1720430415075N07611793WA0222502271005010034120125
B1720440415072N07611789WA0222102268005010035120126
B1720450415069N07611784WA0221802264005010039127137
B1720460415066N07611779WA0221402261005010042127135
B1720470415062N07611774WA0221402258005010042125135
B1720480415058N07611769WA0221102255005010042125138
B1720490415055N07611764WA0220702251005010041126144
B1720500415051N07611759WA0220402248005010041129141
B1720510415047N07611754WA0220402245005010041135137
B1720520415042N07611750WA0220002242005010042135133
B1720530415038N07611745WA0219602238005010043130133
B1720540415034N07611740WA0219302235005010043126138
B1720550415030N07611735WA0219302231005010043125144
B1720560415026N07611730WA0218902228005010043126141
B1720570415022N07611725WA0218502224005010045134139
B1720580415017N07611720WA0218002221005010045138131
B1720590415012N07611716WA0218002217005010045138127
B1721000415007N07611711WA0217602214005010044133132
B1721010415003N07611706WA0217102211005010043129134
B1721020414999N07611701WA0216702208005010041130131
B1721030414995N07611697WA0216702204005010041134130
B1721040414990N07611693WA0216302201005010042135127
B1721050414986N07611688WA0216002198005010043133126
B1721060414981N07611683WA0215602194005010043130129
B1721070414977N07611678WA0215202191005010043126130
B1721080414970N07611669WA0215202185005010038132132
B1721090414966N07611665WA0214902182005010037135129
B1721100414962N07611661WA0214602179005010037137133
B1721110414958N07611657WA0214202176005010039137136
B1721120414953N07611653WA0214202172005010040138137
B1721130414949N07611650WA0214002169005010040139143
B1721140414944N07611646WA0213702167005010039141133
B1721150414940N07611642WA0213502164005010037138127
B1721160414936N07611638WA0213502161005010034134123
B1721170414932N07611634WA0213302158005010035129129
B1721180414929N07611630WA0213102156005010039124130
B1721190414926N07611625WA0212902153005010039124135
B1721200414923N07611620WA0212902151005010038121127
B1721210414920N07611615WA0212702148005010036118122
B1721220414918N07611610WA0212502146005010036116127
B1721230414915N07611605WA0212302144005010036115125
B1721240414913N07611601WA0212302141005010034113118
B1721250414911N07611596WA0212102139005010033112124
B1721260414910N07611591WA0212002137005010034111120
B1721270414908N07611586WA0211902136005010036111133
B1721280414906N07611581WA0211902134005010034117125
B1721290414903N07611577WA0211802133005010033124125
B1721300414900N07611573WA0211702132005010034126111
B1721310414897N07611569WA0211702131005010035121109
B1721320414895N07611564WA0211702131005010035114122
B1721330414893N07611559WA0211602130005010034113127
B1721340414890N07611555WA0211502130005010031121128
B1721350414888N07611551WA0211502130005010032129129
B1721360414884N07611548WA0211502129005010034131131
B1721370414881N07611543WA0211402129005010037126137
B1721380414877N07611539WA0211302128005010039126131
B1721390414874N07611534WA0211202128005010040133131
B1721400414869N07611530WA0211102127005010041134129
B1721410414865N07611525WA0211102126005010041128125
B1721420414862N07611521WA0210902125005010039122135
B1721430414859N07611516WA0210702124005010037125143
B1721440414855N07611512WA0210502123005010035133140
B1721450414851N07611508WA0210502122005010036139132
B1721460414847N07611504WA0210402122005010037135135
B1721470414843N07611500WA0210302121005010038130148
B1721480414839N07611496WA0210202120005010040130152
B1721490414835N07611491WA0210202119005010041135147
B1721500414831N07611487WA0210002118005010041141145
B1721510414826N07611483WA0209902117005010040142146
B1721520414821N07611480WA0209802115005010039140148
B1721530414817N07611476WA0209802114005010040140152
B1721540414812N07611472WA0209602113005010043143162
B1721550414806N07611469WA0209402111005010044148156
B1721560414801N07611465WA0209202110005010043153154
B1721570414795N07611463WA0209202109005010041155141
B1721580414790N07611460WA0209002108005010039152135
B1721590414785N07611457WA0208802107005010040147132
B1722000414780N07611454WA0208702106005010041145135
B1722010414775N07611450WA0208702104005010043143133
B1722020414770N07611446WA0208602103005010041139127
B1722040414765N07611442WA0208402102005010039132131
B1722050414762N07611438WA0208302101005010038130134
B1722060414758N07611433WA0208302099005010038130129
B1722070414754N07611429WA0208102098005010038135124
B1722080414750N07611425WA0208002097005010037133121
B1722090414746N07611421WA0207802095005010035129122
B1722100414743N07611417WA0207602093005010034129132
B1722110414740N07611413WA0207602091005010036130133
B1722120414736N07611408WA0207402090005010039135125
B1722130414732N07611405WA0207202088005010039137123
B1722140414727N07611400WA0206902086005010039132122
B1722150414724N07611396WA0206902084005010040126133
B1722160414720N07611391WA0206602082005010040126143
B1722170414716N07611386WA0206302080005010041126141
B1722180414713N07611381WA0206102078005010040125135
B1722190414710N07611376WA0206102076005010037120148
B1722200414707N07611372WA0205902074005010033115137
B1722210414705N07611368WA0205802073005010029121142
B1722220414702N07611365WA0205802073005010028135139
B1722230414699N07611362WA0205802072005010031141142
B1722240414695N07611359WA0205802071005010035145151
B1722250414690N07611356WA0205802070005010036147154
B1722260414686N07611353WA0205802070005010035148147
B1722270414681N07611351WA0205802069005010033149137
B1722280414677N07611348WA0205802069005010033140134
B1722290414673N07611344WA0205802068005010035133130
B1722300414670N07611341WA0205802068005010035128133
B1722310414667N07611336WA0205802068005010036129141
B1722320414663N07611332WA0205802068005010036133140
B1722330414659N07611328WA0205902068005010036134131
B1722340414656N07611324WA0205902068005010035129130
B1722350414652N07611320WA0205902068005010034124129
B1722360414650N07611316WA0206002068005010035118142
B1722370414647N07611311WA0206002068005010035119140
B1722380414644N07611307WA0206002068005010033123132
B1722390414642N07611303WA0206002069005010030124129
B1722400414639N07611299WA0206102069005010029118123
B1722410414637N07611296WA0206202069005010028121133
B1722420414635N07611292WA0206202070005010029127132
B1722430414632N07611289WA0206202070005010029132134
B1722440414629N07611286WA0206202070005010031135145
B1722450414625N07611282WA0206202070005010032136153
B1722460414622N07611279WA0206302071005010032139150
B1722470414618N07611276WA0206302071005010032144153
B1722480414614N07611273WA0206302071005010032147157
B1722490414610N07611271WA0206302072005010032146157
B1722500414606N07611268WA0206402073005010030148169
B1722510414602N07611266WA0206402074005010026156171
B1722520414599N07611265WA0206502076005010024170164
B1722530414595N07611265WA0206702077005010021181172
B1722540414592N07611265WA0207002079005010024187167
B1722550414588N07611265WA0207002080005010028179172
B1722560414583N07611265WA0207202082005010031173164
B1722570414579N07611265WA0207502083005010032173159
B1722580414574N07611265WA0207902085005010031175145
B1722590414569N07611265WA0207902087005010031175136
B1723000414564N07611264WA0208202088005010029161117
B1723010414560N07611262WA0208502090005010029141112
B1723020414558N07611258WA0208802092005010029108100
B1723030414558N07611253WA0208802094005010036079073
B1723040414560N07611248WA0209102096005010041054052
B1723050414565N07611244WA0209402098005010041037031
B1723060414571N07611242WA0209602100005010042000018
B1723070414577N07611243WA0209602101005010048348348
B1723080414583N07611246WA0209802103010019044306338
B1723090414585N07611252WA0210002104010019044282302
B1723100414586N07611259WA0210102106005010041268279
B1723110414585N07611265WA0210102108005010036256264
B1723120414581N07611269WA0210202110005010036214251
B1723130414576N07611271WA0210402113010019031205199
B1723140414572N07611273WA0210602116010019028205189
B1723150414568N07611275WA0210602120010019027202185
B1723160414563N07611276WA0210902123010019031193177
B1723170414558N07611276WA0211202126010019037180171
B1723180414552N07611276WA0211502129010019039172161
B1723190414546N07611275WA0211502132005010036177145
B1723200414540N07611275WA0211902135005010034173141
B1723210414536N07611274WA0212202138005010025165139
B1723220414532N07611273WA0212602141005010025143139
B1723230414530N07611269WA0212602145005010032118127
B1723240414529N07611264WA0213102148005010031110111
B1723250414528N07611259WA0213502152005010026104095
B1723260414527N07611255WA0213902155005010026096098
B1723270414528N07611251WA0213902159005010024085092
B1723280414529N07611247WA0214302162005010027074085
B1723290414531N07611243WA0214602166005010031065076
B1723300414533N07611238WA0214802169005010035054066
B1723310414537N07611234WA0214802172005010039039055
B1723320414542N07611231WA0215002174005010043027040
B1723330414549N07611229WA0215102177005010044011027
B1723340414555N07611228WA0215202179005010042003012
B1723350414561N07611228WA0215202181005010034346004
B1723360414565N07611232WA0215402184005010042297347
B1723370414567N07611239WA0215602187005010043287285
B1723380414569N07611245WA0215902190005010041278269
B1723390414569N07611252WA0215902193005010040270255
B1723400414568N07611259WA0216202195005010040261249
B1723410414567N07611265WA0216502198005010039254238
B1723420414565N07611271WA0216802201005010038249231
B1723430414562N07611276WA0216802203005010035240229
B1723440414559N07611280WA0217202206005010032233216
B1723450414556N07611284WA0217502209005010031229217
B1723460414553N07611288WA0217802212005010031230207
B1723470414550N07611291WA0217802215005010031225185
B1723480414547N07611294WA0218102217005010029211178
B1723490414542N07611296WA0218502220005010030189170
B1723500414538N07611295WA0218902223005010033168157
B1723510414533N07611294WA0218902225005010036152140
B1723520414529N07611290WA0219202227005010035133131
B1723530414526N07611286WA0219502230005010033110118
B1723540414525N07611281WA0219802233005010034084102
B1723550414526N07611276WA0219802235005010033070082
B1723560414529N07611272WA0220102238005010038046071
B1723570414534N07611268WA0220402241005010038027049
B1723580414540N07611266WA0220802244005010039011030
B1723590414546N07611267WA0220802246005010038347014
B1724000414551N07611269WA0221102249005010038327347
B1724010414556N07611273WA0221502252005010039311323
B1724020414558N07611278WA0221802255005010038290305
B1724030414559N07611283WA0221802257005010038268281
B1724040414558N07611289WA0222102260005010039249258
B1724050414555N07611294WA0222402262005010038229239
B1724060414551N07611298WA0222602264010019038211216
B1724070414546N07611300WA0222602267010019034203199
B1724080414542N07611302WA0222902270010019030202188
B1724090414538N07611303WA0223202273010019028198181
B1724100414534N07611304WA0223502276010019029186170
B1724110414529N07611304WA0223502278010019033172161
B1724120414524N07611303WA0223802280010019036161151
B1724130414519N07611301WA0224102282010019036157139
B1724140414515N07611298WA0224402285005010032133138
B1724150414512N07611294WA0224402287005010031115122
B1724160414511N07611290WA0224702289005010032097109
B1724170414511N07611285WA0224902291005010033083095
B1724180414512N07611280WA0225202294005010032069085
B1724190414515N07611276WA0225202296005010033054071
B1724200414518N07611272WA0225502298005010036040057
B1724210414523N07611269WA0225702300005010038025043
B1724220414528N07611267WA0225902302005010038007027
B1724230414534N07611267WA0225902304005010039347008
B1724240414539N07611270WA0226102306005010041326347
B1724250414544N07611274WA0226302307005010042304323
B1724260414547N07611280WA0226502309005010043284300
B1724270414547N07611286WA0226502311005010042267279
B1724280414546N07611292WA0226702312005010036250260
B1724290414544N07611296WA0227002314005010035225241
B1724300414540N07611299WA0227202316005010034213218
B1724310414535N07611301WA0227202318005010033191205
B1724320414530N07611301WA0227502320005010033172185
B1724330414525N07611300WA0227802321005010034159169
B1724340414520N07611298WA0228002322005010035146157
B1724350414516N07611294WA0228002324005010035134145
B1724360414513N07611290WA0228202325005010036118135
B1724370414511N07611284WA0228302326005010039101120
B1724380414510N07611278WA0228402327005010039086105
B1724390414512N07611272WA0228402328005010037070091
B1724400414514N07611268WA0228602330005010034052076
B1724410414518N07611264WA0228802332005010032036060
B1724420414522N07611261WA0229002334005010033023044
B1724430414527N07611260WA0229302335005010034012029
B1724440414532N07611259WA0229302337005010035001017
B1724450414537N07611260WA0229502339005010035351005
B1724460414542N07611261WA0229802340005010034336354
B1724470414547N07611264WA0229802342005010034318337
B1724480414550N07611268WA0230002343005010035304317
B1724490414553N07611272WA0230102344005010036292296
B1724500414554N07611277WA0230302345005010036277278
B1724510414554N07611283WA0230402346005010034266266
B1724520414553N07611288WA0230402347005010033251250
B1724530414551N07611292WA0230602348005010033236233
B1724540414547N07611296WA0230702350005010033222216
B1724550414543N07611299WA0230702351005010035210200
B1724560414538N07611301WA0230802352005010036201187
B1724570414533N07611302WA0231002353005010038190177
B1724580414527N07611303WA0231202354005010038175170
B1724590414521N07611302WA0231202356005010039160159
B1725000414516N07611299WA0231302357005010038147148
B1725010414512N07611295WA0231502358005010037137139
B1725020414508N07611291WA0231702359005010035126129
B1725030414505N07611287WA0231902360005010034113122
B1725040414504N07611282WA0231902361005010035101111
B1725050414503N07611276WA0232002361005010038091100
B1725060414503N07611271WA0232102362005010039082090
B1725070414505N07611265WA0232102363005010037072083
B1725080414507N07611260WA0232202363005010033054073
B1725090414511N07611257WA0232302364005010030033057
B1725100414515N07611255WA0232402365005010030016037
B1725110414519N07611255WA0232502366005010030003020
B1725120414524N07611255WA0232502366005010031348007
B1725130414528N07611257WA0232702367005010033333351
B1725140414532N07611260WA0232802368005010034313335
B1725150414535N07611264WA0232802369005010036293313
B1725160414537N07611269WA0233002370005010038276292
B1725170414537N07611275WA0233102370005010039261274
B1725180414535N07611280WA0233302371005010037246258
B1725190414532N07611285WA0233302372005010040226243
B1725200414527N07611289WA0233402373005010042210220
B1725210414521N07611291WA0233502374005010039195205
B1725220414515N07611292WA0233702375005010037180189
B1725230414510N07611291WA0233702376005010036163175
B1725240414505N07611289WA0233802376005010037149159
B1725250414500N07611286WA0233902377005010038139145
B1725260414496N07611281WA0233902378005010039124135
B1725270414493N07611276WA0234002378005010039110122
B1725280414492N07611270WA0234002379005010038093108
B1725290414493N07611264WA0234002379005010037075093
B1725300414495N07611260WA0234002380005010034053076
B1725310414499N07611256WA0234102380005010033027055
B1725320414503N07611255WA0234102381005010034010030
B1725330414509N07611254WA0234202382005010032350014
B1725340414513N07611256WA0234302383005010031336355
B1725350414517N07611258WA0234402383005010031323340
B1725360414521N07611262WA0234402384005010032310327
B1725370414523N07611266WA0234502385005010035293313
B1725380414525N07611271WA0234702386005010038282295
B1725390414525N07611277WA0234802386005010039261283
B1725400414523N07611283WA0234802387005010038241260
B1725410414519N07611287WA0234902388005010039219239
B1725420414514N07611290WA0234902389005010040202216
B1725430414508N07611292WA0235002389005010040192197
B1725440414496N07611293WA0235002391005010038173182
B1725450414490N07611292WA0235102391005010041167167
B1725470414484N07611290WA0235202391005010046168163
B1725480414476N07611289WA0235202391005010051172161
B1725490414469N07611288WA0235202391005010051170154
B1725500414455N07611284WA0235102391005010045159151
B1725510414448N07611281WA0235102391005010044154145
B1725530414442N07611278WA0235102391005010044150140
B1725540414431N07611271WA0235102391005010044144132
B1725560414421N07611263WA0235102390005010044139127
B1725570414417N07611259WA0235002389005010041136126
B1725580414412N07611255WA0235002389005010039135126
B1726000414405N07611246WA0234902386005010041128122
B1726010414401N07611241WA0234802385005010042127122
B1726030414397N07611236WA0234402383005010043128134
B1726040414389N07611226WA0234402379005010041133135
B1726050414385N07611222WA0234202377005010040137133
B1726070414375N07611214WA0233802373005010040143134
B1726090414371N07611211WA0233502371005010041143132
B1726100414361N07611203WA0233302368005010038135129
B1726110414357N07611199WA0233102366005010034128127
B1726120414355N07611195WA0233102364005010032125133
B1726130414352N07611192WA0232902363005010031131137
B1726140414349N07611188WA0232702361005010033132135
B1726150414345N07611184WA0232502359005010036133135
B1726160414341N07611181WA0232502357005010039131128
B1726170414338N07611176WA0232202355005010034119118
B1726180414336N07611172WA0232002353005010030115117
B1726190414334N07611168WA0231802352005010029122130
B1726200414331N07611164WA0231802350005010029129128
B1726210414328N07611161WA0231602349005010033130129
B1726220414325N07611157WA0231402347005010036125122
B1726230414322N07611153WA0231202345005010035125133
B1726240414318N07611148WA0231202344005010035131138
B1726250414315N07611145WA0231102342005010034141134
B1726260414311N07611142WA0231002341005010034140130
B1726270414307N07611138WA0230902340005010034133130
B1726280414304N07611134WA0230902339005010035128137
B1726290414300N07611130WA0230802338005010033130146
B1726300414297N07611127WA0230702337005010032134133
B1726310414293N07611124WA0230602336005010031137132
B1726320414290N07611120WA0230602335005010033138121
B1726330414286N07611117WA0230502333005010036131122
B1726340414283N07611113WA0230302331005010039125130
B1726350414279N07611108WA0230102328005010039125134
B1726360414276N07611103WA0230102326005010039130139
B1726370414272N07611099WA0229802324005010039134134
B1726380414267N07611095WA0229402321005010041140135
B1726390414262N07611091WA0229102319005010043137130
B1726400414258N07611086WA0229102317005010042133128
B1726410414253N07611082WA0228802315005010040137139
B1726420414249N07611078WA0228502313005010040144147
B1726430414244N07611075WA0228202311005010040149138
B1726440414239N07611072WA0228202309005010040147136
B1726450414234N07611068WA0228002307005010040141132
B1726460414229N07611064WA0227802306005010040140136
B1726470414224N07611061WA0227602304005010040141138
B1726480414219N07611057WA0227602302005010040141137
B1726490414215N07611053WA0227502300005010040140136
B1726500414210N07611049WA0227302299005010040139136
B1726510414206N07611045WA0227102298005010041139137
B1726520414201N07611041WA0227102296005010042140136
B1726530414196N07611037WA0227002295005010044140134
B1726540414191N07611033WA0226802293005010043137131
B1726550414186N07611028WA0226602292005010040134135
B1726560414182N07611024WA0226602291005010037133137
B1726570414178N07611020WA0226502290005010036135139
B1726580414174N07611017WA0226302289005010036136138
B1726590414170N07611013WA0226202288005010038142136
B1727000414166N07611009WA0226202286005010039137129
B1727010414162N07611005WA0226102285005010040125125
B1727020414158N07611000WA0225902283005010043119129
B1727030414155N07610994WA0225702281005010043122128
B1727040414151N07610990WA0225702280005010039129133
B1727050414148N07610985WA0225502279005010033131127
B1727060414144N07610982WA0225302277005010032128128
B1727070414141N07610978WA0225102276005010034129131
B1727080414138N07610974WA0225102274005010038132137
B1727090414134N07610970WA0224902272005010040136137
B1727100414129N07610966WA0224802271005010041141135
B1727110414125N07610962WA0224602269005010037140130
B1727120414121N07610959WA0224602268005010035135133
B1727130414117N07610955WA0224402266005010035135137
B1727140414113N07610951WA0224102264005010036136139
B1727150414109N07610947WA0223802262005010039140139
B1727160414104N07610944WA0223802260005010041141130
B1727170414099N07610940WA0223602257005010040133127
B1727180414096N07610936WA0223302255005010038127129
B1727190414092N07610931WA0222902253005010036127132
B1727200414089N07610927WA0222902251005010036130131
B1727210414085N07610923WA0222602249005010037131127
B1727220414081N07610919WA0222302247005010038129123
B1727230414078N07610915WA0222102245005010038126125
B1727240414075N07610910WA0222102243005010037126127
B1727250414071N07610906WA0221802241005010037130127
B1727260414067N07610902WA0221602239005010036133129
B1727270414064N07610898WA0221402237005010036133126
B1727280414060N07610894WA0221402235005010035129122
B1727290414057N07610890WA0221102233005010034123123
B1727300414054N07610886WA0220902231005010033121120
B1727310414052N07610881WA0220702229005010031122121
B1727320414049N07610878WA0220702227005010031123119
B1727330414047N07610874WA0220402224005010031121122
B1727340414045N07610870WA0220202222005010032119127
B1727350414042N07610866WA0219902220005010031123129
B1727360414039N07610862WA0219902218005010029133138
B1727370414036N07610859WA0219702216005010028141128
B1727380414033N07610857WA0219502214005010028142125
B1727390414030N07610854WA0219302212005010029135125
B1727400414027N07610851WA0219302210005010030135133
B1727410414023N07610848WA0219002208005010029140135
B1727420414020N07610845WA0218802206005010029141128
B1727430414017N07610842WA0218502204005010029137123
B1727440414013N07610839WA0218502202005010033128125
B1727450414010N07610835WA0218302200005010036127131
B1727460414007N07610830WA0218002198005010036131129
B1727470414003N07610826WA0217602195005010034134125
B1727480414000N07610822WA0217602193005010035129117
B1727490413996N07610818WA0217302191005010036122114
B1727500413994N07610814WA0217002189005010036122122
B1727510413991N07610809WA0216702187005010036121124
B1727520413988N07610805WA0216702185005010032119123
B1727530413986N07610800WA0216402184005010028115124
B1727540413984N07610797WA0216202183005010029113117
B1727550413982N07610792WA0216102181005010032113118
B1727560413980N07610788WA0216102179005010036116122
B1727570413978N07610783WA0216002177005010039118121
B1727580413975N07610778WA0215802175005010038117122
B1727590413972N07610773WA0215602173005010036115122
B1728000413970N07610768WA0215602171005010033117124
B1728010413968N07610764WA0215402169005010033122133
B1728020413965N07610760WA0215202168005010034124122
B1728030413962N07610755WA0215102166005010034122125
B1728040413959N07610751WA0215102165005010034118119
B1728050413957N07610747WA0214902163005010032119135
B1728060413954N07610743WA0214802162005010031123135
B1728070413952N07610739WA0214702161005010031127134
B1728080413948N07610735WA0214702159005010032135131
B1728090413945N07610732WA0214502158005010034132129
B1728100413941N07610728WA0214402156005010036131127
B1728110413938N07610724WA0214202155005010036120141
B1728120413936N07610719WA0214202155005010032118131
B1728130413934N07610715WA0214102155005010026120127
B1728140413932N07610712WA0214102155005010022121133
B1728150413930N07610709WA0214102156005010022115117
B1728160413929N07610705WA0214102156005010029112119
B1728170413928N07610701WA0214202157005010032109132
B1728180413926N07610696WA0214402157005010031101113
B1728190413925N07610692WA0214602158005010029098117
B1728200413925N07610687WA0214602160005010027095120
B1728210413924N07610683WA0214802162005010024103121
B1728220413923N07610680WA0215002164005010025109122
B1728230413922N07610676WA0215302166005010026120120
B1728240413920N07610673WA0215302168005010026128132
B1728250413917N07610670WA0215502170005010025135119
B1728260413914N07610668WA0215802171005010024141125
B1728270413912N07610666WA0216102173005010024136118
B1728280413909N07610663WA0216102175005010029124118
B1728290413906N07610659WA0216202176005010032121115
B1728300413904N07610655WA0216202176005010034112117
B1728310413902N07610650WA0216102177005010035111119
B1728320413900N07610645WA0216102178005010034111114
B1728330413898N07610640WA0216002179005010031112107
B1728340413896N07610636WA0216002180005010028113116
B1728350413894N07610633WA0216002181005010026114115
B1728360413893N07610629WA0216002182005010026116110
B1728370413891N07610626WA0216002183005010026119101
B1728380413889N07610622WA0216102184005010028114102
B1728390413887N07610618WA0216202185005010034106096
B1728400413886N07610613WA0216202185005010039099101
B1728410413885N07610607WA0216302185005010041098101
B1728420413885N07610601WA0216302186005010039092102
B1728430413884N07610595WA0216302187005010034090099
B1728440413884N07610591WA0216302188005010030095104
B1728450413884N07610586WA0216402189005010031098109
B1728460413882N07610581WA0216502190005010040111114
B1728470413880N07610575WA0216602191005010048109118
B1728480413877N07610568WA0216602193005010051113120
B1728490413875N07610562WA0216802195005010038109126
B1728500413873N07610557WA0217102198005010032118136
B1728510413870N07610553WA0217402200005010031126133
B1728520413867N07610549WA0217402203005010034133136
B1728530413863N07610546WA0217702207005010036138122
B1728540413859N07610542WA0218202210005010033142103
B1728550413855N07610539WA0218702213005010031139113
B1728560413852N07610536WA0218702216005010033131114
B1728570413848N07610532WA0219202219005010035126115
B1728580413845N07610528WA0219602222005010038121109
B1728590413843N07610523WA0220002225005010037117097
B1729000413841N07610518WA0220002228005010034104095
B1729010413841N07610513WA0220302232005010031078087
B1729020413842N07610509WA0220702236005010027062064
B1729030413845N07610505WA0221002240005010026047051
B1729040413848N07610503WA0221002244005010026033043
B1729050413852N07610502WA0221502248005010031006030
B1729060413857N07610503WA0222002252005010039345005
B1729070413863N07610505WA0222402255005010042325342
B1729080413868N07610510WA0222902259005010044311322
B1729090413870N07610515WA0222902263005010035285307
B1729100413871N07610520WA0223402267005010029266275
B1729110413870N07610524WA0223802271005010027246261
B1729120413868N07610528WA0224302274005010033241241
B1729130413865N07610533WA0224302278005010036248244
B1729140413863N07610538WA0224702281005010038250254
B1729150413861N07610543WA0225102285005010039247245
B1729160413858N07610549WA0225402288005010044242224
B1729170413854N07610555WA0225402292005010047231221
B1729180413849N07610560WA0225702295005010051221198
B1729190413842N07610564WA0225902298005010052200194
B1729200413834N07610566WA0226202301005010052184172
B1729210413827N07610565WA0226202304005010048171158
B1729220413820N07610564WA0226502308005010043165150
B1729230413814N07610562WA0226802311005010040163140
B1729240413809N07610559WA0227202314005010035130139
B1729250413807N07610555WA0227202318005010032116108
B1729260413805N07610551WA0227602322005010030104093
B1729270413805N07610546WA0228102327005010028086076
B1729280413807N07610541WA0228702331005010030069067
B1729290413809N07610537WA0228702336005010033050052
B1729300413813N07610533WA0229202340005010035036039
B1729310413818N07610531WA0229702344005010035027026
B1729320413823N07610529WA0230202348005010033021015
B1729330413827N07610527WA0230202352005010030012007
B1729340413832N07610527WA0230702356005010032358359
B1729350413837N07610528WA0231102359005010035337349
B1729360413842N07610531WA0231402362005010037316332
B1729370413845N07610535WA0231402366005010036299315
B1729380413846N07610540WA0231802369005010038271301
B1729390413845N07610546WA0232102372005010040255275
B1729400413843N07610552WA0232402375005010039243257
B1729410413840N07610557WA0232402378005010038233243
B1729420413836N07610561WA0232702381005010038219232
B1729430413831N07610564WA0233102384005010039206213
B1729440413825N07610566WA0233402386005010040193196
B1729450413819N07610567WA0233402388005010039179183
B1729460413813N07610566WA0233702391005010040165162
B1729470413807N07610564WA0234002393005010041156146
B1729480413802N07610561WA0234302396005010039150130
B1729490413797N07610558WA0234302398005010034127124
B1729500413795N07610554WA0234602401005010031113106
B1729520413794N07610549WA0235002404005010029093094
B1729530413794N07610545WA0235302407005010029078075
B1729540413796N07610541WA0235702410005010031065062
B1729550413798N07610537WA0235702412005010034048054
B1729560413802N07610533WA0236102414005010037033039
B1729570413808N07610530WA0236402415005010039022029
B1729580413813N07610529WA0236602417005010038015017
B1729590413819N07610528WA0236602419005010036000011
B1730000413824N07610529WA0236802421005010034332000
B1730010413828N07610532WA0237102423005010034316336
B1730020413831N07610536WA0237402426005010034301322
B1730030413833N07610541WA0237402428005010037278308
B1730040413833N07610547WA0237702430005010032269279
B1730050413832N07610551WA0238002432005010030260268
B1730060413831N07610556WA0238402434005010033253258
B1730070413829N07610561WA0238402436005010039245247
B1730080413826N07610567WA0238702437005010041234237
B1730090413821N07610571WA0239002439005010041221218
B1730100413816N07610575WA0239302442005010038212209
B1730110413811N07610578WA0239302444005010036207197
B1730120413806N07610580WA0239602447005010039200180
B1730130413800N07610581WA0239902449005010041191169
B1730140413794N07610582WA0240202451005010043182160
B1730150413787N07610582WA0240202454005010044172151
B1730160413781N07610580WA0240602456005010041163151
B1730170413776N07610578WA0240902459005010035145141
B1730180413772N07610575WA0241402462005010031142135
B1730190413769N07610573WA0241402466005010027148128
B1730200413765N07610570WA0241802469005010030147131
B1730210413761N07610568WA0242302472005010033145119
B1730220413752N07610561WA0242602477005010040134131
B1730230413748N07610557WA0242802478005010037135148
B1730250413744N07610554WA0242902479005010035143160
B1730260413740N07610551WA0242902481005010035150155
B1730270413735N07610549WA0242902482005010036159144
B1730280413730N07610547WA0242902484005010036159145
B1730290413725N07610545WA0242902485005010035152148
B1730300413721N07610543WA0243002487005010030146151
B1730310413713N07610538WA0243002490005010030139152
B1730320413710N07610535WA0243002491005010036138150
B1730330413705N07610531WA0243002493005010043145144
B1730340413698N07610528WA0243002494005010046152142
B1730350413692N07610525WA0242902494005010041141139
B1730360413687N07610522WA0242902495005010037135136
B1730370413683N07610519WA0242702495005010038133139
B1730380413679N07610515WA0242402495005010040134143
B1730390413675N07610510WA0242202496005010043132139
B1730400413670N07610505WA0242202496005010043134127
B1730410413665N07610502WA0241902496005010042134140
B1730420413660N07610497WA0241702496005010041134146
B1730430413656N07610493WA0241402496005010041134153
B1730440413652N07610488WA0241402496005010041137154
B1730450413647N07610484WA0241002496005010043139144
B1730460413642N07610480WA0240702496005010046140140
B1730470413637N07610475WA0240302496005010048146139
B1730480413630N07610472WA0240302496005010043144144
B1730490413625N07610468WA0239902495005010039145142
B1730500413620N07610465WA0239502494005010038145147
B1730510413615N07610462WA0239102494005010037145144
B1730520413609N07610460WA0239102493005010038147142
B1730530413604N07610456WA0238802492005010045143144
B1730540413598N07610452WA0238402491005010047145146
B1730550413593N07610448WA0238102489005010044147153
B1730560413587N07610445WA0237702488005010041151154
B1730570413581N07610442WA0237702486005010041151154
B1730580413575N07610440WA0237302484005010041151153
B1730590413570N07610436WA0236902482005010042151151
B1731000413565N07610433WA0236602481005010044151155
B1731010413559N07610430WA0236602479005010044153153
B1731020413554N07610427WA0236202477005010043155158
B1731030413548N07610424WA0235902476005010044155152
B1731040413543N07610421WA0235502474005010045155146
B1731050413537N07610418WA0235502472005010045153156
B1731060413531N07610415WA0235102470005010045152148
B1731070413525N07610412WA0234802469005010044153155
B1731080413520N07610408WA0234502467005010043153153
B1731090413514N07610405WA0234502465005010042152151
B1731100413509N07610402WA0234202463005010040150154
B1731110413504N07610399WA0233902461005010039149150
B1731120413499N07610396WA0233702459005010040150151
B1731130413494N07610393WA0233702457005010043149149
B1731140413489N07610390WA0233402455005010044151150
B1731150413483N07610386WA0233102453005010043154151
B1731160413477N07610384WA0232802451005010040154151
B1731170413472N07610381WA0232802449005010036153155
B1731180413468N07610379WA0232602447005010035153155
B1731190413463N07610376WA0232302445005010038151154
B1731210413458N07610373WA0232102443005010042150148
B1731220413453N07610369WA0231802441005010045151149
B1731230413447N07610366WA0231802439005010045155154
B1731240413441N07610363WA0231602437005010039155152
B1731250413436N07610361WA0231302435005010036156152
B1731260413431N07610359WA0231102433005010034156148
B1731270413426N07610357WA0231102431005010036155146
B1731280413421N07610354WA0231002429005010041152149
B1731290413416N07610351WA0230802427005010043151151
B1731300413410N07610348WA0230602425005010042152152
B1731310413405N07610346WA0230602423005010040154150
B1731320413399N07610343WA0230402421005010038155147
B1731330413394N07610341WA0230202419005010037154152
B1731340413389N07610339WA0230002417005010037153152
B1731350413384N07610336WA0230002414005010039154150
B1731360413379N07610334WA0229802412005010042155146
B1731370413373N07610331WA0229602410005010043154143
B1731380413362N07610325WA0229302405005010042149147
B1731390413357N07610322WA0229102403005010041149148
B1731400413351N07610319WA0229102401005010041150147
B1731410413346N07610316WA0228802398005010041150144
B1731420413341N07610313WA0228602396005010042148143
B1731430413335N07610310WA0228302394005010041146144
B1731440413330N07610306WA0228302391005010041144146
B1731450413325N07610303WA0228102389005010040144150
B1731460413320N07610299WA0227802387005010040145151
B1731470413315N07610296WA0227602384005010040146145
B1731480413310N07610292WA0227602382005010041147141
B1731490413305N07610289WA0227402379005010041143146
B1731500413300N07610285WA0227102377005010042141149
B1731510413295N07610281WA0226802374005010042143154
B1731520413290N07610278WA0226802372005010041144154
B1731530413285N07610274WA0226502370005010039146151
B1731540413280N07610271WA0226202367005010038147149
B1731550413275N07610268WA0225902365005010040147144
B1731560413270N07610265WA0225902362005010042146144
B1731570413265N07610261WA0225602359005010043146146
B1731580413259N07610258WA0225302357005010042147146
B1731590413254N07610255WA0225002354005010041150149
B1732000413249N07610252WA0225002351005010040151146
B1732010413243N07610249WA0224602348005010040151141
B1732020413238N07610246WA0224202346005010041148142
B1732030413233N07610243WA0223902343005010042148147
B1732040413227N07610240WA0223902341005010041150151
B1732050413222N07610237WA0223602338005010039151146
B1732060413217N07610234WA0223302335005010038152141
B1732070413212N07610232WA0223102333005010036151143
B1732080413207N07610229WA0222802331005010039145146
B1732090413202N07610225WA0222802328005010040146143
B1732100413197N07610222WA0222602325005010041148142
B1732110413192N07610219WA0222302322005010040148139
B1732120413187N07610216WA0222002319005010039147140
B1732130413182N07610213WA0222002317005010038146145
B1732140413177N07610210WA0221702314005010039147145
B1732150413172N07610207WA0221402311005010040148145
B1732160413167N07610203WA0221102308005010041148145
B1732170413161N07610200WA0221102305005010041148142
B1732180413156N07610197WA0220802303005010040147143
B1732190413151N07610194WA0220602300005010039146147
B1732200413147N07610191WA0220302297005010039145152
B1732210413142N07610187WA0220302294005010041146150
B1732220413137N07610184WA0220002292005010041147142
B1732230413131N07610181WA0219802289005010041147142
B1732240413126N07610178WA0219602287005010040147146
B1732250413122N07610174WA0219602284005010038139145
B1732260413118N07610170WA0219402282005010037140148
B1732270413113N07610167WA0219202279005010037142149
B1732280413108N07610164WA0219002277005010037144150
B1732290413104N07610161WA0219002274005010037144150
B1732300413099N07610158WA0218902272005010038143157
B1732310413094N07610154WA0218802269005010039145159
B1732320413089N07610151WA0218602267005010039149159
B1732330413083N07610149WA0218602264005010038153161
B1732340413078N07610147WA0218402262005010036157157
B1732350413073N07610145WA0218302260005010036158157
B1732360413068N07610143WA0218102257005010036157173
B1732370413062N07610141WA0217902254005010036157155
B1732390413057N07610139WA0217902251005010037157159
B1732400413052N07610137WA0217802249005010037155161
B1732410413042N07610133WA0217602245005010031156155
B1732430413038N07610132WA0217602244005010028156156
B1732440413030N07610128WA0217502239005010030151148
B1732460413026N07610126WA0217502237005010032152154
B1732470413017N07610122WA0217402233005010029155150
B1732490413013N07610121WA0217402232005010028154148
B1732510413005N07610117WA0217202227005010030148148
B1732520413001N07610114WA0217002225005010034144148
B1732530412997N07610111WA0216802223005010035143156
B1732540412993N07610108WA0216602220005010033145154
B1732550412988N07610106WA0216602218005010032146151
B1732560412984N07610103WA0216302215005010032149150
B1732570412980N07610101WA0216102213005010033151146
B1732580412975N07610099WA0215802211005010034152146
B1732590412970N07610096WA0215802208005010034152144
B1733000412966N07610094WA0215602206005010034149148
B1733010412961N07610092WA0215402204005010034149150
B1733020412957N07610089WA0215202202005010034149151
B1733030412952N07610087WA0215202199005010034150145
B1733040412948N07610085WA0215002197005010034153143
B1733050412943N07610082WA0214802195005010034153146
B1733060412938N07610080WA0214502193005010034150146
B1733070412934N07610078WA0214302191005010035149144
B1733080412929N07610075WA0214302189005010035150148
B1733090412924N07610073WA0214102187005010035153141
B1733100412920N07610071WA0213902185005010036154135
B1733110412915N07610068WA0213702183005010032150143
B1733120412911N07610066WA0213702181005010030149146
B1733130412907N07610064WA0213602179005010028146141
B1733140412904N07610062WA0213502178005010029145143
B1733150412900N07610059WA0213402176005010030144141
B1733160412896N07610057WA0213402174005010032149137
B1733170412892N07610054WA0213302172005010032150136
B1733180412884N07610049WA0213202169005010033145141
B1733190412879N07610046WA0213102167005010035146140
B1733200412875N07610044WA0213102165005010035148154
B1733210412870N07610041WA0212902163005010033148149
B1733220412866N07610038WA0212802162005010033144145
B1733230412862N07610035WA0212602160005010035145147
B1733240412858N07610033WA0212602159005010035147153
B1733250412853N07610030WA0212502157005010036150146
B1733260412848N07610027WA0212302155005010036151139
B1733270412843N07610025WA0212202154005010035149151
B1733280412839N07610022WA0212202153005010033150139
B1733290412835N07610020WA0212002151005010032153153
B1733300412830N07610018WA0211902150005010033153141
B1733310412826N07610015WA0211802148005010035147131
B1733320412821N07610012WA0211802147005010036142138
B1733330412817N07610009WA0211702145005010036144147
B1733340412812N07610006WA0211502143005010034149150
B1733350412808N07610004WA0211302142005010031155142
B1733360412804N07610002WA0211302140005010030152133
B1733370412800N07610000WA0211202138005010031143129
B1733380412796N07609997WA0211002136005010035139139
B1733390412792N07609994WA0210802134005010038140149
B1733400412787N07609990WA0210802132005010038145156
B1733410412782N07609988WA0210602129005010034154152
B1733420412778N07609986WA0210302127005010031155133
B1733430412774N07609984WA0210102125005010031147139
B1733440412769N07609982WA0210102123005010034139142
B1733450412765N07609978WA0209902120005010036139150
B1733460412761N07609975WA0209602118005010037142151
B1733470412756N07609972WA0209402116005010034148147
B1733480412752N07609970WA0209302114005010031144141
B1733490412748N07609967WA0209302112005010031144138
B1733500412744N07609965WA0209102111005010033150145
B1733510412740N07609963WA0208902109005010036149151
B1733520412735N07609960WA0208802107005010038149153
B1733530412730N07609957WA0208802105005010039151157
B1733540412724N07609955WA0208602104005010036153156
B1733550412719N07609953WA0208502102005010036153148
B1733560412715N07609950WA0208402101005010037151149
B1733570412710N07609947WA0208402100005010039148138
B1733580412705N07609944WA0208302099005010039133139
B1733590412701N07609940WA0208302098005010038131144
B1734000412698N07609936WA0208202098005010037137146
B1734010412693N07609932WA0208202097005010037144139
B1734020412689N07609929WA0208202097005010038144125
B1734030412684N07609925WA0208202097005010039138123
B1734040412680N07609921WA0208202097005010040121128
B1734050412677N07609916WA0208302097005010038121138
B1734060412674N07609911WA0208302098005010037126138
B1734070412671N07609907WA0208402099005010035139132
B1734080412667N07609904WA0208502099005010036136128
B1734090412663N07609900WA0208602100005010039130130
B1734100412659N07609895WA0208602100005010043127141
B1734110412655N07609890WA0208702100005010044129141
B1734120412651N07609885WA0208702101005010043131138
B1734130412646N07609881WA0208702101005010036138126
B1734140412643N07609877WA0208702103005010031132116
B1734150412640N07609874WA0208702104005010031119119
B1734170412638N07609870WA0208802105005010033114128
B1734180412635N07609865WA0208902105005010037118130
B1734190412632N07609860WA0208902106005010039133127
B1734200412628N07609856WA0208902106005010039133113
B1734210412624N07609852WA0208902105005010037122117
B1734220412621N07609847WA0208802105005010034115119
B1734230412620N07609843WA0208802105005010030103119
B1734240412618N07609839WA0208802106005010025115136
B1734250412616N07609836WA0208702106005010025126126
B1734260412614N07609833WA0208702106005010027147130
B1734270412610N07609832WA0208702107005010027158133
B1734280412606N07609830WA0208802107005010026159139
B1734290412602N07609829WA0208802107005010028156138
B1734300412598N07609827WA0208702107005010033157135
B1734310412593N07609826WA0208702106005010033158132
B1734320412589N07609824WA0208602106005010032158132
B1734330412584N07609823WA0208402106005010030158136
B1734340412580N07609821WA0208302105005010030160134
B1734350412575N07609820WA0208302104005010031160139
B1734360412571N07609819WA0208102104005010035162136
B1734370412565N07609817WA0208002103005010037160134
B1734380412560N07609815WA0207902103005010035157130
B1734390412556N07609813WA0207902102005010032155136
B1734400412551N07609811WA0207802101005010031151128
B1734410412547N07609809WA0207702101005010036149130
B1734420412542N07609806WA0207602100005010040152145
B1734430412537N07609804WA0207602099005010038155139
B1734440412532N07609801WA0207502099005010034157158
B1734450412527N07609800WA0207502099005010032159140
B1734460412523N07609798WA0207502099005010031155140
B1734470412518N07609796WA0207502099005010034151143
B1734480412514N07609793WA0207502100005010036150145
B1734490412509N07609790WA0207502100005010037149159
B1734500412504N07609788WA0207702101005010035155165
B1734510412499N07609786WA0207702102005010033155172
B1734520412495N07609784WA0207802103005010030154144
B1734530412491N07609781WA0208002105005010029144143
B1734540412488N07609779WA0208202106005010025143130
B1734550412485N07609777WA0208502107005010026139133
B1734560412482N07609774WA0208502109005010029131128
B1734570412479N07609770WA0208702110005010032130124
B1734580412476N07609767WA0208902111005010033128119
B1734590412473N07609763WA0209002112005010033122118
E173459TPCWaypoint 019 reached
B1735000412470N07609759WA0209002112005010033117124
B1735010412468N07609754WA0209002113005010034121134
B1735020412465N07609750WA0209102114005010036125133
B1735030412462N07609745WA0209102115005010038132132
B1735040412457N07609741WA0209102116005010039134135
B1735050412449N07609733WA0209202117005010040130129
B1735070412440N07609724WA0209302119005010043140148
B1735080412435N07609720WA0209302119005010043144145
B1735090412429N07609716WA0209302120005010042146127
B1735100412424N07609713WA0209402121005010041141110
B1735110412420N07609708WA0209502122005010040129098
B1735120412417N07609703WA0209502123005010041112094
B1735130412415N07609698WA0209602124005010039102085
B1735140412414N07609692WA0209802125005010038098091
B1735150412413N07609687WA0209902126005010029100066
B1735160412412N07609683WA0209902128005010024095064
B1735170412413N07609680WA0210102130005010024079060
B1735180412414N07609677WA0210302131005010025058052
B1735190412416N07609674WA0210502133005010026042040
B1735200412420N07609672WA0210502135005010025026026
B1735210412423N07609671WA0210702136005010024011017
B1735220412427N07609671WA0210802138005010026352358
B1735230412431N07609672WA0210902139005010029336345
B1735240412435N07609675WA0211002140005010027321329
B1735250412438N07609677WA0211002142005010026311316
B1735260412440N07609681WA0211102143005010029297310
B1735270412442N07609685WA0211102144005010036279296
B1735280412441N07609691WA0211102145005010039259279
B1735290412439N07609697WA0211102145005010039242260
B1735300412435N07609701WA0211102146005010042222244
B1735310412430N07609705WA0211102146005010040205222
B1735320412424N07609707WA0211002147005010041191205
B1735330412418N07609708WA0211002147005010043178185
B1735340412411N07609707WA0211002147005010047170171
B1735350412404N07609706WA0210902147005010048167161
B1735360412397N07609704WA0210902147005010046164153
B1735370412390N07609702WA0210902147005010046159154
B1735390412383N07609700WA0210902146005010046154141
B1735400412376N07609697WA0210902146005010046148130
B1735410412371N07609693WA0210902146005010043140135
B1735420412366N07609689WA0211002146005010040135137
B1735430412362N07609685WA0211002145005010040134128
B1735440412357N07609681WA0211002145005010038139148
B1735450412353N07609677WA0211002145005010037142128
B1735460412348N07609674WA0211002144005010039142117
B1735470412343N07609670WA0211002144005010039139127
B1735480412339N07609666WA0210902143005010039135105
B1735490412335N07609662WA0210902142005010036129130
B1735500412332N07609658WA0210802141005010034128121
B1735510412329N07609654WA0210802140005010033127125
B1735520412326N07609651WA0210602138005010030128128
B1735530412323N07609648WA0210402137005010026129136
B1735540412321N07609645WA0210302136005010022134131
B1735550412319N07609643WA0210302135005010022136120
B1735560412316N07609640WA0210202134005010024130132
B1735570412314N07609637WA0210002133005010026128131
B1735580412311N07609634WA0209902131005010028124112
B1735590412309N07609631WA0209902130005010029125132
B1736000412306N07609628WA0209802129005010028131125
B1736010412303N07609624WA0209702128005010029132126
B1736020412300N07609621WA0209502126005010031132123
B1736030412297N07609618WA0209402125005010031131123
B1736040412294N07609615WA0209402124005010029133120
B1736050412291N07609612WA0209302123005010028136120
B1736060412288N07609609WA0209202122005010025138122
B1736070412285N07609607WA0209002121005010023143121
B1736080412282N07609605WA0209002120005010029133129
B1736090412279N07609602WA0208802119005010030130120
B1736100412276N07609598WA0208602117005010029128130
B1736110412271N07609591WA0208402114005010032116122
B1736120412269N07609586WA0208402113005010034114124
B1736130412266N07609582WA0208202111005010034119116
B1736140412264N07609577WA0207902109005010034125118
B1736150412261N07609573WA0207702108005010034128121
B1736160412257N07609570WA0207702106005010033130121
B1736170412254N07609566WA0207502104005010034130121
B1736180412250N07609562WA0207402103005010038132120
B1736190412246N07609558WA0207202101005010041139123
B1736200412241N07609554WA0207202099005010038142136
B1736210412237N07609551WA0207102098005010032143136
B1736220412233N07609548WA0207002097005010028142134
B1736230412231N07609546WA0207002096005010024134129
B1736240412228N07609543WA0207002096005010026136118
B1736250412225N07609540WA0207102095005010029141120
B1736260412221N07609537WA0207202095005010032140126
B1736270412218N07609534WA0207402096005010030140125
B1736280412214N07609532WA0207402097005010028143124
B1736290412211N07609529WA0207602098005010028141125
B1736300412208N07609526WA0207802098005010029140122
B1736310412204N07609524WA0208002099005010031142123
B1736320412200N07609521WA0208002100005010031146128
B1736330412196N07609519WA0208102100005010031152133
B1736340412192N07609517WA0208202101005010031153139
B1736350412188N07609515WA0208202101005010031155136
B1736360412183N07609513WA0208202101005010029147141
B1736370412180N07609511WA0208202101005010029143142
B1736380412176N07609508WA0208102100005010030140143
B1736390412172N07609506WA0208002100005010030140140
B1736400412169N07609503WA0208002099005010030143141
B1736410412165N07609500WA0207802098005010029146139
B1736420412161N07609498WA0207702098005010028152138
B1736430412157N07609497WA0207502097005010027161144
B1736440412153N07609496WA0207502096005010028159144
B1736450412149N07609494WA0207302095005010026147136
B1736460412146N07609492WA0207202094005010027142129
B1736470412143N07609489WA0207002093005010026133132
B1736480412140N07609486WA0207002092005010027126131
B1736490412138N07609483WA0206802091005010027122128
B1736500412136N07609479WA0206602089005010028122123
B1736510412134N07609476WA0206402088005010029121120
B1736520412131N07609472WA0206402086005010029122116
B1736530412129N07609468WA0206202084005010028124116
B1736540412127N07609465WA0206002083005010025127114
B1736550412125N07609462WA0205702081005010024129112
B1736560412122N07609460WA0205702079005010023131113
B1736570412120N07609457WA0205502078005010023131112
B1736580412117N07609455WA0205402076005010024135111
B1736590412115N07609452WA0205202074005010026136115
B1737000412111N07609450WA0205202072005010028137116
B1737010412108N07609447WA0205002070005010028137119
B1737020412105N07609444WA0204702069005010026136118
B1737030412102N07609441WA0204402067005010026135115
B1737040412099N07609439WA0204202065005010027133114
B1737050412097N07609436WA0204202064005010030132118
B1737060412094N07609432WA0203902062005010031126121
B1737070412091N07609428WA0203702061005010031121115
B1737080412089N07609424WA0203602060005010030120111
B1737090412086N07609421WA0203602058005010029121109
B1737100412084N07609417WA0203402057005010029123108
B1737110412082N07609413WA0203202055005010030127108
B1737120412078N07609410WA0203002054005010033132112
B1737130412075N07609406WA0203002053005010032133118
B1737140412072N07609403WA0202902052005010031134120
B1737150412068N07609400WA0202702051005010029136125
B1737160412065N07609397WA0202602050005010028137129
B1737170412062N07609394WA0202602049005010030136126
B1737180412058N07609391WA0202502048005010033137130
B1737190412055N07609388WA0202402046005010034139129
B1737200412051N07609385WA0202302045005010034142129
B1737210412046N07609382WA0202302044005010035146134
B1737220412042N07609379WA0202202043005010035148140
B1737230412037N07609376WA0202102042005010035149145
B1737240412033N07609373WA0202002042005010033145149
B1737250412029N07609371WA0202002042005010033144146
B1737260412024N07609368WA0202002041005010033145141
B1737270412020N07609365WA0202002041005010033145146
B1737280412016N07609362WA0202002041005010033140150
B1737290412012N07609359WA0202002041005010032140143
B1737300412009N07609356WA0202002041005010032141139
B1737310412005N07609353WA0202002041005010033144139
B1737320412000N07609350WA0202002040005010040161138
B1737330411994N07609349WA0202002040005010040161152
B1737340411989N07609347WA0202002039005010036160150
B1737350411984N07609345WA0201902039005010033158151
B1737370411979N07609343WA0201802038005010030157152
B1737380411975N07609342WA0201702037005010029162153
B1737390411971N07609340WA0201702036005010030159156
B1737400411966N07609339WA0201602035005010032157155
B1737410411962N07609337WA0201402033005010033158159
B1737420411957N07609335WA0201202032005010033159162
B1737430411952N07609333WA0201202030005010031160158
B1737440411948N07609332WA0200902029005010031160155
B1737450411943N07609330WA0200702028005010031159152
B1737460411939N07609329WA0200402026005010032157151
B1737470411934N07609327WA0200402025005010033154151
B1737480411930N07609324WA0200202023005010033149154
B1737490411926N07609322WA0200002022005010032148155
B1737500411921N07609319WA0199802020005010033147145
B1737510411917N07609316WA0199802018005010034143144
B1737520411913N07609313WA0199602016005010035139155
B1737530411909N07609309WA0199302015005010035138154
B1737540411905N07609306WA0199102013005010034140153
B1737550411901N07609303WA0199102011005010033143146
B1737560411897N07609300WA0198902009005010034151143
B1737570411893N07609298WA0198702007005010034154152
B1737580411888N07609296WA0198502005005010034154154
B1737590411884N07609294WA0198502004005010032153156
B1738000411879N07609292WA0198302002005010032152158
B1738010411875N07609289WA0198102000005010033152160
B1738020411871N07609287WA0197901998005010033153158
B1738030411866N07609285WA0197901996005010032154159
B1738040411862N07609283WA0197601995005010032154158
B1738050411858N07609281WA0197401993005010031153165
B1738060411854N07609279WA0197301991005010031155159
B1738070411849N07609277WA0197301989005010030158158
B1738080411845N07609276WA0197001988005010029162156
B1738090411841N07609275WA0196801986005010031166160
B1738100411836N07609273WA0196601984005010033168166
B1738110411831N07609272WA0196601982005010034166173
B1738120411827N07609271WA0196301980005010033168168
B1738130411822N07609270WA0196101978005010030172179
B1738140411817N07609270WA0195901977005010028178178
B1738150411813N07609270WA0195901975005010029185185
B1738160411809N07609271WA0195701973005010030182185
B1738170411804N07609271WA0195501970005010032183184
B1738180411799N07609272WA0195301968005010033187183
B1738190411794N07609272WA0195101966005010032189183
B1738200411790N07609273WA0195101964005010031190176
B1738210411780N07609275WA0194901959005010032184176
B1738220411775N07609275WA0194601956005010031179166
B1738230411771N07609275WA0194301953005010030174165
B1738240411766N07609274WA0194301950005010031169170
B1738250411762N07609273WA0194001947005010033164168
B1738260411757N07609271WA0193701943005010035163171
B1738270411752N07609270WA0193301940005010035161177
B1738280411747N07609268WA0193301937005010032158168
B1738290411743N07609266WA0192901934005010028158171
B1738300411739N07609265WA0192501931005010027159171
B1738310411735N07609263WA0192201928005010028160168
B1738320411731N07609262WA0192201925005010031162167
B1738330411727N07609260WA0191801923005010029153163
B1738340411723N07609258WA0191501921005010027149159
B1738350411719N07609257WA0191301919005010026151165
B1738360411716N07609255WA0191301917005010027149162
B1738370411712N07609253WA0191101915005010030148157
B1738380411708N07609250WA0190901913005010032148165
B1738390411704N07609248WA0190601911005010032151175
B1738400411699N07609246WA0190601909005010031151173
B1738410411695N07609243WA0190401907005010031152176
B1738420411691N07609241WA0190201906005010031153166
B1738430411686N07609240WA0190001904005010031157170
B1738440411682N07609238WA0190001902005010029149187
B1738450411679N07609235WA0189801902005010030149177
B1738460411675N07609233WA0189601901005010029151180
B1738470411671N07609231WA0189601901005010030154177
B1738480411667N07609229WA0189601901005010030153176
B1738490411663N07609228WA0189601901005010030150180
B1738500411659N07609225WA0189601902005010029148176
B1738510411655N07609223WA0189701903005010028154175
B1738520411651N07609222WA0189701904005010026161196
B1738530411648N07609221WA0189901906005010025164179
B1738540411644N07609220WA0190101908005010025164180
B1738550411640N07609219WA0190401909005010026162178
B1738560411637N07609218WA0190401911005010026161176
B1738570411633N07609217WA0190701912005010026161195
B1738580411629N07609216WA0191201914005010025162183
B1738590411626N07609215WA0191601916005010023171200
B1739000411622N07609214WA0191601917005010024174223
B1739010411619N07609215WA0192001919005010023188238
B1739020411615N07609215WA0192401921005010025199245
B1739030411611N07609217WA0192701923005010022220261
B1739040411609N07609220WA0192701924005010018236277
B1739050411607N07609222WA0192901926005010015261290
B1739060411608N07609225WA0193101927005010016278304
B1739070411608N07609227WA0193301928005010017291315
B1739080411609N07609230WA0193301929005010017298320
B1739090411611N07609232WA0193601929005010014312322
B1739100411613N07609233WA0193801929005010017328327
B1739110411616N07609234WA0194101929005010019340334
B1739120411619N07609235WA0194101929005010021347341
B1739130411623N07609235WA0194401929005010018344344
B1739140411626N07609235WA0194701929005010014341337
B1739150411628N07609235WA0195101929005010005000313
B1739160411629N07609232WA0195101929005010012120309
B1739170411629N07609229WA0195401930005010019124288
B1739180411628N07609226WA0195801930005010022125265
B1739190411626N07609223WA0196001930005010023131212
B1739200411624N07609219WA0196001930005010023142198
B1739210411620N07609216WA0196301930005010022160212
B1739220411616N07609214WA0196401930005010021187212
B1739230411612N07609213WA0196501930005010021200221
B1739240411608N07609213WA0196601931005010022199225
B1739250411605N07609212WA0196601931005010024189225
B1739260411601N07609212WA0196701932005010026184215
B1739270411597N07609211WA0196701932005010026181210
B1739280411592N07609211WA0196701933005010027174207
B1739290411587N07609210WA0196701934005010027164198
B1739300411583N07609209WA0196801934005010027163186
B1739310411579N07609207WA0196901935005010026166182
B1739320411575N07609206WA0197001936005010026170182
B1739330411571N07609205WA0197001937005010026175178
B1739340411567N07609205WA0197101937005010026172184
B1739350411563N07609204WA0197301938005010026166185
B1739370411559N07609203WA0197401939005010025164173
B1739380411556N07609202WA0197401940005010024162166
B1739390411552N07609200WA0197601940005010025155160
B1739400411549N07609198WA0197701941005010027140149
B1739410411547N07609194WA0197801942005010031110129
B1739420411546N07609190WA0197801942005010035088087
B1739430411546N07609185WA0197901943005010035072063
B1739440411550N07609179WA0198001944005010035059046
B1739450411553N07609175WA0198001946005010036049026
B1739460411557N07609171WA0198001947005010039038015
B1739470411562N07609168WA0198101947005010039024357
B1739480411568N07609166WA0198101948005010040009349
B1739490411574N07609166WA0198201949005010041358333
B1739500411580N07609166WA0198301950005010040348323
B1739510411586N07609168WA0198301951005010037335318
B1739520411590N07609171WA0198401953005010034320308
B1739530411593N07609175WA0198501954005010033305299
B1739540411596N07609179WA0198701956005010032295284
B1739550411597N07609184WA0198701957005010033291281
B1739560411599N07609194WA0198801960005010033284270
B1739570411600N07609199WA0198901962005010031283270
B1739580411601N07609203WA0199101963005010031283273
B1739590411601N07609208WA0199101965005010031283270
B1740000411602N07609213WA0199201966005010033280267
B1740010411602N07609218WA0199301967005010034276271
B1740020411603N07609222WA0199401969005010033276261
B1740030411603N07609227WA0199401970005010031274261
B1740040411603N07609232WA0199601971005010031270255
B1740050411603N07609236WA0199701973005010031264253
B1740060411602N07609241WA0199801974005010032260246
B1740070411601N07609245WA0200001976005010031257237
B1740080411600N07609249WA0200001977005010028256247
B1740090411599N07609253WA0200101978005010026254245
B1740100411597N07609257WA0200301980005010026253250
B1740110411596N07609260WA0200401981005010026253239
B1740120411595N07609264WA0200401982005010027253235
B1740130411594N07609268WA0200501984005010026252232
B1740140411593N07609271WA0200601985005010025249235
B1740150411591N07609275WA0200701987005010026245237
B1740160411589N07609278WA0200701988005010029242239
B1740170411587N07609283WA0200701989005010035240246
B1740180411584N07609287WA0200701991005010039243251
B1740190411582N07609293WA0200701992005010039246253
B1740200411579N07609298WA0200701994005010036246245
B1740210411577N07609302WA0200701997005010034245246
B1740220411575N07609307WA0200801999005010034246247
B1740230411573N07609312WA0201002002005010036249250
B1740240411572N07609317WA0201002004005010037250250
B1740250411570N07609322WA0201202006005010040252247
B1740260411568N07609328WA0201502009005010041252246
B1740270411566N07609333WA0201702011005010036240250
B1740280411564N07609337WA0201702014005010032236263
B1740290411561N07609341WA0202002016005010030243268
B1740300411559N07609345WA0202302018005010030244271
B1740310411559N07609350WA0202502020005010039274272
B1740320411559N07609356WA0202702021005010039277290
B1740330411560N07609362WA0202702023005010038281293
B1740340411562N07609368WA0202902024005010037288294
B1740350411565N07609371WA0203002025005010032332299
B1740360411570N07609373WA0203002027005010031351336
B1740370411575N07609372WA0203002028005010033013356
B1740380411580N07609370WA0203102029005010032025020
B1740390411584N07609367WA0203102030005010036048035
B1740400411587N07609362WA0203102031005010038059060
B1740410411590N07609357WA0203102032005010035071070
B1740420411591N07609352WA0203102033005010033077084
B1740430411592N07609347WA0203202034005010032084093
B1740440411592N07609342WA0203202035005010034096104
B1740450411591N07609337WA0203202037005010035104119
B1740460411590N07609332WA0203302038005010037107128
B1740470411589N07609326WA0203502040005010029110136
B1740480411587N07609322WA0203702042005010025127139
B1740490411585N07609319WA0203702043005010026132155
B1740500411582N07609316WA0204002045005010027141159
B1740510411579N07609314WA0204302046005010025159167
B1740520411575N07609314WA0204702048005010022182181
B1740530411572N07609314WA0204702049005010023199196
B1740540411567N07609316WA0205002051005010022210209
B1740550411564N07609318WA0205302053005010021220217
B1740560411561N07609320WA0205602054005010017233224
B1740570411559N07609323WA0205602056005010015242230
B1740580411557N07609326WA0205902057005010010250234
B1740590411556N07609328WA0206202059005010003244218
B1741010411556N07609328WA0206402059005010005062198
B1741020411557N07609327WA0206702060005010010046200
B1741030411558N07609326WA0206702060005010012045090
B1741040411560N07609325WA0206902061005010018057077
B1741050411563N07609324WA0207102061005010021073081
B1741060411564N07609321WA0207402060005010019086094
B1741070411565N07609318WA0207402060010019020103108
B1741080411565N07609315WA0207602061010019017109123
B1741090411564N07609312WA0207802062010019015118126
B1741100411563N07609310WA0208002063010019011100135
B1741110411561N07609310WA0208002063010019006082129
B1741120411561N07609309WA0208202064010019004052135
B1741130411559N07609312WA0208402065010019003039141
B1741140411558N07609315WA0208702066010019004033152
B1741150411557N07609316WA0208702067010019006046149
B1741160411560N07609321WA0209002067010019010020119
B1741170411571N07609333WA0209202068005010015018061
B1741180411574N07609333WA0209402068005010018043044
B1741190411584N07609332WA0209402071005010020080071
B1741200411586N07609327WA0209602073005010018092104
B1741210411586N07609324WA0209802073005010019108116
B1741220411585N07609321WA0210002072005010016116127
B1741230411584N07609317WA0210202073005010012132135
B1741240411583N07609316WA0210202073005010009152148
B1741250411580N07609315WA0210502073005010007188162
B1741260411576N07609316WA0210702073005010007230179
B1741270411572N07609319WA0210902074005010009251198
B1741280411568N07609323WA0210902074005010008269216
B1741290411566N07609328WA0211102075005010006302222
B1741300411565N07609331WA0211202075010019007353214
B1741310411566N07609333WA0211302075010019010022120
B1741320411567N07609333WA0211302075010019012037074
B1741330411580N07609347WA0211502075010019020022081
B1741340411583N07609347WA0211602074010019023039060
B1741390411599N07609335WA0212502161004003024151069
B1741400411595N07609335WA0212802161004003024185157
B1741410411591N07609337WA0212802162004003032206185
B1741420411587N07609340WA0213002162004003039227202
B1741430411584N07609345WA0213202164004003039249223
B1741440411584N07609350WA0213402166004003039272242
B1741450411585N07609355WA0213402167004003039290266
B1741460411587N07609360WA0213602170004003035301284
B1741470411589N07609364WA0213702170004003035292295
B1741480411593N07609367WA0213902170004003035315285
B1741500411600N07609366WA0213902174004003036008312
B1741510411605N07609365WA0214102176004003036026021
B1741520411609N07609361WA0214302178004003036050043
B1741530411611N07609357WA0214502180004003036078070
B1741540411612N07609358WA0214802167005010039083088
B1741550411611N07609352WA0215002168005010037107105
B1741560411610N07609346WA0215002170005010037113125
B1741570411607N07609341WA0215302172005010032124130
B1741580411604N07609337WA0215502174005010027137137
B1741590411601N07609336WA0215702175005010022172149
B1742000411597N07609336WA0215702176005010029206174
B1742010411592N07609340WA0216002177005010036227201
B1742020411589N07609344WA0216102179005010034243221
B1742030411587N07609349WA0216302180005010035267235
B1742040411588N07609354WA0216402181005010037287259
B1742050411590N07609360WA0216402182005010033291281
B1742060411593N07609365WA0216602183005010028313283
B1742070411597N07609367WA0216802184010019027352307
B1742080411601N07609365WA0217002184010019038065359
B1742090411603N07609360WA0217002184010019035082076
B1742100411605N07609354WA0217202188010019035093093
B1742110411605N07609348WA0217502188010019030097103
B1742120411605N07609343WA0217802189010019031094108
B1742130411604N07609339WA0217802189010019027108105
B1742140411602N07609335WA0218002190010019022144118
B1742150411599N07609333WA0218302192010019023187147
B1742160411596N07609333WA0218502193010019022215181
B1742170411591N07609336WA0218502196005010025241203
B1742180411588N07609340WA0218602198005010027267228
B1742190411587N07609345WA0218802199005010028277253
B1742200411588N07609350WA0218902200005010032296264
B1742210411590N07609354WA0218902201005010035310286
B1742220411593N07609359WA0219102202005010036324303
B1742230411598N07609362WA0219302203005010031337321
B1742240411603N07609364WA0219502204005010029021336
B1742250411608N07609360WA0219502205005010041064031
B1742260411610N07609355WA0219702206005010038071073
B1742270411611N07609349WA0219902206010019036095080
B1742280411610N07609344WA0220102207010019033107104
B1742290411609N07609338WA0220102208010019026117115
B1742300411607N07609334WA0220402209010019023125126
B1742310411606N07609329WA0220602211010019020141133
B1742330411604N07609327WA0220802212010019019163146
B1742340411600N07609326WA0220802213010019021198163
B1742350411597N07609329WA0221002214010019026217191
B1742360411594N07609332WA0221102214010019028241208
B1742370411593N07609336WA0221202215005010024258230
B1742380411589N07609342WA0221202218005010028300244
B1742390411591N07609346WA0221202218005010037305289
B1742400411595N07609351WA0221202219005010040314298
B1742410411598N07609355WA0221202219005010036325308
B1742420411602N07609360WA0221202221005010035352321
B1742430411606N07609361WA0221302222005010033020354
B1742440411611N07609360WA0221502224005010034033027
B1742450411615N07609357WA0221702225005010034046041
B1742460411619N07609352WA0221902226005010036060055
B1742470411621N07609347WA0221902227005010039077069
B1742480411621N07609341WA0222202229005010042095086
B1742490411620N07609335WA0222402230005010039110102
B1742500411619N07609330WA0222602233005010030118117
B1742510411617N07609326WA0222602234005010023144126
B1742520411611N07609324WA0222802236005010023190149
B1742530411607N07609326WA0223002238005010029208186
B1742540411602N07609328WA0223102239005010031223201
B1742550411599N07609332WA0223102240005010031227215
B1742560411597N07609336WA0223202241005010030273218
B1742570411598N07609341WA0223402241005010034287261
B1742580411600N07609346WA0223402242005010040303277
B1742590411604N07609350WA0223402243005010038325296
B1743000411610N07609353WA0223402243005010039347320
B1743010411616N07609354WA0223502244005010041359346
B1743030411623N07609348WA0223602245005010031064000
B1743040411625N07609344WA0223702246005010033080075
B1743050411626N07609338WA0223802247005010038096091
B1743060411625N07609332WA0224002248005010035109104
B1743070411623N07609328WA0224202249005010035121118
B1743080411620N07609323WA0224202250005010036139132
B1743090411618N07609317WA0224302253005010035139146
B1743100411614N07609312WA0224402255005010034136143
B1743110411610N07609308WA0224502256005010032133139
B1743120411607N07609304WA0224502257005010028130148
B1743130411605N07609301WA0224602259005010026139149
B1743140411602N07609298WA0224702260005010027136151
B1743150411598N07609296WA0224702261005010030146157
B1743160411594N07609293WA0224702262005010032153165
B1743170411589N07609291WA0224702263005010030160163
B1743180411585N07609289WA0224702263005010029157172
B1743190411581N07609288WA0224702264005010029162170
B1743200411576N07609286WA0224702264005010029166164
B1743210411572N07609285WA0224702265005010031168175
B1743220411567N07609285WA0224702265005010031170172
B1743230411562N07609284WA0224702265005010028165162
B1743240411558N07609282WA0224802266005010026156165
B1743250411555N07609281WA0224802267005010027157170
B1743260411551N07609279WA0224902267005010028155167
B1743270411547N07609277WA0224902268005010030153170
B1743280411543N07609275WA0225002269005010031156172
B1743290411538N07609274WA0225002270005010030163179
B1743300411534N07609273WA0225102272005010028172166
B1743310411530N07609273WA0225302274005010026175177
B1743320411526N07609272WA0225402275005010025173167
B1743340411522N07609272WA0225402277005010029167176
B1743350411517N07609271WA0225602279005010029166172
B1743360411513N07609270WA0225802281005010029164175
B1743370411509N07609269WA0226002282005010028170167
B1743380411505N07609268WA0226002285005010026168169
B1743390411501N07609268WA0226302287005010025161163
B1743400411498N07609266WA0226602289005010024161178
B1743410411495N07609265WA0226902291005010024161170
B1743420411492N07609264WA0226902293005010025161180
B1743430411488N07609263WA0227202296005010026162176
B1743440411485N07609261WA0227602298005010027165176
B1743450411481N07609261WA0228002301005010026171181
B1743460411477N07609260WA0228302303005010026176178
B1743470411473N07609260WA0228302306005010026175188
B1743480411469N07609260WA0228702308005010028175181
B1743490411465N07609259WA0229102311005010029171196
B1743500411460N07609259WA0229502314005010026193189
B1743510411457N07609260WA0229502317005010024211193
B1743520411454N07609263WA0230002321005010022213188
B1743530411451N07609264WA0230502324005010023203200
B1743540411447N07609266WA0231002328005010027195205
B1743550411443N07609267WA0231002332005010029195219
B1743560411438N07609268WA0231502335005010030203202
B1743570411434N07609270WA0232102340005010026205198
B1743580411430N07609272WA0232602344005010023204191
B1743590411427N07609273WA0232602349005010024198198
B1744000411423N07609274WA0233202353005010026186204
B1744010411419N07609274WA0233702358005010029186197
B1744020411414N07609275WA0234202362005010032188194
B1744030411410N07609276WA0234202366005010033189193
B1744040411400N07609277WA0234702375005010033185190
B1744050411395N07609278WA0235102380005010033186193
B1744060411390N07609278WA0235502384005010033186192
B1744070411386N07609279WA0236002389005010031185196
B1744080411381N07609279WA0236002393005010031182182
B1744090411376N07609279WA0236402398005010031181199
B1744100411372N07609279WA0236902402005010031180197
B1744110411367N07609279WA0237402407005010031182195
B1744120411362N07609279WA0237402411005010033183197
B1744130411357N07609280WA0237902415005010035180188
B1744140411351N07609280WA0238302419005010038180192
B1744150411346N07609280WA0238702424005010037181196
B1744160411340N07609280WA0238702428005010034187201
B1744170411335N07609281WA0239102432005010033191201
B1744180411330N07609282WA0239502436005010034193200
B1744190411325N07609283WA0239902440005010036195202
B1744200411319N07609285WA0239902444005010038196196
B1744210411314N07609287WA0240302448005010037197197
B1744220411309N07609288WA0240702452005010034194199
B1744230411304N07609289WA0241202456005010032190186
B1744240411299N07609290WA0241202460005010031192190
B1744250411295N07609291WA0241602464005010031196200
B1744260411290N07609293WA0242002467005010032200192
B1744270411285N07609294WA0242402471005010036197190
B1744280411280N07609296WA0242402474005010035193196
B1744290411275N07609297WA0242702477005010033193199
B1744300411270N07609298WA0242902480005010033192194
B1744310411265N07609299WA0243202483005010034190193
B1744320411260N07609300WA0243202485005010036189192
B1744330411255N07609301WA0243402487005010036187199
B1744340411250N07609302WA0243602489005010033186195
B1744350411245N07609302WA0243802491005010031186191
B1744360411240N07609303WA0243802493005010031186195
B1744370411235N07609303WA0244102495005010032184193
B1744380411230N07609304WA0244302496005010035187207
B1744390411225N07609304WA0244502498005010035186193
B1744400411220N07609305WA0244502499005010033186197
B1744410411215N07609305WA0244702501005010034185192
B1744420411210N07609306WA0244802502005010036182197
B1744430411204N07609306WA0244902503005010039179192
B1744440411198N07609306WA0244902504005010038179199
B1744450411193N07609305WA0245002505005010036178193
B1744460411188N07609305WA0245102506005010034178198
B1744470411182N07609305WA0245202507005010034177192
B1744480411177N07609305WA0245202508005010036178193
B1744490411172N07609305WA0245402509005010037178193
B1744500411166N07609304WA0245502510005010038177191
B1744510411160N07609304WA0245602511005010038178196
B1744520411155N07609304WA0245602511005010034176193
B1744530411150N07609303WA0245702511005010032176189
B1744540411145N07609303WA0245802511005010034176193
B1744550411140N07609303WA0245802510005010036180192
B1744560411134N07609303WA0245802509005010041178191
B1744570411127N07609302WA0245802508005010044177193
B1744580411121N07609302WA0245702507005010043175187
B1744590411114N07609301WA0245502505005010040174190
B1745000411109N07609300WA0245202504005010038173184
B1745010411103N07609300WA0245202503005010038174183
B1745020411097N07609299WA0245002502005010041171175
B1745030411091N07609298WA0244802500005010045163180
B1745040411084N07609295WA0244502498005010047161188
B1745050411077N07609293WA0244502497005010046165194
B1745060411071N07609292WA0244302495005010040170194
B1745070411065N07609290WA0244002493005010037171194
B1745080411060N07609289WA0243802491005010037171196
B1745100411054N07609289WA0243502489005010042182195
B1745110411048N07609289WA0243502487005010045184202
B1745120411041N07609290WA0243202485005010045184197
B1745130411035N07609290WA0243002483005010042182196
B1745140411028N07609291WA0242802481005010040181197
B1745150411022N07609291WA0242802478005010040183193
B1745160411016N07609291WA0242502476005010042185189
B1745170411010N07609292WA0242302474005010045184186
B1745180411003N07609292WA0242102472005010046183185
B1745190410996N07609292WA0242102470005010047179186
B1745200410988N07609292WA0241902468005010049177184
B1745210410981N07609291WA0241702466005010051174190
B1745220410973N07609291WA0241502464005010051175193
B1745230410965N07609290WA0241502462005010052179193
B1745240410957N07609290WA0241302460005010052183193
B1745250410950N07609291WA0241202458005010051184191
B1745260410942N07609292WA0241002456005010050184189
B1745270410934N07609292WA0241002454005010048184191
B1745280410927N07609293WA0240902452005010046184195
B1745290410921N07609293WA0240802450005010045185193
B1745300410914N07609294WA0240602448005010048187202
B1745310410906N07609295WA0240602445005010051189203
B1745320410899N07609297WA0240402442005010051192204
B1745330410892N07609298WA0240202440005010047196200
B1745340410885N07609300WA0240002437005010041197197
B1745350410880N07609302WA0240002435005010039195195
B1745360410874N07609304WA0239702433005010040196198
B1745370410868N07609305WA0239402431005010045195201
B1745380410861N07609307WA0239102427005010049196197
B1745390410854N07609309WA0239102424005010049197194
B1745400410848N07609311WA0238802421005010045194188
B1745410410841N07609312WA0238402418005010041188188
B1745420410835N07609313WA0238102415005010040186192
B1745430410829N07609314WA0238102412005010040187191
B1745440410823N07609315WA0237702409005010043192188
B1745450410816N07609316WA0237402405005010046191182
B1745460410809N07609317WA0237102402005010049186183
B1745470410802N07609317WA0237102399005010048180190
B1745480410795N07609317WA0236802396005010046182191
B1745490410788N07609318WA0236402394005010043188192
B1745500410782N07609319WA0236102391005010043191187
B1745510410775N07609320WA0236102389005010046189188
B1745520410768N07609321WA0235802386005010049186187
B1745530410761N07609322WA0235602384005010049184189
B1745540410754N07609322WA0235302382005010046185188
B1745550410747N07609323WA0235302380005010044187192
B1745560410741N07609324WA0235002378005010045190191
B1745570410734N07609325WA0234702375005010047190192
B1745580410727N07609327WA0234502373005010048189192
B1745590410720N07609328WA0234502371005010047189191
B1746000410713N07609329WA0234202368005010045189192
B1746010410700N07609331WA0233902364005010043189193
B1746020410693N07609332WA0233702363005010044190195
B1746030410687N07609333WA0233402360005010046191190
B1746040410680N07609335WA0233402358005010046189190
B1746050410673N07609336WA0233102356005010046188189
B1746060410666N07609337WA0232902354005010046189196
B1746070410659N07609338WA0232602353005010045194200
B1746080410653N07609340WA0232602351005010045197198
B1746090410646N07609342WA0232402349005010046196193
B1746100410640N07609344WA0232102346005010046191190
B1746110410633N07609345WA0231802344005010047191200
B1746120410626N07609347WA0231802343005010046197211
B1746130410620N07609349WA0231602341005010042204204
B1746140410614N07609352WA0231402340005010038206202
B1746150410609N07609354WA0231202339005010036203192
B1746160410604N07609356WA0231202337005010037193197
B1746170410598N07609358WA0231002336005010039192202
B1746180410593N07609359WA0230902334005010041197205
B1746190410587N07609361WA0230702333005010041201202
B1746200410581N07609363WA0230702331005010041198197
B1746210410575N07609365WA0230502330005010042193197
B1746220410569N07609366WA0230302329005010043191203
B1746230410562N07609368WA0230002327005010044194203
B1746240410556N07609369WA0230002325005010046196192
B1746250410549N07609371WA0229802323005010048192184
B1746260410542N07609372WA0229502322005010047182177
B1746270410535N07609372WA0229302320005010045174181
B1746280410529N07609371WA0229302319005010040172192
B1746290410523N07609371WA0229102318005010033176196
B1746300410518N07609371WA0229002316005010032187194
B1746310410513N07609372WA0228902315005010041191192
B1746320410506N07609373WA0228902313005010045182184
B1746330410500N07609373WA0228702311005010045178189
B1746340410493N07609373WA0228602309005010041183197
B1746350410488N07609374WA0228402308005010037190201
B1746360410482N07609375WA0228402306005010036191194
B1746370410477N07609376WA0228202304005010039188191
B1746380410471N07609377WA0227902303005010042187197
B1746390410464N07609378WA0227702301005010042191204
B1746400410458N07609380WA0227702300005010041197212
B1746410410453N07609382WA0227502298005010039203216
B1746420410447N07609384WA0227202296005010038207217
B1746430410442N07609387WA0227002295005010038209215
B1746440410437N07609390WA0227002293005010038208218
B1746450410432N07609393WA0226702291005010038209217
B1746460410427N07609396WA0226402289005010038211222
B1746470410423N07609399WA0226202286005010038213222
B1746480410418N07609402WA0226202284005010037216221
B1746490410414N07609405WA0225902282005010036218225
B1746500410409N07609409WA0225702280005010035217222
B1746510410405N07609412WA0225402278005010033215226
B1746520410401N07609415WA0225402275005010034221229
B1746530410398N07609418WA0225102273005010035227229
B1746540410394N07609422WA0224902271005010037229224
B1746550410390N07609426WA0224602269005010037225222
B1746560410386N07609430WA0224602266005010036225223
B1746570410383N07609434WA0224302264005010035227226
B1746580410379N07609438WA0224002262005010035231233
B1746590410376N07609443WA0223802260005010037233231
B1747000410373N07609447WA0223802257005010039237231
B1747010410370N07609452WA0223502255005010042241231
B1747020410366N07609458WA0223202253005010043240227
B1747030410363N07609464WA0223002251005010042238233
B1747040410360N07609469WA0223002249005010042234226
B1747050410356N07609474WA0222802247005010041232227
B1747060410352N07609479WA0222602246005010041229230
B1747070410348N07609483WA0222402244005010041225228
B1747080410343N07609488WA0222402243005010044222224
B1747090410338N07609492WA0222202242005010047219229
B1747100410332N07609496WA0222102241005010046218224
B1747110410327N07609501WA0222002241005010042218230
B1747120410322N07609504WA0222002241005010039219225
B1747130410318N07609508WA0222002241005010041217218
B1747140410313N07609512WA0222002242005010044216218
B1747150410307N07609516WA0222102242005010045213212
B1747160410302N07609519WA0222102243005010043212211
B1747170410296N07609522WA0222302244005010041211220
B1747180410291N07609526WA0222502245005010040211222
B1747190410286N07609529WA0222802247005010039211225
B1747200410281N07609532WA0222802249005010038213217
B1747210410277N07609535WA0223102251005010036217222
B1747220410272N07609538WA0223502252005010033218228
B1747230410269N07609541WA0223802254005010031220243
B1747240410265N07609544WA0223802256005010028226243
B1747250410263N07609548WA0224102258005010027233235
B1747260410261N07609551WA0224402259005010027236229
B1747270410258N07609554WA0224602261005010027232237
B1747280410256N07609558WA0224602263005010028234251
B1747290410254N07609562WA0224702265005010027245262
B1747300410253N07609566WA0224802266005010030263257
B1747310410253N07609570WA0224802268005010032261245
B1747320410252N07609575WA0224802269005010034253252
B1747330410250N07609580WA0224802270005010035249243
B1747340410249N07609585WA0224702271005010036250243
B1747350410247N07609591WA0224602272005010036249245
B1747360410245N07609596WA0224602273005010036247225
B1747370410243N07609601WA0224502274005010034238229
B1747380410240N07609605WA0224502275005010033227222
B1747390410236N07609608WA0224402275005010034219217
B1747400410232N07609612WA0224402276005010036217216
B1747410410228N07609615WA0224402276005010038220213
B1747420410223N07609619WA0224502277005010038215200
B1747430410219N07609622WA0224502277005010038206190
B1747440410213N07609624WA0224502277005010039197190
B1747450410207N07609625WA0224502278005010041195193
B1747460410201N07609627WA0224502278005010044195189
B1747470410195N07609629WA0224602279005010043191179
B1747480410189N07609629WA0224602279005010038183181
B1747490410183N07609629WA0224602281005010034177181
B1747500410178N07609629WA0224702282005010031178182
B1747510410173N07609629WA0224802283005010034181185
B1747520410168N07609630WA0224802283005010038183186
B1747530410162N07609630WA0225002284005010042180176
B1747540410155N07609630WA0225102284005010044179180
B1747550410149N07609630WA0225202285005010042180188
B1747560410143N07609630WA0225202286005010039180183
B1747570410137N07609630WA0225302287005010039179178
B1747580410131N07609630WA0225302287005010040178182
B1747590410125N07609630WA0225402287005010044178187
B1748000410118N07609630WA0225402286005010048181191
B1748010410110N07609630WA0225402286005010049182183
B1748020410103N07609630WA0225402286005010045182184
B1748030410096N07609630WA0225402286005010042180190
B1748040410090N07609631WA0225402286005010041184192
B1748050410084N07609632WA0225402285005010041189187
B1748060410078N07609633WA0225402285005010043188175
B1748070410071N07609633WA0225402285005010043181173
B1748080410065N07609633WA0225402285005010043175176
B1748090410058N07609633WA0225402284005010042174180
B1748100410052N07609632WA0225402283005010040176183
B1748110410046N07609632WA0225302283005010044183178
B1748120410039N07609632WA0225302281005010043182171
B1748130410033N07609632WA0225202280005010041177169
B1748140410027N07609632WA0225102278005010040174172
B1748150410021N07609631WA0224902276005010041175178
B1748160410015N07609631WA0224902274005010041175190
B1748170410008N07609630WA0224602272005010042176181
B1748180410002N07609630WA0224302270005010044170169
B1748190409995N07609628WA0224002267005010045160172
B1748200409989N07609626WA0224002265005010041156182
B1748210409984N07609624WA0223602263005010037167188
B1748220409978N07609623WA0223202261005010035176190
B1748230409973N07609623WA0222902259005010039183182
B1748240409967N07609623WA0222902257005010042174176
B1748250409960N07609622WA0222602255005010044170184
B1748260409954N07609622WA0222302253005010042174189
B1748270409947N07609621WA0222102251005010041182186
B1748280409941N07609622WA0222102249005010040184185
B1748290409935N07609622WA0221802247005010041178179
B1748300409929N07609621WA0221602245005010042172184
B1748310409923N07609621WA0221402242005010042174186
B1748320409916N07609620WA0221402240005010040180184
B1748330409911N07609621WA0221202238005010038182180
B1748340409905N07609621WA0221002237005010038179177
B1748350409899N07609620WA0220902235005010038175179
B1748360409893N07609620WA0220902233005010040176186
B1748370409887N07609620WA0220602230005010040180189
B1748380409881N07609620WA0220402229005010040181186
B1748390409875N07609620WA0220202227005010039181181
B1748400409869N07609620WA0220202225005010040179184
B1748410409863N07609620WA0220002222005010042181185
B1748420409857N07609621WA0219702220005010043183187
B1748430409850N07609621WA0219502217005010045186183
B1748440409844N07609622WA0219502215005010044186181
B1748450409837N07609623WA0219202213005010041184186
B1748460409831N07609623WA0218902210005010039184188
B1748470409825N07609624WA0218702208005010039186191
B1748480409819N07609624WA0218402205005010042186186
B1748490409813N07609625WA0218402203005010045185181
B1748500409806N07609626WA0218202200005010046182188
B1748510409799N07609626WA0218002198005010044183189
B1748520409793N07609626WA0217802196005010039183186
B1748530409787N07609627WA0217802194005010036185183
B1748540409782N07609627WA0217602192005010036184178
B1748550409776N07609627WA0217402190005010040178184
B1748560409770N07609627WA0217202188005010042178190
B1748570409763N07609627WA0217202186005010042180188
B1748580409757N07609627WA0217002184005010041182183
B1748590409751N07609627WA0216802183005010041181179
B1749000409745N07609627WA0216502180005010042178178
B1749010409738N07609627WA0216502178005010043176180
B1749020409732N07609627WA0216202176005010044177181
B1749030409725N07609626WA0215902174005010042178181
B1749040409719N07609626WA0215602172005010041176170
B1749050409713N07609626WA0215602169005010041172172
B1749060409706N07609625WA0215302167005010041170183
B1749070409700N07609624WA0215102165005010042172184
B1749080409694N07609623WA0214802163005010042176188
B1749090409688N07609623WA0214802160005010042180192
B1749100409682N07609623WA0214502158005010041184192
B1749110409676N07609624WA0214302156005010039185188
B1749120409670N07609624WA0214102154005010038187189
B1749130409664N07609625WA0214102152005010041189194
B1749140409658N07609626WA0213902151005010043191190
B1749150409651N07609628WA0213702149005010043191185
B1749160409645N07609629WA0213502148005010039188187
B1749170409640N07609630WA0213502147005010036185185
B1749180409634N07609630WA0213402145005010036185181
B1749190409629N07609630WA0213302144005010035185181
B1749200409624N07609631WA0213202143005010036187182
B1749210409618N07609632WA0213202142005010039185180
B1749220409612N07609632WA0213102140005010041184184
B1749230409606N07609633WA0212902139005010041182187
B1749240409599N07609633WA0212702138005010041181187
B1749250409593N07609633WA0212702136005010039180186
B1749260409588N07609633WA0212502135005010036181190
B1749270409582N07609633WA0212202134005010035184194
B1749280409577N07609634WA0212002132005010035189187
B1749290409572N07609635WA0212002131005010035186184
B1749300409567N07609635WA0211702129005010036181188
B1749310409561N07609635WA0211502127005010036181193
B1749320409556N07609635WA0211302125005010035185194
B1749330409551N07609636WA0211302123005010032188193
B1749350409546N07609637WA0211002121005010032191187
B1749360409541N07609637WA0210802119005010033189185
B1749370409536N07609638WA0210502117005010035185180
B1749380409531N07609638WA0210202115005010036179182
B1749390409526N07609638WA0210202113005010033177190
B1749400409521N07609638WA0210002111005010031181194
B1749410409516N07609638WA0209702109005010032184191
B1749420409511N07609639WA0209402107005010036185185
B1749430409506N07609639WA0209402104005010040185192
B1749440409499N07609640WA0209202102005010042187190
B1749450409493N07609641WA0208802100005010041193203
B1749460409487N07609643WA0208502098005010039196198
B1749470409482N07609644WA0208502096005010031194197
B1749480409478N07609645WA0208302094005010029198197
B1749490409474N07609647WA0208102092005010031203199
B1749500409470N07609649WA0207802090005010035204190
B1749510409459N07609653WA0207602086005010040201205
B1749520409454N07609655WA0207602084005010037206207
B1749530409449N07609658WA0207402083005010032207199
B1749540409445N07609660WA0207202081005010032207193
B1749550409440N07609662WA0207002080005010035202193
B1749560409435N07609664WA0207002078005010040202199
B1749570409429N07609667WA0206802077005010043202202
B1749580409423N07609669WA0206602076005010043204200
B1749590409418N07609672WA0206502075005010041207201
B1750000409412N07609675WA0206502074005010040207198
B1750010409407N07609678WA0206302073005010040205198
B1750020409401N07609680WA0206102072005010040201193
B1750030409396N07609682WA0206002071005010039193193
B1750040409390N07609683WA0206002070005010041188188
B1750050409383N07609684WA0205802068005010044187199
B1750060409377N07609685WA0205602065005010045190202
B1750070409370N07609687WA0205302063005010043196212
B1750080409364N07609689WA0205302061005010038200200
B1750090409359N07609690WA0205002059005010034201194
B1750100409354N07609692WA0204702057005010034194195
B1750110409349N07609693WA0204402054005010036189197
B1750120409343N07609694WA0204402051005010040189199
B1750130409337N07609695WA0204102049005010042192200
B1750140409331N07609697WA0203802046005010043194198
B1750150409324N07609698WA0203402043005010043191198
B1750160409318N07609699WA0203102040005010042190195
B1750170409312N07609700WA0203102037005010042188196
B1750180409306N07609701WA0202702035005010042187198
B1750190409299N07609702WA0202302032005010044189204
B1750200409293N07609704WA0202102030005010045197203
B1750210409286N07609706WA0202102028005010045199200
B1750220409280N07609708WA0201802026005010045199192
B1750230409273N07609710WA0201602024005010044196195
B1750240409267N07609712WA0201402023005010043193201
B1750250409261N07609714WA0201402022005010043193199
B1750260409254N07609715WA0201302020005010043196198
B1750270409248N07609717WA0201102019005010042196196
B1750280409242N07609719WA0201002017005010043196196
B1750290409236N07609721WA0201002016005010045196198
B1750300409229N07609723WA0200802014005010044195197
B1750310409223N07609724WA0200702012005010043196201
B1750320409217N07609727WA0200502011005010042202199
B1750330409211N07609729WA0200502009005010042207195
B1750340409206N07609732WA0200302008005010042204189
B1750350409200N07609734WA0200102006005010043195188
B1750360409193N07609736WA0199902005005010044190193
B1750380409187N07609737WA0199802004005010044189199
B1750390409180N07609738WA0199802003005010043190186
B1750400409174N07609739WA0199702003005010043189190
B1750410409168N07609740WA0199602002005010043188191
B1750420409161N07609741WA0199602002005010043190185
B1750430409155N07609743WA0199602002005010043192198
B1750440409149N07609744WA0199602002005010043192185
B1750450409142N07609745WA0199602002005010044189197
B1750460409136N07609747WA0199602002005010045192211
B1750470409129N07609748WA0199602001005010047199201
B1750480409122N07609751WA0199502001005010049202185
B1750490409116N07609753WA0199502001005010048197180
B1750500409109N07609755WA0199502002005010047186188
B1750510409102N07609755WA0199502003005010044176183
B1750520409095N07609755WA0199502005005010039172184
B1750530409090N07609754WA0199502006005010037176183
B1750540409084N07609754WA0199702007005010037175190
B1750550409079N07609753WA0199702009005010040175201
B1750560409073N07609753WA0199902010005010040181215
B1750570409067N07609754WA0200102012005010040191216
B1750580409061N07609755WA0200302014005010040203225
B1750590409056N07609758WA0200302015005010039214231
B1751000409052N07609762WA0200402017005010034226239
B1751010409049N07609766WA0200602018005010030236245
B1751020409047N07609769WA0200702019005010026257251
B1751030409047N07609773WA0200702020005010026285264
B1751040409049N07609777WA0200902022005010029306284
B1751050409053N07609780WA0201002023005010033334303
B1751060409058N07609781WA0201102024005010034353333
B1751070409063N07609781WA0201102025005010035017353
B1751080409068N07609778WA0201202027005010038040021
B1751090409072N07609773WA0201302028005010040063047
B1751100409074N07609762WA0201402030005010040099072
B1751110409072N07609756WA0201402031005010039111112
B1751120409070N07609751WA0201502032005010035115120
B1751130409067N07609746WA0201602034005010034117125
B1751140409064N07609741WA0201702035005010036123125
B1751150409061N07609737WA0201902036005010040131146
B1751160409056N07609732WA0201902037005010042142158
B1751170409051N07609729WA0202002037005010044155179
B1751180409044N07609727WA0202202038005010045175188
B1751190409037N07609727WA0202202039005010046178209
B1751200409031N07609727WA0202302039005010043186213
B1751210409025N07609729WA0202402040005010037200217
B1751220409021N07609732WA0202502041005010027238231
B1751230409020N07609735WA0202502041005010026252260
B1751240409020N07609739WA0202602041005010025274272
B1751250409021N07609743WA0202702042005010026298289
B1751260409024N07609746WA0202902043005010029317306
B1751270409028N07609749WA0202902043005010030336321
B1751280409032N07609750WA0203002043005010031354336
B1751300409041N07609748WA0203202044005010028037350
B1751310409043N07609744WA0203302045005010033068025
B1751320409045N07609739WA0203302045005010034077057
B1751330409046N07609734WA0203402045005010036088068
B1751340409045N07609728WA0203502046005010039115080
B1751350409042N07609723WA0203602046005010042131116
B1751360409038N07609719WA0203602046005010042134139
B1751370409033N07609714WA0203702047005010042139142
B1751380409028N07609710WA0203802047005010040144148
B1751390409023N07609707WA0204002047005010037151154
B1751400409018N07609706WA0204002048005010031175162
B1751410409013N07609707WA0204102048005010033205190
B1751420409008N07609709WA0204202048005010034209220
B1751430409004N07609712WA0204302048005010027239224
B1751440409001N07609716WA0204302048005010025259254
B1751450409000N07609720WA0204402048005010023273271
B1751460409000N07609724WA0204502048005010022294283
B1751470409002N07609728WA0204602048005010025311299
B1751480409004N07609731WA0204602048005010026323312
B1751490409007N07609733WA0204702048005010024338321
B1751500409011N07609735WA0204802048005010023344332
B1751510409014N07609736WA0204902048005010023353336
B1751520409018N07609736WA0204902048005010025013343
B1751530409023N07609735WA0204902048005010030043000
B1751540409026N07609731WA0205002047005010032052029
B1751550409029N07609727WA0205102047005010034076039
B1751560409030N07609722WA0205102048005010035084068
B1751570409031N07609716WA0205102048005010037090076
B1751580409030N07609711WA0205102048005010036100086
B1751590409029N07609705WA0205202048005010036103098
B1752000409028N07609700WA0205202048005010036108101
B1752010409026N07609695WA0205202048005010034115107
B1752020409023N07609690WA0205302048005010034127115
B1752030409019N07609687WA0205302048005010033176129
B1752040409014N07609688WA0205302048005010031198189
B1752050409010N07609689WA0205302048005010029215213
B1752060409007N07609692WA0205302049005010029224235
B1752070409004N07609695WA0205402048005010029226249
B1752080409001N07609699WA0205402048005010031242249
B1752090408999N07609704WA0205502048005010031244264
B1752100408993N07609708WA0205602048005010026250268
B1752110408990N07609712WA0205702048005010025252276
B1752120408987N07609716WA0205702048005010025259277
B1752130408986N07609720WA0205802048005010024265284
B1752140408986N07609725WA0205902049005010027271291
B1752150408985N07609729WA0206002049005010027271288
B1752160408985N07609733WA0206002050005010026270292
B1752170408985N07609738WA0206002050005010026271295
B1752180408985N07609742WA0206102051005010027273298
B1752190408985N07609746WA0206202052005010027275298
B1752200408985N07609750WA0206202053005010027279310
B1752210408986N07609754WA0206202053005010030287317
B1752220408988N07609758WA0206302054005010029303324
B1752230408990N07609761WA0206402054005010026322329
B1752240408994N07609763WA0206402055005010024337338
B1752250408997N07609765WA0206402055005010025352347
B1752260409001N07609765WA0206502056005010026004355
B1752270409005N07609764WA0206502056005010025018004
B1752280409008N07609763WA0206502057005010026034013
B1752290409011N07609760WA0206502057005010030051026
B1752300409013N07609756WA0206502057005010035069045
B1752310409015N07609751WA0206602058005010038082068
B1752320409015N07609746WA0206602059005010037095086
B1752330409014N07609740WA0206602061005010036105103
B1752340409012N07609735WA0206702063005010037116116
B1752350409009N07609731WA0206702064005010038129128
B1752360409005N07609727WA0206702065005010041144145
B1752370408999N07609724WA0206802065005010041161157
B1752380408994N07609723WA0207002066005010039169177
B1752390408988N07609722WA0207102067005010035191186
B1752400408983N07609723WA0207102067005010035195208
B1752410408979N07609726WA0207202068005010030228212
B1752420408976N07609729WA0207202069005010031239248
B1752430408974N07609734WA0207202069005010032246261
B1752440408972N07609738WA0207202069005010029256264
B1752450408971N07609743WA0207202069005010028270276
B1752460408972N07609747WA0207202069005010032283289
B1752470408973N07609752WA0207202069005010033286297
B1752480408974N07609757WA0207202069005010033289302
B1752490408976N07609762WA0207202069005010033291302
B1752500408978N07609767WA0207102070005010030291305
B1752510408979N07609772WA0207102070005010027286303
B1752520408981N07609776WA0207102071005010027288302
B1752530408982N07609780WA0207202071005010029295306
B1752540408984N07609784WA0207202072005010032300316
B1752550408987N07609788WA0207202072005010030304323
B1752560408990N07609791WA0207202072005010026312333
B1752570408993N07609794WA0207202073005010024324345
B1752580408996N07609796WA0207202073005010025338346
B1752590409000N07609797WA0207102073005010028352358
B1753000409004N07609797WA0207102073005010032005005
B1753010409009N07609796WA0207102073005010034008355
B1753020409014N07609795WA0207102074005010030008357
B1753030409018N07609795WA0207002075005010027004000
B1753040409022N07609795WA0207002076005010026002005
B1753050409026N07609795WA0207002077005010026005006
B1753060409030N07609794WA0207102078005010026007001
B1753070409034N07609794WA0207102079005010028007355
B1753080409039N07609793WA0207102079005010031005355
B1753090409044N07609793WA0207102080005010032006008
B1753100409048N07609792WA0207102081005010031011013
B1753110409053N07609791WA0207102082005010029015014
B1753120409057N07609790WA0207102083005010028018015
B1753130409061N07609788WA0207102083005010029023019
B1753140409065N07609786WA0207102084005010030028024
B1753150409069N07609784WA0207202085005010030033014
B1753160409073N07609781WA0207202086005010030035013
B1753170409076N07609779WA0207302087005010028029007
B1753180409080N07609777WA0207402088005010027018356
B1753190409084N07609776WA0207502090005010027015347
B1753200409088N07609775WA0207502091005010025012000
B1753210409091N07609774WA0207602092005010025010005
B1753220409095N07609774WA0207802093005010024011008
B1753230409098N07609774WA0207902094005010021004012
B1753240409101N07609773WA0207902096005010018008013
B1753250409104N07609773WA0208202097005010019010015
B1753260409107N07609773WA0208502098005010021012018
B1753270409110N07609772WA0208802100005010022013015
B1753280409113N07609772WA0208802101005010023014014
B1753290409116N07609771WA0209102102005010023020027
B1753300409119N07609769WA0209302104005010023028034
B1753310409122N07609768WA0209502105005010024036030
B1753320409125N07609766WA0209502107005010021036013
B1753330409128N07609764WA0209702108005010019027005
B1753340409130N07609763WA0209902109005010017011005
B1753350409133N07609763WA0210102111005010018014020
B1753360409135N07609762WA0210102112005010020024033
B1753370409138N07609760WA0210302114005010023037046
B1753380409141N07609758WA0210502115005010024046060
B1753390409143N07609755WA0210802117005010024052069
B1753400409145N07609752WA0210802118005010023065079
B1753410409146N07609749WA0211102119005010025082086
B1753420409146N07609744WA0211402121005010029099094
B1753430409143N07609740WA0211702123005010035143105
B1753440409138N07609736WA0211702124005010038144144
B1753450409134N07609732WA0212102126005010042143150
B1753460409128N07609728WA0212402128005010043144155
B1753470409123N07609724WA0212802130005010042150174
B1753480409117N07609721WA0212802132005010038163177
B1753490409111N07609720WA0213102134005010038182181
B1753500409105N07609721WA0213402136005010041193203
B1753510409099N07609722WA0213702137005010042202214
B1753520409093N07609725WA0213702139005010042207225
B1753530409087N07609728WA0213902140005010041211229
B1753540409082N07609732WA0214102142005010039221232
B1753550409077N07609736WA0214302143005010036233239
B1753560409073N07609741WA0214302145005010038249251
B1753570409070N07609747WA0214402147005010036259265
B1753580409069N07609752WA0214602149005010035262273
B1753590409068N07609757WA0214802151005010034276277
B1754000409069N07609762WA0214802152005010032289288
B1754010409071N07609766WA0215002154005010029306299
B1754020409075N07609768WA0215202155005010029008313
B1754030409079N07609767WA0215402156005010028008003
B1754040409083N07609767WA0215402157005010027008003
B1754050409086N07609764WA0215502159005010032069003
B1754060409087N07609759WA0215702160005010032076060
B1754070409088N07609754WA0215902162005010033087068
B1754080409088N07609749WA0215902164005010035092080
B1754090409087N07609743WA0216102165005010040119086
B1754100409083N07609737WA0216402167005010047129116
B1754110409078N07609732WA0216702168005010046141127
B1754120409073N07609727WA0216702169005010045143141
B1754130409067N07609723WA0217002170005010043173143
B1754140409061N07609723WA0217302171005010045188179
B1754150409054N07609724WA0217602173005010045201195
B1754160409048N07609727WA0217602174005010045204209
B1754170409042N07609730WA0217902175005010045209213
B1754180409035N07609733WA0218202176005010039220217
B1754190409028N07609738WA0218502177005010034249230
B1754200409025N07609743WA0218502178010019031265260
B1754210409024N07609747WA0218802180010019030281275
B1754220409025N07609752WA0219002181010019030285289
B1754230409026N07609756WA0219202182005010029297293
B1754240409028N07609760WA0219202183005010026306303
B1754250409031N07609763WA0219402184010019024315311
B1754260409033N07609765WA0219502185010019021326319
B1754270409037N07609766WA0219602186010019018004328
B1754280409040N07609764WA0219602187010019019029000
B1754290409042N07609763WA0219702188010019020029020
B1754300409045N07609761WA0219802190010019023049024
B1754310409047N07609758WA0220002191010019024054042
B1754320409049N07609755WA0220002192010019023056038
B1754330409051N07609752WA0220302193010019022054043
B1754340409053N07609749WA0220502195010019020053053
B1754350409054N07609746WA0220802197010019020058060
B1754360409056N07609743WA0220802198005010022072060
B1754370409056N07609740WA0221102199005010026089081
B1754380409056N07609736WA0221302200005010033100088
B1754390409054N07609730WA0221502202005010040126104
B1754400409051N07609725WA0221502203005010040136132
B1754410409046N07609721WA0221702204005010042143150
B1754420409041N07609717WA0221802205005010044149162
B1754430409036N07609713WA0221902205005010043155163
B1754440409029N07609711WA0221902205005010042175173
B1754450409023N07609710WA0221902206005010045187193
B1754460409017N07609711WA0221902206005010045193208
B1754470409010N07609712WA0221902207005010044203216
B1754480409004N07609715WA0221902207005010044216226
B1754490408998N07609719WA0221802207005010046221240
B1754500408993N07609725WA0221602206005010055240247
B1754510408988N07609732WA0221402207005010057242238
B1754520408984N07609740WA0221402207005010051240243
B1754530408979N07609745WA0221402207005010040212247
B1754540408974N07609748WA0221402208005010033203249
B1754550408970N07609750WA0221602208005010027210250
B1754560408966N07609752WA0221602209005010027225256
B1754570408963N07609755WA0221802209005010027231261
B1754580408961N07609758WA0222102209005010025244265
B1754590408960N07609762WA0222302208005010027260276
B1755000408960N07609766WA0222302209005010026265282
B1755010408959N07609770WA0222302209005010023265287
B1755020408959N07609774WA0222302209005010023268298
B1755030408960N07609778WA0222202209005010025278305
B1755040408961N07609781WA0222202209005010027293308
B1755050408963N07609785WA0222202209005010029301315
B1755060408965N07609789WA0222002210005010028302321
B1755070408968N07609793WA0221902210005010026305323
B1755080408970N07609797WA0221902211005010025311342
B1755090408973N07609799WA0221802211005010025320341
B1755100408976N07609802WA0221602211005010026335339
B1755110408980N07609803WA0221502210005010027346343
B1755120408984N07609804WA0221502210005010028346339
B1755130408988N07609805WA0221302210005010027342337
B1755140408992N07609807WA0221202210005010027339344
B1755150408996N07609808WA0221102210005010026341358
B1755160409000N07609809WA0221102210005010026352007
B1755170409004N07609809WA0221002209005010028004019
B1755180409009N07609809WA0220902209005010030018021
B1755190409013N07609807WA0220802209005010034031031
B1755200409018N07609804WA0220802210005010033036036
B1755210409022N07609801WA0220702211005010034044045
B1755220409025N07609797WA0220702211005010035052060
B1755230409028N07609792WA0220702212005010036060057
B1755240409031N07609787WA0220702213005010037069061
B1755250409032N07609782WA0220702214005010039073065
B1755260409034N07609777WA0220702216005010039076066
B1755270409036N07609771WA0220802218005010038079078
B1755280409037N07609765WA0220802220005010035084099
B1755290409037N07609760WA0221002222005010035096112
B1755300409035N07609755WA0221102223005010040116114
B1755310409032N07609750WA0221302225005010045131129
B1755320409027N07609745WA0221302226005010046135142
B1755330409022N07609740WA0221502228005010044142148
B1755340409017N07609737WA0221702229005010040162157
B1755350409011N07609736WA0221902230005010038183176
B1755360409005N07609737WA0221902231005010041202199
B1755370409000N07609740WA0222102232005010042212220
B1755380408995N07609744WA0222202232005010041221231
B1755390408991N07609748WA0222302233005010036235240
B1755400408987N07609753WA0222302233005010033252255
B1755410408986N07609758WA0222402234005010032272270
B1755420408987N07609763WA0222502234005010030291292
B1755430408989N07609766WA0222502235005010030309311
B1755440408992N07609770WA0222502236005010030324325
B1755450408995N07609772WA0222502236010019025341338
B1755460408999N07609773WA0222602237005010023349351
B1755470409002N07609773WA0222602237005010021356352
B1755480409005N07609773WA0222602238005010021006008
B1755490409008N07609773WA0222802239005010024018021
B1755500409012N07609772WA0223002240010019027024031
B1755510409015N07609769WA0223102240005010033046041
B1755520409018N07609765WA0223102241005010036063057
B1755530409020N07609760WA0223302242005010036076066
B1755540409022N07609755WA0223402243005010037082075
B1755550409022N07609750WA0223602244005010037094080
B1755560409021N07609744WA0223602246005010041122092
B1755570409017N07609739WA0223702246005010042132122
B1755580409013N07609735WA0223802247005010042143132
B1755590409007N07609732WA0223802248005010043159146
B1756000409001N07609730WA0223802248005010046171163
B1756010408994N07609729WA0223902248005010045180183
B1756020408987N07609730WA0223902248005010046191196
B1756030408980N07609731WA0223902249005010045194207
B1756040408974N07609733WA0223902249005010040197209
B1756050408968N07609735WA0223902249005010037201208
B1756060408962N07609737WA0223902250005010039205209
B1756070408956N07609740WA0223902250005010046207204
B1756080408949N07609744WA0223902250005010051207206
B1756090408942N07609747WA0223902250005010050204199
B1756100408935N07609750WA0223802251005010044199194
B1756110408929N07609752WA0223802251005010039196195
B1756120408923N07609754WA0223802251005010038196194
B1756130408918N07609756WA0223702252005010040198195
B1756140408911N07609758WA0223602252005010046198188
B1756150408905N07609760WA0223502251005010051196179
B1756160408897N07609762WA0223402251005010049189179
B1756170408890N07609763WA0223402251005010047186180
B1756180408883N07609764WA0223302251005010044185195
B1756190408877N07609765WA0223202251005010041188195
B1756200408871N07609766WA0223102251005010042190184
B1756210408864N07609767WA0223102251005010044190187
B1756220408857N07609768WA0223002250005010046188180
B1756230408850N07609769WA0222902249005010046188192
B1756240408844N07609770WA0222702247005010046191194
B1756250408837N07609772WA0222702246005010047193186
B1756260408830N07609774WA0222602244005010050193189
B1756270408822N07609775WA0222402243005010050193194
B1756280408815N07609777WA0222202242005010048195198
B1756290408809N07609779WA0222202241005010043198193
B1756300408803N07609781WA0222102240005010041197190
B1756310408797N07609783WA0222002240005010041196189
B1756320408790N07609785WA0221902239005010044192191
B1756330408784N07609786WA0221902238005010046193203
B1756340408777N07609788WA0221802237005010046196194
B1756350408771N07609790WA0221702236005010045201203
B1756360408765N07609792WA0221602236005010043204190
B1756370408759N07609795WA0221602235005010039202194
B1756380408754N07609797WA0221502235005010036200194
B1756390408749N07609799WA0221402235005010036200200
B1756400408743N07609800WA0221302234005010038196199
B1756410408738N07609802WA0221302233005010041198183
B1756420408731N07609804WA0221202232005010043195196
B1756430408725N07609806WA0221102231005010043195194
B1756440408719N07609807WA0220902229005010044198196
B1756450408712N07609810WA0220902228005010044201194
B1756460408706N07609812WA0220602226005010043202196
B1756470408700N07609814WA0220402225005010040203195
B1756480408695N07609817WA0220202224005010039203197
B1756490408690N07609819WA0220202222005010039204195
B1756500408684N07609822WA0220002220005010040203192
B1756510408678N07609824WA0219902218005010041203191
B1756520408673N07609826WA0219702216005010041202200
B1756530408667N07609829WA0219702215005010041202194
B1756540408661N07609831WA0219502213005010039202183
B1756550408656N07609833WA0219202211005010039197186
B1756560408650N07609834WA0219002209005010040193195
B1756570408644N07609836WA0219002207005010040194198
B1756580408638N07609837WA0218802205005010038199196
B1756590408633N07609840WA0218602203005010038203194
B1757000408628N07609842WA0218402201005010040203195
B1757010408622N07609844WA0218402199005010046201200
B1757020408615N07609847WA0218102197005010049201193
B1757030408608N07609849WA0217902195005010044201192
B1757040408603N07609852WA0217702194005010041203190
B1757050408597N07609854WA0217702193005010039205193
B1757060408592N07609857WA0217502191005010041206193
B1757070408586N07609860WA0217402190005010044206190
B1757080408580N07609863WA0217202189005010046204183
B1757090408573N07609866WA0217202188005010047202191
B1757100408567N07609868WA0217102187005010046203207
B1757110408561N07609871WA0217002186005010045207211
B1757120408555N07609875WA0216902185005010044213201
B1757130408549N07609878WA0216902184005010044215202
B1757140408544N07609882WA0216702183005010044211200
B1757150408538N07609885WA0216602182005010045206200
B1757160408532N07609888WA0216502181005010044201200
B1757170408526N07609890WA0216502181005010041200202
B1757180408520N07609893WA0216402181005010041204208
B1757190408515N07609895WA0216302180005010041210205
B1757200408509N07609899WA0216202180005010042212197
B1757210408504N07609902WA0216202180005010042208196
B1757220408498N07609905WA0216202180005010042203208
B1757230408493N07609907WA0216202180005010041202205
B1757240408487N07609909WA0216302180005010040205200
B1757250408482N07609912WA0216302180005010039206192
B1757260408476N07609915WA0216302180005010041206198
B1757270408471N07609917WA0216302179005010042203203
B1757280408465N07609920WA0216302179005010043202202
B1757290408459N07609922WA0216302179005010044204200
B1757300408453N07609925WA0216202178005010045206195
B1757310408446N07609928WA0216102178005010045206199
B1757320408440N07609932WA0216002177005010045208213
B1757330408435N07609935WA0216002177005010045213212
B1757340408429N07609939WA0215902177005010045216209
B1757350408423N07609943WA0215902177005010045217204
B1757360408418N07609947WA0215802177005010043213199
B1757370408413N07609950WA0215802177005010039211206
B1757380408408N07609954WA0215802177005010035215216
B1757390408404N07609957WA0215802176005010035222208
B1757400408400N07609960WA0215802175005010036220214
B1757410408395N07609964WA0215802174005010048206183
B1757420408388N07609966WA0215602172005010055187189
B1757430408380N07609966WA0215402170005010057181194
B1757440408372N07609965WA0215102168005010052160203
B1757450408364N07609963WA0215102167005010051162185
B1757460408357N07609961WA0214902166005010045169182
B1757470408351N07609959WA0214802165005010041163179
B1757480408346N07609957WA0214702164005010039159184
B1757490408340N07609955WA0214702163005010041159176
B1757500408335N07609955WA0214602161005010042185175
B1757510408329N07609957WA0214602158005010044185193
B1757520408323N07609958WA0214402156005010041187200
B1757530408318N07609960WA0214402154005010036190201
B1757540408313N07609961WA0214102153005010036198200
B1757550408308N07609964WA0213902150005010037198199
B1757560408303N07609966WA0213602148005010046199204
B1757570408297N07609969WA0213602146005010049201203
B1757580408290N07609972WA0213302144005010046203205
B1757590408285N07609975WA0213102143005010037202204
B1758000408280N07609977WA0213002142005010035203206
B1758010408276N07609980WA0213002141005010032208207
B1758020408272N07609982WA0212802139005010033208208
B1758030408267N07609985WA0212602137005010041208204
B1758040408262N07609989WA0212502136005010043207207
B1758050408256N07609992WA0212502134005010043204210
B1758060408251N07609994WA0212302133005010038204210
B1758070408246N07609997WA0212002131005010036207205
B1758080408241N07610000WA0211802129005010037208198
B1758090408236N07610002WA0211802127005010038204197
B1758100408231N07610005WA0211502125005010041200204
B1758110408225N07610007WA0211202123005010042201207
B1758120408219N07610009WA0211002121005010040204202
B1758130408214N07610012WA0211002119005010038205198
B1758140408209N07610014WA0210802117005010038203199
B1758150408203N07610017WA0210502115005010039201205
B1758160408198N07610019WA0210202113005010040201209
B1758170408192N07610021WA0210202111005010039202211
B1758180408187N07610024WA0210002110005010038202198
B1758190408182N07610026WA0209702108005010039199196
B1758200408176N07610028WA0209502106005010039196195
B1758210408170N07610029WA0209502104005010041193192
B1758220408164N07610031WA0209202102005010041192201
B1758230408158N07610032WA0209002100005010041194204
B1758240408152N07610034WA0208802098005010041198201
B1758250408146N07610036WA0208802096005010043203193
B1758260408140N07610039WA0208602094005010044201186
B1758270408134N07610041WA0208402092005010045194184
B1758280408127N07610042WA0208202091005010045187197
B1758290408121N07610043WA0208202089005010042188199
B1758300408115N07610044WA0208002088005010039195200
B1758310408109N07610046WA0207802087005010038201189
B1758320408104N07610048WA0207702086005010039198192
B1758330408098N07610049WA0207702085005010042190195
B1758340408092N07610050WA0207502084005010045186198
B1758350408085N07610051WA0207402083005010044187199
B1758360408079N07610052WA0207202082005010039190195
B1758370408073N07610053WA0207202081005010038192187
B1758380408068N07610054WA0207002080005010035191189
B1758390408062N07610055WA0206802078005010038187195
B1758400408056N07610056WA0206702077005010042189199
B1758410408050N07610057WA0206702075005010043193198
B1758420408044N07610059WA0206502073005010042197192
B1758430408038N07610061WA0206302072005010039195195
B1758440408033N07610062WA0206102070005010038194195
B1758450408027N07610064WA0206102068005010038191195
B1758460408021N07610065WA0205902066005010039193188
B1758470408015N07610066WA0205702064005010041195189
B1758480408010N07610068WA0205502062005010041194193
B1758490408004N07610070WA0205502061005010039195195
B1758500407998N07610071WA0205302059005010037197193
B1758510407993N07610073WA0205102057005010037199189
B1758520407988N07610075WA0204802055005010038197194
B1758540407982N07610076WA0204702054005010039196203
B1758550407971N07610080WA0204502050005010039203205
B1758560407966N07610083WA0204502049005010037208204
B1758570407961N07610085WA0204302047005010036209202
B1758580407956N07610088WA0204102045005010036207199
B1758590407951N07610090WA0203902043005010037203196
B1759000407946N07610093WA0203902041005010039201195
B1759010407941N07610095WA0203702040005010040200197
B1759020407935N07610097WA0203502038005010040198193
B1759030407929N07610099WA0203202036005010039197193
B1759040407924N07610100WA0203202035005010038196194
B1759050407918N07610102WA0203002033005010037194191
B1759060407913N07610103WA0202802032005010038194191
B1759070407907N07610104WA0202602030005010040194190
B1759080407901N07610106WA0202602029005010043192190
B1759090407895N07610107WA0202402027005010044188194
B1759100407888N07610108WA0202202025005010042186194
B1759110407882N07610109WA0201902024005010041187194
B1759120407876N07610109WA0201702023005010039189195
B1759130407870N07610110WA0201702021005010039190195
B1759140407864N07610112WA0201602020005010041191196
B1759150407858N07610113WA0201402019005010042192207
B1759160407852N07610114WA0201202017005010042195208
B1759170407846N07610116WA0201202016005010039201206
B1759180407841N07610119WA0201102014005010036205201
B1759190407836N07610121WA0200902013005010036204201
B1759200407831N07610123WA0200802011005010040203201
B1759210407825N07610126WA0200802010005010043200198
B1759230407819N07610128WA0200602008005010045197193
B1759240407813N07610129WA0200402006005010044192191
B1759250407806N07610131WA0200202005005010041187196
B1759260407800N07610131WA0200002004005010039185201
B1759270407795N07610132WA0200002002005010037188205
B1759280407789N07610133WA0199802001005010036192201
B1759290407784N07610134WA0199602000005010039196201
B1759300407778N07610136WA0199401998005010043196195
B1759310407772N07610138WA0199401997005010044191200
B1759320407765N07610139WA0199201995005010042188203
B1759330407759N07610140WA0199001994005010040190203
B1759340407753N07610141WA0198701992005010040194197
B1759350407747N07610143WA0198701990005010041196195
B1759360407742N07610144WA0198401988005010041196204
B1759370407736N07610146WA0198101985005010041196215
B1759380407730N07610148WA0197901984005010040202205
B1759390407724N07610150WA0197901981005010040206197
B1759400407719N07610153WA0197601979005010041203198
B1759410407713N07610155WA0197401977005010042196202
B1759420407707N07610157WA0197101975005010043193209
B1759430407701N07610158WA0197101973005010043195209
B1759440407695N07610160WA0196901971005010041203202
B1759450407689N07610163WA0196701969005010039205195
B1759460407684N07610165WA0196501967005010038203197
B1759470407678N07610168WA0196501964005010040201203
B1759480407673N07610170WA0196301962005010042203200
B1759490407667N07610173WA0196001960005010045208198
B1759500407661N07610176WA0195801958005010045207198
B1759510407655N07610179WA0195801956005010045204202
B1759520407649N07610182WA0195601954005010044200204
B1759530407637N07610186WA0195301950005010041204205
B1759540407631N07610189WA0195101948005010040205205
B1759550407626N07610191WA0194801947005010040201203
B1759560407621N07610193WA0194801945005010039200205
B1759570407615N07610195WA0194601944005010038200201
B1759580407610N07610197WA0194501942005010039200192
B1759590407604N07610199WA0194301940005010041194186
B1800000407598N07610200WA0194301938005010043189190
B1800010407592N07610201WA0194101937005010041189199
B1800020407586N07610202WA0193901936005010038193199
B1800030407580N07610204WA0193701934005010036197194
B1800040407575N07610206WA0193701933005010036196184
B1800050407570N07610207WA0193501931005010038191183
B1800060407564N07610208WA0193301929005010042188179
B1800070407557N07610209WA0193101928005010044186192
B1800080407551N07610210WA0193101926005010044188201
B1800090407545N07610211WA0192901924005010042195203
B1800100407539N07610213WA0192601923005010041201196
B1800110407533N07610215WA0192401921005010041200191
B1800120407527N07610217WA0192401919005010042195196
B1800130407521N07610219WA0192201917005010044193211
B1800140407514N07610221WA0192001915005010044196215
B1800150407508N07610223WA0191701914005010042204209
B1800160407503N07610225WA0191701912005010040206201
B1800170407497N07610228WA0191501910005010039201204
B1800180407492N07610230WA0191401909005010040198205
B1800190407486N07610232WA0191101907005010041198206
B1800200407480N07610234WA0191101905005010041200201
B1800210407474N07610236WA0190901903005010042197194
B1800220407468N07610237WA0190701901005010041194192
B1800230407462N07610239WA0190401900005010040193201
B1800240407456N07610240WA0190401898005010040196194
B1800250407451N07610242WA0190101896005010040198197
B1800260407445N07610244WA0189901893005010041197193
B1800270407439N07610246WA0189601891005010043195195
B1800280407433N07610247WA0189601889005010044193189
B1800290407426N07610249WA0189401887005010042189188
B1800300407420N07610250WA0189101885005010039187190
B1800310407414N07610250WA0188801884005010037187182
B1800320407409N07610251WA0188601883005010037185177
B1800330407403N07610251WA0188601881005010039179173
B1800340407397N07610251WA0188501880005010042176179
B1800350407391N07610251WA0188301878005010042177178
B1800360407384N07610250WA0188101876005010041179167
B1800370407378N07610250WA0188101874005010041177157
B1800380407372N07610250WA0187901873005010041172161
B1800390407366N07610248WA0187701871005010042165161
B1800400407360N07610247WA0187401869005010042161168
B1800410407354N07610245WA0187401867005010041161169
B1800420407348N07610243WA0187201865005010041163173
B1800430407342N07610241WA0187001863005010041166175
B1800440407336N07610240WA0186801861005010042168183
B1800450407330N07610239WA0186801859005010043171178
B1800460407323N07610238WA0186501857005010045173179
B1800470407316N07610237WA0186301856005010044175185
B1800480407310N07610237WA0186001854005010042178189
B1800490407304N07610237WA0186001852005010041181193
B1800500407297N07610237WA0185801850005010042186198
B1800510407291N07610238WA0185601848005010044190205
B1800520407284N07610239WA0185301846005010044193201
B1800530407278N07610241WA0185301844005010044195200
B1800540407272N07610243WA0185101842005010041195204
B1800550407266N07610245WA0184801840005010040195200
B1800560407260N07610246WA0184601838005010040193202
B1800570407254N07610248WA0184601836005010040194211
B1800580407249N07610249WA0184401834005010040195209
B1800590407243N07610251WA0184201833005010038198205
B1801000407238N07610253WA0184001831005010037198207
B1801010407232N07610254WA0184001829005010037200208
B1801020407227N07610256WA0183801827005010037200210
B1801030407222N07610259WA0183601825005010038204217
B1801040407217N07610261WA0183301823005010039209205
B1801060407212N07610264WA0183101820005010041208207
B1801070407206N07610267WA0183101818005010041206216
B1801080407201N07610270WA0182701816005010039208219
B1801090407196N07610273WA0182401814005010039213211
B1801100407191N07610276WA0182101812005010039214210
B1801110407186N07610279WA0182101809005010039212212
B1801120407181N07610282WA0181801807005010038210211
B1801130407177N07610285WA0181501805005010034209210
B1801140407172N07610287WA0181301804005010033211211
B1801150407168N07610290WA0181301802005010034212211
B1801160407164N07610293WA0181101800005010036213205
B1801170407159N07610296WA0180901798005010039211204
B1801180407154N07610299WA0180701797005010038207208
B1801190407149N07610301WA0180701795005010036205206
B1801200407144N07610304WA0180601794005010033208200
B1801210407140N07610306WA0180401793005010031209196
B1801220407136N07610308WA0180201792005010033206197
B1801230407131N07610310WA0180201790005010037200200
B1801240407120N07610313WA0180001788005010037193201
B1801250407115N07610315WA0179801787005010034196201
B1801260407110N07610316WA0179501786005010032200199
B1801270407105N07610318WA0179501785005010032200194
B1801280407101N07610320WA0179301783005010034196192
B1801290407095N07610321WA0179101782005010037191190
B1801300407090N07610322WA0178901781005010038190197
B1801310407084N07610323WA0178901780005010036192196
B1801320407079N07610324WA0178801779005010033195191
B1801330407074N07610326WA0178601777005010031192181
B1801340407069N07610326WA0178401776005010033186183
B1801350407064N07610327WA0178201774005010036182187
B1801360407058N07610327WA0178201772005010039184190
B1801370407053N07610328WA0178001770005010039186189
B1801380407047N07610328WA0177801768005010037185186
B1801390407042N07610329WA0177601766005010035181189
B1801400407036N07610329WA0177601765005010035177189
B1801410407031N07610329WA0177301763005010035178197
B1801420407026N07610329WA0177101761005010035181198
B1801430407020N07610329WA0176901760005010035183193
B1801440407015N07610329WA0176901758005010035181188
B1801450407010N07610329WA0176801756005010037179185
B1801460407004N07610329WA0176601754005010038180186
B1801470406998N07610329WA0176301752005010038180185
B1801480406993N07610329WA0176301751005010036181182
B1801490406987N07610329WA0176001749005010034179182
B1801500406982N07610329WA0175801747005010034179187
B1801510406977N07610329WA0175501744005010035182194
B1801520406972N07610330WA0175501742005010038186192
B1801530406966N07610330WA0175201739005010039185187
B1801540406960N07610331WA0174901737005010039181175
B1801550406954N07610331WA0174601734005010037176182
B1801560406949N07610330WA0174601732005010036176184
B1801570406943N07610330WA0174301729005010036180184
B1801580406938N07610330WA0174001727005010037181179
B1802000406932N07610330WA0173801725005010039180175
B1802010406926N07610330WA0173501722005010039177181
B1802020406920N07610330WA0173501720005010038174176
B1802030406915N07610329WA0173201718005010036173176
B1802040406909N07610329WA0173001716005010035173177
B1802050406904N07610328WA0172701713005010036174173
B1802060406898N07610328WA0172701711005010039173173
B1802070406893N07610327WA0172401709005010039173164
B1802080406887N07610326WA0172201707005010038168161
B1802090406881N07610325WA0171901705005010036163167
B1802100406876N07610323WA0171901703005010034161171
B1802110406871N07610322WA0171701701005010033165167
B1802120406866N07610320WA0171401699005010034169158
B1802130406861N07610319WA0171201697005010036165155
B1802140406856N07610318WA0171001695005010039160160
B1802150406850N07610315WA0171001694005010039156164
B1802160406845N07610313WA0170801692005010037157160
B1802170406840N07610311WA0170601691005010036160154
B1802180406835N07610309WA0170401690005010036160153
B1802190406830N07610307WA0170401689005010037157161
B1802200406824N07610305WA0170301687005010039157164
B1802210406819N07610303WA0170101686005010039160165
B1802220406813N07610301WA0170001685005010039163160
B1802230406808N07610300WA0170001684005010038164162
B1802240406802N07610298WA0169901684005010036163165
B1802250406797N07610297WA0169801684005010035165165
B1802260406792N07610296WA0169701683005010034168161
B1802270406787N07610295WA0169701683005010035170155
B1802280406782N07610294WA0169701683005010039167135
B1802290406776N07610292WA0169601682005010040164146
B1802300406770N07610290WA0169601682005010039157148
B1802310406765N07610288WA0169601682005010036154150
B1802320406760N07610286WA0169601682005010034157157
B1802330406756N07610284WA0169601682005010036162150
B1802340406750N07610282WA0169601683005010038160141
B1802350406745N07610280WA0169601683005010040151126
B1802360406740N07610277WA0169701684005010041140122
B1802370406736N07610273WA0169901686005010039131105
B1802380406732N07610268WA0170101687005010037123096
B1802390406730N07610263WA0170101689005010038113084
B1802400406728N07610258WA0170301690005010039100080
B1802410406728N07610252WA0170501692005010035085072
B1802420406730N07610248WA0170801694005010028073058
B1802430406731N07610244WA0170801696005010024066041
B1802440406733N07610241WA0171001698005010023058028
B1802450406735N07610239WA0171201699005010024044018
B1802460406739N07610236WA0171401701005010029028008
B1802470406743N07610236WA0171401702005010033000359
B1802480406748N07610237WA0171501704005010034330341
B1802490406752N07610240WA0171501705005010030314323
B1802500406754N07610244WA0171601707005010030283314
B1802510406754N07610249WA0171601708005010031266291
B1802520406753N07610254WA0171601710005010034256271
B1802530406752N07610259WA0171601712005010033257257
B1802540406750N07610263WA0171701713005010031251257
B1802550406748N07610268WA0171701715005010029241247
B1802560406746N07610271WA0171901716005010032229244
B1802570406742N07610275WA0172101717005010034221230
B1802580406733N07610279WA0172201720005010033189221
B1802590406728N07610279WA0172201721005010032171184
B1803000406723N07610278WA0172401722005010035158165
B1803010406718N07610275WA0172601722005010040145142
B1803020406713N07610271WA0172701723005010044136126
B1803030406709N07610266WA0172701723005010043116115
B1803040406707N07610260WA0172701724005010040100100
B1803050406707N07610254WA0172701725005010034083088
B1803060406708N07610249WA0172701725005010035073064
B1803070406710N07610244WA0172701726005010034062053
B1803080406713N07610240WA0172701726005010033045043
B1803090406717N07610237WA0172801727005010031028029
B1803100406721N07610236WA0172901727005010031011016
B1803110406726N07610235WA0172901728005010031000357
B1803120406731N07610236WA0172901728005010030345347
B1803130406735N07610238WA0173001729005010029325335
B1803140406738N07610241WA0173101730005010029302318
B1803150406739N07610245WA0173201730005010031280296
B1803160406740N07610250WA0173201731005010030265278
B1803170406739N07610254WA0173301732005010027255262
B1803180406738N07610257WA0173501734005010022253248
B1803190406737N07610260WA0173701735005010022239253
B1803200406734N07610263WA0173701736005010024229234
B1803210406731N07610265WA0173901737005010032208227
B1803220406726N07610267WA0174001739005010037197204
B1803230406720N07610268WA0174101739005010039186194
B1803240406714N07610268WA0174101740005010038172171
B1803250406709N07610267WA0174101740005010036159162
B1803260406704N07610264WA0174101741005010038145152
B1803270406699N07610261WA0174101741005010039138125
B1803280406696N07610257WA0174101741005010036121119
B1803290406694N07610252WA0174001742005010035103109
B1803300406693N07610246WA0174001742005010037093086
B1803310406693N07610240WA0174001742005010039085071
B1803320406694N07610235WA0174001741005010039075060
B1803330406696N07610229WA0173901741005010038057053
B1803340406700N07610225WA0173901741005010039035036
B1803350406705N07610223WA0173901740005010039013017
B1803360406711N07610222WA0173901740005010037356358
B1803370406716N07610223WA0173901740005010036337343
B1803380406721N07610227WA0173801739005010038317327
B1803390406725N07610231WA0173801739005010039302311
B1803400406728N07610236WA0173801739005010039286299
B1803410406728N07610242WA0173801739005010037270278
B1803420406728N07610247WA0173901739005010035258268
B1803430406726N07610252WA0174001739005010034243255
B1803440406724N07610257WA0174001739005010031241245
B1803450406722N07610261WA0174101739005010029243234
B1803460406720N07610264WA0174201739005010027237229
B1803470406717N07610267WA0174201739005010025220219
B1803480406714N07610269WA0174201739005010028205212
B1803490406710N07610271WA0174201738005010033199208
B1803500406705N07610272WA0174201738005010033199210
B1803510406700N07610274WA0174101737005010029202195
B1803520406696N07610275WA0173901736005010026202186
B1803530406693N07610277WA0173901735005010025195179
B1803540406689N07610277WA0173801734005010030183176
B1803550406684N07610277WA0173601733005010036173167
B1803560406678N07610276WA0173401732005010039159161
B1803570406673N07610273WA0173401731005010036149150
B1803580406669N07610270WA0173201729005010033136145
B1803590406666N07610266WA0173101728005010033124132
B1804000406663N07610262WA0172901727005010035119121
B1804010406660N07610257WA0172901725005010037117116
B1804020406658N07610252WA0172701724005010039115108
B1804030406656N07610247WA0172601722005010038110095
B1804040406654N07610242WA0172501721005010035102093
B1804050406654N07610237WA0172501720005010033089089
B1804060406654N07610231WA0172401719005010034078075
B1804080406656N07610226WA0172201717005010036069060
B1804090406658N07610222WA0172101715005010039057052
B1804100406662N07610217WA0171901713005010042046032
B1804110406667N07610213WA0171901711005010042036030
B1804120406672N07610210WA0171801710005010040019021
B1804130406678N07610208WA0171601708005010039008011
B1804140406683N07610208WA0171501707005010036001353
B1804150406689N07610208WA0171501707005010033354342
B1804160406693N07610208WA0171401706005010030349330
B1804170406698N07610209WA0171401706005010031341326
B1804180406702N07610211WA0171401705005010030330314
B1804190406706N07610214WA0171401705005010030319309
B1804200406709N07610217WA0171401705005010030303299
B1804210406710N07610221WA0171501705005010030287288
B1804220406711N07610226WA0171501705005010029272272
B1804230406711N07610230WA0171501704005010030261262
B1804240406710N07610234WA0171501704005010031254246
B1804250406708N07610239WA0171501704005010031248236
B1804260406706N07610243WA0171501704005010030241233
B1804270406704N07610246WA0171501704005010029234231
B1804280406701N07610250WA0171501704005010029230219
B1804290406695N07610257WA0171501704005010031223215
B1804310406692N07610260WA0171501704005010031218220
B1804320406688N07610262WA0171501704005010027215222
B1804330406685N07610265WA0171401703005010026218213
B1804340406678N07610270WA0171301703005010030218206
B1804350406675N07610273WA0171301702005010032208200
B1804360406670N07610274WA0171201701005010031198204
B1804370406666N07610276WA0171001701005010029197203
B1804380406661N07610277WA0170901700005010029199205
B1804390406657N07610278WA0170701699005010030198194
B1804400406653N07610280WA0170701698005010030195204
B1804410406648N07610281WA0170501697005010031189208
B1804420406643N07610281WA0170401696005010032187197
B1804430406639N07610282WA0170201695005010029187204
B1804440406635N07610283WA0170201693005010026192200
B1804450406631N07610284WA0170001692005010022200201
B1804460406628N07610285WA0169901691005010022199198
B1804470406625N07610286WA0169701690005010025205194
B1804480406621N07610288WA0169701688005010031198190
B1804490406616N07610290WA0169501687005010032195196
B1804500406612N07610291WA0169201685005010030192202
B1804510406607N07610292WA0168901684005010027195197
B1804520406604N07610293WA0168901682005010027204198
B1804530406599N07610295WA0168701680005010034204197
B1804540406594N07610297WA0168401678005010040197190
B1804550406588N07610298WA0168201677005010043192192
B1804560406582N07610300WA0168201676005010043189209
B1804570406576N07610301WA0168001674005010036193207
B1804580406571N07610302WA0168001673005010029202204
B1804590406568N07610304WA0168101672005010025207210
B1805000406564N07610306WA0168101671005010025206198
B1805010406561N07610307WA0168301670005010027202198
B1805020406557N07610309WA0168601670005010030197186
B1805030406553N07610310WA0168901670005010031195174
B1805040406548N07610311WA0168901671005010032188161
B1805050406543N07610311WA0169101672005010033173156
B1805060406538N07610310WA0169301672005010035155147
B1805070406534N07610307WA0169501673005010039142132
B1805080406529N07610303WA0169501674005010039132118
B1805090406526N07610298WA0169601675005010036117111
B1805100406525N07610293WA0169801676005010035092099
B1805110406526N07610288WA0169901677005010036075076
B1805120406529N07610283WA0169901678005010044045060
B1805130406535N07610279WA0170001680005010039025030
B1805140406541N07610277WA0170101682005010034012011
B1805150406546N07610277WA0170301685005010033341359
B1805160406550N07610280WA0170301687005010029319332
B1805170406554N07610283WA0170601689005010030310307
B1805180406557N07610288WA0170801691005010035301291
B1805190406559N07610293WA0171001693005010038284278
B1805200406559N07610299WA0171001694005010039267269
B1805210406558N07610304WA0171201696005010038248251
B1805220406555N07610310WA0171401697005010039241237
B1805230406553N07610314WA0171501699005010028234228
B1805240406550N07610317WA0171501701005010023228219
B1805250406547N07610319WA0171601702005010024219209
B1805260406544N07610321WA0171801704005010030207205
B1805270406539N07610323WA0172001705005010039194195
B1805280406533N07610324WA0172001706005010041186180
B1805290406527N07610324WA0172101708005010036176170
B1805300406521N07610323WA0172201709005010032165167
B1805310406517N07610321WA0172301711005010031159160
B1805320406512N07610320WA0172301712005010034157161
B1805330406507N07610317WA0172301713005010037159158
B1805340406502N07610316WA0172401714005010038160163
B1805350406496N07610314WA0172501715005010036160159
B1805360406491N07610312WA0172501715005010034160159
B1805370406487N07610310WA0172601716005010033160146
B1805380406482N07610308WA0172601716005010034155140
B1805390406477N07610306WA0172601716005010038148130
B1805400406473N07610302WA0172601715005010040138128
B1805410406468N07610298WA0172601714005010042129121
B1805420406465N07610292WA0172501714005010042121117
B1805430406461N07610287WA0172401713005010041116107
B1805440406459N07610281WA0172401712005010038109096
B1805450406458N07610276WA0172201711005010037100100
B1805460406457N07610270WA0172101711005010037091093
B1805470406458N07610264WA0171901710005010037085092
B1805480406458N07610259WA0171901710005010038085092
B1805490406458N07610253WA0171901709005010036091088
B1805500406458N07610248WA0171901709005010034094095
B1805520406458N07610243WA0171901709005010028094077
B1805530406457N07610239WA0172001710005010027096071
B1805540406457N07610235WA0172001710005010027086069
B1805550406458N07610231WA0172201710005010031069059
B1805560406461N07610227WA0172301710005010035049049
B1805570406465N07610223WA0172401710005010035038030
B1805580406469N07610220WA0172401711005010035021019
B1805590406474N07610219WA0172501711005010036009003
B1806000406480N07610219WA0172601712005010033352350
B1806010406484N07610221WA0172701713005010032332335
B1806020406488N07610224WA0172701714005010033310316
B1806030406490N07610228WA0172901715005010030289297
B1806040406491N07610232WA0173001717005010028263280
B1806050406489N07610236WA0173201718005010030238258
B1806060406486N07610240WA0173201719005010032225233
B1806070406482N07610243WA0173301721005010034219220
B1806080406478N07610246WA0173501723005010034212203
B1806090406473N07610248WA0173701725005010033200201
B1806100406468N07610249WA0173701726005010033184191
B1806110406463N07610249WA0173901728005010035165178
B1806120406458N07610246WA0174201730005010039146159
B1806130406454N07610242WA0174401731005010041135141
B1806140406450N07610238WA0174401732005010034114130
B1806150406449N07610233WA0174501734005010031091111
B1806160406450N07610228WA0174701735005010029070088
B1806170406453N07610224WA0174801736005010033057065
B1806180406456N07610220WA0174901737005010039045052
B1806190406466N07610214WA0174901740005010037015039
B1806200406471N07610214WA0174901742005010033353009
B1806210406475N07610216WA0175101744005010032316345
B1806220406478N07610220WA0175201745005010031288310
B1806230406478N07610225WA0175201747005010038254285
B1806240406475N07610231WA0175401749005010037233253
B1806250406471N07610234WA0175701751010019036213234
B1806260406466N07610237WA0176001753010019036197216
B1806270406461N07610238WA0176001754010019034178201
B1806280406455N07610237WA0176301756010019034160183
B1806290406451N07610235WA0176601757005010034142165
B1806300406447N07610231WA0176801759005010036130147
B1806310406444N07610227WA0176801761005010035112133
B1806320406443N07610222WA0177001762005010034091115
B1806330406444N07610217WA0177201764005010034076090
B1806340406446N07610212WA0177301766005010033071070
B1806350406448N07610208WA0177401768005010031061059
B1806360406450N07610204WA0177401769005010033050048
B1806370406454N07610200WA0177501771005010033045041
B1806380406457N07610197WA0177601774005010030049039
B1806390406460N07610193WA0177801777005010027050025
B1806400406463N07610190WA0177801779005010027041025
B1806410406466N07610188WA0178001782005010029029008
B1806420406470N07610187WA0178301784005010030006002
B1806430406475N07610187WA0178601787005010030002346
B1806440406479N07610188WA0178601791005010031329339
B1806450406483N07610191WA0179001794005010032310315
B1806460406485N07610195WA0179401798005010031293296
B1806470406486N07610200WA0179801802005010031275278
B1806480406486N07610205WA0179801806005010032260264
B1806490406484N07610210WA0180201810005010034245253
B1806500406481N07610214WA0180701813005010035231239
B1806510406477N07610218WA0181101817005010040209227
B1806520406471N07610220WA0181101820005010039196207
B1806530406465N07610221WA0181501823005010036179194
B1806540406460N07610220WA0181801826005010035163180
B1806550406455N07610219WA0182001829005010035150164
B1806560406451N07610215WA0182001831005010037134150
B1806570406448N07610211WA0182201833005010038110133
B1806580406447N07610205WA0182301834005010037087109
B1806590406448N07610200WA0182401835005010039064084
B1807000406450N07610195WA0182401836005010036062060
B1807010406453N07610191WA0182501837005010032038058
B1807020406457N07610188WA0182601839005010027025033
B1807030406461N07610187WA0182801841005010029007018
B1807040406466N07610187WA0183001843005010030350000
B1807050406471N07610189WA0183001845005010031333345
B1807060406474N07610191WA0183301847005010029317329
B1807070406477N07610195WA0183601849005010030293314
B1807080406478N07610200WA0183901851005010034271292
B1807090406477N07610205WA0183901853005010035250272
B1807100406474N07610209WA0184201856005010036228252
B1807110406470N07610213WA0184601858005010036212232
B1807120406465N07610215WA0184901860005010035204216
B1807130406460N07610217WA0184901862005010033194208
B1807140406455N07610218WA0185101865005010034182198
B1807150406450N07610217WA0185401866005010038165186
B1807160406445N07610214WA0185501868005010041149167
B1807170406439N07610211WA0185501869005010041140151
B1807180406435N07610206WA0185701871005010040132138
B1807190406431N07610201WA0185801872005010036123126
B1807200406429N07610197WA0185901873005010033121113
B1807210406426N07610192WA0185901874005010034113108
B1807230406425N07610187WA0186001875005010037099099
B1807240406425N07610181WA0186101875005010036084084
B1807250406426N07610176WA0186201875005010033063069
B1807260406429N07610173WA0186201876005010030038048
B1807270406434N07610171WA0186201876005010030020025
B1807280406439N07610170WA0186301877005010029007010
B1807290406443N07610170WA0186401878005010022346358
B1807300406446N07610173WA0186401879005010021304338
B1807310406449N07610177WA0186601880005010025290298
B1807320406450N07610182WA0186801881005010031278286
B1807330406451N07610188WA0187101882005010037262274
B1807340406449N07610194WA0187101883005010041243259
B1807350406446N07610199WA0187301883005010042219242
B1807360406440N07610203WA0187501884005010044201220
B1807370406434N07610204WA0187701885005010044180202
B1807380406427N07610203WA0187701885005010044158180
B1807390406422N07610200WA0187801886005010043139159
B1807400406418N07610195WA0187901886005010040113138
B1807410406417N07610189WA0188001887005010038095111
B1807420406417N07610184WA0188001887005010034077091
B1807430406419N07610179WA0188001888005010033064071
B1807440406422N07610175WA0188101889005010032054058
B1807450406425N07610171WA0188201889005010030043043
B1807460406428N07610169WA0188201891005010029036032
B1807470406432N07610166WA0188301892005010029027020
B1807480406436N07610165WA0188401893005010031016008
B1807490406441N07610164WA0188601894005010032004355
B1807500406446N07610164WA0188601896005010031354344
B1807510406450N07610165WA0188901898005010030348330
B1807520406455N07610166WA0189101901005010028339321
B1807530406459N07610168WA0189401903005010029326309
B1807540406462N07610171WA0189401905005010032309298
B1807550406464N07610175WA0189801908005010029297289
B1807560406466N07610179WA0190101910005010033281279
B1807570406466N07610184WA0190501913005010033261267
B1807580406464N07610188WA0190501915005010030239253
B1807590406461N07610192WA0190801917005010033216235
B1808000406455N07610194WA0191101920005010035194216
B1808010406444N07610194WA0191401924005010035162194
B1808020406439N07610191WA0191701927005010037147162
B1808030406434N07610188WA0191701929005010039134144
B1808040406431N07610183WA0191901931005010039120131
B1808050406428N07610178WA0192101933005010036107116
B1808060406427N07610172WA0192301935005010034098097
B1808070406426N07610167WA0192301937005010032090084
B1808080406427N07610162WA0192401939005010030076073
B1808090406429N07610158WA0192601941005010030057057
B1808100406432N07610155WA0192801943005010033041038
B1808110406436N07610152WA0192801945005010034029019
B1808120406441N07610150WA0193101947005010033012003
B1808130406445N07610149WA0193401949005010030001352
B1808140406450N07610150WA0193601951005010031336340
B1808150406454N07610153WA0193601953005010033314323
B1808160406456N07610157WA0193901956005010035296306
B1808170406458N07610163WA0194201958005010036279290
B1808180406458N07610168WA0194501960005010037258275
B1808190406455N07610173WA0194501962005010037235257
B1808200406452N07610177WA0194801964005010037218236
B1808210406446N07610180WA0195201967005010037198221
B1808220406441N07610181WA0195501969005010032179202
B1808230406436N07610180WA0195801971005010032166180
B1808240406431N07610178WA0195801973005010034154164
B1808250406427N07610175WA0196101975005010037144147
B1808260406422N07610171WA0196401977005010039132135
B1808270406419N07610166WA0196401979005010036112123
B1808280406418N07610161WA0196601980005010034093103
B1808290406419N07610156WA0196901982005010033081082
B1808300406420N07610151WA0197101984005010031069068
B1808310406422N07610147WA0197301986005010034053048
B1808320406426N07610143WA0197301988005010035037035
B1808330406431N07610141WA0197501990005010039013019
B1808340406437N07610140WA0197801992005010037358001
B1808350406442N07610141WA0198101994005010034339347
B1808360406446N07610144WA0198101996005010030324333
B1808370406449N07610148WA0198401999005010031296320
B1808380406451N07610152WA0198702001005010030284297
B1808390406451N07610157WA0199002003005010030269286
B1808410406450N07610162WA0199402005005010031252273
B1808420406448N07610166WA0199402008005010032235257
B1808430406444N07610170WA0199602010005010034213241
B1808440406439N07610172WA0199902011005010035195218
B1808450406434N07610173WA0200102013005010036181197
B1808460406428N07610172WA0200102014005010037168183
B1808470406422N07610171WA0200302015005010038158167
B1808480406417N07610168WA0200402017005010039145154
B1808490406412N07610165WA0200602018005010040136140
B1808500406408N07610160WA0200602019005010039132123
B1808510406404N07610156WA0200702021005010037131112
B1808520406401N07610152WA0200802022005010034120110
B1808530406399N07610147WA0201002023005010033103099
B1808540406399N07610142WA0201002024005010037084084
B1808550406401N07610136WA0201102025005010040063065
B1808560406405N07610132WA0201202025005010040039046
B1808570406410N07610129WA0201302026005010037016026
B1808580406415N07610129WA0201302027005010038350007
B1808590406421N07610131WA0201402029005010036335340
B1809000406425N07610133WA0201602031005010030326323
B1809010406428N07610136WA0201902034005010027318311
B1809020406431N07610139WA0201902036005010029313303
B1809030406434N07610142WA0202202038005010034302296
B1809040406437N07610147WA0202602040005010038290286
B1809050406438N07610153WA0202902042005010038273276
B1809060406437N07610159WA0202902044005010038258263
B1809070406435N07610164WA0203202047005010035234250
B1809080406431N07610167WA0203402049005010034215232
B1809090406426N07610169WA0203602051005010034199215
B1809100406421N07610171WA0203802053005010037188199
B1809110406415N07610170WA0203802055005010036169187
B1809120406410N07610169WA0204002056005010036157169
B1809130406405N07610166WA0204102058005010039143156
B1809140406400N07610161WA0204202060005010040132141
B1809150406397N07610156WA0204202061005010038119129
B1809160406395N07610151WA0204302062005010037102115
B1809170406394N07610145WA0204402063005010038089098
B1809180406395N07610139WA0204502063005010037072084
B1809190406398N07610134WA0204502064005010039055066
B1809200406402N07610130WA0204602064005010041038049
B1809210406407N07610127WA0204602064005010041021033
B1809220406419N07610127WA0204602066005010042343016
B1809230406425N07610129WA0204602068005010037338340
B1809240406429N07610131WA0204702070005010032317336
B1809250406432N07610135WA0204902071005010031302315
B1809260406434N07610140WA0205202073005010033293299
B1809270406436N07610145WA0205202074005010039286286
B1809280406437N07610151WA0205502076005010044277269
B1809290406437N07610157WA0205802077005010043259258
B1809300406435N07610163WA0206002079005010038238245
B1809310406431N07610167WA0206002081005010034219230
B1809320406427N07610170WA0206302082005010032200215
B1809330406422N07610171WA0206502084005010034187191
B1809340406416N07610171WA0206702085005010035177179
B1809350406411N07610170WA0206702086005010036161166
B1809360406406N07610167WA0206802087005010038145155
B1809370406402N07610163WA0207002088005010040131134
B1809380406398N07610158WA0207102088005010039121123
B1809390406396N07610153WA0207102089005010037107110
B1809400406395N07610147WA0207102089005010037091096
B1809410406396N07610142WA0207202090005010038073081
B1809420406398N07610136WA0207202090005010040051064
B1809430406403N07610132WA0207202091005010039034043
B1809440406408N07610130WA0207302092005010043013024
B1809450406415N07610129WA0207402093005010041007006
B1809460406420N07610128WA0207602095005010034007357
B1809470406425N07610128WA0207602097005010034000344
B1809480406430N07610128WA0207802099005010031349333
B1809490406434N07610129WA0208102101005010030333324
B1809500406438N07610132WA0208502103005010031310314
B1809510406440N07610136WA0208502105005010035291294
B1809520406441N07610142WA0208802106005010039272275
B1809530406440N07610148WA0209102108005010040266261
B1809540406439N07610154WA0209402110005010039252256
B1809550406436N07610158WA0209602112005010031230245
B1809560406433N07610161WA0209602114005010030217228
B1809570406428N07610163WA0209802116005010030208215
B1809580406424N07610165WA0210102118005010030195208
B1809590406419N07610165WA0210302120005010031178195
B1810000406414N07610164WA0210302121005010034157180
B1810010406410N07610161WA0210502122005010035136158
B1810020406406N07610157WA0210602123005010036120138
B1810030406404N07610152WA0210702124005010036104120
B1810040406403N07610146WA0210702124005010036091104
B1810050406404N07610140WA0210802125005010038067090
B1810060406408N07610135WA0210802126005010042048064
B1810070406413N07610131WA0210902126005010042030044
B1810080406418N07610128WA0210902127005010041013026
B1810090406424N07610128WA0211002128005010037353009
B1810110406429N07610130WA0211102129005010033322348
B1810120406432N07610134WA0211302129005010033297318
B1810130406433N07610138WA0211502130005010034280293
B1810140406434N07610143WA0211502131005010033269274
B1810150406433N07610148WA0211802132005010034258261
B1810160406432N07610153WA0212002133005010037247247
B1810170406429N07610158WA0212202134005010037241238
B1810180406426N07610163WA0212202135005010036237233
B1810190406422N07610167WA0212302137005010033218227
B1810200406418N07610169WA0212502138005010032204213
B1810210406414N07610170WA0212502139005010030179202
B1810220406409N07610169WA0212702140005010033160180
B1810230406405N07610166WA0212802141005010034147159
B1810240406401N07610163WA0212902142005010032135148
B1810250406398N07610160WA0213002143005010031120137
B1810260406396N07610155WA0213002143005010033110117
B1810270406395N07610150WA0213002144005010036103104
B1810280406394N07610145WA0213002144005010036092096
B1810290406395N07610139WA0213102145005010037075085
B1810300406397N07610134WA0213102146005010039058068
B1810310406401N07610129WA0213102147005010039042051
B1810320406405N07610126WA0213202148005010039024035
B1810330406411N07610125WA0213402149005010038004017
B1810340406417N07610125WA0213402150005010039348357
B1810350406422N07610127WA0213602151005010036331342
B1810360406426N07610131WA0213802152005010034306325
B1810370406428N07610135WA0214002154005010032288301
B1810380406429N07610140WA0214002155005010033274284
B1810390406429N07610146WA0214202155005010035264271
B1810400406427N07610151WA0214302156005010035250262
B1810410406425N07610156WA0214302156005010036230249
B1810420406421N07610159WA0214302157005010034209231
B1810430406416N07610161WA0214402157010019032186211
B1810440406411N07610161WA0214502158010019030169190
B1810450406407N07610159WA0214502158010019029143173
B1810460406404N07610156WA0214502158010019031128149
B1810470406401N07610151WA0214602159010019032116133
B1810480406399N07610147WA0214702159005010033104119
B1810490406399N07610142WA0214802160005010036093105
B1810500406399N07610136WA0214802161005010037085092
B1810510406400N07610131WA0214902163005010035075078
B1810520406402N07610126WA0215002164005010035067068
B1810530406405N07610121WA0215102166005010035058059
B1810540406408N07610117WA0215102167005010036046049
B1810550406412N07610113WA0215302168005010038033036
B1810560406418N07610111WA0215402169005010038021025
B1810570406423N07610109WA0215502171005010036008014
B1810580406428N07610109WA0215502172005010036354357
B1810590406434N07610111WA0215702173005010037342344
B1811000406439N07610113WA0215802174005010034326333
B1811010406443N07610116WA0215902176005010033316318
B1811020406446N07610120WA0215902177005010033300308
B1811030406447N07610125WA0216002179005010034275293
B1811040406447N07610130WA0216102180005010034268271
B1811050406443N07610139WA0216202182005010034233264
B1811060406440N07610143WA0216302183005010034221231
B1811070406435N07610146WA0216302183005010033212214
B1811080406431N07610148WA0216402184005010032202202
B1811090406426N07610150WA0216402185005010033191192
B1811100406421N07610150WA0216502186005010031174180
B1811110406416N07610149WA0216502186005010028158166
B1811120406412N07610147WA0216502187005010027144152
B1811130406409N07610144WA0216602188005010029133135
B1811140406406N07610140WA0216702189005010032121118
B1811150406404N07610135WA0216702189005010034106105
B1811160406403N07610130WA0216802190005010036091095
B1811170406404N07610124WA0216902191005010036083083
B1811180406404N07610119WA0217002192005010035079067
B1811190406406N07610114WA0217002192005010033071062
B1811200406408N07610110WA0217102193005010034060053
B1811210406411N07610105WA0217202194005010036049041
B1811220406415N07610101WA0217302195005010037040031
B1811230406419N07610098WA0217302196005010036030015
B1811240406424N07610096WA0217502197005010033019010
B1811250406429N07610095WA0217602199005010031004003
B1811260406434N07610095WA0217702200005010032350348
B1811270406438N07610096WA0217702201005010035339330
B1811280406443N07610099WA0217802202005010036325319
B1811290406447N07610103WA0217902203005010036311303
B1811300406450N07610107WA0218002204005010031294297
B1811310406451N07610111WA0218002205005010030271278
B1811320406451N07610116WA0218002206005010031261258
B1811330406449N07610121WA0218102207005010032254250
B1811340406448N07610125WA0218102207005010033246240
B1811350406445N07610130WA0218102208005010033237226
B1811360406442N07610134WA0218102208005010032228219
B1811370406439N07610137WA0218202208005010032221206
B1811380406435N07610140WA0218202208005010032212194
B1811390406430N07610142WA0218202209005010033197190
B1811400406425N07610143WA0218202209005010034184176
B1811410406419N07610143WA0218202209005010035174169
B1811420406414N07610142WA0218202209005010034164161
B1811430406409N07610140WA0218202209005010034157144
B1811440406404N07610137WA0218202210005010035147141
B1811450406400N07610134WA0218302210005010036136133
B1811460406397N07610130WA0218302210005010037125124
B1811470406394N07610125WA0218302210005010036114119
B1811480406392N07610120WA0218402211005010035107104
B1811490406391N07610115WA0218502211005010033099100
B1811500406390N07610110WA0218602212005010031092088
B1811510406391N07610105WA0218802213005010032079080
B1811520406392N07610100WA0218802214005010035063071
B1811530406395N07610096WA0218902214005010035048052
B1811540406399N07610092WA0219002215005010035038039
B1811550406403N07610089WA0219202216005010034030023
B1811560406408N07610087WA0219202217005010034022009
B1811570406413N07610086WA0219302218005010035012356
B1811580406418N07610085WA0219502219005010033356348
B1811590406423N07610086WA0219602221005010032336336
B1812000406427N07610089WA0219602222005010032317320
B1812020406430N07610093WA0219802223005010031305303
B1812030406432N07610097WA0219902224005010031289292
B1812040406433N07610101WA0220102225005010031273277
B1812050406432N07610106WA0220102225005010034257263
B1812060406430N07610111WA0220102226005010035237250
B1812070406427N07610115WA0220202226005010036222232
B1812080406422N07610118WA0220202226005010036205219
B1812090406417N07610120WA0220202227005010032191204
B1812100406412N07610120WA0220302227005010030177188
B1812110406407N07610119WA0220302228005010030171173
B1812120406403N07610118WA0220402228005010033161164
B1812130406398N07610116WA0220402229005010036157148
B1812140406393N07610114WA0220502229005010036152138
B1812150406388N07610111WA0220602229005010034139135
B1812160406385N07610107WA0220702230005010034127130
B1812170406382N07610103WA0220702230005010035119122
B1812180406379N07610098WA0220702231005010034118120
B1812190406377N07610094WA0220802232005010032119118
B1812200406375N07610090WA0221002233005010029121110
B1812210406373N07610086WA0221002233005010028115102
B1812220406371N07610082WA0221102234005010029104089
B1812230406371N07610077WA0221202235005010031092075
B1812240406371N07610073WA0221402236005010031075065
B1812250406373N07610068WA0221502236005010033055056
B1812260406377N07610065WA0221502236005010036040038
B1812270406381N07610062WA0221602237005010035026025
B1812280406386N07610060WA0221602238005010032007009
B1812290406391N07610060WA0221802239005010033348354
B1812300406395N07610062WA0221802240005010033325337
B1812310406399N07610066WA0221902241005010034304315
B1812320406401N07610071WA0222002242005010032288296
B1812330406401N07610075WA0222102243005010032270281
B1812340406401N07610080WA0222102244005010032254264
B1812350406399N07610084WA0222202245005010034236249
B1812360406395N07610088WA0222302246005010037217232
B1812370406390N07610091WA0222402246005010038201215
B1812380406379N07610091WA0222402248005010034161200
B1812390406374N07610089WA0222502249005010033147158
B1812400406370N07610087WA0222602249005010031146150
B1812410406366N07610084WA0222702250005010030146144
B1812420406362N07610081WA0222702251005010032144144
B1812430406358N07610078WA0222802252005010036139143
B1812440406354N07610074WA0222902253005010037136138
B1812450406350N07610070WA0223002254005010035134130
B1812460406347N07610066WA0223002254005010034125112
B1812470406345N07610062WA0223102255005010032110101
B1812480406344N07610057WA0223202255005010037097093
B1812490406344N07610051WA0223202255005010041087082
B1812500406344N07610044WA0223202255005010041081078
B1812510406345N07610038WA0223302254005010041077057
B1812520406347N07610032WA0223302254005010042068054
B1812530406351N07610027WA0223202254005010043051029
B1812540406355N07610022WA0223202253005010046034029
B1812550406362N07610019WA0223102252005010045018013
B1812560406368N07610018WA0223002251005010043004351
B1812570406374N07610018WA0222902251005010040351346
B1812580406380N07610020WA0222902251005010037340331
B1812590406385N07610022WA0222902251005010036328315
B1813000406389N07610025WA0222902251005010036315301
B1813010406392N07610030WA0222902252005010036300282
B1813020406394N07610035WA0223002252005010035284270
B1813030406395N07610040WA0223002253005010035267259
B1813040406394N07610045WA0223102254005010034259252
B1813050406393N07610050WA0223302254005010032256255
B1813060406392N07610054WA0223402255005010031256241
B1813070406390N07610059WA0223402256005010032245243
B1813080406388N07610063WA0223602256005010034240225
B1813090406385N07610068WA0223702257005010035234224
B1813100406382N07610072WA0223802257005010034229226
B1813110406378N07610075WA0223802258005010033220214
B1813120406374N07610078WA0223802259005010032217218
B1813130406370N07610081WA0223902259005010032218204
B1813140406366N07610084WA0224002260005010031213191
B1813150406362N07610086WA0224002260005010031201177
B1813160406357N07610087WA0224002261005010034182170
B1813170406352N07610086WA0224102261005010037163156
B1813180406347N07610083WA0224102261005010037146142
B1813190406342N07610080WA0224102262005010036134131
B1813200406339N07610076WA0224102262005010034124123
B1813210406337N07610071WA0224102262005010032114121
B1813220406335N07610066WA0224102262005010035113115
B1813230406333N07610061WA0224102262005010039110113
B1813240406331N07610055WA0224102262005010041110110
B1813250406328N07610049WA0224002262005010039108108
B1813260406327N07610044WA0223902261005010037106105
B1813270406325N07610039WA0223902261005010034103107
B1813280406324N07610033WA0223802261005010034101106
E181328TPCWaypoint 020 reached
B1813290406323N07610028WA0223702261005010036101103
B1813300406322N07610023WA0223602260005010038101101
B1813310406321N07610017WA0223602260005010038100084
B1813320406320N07610011WA0223602259005010038094071
B1813330406320N07610005WA0223502259005010037084062
B1813340406322N07610000WA0223402258005010038068059
B1813350406325N07609995WA0223402257005010040052052
B1813360406329N07609990WA0223302255005010043043039
B1813370406334N07609986WA0223102255005010041038025
B1813380406338N07609983WA0223102255005010034029007
B1813390406343N07609981WA0223102254005010029015004
B1813400406347N07609980WA0223002254005010029005354
B1813410406352N07609981WA0223002253005010035343345
B1813430406357N07609983WA0222902253005010038325322
B1813440406364N07609992WA0222802251005010039293297
B1813450406366N07609998WA0222702251005010036282284
B1813460406366N07610003WA0222602250005010032269273
B1813470406364N07610008WA0222502249005010030248260
B1813480406362N07610012WA0222502249005010030238239
B1813490406359N07610015WA0222402248005010033218225
B1813500406354N07610018WA0222402247005010037202208
B1813510406348N07610020WA0222302246005010037186198
B1813520406342N07610020WA0222302246010019035181194
B1813530406337N07610020WA0222302245005010035181195
B1813540406331N07610020WA0222302244005010034187197
B1813560406326N07610021WA0222202244005010035190193
B1813570406321N07610022WA0222202243005010036186190
B1813580406315N07610022WA0222202242005010038180193
B1813590406309N07610022WA0222102241005010040178196
B1814000406303N07610022WA0222002240005010041181194
B1814010406297N07610022WA0221902239005010040183191
B1814020406291N07610023WA0221902237005010039181190
B1814030406285N07610023WA0221802236005010038179195
B1814040406279N07610022WA0221602235005010038179197
B1814050406273N07610022WA0221502234005010039181193
B1814060406267N07610023WA0221502233005010039182184
B1814070406261N07610023WA0221302231005010040180180
B1814080406255N07610022WA0221202230005010041173185
B1814090406249N07610021WA0221002229005010041168193
B1814100406243N07610020WA0221002227005010039171193
B1814110406237N07610020WA0220902226005010037176189
B1814120406232N07610020WA0220802225005010037180186
B1814130406226N07610020WA0220602224005010039177185
B1814140406220N07610019WA0220602222005010040174189
B1814150406214N07610019WA0220502221005010041175189
B1814160406208N07610018WA0220302219005010040178186
B1814170406202N07610018WA0220102218005010040179184
B1814180406196N07610018WA0220102216005010040177191
B1814190406190N07610017WA0219902214005010041176190
B1814200406183N07610017WA0219802213005010041177189
B1814210406177N07610017WA0219602211005010041178184
B1814220406171N07610017WA0219602210005010040177183
B1814230406165N07610016WA0219402208005010040173186
B1814240406159N07610015WA0219302207005010040171189
B1814250406147N07610014WA0219102204005010041174195
B1814260406141N07610013WA0219002202005010041175189
B1814270406135N07610013WA0219002201005010042174187
B1814280406128N07610012WA0218802199005010042174191
B1814290406122N07610011WA0218602198005010042175196
B1814300406116N07610011WA0218502197005010041180194
B1814310406110N07610011WA0218502195005010041182186
B1814320406103N07610011WA0218302194005010041181188
B1814330406097N07610011WA0218202192005010041177187
B1814340406091N07610011WA0218102191005010041175188
B1814350406085N07610010WA0218102189005010041176191
B1814360406079N07610010WA0217902188005010042180193
B1814370406072N07610010WA0217802187005010042182192
B1814380406066N07610011WA0217602185005010041182189
B1814390406060N07610011WA0217602184005010040180190
B1814400406054N07610011WA0217402182005010039181191
B1814410406048N07610011WA0217302180005010039182189
B1814420406042N07610011WA0217102179005010039181184
B1814430406036N07610011WA0217102177005010040177184
B1814440406030N07610011WA0216902176005010041174189
B1814450406024N07610010WA0216802174005010040176188
B1814460406018N07610010WA0216602173005010039180185
B1814470406012N07610010WA0216602171005010039182182
B1814480406006N07610010WA0216402170005010038179179
B1814490406000N07610010WA0216202168005010040172186
B1814500405994N07610009WA0216002166005010043172193
B1814510405988N07610008WA0216002164005010044178198
B1814530405981N07610009WA0215802162005010043186184
B1814540405969N07610009WA0215302158005010037178187
B1814550405963N07610009WA0215102157005010039174191
B1814560405958N07610008WA0215102155005010041175193
B1814570405951N07610008WA0214902153005010041179191
B1814580405945N07610008WA0214702151005010039182187
B1814590405939N07610008WA0214502150005010038181189
B1815000405934N07610008WA0214502148005010039180189
B1815020405928N07610008WA0214302146005010040181190
B1815030405922N07610009WA0214102144005010041181183
B1815040405915N07610009WA0213902143005010041179184
B1815050405909N07610009WA0213902141005010042178186
B1815060405903N07610008WA0213702140005010042177185
B1815070405896N07610008WA0213502138005010041176188
B1815080405890N07610008WA0213302137005010041176184
B1815090405884N07610007WA0213202135005010042177183
B1815100405878N07610007WA0213202134005010045176191
B1815110405871N07610007WA0213002132005010046180187
B1815120405864N07610007WA0212802130005010046185196
B1815130405857N07610008WA0212602129005010045189195
B1815140405851N07610009WA0212602128005010043193191
B1815150405845N07610011WA0212502126005010041196189
B1815160405839N07610013WA0212302125005010041199186
B1815170405833N07610015WA0212202124005010042198187
B1815180405827N07610017WA0212202122005010044197187
B1815190405814N07610021WA0212102120005010046196187
B1815200405808N07610023WA0211902118005010044197188
B1815210405802N07610025WA0211802117005010042195188
B1815220405795N07610026WA0211602116005010042192188
B1815230405789N07610027WA0211602114005010042190187
B1815240405783N07610029WA0211402113005010044189193
B1815250405777N07610030WA0211202112005010042189191
B1815260405771N07610031WA0211102111005010040189192
B1815270405765N07610032WA0211102110005010040188185
B1815280405759N07610032WA0210902109005010042183188
B1815290405752N07610032WA0210702108005010044180192
B1815300405746N07610033WA0210602107005010042183202
B1815310405740N07610033WA0210602106005010039191198
B1815320405734N07610035WA0210502105005010037196192
B1815330405729N07610036WA0210402104005010038193187
B1815340405723N07610037WA0210302103005010038186185
B1815350405717N07610038WA0210302102005010041185196
B1815360405711N07610038WA0210102100005010042189200
B1815370405705N07610040WA0210002099005010041196203
B1815380405699N07610042WA0209802098005010037202196
B1815390405694N07610044WA0209802097005010034203190
B1815400405690N07610046WA0209602096005010034198191
B1815410405684N07610047WA0209402094005010036190191
B1815420405679N07610048WA0209202092005010038187185
B1815430405673N07610049WA0209202091005010038186186
B1815440405668N07610049WA0209002089005010037184181
B1815450405662N07610049WA0208802087005010036181182
B1815460405657N07610049WA0208602086005010034180182
B1815470405652N07610049WA0208602085005010033180182
B1815480405647N07610049WA0208402083005010033180183
B1815490405642N07610049WA0208302082005010034180185
B1815500405637N07610050WA0208102080005010036181187
B1815510405631N07610050WA0208002079005010040178186
B1815530405625N07610049WA0208002077005010043174181
B1815550405613N07610047WA0207602074005010032169192
B1815560405609N07610047WA0207402073005010027178189
B1815570405605N07610047WA0207402071005010029185188
B1815580405600N07610047WA0207202069005010038185185
B1815590405593N07610048WA0207002067005010046180183
B1816000405586N07610048WA0206702065005010047179180
B1816010405580N07610048WA0206702063005010041180187
B1816020405574N07610048WA0206502062005010037185183
B1816030405569N07610048WA0206202060005010035188185
B1816040405563N07610049WA0206002058005010037184182
B1816050405557N07610049WA0205702055005010042178177
B1816060405551N07610048WA0205702052005010047171182
B1816070405544N07610047WA0205402050005010047170182
B1816080405537N07610046WA0205102047005010046171182
B1816090405530N07610045WA0204802044005010044172183
B1816100405523N07610044WA0204802042005010043173185
B1816110405517N07610044WA0204502039005010042174185
B1816120405511N07610043WA0204202037005010044177187
B1816130405504N07610043WA0203902034005010048180188
B1816140405496N07610043WA0203902031005010051179185
B1816150405489N07610043WA0203602029005010048183183
B1816160405482N07610044WA0203302027005010044185176
B1816170405469N07610045WA0203102023005010043184176
B1816190405462N07610046WA0202902022005010048183180
B1816200405455N07610046WA0202702020005010052183184
B1816210405440N07610047WA0202502018005010049181171
B1816220405433N07610047WA0202402018005010044177177
B1816230405426N07610047WA0202402018005010042173175
B1816240405420N07610046WA0202402018005010043174192
B1816250405413N07610046WA0202402018005010044176185
B1816260405407N07610045WA0202402018005010042178169
B1816270405401N07610045WA0202502018005010039176175
B1816280405395N07610045WA0202602019005010036176175
B1816290405390N07610045WA0202802019005010034176178
B1816300405385N07610044WA0202802020005010036177184
B1816310405379N07610044WA0202902021005010040175190
B1816320405373N07610044WA0203002021005010041176197
B1816330405367N07610043WA0203102022005010040179178
B1816340405361N07610043WA0203202022005010042178168
B1816360405354N07610043WA0203202023005010044169156
B1816370405342N07610038WA0203202024005010043154150
B1816380405336N07610036WA0203202025005010039153129
B1816390405331N07610033WA0203202026005010037143123
B1816400405327N07610029WA0203202027005010037131123
B1816410405324N07610025WA0203402029005010034126133
B1816420405321N07610021WA0203602031005010029127136
B1816430405318N07610018WA0203902034005010029135133
B1816440405315N07610015WA0203902036005010031139126
B1816450405312N07610012WA0204302039005010036136115
B1816460405308N07610008WA0204802041005010037134097
B1816470405304N07610004WA0205202044005010036128096
B1816480405301N07610000WA0205202046005010031119090
B1816490405300N07609996WA0205702049005010028102088
B1816500405301N07609992WA0206102051005010029038074
B1816510405305N07609990WA0206502053005010031026019
B1816520405310N07609989WA0206502055005010034008358
B1816530405315N07609989WA0206802057005010036352345
B1816540405321N07609990WA0207102060005010037346335
B1816550405327N07609992WA0207402062005010035337327
B1816560405331N07609996WA0207402064005010039296317
B1816570405332N07610002WA0207602067005010040282286
B1816590405333N07610008WA0207902069005010042270276
B1817000405332N07610015WA0208202071005010041263267
B1817010405330N07610020WA0208202074005010036224261
B1817020405325N07610023WA0208602076005010034210228
B1817030405320N07610025WA0209102078005010033195215
B1817040405315N07610025WA0209502081005010032181195
B1817050405310N07610025WA0209502083005010033173178
B1817060405305N07610024WA0210002086005010036158167
B1817070405300N07610021WA0210402088005010040139150
B1817080405296N07610016WA0210802091005010040131130
B1817090405292N07610012WA0211202094005010039125117
B1817100405290N07610006WA0211202096005010033109107
B1817110405288N07610002WA0211602099005010030110086
B1817120405287N07609997WA0212002102005010028104079
B1817130405287N07609993WA0212402105005010029086075
B1817140405288N07609989WA0212402107005010033061056
B1817150405291N07609985WA0212702109005010033049042
B1817160405295N07609982WA0212902111005010032030031
B1817170405300N07609980WA0212902113005010031020020
B1817180405305N07609979WA0212902115005010034008010
B1817190405310N07609979WA0212902117005010036357002
B1817200405316N07609980WA0212902119005010033341353
B1817210405321N07609983WA0212902121005010031330339
B1817220405323N07609987WA0212902123005010034274331
B1817230405323N07609992WA0213002125005010033267272
B1817240405322N07609998WA0213402128005010034262264
B1817250405321N07610004WA0213802131005010034253258
B1817260405318N07610009WA0213802134005010030232249
B1817270405313N07610012WA0214202137005010039186227
B1817280405307N07610013WA0214602140005010038183179
B1817290405301N07610013WA0214902143005010038176176
B1817300405295N07610013WA0214902146005010037162169
B1817310405289N07610010WA0215202149005010040145155
B1817320405285N07610006WA0215602152005010036132138
B1817330405282N07610002WA0215902155005010034119125
B1817340405280N07609997WA0215902158005010029113113
B1817350405280N07609994WA0216202162005010021086106
B1817360405281N07609991WA0216502165005010019066080
B1817370405285N07609988WA0216702170005010012015062
B1817380405287N07609988WA0216702173005010011353019
B1817390405290N07609989WA0216902176005010011334002
B1817400405292N07609990WA0217002178005010009319346
B1817410405294N07609992WA0217202181005010012287337
B1817420405296N07609995WA0217202184005010016274302
B1817430405298N07609999WA0217502187005010019270281
B1817440405299N07610005WA0217902190005010024258271
B1817450405299N07610010WA0218202193005010030249255
B1817460405298N07610015WA0218202196005010031244250
B1817470405296N07610020WA0218502198005010031244248
B1817480405295N07610024WA0218702201005010032244241
B1817490405293N07610030WA0218902203005010027239247
B1817500405292N07610034WA0218902205005010030233240
B1817510405289N07610039WA0219002206005010034228232
B1817520405286N07610043WA0219002207005010034222230
B1817530405283N07610047WA0219102207005010033219222
B1817540405280N07610052WA0219102207005010031216216
B1817550405276N07610056WA0219102207005010031214202
B1817560405272N07610059WA0219102208005010034205186
B1817570405267N07610061WA0219102208005010037192178
B1817580405262N07610062WA0219102209005010038179161
B1817590405257N07610062WA0219102210005010037166139
B1818000405252N07610060WA0219102210005010036149131
B1818010405248N07610056WA0219202211005010035121123
B1818020405246N07610052WA0219202212005010036116096
B1818030405243N07610047WA0219202213005010035112097
B1818040405242N07610042WA0219402214005010033107092
B1818050405242N07610037WA0219502215005010026086086
B1818060405243N07610034WA0219502217005010025089084
B1818070405243N07610030WA0219702220005010023093081
B1818080405243N07610027WA0220002222005010024096070
B1818090405244N07610023WA0220202224005010025090063
B1818100405244N07610019WA0220502226005010026075047
B1818110405246N07610016WA0220502227005010028060035
B1818120405248N07610013WA0220802229005010027045030
B1818130405252N07610010WA0220902231005010026032013
B1818140405255N07610009WA0221102232005010025018013
B1818150405260N07610008WA0221102234005010027358002
B1818160405264N07610009WA0221202236005010030347333
B1818170405269N07610011WA0221302237005010033341326
B1818180405274N07610013WA0221402238005010033331301
B1818190405279N07610016WA0221402240005010032322297
B1818200405283N07610019WA0221502241005010030310292
B1818210405285N07610023WA0221602242005010026294286
B1818220405287N07610027WA0221702244010019022280278
B1818230405287N07610030WA0221702246010019021259273
B1818240405285N07610034WA0221702247005010026234258
B1818250405282N07610038WA0221802249005010031215237
B1818260405277N07610041WA0221902252005010037202212
B1818270405271N07610044WA0221902252005010040192196
B1818280405265N07610046WA0221902253005010039186180
B1818290405258N07610047WA0222002254005010039176170
B1818300405252N07610047WA0222002255005010038171164
B1818310405246N07610046WA0222002255005010037162163
B1818320405239N07610045WA0222002256005010039150152
B1818330405234N07610042WA0222002256005010041141143
B1818340405229N07610039WA0222002257005010042139134
B1818350405223N07610035WA0222002257005010039140144
B1818360405219N07610032WA0222002258005010035141136
B1818370405215N07610029WA0222002258005010031140138
B1818380405211N07610026WA0222202259005010029141151
B1818390405207N07610024WA0222202260005010030143151
B1818400405203N07610021WA0222302260005010031148155
B1818410405199N07610019WA0222502261005010033155151
B1818420405194N07610018WA0222702262005010032161153
B1818440405190N07610016WA0222802263005010032162123
B1818450405185N07610015WA0222802264005010030155116
B1818460405181N07610012WA0223002264005010029137112
B1818470405179N07610009WA0223102264005010031111093
B1818480405178N07610004WA0223202263005010035088072
B1818490405179N07609999WA0223202263005010033058054
B1818500405183N07609996WA0223302263005010033025032
B1818510405188N07609995WA0223302263005010034357009
B1818520405192N07609996WA0223302263005010032334350
B1818530405196N07609999WA0223302263005010031320328
B1818540405200N07610002WA0223302264005010028305315
B1818550405202N07610006WA0223502264005010028293303
B1818560405203N07610010WA0223602264005010031284292
B1818570405204N07610015WA0223602265005010035277270
B1818580405204N07610021WA0223802265005010038270260
B1818590405203N07610027WA0223902265005010041255257
B1819000405201N07610032WA0224002265005010040244254
B1819010405198N07610037WA0224002265005010036238251
B1819020405195N07610042WA0224102265005010034234240
B1819030405191N07610046WA0224102265005010034233237
B1819040405188N07610050WA0224202264005010035229233
B1819050405184N07610054WA0224202264005010036226227
B1819060405181N07610058WA0224202264005010038224226
B1819070405176N07610062WA0224302263005010038221216
B1819080405172N07610066WA0224302263005010038217198
B1819090405167N07610069WA0224302263005010039207191
B1819100405161N07610071WA0224302262005010039194184
B1819110405155N07610072WA0224302262005010041179178
B1819120405149N07610071WA0224402262005010042168164
B1819130405143N07610069WA0224402262005010041163157
B1819140405137N07610067WA0224402262005010039164150
B1819150405132N07610065WA0224402262005010037161149
B1819160405126N07610063WA0224402262005010038157148
B1819170405121N07610061WA0224402263005010038155157
B1819180405116N07610059WA0224502263005010037156143
B1819190405111N07610057WA0224502263005010036159126
B1819200405106N07610055WA0224602263005010036154126
B1819210405101N07610052WA0224602263005010036142118
B1819220405097N07610048WA0224702264005010039128109
B1819230405094N07610043WA0224702264005010039117099
B1819240405092N07610038WA0224802264005010031100091
B1819250405094N07610030WA0224902264005010025060076
B1819260405096N07610027WA0224902265005010026051041
B1819270405099N07610025WA0224902265005010025031026
B1819280405102N07610024WA0225002266005010023358012
B1819290405106N07610025WA0225102266005010027326349
B1819300405109N07610028WA0225102267005010029305320
B1819310405111N07610032WA0225202267005010032289299
B1819320405112N07610037WA0225302268005010034276282
B1819330405112N07610043WA0225402269005010037266275
B1819340405111N07610048WA0225402269005010039258268
B1819350405110N07610054WA0225402270005010037255264
B1819360405108N07610059WA0225502271005010035252248
B1819370405106N07610064WA0225602271005010034245235
B1819380405103N07610069WA0225602272005010037235224
B1819390405100N07610073WA0225602273005010040223216
B1819400405095N07610077WA0225702274005010043210203
B1819410405089N07610080WA0225702274005010042200188
B1819420405083N07610081WA0225702275005010039190178
B1819430405077N07610082WA0225802275005010038178167
B1819440405071N07610081WA0225802275005010038164155
B1819450405066N07610078WA0225702275005010041152137
B1819460405060N07610075WA0225702275005010042141124
B1819470405056N07610070WA0225702275005010040126118
B1819480405053N07610065WA0225602275005010039109106
B1819490405052N07610059WA0225502274005010039097093
B1819500405051N07610053WA0225502274005010036090082
B1819510405052N07610048WA0225402274005010033086061
B1819520405052N07610043WA0225302274005010029081059
B1819530405053N07610039WA0225202274005010028068046
B1819540405055N07610035WA0225202274005010030056044
B1819550405058N07610032WA0225202273005010031047029
B1819560405061N07610029WA0225102273005010030033018
B1819570405065N07610027WA0225102274005010027015001
B1819580405069N07610027WA0225102274005010026358001
B1819590405073N07610027WA0225102274005010025349004
B1820000405077N07610028WA0225102275005010025346354
B1820010405080N07610029WA0225202275005010025341357
B1820020405084N07610030WA0225202275005010024334347
B1820030405087N07610032WA0225202276005010022330344
B1820040405090N07610034WA0225302276005010024326330
B1820060405093N07610036WA0225402276005010027319317
B1820070405096N07610040WA0225402277005010031307298
B1820080405098N07610044WA0225402277005010034295285
B1820090405100N07610049WA0225402277005010035284266
B1820100405100N07610054WA0225402277005010032270262
B1820110405099N07610059WA0225402278005010034260252
B1820120405098N07610064WA0225402278005010036253242
B1820130405095N07610069WA0225402278005010041229236
B1820140405090N07610073WA0225402278005010046215222
B1820150405083N07610076WA0225302277005010049200207
B1820160405076N07610078WA0225302277005010048189201
B1820170405069N07610079WA0225202277005010047187199
B1820180405062N07610080WA0225202276005010043191200
B1820190405055N07610081WA0225102276005010043194194
B1820200405049N07610083WA0225102276005010044191186
B1820210405042N07610084WA0225002275005010046186190
B1820220405035N07610084WA0225002275005010047181198
B1820230405028N07610085WA0224902274005010048182200
B1820240405021N07610085WA0224902273005010047189202
B1820250405014N07610086WA0224802273005010046191192
B1820260405007N07610088WA0224802272005010045190192
B1820270405000N07610089WA0224702271005010046187198
B1820280404993N07610089WA0224502269005010049186203
B1820290404986N07610090WA0224402267005010051189199
B1820300404978N07610092WA0224402265005010052191196
B1820310404971N07610093WA0224102263005010051190195
B1820320404963N07610094WA0223902261005010047186202
B1820330404957N07610095WA0223702259005010042185202
B1820340404945N07610096WA0223702255005010041199201
B1820350404939N07610099WA0223502252005010047199202
B1820360404932N07610101WA0223202249005010052195202
B1820370404924N07610103WA0223002246005010054195204
B1820380404916N07610105WA0223002244005010050191205
B1820390404909N07610106WA0222702241005010043188206
B1820400404903N07610106WA0222502239005010037190197
B1820410404898N07610107WA0222202237005010037190199
B1820420404892N07610108WA0222202235005010038189200
B1820430404886N07610109WA0222002232005010047188200
B1820440404879N07610110WA0221902229005010054187197
B1820450404870N07610111WA0221702226005010055187191
B1820460404862N07610112WA0221702223005010051184193
B1820470404855N07610112WA0221502221005010046181198
B1820480404848N07610113WA0221202219005010042184202
B1820490404842N07610114WA0221002216005010040190201
B1820500404836N07610115WA0220802214005010044192194
B1820510404829N07610116WA0220802212005010048187185
B1820520404822N07610116WA0220602209005010051180184
B1820530404814N07610116WA0220402207005010048174187
B1820540404808N07610115WA0220102206005010041175191
B1820550404802N07610115WA0220102205005010034180187
B1820560404797N07610115WA0219902203005010032182181
B1820570404792N07610115WA0219702202005010035180187
B1820580404786N07610116WA0219602201005010041181191
B1820590404780N07610116WA0219602200005010046184196
B1821010404773N07610116WA0219402199005010045184198
B1821020404767N07610117WA0219302197005010039192190
B1821030404761N07610118WA0219202196005010034192186
B1821040404756N07610120WA0219102196005010033190188
B1821050404751N07610120WA0219102195005010036184182
B1821060404745N07610121WA0219002193005010040183192
B1821070404739N07610121WA0218902192005010044184195
B1821080404733N07610122WA0218802191005010046187192
B1821090404726N07610123WA0218802190005010046189187
B1821100404719N07610124WA0218702190005010045188189
B1821110404712N07610125WA0218502190005010042187190
B1821120404706N07610126WA0218402189005010039188193
B1821130404701N07610127WA0218402189005010037190188
B1821140404695N07610128WA0218402189005010037190184
B1821150404689N07610129WA0218402189005010039181185
B1821160404683N07610129WA0218402188005010040177191
B1821170404678N07610128WA0218402188005010039175193
B1821180404667N07610128WA0218302187005010031190198
B1821190404663N07610130WA0218302187005010033198202
B1821200404658N07610131WA0218202186005010036198197
B1821210404652N07610133WA0218002185005010039194200
B1821220404647N07610134WA0218002184005010040192205
B1821230404641N07610136WA0217902183005010039194200
B1821240404635N07610137WA0217802182005010039195198
B1821250404629N07610139WA0217602180005010043194194
B1821260404623N07610140WA0217602179005010046190197
B1821270404616N07610141WA0217402178005010045187195
B1821280404609N07610142WA0217202176005010039189199
B1821290404604N07610143WA0217002175005010033189200
B1821300404599N07610144WA0217002173005010033193193
B1821310404594N07610145WA0216902172005010037191195
B1821320404588N07610146WA0216802171005010045183186
B1821330404581N07610146WA0216602169005010050174182
B1821340404574N07610144WA0216602169005010047167179
B1821350404567N07610143WA0216502168005010041172196
B1821360404561N07610143WA0216402168005010038182197
B1821370404556N07610143WA0216302168005010040185194
B1821380404549N07610143WA0216302168005010043178185
B1821390404542N07610143WA0216302168005010050169180
B1821400404534N07610141WA0216302168005010056167202
B1821410404526N07610139WA0216402168005010054169197
B1821420404519N07610139WA0216402168005010044181186
B1821430404513N07610139WA0216402169005010039184189
B1821440404507N07610140WA0216502169005010039180186
B1821450404501N07610140WA0216502169005010045179200
B1821460404493N07610140WA0216502169005010053184193
B1821470404485N07610141WA0216502169005010053186169
B1821480404478N07610141WA0216502169005010049182172
B1821490404471N07610141WA0216402169005010042173180
B1821500404465N07610140WA0216402169005010038165185
B1821510404460N07610139WA0216402169005010038168181
B1821520404454N07610138WA0216402169005010038172170
B1821530404449N07610137WA0216402169005010038173176
B1821540404443N07610136WA0216402169005010038170176
B1821550404437N07610135WA0216402168005010039167177
B1821560404432N07610134WA0216402168005010039167186
B1821570404426N07610133WA0216302168005010039169180
B1821580404420N07610132WA0216202167005010040170184
B1821590404414N07610131WA0216202166005010043170182
B1822000404408N07610130WA0216102166005010045172195
B1822010404401N07610129WA0215902165005010047176200
B1822020404393N07610129WA0215802165005010047179188
B1822030404386N07610129WA0215802164005010047180190
B1822040404379N07610129WA0215702164005010045180185
B1822050404373N07610129WA0215502163005010042180186
B1822060404367N07610129WA0215502162005010042179184
B1822070404360N07610129WA0215502162005010044178185
B1822080404354N07610129WA0215502161005010045176191
B1822090404347N07610128WA0215502161005010044176191
B1822100404341N07610128WA0215502160005010039176186
B1822110404335N07610128WA0215502161005010035178186
B1822120404330N07610128WA0215602161005010032179185
B1822130404325N07610128WA0215702161005010033177189
B1822140404320N07610127WA0215702161005010036178188
B1822150404314N07610127WA0215702161005010039178189
B1822160404308N07610127WA0215802161005010039178191
B1822170404303N07610127WA0215902161005010036179185
B1822180404297N07610127WA0215902162005010035179186
B1822190404292N07610127WA0215902162005010035175181
B1822200404287N07610126WA0216002163005010036174187
B1822210404282N07610126WA0216002163005010037173190
B1822220404276N07610125WA0216002164005010037172190
B1822230404271N07610124WA0216002164005010035176194
B1822240404265N07610124WA0216002164005010034179191
B1822250404260N07610124WA0216002165005010035179186
B1822260404255N07610124WA0216002165005010036177174
B1822270404250N07610124WA0216002165005010036175186
B1822280404244N07610124WA0215902165005010036174183
B1822290404239N07610123WA0215802165005010036173185
B1822300404234N07610123WA0215702165005010036172198
B1822310404228N07610122WA0215702165005010038172191
B1822320404222N07610121WA0215502164005010038170182
B1822330404217N07610120WA0215402164005010037167196
B1822340404212N07610119WA0215302164005010035164191
B1822350404207N07610117WA0215302163005010034166185
B1822360404202N07610117WA0215302163005010035174179
B1822370404196N07610116WA0215202162005010039177178
B1822380404190N07610115WA0215102161005010041172175
B1822390404184N07610114WA0215102161005010042166176
B1822400404178N07610113WA0215002160005010041160181
B1822420404172N07610111WA0215002159005010041161181
B1822440404160N07610108WA0214802158005010043171177
B1822460404147N07610105WA0214702156005010045165184
B1822470404140N07610103WA0214602156005010044164183
B1822480404134N07610102WA0214602155005010041164183
B1822490404128N07610100WA0214602155005010039168180
B1822500404123N07610099WA0214602154005010038170181
B1822520404111N07610097WA0214502152005010042166186
B1822530404105N07610095WA0214502152005010043167188
B1822540404099N07610094WA0214402151005010041169184
B1822550404093N07610093WA0214302150005010041169188
B1822560404086N07610092WA0214202150005010042168179
B1822570404080N07610090WA0214202149005010044168176
B1822580404073N07610089WA0214002148005010045169176
B1822590404067N07610088WA0213902147005010044167181
B1823000404061N07610086WA0213802147005010042166192
B1823010404055N07610085WA0213802146005010039169194
B1823020404049N07610084WA0213802145005010038177188
B1823030404043N07610084WA0213702144005010039185195
B1823040404037N07610085WA0213602143005010041186191
B1823050404031N07610086WA0213602142005010041182187
B1823060404024N07610085WA0213402140005010045176199
B1823070404017N07610085WA0213302139005010045177206
B1823080404011N07610085WA0213102138005010042181184
B1823090404004N07610085WA0213102137005010041182185
B1823100403998N07610085WA0212902136005010040181186
B1823110403992N07610085WA0212802135005010040179201
B1823120403986N07610086WA0212602134005010044183202
B1823130403979N07610087WA0212602132005010047191190
B1823140403972N07610088WA0212502131005010048193186
B1823150403965N07610089WA0212302130005010044187194
B1823160403959N07610090WA0212202129005010039186199
B1823170403953N07610091WA0212202128005010038192202
B1823180403947N07610093WA0212002126005010041199198
B1823190403941N07610095WA0211802124005010045198192
B1823200403934N07610097WA0211502122005010049191198
B1823210403927N07610098WA0211502119005010050191201
B1823220403920N07610100WA0211202117005010050189207
B1823230403913N07610101WA0211002115005010045192203
B1823240403907N07610103WA0210702113005010040195201
B1823250403901N07610104WA0210702110005010039196200
B1823260403895N07610106WA0210502108005010043195197
B1823270403888N07610108WA0210302106005010048192195
B1823280403881N07610109WA0210202103005010051192200
B1823290403873N07610110WA0210002101005010053186202
B1823300403859N07610112WA0210002099005010043186189
B1823310403853N07610112WA0209802098005010036183184
B1823320403847N07610112WA0209702097005010034181189
B1823330403842N07610113WA0209602096005010035182193
B1823340403837N07610113WA0209602094005010039181178
B1823350403831N07610113WA0209502093005010041180180
B1823360403824N07610113WA0209402092005010041177190
B1823370403818N07610112WA0209202091005010041179187
B1823390403805N07610112WA0209002088005010046177177
B1823400403798N07610111WA0208702086005010055168168
B1823410403789N07610109WA0208402085005010057159183
B1823420403782N07610106WA0208402083005010055158177
B1823430403774N07610103WA0208102082005010050159177
B1823440403768N07610101WA0207902081005010039167179
B1823450403762N07610100WA0207802080005010039171178
B1823460403756N07610099WA0207802079005010041173186
B1823470403750N07610098WA0207702078005010042174190
B1823480403744N07610097WA0207702077005010044175197
B1823490403737N07610097WA0207702076005010047176195
B1823500403730N07610096WA0207702075005010053173195
B1823510403722N07610095WA0207702075005010057169190
B1823520403714N07610094WA0207602075005010052171199
B1823530403706N07610093WA0207602075005010047180204
B1823540403699N07610093WA0207602076005010046184193
B1823550403692N07610094WA0207702077005010047181187
B1823560403685N07610094WA0207802077005010049177193
B1823570403677N07610094WA0207902078005010053180202
B1823580403670N07610094WA0208002078005010049188209
B1823590403663N07610096WA0208002079005010044193190
B1824000403657N07610097WA0208102079005010043193191
B1824010403650N07610099WA0208202080005010044188180
B1824020403644N07610099WA0208202080005010044173187
B1824030403637N07610098WA0208202081005010045169198
B1824040403631N07610096WA0208302081005010043168198
B1824050403624N07610095WA0208302082005010041174201
B1824060403619N07610095WA0208402083005010038182202
B1824070403613N07610096WA0208402083005010036189203
B1824080403608N07610097WA0208402084005010037191185
B1824090403602N07610098WA0208502084005010041188179
B1824100403596N07610099WA0208502084005010041185192
B1824110403590N07610099WA0208502085005010040180180
B1824120403584N07610099WA0208602086005010039179191
B1824130403578N07610099WA0208602086005010039180186
B1824140403572N07610099WA0208702087005010040179188
B1824150403566N07610099WA0208702088005010040178185
B1824160403560N07610098WA0208802088005010040177201
B1824170403554N07610098WA0208902089005010039178209
B1824180403548N07610098WA0209002090005010039180224
B1824190403543N07610099WA0209002091005010038185223
B1824200403537N07610100WA0209102092005010038194228
B1824210403532N07610101WA0209202092005010036207233
B1824230403527N07610104WA0209302093005010037216246
B1824240403523N07610108WA0209402093005010036226252
B1824250403520N07610112WA0209402093005010034240259
B1824260403518N07610117WA0209402093005010032257270
B1824270403517N07610121WA0209402094005010030271283
B1824280403518N07610126WA0209402095005010028279293
B1824290403519N07610130WA0209402096005010025284301
B1824300403519N07610133WA0209402097005010023287306
B1824310403521N07610136WA0209602099005010022296308
B1824320403523N07610139WA0209702100005010022313315
B1824330403525N07610141WA0209702101005010024327325
B1824340403529N07610143WA0209902102005010025343334
B1824350403533N07610143WA0210102104005010025357345
B1824360403536N07610143WA0210202105005010023005352
B1824370403540N07610142WA0210202106005010022009356
B1824380403543N07610141WA0210302108005010022022358
B1824390403546N07610139WA0210402109005010022036006
B1824400403549N07610137WA0210502111005010024050015
B1824410403551N07610133WA0210502112005010026063027
B1824420403552N07610128WA0210502113005010029083038
B1824430403551N07610122WA0210402113005010048121058
B1824440403547N07610116WA0210402114005010049123110
B1824450403542N07610109WA0210402114005010049133113
B1824460403536N07610104WA0210302114005010050147126
B1824470403530N07610096WA0210302113005010044152149
B1824480403524N07610090WA0210302113005010044153158
B1824490403517N07610086WA0210302112005010042157161
B1824500403511N07610082WA0210302112005010044160171
B1824510403504N07610079WA0210402112005010044165173
B1824520403497N07610077WA0210402113005010044167180
B1824530403490N07610075WA0210402113005010042174184
B1824540403483N07610074WA0210402113005010041178189
B1824550403477N07610074WA0210402113005010041180192
B1824560403470N07610074WA0210402113005010041179203
B1824570403464N07610073WA0210402113005010041179209
B1824580403458N07610073WA0210502114005010039179213
B1824590403452N07610073WA0210602114005010039187214
B1825000403446N07610074WA0210602115005010039195224
B1825010403440N07610076WA0210602115005010040202232
B1825020403435N07610079WA0210702115005010036214239
B1825030403431N07610082WA0210802115005010033227251
B1825040403428N07610086WA0211002115005010032240264
B1825050403428N07610090WA0211002116005010026280275
B1825060403429N07610094WA0211202116005010027288308
B1825070403431N07610097WA0211302117005010026330313
B1825080403435N07610099WA0211402117005010026335341
B1825090403439N07610100WA0211402117005010025346344
B1825100403442N07610101WA0211602117005010023357351
B1825110403445N07610101WA0211702117005010018016357
B1825120403448N07610100WA0211802118005010017039007
B1825130403451N07610097WA0211802119005010019052019
B1825140403454N07610095WA0211902119005010019068029
B1825150403455N07610092WA0212102119010019019090040
B1825160403453N07610085WA0212202118005010024127056
B1825180403450N07610080WA0212302117005010027139104
B1825190403446N07610076WA0212402116005010039161124
B1825200403434N07610071WA0212502116010019039170160
B1825220403426N07610069WA0212502116005010037181171
B1825230403415N07610069WA0212602115010019036185187
B1825240403407N07610068WA0212702114010019031192192
B1825260403394N07610072WA0212702113010019022214203
B1825270403391N07610076WA0212802112010019021248240
B1825280403391N07610080WA0212902111010019023271275
B1825290403392N07610084WA0213002110010019024297293
B1825300403395N07610088WA0213002109010019024327311
B1825310403399N07610090WA0213102107010019025354334
B1825320403403N07610090WA0213202106005010024009353
B1825330403407N07610090WA0213302105010019021022004
B1825340403410N07610089WA0213302104005010019046012
B1825350403415N07610086WA0213402105005010022069028
B1825360403419N07610082WA0213402105005010022082047
B1825370403421N07610078WA0213602105005010022093059
B1825380403423N07610070WA0213602105005010026116069
B1825390403422N07610064WA0213702104005010026131096
B1825400403419N07610060WA0213702102005010024157114
B1825410403416N07610056WA0213802102005010029177149
B1825420403411N07610054WA0213802101005010032184184
B1825430403404N07610054WA0213802100005010034181198
B1825440403398N07610054WA0213902101005010034184196
B1825450403393N07610055WA0214102101005010035196200
B1825460403388N07610056WA0214202101005010037205213
B1825470403383N07610059WA0214202101005010038207222
B1825480403376N07610061WA0214402102005010037212223
B1825490403371N07610064WA0214502102005010036218227
B1825500403365N07610067WA0214702103005010034226233
B1825510403359N07610071WA0214702104005010031237242
B1825520403354N07610074WA0214902105005010026259254
B1825530403352N07610078WA0215002106005010026266278
B1825540403352N07610082WA0215102106005010027276285
B1825560403352N07610087WA0215202107005010028290293
B1825570403354N07610090WA0215202107005010027301305
B1825580403356N07610094WA0215302107005010027316314
B1825590403359N07610097WA0215302108005010030334327
B1826000403364N07610099WA0215402108005010033343341
B1826010403368N07610100WA0215402108005010034356347
B1826020403373N07610100WA0215402108005010031012358
B1826030403378N07610098WA0215402108005010030026012
B1826040403382N07610096WA0215502108005010032039023
B1826050403385N07610092WA0215502108005010035051034
B1826060403388N07610087WA0215602108005010032064044
B1826070403390N07610083WA0215602108005010031075055
B1826080403391N07610078WA0215802107010019030088065
B1826090403391N07610073WA0215802107010019029103076
B1826100403390N07610069WA0215902107005010032126090
B1826110403387N07610064WA0216002107005010035148116
B1826120403382N07610060WA0216202106005010041163142
B1826130403376N07610057WA0216202105005010044164163
B1826140403369N07610054WA0216302105005010043164165
B1826150403363N07610052WA0216502106005010040172166
B1826160403357N07610052WA0216702105005010040184174
B1826170403352N07610051WA0216702107005010041194187
B1826180403346N07610053WA0216802107005010043197199
B1826190403340N07610054WA0217002108005010044199202
B1826200403333N07610056WA0217202108005010041205204
B1826210403327N07610058WA0217202109005010041210211
B1826220403321N07610061WA0217302109005010039215217
B1826230403310N07610068WA0217502110005010035233222
B1826240403306N07610072WA0217702111005010033246242
B1826250403304N07610076WA0217802111005010029259256
B1826260403304N07610080WA0217802112005010028280271
B1826270403306N07610083WA0218002112005010027346291
B1826280403310N07610083WA0218202112005010028356348
B1826290403314N07610083WA0218302111005010025013356
B1826300403318N07610082WA0218302111005010026018010
B1826310403322N07610081WA0218502111005010026024014
B1826320403326N07610079WA0218602111005010026031019
B1826330403329N07610077WA0218802112005010026041025
B1826340403332N07610074WA0218802112005010027048033
B1826350403335N07610070WA0219002112005010026058040
B1826360403340N07610067WA0219202116005010023068047
B1826370403344N07610063WA0219502119005010023082055
B1826380403346N07610057WA0219502121005010026107068
B1826390403346N07610051WA0219702122005010025126094
B1826400403344N07610046WA0219902122005010026145114
B1826410403341N07610043WA0220102122005010026158137
B1826420403337N07610040WA0220102122005010027165153
B1826430403331N07610038WA0220202123005010033204162
B1826440403327N07610041WA0220402123010019036214209
B1826450403321N07610043WA0220502124010019036223221
B1826460403314N07610046WA0220502123010019034230230
B1826470403308N07610050WA0220702122010019031237238
B1826480403304N07610054WA0220802121010019029247247
B1826490403298N07610058WA0221002121010019026263258
B1826500403297N07610062WA0221002120010019025274275
B1826510403296N07610065WA0221102119010019024289286
B1826520403298N07610069WA0221202119010019023305300
B1826530403299N07610072WA0221302118010019021330314
B1826540403302N07610074WA0221302118010019019342336
B1826550403305N07610075WA0221502117005010019354345
B1826560403307N07610075WA0221702116005010019008355
B1826570403310N07610075WA0221902117005010017029006
B1826580403315N07610073WA0221902118005010021048022
B1826590403321N07610070WA0222102120005010023058039
B1827000403326N07610066WA0222302124005010022069048
B1827010403331N07610062WA0222502127005010021087057
B1827020403334N07610056WA0222502129005010026111072
B1827030403334N07610048WA0222602131005010031126099
B1827040403331N07610042WA0222802132005010034146117
B1827050403328N07610038WA0222902133005010032160140
B1827060403324N07610035WA0222902134005010030174156
B1827070403319N07610033WA0223102134005010030184173
B1827080403315N07610033WA0223202134005010031194184
B1827090403310N07610034WA0223302134005010034204197
B1827100403305N07610035WA0223302134005010035205209
B1827110403300N07610037WA0223502135005010036208210
B1827120403296N07610039WA0223602135005010035209212
B1827130403287N07610040WA0223802137005010033215214
B1827140403280N07610041WA0223802140005010031224222
B1827150403276N07610044WA0223902140005010031229232
B1827160403271N07610048WA0224002141005010034268238
B1827170403270N07610052WA0224102142005010033281277
B1827180403271N07610056WA0224102143005010031290290
B1827190403271N07610061WA0224202145005010028299299
B1827200403273N07610065WA0224302147005010028310308
B1827210403276N07610068WA0224402148005010028322318
B1827220403280N07610070WA0224402148005010029336329
B1827230403283N07610072WA0224502149005010031353340
B1827240403287N07610072WA0224602150005010032004354
B1827250403292N07610071WA0224802150005010033022004
B1827260403296N07610068WA0224902151005010033035019
B1827270403300N07610065WA0224902151005010033039031
B1827280403303N07610062WA0225102151005010033049035
B1827290403306N07610057WA0225302151005010034061044
B1827300403309N07610052WA0225302152005010035073055
B1827310403310N07610047WA0225502152005010036081065
B1827320403311N07610041WA0225702152005010036092074
B1827330403311N07610035WA0225802152005010035095084
B1827340403311N07610029WA0225802153005010031104086
B1827350403311N07610026WA0225902157005010033134095
B1827360403308N07610023WA0225902162005010036137127
B1827370403305N07610020WA0225902165005010035136132
B1827380403303N07610017WA0225902169005010033142131
B1827390403299N07610015WA0226002171005010031157137
B1827400403295N07610013WA0226102174005010032175153
B1827410403290N07610013WA0226202176005010035189175
B1827420403285N07610013WA0226202177005010035189191
B1827430403279N07610015WA0226402179005010039205191
B1827440403274N07610017WA0226502180005010039209209
B1827450403269N07610020WA0226702180005010039211213
B1827460403264N07610023WA0226702181005010038214216
B1827470403259N07610026WA0226802181005010035225219
B1827480403256N07610030WA0227002182005010032237231
B1827490403254N07610034WA0227302183005010030247244
B1827500403253N07610038WA0227502184005010028262256
B1827510403255N07610041WA0227502185005010034337271
B1827520403259N07610043WA0227602185005010033354340
B1827530403264N07610043WA0227802185005010029006354
B1827540403268N07610042WA0227902185010019029008005
B1827550403273N07610041WA0227902185010019032018006
B1827560403277N07610040WA0228102185010019035029016
B1827570403282N07610037WA0228202185005010035035025
B1827580403286N07610033WA0228302185005010034046031
B1827590403289N07610029WA0228302185005010029056041
B1828000403292N07610025WA0228402185005010027071049
B1828010403295N07610019WA0228502185005010028079062
B1828020403296N07610014WA0228502185005010025082071
B1828030403299N07610010WA0228502189005010026094073
B1828040403300N07610006WA0228502193005010029101085
B1828050403300N07610002WA0228502195005010029114093
B1828060403299N07609999WA0228502198005010031130107
B1828070403296N07609996WA0228502200005010033147124
B1828080403291N07609993WA0228602201005010036152143
B1828090403286N07609991WA0228702202005010037157149
B1828100403280N07609989WA0228802202005010038159155
B1828110403275N07609987WA0228802202005010036163156
B1828120403270N07609985WA0228902202005010034172161
B1828130403263N07609985WA0229002201010019031182171
B1828140403258N07609986WA0229202201010019033188182
B1828150403253N07609987WA0229202201010019034192190
B1828160403248N07609988WA0229502201010019034194194
B1828170403244N07609990WA0229802201010019033196196
B1828180403243N07609992WA0230102201010019029310198
B1828190403245N07609996WA0230102202010019031313315
B1828200403248N07610001WA0230302203010019030318317
B1828210403251N07610004WA0230602203010019031326322
B1828220403255N07610006WA0230702203010019032336330
B1828230403260N07610008WA0230702203010019032348339
B1828240403264N07610008WA0230902203010019033018349
B1828250403269N07610006WA0231002203010019033031016
B1828260403273N07610003WA0231102203010019034038028
B1828270403277N07610000WA0231102203005010031042034
B1828280403280N07609997WA0231202204005010026048038
B1828290403283N07609993WA0231302204005010021057043
B1828300403285N07609989WA0231402204005010023073049
B1828310403286N07609986WA0231402205005010024082065
B1828320403286N07609982WA0231402206005010031114074
B1828330403284N07609978WA0231302207005010034121109
B1828340403281N07609974WA0231302208005010037114122
B1828350403279N07609968WA0231302208005010038115119
B1828360403276N07609963WA0231302208005010038119123
B1828370403273N07609959WA0231302210005010029141126
B1828380403269N07609958WA0231402211005010029177145
B1828390403264N07609958WA0231402211005010030179183
B1828400403259N07609958WA0231502211005010030179184
B1828410403254N07609958WA0231702211005010030190184
B1828420403249N07609959WA0231902211005010031205195
B1828430403245N07609962WA0231902211005010031217211
B1828440403242N07609965WA0232102212005010029227224
B1828450403239N07609968WA0232302213005010028243235
B1828460403239N07609972WA0232502214005010030296252
B1828470403241N07609976WA0232502214005010033302303
B1828480403244N07609980WA0232702215005010034312308
B1828490403247N07609984WA0232902217005010032344317
B1828500403251N07609985WA0233102217005010030355347
B1828510403256N07609985WA0233102218005010029024357
B1828520403260N07609983WA0233302219005010031037022
B1828530403264N07609980WA0233402219005010033052034
B1828540403266N07609975WA0233502220005010033060048
B1828550403270N07609971WA0233502223005010033072056
B1828560403274N07609967WA0233602227005010032077067
B1828570403274N07609962WA0233702228005010034088072
B1828580403274N07609957WA0233802229005010035101083
B1828590403275N07609954WA0233802235005010033120096
B1829000403273N07609952WA0233902238005010032142115
B1829010403270N07609951WA0233902242005010034156138
B1829020403266N07609949WA0234002244005010034163154
B1829030403262N07609948WA0234002247005010032173162
B1829040403258N07609948WA0234002250005010032182173
B1829050403253N07609948WA0234102250005010032187182
B1829060403248N07609948WA0234102251005010033192188
B1829070403243N07609949WA0234102253005010034201193
B1829080403239N07609951WA0234202253005010030216203
B1829090403235N07609954WA0234302253005010029227220
B1829110403232N07609957WA0234502254005010031249232
B1829120403231N07609962WA0234602255005010032265255
B1829130403229N07609966WA0234602259005010033278271
B1829140403228N07609971WA0234802260005010033279283
B1829150403228N07609975WA0235002261005010034284284
B1829160403230N07609980WA0235202263005010036316289
B1829170403235N07609983WA0235202263005010037329319
B1829180403240N07609986WA0235302264005010035342330
B1829190403244N07609987WA0235502265005010036354342
B1829200403250N07609987WA0235702266005010039007354
B1829210403256N07609986WA0235702266005010037023006
B1829220403261N07609984WA0235802267005010036037020
B1829230403264N07609980WA0235902267005010033056033
B1829240403267N07609975WA0236002267005010030077051
B1829250403268N07609971WA0236002268005010031085071
B1829260403268N07609966WA0236002268005010031095080
B1829270403267N07609961WA0236002269005010034118090
B1829280403264N07609957WA0236002269005010035124116
B1829290403261N07609954WA0236002271005010035131122
B1829300403258N07609951WA0235902272005010034139130
B1829310403255N07609948WA0235902274005010035149139
B1829320403250N07609947WA0235902276005010034164149
B1829330403246N07609946WA0235902279005010035181166
B1829340403241N07609947WA0235902279005010035188184
B1829350403235N07609948WA0235902280005010037195192
B1829360403231N07609949WA0236002281005010039199199
B1829370403226N07609951WA0236002282005010034215202
B1829380403222N07609954WA0236202284005010032216219
B1829390403217N07609957WA0236302284005010029226221
B1829400403215N07609960WA0236502285005010028244232
B1829410403215N07609965WA0236702287005010031261250
B1829420403217N07609974WA0236702289005010035299265
B1829430403220N07609978WA0236902290005010036314301
B1829440403224N07609982WA0237102291005010037328314
B1829450403229N07609984WA0237302292005010037339327
B1829460403235N07609986WA0237302293005010037349338
B1829470403240N07609987WA0237402294005010037000347
B1829480403246N07609986WA0237602295005010036016357
B1829490403251N07609984WA0237802296005010036030012
B1829500403256N07609981WA0237802298005010036046026
B1829510403259N07609977WA0238002299005010036056042
B1829520403261N07609972WA0238102300005010028083052
B1829530403261N07609968WA0238202301005010024098079
B1829540403261N07609965WA0238202302005010024112094
B1829550403259N07609962WA0238202304005010028127111
B1829560403256N07609958WA0238302306005010031141127
B1829570403253N07609958WA0238302310005010032158143
B1829580403250N07609958WA0238302313005010032177161
B1829590403245N07609959WA0238202315005010034182181
B1830000403240N07609959WA0238202316005010039193186
B1830010403234N07609960WA0238202317005010035199200
B1830020403229N07609964WA0238202321005010032203209
B1830030403224N07609967WA0238202325005010030202216
B1830040403220N07609970WA0238302328005010028203218
B1830050403216N07609972WA0238402331010019028205222
B1830060403212N07609975WA0238502333010019027211230
B1830070403208N07609977WA0238502335010019028214240
B1830080403205N07609979WA0238702337010019029221242
B1830090403202N07609982WA0238802338010019029232251
B1830100403200N07609986WA0239002338010019029248258
B1830110403199N07609990WA0239002340010019032265268
B1830120403199N07609995WA0239102342010019031283281
B1830130403200N07609999WA0239202343010019036302294
B1830140403204N07610004WA0239302345005010039319310
B1830150403209N07610007WA0239302346005010040331324
B1830160403214N07610009WA0239402348010019038348335
B1830170403220N07610010WA0239502349010019037002351
B1830180403225N07610009WA0239702350010019038008002
B1830190403230N07610008WA0239702351010019036018008
B1830200403235N07610006WA0239802352010019038031018
B1830210403240N07610002WA0239902353005010039047031
B1830220403243N07609997WA0240002355005010041060047
B1830230403246N07609991WA0240002356005010042064060
B1830240403248N07609986WA0240102357005010036078064
B1830250403248N07609981WA0240202359005010034098079
B1830260403248N07609976WA0240202362005010033098102
B1830270403248N07609972WA0240202365005010033101103
B1830280403247N07609967WA0240202367005010032106105
B1830290403245N07609962WA0240202368005010032116111
B1830300403242N07609958WA0240202369005010032126120
B1830310403241N07609956WA0240202373005010033135131
B1830320403237N07609953WA0240102375005010032142140
B1830330403234N07609950WA0240102377005010030153148
B1830340403230N07609949WA0240102379005010030169159
B1830350403225N07609949WA0240102380005010033185175
B1830360403220N07609950WA0240102381005010036196190
B1830370403214N07609951WA0240102382005010035202200
B1830380403209N07609954WA0240102384010019029213206
B1830390403205N07609956WA0240102385010019025221222
B1830400403202N07609958WA0240102386010019026221235
B1830410403199N07609961WA0240202387010019028226236
B1830420403196N07609965WA0240202388010019032250240
B1830430403195N07609970WA0240202389010019035266258
B1830440403195N07609975WA0240202389010019037279271
B1830450403197N07609980WA0240202390010019037290283
B1830460403199N07609985WA0240102391010019036300293
B1830470403202N07609990WA0240102392010019036310301
B1830480403206N07609994WA0240002392010019037324310
B1830490403211N07609996WA0239902393010019037340323
B1830500403217N07609997WA0239902393010019042355338
B1830510403223N07609997WA0239902393010019045005353
B1830530403230N07609996WA0239802393010019047013003
B1830540403236N07609994WA0239702394010019042025011
B1830550403242N07609991WA0239702394010019039030026
B1830560403247N07609989WA0239702394010019038028030
B1830570403252N07609986WA0239702395005010037031030
B1830580403256N07609982WA0239702395005010036039031
B1830590403260N07609978WA0239702395005010036054040
B1831000403263N07609974WA0239602395005010034063055
B1831010403265N07609969WA0239602395005010033079065
B1831020403265N07609964WA0239502395005010033095082
B1831030403263N07609959WA0239402395005010034114099
B1831040403261N07609955WA0239302394005010032124119
B1831050403257N07609952WA0239002394005010034140130
B1831060403253N07609949WA0239002394005010037159146
B1831070403247N07609947WA0238802393005010040167169
B1831080403241N07609946WA0238502393005010045169179
B1831090403234N07609945WA0238202392005010045171186
B1831100403228N07609945WA0238202392005010039174190
B1831110403218N07609945WA0238002392005010032187193
B1831120403213N07609946WA0237802392005010033188199
B1831130403208N07609946WA0237602391005010035187200
B1831140403202N07609947WA0237602391005010034193211
B1831150403198N07609949WA0237402390005010032203221
B1831160403193N07609951WA0237302390005010032215218
B1831170403189N07609955WA0237302389005010036219217
B1831180403185N07609958WA0237302388005010041217213
B1831190403180N07609962WA0237102387005010042216216
B1831200403175N07609966WA0237002387005010038215222
B1831210403170N07609969WA0237002386005010035214235
B1831220403166N07609972WA0237002386005010035219226
B1831230403162N07609975WA0236902386005010038219222
B1831240403157N07609979WA0236902386005010040214216
B1831250403152N07609982WA0236902386005010038208233
B1831260403147N07609984WA0236902385005010036213236
B1831270403143N07609987WA0236902386005010035218235
B1831280403139N07609991WA0237002386005010035221226
B1831290403135N07609994WA0237002386005010037222226
B1831300403131N07609998WA0237002386005010039223232
B1831310403126N07610003WA0237002386005010041226241
B1831320403122N07610007WA0237002386005010042228236
B1831330403118N07610012WA0237002386005010042230233
B1831340403114N07610017WA0237002386005010039224230
B1831350403110N07610020WA0237002386005010036219226
B1831360403106N07610024WA0237002387005010035221238
B1831370403102N07610027WA0237002387005010036225241
B1831380403098N07610031WA0237002387005010038230252
B1831390403094N07610036WA0237002387005010041232221
B1831400403090N07610041WA0237002387005010042232238
B1831410403087N07610046WA0237002387005010042232227
B1831420403083N07610051WA0237002387005010040228228
B1831430403079N07610055WA0237002387005010038224231
B1831440403075N07610059WA0236902387005010038224235
B1831450403071N07610064WA0236802387005010039228232
B1831460403067N07610068WA0236802387005010039232232
B1831470403063N07610073WA0236802387005010040228217
B1831480403059N07610077WA0236702386005010042221211
B1831490403054N07610081WA0236702386005010041212215
B1831500403048N07610084WA0236602386005010040209215
B1831510403043N07610087WA0236602386005010038212224
B1831520403039N07610090WA0236602386005010038218225
B1831530403034N07610094WA0236502386005010038217218
B1831540403030N07610097WA0236502385005010041221215
B1831550403025N07610101WA0236502385005010041218219
B1831560403020N07610105WA0236302384005010043217220
B1831570403014N07610109WA0236102383005010045215220
B1831580403009N07610113WA0235902382005010041218217
B1831590403004N07610117WA0235902381005010038218211
B1832000403000N07610120WA0235602379005010039215208
B1832010402995N07610123WA0235302378005010042210210
B1832020402989N07610127WA0235002375005010046209216
B1832030402983N07610130WA0235002373005010046209214
B1832040402977N07610133WA0234602371005010045208208
B1832050402971N07610136WA0234402369005010042204201
B1832060402965N07610138WA0234102367005010042197209
B1832070402959N07610140WA0234102365005010045194215
B1832080402952N07610142WA0233802363005010048197215
B1832090402945N07610144WA0233602361005010049198204
B1832100402938N07610146WA0233402359005010046196197
B1832110402932N07610147WA0233402357005010042188199
B1832120402926N07610148WA0233302355005010040189204
B1832130402920N07610149WA0233102354005010040188221
B1832140402914N07610151WA0232902351005010045210223
B1832150402908N07610155WA0232902349005010050211219
B1832160402901N07610159WA0232802347005010052215208
B1832170402895N07610163WA0232602345005010046202215
B1832180402889N07610165WA0232402344005010039206225
B1832190402884N07610168WA0232402342005010038203227
B1832200402879N07610171WA0232202341005010042217221
B1832210402873N07610175WA0232102339005010048216222
B1832220402868N07610179WA0232002337005010049215227
B1832230402861N07610184WA0232002336005010049216236
B1832240402856N07610188WA0231902334005010046217234
B1832250402850N07610192WA0231802333005010043220235
B1832260402845N07610196WA0231702332005010044221227
B1832270402840N07610201WA0231702330005010046220231
B1832280402835N07610206WA0231502329005010047222234
B1832290402830N07610211WA0231402328005010048225230
B1832300402825N07610216WA0231302327005010047224221
B1832310402820N07610221WA0231302327005010045221218
B1832320402815N07610225WA0231202326005010045221221
B1832330402809N07610230WA0231102325005010047221224
B1832340402804N07610234WA0231002324005010048219222
B1832350402798N07610239WA0231002323005010048218227
B1832360402793N07610243WA0230902323005010049219227
B1832370402787N07610248WA0230702322005010050222226
B1832380402781N07610253WA0230602321005010049222216
B1832390402776N07610258WA0230602320005010046216220
B1832400402770N07610262WA0230402319005010044214226
B1832410402765N07610266WA0230202318005010045217228
B1832420402759N07610270WA0230102317005010045217226
B1832430402754N07610274WA0230102316005010048220216
B1832440402748N07610279WA0230002314005010049218219
B1832450402742N07610283WA0229802313005010049216223
B1832460402737N07610288WA0229602311005010047217219
B1832470402731N07610292WA0229602309005010045217215
B1832480402726N07610296WA0229402308005010046217216
B1832490402720N07610300WA0229102306005010048216221
B1832500402714N07610304WA0228802304005010051217224
B1832510402708N07610309WA0228802302005010050217211
B1832520402702N07610313WA0228502300005010049214208
B1832530402696N07610317WA0228202298005010048211203
B1832540402690N07610321WA0227902296005010046208214
B1832550402684N07610324WA0227902294005010047208218
B1832560402677N07610328WA0227602292005010048209217
B1832570402671N07610331WA0227302290005010048208217
B1832580402665N07610334WA0227102288005010046207213
B1832590402659N07610338WA0227102287005010043210221
B1833000402653N07610341WA0226902285005010042216223
B1833010402648N07610345WA0226702284005010043219217
B1833020402643N07610349WA0226502282005010046220211
B1833030402637N07610354WA0226502280005010048213216
B1833040402631N07610358WA0226302278005010048213225
B1833050402625N07610361WA0226102277005010044211233
B1833060402620N07610365WA0225902275005010042218226
B1833070402615N07610369WA0225902273005010041217214
B1833080402610N07610373WA0225702272005010041219209
B1833090402605N07610376WA0225502270005010042217212
B1833100402600N07610380WA0225202269005010044212217
B1833110402594N07610383WA0225202267005010046212215
B1833120402588N07610387WA0224902264005010045210213
B1833130402582N07610390WA0224602262005010044209210
B1833140402577N07610394WA0224302260005010045210219
B1833150402571N07610397WA0224302257005010045211218
B1833160402565N07610400WA0223902254005010046210221
B1833170402559N07610404WA0223502251005010046209216
B1833180402552N07610407WA0223202249005010047208221
B1833190402546N07610411WA0223202246005010047209219
B1833200402540N07610414WA0222802244005010046210225
B1833210402534N07610418WA0222602241005010047211215
B1833220402528N07610421WA0222302239005010046208211
B1833230402522N07610424WA0222302236005010044204215
B1833240402516N07610427WA0222102234005010042204224
B1833250402510N07610429WA0221902232005010042205229
B1833260402504N07610432WA0221602229005010041206215
B1833270402498N07610435WA0221602226005010045211219
B1833280402492N07610439WA0221402224005010047210235
B1833290402486N07610442WA0221102221005010046210229
B1833300402481N07610446WA0220702218005010043213236
B1833310402476N07610449WA0220702216005010041216225
B1833320402471N07610453WA0220302213005010040217228
B1833330402466N07610457WA0220002211005010042217231
B1833340402460N07610461WA0219702208005010044216233
B1833350402455N07610464WA0219702206005010043212221
B1833360402450N07610468WA0219502204005010039208220
B1833370402444N07610470WA0219302203005010036206222
B1833380402440N07610473WA0219102202005010036208225
B1833390402435N07610476WA0219102200005010038213227
B1833400402430N07610479WA0218902198005010040216221
B1833410402425N07610483WA0218802196005010042214214
B1833420402420N07610486WA0218602194005010043209219
B1833430402414N07610489WA0218602192005010043207227
B1833440402408N07610492WA0218402190005010042208227
B1833450402403N07610495WA0218102188005010038217221
B1833460402399N07610499WA0217902186005010040219216
B1833470402394N07610503WA0217902184005010041216220
B1833480402389N07610506WA0217602182005010041214227
B1833490402384N07610510WA0217302180005010040217231
B1833500402379N07610513WA0217102177005010039218234
B1833510402375N07610517WA0217102175005010039226241
B1833520402371N07610522WA0216802173005010039230248
B1833530402367N07610526WA0216502170005010038236252
B1833540402365N07610531WA0216202168005010036245255
B1833550402362N07610536WA0216202166005010036248243
B1833560402360N07610541WA0215902163005010036247241
B1833570402358N07610546WA0215602161005010037245250
B1833580402356N07610551WA0215302159005010039243255
B1833590402353N07610557WA0215302156005010040247253
B1834000402351N07610562WA0215002154005010042250244
B1834010402348N07610568WA0214602151005010042247249
B1834020402346N07610574WA0214302149005010041242250
B1834030402343N07610579WA0214302146005010040241250
B1834040402340N07610584WA0214002144005010039241246
B1834050402337N07610589WA0213702141005010039241247
B1834060402334N07610595WA0213402139005010041241249
B1834070402331N07610600WA0213402136005010041239254
B1834080402328N07610605WA0213102134005010039241260
B1834090402325N07610611WA0212902132005010039246256
B1834100402323N07610616WA0212702130005010040248250
B1834110402321N07610622WA0212702128005010040247247
B1834120402318N07610627WA0212502126005010041246246
B1834130402316N07610633WA0212302124005010039244246
B1834140402313N07610638WA0212102122005010037244247
B1834150402311N07610643WA0212102120005010036245245
B1834160402309N07610648WA0211902118005010036245246
B1834170402307N07610653WA0211702116005010039246239
B1834180402304N07610658WA0211402114005010040243243
B1834190402301N07610663WA0211102111005010040242246
B1834200402299N07610669WA0211102109005010039243252
B1834210402296N07610674WA0210802107005010038245251
B1834220402294N07610679WA0210402104005010037249254
B1834230402292N07610684WA0210102102005010037251254
B1834240402290N07610690WA0210102100005010037253255
B1834250402289N07610695WA0209802097005010037254253
B1834260402287N07610700WA0209502095005010036253248
B1834270402285N07610705WA0209302093005010034248243
B1834280402283N07610710WA0209302091005010034246242
B1834290402281N07610715WA0209002089005010035238246
B1834300402278N07610719WA0208802087005010036238250
B1834310402275N07610724WA0208502085005010036240251
B1834320402273N07610729WA0208502082005010038245249
B1834330402270N07610734WA0208202080005010038244246
B1834340402268N07610739WA0208002078005010037242250
B1834350402265N07610744WA0207702075005010037241252
B1834360402262N07610748WA0207702073005010036242252
B1834370402260N07610753WA0207402071005010035241249
B1834380402257N07610758WA0207102069005010036238248
B1834390402254N07610762WA0206802066005010035234252
B1834400402251N07610766WA0206802064005010034235259
B1834410402248N07610771WA0206502062005010034240261
B1834420402246N07610775WA0206302060005010033242255
B1834430402244N07610779WA0206002058005010033244250
B1834440402241N07610784WA0206002056005010033242255
B1834450402239N07610788WA0205802054005010031241256
B1834460402237N07610792WA0205602053005010030243255
B1834470402235N07610796WA0205402051005010029248254
B1834480402234N07610800WA0205402050005010030248243
B1834490402232N07610804WA0205302048005010032243229
B1834500402230N07610809WA0205102046005010033240237
B1834510402227N07610812WA0205002045005010030219246
B1834520402223N07610815WA0205002044005010027213257
B1834530402220N07610817WA0204902044005010024220251
B1834540402217N07610820WA0204902043005010024232245
B1834550402215N07610823WA0204802043005010026235233
B1834560402213N07610826WA0204802042005010029231232
B1834570402210N07610829WA0204802042005010030226236
B1834580402207N07610833WA0204702041005010031226247
B1834590402203N07610836WA0204702040005010031230235
B1835000402200N07610840WA0204702040005010031230240
B1835010402197N07610844WA0204502039005010035227232
B1835020402193N07610848WA0204302038005010034225240
B1835030402190N07610851WA0204202037005010029218234
B1835040402186N07610853WA0204202036005010029212236
B1835050402183N07610856WA0204002035005010029216234
B1835060402179N07610859WA0203802033005010035227233
B1835070402175N07610863WA0203502032005010037220228
B1835080402171N07610867WA0203502030005010038219224
B1835090402167N07610870WA0203202029005010035219222
B1835100402162N07610873WA0202902028005010032211214
B1835110402158N07610876WA0202602026005010032210226
B1835120402154N07610878WA0202602025005010033208229
B1835130402150N07610881WA0202302023005010037217218
B1835140402145N07610884WA0202102022005010039212212
B1835150402140N07610887WA0201902020005010040205214
B1835160402134N07610890WA0201902019005010039201225
B1835170402129N07610892WA0201702018005010036201226
B1835180402124N07610894WA0201502016005010035200225
B1835190402119N07610896WA0201302015005010034201227
B1835200402114N07610898WA0201302013005010036204235
B1835210402110N07610901WA0201202011005010037212244
B1835220402105N07610904WA0201002010005010036219249
B1835230402101N07610908WA0200802008005010036226251
B1835240402097N07610912WA0200802006005010038232251
B1835250402094N07610917WA0200602004005010043235250
B1835260402090N07610922WA0200302001005010046234258
B1835270402086N07610928WA0200001998005010044233270
B1835280402082N07610933WA0200001996005010038240270
B1835290402080N07610938WA0199701994005010035245287
B1835300402078N07610943WA0199501992005010034249258
B1835310402076N07610948WA0199401990005010037251258
B1835320402074N07610953WA0199401987005010037249253
B1835330402072N07610958WA0199401986005010040247243
B1835340402069N07610963WA0199401984005010037223243
B1835350402064N07610966WA0199601984005010033216242
B1835360402061N07610969WA0199601984005010030220237
B1835370402057N07610972WA0199801984005010029224230
B1835380402054N07610975WA0200101985005010029228228
B1835390402051N07610978WA0200401986005010030230255
B1835400402048N07610982WA0200401988005010028231245
B1835410402046N07610985WA0200901989005010027230248
B1835420402043N07610988WA0201301991005010026232236
B1835430402041N07610991WA0201701993005010027234249
B1835440402039N07610995WA0201701995005010028239239
B1835450402037N07610998WA0202101997005010027242225
B1835460402035N07611002WA0202501999005010026241209
B1835470402032N07611006WA0202902002005010028231204
B1835480402030N07611009WA0202902004005010026217194
B1835490402026N07611011WA0203202006005010027198192
B1835500402022N07611011WA0203502008005010027175181
B1835510402018N07611010WA0203702010005010027151172
B1835530402014N07611008WA0203702012005010027141160
B1835540402011N07611001WA0204002017005010026108141
B1835550402012N07610996WA0204202019005010029076119
B1835560402014N07610991WA0204202021005010035060080
B1835570402018N07610986WA0204302022005010036046055
B1835590402022N07610982WA0204402025005010037037031
B1836010402033N07610980WA0204502029005010041329013
B1836030402041N07610989WA0204902034005010036303296
B1836040402043N07610994WA0205202037010019033283278
B1836050402044N07610999WA0205202040010019034270258
B1836060402044N07611004WA0205602042010019034260244
B1836070402042N07611009WA0205902044010019034245232
B1836080402040N07611014WA0206202045010019034231214
B1836090402036N07611018WA0206202047010019034227205
B1836100402032N07611020WA0206502049010019031194198
B1836110402027N07611021WA0206802052010019030178180
B1836120402023N07611020WA0207002054010019029160165
B1836130402019N07611018WA0207002056010019030153149
B1836140402015N07611015WA0207202057010019033147135
B1836150402011N07611012WA0207302059005010034137128
B1836160402008N07611008WA0207502060005010034120122
B1836170402006N07611003WA0207502062005010035098110
B1836180402006N07610998WA0207602064005010037087094
B1836190402007N07610992WA0207702065005010036079083
B1836200402010N07610988WA0207902067005010035038076
B1836210402014N07610985WA0207902068005010039021040
B1836220402020N07610983WA0208102070005010038020020
B1836230402026N07610982WA0208302072005010037359018
B1836240402032N07610983WA0208502073005010036356356
B1836250402036N07610984WA0208502075005010033322353
B1836260402040N07610988WA0208802077005010033314309
B1836270402043N07610993WA0209102080005010033304296
B1836280402046N07610997WA0209502082005010031295290
B1836290402047N07611002WA0209502084005010034279279
B1836300402047N07611008WA0209802085005010035267264
B1836310402047N07611013WA0210002086005010036261251
B1836320402046N07611018WA0210102087005010033254245
B1836330402044N07611023WA0210102088005010031245242
B1836340402042N07611027WA0210302090005010029232233
B1836350402039N07611030WA0210402091005010027218221
B1836360402036N07611032WA0210502093005010026216202
B1836370402033N07611034WA0210502095005010024210197
B1836380402029N07611036WA0210702096005010025200187
B1836390402025N07611037WA0210802097005010029181184
B1836400402021N07611036WA0210902099005010033163162
B1836410402016N07611034WA0210902100005010033146152
B1836420402013N07611031WA0211002101005010032131139
B1836430402010N07611027WA0211102102005010033116125
B1836440402008N07611022WA0211202103005010037106113
B1836450402007N07611016WA0211202105005010041096102
B1836460402007N07611010WA0211202106005010041081092
B1836470402009N07611004WA0211302107005010039062080
B1836480402013N07611000WA0211402109005010037046060
B1836490402017N07610996WA0211402110005010037032046
B1836500402023N07610994WA0211602112005010038018029
B1836510402028N07610993WA0211702113005010039008015
B1836520402034N07610992WA0211802114005010037000003
B1836530402039N07610993WA0211802115005010034353350
B1836540402044N07610994WA0212002117005010031347343
B1836550402049N07610995WA0212102118005010034332335
B1836560402053N07611000WA0212302120005010033311321
B1836570402055N07611006WA0212302122005010034290300
B1836580402056N07611011WA0212602124005010034272281
B1836590402055N07611016WA0212902125005010032260264
B1837000402054N07611021WA0213102126005010031246253
B1837010402051N07611025WA0213102128005010030225239
B1837020402048N07611027WA0213402130005010028200222
B1837030402043N07611028WA0213602131005010031168200
B1837040402039N07611026WA0213802132005010034144172
B1837050402035N07611022WA0213802134005010036121149
B1837060402033N07611017WA0214002135005010037106127
B1837070402033N07611011WA0214202137005010041090111
B1837080402033N07611004WA0214302138005010043087095
B1837090402035N07610998WA0214502140005010043048091
B1837100402040N07610994WA0214502141005010043030049
B1837110402047N07610992WA0214602143005010043020029
B1837120402053N07610990WA0214802145005010038008018
B1837130402059N07610990WA0215002147005010036354005
B1837140402064N07610993WA0215002149005010042324349
B1837150402069N07610997WA0215202150005010041314314
B1837160402073N07611002WA0215502152005010041310299
B1837170402077N07611007WA0215702154010019036306291
B1837180402080N07611012WA0215702156010019035299280
B1837190402082N07611017WA0215902157010019036288275
B1837200402084N07611023WA0216002158010019037275267
B1837210402084N07611028WA0216102159010019035268259
B1837220402083N07611033WA0216102160010019031254251
B1837230402081N07611037WA0216202160010019026239241
B1837240402079N07611040WA0216302161010019025227228
B1837250402076N07611043WA0216402162005010024213220
B1837260402073N07611045WA0216402163005010026200207
B1837270402069N07611045WA0216602164005010027181197
B1837280402065N07611044WA0216702165005010029159181
B1837290402061N07611042WA0216902166005010032135162
B1837300402058N07611038WA0216902167005010034120140
B1837310402056N07611033WA0217102168005010041104126
B1837320402055N07611026WA0217202170005010044094108
B1837330402055N07611020WA0217402171005010041090098
B1837340402058N07611015WA0217402172005010042033095
B1837350402064N07611012WA0217602173005010045016032
B1837360402071N07611011WA0217802174005010046002013
B1837370402078N07611011WA0218102175005010043346357
B1837380402084N07611013WA0218102176005010042335340
B1837390402090N07611016WA0218302178005010036322327
B1837400402094N07611020WA0218502179005010030314313
B1837410402096N07611024WA0218702180005010028277302
B1837420402096N07611029WA0218702182010019027263266
B1837430402095N07611033WA0218802183010019026246254
B1837440402093N07611037WA0218902183010019027229239
B1837450402090N07611040WA0219002184010019026212226
B1837460402086N07611041WA0219002186010019030185212
B1837470402082N07611042WA0219102187010019029171189
B1837480402078N07611041WA0219102188010019026160178
B1837490402074N07611039WA0219202189010019027143169
B1837500402071N07611036WA0219202190010019032127155
B1837510402069N07611032WA0219302191010019036115139
B1837520402067N07611027WA0219502192005010038101126
B1837530402067N07611021WA0219602194005010039078111
B1837540402069N07611015WA0219602195005010042066086
B1837550402073N07611010WA0219702197005010045041072
B1837560402079N07611007WA0219802198005010045028043
B1837570402085N07611004WA0220002200005010044021028
B1837580402092N07611002WA0220002202005010040011019
B1837590402098N07611003WA0220202203005010039344007
B1838000402103N07611005WA0220302205005010041331336
B1838010402109N07611008WA0220502206005010039329321
B1838020402113N07611013WA0220502208005010034310319
B1838030402115N07611017WA0220702210005010031290294
B1838040402116N07611022WA0220802212005010030283272
B1838050402117N07611027WA0220802213005010029281259
B1838060402117N07611031WA0220802214005010027275252
B1838070402117N07611035WA0220802214005010027262246
B1838080402116N07611040WA0220802215005010028242237
B1838090402114N07611043WA0220802215010019027226227
B1838100402111N07611046WA0220802216010019025211217
B1838110402107N07611047WA0220702217010019025196203
B1838120402103N07611048WA0220702217010019026187191
B1838130402099N07611048WA0220702218010019026183183
B1838140402095N07611048WA0220702219010019025179172
B1838150402091N07611048WA0220702219010019024172177
B1838160402088N07611047WA0220802220010019024167165
B1838170402084N07611046WA0220902221010019025163164
B1838180402080N07611045WA0220902222010019032158164
B1838190402075N07611043WA0220902222010019033156181
B1838200402071N07611041WA0220902223010019031158177
B1838210402067N07611040WA0221002224010019025164175
B1838220402063N07611039WA0221002225010019025167171
B1838230402059N07611039WA0221002226010019027177162
B1838240402055N07611038WA0221102226010019032170154
B1838250402050N07611037WA0221102227010019035159150
B1838260402045N07611034WA0221102227010019036146136
B1838270402041N07611031WA0221102227010019035133132
B1838280402038N07611027WA0221002227010019034120126
B1838290402036N07611022WA0221002228010019035108118
B1838300402035N07611017WA0221002228005010037093107
B1838310402035N07611011WA0221002228005010042082093
B1838320402037N07611004WA0221002228005010047073085
B1838330402039N07610997WA0221002228005010049068070
B1838340402042N07610991WA0221002229005010047065072
B1838350402045N07610984WA0221102230005010046065077
B1838360402048N07610978WA0221202231005010044064083
B1838370402051N07610972WA0221302232005010043062089
B1838380402054N07610967WA0221302233005010042062096
B1838390402057N07610961WA0221602234005010041063103
B1838400402060N07610956WA0221802234005010040065097
B1838410402062N07610951WA0222102235005010037071099
B1838420402064N07610945WA0222102236005010038074101
B1838430402065N07610940WA0222302237005010038078100
B1838440402065N07610934WA0222402238005010037092101
B1838450402065N07610929WA0222602239005010035096112
B1838460402063N07610924WA0222602240005010033104117
B1838470402061N07610919WA0222702241005010032114124
B1838480402059N07610916WA0222902242005010031127134
B1838490402055N07610912WA0223002242005010031138146
B1838500402052N07610910WA0223002243005010031146154
B1838510402047N07610908WA0223202244005010031150163
B1838520402043N07610906WA0223302244005010027172166
B1838530402039N07610906WA0223402245005010028180184
B1838540402035N07610908WA0223402246005010031209190
B1838550402031N07610910WA0223502247005010032214212
B1838560402027N07610914WA0223602247005010032222216
B1838570402025N07610918WA0223702248005010031262222
B1838580402025N07610923WA0223702248005010032264253
B1838590402025N07610928WA0223802248005010032272255
B1839000402026N07610933WA0223902248005010031288262
B1839010402028N07610938WA0224002249005010034298276
B1839020402031N07610942WA0224002249005010037309285
B1839030402035N07610946WA0224102249005010039323297
B1839040402040N07610949WA0224102249005010039339312
B1839050402046N07610951WA0224202250005010043346329
B1839060402053N07610952WA0224202250005010043357338
B1839070402059N07610952WA0224302250005010043003350
B1839080402065N07610951WA0224402250005010041014356
B1839090402071N07610949WA0224502251005010041026010
B1839100402077N07610946WA0224502251005010040037024
B1839110402081N07610942WA0224702252005010040040039
B1839120402086N07610938WA0224802253005010039044042
B1839130402090N07610934WA0225002253005010037048047
B1839140402093N07610925WA0225002254005010030089052
B1839150402093N07610921WA0225102254005010030090105
B1839160402093N07610916WA0225302254005010029094107
B1839170402092N07610912WA0225402254005010029110112
B1839180402090N07610908WA0225502254005010030127127
B1839190402087N07610904WA0225502254005010031133144
B1839200402084N07610901WA0225602254005010033136153
B1839210402080N07610897WA0225702255005010033136160
B1839220402076N07610892WA0225702255005010027147162
B1839230402073N07610890WA0225702255005010026168170
B1839240402069N07610890WA0225802255005010027177187
B1839250402064N07610890WA0225902255005010029184195
B1839260402060N07610889WA0226002256005010029183201
B1839270402055N07610888WA0226002256005010030189208
B1839280402050N07610889WA0226102257005010030195209
B1839290402046N07610890WA0226302257005010030204213
B1839300402042N07610892WA0226402258005010031210219
B1839310402038N07610894WA0226402258005010029225224
B1839320402034N07610897WA0226602259005010029244233
B1839330402034N07610901WA0226902259005010030281246
B1839340402035N07610906WA0227102260005010032294275
B1839350402037N07610910WA0227102261005010033307286
B1839360402041N07610914WA0227302261005010036322299
B1839370402045N07610918WA0227402262005010036323314
B1839380402050N07610920WA0227602262005010044342315
B1839390402057N07610921WA0227602263005010043000338
B1839400402063N07610921WA0227702263005010042004357
B1839410402069N07610920WA0227702264005010042010002
B1839420402076N07610919WA0227702264005010041014008
B1839430402080N07610916WA0227702264005010029058012
B1839440402082N07610912WA0227802265005010028078068
B1839450402084N07610908WA0227902265005010027079092
B1839460402084N07610904WA0228102265005010024103095
B1839470402083N07610900WA0228402265005010022113122
B1839480402082N07610897WA0228402265005010017128132
B1839490402080N07610895WA0228602264005010016144149
B1839500402078N07610893WA0228802264005010016151163
B1839510402076N07610892WA0229002264005010016156168
B1839520402074N07610892WA0229002264005010016167171
B1839530402072N07610891WA0229102264005010016184179
B1839540402069N07610892WA0229202264005010016200191
B1839550402066N07610893WA0229302264005010012227201
B1839560402065N07610895WA0229302263010019012249218
B1839570402064N07610897WA0229402263010019014296232
B1839580402066N07610899WA0229502263010019017319267
B1839590402068N07610900WA0229602262005010020333293
B1840000402071N07610901WA0229602262005010021350312
B1840020402074N07610901WA0229702261005010023009334
B1840040402083N07610899WA0229902261005010027021013
B1840050402089N07610898WA0229902262005010029036020
B1840060402095N07610894WA0230002262005010030049041
B1840070402099N07610890WA0230102262005010028059057
B1840080402102N07610884WA0230302261005010028065071
B1840090402104N07610879WA0230502261005010024120078
B1840100402104N07610871WA0230502261005010022131136
B1840110402102N07610867WA0230602259005010021147146
B1840120402099N07610863WA0230802258005010021169160
B1840130402095N07610861WA0231002258005010023173177
B1840140402091N07610860WA0231002257010019023175180
B1840150402087N07610859WA0231202257010019023177181
B1840160402083N07610858WA0231402256010019022180182
B1840170402075N07610857WA0231602257010019017189185
B1840180402070N07610856WA0231602257010019012208192
B1840190402067N07610857WA0231702257010019011234205
B1840200402064N07610859WA0231902258010019009257220
B1840210402063N07610861WA0232002259010019008265232
B1840220402063N07610865WA0232002259010019009293234
B1840230402063N07610869WA0232002259010019013306253
B1840240402065N07610872WA0232002259010019012318273
B1840250402068N07610876WA0232102258010019017347283
B1840260402072N07610877WA0232102257010019018355328
B1840270402076N07610878WA0232102256005010019006340
B1840280402082N07610878WA0232202255005010019020357
B1840290402095N07610878WA0232302258005010021038019
B1840300402106N07610877WA0232302261005010019047045
B1840310402114N07610873WA0232402262005010020072061
B1840320402119N07610869WA0232602262005010021090090
B1840330402121N07610860WA0232702261005010022104109
B1840340402122N07610854WA0232702260005010021121122
B1840350402121N07610848WA0232802259005010021142138
B1840360402118N07610845WA0232802258005010024166156
B1840370402115N07610843WA0232902257005010025176174
B1840380402111N07610841WA0232902257005010025177182
B1840390402107N07610841WA0233002257005010026177183
B1840400402103N07610840WA0233002257005010027178183
B1840410402099N07610838WA0233102257005010028183184
B1840420402095N07610837WA0233102257005010028185188
B1840430402090N07610837WA0233302257010019027188189
B1840440402084N07610837WA0233402256010019022195192
B1840450402074N07610836WA0233602259010019016212198
B1840460402068N07610836WA0233602260010019018217211
B1840470402064N07610837WA0233702260010019019235215
B1840480402061N07610839WA0233802262010019023245234
B1840490402059N07610842WA0233902263005010025245241
B1840500402057N07610847WA0233902263005010027245245
B1840510402054N07610858WA0234002265005010032249252
B1840520402053N07610864WA0234002266005010033252254
B1840530402052N07610870WA0234002266005010032252260
B1840540402051N07610876WA0234002266005010030254256
B1840550402050N07610882WA0234002268005010029258251
B1840560402050N07610887WA0233902269005010029253252
B1840570402050N07610891WA0233902270005010030250257
B1840580402049N07610896WA0233802272005010031253262
B1840590402048N07610901WA0233802273005010031256256
B1841000402047N07610906WA0233802273005010032248242
B1841010402045N07610911WA0233802274005010033240245
B1841020402043N07610915WA0233902275005010032235252
B1841030402040N07610920WA0233902277005010031240258
B1841040402038N07610924WA0233902278005010030248251
B1841050402036N07610928WA0234002278005010031246244
B1841060402034N07610933WA0234002278005010034239245
B1841070402031N07610938WA0234002279005010035238259
B1841080402029N07610942WA0234002279005010036239256
B1841090402026N07610947WA0234002279005010035243249
B1841100402024N07610953WA0234002281005010033246236
B1841110402022N07610958WA0234002281005010033245238
B1841120402019N07610963WA0233902281005010036231250
B1841130402016N07610968WA0233802282005010037233254
B1841140402013N07610973WA0233702283005010039239247
B1841150402010N07610979WA0233702284005010038240247
B1841160402007N07610984WA0233702285005010038237245
B1841170402004N07610989WA0233602286005010033235255
B1841180402002N07610994WA0233502286005010033246263
B1841190402000N07610999WA0233502286005010035259255
B1841200401999N07611005WA0233402287005010038264250
B1841210401999N07611012WA0233202287005010038261243
B1841220401997N07611018WA0233002287005010040255255
B1841230401996N07611025WA0233002288005010039250265
B1841240401994N07611030WA0232802287005010038250265
B1841250401992N07611035WA0232602286005010032261248
B1841260401992N07611040WA0232402286005010031259242
B1841270401991N07611045WA0232402286005010029256241
B1841280401990N07611049WA0232202286005010029251250
B1841290401988N07611053WA0232002285005010031242248
B1841300401986N07611058WA0231802285005010032244246
B1841310401984N07611062WA0231802286005010031243248
B1841320401981N07611066WA0231602286005010028240240
B1841330401979N07611070WA0231402285005010029241243
B1841340401977N07611074WA0231102284005010030240242
B1841350401975N07611078WA0231102283005010032239245
B1841360401972N07611082WA0230802282005010032238250
B1841370401970N07611086WA0230602282005010031237245
B1841380401967N07611090WA0230302281005010030237245
B1841390401965N07611094WA0230302280005010029238250
B1841400401963N07611098WA0230002279005010029240244
B1841410401961N07611102WA0229702278005010029244247
B1841420401959N07611106WA0229402277005010030247246
B1841430401957N07611110WA0229402276005010029247243
B1841440401956N07611114WA0229102274005010030245238
B1841450401954N07611118WA0228902273005010030241233
B1841460401952N07611122WA0228602272005010030236242
B1841470401949N07611126WA0228602270005010030235235
B1841480401947N07611130WA0228402269005010030236244
B1841490401944N07611134WA0228102268005010031237236
B1841500401942N07611138WA0227802267005010031235243
B1841510401939N07611142WA0227802265005010030237254
B1841520401937N07611146WA0227602264005010029246260
B1841530401936N07611150WA0227302262005010031252254
B1841540401934N07611155WA0227102261005010031253256
B1841550401933N07611159WA0227102259005010032253264
B1841560401932N07611164WA0226802258005010032255263
B1841570401931N07611169WA0226602256005010031259274
B1841580401930N07611173WA0226402255005010028259259
B1841590401929N07611177WA0226402254005010026255263
B1842000401928N07611181WA0226202253005010027256260
B1842010401927N07611185WA0226002252005010026257266
B1842020401926N07611189WA0225902251005010025255262
B1842030401925N07611193WA0225902250005010027250259
B1842040401923N07611197WA0225902250005010027243262
B1842050401921N07611201WA0225902249005010026241260
B1842060401919N07611204WA0225902249005010025244261
B1842070401918N07611207WA0225902249005010024249256
B1842080401916N07611211WA0225902249005010024248260
B1842090401915N07611214WA0226002249005010025242254
B1842100401913N07611217WA0226102249005010023235251
B1842110401911N07611220WA0226102249005010022235244
B1842120401909N07611223WA0226202248005010023236238
B1842130401907N07611226WA0226302248005010025237235
B1842140401905N07611229WA0226302248005010025233242
B1842150401902N07611232WA0226302248005010025229237
B1842160401900N07611235WA0226402249005010025230239
B1842170401897N07611238WA0226402249005010025232235
B1842180401895N07611241WA0226402249005010027231230
B1842190401892N07611244WA0226402249005010028227238
B1842200401889N07611247WA0226402249005010029223237
B1842210401886N07611250WA0226402250005010028225239
B1842220401883N07611253WA0226402250005010027228240
B1842230401881N07611256WA0226402250005010026231234
B1842240401879N07611259WA0226402251005010027235238
B1842250401876N07611263WA0226402251005010026239238
B1842260401875N07611266WA0226502252005010027239248
B1842270401873N07611269WA0226502252005010025240246
B1842280401871N07611272WA0226602253005010024240246
B1842290401869N07611276WA0226702253005010024242245
B1842300401868N07611279WA0226802254005010025244245
B1842310401866N07611283WA0226802254005010026248248
B1842320401865N07611287WA0227002255005010028250254
B1842330401864N07611291WA0227102256005010027252261
B1842340401863N07611295WA0227202256005010027257258
B1842350401862N07611299WA0227202256005010027261261
B1842360401861N07611303WA0227202257005010029265258
B1842370401861N07611308WA0227202257005010030263255
B1842380401860N07611312WA0227202257005010028258256
B1842390401859N07611317WA0227202258005010028250253
B1842400401857N07611321WA0227102258005010028244255
B1842410401856N07611325WA0227102259005010029242259
B1842420401854N07611329WA0227102259005010029243257
B1842430401852N07611333WA0227102260005010028245269
B1842440401850N07611337WA0227102260005010026249264
B1842450401849N07611340WA0227102261005010024256265
B1842460401848N07611344WA0227202262005010023265261
B1842470401848N07611347WA0227202263005010023275265
B1842480401849N07611351WA0227302264005010025279267
B1842490401849N07611355WA0227402265005010026274278
B1842500401850N07611359WA0227602266005010025271278
B1842510401850N07611363WA0227602268005010023274280
B1842520401850N07611367WA0227702269005010023275268
B1842530401850N07611371WA0227802270005010025269264
B1842540401850N07611375WA0227802271005010031263253
B1842550401849N07611380WA0227802271005010035254241
B1842560401847N07611385WA0227802272005010036244218
B1842570401844N07611390WA0227902273005010036228206
B1842580401840N07611394WA0227902274005010038212184
B1842590401835N07611396WA0227902276005010041196164
B1843000401829N07611397WA0227902277005010040181158
B1843010401823N07611397WA0228002278005010039169140
B1843020401818N07611394WA0228102279005010041133132
B1843030401815N07611388WA0228102280005010041106107
B1843040401815N07611382WA0228202281005010041075085
B1843050401818N07611377WA0228202281005010041054062
B1843060401822N07611372WA0228202282005010036038044
B1843070401827N07611371WA0228202283005010030000027
B1843080401831N07611372WA0228202284005010030325348
B1843090401834N07611376WA0228202285005010030296310
B1843100401836N07611381WA0228302286005010033277284
B1843110401836N07611387WA0228402287005010033272268
B1843120401837N07611392WA0228402288005010033268272
B1843130401837N07611397WA0228602289005010032267276
B1843140401836N07611402WA0228802290005010031268278
B1843150401837N07611407WA0229002291005010031275280
B1843160401837N07611412WA0229002292005010033281280
B1843170401838N07611418WA0229202294005010035282270
B1843180401840N07611423WA0229402295005010034278254
B1843190401840N07611428WA0229702297005010034256244
B1843200401838N07611433WA0229702298005010035239235
B1843210401835N07611438WA0229902300005010039224223
B1843220401830N07611441WA0230202302005010041208206
B1843230401824N07611444WA0230202303005010041198195
B1843240401818N07611444WA0230402305005010040174187
B1843250401813N07611442WA0230602307005010039146168
B1843260401808N07611438WA0230902309005010040132140
B1843270401805N07611433WA0231102311005010035117125
B1843280401804N07611429WA0231102313005010029097110
B1843290401804N07611424WA0231302315005010028073086
B1843300401807N07611421WA0231502317005010031050058
B1843310401811N07611417WA0231602318005010035034036
B1843320401816N07611415WA0231602320005010036017023
B1843330401821N07611414WA0231702321005010034359007
B1843340401826N07611415WA0231802322005010034345352
B1843350401830N07611417WA0231802324005010033312340
B1843360401833N07611422WA0231902326005010035303309
B1843370401836N07611427WA0232002328005010035298298
B1843380401838N07611432WA0232102330005010034294295
B1843390401839N07611437WA0232102332005010033289293
B1843400401840N07611442WA0232302335010019033288288
B1843410401842N07611447WA0232502336010019033288292
B1843420401843N07611451WA0232802338010019029285284
B1843430401844N07611456WA0232802341010019029283274
B1843440401845N07611460WA0233002343010019031277264
B1843450401845N07611465WA0233202345010019034267253
B1843460401844N07611470WA0233402347010019037252243
B1843470401841N07611476WA0233702349010019040238232
B1843480401837N07611480WA0233702351010019039222223
B1843490401833N07611483WA0234002354005010039207209
B1843500401827N07611485WA0234202356005010040191195
B1843510401821N07611486WA0234502358005010040175181
B1843520401815N07611484WA0234502360005010040159166
B1843530401810N07611481WA0234702363005010040142148
B1843540401806N07611477WA0235002365005010036125133
B1843550401804N07611472WA0235202367005010032107115
B1843560401804N07611468WA0235202370005010029084095
B1843570401805N07611464WA0235402372005010028062072
B1843580401808N07611460WA0235602374005010030045050
B1843590401812N07611457WA0235802376005010031030035
B1844000401816N07611456WA0235802378005010031014022
B1844010401821N07611455WA0236102380005010031353008
B1844020401825N07611457WA0236202382005010035327350
B1844030401829N07611461WA0236402384005010036308328
B1844040401832N07611465WA0236402386005010033301308
B1844050401835N07611470WA0236702388005010033297301
B1844060401836N07611474WA0236902391005010030290287
B1844070401837N07611479WA0237202393005010031281284
B1844080401837N07611484WA0237202395005010032267274
B1844090401836N07611489WA0237402397010019035250263
B1844100401834N07611493WA0237602398010019037237246
B1844110401830N07611498WA0237802400005010039221233
B1844120401825N07611501WA0237802402005010036213219
B1844130401821N07611504WA0238002404005010034204211
B1844140401816N07611505WA0238102406005010033195202
B1844150401811N07611506WA0238202407005010034184193
B1844160401806N07611505WA0238202409005010037164180
B1844170401800N07611503WA0238302411005010041145158
B1844180401796N07611498WA0238402412005010041128138
B1844190401793N07611493WA0238502414005010038113121
B1844200401792N07611488WA0238502416005010036100105
B1844210401791N07611482WA0238602417010019033097092
B1844220401792N07611478WA0238702419005010028045088
B1844230401796N07611476WA0238802420005010028029038
B1844240401801N07611475WA0238802422005010028012024
B1844250401806N07611475WA0239002423005010029357008
B1844260401810N07611476WA0239102424005010034339353
B1844270401815N07611478WA0239202425005010038327336
B1844280401820N07611482WA0239202426005010038316324
B1844290401824N07611486WA0239302427005010038306309
B1844300401827N07611491WA0239402428005010035287304
B1844310401828N07611497WA0239502428005010036277287
B1844320401829N07611502WA0239502429005010038282287
B1844330401831N07611508WA0239502430005010035287277
B1844340401833N07611513WA0239502430005010031289277
B1844350401834N07611517WA0239602431005010028282278
B1844360401835N07611522WA0239602431005010032272268
B1844370401835N07611527WA0239602431005010035264267
B1844380401834N07611532WA0239702430005010036250248
B1844390401831N07611537WA0239802430005010037240240
B1844400401828N07611541WA0239802430005010038223230
B1844410401823N07611544WA0239802430005010038196219
B1844420401817N07611545WA0239802430005010037186188
B1844430401812N07611545WA0239802430005010035174178
B1844440401807N07611544WA0239802430005010035161166
B1844450401802N07611541WA0239702430005010035144150
B1844460401798N07611537WA0239702430005010036119133
B1844470401797N07611532WA0239702429005010041092106
B1844480401798N07611525WA0239702428005010041069081
B1844490401801N07611521WA0239702428005010037039060
B1844500401806N07611518WA0239702428005010039012033
B1844510401812N07611518WA0239702427005010041359004
B1844520401818N07611518WA0239702427005010039354353
B1844530401824N07611519WA0239702427005010037347348
B1844540401829N07611520WA0239802427005010034346331
B1844550401834N07611521WA0239802427005010034339325
B1844560401839N07611524WA0239802426005010035323319
B1844570401843N07611528WA0239902427005010036305311
B1844580401845N07611533WA0240002427005010037291294
B1844590401846N07611538WA0240102427005010036280279
B1845000401846N07611544WA0240102427005010036267271
B1845010401845N07611549WA0240102427010019038255260
B1845020401843N07611555WA0240102427010019041245251
B1845030401840N07611560WA0240102426010019043228240
B1845040401835N07611564WA0240102426010019043214225
B1845050401829N07611567WA0240102426010019043197213
B1845060401823N07611568WA0240002425010019042178194
B1845070401816N07611567WA0240002424005010040169182
B1845080401811N07611566WA0240002424005010038172184
B1845090401805N07611566WA0240002424005010038180178
B1845100401799N07611566WA0239902423005010040186186
B1845110401793N07611566WA0239902423005010042182187
B1845120401787N07611566WA0239902422005010046175186
B1845130401780N07611566WA0239802421005010047174194
B1845140401773N07611566WA0239602420005010047185199
B1845150401766N07611567WA0239402419005010049196196
B1845160401759N07611569WA0239402418005010048200189
B1845170401752N07611571WA0239202417005010047194186
B1845180401745N07611572WA0239002416005010045187194
B1845190401739N07611574WA0238802415005010044190204
B1845200401732N07611575WA0238802413005010045200203
B1845210401726N07611578WA0238602412005010048207194
B1845220401719N07611581WA0238502410005010049202186
B1845230401712N07611583WA0238302408005010050192181
B1845240401705N07611584WA0238302407005010050180178
B1845250401697N07611584WA0238102405005010049170171
B1845260401690N07611582WA0237902404005010044164171
B1845270401685N07611580WA0237702402005010039164177
B1845280401679N07611579WA0237702400005010039171185
B1845290401673N07611578WA0237602398005010043179178
B1845300401666N07611578WA0237402396005010047179168
B1845310401659N07611578WA0237202394005010050173161
B1845320401652N07611576WA0237202391005010053165173
B1845330401644N07611574WA0237002389005010053163190
B1845340401637N07611572WA0236702387005010047170181
B1845350401631N07611572WA0236502385005010039179173
B1845360401625N07611572WA0236502382005010034182174
B1845370401620N07611572WA0236202380005010036181180
B1845380401615N07611572WA0236002376005010040182195
B1845390401608N07611573WA0235702373005010044183190
B1845400401601N07611573WA0235702370005010051186170
B1845410401594N07611573WA0235402368005010049175156
B1845420401587N07611572WA0235002365005010047159162
B1845430401580N07611569WA0234702362005010047149171
B1845440401574N07611566WA0234702360005010043154175
B1845450401569N07611563WA0234402357005010039162172
B1845460401563N07611562WA0234102355005010036173161
B1845470401558N07611561WA0233902352005010037166155
B1845480401552N07611560WA0233902349005010040157156
B1845490401547N07611557WA0233802346005010042155170
B1845500401541N07611555WA0233502344005010041160174
B1845510401536N07611553WA0233202342005010041167171
B1845520401530N07611552WA0233202339005010041170166
B1845530401524N07611551WA0232902337005010041167166
B1845540401518N07611549WA0232602334005010042159172
B1845550401512N07611547WA0232302332005010041160182
B1845560401506N07611545WA0232302329005010039169186
B1845570401500N07611545WA0232002327005010040177184
B1845580401494N07611544WA0231702324005010044177174
B1845590401487N07611544WA0231302321005010045173164
B1846000401481N07611542WA0231302319005010049158192
B1846010401474N07611540WA0231002317005010047158185
B1846020401467N07611537WA0230702314005010046159179
B1846030401461N07611536WA0230402312005010039177181
B1846040401455N07611535WA0230402309005010042178187
B1846050401449N07611535WA0230102307005010046175191
B1846060401442N07611535WA0229802304005010048175199
B1846070401435N07611534WA0229502301005010049181199
B1846080401427N07611535WA0229502299005010050188200
B1846090401421N07611537WA0229202296005010043200202
B1846100401415N07611539WA0228902294005010043201207
B1846110401409N07611542WA0228602291005010043199210
B1846120401403N07611544WA0228602288005010044199215
B1846130401397N07611546WA0228302286005010044202217
B1846140401391N07611550WA0228102284005010044208214
B1846150401385N07611553WA0227802281005010045210212
B1846160401379N07611556WA0227802279005010046209214
B1846170401373N07611560WA0227602276005010048207220
B1846180401367N07611563WA0227402274005010048208225
B1846190401361N07611567WA0227102272005010048210225
B1846200401354N07611571WA0227102270005010047210219
B1846210401348N07611574WA0226802268005010046208219
B1846230401342N07611578WA0226602266005010046209221
B1846240401336N07611581WA0226402264005010046212223
B1846250401330N07611585WA0226202262005010047213218
B1846260401324N07611589WA0226202260005010047211211
B1846270401318N07611593WA0226002258005010047207213
B1846280401312N07611596WA0225802256005010046205224
B1846290401306N07611599WA0225502255005010045209228
B1846300401300N07611602WA0225502253005010045216222
B1846310401295N07611607WA0225302251005010045219215
B1846320401289N07611611WA0225002249005010046215212
B1846330401283N07611615WA0224702247005010046209219
B1846340401277N07611618WA0224702245005010047207222
B1846350401271N07611621WA0224402243005010046209223
B1846360401265N07611625WA0224202242005010044212217
B1846370401260N07611628WA0223902240005010044212217
B1846380401254N07611631WA0223902238005010044209216
B1846390401248N07611635WA0223602236005010044205224
B1846400401242N07611637WA0223402234005010044206231
B1846410401236N07611641WA0223102232005010044212235
B1846420401231N07611644WA0223102230005010045219228
B1846430401226N07611649WA0222802228005010046220212
B1846440401220N07611653WA0222502226005010048219215
B1846450401214N07611658WA0222202224005010046216221
B1846460401209N07611662WA0222202222005010044212220
B1846470401203N07611665WA0221902220005010043217214
B1846480401198N07611669WA0221602219005010042218212
B1846490401193N07611673WA0221302217005010042215216
B1846500401188N07611677WA0221302215005010044212222
B1846510401182N07611680WA0221102213005010044213222
B1846520401177N07611684WA0220802211005010043218216
B1846530401172N07611688WA0220602209005010042218218
B1846540401167N07611691WA0220602207005010041216209
B1846550401162N07611695WA0220302205005010039213211
B1846560401157N07611698WA0220102203005010041212219
B1846570401152N07611702WA0219802201005010043215224
B1846580401147N07611706WA0219802199005010043219221
B1846590401142N07611710WA0219602197005010042222223
B1847000401137N07611714WA0219302195005010040222221
B1847010401133N07611718WA0219102193005010039224224
B1847020401129N07611722WA0219102190005010040226221
B1847030401125N07611727WA0218802188005010043227221
B1847040401120N07611732WA0218502185005010044225220
B1847050401116N07611736WA0218202183005010041220219
B1847060401111N07611740WA0218202180005010040218225
B1847070401106N07611744WA0217902178005010040220229
B1847080401102N07611748WA0217602175005010040223223
B1847090401097N07611752WA0217302173005010043224215
B1847100401093N07611756WA0217302170005010045224217
B1847110401088N07611761WA0217002167005010043222217
B1847120401083N07611765WA0216702165005010041220218
B1847130401079N07611769WA0216402162005010039221217
B1847140401074N07611773WA0216402160005010040222227
B1847150401070N07611777WA0216102157005010043223226
B1847160401065N07611782WA0215702154005010045225217
B1847170401060N07611786WA0215302151005010044223213
B1847180401055N07611790WA0215302148005010041216218
B1847190401050N07611794WA0215002145005010039213223
B1847200401045N07611797WA0214602142005010039214221
B1847210401041N07611801WA0214202140005010039218220
B1847220401036N07611804WA0214202137005010040219213
B1847230401031N07611808WA0213902134005010041216223
B1847240401026N07611812WA0213602132005010041216213
B1847250401021N07611815WA0213302129005010041216229
B1847260401016N07611819WA0213302126005010042219233
B1847270401011N07611823WA0213002123005010043221224
B1847280401006N07611828WA0212702121005010043220229
B1847290401001N07611832WA0212302118005010045220231
B1847300400996N07611836WA0212302116005010045221239
B1847310400991N07611841WA0212102114005010043224241
B1847320400987N07611845WA0211802113005010041228239
B1847330400983N07611850WA0211602112005010040231235
B1847340400979N07611854WA0211602110005010041233235
B1847350400976N07611859WA0211502109005010042234234
B1847360400972N07611865WA0211302107005010044233232
B1847370400968N07611870WA0211202106005010045231235
B1847380400963N07611875WA0211202104005010046229236
B1847390400959N07611880WA0210902103005010046229236
B1847400400954N07611885WA0210702101005010045230236
B1847410400950N07611891WA0210402100005010045232233
B1847420400946N07611896WA0210402098005010045232232
B1847430400942N07611901WA0210102096005010045232230
B1847440400937N07611907WA0209902094005010046229229
B1847450400933N07611912WA0209702092005010046226227
B1847460400928N07611917WA0209702090005010044226234
B1847470400923N07611922WA0209402089005010044228231
B1847480400919N07611927WA0209202087005010046229229
B1847490400914N07611932WA0209002085005010046228230
B1847500400910N07611937WA0209002084005010046226228
B1847510400905N07611942WA0208802082005010045224229
B1847520400900N07611947WA0208702081005010045224220
B1847530400895N07611951WA0208502079005010043223223
B1847540400891N07611956WA0208502077005010044221231
B1847550400885N07611960WA0208302076005010045220234
B1847560400880N07611964WA0208102074005010044222238
B1847570400876N07611969WA0207902072005010043226232
B1847580400871N07611973WA0207902071005010041227225
B1847590400867N07611978WA0207602069005010041222227
B1848000400862N07611982WA0207402067005010041220225
B1848010400858N07611986WA0207202066005010041224228
B1848020400854N07611990WA0207202064005010041228217
B1848030400850N07611995WA0207002062005010039225212
B1848040400845N07611999WA0206802060005010041218217
B1848050400840N07612003WA0206602058005010043214223
B1848060400834N07612006WA0206602056005010044213225
B1848070400829N07612010WA0206302054005010044215221
B1848080400824N07612014WA0206102053005010042214226
B1848090400819N07612018WA0205802051005010042216221
B1848100400813N07612021WA0205802050005010043216229
B1848110400808N07612025WA0205602048005010043219228
B1848120400803N07612030WA0205402046005010042223228
B1848130400799N07612034WA0205102044005010042225222
B1848140400794N07612038WA0205102042005010042224223
B1848150400790N07612043WA0204902040005010042221224
B1848160400785N07612047WA0204702038005010043219227
B1848170400780N07612051WA0204402036005010044218222
B1848180400775N07612055WA0204402034005010044217221
B1848190400769N07612059WA0204102032005010044217217
B1848200400764N07612063WA0203802030005010045214213
B1848210400758N07612066WA0203502027005010046210213
B1848220400752N07612070WA0203502025005010046208221
B1848230400746N07612073WA0203302023005010046211221
B1848240400740N07612077WA0203002021005010047215211
B1848250400734N07612081WA0202702018005010047217210
B1848260400729N07612085WA0202702016005010048215212
B1848270400723N07612089WA0202402014005010048211216
B1848280400716N07612093WA0202102011005010046209227
B1848290400710N07612097WA0201802009005010047213226
B1848300400705N07612100WA0201602006005010046215213
B1848310400699N07612104WA0201602004005010046208205
B1848320400692N07612107WA0201302002005010048201211
B1848330400685N07612109WA0201102000005010047195227
B1848340400679N07612111WA0200901999005010044201225
B1848350400673N07612114WA0200901997005010041210213
B1848360400663N07612120WA0200801994005010038213208
B1848370400658N07612123WA0200701992005010043204214
B1848380400652N07612126WA0200501990005010046203226
B1848390400645N07612129WA0200501987005010044211231
B1848400400640N07612132WA0200301985005010042213226
B1848410400635N07612136WA0200001983005010038216214
B1848420400630N07612139WA0199701981005010037212212
B1848430400626N07612142WA0199701979005010039212217
B1848440400620N07612145WA0199501977005010043208219
B1848450400615N07612148WA0199201975005010044208212
B1848460400609N07612151WA0198901973005010044209209
B1848470400603N07612154WA0198901971005010042205209
B1848480400597N07612157WA0198701969005010040200218
B1848490400592N07612159WA0198401967005010039205225
B1848500400586N07612162WA0198201966005010040213224
B1848510400581N07612165WA0198201963005010041212213
B1848520400576N07612168WA0197901962005010043206207
B1848530400570N07612171WA0197701960005010043199212
B1848540400564N07612173WA0197401958005010040199219
B1848550400558N07612175WA0197401957005010040206220
B1848560400553N07612178WA0197201955005010041214224
B1848570400548N07612181WA0197001953005010042215217
B1848580400542N07612185WA0196801951005010042214208
B1848590400537N07612188WA0196801950005010041205210
B1849000400532N07612191WA0196601949005010037205221
B1849010400527N07612193WA0196401948005010035211221
B1849020400523N07612196WA0196301946005010035214212
B1849030400518N07612199WA0196301945005010037211199
B1849040400513N07612202WA0196101944005010042199199
B1849050400507N07612204WA0195901942005010044198210
B1849060400501N07612206WA0195701941005010042203217
B1849070400495N07612208WA0195701939005010039206202
B1849080400490N07612211WA0195501938005010039202195
B1849090400484N07612213WA0195201937005010042196199
B1849100400478N07612214WA0195001935005010044192206
B1849110400471N07612216WA0195001934005010045194210
B1849120400465N07612218WA0194801932005010043198201
B1849130400459N07612220WA0194601931005010041199194
B1849140400453N07612222WA0194501930005010040196192
B1849150400447N07612224WA0194501928005010041195192
B1849160400441N07612225WA0194301927005010044194200
B1849170400434N07612227WA0194101925005010047193202
B1849180400427N07612229WA0193901924005010046194194
B1849190400421N07612230WA0193901922010019044192190
B1849200400414N07612231WA0193701921010019042189191
B1849210400408N07612232WA0193401919010019040190199
B1849220400402N07612234WA0193201918010019041194208
B1849230400396N07612235WA0193201916010019042199209
B1849240400390N07612238WA0192901914005010043200194
B1849250400384N07612239WA0192601912005010042193181
B1849260400378N07612240WA0192301911005010040183189
B1849270400372N07612241WA0192301909010019038182199
B1849280400367N07612242WA0192101907010019038189200
B1849290400361N07612243WA0191801905010019040193185
B1849300400355N07612244WA0191501904010019038188174
B1849310400349N07612244WA0191501902010019037179179
B1849320400344N07612244WA0191301900010019037175194
B1849330400339N07612244WA0191101898010019037178201
B1849340400333N07612244WA0190901896010019039192196
B1849350400327N07612246WA0190901895010019041193190
B1849360400321N07612247WA0190601893010019040188193
B1849370400315N07612248WA0190401891010019039186200
B1849380400310N07612249WA0190201890010019038193210
B1849390400304N07612250WA0190201888010019039197217
B1849400400298N07612253WA0190001886010019043210226
B1849410400293N07612256WA0189701884010019044209218
B1849420400287N07612259WA0189401882010019042206229
B1849430400282N07612262WA0189401880010019039208228
B1849440400277N07612265WA0189201878010019039219238
B1849450400273N07612270WA0188901877005010041228235
B1849460400269N07612274WA0188701874005010042230230
B1849470400264N07612279WA0188701872005010042226229
B1849480400260N07612283WA0188501870005010041224236
B1849490400255N07612288WA0188301868005010041228244
B1849500400251N07612292WA0188101866005010041231235
B1849510400247N07612297WA0187901864005010041235235
B1849520400244N07612302WA0187901862005010041233231
B1849530400240N07612307WA0187701861005010042230236
B1849540400236N07612312WA0187601859005010042230237
B1849550400232N07612317WA0187401858005010042232234
B1849560400228N07612322WA0187401856005010043233232
B1849570400224N07612327WA0187301855005010043231229
B1849580400219N07612332WA0187201853005010042228234
B1849590400215N07612337WA0187101852005010042227237
B1850000400211N07612341WA0187101851005010043230235
B1850010400207N07612346WA0186901849005010043231233
B1850020400203N07612351WA0186801848005010042229231
B1850030400199N07612356WA0186601846005010040227234
B1850040400195N07612360WA0186601845005010038227238
B1850050400191N07612365WA0186401844005010037231235
B1850060400187N07612369WA0186301843005010038230233
B1850070400184N07612374WA0186101841005010040231226
B1850080400180N07612378WA0186101840005010042226225
B1850090400175N07612382WA0186001838005010042221223
B1850100400170N07612387WA0185801837005010041222222
B1850110400166N07612390WA0185701835005010039216219
B1850120400161N07612393WA0185701834005010038212218
B1850130400156N07612396WA0185501833005010039210221
B1850140400151N07612399WA0185401831005010041211227
B1850150400146N07612403WA0185201830005010041212217
B1850160400140N07612406WA0185201829005010041213211
B1850170400135N07612409WA0185101827005010037211209
B1850180400131N07612412WA0184901826005010036210215
B1850190400126N07612415WA0184801825005010037211218
B1850200400121N07612418WA0184801823005010041212218
B1850210400116N07612422WA0184601821005010045213204
B1850230400110N07612425WA0184401820005010046208201
B1850240400103N07612428WA0184101818005010043200201
B1850250400097N07612430WA0183901817005010040194196
B1850260400092N07612431WA0183901816005010038194201
B1850270400086N07612432WA0183701814005010039194200
B1850280400080N07612434WA0183501813005010041195197
B1850290400074N07612435WA0183301811005010045191208
B1850300400067N07612437WA0183301809005010047191209
B1850310400060N07612438WA0183001808005010045194210
B1850320400054N07612440WA0182801806005010043200208
B1850330400048N07612442WA0182601805005010041201208
B1850340400043N07612445WA0182601803005010042204210
B1850350400037N07612447WA0182301801005010043204217
B1850360400032N07612450WA0182101799005010042205225
B1850370400026N07612453WA0181901798005010042212223
B1850380400021N07612456WA0181901796005010041218217
B1850390400016N07612460WA0181701794005010041219216
B1850400400011N07612464WA0181501792005010042217223
B1850410400006N07612468WA0181201790005010042215226
B1850420400001N07612472WA0181201787005010041217223
B1850430359997N07612476WA0181001785005010041219218
B1850440359992N07612480WA0180701782005010041218215
B1850450359987N07612483WA0180401780005010042214221
B1850460359982N07612487WA0180401778005010042214221
B1850470359976N07612491WA0180101775005010042216229
B1850480359972N07612494WA0179801773005010042220225
B1850490359967N07612499WA0179501770005010041222225
B1850500359962N07612503WA0179501768005010041222228
B1850510359958N07612507WA0179201765005010042222224
B1850520359953N07612511WA0178901763005010042222217
B1850530359948N07612515WA0178601760005010041220214
B1850540359943N07612519WA0178601758005010043217217
B1850550359938N07612523WA0178401755005010044213219
B1850560359933N07612527WA0178101753005010043212220
B1850570359927N07612530WA0177801750005010041213220
B1850580359922N07612533WA0177801748005010039215217
B1850590359918N07612537WA0177501746005010039215221
B1851000359913N07612540WA0177201744005010040214223
B1851010359908N07612544WA0177001742005010042215222
B1851020359903N07612547WA0177001740005010043216217
B1851030359898N07612551WA0176701737005010044217222
B1851040359893N07612555WA0176501735005010042217229
B1851050359888N07612559WA0176301733005010041220227
B1851060359883N07612563WA0176301732005010041224227
B1851070359879N07612568WA0176001730005010042226218
B1851080359874N07612573WA0175801728005010044226221
B1851090359870N07612577WA0175501726005010045223228
B1851100359865N07612582WA0175301723005010045221231
B1851110359860N07612586WA0175301721005010043223232
B1851120359851N07612595WA0175001717005010040226230
B1851130359847N07612600WA0174701715005010043224226
B1851140359842N07612604WA0174501712005010047223230
B1851150359837N07612609WA0174501709005010046223228
B1851160359831N07612614WA0174101707005010044218217
B1851170359826N07612617WA0173901705005010041214221
B1851180359821N07612621WA0173601704005010041215230
B1851190359816N07612624WA0173601702005010042218233
B1851200359811N07612629WA0173401700005010044223231
B1851220359801N07612638WA0172901697005010045217214
B1851230359796N07612641WA0172901695005010045211224
B1851240359790N07612645WA0172801693005010045212234
B1851250359785N07612648WA0172601692005010044219236
B1851260359780N07612653WA0172401690005010043222225
B1851270359775N07612657WA0172401688005010043217209
B1851280359769N07612660WA0172201687005010044211217
B1851290359764N07612664WA0172001685005010045210235
B1851300359758N07612668WA0171801684005010046220242
B1851310359753N07612672WA0171801682005010047229240
B1851320359749N07612678WA0171601680005010045232225
B1851330359744N07612683WA0171301679005010044227219
B1851340359740N07612687WA0171101677005010041220226
B1851350359735N07612691WA0171101676005010039216225
B1851360359730N07612695WA0170901675005010039217226
B1851370359726N07612698WA0170701673005010040219225
B1851380359721N07612702WA0170501672005010043218221
B1851390359716N07612707WA0170501670005010045215218
B1851400359710N07612711WA0170301668005010044217221
B1851410359705N07612715WA0170101667005010043214229
B1851420359700N07612718WA0169901665005010040221228
B1851430359696N07612722WA0169901664005010039225227
B1851440359692N07612727WA0169701662005010040225220
B1851450359687N07612731WA0169501661005010041224216
B1851460359683N07612735WA0169401659005010042222217
B1851470359678N07612739WA0169401657005010042218210
B1851480359673N07612743WA0169201656005010042213205
B1851490359667N07612746WA0169101654005010042208208
B1851500359662N07612749WA0168901653005010041208218
B1851510359657N07612752WA0168901652005010040213223
B1851520359652N07612755WA0168701651005010040218215
B1851530359647N07612759WA0168601649005010041216210
B1851540359641N07612762WA0168401648005010042210205
B1851550359636N07612765WA0168401646005010043207215
B1851560359630N07612768WA0168201645005010042209219
B1851570359625N07612771WA0168001644005010040212214
B1851580359620N07612775WA0167801643005010039213214
B1851590359615N07612778WA0167801642005010039211213
B1852000359610N07612781WA0167701641005010040210216
B1852010359604N07612784WA0167501639005010042211214
B1852020359599N07612788WA0167401638005010042211208
B1852030359593N07612791WA0167401637005010042208204
B1852040359588N07612793WA0167301636005010041204206
B1852050359582N07612796WA0167101635005010041205216
B1852060359577N07612799WA0167001634005010041208218
B1852070359571N07612802WA0167001634005010042211212
B1852080359566N07612805WA0166901633005010042209199
B1852090359560N07612808WA0166801632005010042205201
B1852100359555N07612810WA0166701631005010042200201
B1852110359549N07612813WA0166701630005010041200206
B1852120359543N07612815WA0166701629005010041203210
B1852130359537N07612817WA0166601629005010040203202
B1852140359532N07612819WA0166401628005010041200197
B1852150359526N07612822WA0166401627005010041197200
B1852160359520N07612823WA0166301626005010041196202
B1852170359514N07612825WA0166301626005010042198206
B1852180359508N07612827WA0166201625005010043200203
B1852190359502N07612829WA0166201624005010043200202
B1852200359496N07612832WA0166101624005010044197202
B1852210359490N07612834WA0166001623005010044195206
B1852220359483N07612835WA0165901622005010043197212
B1852230359477N07612838WA0165901621005010043201209
B1852240359471N07612840WA0165801621005010043202207
B1852250359465N07612842WA0165601620005010043201207
B1852260359459N07612845WA0165501619005010043200215
B1852270359454N07612847WA0165501618005010042202222
B1852280359448N07612850WA0165401617005010043208230
B1852290359442N07612853WA0165201616005010043214224
B1852300359437N07612857WA0165101615005010042216214
B1852310359432N07612860WA0165101614005010042211216
B1852320359426N07612863WA0164901612005010042209232
B1852330359421N07612867WA0164801611005010042215244
B1852340359416N07612871WA0164601610005010043227242
B1852350359412N07612876WA0164601608005010041232234
B1852360359408N07612880WA0164401607005010039228224
B1852370359404N07612884WA0164201605005010039221235
B1852380359400N07612888WA0164001604005010038221248
B1852390359396N07612892WA0164001602005010038232253
B1852400359393N07612897WA0163801600005010040238247
B1852410359390N07612902WA0163601599005010043243239
B1852420359387N07612908WA0163401597005010042237239
B1852430359383N07612913WA0163401594005010040235250
B1852440359380N07612918WA0163101592005010036237265
B1852450359377N07612923WA0162801590005010035240259
B1852460359375N07612927WA0162501588005010037248252
B1852470359373N07612933WA0162501586005010037243245
B1852480359370N07612937WA0162301584005010036238257
B1852490359368N07612942WA0162001582005010034241267
B1852500359366N07612946WA0161801580005010033250256
B1852510359364N07612951WA0161801579005010030253247
B1852520359363N07612955WA0161601577005010028245237
B1852530359361N07612959WA0161401575005010029235245
B1852540359358N07612962WA0161201573005010031229253
B1852550359355N07612966WA0161201571005010031230245
B1852560359352N07612969WA0161001569005010031231248
B1852570359349N07612973WA0160801567005010032232254
B1852580359346N07612977WA0160701566005010035233254
B1852590359343N07612981WA0160701564005010034232258
B1853000359340N07612985WA0160501562005010031240251
B1853010359338N07612989WA0160301561005010027229246
B1853020359335N07612992WA0160201560005010026223256
B1853030359332N07612994WA0160201559005010025226248
B1853040359330N07612997WA0160201557005010026229249
B1853050359327N07613000WA0160201556005010028235244
B1853060359324N07613004WA0160201555005010030230236
B1853070359321N07613007WA0160201555005010031214237
B1853080359317N07613010WA0160301554005010030211250
B1853090359313N07613012WA0160301554005010029220258
B1853100359311N07613015WA0160401554005010028234266
B1853110359309N07613019WA0160401554005010027251272
B1853120359308N07613023WA0160501555005010026271288
B1853130359309N07613026WA0160701555005010025292301
B1853140359311N07613029WA0160901555005010023314317
B1853150359313N07613031WA0160901555005010023344332
B1853160359317N07613032WA0161101555005010025008354
B1853170359321N07613030WA0161301556005010029023012
B1853180359325N07613028WA0161501556005010033037026
B1853190359328N07613024WA0161501556005010036054039
B1853200359331N07613020WA0161701557005010038059054
B1853210359334N07613014WA0162001557005010040064057
B1853220359336N07613008WA0162201557005010042078061
B1853230359338N07613003WA0162201558010019038102073
B1853240359336N07612998WA0162401558010019037122096
B1853250359333N07612994WA0162601559010019035132117
B1853260359330N07612990WA0162901559010019034139130
B1853270359325N07612987WA0162901559010019036149140
B1853280359320N07612985WA0163001559010019039157153
B1853290359314N07612983WA0163201560005010041173162
B1853300359308N07612983WA0163301560005010045182181
B1853310359301N07612982WA0163301560005010045190192
B1853320359295N07612983WA0163301561005010040205201
B1853330359290N07612985WA0163401561005010032219218
B1853340359285N07612987WA0163501562010019028253235
B1853350359284N07612990WA0163501562010019027274268
B1853360359284N07612994WA0163601563010019025293285
B1853370359286N07612997WA0163701563010019026301300
B1853380359288N07613001WA0163801564010019024321306
B1853390359290N07613003WA0163801565010019022345320
B1853400359294N07613003WA0163901566010019024003337
B1853410359297N07613002WA0164001567010019026016352
B1853420359302N07613001WA0164201568005010027027003
B1853430359306N07612999WA0164301569005010027043011
B1853440359309N07612996WA0164301569005010025051025
B1853450359313N07612993WA0164501570005010024074030
B1853460359315N07612989WA0164701570010019027091052
B1853470359315N07612984WA0164801570010019031110072
B1853480359312N07612978WA0164801570005010037146098
B1853490359308N07612973WA0165001570005010038153145
B1853500359303N07612971WA0165101571005010039157155
B1853510359297N07612969WA0165201571005010039167159
B1853520359291N07612966WA0165201571005010039180171
B1853530359285N07612964WA0165301572005010036199188
B1853540359279N07612966WA0165401573005010040210211
B1853550359274N07612969WA0165401573005010039215222
B1853560359270N07612972WA0165401573010019036217228
B1853570359266N07612976WA0165501574010019029237231
B1853580359266N07612979WA0165501573010019027325253
B1853590359268N07612981WA0165601574010019026350327
B1854000359272N07612982WA0165601574010019027001346
B1854010359275N07612981WA0165601573010019027026355
B1854020359279N07612979WA0165701573005010027030014
B1854030359282N07612976WA0165801573005010030046018
B1854040359285N07612973WA0165801573005010032060033
B1854050359288N07612968WA0165901573005010032072046
B1854060359290N07612964WA0166001572005010030075058
B1854070359292N07612960WA0166201572005010025085060
B1854080359294N07612955WA0166201573010019030107067
B1854090359293N07612950WA0166301573010019028116094
B1854100359292N07612946WA0166401572010019041152103
B1854110359287N07612944WA0166501573010019042155151
B1854120359282N07612941WA0166501573010019041157154
B1854130359276N07612937WA0166501572010019039171157
B1854140359270N07612936WA0166601572010019040171174
B1854150359264N07612934WA0166601572010019035172175
B1854160359258N07612931WA0166601571010019031176176
B1854170359254N07612933WA0166701571010019029242181
B1854180359252N07612937WA0166701571010019029244257
B1854190359250N07612941WA0166701571010019029248258
B1854200359248N07612945WA0166701570010019027252262
B1854210359249N07612949WA0166701570010019027329266
B1854220359251N07612951WA0166701570010019026332331
B1854230359254N07612954WA0166701570010019025337333
B1854240359257N07612955WA0166701570010019023342337
B1854250359261N07612956WA0166701570010019023354341
B1854260359264N07612957WA0166801570010019024358350
B1854270359268N07612957WA0166801569010019025359354
B1854280359274N07612958WA0166801571010019022359355
B1854290359279N07612959WA0166901572010019020359354
B1854300359284N07612960WA0167001573010019016358354
B1854310359289N07612961WA0167101574010019013358352
B1854320359293N07612958WA0167101574010019010353351
B1854330359297N07612954WA0167201573010019004327347
B1854340359298N07612949WA0167201571010019006172335
B1854350359298N07612944WA0167201570010019016150301
B1854360359295N07612926WA0167201571010019023145143
B1854370359291N07612914WA0167101572010019022150139
B1854380359289N07612912WA0167101572010019022153146
B1854390359284N07612907WA0167001571010019022165150
B1854400359273N07612899WA0167001574005010023177167
B1854410359270N07612898WA0167001574005010023188185
B1854420359259N07612896WA0167001574010019017191200
B1854430359249N07612894WA0167001576010019014207210
B1854440359243N07612895WA0167001577010019013228235
B1854450359238N07612899WA0167001577010019017260259
B1854460359236N07612903WA0167001578010019020287281
B1854470359236N07612908WA0167001578010019019305299
B1854480359237N07612913WA0167001578010019019321313
B1854490359239N07612916WA0167101578010019019337324
B1854500359242N07612918WA0167201577010019021352336
B1854510359245N07612919WA0167201576010019024000347
B1854520359249N07612919WA0167201576010019026007354
B1854530359254N07612919WA0167301575010019027011000
B1854540359258N07612918WA0167301574010019027022003
B1854550359262N07612916WA0167301574005010029025012
B1854560359266N07612914WA0167301574005010029027015
B1854570359270N07612913WA0167201574005010027028017
B1854580359276N07612909WA0167101574005010026068017
B1854590359280N07612905WA0167001575005010022075053
B1855000359284N07612900WA0167001575005010022081058
B1855010359287N07612892WA0166901574005010027098064
B1855020359287N07612887WA0166701574005010047119091
B1855030359283N07612881WA0166401573005010048118110
B1855040359282N07612874WA0166401575005010050115110
B1855050359280N07612866WA0166101575005010050114112
B1855060359279N07612857WA0165701576005010045114125
B1855070359277N07612849WA0165401575005010047128130
B1855080359272N07612842WA0165401574005010053140136
B1855090359267N07612834WA0165001574005010052139134
B1855100359261N07612828WA0164701573005010050135125
B1855110359255N07612820WA0164501573005010045130141
B1855120359251N07612814WA0164501572005010037127150
B1855130359249N07612811WA0164401572005010033135156
B1855140359245N07612808WA0164201572005010037154167
B1855150359240N07612805WA0164101572005010038164181
B1855160359234N07612804WA0164101572005010040175193
B1855170359228N07612803WA0164001571005010038181203
B1855180359222N07612805WA0163801571005010043229200
B1855190359217N07612809WA0163501571005010046229233
B1855200359211N07612813WA0163501570005010047225232
B1855210359206N07612818WA0163101569005010044220238
B1855220359201N07612822WA0162701568005010042227251
B1855230359198N07612827WA0162401567005010041248259
B1855240359196N07612833WA0162401566005010040261262
B1855250359195N07612838WA0162101565005010038265262
B1855260359195N07612844WA0161801563005010037258269
B1855270359194N07612849WA0161601562005010035253271
B1855280359192N07612854WA0161601561005010034257278
B1855290359191N07612860WA0161501560005010034269281
B1855300359192N07612865WA0161301559005010035277279
B1855310359192N07612870WA0161201559005010035270274
B1855320359192N07612876WA0161201558005010036261277
B1855330359191N07612881WA0161101558005010035260289
B1855340359190N07612886WA0161001557005010035269290
B1855350359191N07612891WA0160901557005010035285297
B1855360359193N07612896WA0160901556005010035296292
B1855370359195N07612901WA0160801556005010034295287
B1855380359197N07612905WA0160701556005010030289292
B1855390359199N07612910WA0160701556005010030285296
B1855400359200N07612914WA0160701556005010031289310
B1855410359202N07612918WA0160701555005010029293311
B1855420359203N07612922WA0160701555005010026296301
B1855430359205N07612925WA0160801555005010025303313
B1855440359208N07612928WA0160801555005010025309308
B1855450359210N07612931WA0160801555005010025315304
B1855460359213N07612934WA0160801555005010026315297
B1855470359216N07612936WA0160801555005010028312297
B1855480359218N07612940WA0160801555005010030308300
B1855490359221N07612943WA0160801555005010032302297
B1855500359224N07612948WA0160801554005010034295301
B1855510359226N07612952WA0160701554005010033291292
B1855520359227N07612957WA0160701554005010031289293
B1855530359228N07612961WA0160701554005010029286287
B1855540359230N07612965WA0160701554005010030284291
B1855550359231N07612969WA0160701554005010029286292
B1855560359232N07612974WA0160701554005010029288290
B1855570359234N07612978WA0160701554005010029291291
B1855580359235N07612982WA0160701554005010029292292
B1855590359237N07612986WA0160801554005010029291291
B1856000359238N07612989WA0160801554005010028291297
B1856010359240N07612993WA0160801554005010026294299
B1856020359242N07612997WA0160801554005010027298295
B1856030359244N07613000WA0160901555005010028307294
B1856040359247N07613003WA0160901555005010032310286
B1856050359250N07613007WA0160901555005010032309291
B1856060359253N07613011WA0160901555005010031306296
B1856070359256N07613014WA0160901555005010031302288
B1856080359258N07613019WA0160901555005010035295283
B1856090359261N07613023WA0160901554005010038294280
B1856100359263N07613029WA0160801554005010037297287
B1856110359266N07613033WA0160801554005010035294278
B1856120359268N07613038WA0160801554005010034287277
B1856130359269N07613043WA0160701553005010036282280
B1856140359270N07613049WA0160601553005010036279271
B1856150359271N07613054WA0160601553005010036279277
B1856160359272N07613059WA0160601553005010037277276
B1856170359273N07613065WA0160601553005010039276278
B1856180359273N07613071WA0160501552005010039275284
B1856190359274N07613077WA0160501552005010038273291
B1856200359274N07613082WA0160501552005010036272298
B1856210359274N07613088WA0160501552005010035274319
B1856220359275N07613093WA0160501552005010034279319
B1856230359276N07613097WA0160601552005010025294323
B1856240359278N07613100WA0160601553005010022304338
B1856250359280N07613102WA0160701553005010019327331
B1856260359282N07613103WA0160901554005010018339348
B1856270359285N07613104WA0161001554005010019352354
B1856280359288N07613104WA0161001555005010023004003
B1856290359292N07613103WA0161201555005010026020011
B1856300359296N07613100WA0161401555005010032042023
B1856310359300N07613095WA0161401556005010038070040
B1856320359302N07613089WA0161401556005010039071064
B1856330359304N07613083WA0161501557005010040094066
B1856340359303N07613077WA0161501557005010039112087
B1856350359301N07613072WA0161501557005010038118105
B1856360359298N07613067WA0161501557005010035140112
B1856370359293N07613063WA0161501558005010036160137
B1856380359288N07613062WA0161601558005010036178163
B1856390359282N07613062WA0161701558005010038192186
B1856400359277N07613064WA0161701559010019039197203
B1856410359271N07613066WA0161801559005010039211208
B1856420359266N07613069WA0161801559005010040221224
B1856430359262N07613073WA0161801559010019038240235
B1856440359259N07613078WA0161801559010019036259253
B1856450359258N07613084WA0161901559010019037270272
B1856460359259N07613088WA0161901559010019031299281
B1856470359262N07613092WA0161901560010019031312307
B1856480359265N07613095WA0161901560010019026327317
B1856490359268N07613097WA0162001560010019023334329
B1856500359271N07613099WA0162101560010019021345335
B1856510359274N07613099WA0162101560010019022354343
B1856520359277N07613099WA0162101560010019024003350
B1856530359281N07613099WA0162201560010019026014358
B1856540359285N07613097WA0162201559010019028033007
B1856550359289N07613093WA0162101560010019034068024
B1856560359291N07613088WA0162101559005010034069056
B1856570359293N07613083WA0162001559005010032079058
B1856580359292N07613077WA0161801559005010040113067
B1856590359288N07613072WA0161701558005010037138106
B1857000359284N07613068WA0161701558005010031155133
B1857010359279N07613062WA0161701558005010036168153
B1857020359274N07613061WA0161701558005010041176171
B1857030359267N07613061WA0161701558005010041184180
B1857040359261N07613061WA0161701558005010041190190
B1857050359255N07613061WA0161801558005010038199200
B1857060359250N07613062WA0161901558005010036207211
B1857070359243N07613064WA0161901558005010040216217
B1857080359236N07613067WA0161901559005010047216222
B1857090359229N07613071WA0161901559005010051217224
B1857100359223N07613075WA0161901560005010047216221
B1857110359216N07613079WA0161901561005010043214221
B1857120359211N07613082WA0161901561005010037218219
B1857130359207N07613086WA0161901562005010038220220
B1857140359202N07613089WA0161901562005010042216221
B1857150359197N07613093WA0162001562005010045215220
B1857160359191N07613097WA0162001562005010046214224
B1857170359186N07613101WA0162001563005010044213218
B1857180359180N07613104WA0162001563005010041212221
B1857190359175N07613108WA0162001564005010041212229
B1857200359170N07613112WA0162001564005010041218222
B1857210359165N07613116WA0162001564005010043218219
B1857220359160N07613120WA0161901564005010044216216
B1857230359155N07613123WA0161901565005010044211221
B1857240359149N07613127WA0161901565005010043210229
B1857250359144N07613130WA0161901565005010040212231
B1857260359139N07613133WA0161801565005010035216230
B1857270359135N07613136WA0161801565005010035218220
B1857280359131N07613140WA0161801565005010036216216
B1857290359126N07613143WA0161701565005010038211221
B1857300359121N07613145WA0161601564005010038208220
B1857310359116N07613148WA0161501564005010037206218
B1857320359111N07613151WA0161501563005010037205217
B1857330359106N07613153WA0161401563005010037205213
B1857340359101N07613155WA0161201562005010038202219
B1857350359096N07613157WA0161101561005010039199222
B1857360359090N07613160WA0161101561005010039202220
B1857370359085N07613162WA0161001560005010040208224
B1857380359080N07613165WA0160901560005010042212217
B1857390359074N07613168WA0160701559005010044205197
B1857400359068N07613171WA0160701559005010042201219
B1857410359062N07613173WA0160601558005010041195225
B1857420359057N07613175WA0160501558005010039202217
B1857430359051N07613177WA0160501558005010037207202
B1857440359046N07613180WA0160501558005010039208202
B1857450359041N07613183WA0160501558005010044205215
B1857460359035N07613186WA0160501558005010047208218
B1857470359029N07613190WA0160401557005010047212223
B1857480359023N07613193WA0160401557005010045214220
B1857490359017N07613197WA0160301558005010043216214
B1857500359012N07613201WA0160201558005010042215221
B1857510359007N07613205WA0160201559005010043214211
B1857520359002N07613208WA0160201559005010044210211
B1857530358996N07613211WA0160201559005010046205206
B1857540358989N07613214WA0160201560005010046203197
B1857550358983N07613217WA0160201560005010046197202
B1857560358976N07613219WA0160201561005010044197192
B1857570358970N07613221WA0160301562005010044199198
B1857580358964N07613223WA0160401562005010043200197
B1857590358958N07613225WA0160401563005010043200198
B1858000358952N07613227WA0160501563005010044199194
B1858010358945N07613229WA0160501564005010044199210
B1858020358939N07613232WA0160501565005010041201204
B1858030358934N07613234WA0160601565005010037203205
B1858040358929N07613236WA0160601566005010034208200
B1858050358925N07613239WA0160601566005010035210209
B1858060358920N07613242WA0160601567005010040210211
B1858080358915N07613245WA0160601567005010041208220
B1858090358905N07613250WA0160601568005010032208209
B1858100358901N07613252WA0160601568005010033207211
B1858120358896N07613255WA0160601568005010037205220
B1858130358886N07613258WA0160601569005010036199222
B1858140358881N07613260WA0160601569005010031202221
B1858150358877N07613262WA0160701570005010028199200
B1858170358872N07613263WA0160701571005010030195212
B1858180358868N07613264WA0160801572005010031193206
B1858190358864N07613265WA0161001572005010028190215
B1858200358860N07613266WA0161201573005010025185204
B1858210358856N07613266WA0161201574005010027183209
B1858220358852N07613267WA0161401575005010030189202
B1858230358847N07613267WA0161501575005010034193185
B1858240358842N07613269WA0161601576005010035193179
B1858250358837N07613270WA0161601577005010032183197
B1858260358832N07613270WA0161701578005010027185203
B1858270358828N07613270WA0161901580005010025189223
B1858280358825N07613271WA0162001581005010021193225
B1858290358822N07613272WA0162101582005010027214224
B1858300358819N07613276WA0162101582005010036225230
B1858310358815N07613279WA0162201582005010035223221
B1858320358811N07613283WA0162201583005010033220226
B1858330358808N07613286WA0162201583005010029216239
B1858340358805N07613289WA0162201583005010029221245
B1858350358801N07613292WA0162101583005010033227265
B1858360358798N07613296WA0162001583005010036239270
B1858370358796N07613301WA0161801582005010036255270
B1858380358795N07613307WA0161801582005010035260270
B1858390358794N07613312WA0161801582005010035264283
B1858400358794N07613317WA0161701582005010032265268
B1858410358793N07613321WA0161701582005010030270261
B1858420358793N07613326WA0161701583005010031272251
B1858430358793N07613331WA0161701583005010033270243
B1858440358793N07613336WA0161701583005010035258242
B1858450358791N07613341WA0161801584005010036245240
B1858460358788N07613346WA0161801584005010037234239
B1858470358785N07613350WA0161901585005010037227236
B1858480358781N07613354WA0162101586005010033227228
B1858490358778N07613357WA0162201587005010029227228
B1858500358775N07613360WA0162201588005010029220230
B1858510358771N07613363WA0162301589005010032208225
B1858520358767N07613365WA0162501590005010035201214
B1858530358761N07613366WA0162501591005010036193203
B1858540358756N07613367WA0162601592005010035171194
B1858550358748N07613361WA0162601593005010040117171
B1858560358746N07613354WA0162601593005010042092104
B1858570358747N07613348WA0162601593005010042065076
B1858580358750N07613343WA0162501594005010040051049
B1858590358755N07613339WA0162501594005010039024035
B1859000358761N07613338WA0162501595005010039008010
B1859010358767N07613337WA0162401595005010035356356
B1859020358772N07613339WA0162401596005010037335345
B1859030358777N07613342WA0162501596005010039322323
B1859040358781N07613347WA0162501596005010040308313
B1859050358784N07613352WA0162501597005010040289302
B1859060358786N07613358WA0162601597005010038283283
B1859070358787N07613363WA0162801598005010036278275
B1859080358788N07613369WA0162801599005010038276269
B1859090358788N07613375WA0162901600005010039274255
B1859100358788N07613381WA0163101600005010038263251
B1859110358786N07613387WA0163201601005010037248248
B1859120358784N07613392WA0163201601005010036237238
B1859130358781N07613396WA0163301601005010034231233
B1859140358778N07613400WA0163401601005010034229225
B1859150358774N07613404WA0163401601005010033228217
B1859160358771N07613408WA0163401602005010031226222
B1859170358768N07613411WA0163401602005010032223208
B1859180358764N07613414WA0163401602005010032218207
B1859190358760N07613417WA0163401602005010034214214
B1859200358756N07613420WA0163401602005010037212228
B1859210358751N07613423WA0163401602005010037216227
B1859220358747N07613426WA0163401602005010036223236
B1859230358743N07613430WA0163401601005010036227232
B1859240358740N07613434WA0163401601005010035227224
B1859250358737N07613438WA0163301601005010036227221
B1859260358733N07613442WA0163201600005010037226225
B1859270358729N07613446WA0163101599005010037223226
B1859280358725N07613449WA0163101599005010036220231
B1859290358721N07613453WA0163001598005010035222244
B1859300358718N07613456WA0162901597005010034227237
B1859310358714N07613460WA0162801597005010034231238
B1859320358711N07613464WA0162801596005010035234232
B1859330358708N07613469WA0162701595005010035235228
B1859340358705N07613473WA0162601594005010035234230
B1859350358702N07613477WA0162501593005010034232225
B1859360358699N07613481WA0162501593005010034233222
B1859370358696N07613485WA0162401592005010032234218
B1859380358694N07613489WA0162401591005010029229213
B1859400358691N07613492WA0162401591005010025227232
B1859410358689N07613495WA0162401592005010026232242
B1859420358686N07613498WA0162401592005010026238230
B1859430358684N07613501WA0162501592005010025241232
B1859440358682N07613504WA0162701593005010025237225
B1859450358680N07613507WA0163001594005010026231227
B1859460358677N07613510WA0163001594005010026227230
B1859470358674N07613513WA0163301595005010025223240
B1859480358672N07613515WA0163701596005010024222260
B1859490358669N07613518WA0164001596005010026231273
B1859500358667N07613521WA0164001597005010026252283
B1859510358667N07613525WA0164301598005010028275292
B1859520358668N07613529WA0164601599005010033302306
B1859530358672N07613533WA0165001600005010035324320
B1859540358676N07613536WA0165001601005010035338338
B1859550358681N07613538WA0165301602005010035350351
B1859560358686N07613538WA0165601603005010038003002
B1859570358692N07613537WA0165801605005010040019014
B1859580358697N07613534WA0165801606005010042041028
B1859590358702N07613529WA0166101608005010043053049
B1900000358706N07613524WA0166401609005010041067059
B1900010358712N07613514WA0166701613005010031080073
B1900020358712N07613510WA0167101615005010029112088
B1900030358709N07613506WA0167101616005010033137120
B1900040358705N07613503WA0167401617005010034147145
B1900050358701N07613501WA0167801619005010032151155
B1900060358696N07613500WA0168101620005010029174159
B1900070358692N07613499WA0168101622005010028184180
B1900080358687N07613500WA0168501623005010026193189
B1900090358684N07613502WA0168801624005010026202198
B1900100358681N07613504WA0169101625005010023219205
B1900110358678N07613507WA0169401626005010021238221
B1900120358677N07613511WA0169401627005010022259237
B1900130358678N07613515WA0169701628005010025276254
B1900140358679N07613519WA0170001629005010023291270
B1900150358680N07613523WA0170001629005010021307282
B1900160358682N07613526WA0170201630005010022327296
B1900170358685N07613527WA0170501631005010017340316
B1900180358688N07613528WA0170901631005010013003326
B1900190358690N07613528WA0171201632005010012033347
B1900200358691N07613526WA0171201633005010014050028
B1900210358694N07613524WA0171501633005010016050054
B1900220358697N07613520WA0171901633005010011052053
B1900230358703N07613517WA0172201633005010004095057
B1900240358706N07613515WA0172201633005010008146162
B1900250358708N07613514WA0172501634005010015161173
B1900260358707N07613510WA0172801634005010017172176
B1900270358705N07613507WA0173101634005010018187183
B1900280358702N07613506WA0173101634005010019194195
B1900290358699N07613507WA0173401635005010019198201
B1900300358694N07613505WA0173601636005010020231203
B1900310358692N07613508WA0173801636005010022243230
B1900320358691N07613510WA0173801637005010021251240
B1900330358688N07613512WA0174001638005010023270247
B1900340358689N07613515WA0174201638005010022293263
B1900350358690N07613519WA0174501639005010021313284
B1900360358691N07613521WA0174501640005010019325303
B1900370358693N07613523WA0174801640005010014338315
B1900380358695N07613523WA0175101640005010011001324
B1900390358697N07613523WA0175401640005010009018347
B1900400358699N07613522WA0175401640005010012034010
B1900410358709N07613518WA0175701641005010015046035
B1900420358716N07613513WA0176101641005010016078049
B1900430358720N07613509WA0176301641005010013103088
B1900450358722N07613506WA0176601641005010016153120
B1900460358722N07613502WA0176601640005010020176163
B1900470358719N07613499WA0176801639005010024190180
B1900480358715N07613498WA0177101639005010026202191
B1900490358710N07613497WA0177301639005010027217202
B1900500358706N07613498WA0177301639005010024230215
B1900510358704N07613500WA0177601639005010023245226
B1900520358702N07613502WA0177901640005010025259239
B1900530358700N07613505WA0178101641005010026271252
B1900540358700N07613508WA0178101641005010022290264
B1900550358700N07613511WA0178301642005010022308282
B1900560358702N07613514WA0178601643005010021323300
B1900570358704N07613516WA0179001644005010021332318
B1900580358706N07613518WA0179001645005010021338327
B1900590358709N07613520WA0179401645005010020351335
B1901000358711N07613520WA0179801646005010019002350
B1901010358714N07613520WA0180201646005010018013004
B1901020358720N07613517WA0180201646005010020053018
B1901030358722N07613514WA0180401645005010023061062
B1901040358726N07613510WA0180601645005010024070069
B1901050358730N07613504WA0180801644005010022072077
B1901060358733N07613499WA0180801644005010016082080
B1901070358735N07613494WA0180901644005010011107092
B1901080358736N07613489WA0181101643005010016130118
B1901090358736N07613485WA0181101643005010022147135
B1901100358735N07613481WA0181101644005010029167149
B1901110358732N07613479WA0181101644005010034181168
B1901120358727N07613479WA0181101644005010034181182
B1901130358722N07613479WA0180901644005010031187181
B1901140358717N07613480WA0180901643005010033190186
B1901150358714N07613479WA0180901643005010026232188
B1901160358711N07613480WA0180901645005010025234231
B1901170358708N07613482WA0181001647005010026237237
B1901180358705N07613485WA0181101648005010028244240
B1901190358704N07613489WA0181101649005010031263249
B1901200358705N07613494WA0181301650005010035279267
B1901210358706N07613498WA0181401652005010037294282
B1901220358708N07613502WA0181601654005010033313297
B1901230358710N07613507WA0181601657005010029329318
B1901240358713N07613510WA0181701659005010029341333
B1901250358716N07613511WA0181901661005010030351346
B1901260358720N07613513WA0182101663005010031002357
B1901270358724N07613512WA0182101664005010031016008
B1901280358728N07613511WA0182301665005010030031023
B1901290358732N07613508WA0182501665005010030044038
B1901300358735N07613504WA0182701664005010031063052
B1901310358737N07613500WA0182701664005010034076073
B1901320358738N07613495WA0182801664005010034078084
B1901330358739N07613489WA0182901664005010037082088
B1901340358740N07613483WA0182901664005010035092091
B1901350358742N07613478WA0182901666005010033101100
B1901360358742N07613474WA0182901667005010031112107
B1901370358741N07613469WA0183001667005010029126117
B1901380358738N07613468WA0183101667005010028202130
B1901390358733N07613470WA0183101667005010030207197
B1901400358729N07613473WA0183101667005010032214203
B1901410358727N07613476WA0183201666005010030247209
B1901420358725N07613481WA0183301665005010031250242
B1901430358723N07613485WA0183301665005010031253244
B1901440358722N07613489WA0183301664005010028262247
B1901450358722N07613494WA0183401663005010021291256
B1901460358723N07613497WA0183501662005010021302286
B1901470358725N07613501WA0183701662005010022314298
B1901480358728N07613504WA0183701662005010024330313
B1901490358731N07613506WA0183901662005010028346331
B1901500358736N07613507WA0184001662005010033002349
B1901520358741N07613507WA0184101662005010034012007
B1901530358746N07613506WA0184101662005010033023017
B1901540358751N07613505WA0184101662005010033027031
B1901550358756N07613503WA0184101662005010033035024
B1901560358760N07613500WA0184201662005010032033026
B1901570358765N07613498WA0184301662005010031024024
B1901580358769N07613497WA0184301663005010034017025
B1901590358775N07613497WA0184301664005010039014018
B1902000358780N07613495WA0184301663005010039018028
B1902010358786N07613493WA0184301663005010038019014
B1902020358792N07613491WA0184301662005010039017021
B1902030358798N07613490WA0184301662005010037016023
B1902040358806N07613488WA0184301664005010036014024
B1902050358812N07613487WA0184301666005010038011028
B1902060358820N07613485WA0184301668005010041013038
B1902070358826N07613484WA0184301668005010040014043
B1902080358833N07613482WA0184301668005010039018022
B1902090358839N07613480WA0184301668005010038023012
B1902100358845N07613479WA0184301669005010037023004
B1902110358850N07613477WA0184301670005010039014008
B1902120358856N07613476WA0184301671005010043004010
B1902130358862N07613476WA0184401671005010041003002
B1902140358868N07613477WA0184401672005010040358354
B1902150358874N07613477WA0184501673005010039358351
B1902160358881N07613477WA0184601674005010039356351
B1902170358887N07613478WA0184701675005010041353350
B1902180358893N07613479WA0184701677005010041353352
B1902190358900N07613479WA0184801678005010041354349
B1902200358906N07613480WA0184901679005010040355345
B1902210358919N07613481WA0185101681005010040351346
B1902220358925N07613482WA0185201683005010041349352
B1902230358931N07613483WA0185201685005010042350006
B1902240358936N07613484WA0185301686005010042354006
B1902250358942N07613484WA0185301688005010041356006
B1902260358948N07613485WA0185401688005010040356015
B1902270358954N07613485WA0185401688005010038355006
B1902280358960N07613486WA0185501690005010038355014
B1902290358965N07613486WA0185701691005010039356358
B1902300358971N07613487WA0185801693005010039355357
B1902310358976N07613488WA0185801694005010037355016
B1902320358982N07613488WA0186001695005010035352010
B1902330358986N07613489WA0186201696005010034352012
B1902340358991N07613489WA0186301696005010034355357
B1902350358997N07613490WA0186301697005010038357006
B1902360359004N07613491WA0186401699005010041000007
B1902370359011N07613491WA0186501699005010043000018
B1902380359018N07613491WA0186501700005010044001010
B1902390359026N07613491WA0186501701005010045002004
B1902400359032N07613491WA0186401703005010044003359
B1902410359039N07613491WA0186301704005010042002004
B1902420359045N07613490WA0186201704005010042002003
B1902430359050N07613490WA0186201705005010042003006
B1902440359057N07613489WA0186201707005010044003353
B1902450359063N07613489WA0186201708005010046001348
B1902460359069N07613489WA0186201709005010046001356
B1902470359075N07613489WA0186201710005010045002007
B1902480359082N07613488WA0186101710005010043001351
B1902490359087N07613488WA0186001711005010042001357
B1902500359093N07613487WA0185901712005010041000353
B1902510359099N07613487WA0185901712005010041359355
B1902520359104N07613487WA0185801713005010040356346
B1902530359110N07613487WA0185801714005010038354352
B1902540359116N07613488WA0185701714005010036348346
B1902550359122N07613490WA0185701716005010035344338
B1902560359127N07613491WA0185601716005010035341342
B1902570359133N07613493WA0185501717005010036342343
B1902580359139N07613495WA0185301717005010040343341
B1902590359145N07613497WA0185301718005010039346339
B1903000359151N07613499WA0185101718005010037344339
B1903010359157N07613501WA0184801719005010034340345
B1903020359162N07613503WA0184601720005010033339347
B1903030359167N07613505WA0184601720005010034343343
B1903040359173N07613507WA0184401721005010037345337
B1903050359179N07613509WA0184201722005010039344338
B1903060359186N07613511WA0184101723005010039343341
B1903070359192N07613513WA0184101723005010039342356
B1903080359198N07613515WA0184001724005010038346359
B1903090359203N07613516WA0183901723005010037352348
B1903100359209N07613517WA0183701723005010039352350
B1903110359215N07613518WA0183601722005010041347346
B1903120359222N07613520WA0183601722005010043343359
B1903130359228N07613521WA0183501721005010042343011
B1903140359234N07613523WA0183301720005010042345353
B1903150359240N07613525WA0183101720005010042350357
B1903160359247N07613526WA0183101719005010043349346
B1903170359253N07613527WA0182901718005010044347343
B1903180359259N07613528WA0182601717005010044347352
B1903190359266N07613530WA0182201716005010041347357
B1903200359272N07613532WA0182201715005010040342336
B1903210359278N07613533WA0181901715005010038339336
B1903220359283N07613536WA0181601714005010039335344
B1903230359289N07613538WA0181201713005010040336350
B1903240359295N07613541WA0181201711005010041341351
B1903250359301N07613543WA0180901710005010042343344
B1903260359308N07613544WA0180601709005010041344336
B1903270359314N07613546WA0180301708005010040342338
B1903280359320N07613548WA0180301707005010039341341
B1903290359325N07613550WA0180001706005010039340342
B1903300359331N07613552WA0179701705005010040342346
B1903310359337N07613554WA0179401704005010042344343
B1903320359344N07613556WA0179401702005010043344345
B1903330359350N07613558WA0179101701005010042344348
B1903340359357N07613560WA0178801699005010041345355
B1903350359362N07613561WA0178501698005010037346346
B1903360359368N07613562WA0178501696005010036348348
B1903370359373N07613564WA0178301694005010036348350
B1903380359379N07613565WA0178001693005010041348346
B1903390359385N07613566WA0177801691005010041349355
B1903400359391N07613567WA0177801688005010041349355
B1903410359397N07613569WA0177501686005010040350351
B1903420359403N07613569WA0177201684005010038351350
B1903430359409N07613570WA0177001682005010036351349
B1903440359415N07613571WA0177001681005010037352349
B1903450359420N07613572WA0176701680005010038354000
B1903460359426N07613573WA0176501679005010039356002
B1903470359433N07613573WA0176201677005010039358354
B1903480359439N07613573WA0176201676005010038001007
B1903490359445N07613573WA0176101675005010034004004
B1903500359450N07613573WA0175901674005010034004008
B1903510359456N07613573WA0175701674005010035005001
B1903530359462N07613573WA0175701674005010034007349
B1903540359468N07613572WA0175501673005010034005348
B1903550359473N07613572WA0175301672005010032358345
B1903560359478N07613572WA0175201670005010032357357
B1903570359483N07613573WA0175201669005010031353353
B1903580359488N07613573WA0174901668005010030352346
B1903590359493N07613574WA0174701668005010030349348
B1904000359497N07613575WA0174501666005010029345351
B1904010359502N07613577WA0174201665005010030344001
B1904020359507N07613578WA0174201664005010035349359
B1904030359512N07613579WA0173901662005010035353005
B1904040359518N07613579WA0173601661005010033357356
B1904050359528N07613580WA0173301658005010033355357
B1904060359533N07613581WA0172901656005010033357354
B1904070359538N07613581WA0172901654005010034356347
B1904080359543N07613582WA0172601653005010035352338
B1904090359549N07613583WA0172301651005010036348342
B1904100359554N07613584WA0171901649005010037344341
B1904110359560N07613586WA0171901647005010037342350
B1904120359565N07613587WA0171601645005010037342350
B1904130359570N07613589WA0171201643005010038344340
B1904140359576N07613591WA0170901641005010037342332
B1904150359581N07613593WA0170901640005010036333333
B1904160359586N07613596WA0170601638005010036329333
B1904170359590N07613599WA0170301636005010035326343
B1904180359594N07613602WA0170001635005010034326346
B1904190359599N07613605WA0169801633005010033325341
B1904200359602N07613608WA0169801631005010032323337
B1904210359606N07613611WA0169601630005010033319334
B1904220359610N07613615WA0169401628005010036318335
B1904230359613N07613618WA0169101626005010036318340
B1904250359618N07613622WA0169101625005010035321337
B1904260359622N07613625WA0168901623005010035323334
B1904270359626N07613628WA0168701621005010034325324
B1904280359630N07613631WA0168401619005010033322322
B1904290359634N07613634WA0168401617005010033319324
B1904300359638N07613638WA0168201616005010033316325
B1904310359641N07613641WA0168001615005010034315326
B1904320359645N07613645WA0167801614005010033315323
B1904330359648N07613649WA0167801613005010032313318
B1904340359652N07613652WA0167701612005010032309327
B1904350359655N07613656WA0167601611005010031310329
B1904360359658N07613660WA0167401610005010032314327
B1904370359661N07613663WA0167301609005010034317323
B1904380359665N07613667WA0167301609005010035316322
B1904390359669N07613671WA0167101608005010036314329
B1904400359673N07613675WA0166901607005010035313334
B1904410359677N07613679WA0166701606005010034316329
B1904420359680N07613682WA0166701605005010034319324
B1904430359684N07613686WA0166401603005010034319321
B1904440359688N07613689WA0166201602005010032314323
B1904450359692N07613693WA0165901601005010031312325
B1904460359695N07613696WA0165901599005010032312326
B1904470359699N07613700WA0165601598005010035315323
B1904480359703N07613704WA0165301596005010037316325
B1904490359707N07613708WA0165001594005010039315324
B1904500359711N07613712WA0165001592005010041313329
B1904510359715N07613717WA0164701591005010040314319
B1904520359720N07613721WA0164401589005010037314326
B1904530359726N07613729WA0164201587005010030314331
B1904540359730N07613732WA0164101586005010029319338
B1904550359733N07613734WA0164101584005010031325337
B1904560359738N07613737WA0163901583005010033331341
B1904570359742N07613739WA0163801581005010036335340
B1904580359747N07613741WA0163701580005010034337343
B1904590359752N07613743WA0163701578005010031340337
B1905000359756N07613744WA0163501577005010029340336
B1905010359760N07613746WA0163301576005010029337342
B1905020359764N07613748WA0163101574005010029339344
B1905030359768N07613749WA0163101573005010028344345
B1905040359772N07613750WA0162901571005010030348348
B1905050359777N07613751WA0162701570005010029351349
B1905060359782N07613752WA0162501568005010031347349
B1905070359786N07613753WA0162501566005010028349347
B1905080359790N07613753WA0162301565005010026346343
B1905090359794N07613754WA0162101563005010025346343
B1905100359798N07613755WA0162001562005010028345342
B1905110359802N07613756WA0162001560005010031346346
B1905120359806N07613757WA0162001559005010030349351
B1905130359811N07613758WA0161901558005010029348349
B1905140359815N07613759WA0161901557005010027347348
B1905150359819N07613760WA0161901556005010030344348
B1905160359824N07613761WA0161801555005010031344356
B1905170359828N07613762WA0161801554005010032348001
B1905180359833N07613763WA0161701553005010031355348
B1905190359837N07613763WA0161701553005010031354350
B1905200359842N07613764WA0161701552005010030348342
B1905210359847N07613766WA0161801552005010034339337
B1905220359852N07613768WA0161801552005010036337348
B1905230359857N07613770WA0161801551005010036335349
B1905240359863N07613773WA0161801550005010038334340
B1905250359868N07613775WA0161701550005010031331358
B1905260359872N07613778WA0161701550005010031333346
B1905270359877N07613780WA0161701550005010031339008
B1905280359881N07613781WA0161701550005010031346353
B1905290359886N07613782WA0161701551005010026350355
B1905310359890N07613783WA0161801552005010024350340
B1905320359894N07613784WA0161801552005010026348344
B1905330359899N07613785WA0161901553005010029345342
B1905340359903N07613786WA0161901553005010029348358
B1905350359907N07613787WA0161901554005010028342004
B1905360359911N07613788WA0161901554005010025347355
B1905370359915N07613789WA0162001555005010025344355
B1905380359919N07613791WA0162001556005010023347335
B1905390359923N07613792WA0162001557005010026347318
B1905400359927N07613793WA0162101557005010027340300
B1905410359931N07613795WA0162101558005010029325298
B1905420359934N07613798WA0162101558005010030302285
B1905430359936N07613802WA0162101559005010032283270
B1905440359936N07613807WA0162201560005010035259249
B1905450359934N07613812WA0162201560005010038233229
B1905460359930N07613816WA0162201561005010038206210
B1905470359924N07613817WA0162301563005010041179187
B1905480359918N07613817WA0162401564005010040168167
B1905490359908N07613810WA0162501567005010039129156
B1905500359905N07613806WA0162501569005010033114123
B1905510359903N07613801WA0162701570005010029096110
B1905520359904N07613797WA0162801572005010027076094
B1905530359906N07613793WA0162901574005010027055077
B1905540359909N07613790WA0162901575005010030045058
B1905550359913N07613787WA0163001576005010030023049
B1905560359917N07613786WA0163001577005010031000028
B1905570359923N07613787WA0162901578005010034346003
B1905580359928N07613789WA0162901578005010036340347
B1905590359933N07613791WA0162901579005010035340344
B1906000359938N07613793WA0162801580005010033338336
B1906010359942N07613795WA0162801581005010030329318
B1906020359946N07613797WA0162801582005010027313311
B1906030359947N07613801WA0162801583005010028290302
B1906040359948N07613805WA0162901585005010032268283
B1906050359947N07613810WA0163101586005010033254260
B1906060359944N07613815WA0163101587005010034233244
B1906070359941N07613818WA0163201588005010034213224
B1906080359936N07613820WA0163301589005010036192204
B1906090359930N07613820WA0163401590005010037173184
B1906100359924N07613819WA0163501592005010038156162
B1906110359919N07613816WA0163501593005010037141146
B1906120359915N07613812WA0163601594005010037125130
B1906130359913N07613807WA0163601595005010037110115
B1906140359912N07613801WA0163701596005010036092100
B1906150359913N07613796WA0163701597005010033071083
B1906160359915N07613792WA0163801598005010031052064
B1906170359918N07613789WA0163801599005010030033046
B1906180359922N07613787WA0163901600005010030021029
B1906190359927N07613786WA0163901601005010032357018
B1906200359932N07613787WA0163901602005010030337356
B1906210359935N07613790WA0164001603005010030315338
B1906220359938N07613794WA0164101604005010030290319
B1906230359938N07613798WA0164101605005010031272296
B1906240359938N07613803WA0164101606005010032257276
B1906250359936N07613808WA0164201607005010032241261
B1906260359933N07613812WA0164201608005010034223246
B1906270359929N07613815WA0164201608005010036203227
B1906280359923N07613816WA0164301609005010039182205
B1906290359917N07613815WA0164301609005010041161182
B1906300359911N07613812WA0164401610005010040146159
B1906310359907N07613809WA0164401611005010037131143
B1906320359904N07613804WA0164501612005010034121127
B1906330359902N07613800WA0164601613005010031110115
B1906340359901N07613795WA0164701614005010032096103
B1906350359901N07613790WA0164701615005010033079089
B1906360359903N07613786WA0164801616005010034063073
B1906370359906N07613782WA0164901617005010032042057
B1906380359909N07613779WA0165001618005010030021037
B1906390359914N07613779WA0165001619005010029358018
B1906400359918N07613780WA0165001620005010029332357
B1906410359922N07613782WA0165001620005010029319331
B1906420359924N07613786WA0165101621005010028304320
B1906430359926N07613790WA0165101622005010029289307
B1906440359927N07613794WA0165101622005010032273293
B1906450359927N07613799WA0165201622005010034259278
B1906460359925N07613804WA0165201623005010035244264
B1906470359922N07613809WA0165201623005010036229249
B1906480359918N07613812WA0165201623005010037218229
B1906490359913N07613816WA0165201623005010034212214
B1906500359909N07613818WA0165301624005010034201202
B1906510359904N07613819WA0165301624005010034188192
B1906520359899N07613819WA0165301625005010037171180
B1906530359893N07613818WA0165401625005010039158165
B1906540359888N07613815WA0165501626005010038147150
B1906550359883N07613812WA0165701628005010035138135
B1906560359880N07613808WA0165701629005010033130126
B1906570359877N07613804WA0165801630005010034117116
B1906580359875N07613799WA0166001632005010038101103
B1906590359875N07613793WA0166101633005010037080087
B1907000359877N07613788WA0166101634005010035055068
B1907010359881N07613784WA0166201635005010034032045
B1907020359886N07613783WA0166301635005010032010024
B1907030359890N07613783WA0166401636005010031350005
B1907040359895N07613784WA0166401636005010029332347
B1907050359898N07613787WA0166401637005010030316331
B1907060359901N07613791WA0166401638005010030298317
B1907070359902N07613795WA0166501638005010033280301
B1907080359902N07613801WA0166501639005010037263285
B1907090359901N07613806WA0166501639005010038245267
B1907100359898N07613811WA0166501639005010038231246
B1907110359894N07613815WA0166501640005010036224234
B1907120359890N07613818WA0166501640005010034224230
B1907130359886N07613822WA0166601641005010035225230
B1907140359883N07613826WA0166701641005010035226232
B1907150359879N07613830WA0166801642005010034225231
B1907160359876N07613833WA0166801642005010031226233
B1907170359873N07613837WA0166901643005010030229232
B1907180359870N07613840WA0167001644005010028232220
B1907190359868N07613843WA0167101645005010028230210
B1907200359865N07613846WA0167101645005010028218204
B1907210359861N07613848WA0167201646005010030201195
B1907220359856N07613849WA0167301646005010032185186
B1907230359851N07613849WA0167401647005010033174175
B1907240359846N07613849WA0167401648005010032170154
B1907250359842N07613847WA0167401649005010030161146
B1907260359838N07613845WA0167401649005010029148136
B1907270359834N07613843WA0167501650005010029131129
B1907280359832N07613839WA0167501650005010030115114
B1907300359831N07613834WA0167601651005010033097098
B1907320359833N07613823WA0167601651005010039062063
B1907340359840N07613816WA0167701653005010029033030
B1907350359848N07613816WA0167701654005010023344348
B1907370359851N07613818WA0167701655005010025314337
B1907380359852N07613821WA0167701655005010030288311
B1907390359853N07613826WA0167801656005010034268288
B1907400359852N07613832WA0167801656005010036248271
B1907410359850N07613837WA0167801656005010036236251
B1907420359847N07613841WA0167701656005010032226239
B1907430359843N07613844WA0167601656005010030217230
B1907440359839N07613847WA0167501656005010030213226
B1907450359836N07613850WA0167501656005010034217229
B1907460359831N07613854WA0167501656005010036223240
B1907470359828N07613857WA0167501656005010032233236
B1907480359825N07613862WA0167501656005010031235240
B1907490359823N07613866WA0167601656005010030241232
B1907500359821N07613870WA0167601656005010030239227
B1907510359818N07613874WA0167701656005010030233232
B1907520359816N07613877WA0167801656005010029229232
B1907530359813N07613880WA0167801655005010028229215
B1907540359810N07613884WA0167801655005010028227203
B1907550359807N07613887WA0167801655005010031219199
B1907560359803N07613889WA0167801654005010034205195
B1907570359798N07613891WA0167701654005010036189194
B1907580359792N07613891WA0167701653005010037179182
B1907590359787N07613890WA0167501652005010034173166
B1908000359777N07613888WA0167401651005010033163155
B1908010359773N07613887WA0167301651005010034155141
B1908020359768N07613884WA0167201650005010039143134
B1908030359764N07613879WA0167201649005010041130124
B1908040359760N07613874WA0167101648005010040117110
B1908050359758N07613869WA0167001647005010037104100
B1908060359757N07613863WA0166901646005010035091090
B1908070359758N07613858WA0166901645005010036078079
B1908080359759N07613852WA0166701644005010038067061
B1908090359762N07613847WA0166601643005010037058051
B1908100359765N07613843WA0166501642005010034044044
B1908110359769N07613840WA0166501641005010033021032
B1908120359774N07613839WA0166401640005010034009013
B1908130359779N07613838WA0166401639005010034359000
B1908140359784N07613839WA0166301639005010032352350
B1908150359789N07613840WA0166301638005010031349343
B1908160359794N07613841WA0166301637005010033344339
B1908170359798N07613843WA0166301637005010035340336
B1908180359803N07613845WA0166301636005010036339335
B1908190359808N07613847WA0166301635005010035336336
B1908200359813N07613849WA0166301634005010033333338
B1908210359817N07613851WA0166301634005010033331335
B1908220359822N07613854WA0166201633005010033331338
B1908230359826N07613856WA0166201632005010033331337
B1908240359830N07613859WA0166201632005010031329332
B1908250359834N07613861WA0166201631005010032327339
B1908260359838N07613864WA0166201630005010033326336
B1908270359842N07613867WA0166201630005010033327338
B1908280359846N07613869WA0166201629005010032328336
B1908300359851N07613872WA0166201629005010032330334
B1908310359855N07613874WA0166201628005010033332343
B1908320359859N07613876WA0166201628005010033335338
B1908330359864N07613878WA0166201628005010033337341
B1908340359868N07613880WA0166201627005010034338341
B1908350359873N07613882WA0166101627005010034339359
B1908360359878N07613884WA0166101626005010034342008
B1908370359883N07613885WA0166101626005010034349014
B1908380359888N07613886WA0166101626005010034352015
B1908390359893N07613885WA0166101625005010034008016
B1908400359898N07613884WA0166001624005010036020027
B1908410359903N07613881WA0166001623005010037032033
B1908420359907N07613878WA0165901622005010038042041
B1908430359911N07613874WA0165701621005010040053049
B1908440359914N07613868WA0165501620005010042063058
B1908450359916N07613862WA0165301618005010042071065
B1908460359917N07613855WA0165301617005010040082072
B1908470359917N07613849WA0165101615005010038091082
B1908480359916N07613844WA0165001614005010037097092
B1908490359915N07613838WA0164901613005010038106099
B1908500359913N07613833WA0164901612005010038116108
B1908510359909N07613828WA0164801611005010038129118
B1908520359905N07613824WA0164701610005010039142131
B1908530359900N07613821WA0164601609005010039150144
B1908540359895N07613818WA0164601609005010037161153
B1908550359890N07613817WA0164601609005010036168165
B1908560359884N07613816WA0164501608005010039175176
B1908570359878N07613816WA0164401608005010041183187
B1908580359872N07613816WA0164401608005010041188190
B1908590359866N07613818WA0164401607005010038192192
B1909000359861N07613819WA0164401607005010034191197
B1909010359856N07613820WA0164401607005010033189189
B1909020359851N07613821WA0164401606005010034185194
B1909030359845N07613821WA0164501606005010036186204
B1909040359840N07613822WA0164501606005010037188212
B1909050359835N07613823WA0164601606005010036194214
B1909060359830N07613825WA0164601606005010034201209
B1909070359825N07613827WA0164601606005010032208208
B1909080359821N07613829WA0164701606005010032211209
B1909090359817N07613832WA0164701606005010033211214
B1909100359813N07613835WA0164701605005010034210230
B1909110359808N07613837WA0164601605005010034211230
B1909120359804N07613840WA0164601605005010033213227
B1909130359800N07613843WA0164501604005010031216231
B1909140359796N07613846WA0164501604005010030216231
B1909150359793N07613849WA0164501604005010030220238
B1909160359790N07613852WA0164301603005010031220256
B1909170359786N07613855WA0164201603005010033227265
B1909180359783N07613859WA0164201602005010037246271
B1909190359781N07613870WA0164101601005010037270281
B1909200359781N07613875WA0163901601005010036281294
B1909210359783N07613880WA0163801600005010033302299
B1909220359787N07613884WA0163801599005010033311316
B1909230359791N07613888WA0163701599005010034322322
B1909240359795N07613890WA0163501598005010034326325
B1909250359800N07613893WA0163401597005010034324323
B1909260359804N07613896WA0163401596005010036321328
B1909270359809N07613899WA0163301595005010036325327
B1909280359813N07613902WA0163201594005010035330331
B1909290359818N07613904WA0163101594005010032330323
B1909310359826N07613909WA0163001591005010035323324
B1909320359830N07613912WA0162901590005010035320322
B1909330359834N07613915WA0162801589005010034321330
B1909340359838N07613919WA0162601587005010034323328
B1909350359842N07613921WA0162601585005010034325326
B1909360359846N07613924WA0162401584005010034326331
B1909370359851N07613927WA0162201581005010034327332
B1909380359855N07613930WA0161901579005010032328341
B1909390359859N07613932WA0161901577005010031330337
B1909400359863N07613934WA0161601575005010032332339
B1909410359868N07613936WA0161301573005010033335344
B1909420359872N07613938WA0161001571005010034335324
B1909430359877N07613940WA0161001569005010034336329
B1909440359881N07613942WA0160701566005010031331310
B1909450359885N07613944WA0160301564005010030321320
B1909460359888N07613947WA0159901561005010030313338
B1909470359891N07613950WA0159901558005010030313336
B1909480359894N07613954WA0159501555005010029317342
B1909490359898N07613956WA0159101553005010028325335
B1909500359901N07613959WA0158701550005010031332340
B1909510359906N07613960WA0158701547005010031336346
B1909520359910N07613962WA0158301544005010030336345
B1909530359914N07613964WA0157901541005010028335337
B1909540359918N07613965WA0157501538005010027334337
B1909550359922N07613967WA0157501535005010028330337
B1909560359926N07613970WA0157101532005010038328345
B1909570359931N07613972WA0156701528005010037330356
B1909580359936N07613975WA0156201525005010034339008
B1909590359941N07613976WA0156201522005010034348012
B1910000359946N07613976WA0155801518005010033357017
B1910010359951N07613976WA0155301515005010031020021
B1910020359955N07613973WA0154901512005010031036036
B1910030359958N07613970WA0154901508005010031053046
B1910040359960N07613966WA0154401504005010032073057
B1910050359960N07613961WA0154001500005010033089079
B1910060359959N07613955WA0153601496005010034097084
B1910070359957N07613950WA0153601492005010035097101
B1910080359956N07613944WA0153201487005010036098111
B1910090359955N07613939WA0152801483005010036100119
B1910100359953N07613933WA0152301479005010037118120
B1910110359950N07613929WA0152301476005010037129134
B1910120359946N07613924WA0151901472005010038135143
B1910130359941N07613921WA0151501469005010038143149
B1910140359936N07613918WA0151101465005010036152154
B1910150359931N07613916WA0150801462005010034164162
B1910160359926N07613914WA0150801459005010034171172
B1910170359921N07613914WA0150601455005010034180179
B1910180359916N07613915WA0150401452005010035197188
B1910190359911N07613917WA0150101449005010035201203
B1910200359906N07613920WA0150101445005010035210207
B1910210359902N07613923WA0149901442005010034225218
B1910220359898N07613927WA0149601438005010038230236
B1910230359895N07613932WA0149301435005010040230243
B1910240359891N07613937WA0149301431005010040233248
B1910250359888N07613942WA0149001428005010039237255
B1910270359885N07613947WA0148601424005010036241257
B1910280359882N07613952WA0148301421005010036242261
B1910290359880N07613957WA0148301418005010037245265
B1910300359878N07613962WA0148001415005010038249272
B1910310359876N07613968WA0147601411005010039256272
B1910320359875N07613974WA0147301408005010040263275
B1910330359875N07613980WA0147301405005010039267280
B1910340359874N07613986WA0146901402005010038268280
B1910350359874N07613992WA0146501399005010037270285
B1910360359874N07613997WA0146101396005010034272294
B1910370359875N07614002WA0145801394005010033278283
B1910380359875N07614007WA0145801392005010028280275
B1910390359876N07614011WA0145601390005010026273293
B1910400359876N07614015WA0145401388005010026268288
B1910410359876N07614019WA0145301386005010029262295
B1910420359875N07614024WA0145301384005010032261290
B1910430359874N07614028WA0145201383005010030260297
B1910440359874N07614033WA0145101381005010028261285
B1910450359873N07614037WA0145001380005010026264290
B1910460359873N07614041WA0145001378005010027269288
B1910470359873N07614045WA0144901377005010031277288
B1910480359873N07614050WA0144801376005010030279290
B1910490359874N07614054WA0144601375005010028277292
B1910500359875N07614059WA0144601373005010028279292
B1910510359876N07614063WA0144501372005010029288294
B1910520359878N07614067WA0144301370005010029300297
B1910530359880N07614070WA0144101369005010028310311
B1910540359883N07614073WA0144101368005010027311318
B1910550359888N07614080WA0144001365005010029307316
B1910560359891N07614084WA0143801364005010032307315
B1910570359894N07614088WA0143601362005010037308298
B1910580359897N07614093WA0143601362005010037303295
B1910590359900N07614097WA0143401361005010034293297
B1911000359902N07614102WA0143301361005010031288290
B1911010359903N07614106WA0143201361005010030291298
B1911020359905N07614111WA0143201361005010031298293
B1911030359908N07614115WA0143201361005010033301288
B1911040359910N07614119WA0143301362005010033300283
B1911050359913N07614123WA0143401362005010032295273
B1911060359915N07614128WA0143401363005010031286266
B1911070359916N07614132WA0143501364005010031270260
B1911080359915N07614137WA0143701364005010033250249
B1911090359913N07614142WA0143801365005010037235235
B1911100359909N07614146WA0143801365005010040224221
B1911110359904N07614149WA0143901366005010041208208
B1911120359898N07614151WA0144001366005010043186191
B1911130359891N07614151WA0144001367005010047164170
B1911140359885N07614147WA0144001368005010047143152
B1911150359880N07614142WA0144001368005010047123132
B1911160359877N07614136WA0144001369005010044105113
B1911170359877N07614129WA0144001370005010043090096
B1911180359878N07614123WA0144001371005010039068081
B1911190359881N07614118WA0144001371005010036043060
B1911200359886N07614116WA0144101373005010034026038
B1911210359891N07614114WA0144301374005010034013022
B1911220359896N07614114WA0144301375005010034359009
B1911230359901N07614115WA0144501377005010035346353
B1911240359907N07614117WA0144701378005010035337338
B1911250359911N07614119WA0145001379005010033330327
B1911260359916N07614122WA0145001381005010032323319
B1911270359919N07614125WA0145201382005010029311315
B1911280359921N07614128WA0145501384005010027302304
B1911290359923N07614132WA0145701386005010025297288
B1911300359923N07614135WA0145901388005010026277283
B1911310359922N07614140WA0145901390005010031255266
B1911320359921N07614144WA0146001391005010035241253
B1911330359918N07614149WA0146101393005010034232232
B1911340359914N07614152WA0146201394005010032221221
B1911350359910N07614155WA0146201396005010034207210
B1911360359905N07614157WA0146301398005010037194199
B1911370359899N07614157WA0146401400005010041180183
B1911380359893N07614156WA0146501401005010040164168
B1911390359888N07614154WA0146501403005010038147153
B1911400359884N07614150WA0146501404005010035121135
B1911410359882N07614145WA0146601406005010036100109
B1911420359882N07614139WA0146701407005010037090089
B1911430359882N07614134WA0146701408005010036083078
B1911440359884N07614129WA0146701409005010028060072
B1911450359886N07614126WA0146701411005010026053046
B1911460359889N07614123WA0146801412005010024048039
B1911470359892N07614121WA0146801414005010026034033
B1911480359896N07614119WA0146901415005010031015022
B1911490359901N07614119WA0146901416005010037355004
B1911500359907N07614120WA0147001417005010037351347
B1911510359912N07614121WA0147001418005010036348342
B1911520359917N07614122WA0147101419005010032347333
B1911530359922N07614124WA0147101420005010030341322
B1911540359926N07614125WA0147201421005010029332320
B1911550359930N07614128WA0147201422005010031307312
B1911560359932N07614133WA0147301423005010031287292
B1911570359932N07614137WA0147401424005010032269279
B1911580359932N07614142WA0147601425005010034257268
B1911590359930N07614147WA0147601426005010034245254
B1912000359927N07614151WA0147701428005010034222245
B1912010359922N07614154WA0147801428005010036202223
B1912020359916N07614155WA0147901429005010040185203
B1912030359910N07614155WA0147901430005010039176184
B1912040359904N07614153WA0148001431005010043145175
B1912050359899N07614149WA0148101432005010042128141
B1912060359896N07614143WA0148201433005010039113123
B1912070359895N07614138WA0148201434005010033092106
B1912080359895N07614133WA0148301435005010033080082
B1912090359897N07614129WA0148401436010019031059070
B1912100359900N07614125WA0148501437010019031039049
B1912110359904N07614123WA0148501437005010030017029
B1912120359909N07614122WA0148501438005010030012010
B1912130359913N07614121WA0148601439005010027009005
B1912140359917N07614121WA0148601440005010024004001
B1912150359920N07614121WA0148601440005010022353357
B1912160359924N07614123WA0148701442005010023329348
B1912170359926N07614125WA0148801442005010024316328
B1912180359929N07614128WA0148801443005010026311314
B1912190359931N07614131WA0148901444005010026303310
B1912200359932N07614136WA0148901445005010029283303
B1912210359931N07614141WA0149001446005010034259286
B1912220359930N07614147WA0149101447005010037243264
B1912230359926N07614151WA0149101447005010037224249
B1912240359922N07614155WA0149101448005010036216230
B1912250359917N07614157WA0149201448005010034195222
B1912260359912N07614158WA0149201449005010034175201
B1912280359907N07614157WA0149301449005010034160179
B1912290359898N07614151WA0149401451005010038134141
B1912300359894N07614146WA0149601452005010038123131
B1912310359892N07614141WA0149701453005010037109118
B1912320359890N07614136WA0149701454005010035099102
B1912330359890N07614130WA0149801455005010033089091
B1912340359890N07614126WA0150001456005010031080079
B1912360359891N07614121WA0150101456005010029071070
B1912370359896N07614114WA0150201458005010029047049
B1912380359899N07614111WA0150201459005010027039037
B1912400359902N07614110WA0150301459005010020012028
B1912410359905N07614109WA0150301460005010018001000
B1912420359908N07614110WA0150401461005010019349348
B1912430359911N07614111WA0150401461005010023343331
B1912440359914N07614112WA0150501462005010026338325
B1912450359917N07614115WA0150501463005010028312323
B1912460359919N07614119WA0150501463005010030288304
B1912470359921N07614124WA0150601464005010030278288
B1912480359921N07614129WA0150601465005010030267279
B1912490359920N07614133WA0150701465005010031254269
B1912500359918N07614138WA0150701466005010036241259
B1912510359915N07614143WA0150701466005010039230244
B1912520359910N07614147WA0150801466005010040212234
B1912530359900N07614150WA0150901468005010034180216
B1912540359894N07614150WA0150901469005010034171179
B1912550359889N07614149WA0151001470005010036164164
B1912560359884N07614147WA0151101471005010036151154
B1912570359880N07614143WA0151301473005010036132140
B1912580359877N07614139WA0151301474005010036116120
B1912590359875N07614134WA0151501475005010035103104
B1913000359875N07614129WA0151701477005010033096085
B1913010359874N07614124WA0151901478005010031093074
B1913020359874N07614119WA0151901479005010031087071
B1913030359875N07614114WA0152001481005010032078063
B1913040359877N07614110WA0152101482005010033066059
B1913050359879N07614106WA0152201483005010033052049
B1913060359882N07614102WA0152201484005010032048030
B1913070359885N07614099WA0152201485005010028049033
B1913080359888N07614096WA0152201486005010024044025
B1913090359890N07614094WA0152201486005010019032019
B1913100359893N07614093WA0152201487005010018012003
B1913110359896N07614093WA0152201488005010020350348
B1913120359899N07614094WA0152101488005010026337332
B1913130359903N07614096WA0152001488005010031324321
B1913140359906N07614100WA0151801488005010036299313
B1913150359909N07614105WA0151801487005010038285294
B1913160359910N07614110WA0151601487005010035275289
B1913170359910N07614116WA0151401485005010034272272
B1913180359911N07614120WA0151201484005010033271259
B1913190359910N07614125WA0151201484005010030256256
B1913200359908N07614130WA0151001483005010032237247
B1913210359905N07614134WA0151001483005010034224234
B1913220359900N07614137WA0151001483005010035207219
B1913230359895N07614139WA0151001482005010036192202
B1913240359890N07614139WA0151001482005010037172186
B1913250359884N07614138WA0151101481005010038154163
B1913260359880N07614135WA0151201481005010037135145
B1913270359877N07614130WA0151201480005010038113123
B1913280359875N07614124WA0151301480005010036092101
B1913290359876N07614119WA0151401480005010035074078
B1913300359878N07614114WA0151501480005010031059061
B1913310359880N07614111WA0151501480005010026041047
B1913320359883N07614109WA0151601480005010022016030
B1913330359887N07614109WA0151701480005010022354006
B1913340359890N07614110WA0151701479005010024349351
B1913350359894N07614111WA0151701479005010026348334
B1913360359898N07614112WA0151701479005010029339329
B1913370359902N07614114WA0151701478005010034320328
B1913380359906N07614119WA0151601477005010040302316
B1913390359909N07614124WA0151501476005010038291306
B1913400359911N07614129WA0151501476005010034292302
B1913410359913N07614134WA0151301475005010031296291
B1913430359915N07614138WA0151201474005010031295279
B1913450359917N07614147WA0151201473005010035271265
B1913460359917N07614152WA0151101472005010034272259
B1913470359915N07614162WA0151201472005010030229250
B1913490359911N07614164WA0151201472005010033206222
B1913500359906N07614165WA0151301472005010037180198
B1913510359900N07614164WA0151401473005010038157172
B1913520359895N07614161WA0151601474005010038137147
B1913530359892N07614156WA0151601475005010038120128
B1913540359889N07614151WA0151801476005010038105104
B1913550359888N07614145WA0152001477005010037090090
B1913560359889N07614140WA0152201478005010035078076
B1913570359890N07614135WA0152201480005010035069056
B1913580359892N07614130WA0152401481005010034064050
B1913590359895N07614126WA0152601482005010029052046
B1914000359898N07614123WA0152701483005010026036036
B1914010359901N07614121WA0152701484005010027024019
B1914020359906N07614120WA0152801485005010031015008
B1914030359910N07614119WA0152901486005010033010359
B1914040359915N07614118WA0152901487005010031358353
B1914050359920N07614119WA0152901488005010030340348
B1914060359924N07614122WA0152901489005010029323334
B1914070359927N07614125WA0152901489005010031307314
B1914080359929N07614129WA0153001489005010033296304
B1914090359931N07614134WA0153001490005010031283295
B1914100359931N07614139WA0153001490005010033268283
B1914110359930N07614144WA0153101491005010036248270
B1914120359927N07614148WA0153101491005010039232250
B1914130359923N07614153WA0153101492005010038219235
B1914140359918N07614155WA0153201492005010040194221
B1914150359912N07614156WA0153201493005010038177195
B1914160359907N07614155WA0153301493005010036156176
B1914170359902N07614152WA0153301494005010036141153
B1914180359898N07614148WA0153501495005010034127135
B1914190359896N07614144WA0153601496005010034115119
B1914200359894N07614139WA0153801497005010035103107
B1914210359894N07614133WA0153901497005010037086094
B1914220359895N07614128WA0153901498005010037067077
B1914230359898N07614123WA0154001499005010039049058
B1914240359902N07614119WA0154101499005010036031042
B1914250359907N07614117WA0154201500005010033020024
B1914260359912N07614116WA0154201501005010032009011
B1914270359917N07614116WA0154201502005010029358359
B1914280359921N07614116WA0154401503005010027349349
B1914290359925N07614118WA0154501503005010028338340
B1914300359929N07614119WA0154501504005010032334329
B1914310359933N07614122WA0154601505005010034328320
B1914320359937N07614125WA0154601505005010033319310
B1914330359941N07614128WA0154701506005010030306298
B1914340359945N07614137WA0154701508005010031288287
B1914350359946N07614141WA0154701508005010036278268
B1914360359946N07614147WA0154801508005010039265261
B1914370359944N07614152WA0154801509005010036248250
B1914380359942N07614157WA0154801509005010033227236
B1914390359938N07614160WA0154901510005010030207224
B1914400359934N07614161WA0154901510005010031191203
B1914410359928N07614161WA0155001511005010037176181
B1914420359922N07614160WA0155001511005010043161159
B1914430359916N07614157WA0155001511005010046139145
B1914440359912N07614151WA0155001511005010046116123
B1914450359910N07614145WA0155001512005010043102101
B1914460359909N07614138WA0155001513005010038086090
B1914470359910N07614133WA0155001513005010035077072
B1914480359912N07614128WA0155101514005010034064055
B1914490359914N07614124WA0155201515005010033055046
B1914500359917N07614120WA0155201515005010031046036
B1914510359921N07614117WA0155301516005010030035027
B1914520359925N07614115WA0155501516005010035026020
B1914530359930N07614113WA0155501517005010040021019
B1914540359936N07614110WA0155501517005010041021017
B1914550359942N07614108WA0155601518005010040024010
B1914560359947N07614106WA0155601518005010034015010
B1914570359952N07614105WA0155701519005010033005011
B1914580359957N07614105WA0155701519005010035006018
B1914590359962N07614104WA0155801520005010039011010
B1915000359968N07614103WA0155901520005010039010011
B1915010359974N07614102WA0156101521005010038003000
B1915020359979N07614102WA0156101521005010038001003
B1915030359985N07614102WA0156201522005010039006011
B1915040359991N07614101WA0156301523005010037011004
B1915050359996N07614100WA0156401524005010031009359
B1915060400000N07614100WA0156501525005010026000354
B1915070400004N07614100WA0156501526005010024354005
B1915080400007N07614100WA0156601527005010026355008
B1915090400011N07614100WA0156801528005010030003010
B1915100400016N07614100WA0157001529005010033003359
B1915110400021N07614100WA0157001530005010033356356
B1915120400025N07614101WA0157201531005010030351010
B1915130400030N07614101WA0157301532005010027355013
B1915140400034N07614101WA0157401533005010028359016
B1915150400038N07614101WA0157401534005010029012009
B1915160400042N07614100WA0157501535005010034007002
B1915170400048N07614100WA0157501536005010037358350
B1915180400053N07614100WA0157601537005010034351008
B1915190400057N07614101WA0157601538005010028358013
B1915200400061N07614100WA0157701539005010024012020
B1915210400065N07614098WA0157801539005010032034010
B1915220400070N07614095WA0157901540005010040033000
B1915230400075N07614092WA0157901541005010041022358
B1915240400080N07614090WA0157901541005010038013002
B1915250400086N07614089WA0157901542005010037011015
B1915260400091N07614088WA0158001542005010036015020
B1915270400096N07614086WA0158001543005010035020002
B1915280400101N07614084WA0158001544005010032022358
B1915290400105N07614082WA0158101545005010029019353
B1915300400109N07614081WA0158301546005010029010353
B1915310400114N07614081WA0158301547005010033001354
B1915320400119N07614081WA0158501548005010037359346
B1915330400125N07614081WA0158701549005010036356352
B1915340400130N07614081WA0158901550005010034357341
B1915350400135N07614082WA0158901551005010033357349
B1915370400140N07614082WA0159101552005010034358345
B1915380400146N07614082WA0159201554005010036357324
B1915390400151N07614082WA0159401555005010036352319
B1915400400156N07614084WA0159601556005010034336311
B1915410400160N07614087WA0159601558005010031314304
B1915420400162N07614091WA0159801559005010031293289
B1915430400163N07614096WA0160001561005010035277274
B1915440400163N07614101WA0160201562005010037259261
B1915450400161N07614106WA0160201563005010038238245
B1915460400157N07614110WA0160401564005010036216227
B1915470400152N07614113WA0160501565005010034200210
B1915480400147N07614114WA0160601566005010033181197
B1915490400142N07614113WA0160601567005010034163177
B1915500400137N07614110WA0160801568005010039136160
B1915510400134N07614105WA0160801569005010040125130
B1915520400131N07614099WA0160901570005010041111117
B1915530400130N07614092WA0160901572005010041091102
B1915540400131N07614086WA0161001573005010043079082
B1915550400133N07614079WA0161101574005010042070070
B1915560400136N07614075WA0161201575010019036036062
B1915570400140N07614072WA0161201577010019032024024
B1915580400145N07614071WA0161401578010019032011007
B1915590400150N07614071WA0161601580005010034357354
B1916000400156N07614071WA0161801581005010034352341
B1916010400160N07614073WA0161801582005010037324337
B1916020400164N07614077WA0162101584005010036305317
B1916030400167N07614082WA0162301585005010038298302
B1916040400169N07614088WA0162501586005010038270296
B1916050400168N07614093WA0162501588005010038255272
B1916060400166N07614099WA0162601589005010037243259
B1916070400163N07614103WA0162801591005010034232249
B1916080400160N07614107WA0163001593005010033226235
B1916090400156N07614110WA0163001594005010031211230
B1916100400151N07614113WA0163101596005010035199216
B1916110400140N07614114WA0163301598005010042173203
B1916120400134N07614113WA0163401599005010039164174
B1916130400129N07614111WA0163501600005010034152163
B1916140400124N07614108WA0163501602005010033138145
B1916150400121N07614104WA0163601603005010031131131
B1916160400118N07614100WA0163801605005010034123122
B1916170400115N07614095WA0164001606005010038114106
B1916180400113N07614089WA0164001608005010040102093
B1916190400113N07614083WA0164201609005010039089080
B1916200400114N07614077WA0164301610005010037075068
B1916210400116N07614072WA0164501612005010036068075
B1916220400118N07614067WA0164501613005010036067060
B1916230400120N07614062WA0164601614005010033065050
B1916240400122N07614058WA0164801616005010031056033
B1916250400125N07614054WA0164901617005010030040019
B1916260400129N07614052WA0165101618005010031022017
B1916270400134N07614051WA0165101619005010034010004
B1916280400139N07614051WA0165301620005010035001347
B1916290400145N07614051WA0165401621005010035352334
B1916300400150N07614052WA0165501622005010036340323
B1916310400155N07614055WA0165501623005010040325314
B1916320400160N07614059WA0165601624005010042313288
B1916330400163N07614064WA0165701625005010040297292
B1916340400165N07614069WA0165801626005010036281278
B1916350400166N07614075WA0165801628005010034272270
B1916360400165N07614080WA0165901629005010035268264
B1916370400165N07614085WA0166001630005010035261254
B1916380400163N07614091WA0166201632005010036253237
B1916390400161N07614096WA0166201633005010036242234
B1916400400158N07614100WA0166301635005010036229214
B1916410400154N07614104WA0166501636005010035215217
B1916420400150N07614106WA0166701638005010035202199
B1916430400144N07614107WA0166701640005010035195201
B1916440400139N07614108WA0166901641005010034190191
B1916450400134N07614109WA0167101643005010031183170
B1916460400130N07614109WA0167301645005010030173163
B1916470400125N07614108WA0167301647005010031163150
B1916480400121N07614106WA0167601648005010034152139
B1916490400117N07614103WA0167701650005010039140131
B1916500400112N07614098WA0167901652005010041126105
B1916510400109N07614093WA0167901654005010041111108
B1916520400108N07614087WA0168001656005010041103105
B1916530400107N07614081WA0168101658005010034091096
B1916540400107N07614076WA0168201660005010031091090
B1916550400107N07614072WA0168401661005010031093070
B1916560400107N07614067WA0168401663005010034089055
B1916570400107N07614062WA0168601664005010036072046
B1916580400110N07614057WA0168801666005010037053039
B1916590400114N07614053WA0168901667005010036036032
B1917000400118N07614050WA0168901669005010034024018
B1917010400123N07614049WA0169101670005010032017003
B1917030400128N07614047WA0169201671005010032012355
B1917040400133N07614047WA0169301672005010032003339
B1917050400138N07614048WA0169301673005010034347337
B1917060400143N07614050WA0169401674005010036330330
B1917070400147N07614053WA0169501675005010040315319
B1917080400151N07614058WA0169601676005010041304307
B1917090400155N07614063WA0169601676005010038302293
B1917100400157N07614068WA0169701677005010036298281
B1917110400159N07614072WA0169801678005010034289275
B1917120400160N07614077WA0169901679005010034274270
B1917130400160N07614082WA0169901680005010036257258
B1917140400158N07614088WA0170001680005010036241245
B1917150400155N07614092WA0170201682005010032224231
B1917160400151N07614094WA0170401683005010031203217
B1917170400146N07614095WA0170401684005010031185197
B1917180400141N07614095WA0170601686005010032163180
B1917190400137N07614093WA0170801687005010033146159
B1917200400133N07614089WA0170901689005010034135138
B1917210400130N07614085WA0170901690005010036123128
B1917220400127N07614080WA0171101692005010037107115
B1917230400126N07614074WA0171301693005010038088099
B1917240400128N07614069WA0171401695005010037065081
B1917250400135N07614061WA0171501698005010033024059
B1917260400140N07614060WA0171501699005010031003019
B1917270400144N07614061WA0171601700005010030343358
B1917280400149N07614063WA0171801702005010032327336
B1917290400153N07614066WA0171901702005010036316321
B1917300400156N07614070WA0171901703005010037302304
B1917310400159N07614075WA0172001704005010039291293
B1917320400160N07614081WA0172001704005010038278283
B1917330400160N07614086WA0172101705005010035255270
B1917340400158N07614091WA0172101706005010029232251
B1917350400155N07614093WA0172101708005010029211232
B1917360400151N07614095WA0172201709005010029192211
B1917370400146N07614095WA0172401710005010036176188
B1917380400140N07614094WA0172501711005010040161167
B1917390400135N07614092WA0172501712005010039146153
B1917400400130N07614087WA0172601714005010041130136
B1917410400126N07614082WA0172701715005010042117116
B1917420400124N07614076WA0172801716005010042106106
B1917430400122N07614070WA0172801717005010040094092
B1917440400122N07614063WA0172901718005010039083077
B1917450400123N07614058WA0173001719005010037070065
B1917460400126N07614053WA0173101720005010036060056
B1917470400128N07614048WA0173101721005010035050044
B1917480400132N07614044WA0173201723005010035036044
B1917490400137N07614041WA0173401724005010037031030
B1917500400141N07614039WA0173501724005010036027033
B1917510400146N07614036WA0173501725005010033025015
B1917520400150N07614035WA0173601726005010029018006
B1917530400155N07614034WA0173701727005010027003348
B1917540400159N07614034WA0173701728005010029347334
B1917550400163N07614036WA0173801728005010033330316
B1917560400167N07614039WA0173801728005010036314309
B1917570400171N07614044WA0173901728005010038301290
B1917580400173N07614049WA0174001728005010037286284
B1917590400174N07614055WA0174001728005010039275277
B1918000400175N07614061WA0174001728005010041270254
B1918010400174N07614067WA0174001727005010041257244
B1918020400172N07614073WA0174001727005010040246227
B1918030400169N07614078WA0174001727005010037229220
B1918040400165N07614081WA0174001727005010033214206
B1918050400161N07614083WA0174101727005010032198200
B1918060400156N07614084WA0174101727005010034178186
B1918070400150N07614083WA0174101727005010035164166
B1918080400145N07614081WA0174201727005010038150148
B1918090400141N07614077WA0174201727005010041135131
B1918100400137N07614072WA0174201727005010041121121
B1918110400134N07614066WA0174201727005010041108106
B1918120400133N07614060WA0174201727005010039092092
B1918130400134N07614055WA0174201727005010036078078
B1918140400135N07614049WA0174201727005010034069055
B1918150400137N07614045WA0174201727005010031064053
B1918160400139N07614041WA0174201727005010029055043
B1918170400142N07614038WA0174301727005010031031031
B1918180400147N07614036WA0174301727005010037013019
B1918190400153N07614036WA0174301727005010041359354
B1918200400159N07614036WA0174301726005010041349342
B1918210400165N07614038WA0174301726005010037336329
B1918220400169N07614041WA0174301726005010034321321
B1918230400173N07614045WA0174301726005010034307306
B1918250400175N07614049WA0174401725005010036298285
B1918260400178N07614055WA0174401725005010041289267
B1918280400179N07614067WA0174501723005010039260250
B1918300400175N07614077WA0174501723005010032224233
B1918310400171N07614080WA0174401722005010032211216
B1918320400167N07614082WA0174401722005010032195204
B1918330400162N07614083WA0174401722005010034180189
B1918340400156N07614082WA0174401721005010037166175
B1918360400146N07614076WA0174201720005010040138146
B1918370400142N07614071WA0174201720005010037127132
B1918380400139N07614066WA0174201720005010035114120
B1918390400137N07614061WA0174101719005010034102108
B1918400400136N07614056WA0174101719005010034090096
B1918410400137N07614051WA0174001719005010034077084
B1918420400138N07614046WA0174001718005010035060072
B1918430400142N07614042WA0174001718005010036050052
B1918440400146N07614038WA0174001718005010036030041
B1918450400150N07614036WA0174001718005010034026021
B1918460400155N07614034WA0174001718005010030025013
B1918470400159N07614032WA0174001718005010028015002
B1918480400168N07614032WA0174001717005010031352357
B1918490400173N07614033WA0174001717005010032343336
B1918500400177N07614035WA0174001717005010034330316
B1918510400181N07614038WA0174101716005010035312305
B1918520400184N07614043WA0174101716005010037294285
B1918530400186N07614048WA0174101716005010036276271
B1918540400186N07614053WA0174101716005010032263259
B1918550400184N07614058WA0174101716005010029245252
B1918560400182N07614061WA0174101716005010031226236
B1918570400178N07614064WA0174201716005010034212219
B1918580400173N07614066WA0174201716005010036199205
B1918590400168N07614067WA0174201716005010036183190
B1919000400162N07614067WA0174201716005010036166177
B1919010400157N07614065WA0174101716005010038145161
B1919020400153N07614061WA0174101716005010038130141
B1919030400149N07614056WA0174101716005010036122129
B1919040400146N07614051WA0174101716005010032121127
B1919050400144N07614047WA0174001716005010029128132
B1919060400141N07614044WA0174001716005010029139137
B1919070400137N07614041WA0174001716005010034148150
B1919080400132N07614039WA0174001716005010038156160
B1919090400126N07614037WA0174001716005010038162173
B1919100400121N07614035WA0174001716005010036167180
B1919110400116N07614034WA0174001716005010036175183
B1919120400110N07614035WA0174001717005010034187189
B1919130400105N07614036WA0174001717005010036198198
B1919140400100N07614038WA0174001717005010037204207
B1919150400095N07614041WA0174001717005010037212213
B1919160400091N07614044WA0174001717005010036219221
B1919170400087N07614047WA0174101718005010034228227
B1919180400084N07614052WA0174201718005010034240236
B1919190400082N07614056WA0174201718005010035260246
B1919200400082N07614062WA0174301718005010036269266
B1919210400083N07614067WA0174301718005010035278275
B1919230400084N07614072WA0174401718005010032288283
B1919240400086N07614076WA0174401718005010030303293
B1919250400089N07614080WA0174401718005010031323307
B1919260400093N07614082WA0174501718005010031337326
B1919270400098N07614083WA0174601718005010030350340
B1919280400102N07614083WA0174601718005010029006352
B1919290400107N07614082WA0174601718005010029028006
B1919300400110N07614079WA0174701717005010031049028
B1919310400113N07614075WA0174701717005010033061047
B1919320400115N07614070WA0174701717005010033080059
B1919330400115N07614065WA0174701716005010033102078
B1919340400109N07614057WA0174701716005010036133099
B1919350400105N07614053WA0174701715005010037139135
B1919360400100N07614050WA0174601715005010038152141
B1919370400095N07614047WA0174601714005010037163154
B1919380400090N07614046WA0174601714005010038173166
B1919390400084N07614046WA0174601714005010038181178
B1919400400078N07614046WA0174501714005010039187187
B1919410400072N07614047WA0174501713005010040194195
B1919420400066N07614049WA0174501714005010040196206
B1919430400061N07614051WA0174501714005010036195203
B1919440400056N07614052WA0174501714005010033191197
B1919450400051N07614053WA0174601714005010031193215
B1919460400047N07614055WA0174601714005010032203215
B1919470400042N07614057WA0174701714005010038218224
B1919480400038N07614061WA0174701714005010044230237
B1919490400034N07614067WA0174801714005010042243248
B1919500400032N07614072WA0174801714005010037254259
B1919510400031N07614077WA0174801713005010030267268
B1919520400032N07614082WA0174801713005010030275277
B1919530400033N07614086WA0174801713005010031294283
B1919540400035N07614090WA0174801713005010033303299
B1919550400038N07614095WA0174801713005010035303306
B1919560400041N07614099WA0174801714005010035298300
B1919570400044N07614103WA0174901715005010033294295
B1919580400045N07614108WA0175001715005010030291291
B1919590400047N07614112WA0175001716005010031288285
B1920000400049N07614116WA0175101716005010031285271
B1920010400050N07614121WA0175201716005010033276254
B1920020400050N07614126WA0175201716005010031263249
B1920030400048N07614130WA0175201716005010029242245
B1920040400046N07614134WA0175201716005010031225231
B1920050400043N07614137WA0175201716005010030221229
B1920060400039N07614139WA0175101716005010027218230
B1920070400036N07614142WA0175101716005010025215229
B1920080400033N07614144WA0175101716005010026214218
B1920090400029N07614146WA0175101716005010028209207
B1920100400026N07614148WA0175101716005010029203190
B1920110400021N07614149WA0175101716005010033192176
B1920130400016N07614149WA0175101716005010035181165
B1920140400011N07614149WA0175001716005010036165152
B1920150400006N07614147WA0175001716005010036149141
B1920160400002N07614143WA0175001716005010035133128
B1920170359999N07614139WA0175001717005010032119112
B1920180359997N07614135WA0175001717005010031110100
B1920190359996N07614131WA0175001718005010031103090
B1920200359996N07614126WA0175001719005010033095077
B1920210359996N07614121WA0175001720005010033085079
B1920220359996N07614117WA0175101721005010031078080
B1920230359998N07614112WA0175201721005010031073073
B1920240359999N07614107WA0175201722005010033072071
B1920250400001N07614103WA0175201722005010033071068
B1920260400003N07614098WA0175201723005010033067064
B1920270400005N07614094WA0175201723005010034061054
B1920280400008N07614090WA0175201724005010035058052
B1920290400011N07614085WA0175201725005010034054036
B1920300400014N07614081WA0175301725005010032052030
B1920310400017N07614078WA0175301726005010026037022
B1920320400020N07614076WA0175401727005010025033011
B1920330400023N07614075WA0175401727005010027020001
B1920340400028N07614074WA0175501728005010032009346
B1920350400033N07614074WA0175601728005010034354334
B1920360400038N07614075WA0175601729005010033337328
B1920370400042N07614078WA0175601729005010032320323
B1920380400045N07614081WA0175701730005010031306305
B1920390400047N07614086WA0175701730005010032297291
B1920400400049N07614090WA0175701731005010033288279
B1920410400050N07614095WA0175701731005010034276274
B1920420400050N07614100WA0175701731005010035262265
B1920430400046N07614110WA0175701732005010032232251
B1920440400043N07614113WA0175701732005010032216225
B1920450400038N07614116WA0175701732005010035205208
B1920460400033N07614118WA0175701732005010036194191
B1920470400028N07614118WA0175701732005010036178174
B1920480400023N07614117WA0175701732005010036160159
B1920490400018N07614115WA0175701733005010036149147
B1920500400013N07614112WA0175701733005010034144133
B1920510400009N07614108WA0175701734005010034135115
B1920520400006N07614104WA0175701734005010036123103
B1920530400003N07614099WA0175801735005010037108094
B1920540400002N07614094WA0175801735005010038095079
B1920550400002N07614088WA0175801736005010036087073
B1920560400003N07614083WA0175901736005010033076059
B1920570400004N07614078WA0176001737005010031070051
B1920580400006N07614075WA0176001737005010027055043
B1920590400009N07614071WA0176101738005010029047027
B1921000400013N07614069WA0176201738005010033033022
B1921010400018N07614066WA0176201738005010038022020
B1921020400023N07614064WA0176201738005010038020015
B1921030400028N07614063WA0176201739005010034016020
B1921040400033N07614061WA0176201739005010029016357
B1921050400037N07614060WA0176301739005010024010345
B1921060400040N07614060WA0176301740005010024004341
B1921070400044N07614060WA0176301740005010027349332
B1921080400048N07614062WA0176401740005010034334334
B1921090400053N07614065WA0176501741005010038327351
B1921100400058N07614068WA0176501741005010037329350
B1921110400063N07614071WA0176501741005010034337352
B1921120400068N07614073WA0176501741005010032341353
B1921130400072N07614074WA0176401741005010032339343
B1921140400077N07614076WA0176401741005010032337351
B1921150400081N07614078WA0176401742005010031334359
B1921160400085N07614080WA0176401742005010029339350
B1921170400089N07614082WA0176501742005010029342358
B1921180400094N07614083WA0176501743005010031347356
B1921190400098N07614084WA0176701743005010033347355
B1921200400103N07614085WA0176701744005010032349013
B1921210400108N07614086WA0176901745005010032353009
B1921220400113N07614086WA0176901746005010034001015
B1921230400118N07614085WA0177001746005010036007017
B1921240400124N07614084WA0177101747005010037012018
B1921250400129N07614083WA0177301748005010037014025
B1921260400134N07614082WA0177301749005010035014021
B1921270400139N07614080WA0177401750005010033014034
B1921280400144N07614079WA0177601751005010033014030
B1921290400149N07614078WA0177701752005010035021038
B1921300400154N07614075WA0177801752005010038023032
B1921310400159N07614073WA0177801753005010039022039
B1921320400165N07614071WA0177801754005010040022041
B1921330400170N07614069WA0177801754005010039023045
B1921340400176N07614066WA0177801755005010038027049
B1921350400180N07614063WA0177801755005010034032051
B1921360400184N07614061WA0177701756005010031040057
B1921370400187N07614057WA0177701756005010029045050
B1921380400190N07614054WA0177601756005010029044059
B1921390400193N07614051WA0177601755005010032046068
B1921400400196N07614046WA0177501755005010036058069
B1921410400199N07614041WA0177401754005010039068062
B1921420400201N07614036WA0177301753005010038070062
B1921430400202N07614030WA0177301752005010036071062
B1921440400204N07614025WA0177101752005010034069062
B1921450400206N07614020WA0176901751005010034066060
B1921460400208N07614016WA0176801750005010036062058
B1921470400211N07614011WA0176801749005010037062058
B1921480400213N07614006WA0176701748005010037063060
B1921490400216N07614001WA0176601748005010037064050
B1921500400218N07613996WA0176501747005010036060026
B1921510400222N07613992WA0176501746005010035046022
B1921520400226N07613989WA0176401745005010036023015
B1921530400232N07613987WA0176301745005010039008001
B1921540400238N07613987WA0176201744005010039358354
B1921550400243N07613988WA0176201743005010037346338
B1921570400248N07613990WA0176201743005010034332326
B1921580400253N07613993WA0176101742005010035321326
B1921590400257N07613996WA0176001741005010037312310
B1922000400261N07614001WA0176001739005010037306302
B1922010400264N07614006WA0175901738005010036300289
B1922020400266N07614010WA0175801737005010036288281
B1922030400267N07614016WA0175701736005010036276272
B1922040400267N07614021WA0175601734005010038267257
B1922050400267N07614027WA0175601733005010036258247
B1922060400265N07614032WA0175401732005010033248254
B1922070400263N07614036WA0175301730005010032236238
B1922080400260N07614040WA0175301729005010034224235
B1922090400256N07614043WA0175201728005010034218238
B1922100400252N07614047WA0175101726005010032219227
B1922110400248N07614050WA0175001725005010031219220
B1922120400244N07614053WA0174801723005010030216211
B1922130400240N07614055WA0174801722005010034210225
B1922140400236N07614058WA0174601720005010040209221
B1922150400230N07614061WA0174401718005010040208220
B1922160400225N07614064WA0174101717005010039209226
B1922170400220N07614067WA0174101716005010037210222
B1922180400215N07614070WA0173901714005010037210228
B1922190400211N07614072WA0173701712005010038212221
B1922200400206N07614076WA0173501711005010039215216
B1922210400201N07614079WA0173501709005010040213221
B1922220400196N07614082WA0173301707005010039211219
B1922230400191N07614086WA0173101705005010039211219
B1922240400186N07614088WA0172901703005010037209223
B1922250400182N07614091WA0172901702005010037210218
B1922260400177N07614094WA0172801700005010037211217
B1922270400172N07614097WA0172601698005010037213209
B1922280400168N07614100WA0172401697005010038212200
B1922290400162N07614103WA0172401695005010039206206
B1922300400157N07614105WA0172301694005010038201215
B1922310400152N07614107WA0172101693005010035200228
B1922320400147N07614109WA0172001692005010032201216
B1922330400143N07614111WA0172001690005010029197212
B1922340400139N07614112WA0171901689005010029197194
B1922350400134N07614113WA0171801688005010031196211
B1922360400130N07614114WA0171701687005010035196200
B1922370400124N07614116WA0171701687005010036192201
B1922380400119N07614117WA0171701686005010033189196
B1922390400115N07614118WA0171701686005010031189192
B1922400400105N07614119WA0171701686005010033185189
B1922410400100N07614119WA0171701686005010035184198
B1922420400095N07614120WA0171701686005010036184194
B1922430400089N07614120WA0171701685005010037183197
B1922440400084N07614121WA0171801685005010036181192
B1922450400078N07614121WA0171801685005010036180190
B1922460400073N07614121WA0171801685005010037179208
B1922470400067N07614121WA0171801685005010034178203
B1922480400062N07614120WA0171701685005010031172193
B1922490400058N07614120WA0171701685005010031173206
B1922500400053N07614120WA0171701685005010030182210
B1922510400049N07614120WA0171801685005010031190215
B1922520400044N07614122WA0171801685005010031211222
B1922530400041N07614124WA0171801685005010028227238
B1922540400039N07614128WA0171801685005010026249247
B1922550400038N07614132WA0171901685005010026265264
B1922560400038N07614136WA0171901685005010030284276
B1922570400040N07614140WA0171901685005010034302292
B1922580400044N07614144WA0171901685005010034316310
B1922590400048N07614147WA0171801685005010032333322
B1923000400052N07614149WA0171801685005010032348336
B1923010400057N07614149WA0171901685005010034002349
B1923020400063N07614148WA0171901685005010037009003
B1923030400068N07614147WA0171901686005010033021009
B1923040400072N07614145WA0171901686005010029038020
B1923050400075N07614142WA0172001686005010030055036
B1923060400078N07614137WA0172001686005010036065058
B1923070400080N07614132WA0172101686005010041072069
B1923080400081N07614125WA0172101686005010043091076
B1923090400080N07614119WA0172201686005010042109095
B1923100400077N07614114WA0172201686005010041129112
B1923110400072N07614110WA0172301686005010036146132
B1923120400067N07614107WA0172301686005010034151151
B1923130400062N07614105WA0172401686005010032154161
B1923140400057N07614103WA0172401686005010034159167
B1923150400052N07614102WA0172401686005010037168175
B1923160400046N07614101WA0172501686005010037173181
B1923170400041N07614100WA0172501686005010034178188
B1923180400036N07614100WA0172501686005010031188192
B1923190400031N07614101WA0172501687005010030201204
B1923200400027N07614103WA0172501687005010031210214
B1923210400023N07614106WA0172501687005010032221224
B1923220400020N07614109WA0172501687005010031234233
B1923230400018N07614114WA0172501688005010031253245
B1923240400018N07614118WA0172601688005010029269261
B1923250400018N07614123WA0172601688005010030288274
B1923260400021N07614127WA0172601688005010033312289
B1923270400024N07614130WA0172601688005010034323314
B1923280400029N07614133WA0172601688005010036327323
B1923290400033N07614136WA0172601688005010031327327
B1923300400037N07614138WA0172601688005010028326330
B1923310400041N07614141WA0172601688005010028327336
B1923320400044N07614143WA0172601689005010031332349
B1923330400049N07614145WA0172701688005010032341352
B1923340400054N07614146WA0172801688005010033355001
B1923350400059N07614146WA0172801688005010033011011
B1923370400063N07614144WA0172801688005010033027017
B1923380400068N07614142WA0172901688005010031038029
B1923390400071N07614139WA0172901688005010030051038
B1923400400074N07614135WA0172901688005010031059055
B1923410400076N07614131WA0172901688005010032067065
B1923420400077N07614126WA0173001688005010034079075
B1923430400077N07614121WA0173001688005010034095088
B1923440400076N07614116WA0173101688005010036111104
B1923450400074N07614111WA0173101688005010037123121
B1923460400070N07614107WA0173101688005010038142133
B1923470400065N07614104WA0173101688005010037161153
B1923480400059N07614103WA0173101688005010037177172
B1923490400054N07614103WA0173101688005010033195186
B1923500400050N07614105WA0173101688005010031212203
B1923510400047N07614108WA0173101688005010027229219
B1923520400044N07614112WA0173101688005010026244237
B1923530400043N07614115WA0173101688005010026240255
B1923540400041N07614119WA0173101688005010027242255
B1923550400040N07614123WA0173101688005010030256260
B1923560400039N07614128WA0173101688005010035275270
B1923570400041N07614133WA0173101688005010034304285
B1923580400045N07614136WA0173001687005010035333309
B1923590400050N07614138WA0173001687005010036354333
B1924000400056N07614138WA0172901686005010036008352
B1924010400061N07614137WA0172901685005010033019004
B1924020400066N07614135WA0172901685005010031029018
B1924030400070N07614132WA0172901685005010034031027
B1924040400080N07614127WA0172901684005010040032034
B1924060400086N07614123WA0172901683005010042033037
B1924070400097N07614116WA0172901682005010041038036
B1924080400102N07614112WA0172901682005010035037031
B1924090400106N07614109WA0172901682005010030037029
B1924100400109N07614107WA0173001682005010029037029
B1924110400113N07614104WA0173101683005010032036031
B1924120400117N07614101WA0173201682005010036035034
B1924130400122N07614098WA0173201682005010039035031
B1924140400126N07614094WA0173301683005010039033038
B1924150400131N07614091WA0173401683005010037033047
B1924170400139N07614085WA0173301682005010032045048
B1924180400142N07614081WA0173301682005010033053051
B1924190400145N07614077WA0173201681005010036053055
B1924200400149N07614073WA0173101680005010036053051
B1924210400152N07614069WA0172901680005010034053059
B1924220400154N07614065WA0172901679005010033057065
B1924230400157N07614060WA0172701678005010034062059
B1924240400159N07614056WA0172501677005010036059047
B1924250400162N07614051WA0172301676005010037051049
B1924260400166N07614047WA0172301675005010036048064
B1924270400169N07614043WA0172001674005010033051057
B1924280400172N07614039WA0171801673005010032052054
B1924290400175N07614035WA0171501672005010033058049
B1924300400178N07614031WA0171501670005010036053042
B1924310400182N07614027WA0171301669005010039046041
B1924320400186N07614023WA0171001667005010041044043
B1924330400190N07614019WA0170801666005010041040037
B1924340400195N07614015WA0170801665005010038038036
B1924350400199N07614012WA0170601664005010035035035
B1924360400203N07614009WA0170401662005010033037038
B1924370400207N07614005WA0170201661005010034038036
B1924380400211N07614002WA0170201659005010035038032
B1924390400216N07613999WA0170001658005010038032027
B1924400400221N07613996WA0169801656005010039031043
B1924410400226N07613993WA0169601654005010040034043
B1924420400230N07613989WA0169601653005010039038040
B1924430400235N07613985WA0169401652005010037041031
B1924440400239N07613982WA0169201650005010035039036
B1924450400243N07613978WA0169001649005010036038039
B1924460400248N07613975WA0169001648005010037039053
B1924470400252N07613971WA0168901646005010039043047
B1924480400256N07613967WA0168801645005010039050044
B1924490400260N07613963WA0168601644005010036047035
B1924500400264N07613959WA0168501644005010035041037
B1924510400268N07613955WA0168501643005010037038041
B1924520400272N07613951WA0168501642005010041041026
B1924530400277N07613948WA0168401642005010041041020
B1924540400282N07613944WA0168401641005010039035016
B1924550400287N07613941WA0168401641005010036026029
B1924560400291N07613939WA0168501641005010035026043
B1924570400296N07613936WA0168601641005010033035036
B1924580400300N07613933WA0168701641005010034041020
B1924590400304N07613930WA0168701640005010035037018
B1925000400308N07613927WA0168701640005010034028021
B1925010400313N07613925WA0168701640005010033022046
B1925020400317N07613923WA0168701640005010032029041
B1925030400321N07613920WA0168701640005010035038033
B1925040400326N07613917WA0168601639005010037038027
B1925050400330N07613913WA0168401639005010038034028
B1925060400335N07613910WA0168301638005010037030042
B1925070400340N07613907WA0168301638005010037035047
B1925080400344N07613903WA0168101637005010037043039
B1925090400348N07613900WA0168001637005010037047032
B1925100400352N07613896WA0167801636005010037043032
B1925110400357N07613892WA0167801635005010038037037
B1925120400361N07613888WA0167601634005010039035046
B1925130400366N07613885WA0167401633005010039039045
B1925140400370N07613881WA0167201632005010039043042
B1925150400374N07613877WA0167201631005010037043045
B1925160400378N07613873WA0167001630005010037041056
B1925170400383N07613870WA0166901629005010037039055
B1925180400387N07613866WA0166701628005010038041064
B1925190400391N07613862WA0166701626005010037048067
B1925200400394N07613857WA0166601625005010036056060
B1925220400397N07613853WA0166401624005010036059061
B1925230400400N07613848WA0166301623005010036059055
B1925240400403N07613843WA0166301621005010037056049
B1925250400406N07613839WA0166101620005010037055040
B1925260400409N07613834WA0165901619005010036051032
B1925270400413N07613830WA0165701617005010037043048
B1925280400417N07613826WA0165701615005010040041053
B1925290400422N07613822WA0165501614005010041044056
B1925300400426N07613818WA0165201612005010041052040
B1925310400430N07613813WA0165001611005010038055032
B1925320400433N07613808WA0165001609005010036053029
B1925330400436N07613805WA0164801608005010036041030
B1925340400441N07613801WA0164701606005010039035037
B1925350400446N07613798WA0164501605005010039034033
B1925360400451N07613795WA0164501604005010037034030
B1925370400455N07613792WA0164401603005010035032030
B1925380400460N07613789WA0164301602005010035028033
B1925390400464N07613787WA0164201601005010037026037
B1925400400470N07613784WA0164201600005010039027032
B1925410400475N07613782WA0164101599005010039026029
B1925420400480N07613779WA0164001599005010037026025
B1925430400485N07613777WA0163901598005010036025028
B1925440400490N07613774WA0163801597005010037023034
B1925450400496N07613772WA0163801595005010040022033
B1925460400501N07613770WA0163601594005010041021022
B1925470400507N07613768WA0163501594005010041020027
B1925480400513N07613766WA0163301593005010039017025
B1925490400518N07613764WA0163301592005010037015033
B1925500400524N07613762WA0163201591005010036015027
B1925510400529N07613761WA0163101590005010037017039
B1925520400534N07613759WA0163001589005010036021027
B1925530400539N07613757WA0163001588005010037023023
B1925540400544N07613755WA0162801586005010039022019
B1925550400550N07613753WA0162701585005010040017023
B1925560400556N07613751WA0162501584005010040014025
B1925570400561N07613750WA0162501582005010038013024
B1925580400567N07613748WA0162301581005010037015017
B1925590400572N07613747WA0162101579005010037016015
B1926000400578N07613745WA0161901578005010038013023
B1926010400589N07613743WA0161601574005010041009025
B1926020400595N07613742WA0161601572005010041012042
B1926030400601N07613740WA0161401570005010037022036
B1926040400606N07613738WA0161101569005010036031035
B1926050400610N07613735WA0160901567005010036035031
B1926060400615N07613732WA0160901565005010036034025
B1926070400620N07613729WA0160701563005010039027028
B1926080400625N07613726WA0160501561005010041023035
B1926090400631N07613724WA0160201559005010042023035
B1926100400636N07613721WA0160201557005010040026039
B1926110400641N07613718WA0160001555005010038028034
B1926120400646N07613715WA0159701553005010037028030
B1926130400651N07613713WA0159501551005010038026038
B1926140400656N07613710WA0159501549005010040026042
B1926150400662N07613707WA0159201547005010041029047
B1926160400667N07613704WA0159001545005010041031045
B1926170400672N07613701WA0158801543005010040032036
B1926180400678N07613698WA0158801541005010040030031
B1926190400683N07613695WA0158601539005010040029035
B1926200400688N07613692WA0158301537005010040030038
B1926210400693N07613689WA0158101535005010040033040
B1926220400698N07613685WA0158101533005010039034029
B1926230400703N07613682WA0157901531005010039034031
B1926240400708N07613679WA0157701530005010041030022
B1926250400713N07613676WA0157401528005010042025031
B1926260400719N07613673WA0157401526005010042024035
B1926270400725N07613670WA0157201524005010040022035
B1926280400730N07613668WA0157001522005010037025035
B1926290400735N07613665WA0156801520005010037026032
B1926300400740N07613663WA0156801519005010039026018
B1926310400746N07613660WA0156601517005010041025026
B1926320400751N07613658WA0156401515005010043024025
B1926330400757N07613655WA0156301514005010043024024
B1926340400763N07613653WA0156301512005010041023020
B1926350400769N07613650WA0156101510005010040020022
B1926360400774N07613648WA0155901509005010040016036
B1926370400780N07613646WA0155801507005010041018032
B1926380400786N07613644WA0155801506005010041022042
B1926390400792N07613642WA0155601504005010041026032
B1926400400797N07613639WA0155501503005010041027029
B1926410400803N07613636WA0155301501005010041025031
B1926420400808N07613634WA0155301500005010040024038
B1926430400814N07613631WA0155201499005010037026034
B1926440400818N07613628WA0155001497005010036031039
B1926450400823N07613626WA0154901496005010036032029
B1926460400827N07613623WA0154901495005010038030031
B1926470400832N07613620WA0154701493005010040027036
B1926480400838N07613617WA0154601492005010041028035
B1926490400843N07613614WA0154401491005010041032036
B1926500400848N07613611WA0154401490005010037035028
B1926510400852N07613608WA0154201489005010034034018
B1926520400857N07613605WA0154001487005010034028017
B1926530400861N07613603WA0153901486005010035022020
B1926540400866N07613601WA0153901485005010038019040
B1926550400872N07613599WA0153701483005010039019036
B1926560400878N07613597WA0153501482005010040019017
B1926570400883N07613595WA0153201481005010039018023
B1926580400889N07613593WA0153201479005010037018022
B1926590400894N07613591WA0153001478005010036019024
B1927000400899N07613590WA0152701477005010036022027
B1927010400904N07613587WA0152501475005010037024020
B1927020400909N07613585WA0152501474005010037023019
B1927030400914N07613583WA0152301473005010036021016
B1927040400919N07613581WA0152101471005010035020017
B1927050400924N07613579WA0152001470005010034023019
B1927060400929N07613577WA0152001469005010036028024
B1927070400934N07613574WA0151901468005010038028014
B1927080400939N07613572WA0151801466005010038023016
B1927090400944N07613570WA0151601465005010036019019
B1927100400949N07613568WA0151601464005010034022031
B1927110400953N07613566WA0151501462005010033028026
B1927120400958N07613563WA0151401461005010034030028
B1927130400962N07613561WA0151201460005010034027022
B1927140400966N07613559WA0151201459005010032028031
B1927150400971N07613556WA0151101458005010031031017
B1927160400974N07613554WA0151001457005010030033020
B1927170400978N07613551WA0150801456005010031029020
B1927180400982N07613549WA0150801455005010033027015
B1927190400987N07613547WA0150701455005010035026026
B1927200400992N07613545WA0150701454005010036025024
B1927210400997N07613542WA0150601453005010036023024
B1927220401002N07613540WA0150601453005010036024032
B1927230401006N07613538WA0150601453005010035025032
B1927240401011N07613536WA0150601453005010034029033
B1927250401015N07613533WA0150601453005010034030026
B1927260401020N07613531WA0150601453005010033029022
B1927270401024N07613528WA0150701453005010035027026
B1927280401029N07613526WA0150801454005010037028029
B1927290401034N07613523WA0150901454005010036033028
B1927300401038N07613520WA0150901455005010031034009
B1927310401042N07613518WA0151001456005010028026358
B1927320401045N07613516WA0151201458005010028010347
B1927330401050N07613516WA0151301459005010033351338
B1927340401055N07613518WA0151301460005010038343318
B1927350401061N07613520WA0151501461005010040329301
B1927360401065N07613524WA0151701462005010036305288
B1927370401067N07613529WA0151801463005010038281272
B1927380401066N07613535WA0151801465005010039260255
B1927390401064N07613541WA0152001466005010039239240
B1927400401060N07613545WA0152101467005010037218220
B1927410401055N07613547WA0152201467005010037193205
B1927420401049N07613547WA0152201468005010039173185
B1927430401044N07613545WA0152301469005010037151167
B1927440401039N07613542WA0152301470005010036127146
B1927450401037N07613537WA0152401471005010031108122
B1927460401036N07613532WA0152401473005010030097100
B1927470401036N07613528WA0152501474005010031081083
B1927480401038N07613523WA0152701476005010033075062
B1927490401039N07613518WA0152801477005010034065051
B1927500401042N07613514WA0152801478005010033045043
B1927510401046N07613511WA0153001480005010034024031
B1927520401051N07613510WA0153201481005010037009016
B1927530401057N07613509WA0153301482005010036006014
B1927540401062N07613508WA0153301484005010033009005
B1927550401067N07613508WA0153401485005010032012000
B1927560401072N07613507WA0153601486005010031007353
B1927570401077N07613507WA0153701488005010032353347
B1927580401081N07613508WA0153701489005010033347335
B1927590401086N07613509WA0153901491005010035337330
B1928000401091N07613512WA0154101492005010036318317
B1928010401094N07613517WA0154201494005010037299300
B1928020401096N07613522WA0154201495005010038273284
B1928030401096N07613528WA0154401496005010039265261
B1928040401093N07613533WA0154601497005010037230253
B1928050401089N07613537WA0154801499005010033209222
B1928060401085N07613538WA0154801501005010031186202
B1928070401080N07613538WA0154901502005010031170174
B1928080401075N07613536WA0155101504005010033155155
B1928090401070N07613534WA0155301506005010034142141
B1928100401066N07613530WA0155301507005010035130129
B1928110401063N07613525WA0155501509005010037115117
B1928120401063N07613520WA0155701511005010036079105
B1928130401065N07613515WA0155901513005010037058073
B1928140401068N07613510WA0155901514005010037050055
B1928150401072N07613507WA0156101516005010035024048
B1928160401077N07613505WA0156301518005010035020023
B1928170401082N07613504WA0156501520005010033004018
B1928180401087N07613505WA0156601521005010035339003
B1928190401092N07613507WA0156601523005010036327339
B1928200401096N07613511WA0156801524005010034317327
B1928210401099N07613516WA0157001526005010041275317
B1928220401099N07613522WA0157101527005010041270274
B1928230401099N07613528WA0157101528005010037267269
B1928240401098N07613533WA0157301530005010029260267
B1928250401096N07613537WA0157401531005010023239260
B1928260401094N07613540WA0157701532005010022218239
B1928270401090N07613541WA0157701534005010021201218
B1928280401087N07613541WA0157901535005010019172200
B1928290401082N07613539WA0158201537005010026132171
B1928300401079N07613535WA0158401538005010031116130
B1928310401077N07613530WA0158401539005010036100114
B1928320401076N07613523WA0158701540005010034083098
B1928330401077N07613518WA0158901541005010033068081
B1928340401079N07613513WA0159001543005010032058066
B1928350401083N07613510WA0159001544005010035014055
B1928360401089N07613509WA0159201546005010034009011
B1928370401094N07613509WA0159301547005010033359006
B1928380401099N07613510WA0159501549005010033347356
B1928390401104N07613512WA0159501550005010036329344
B1928400401107N07613515WA0159601552005010038303327
B1928410401110N07613521WA0159801553005010039292301
B1928420401111N07613526WA0159901554005010040263290
B1928430401109N07613532WA0159901555005010039248262
B1928440401106N07613537WA0160001557005010035229247
B1928450401102N07613540WA0160201559005010032209229
B1928460401097N07613541WA0160401561005010030192210
B1928470401092N07613542WA0160401564005010029182189
B1928480401088N07613540WA0160601566005010030155181
B1928490401084N07613538WA0160801568005010035144153
B1928500401079N07613534WA0161101570005010037135142
B1928510401076N07613529WA0161101572005010037124131
B1928520401073N07613524WA0161401575005010038115122
B1928530401073N07613519WA0161601577005010034078113
B1928540401075N07613514WA0161901579005010036062079
B1928550401078N07613510WA0161901581005010036053060
B1928560401082N07613506WA0162101583005010033040050
B1928570401086N07613504WA0162301584005010033020038
B1928580401091N07613503WA0162401586005010032003017
B1928590401097N07613503WA0162401587005010036350001
B1929000401102N07613506WA0162601589005010041319346
B1929010401106N07613511WA0162601590005010040310315
B1929020401110N07613516WA0162701591005010044297306
B1929030401112N07613523WA0162701593005010043286293
B1929040401111N07613528WA0162901594005010036231282
B1929050401107N07613532WA0162901596005010034222227
B1929060401103N07613535WA0163001597005010030208219
B1929070401098N07613537WA0163001599005010029184205
B1929080401093N07613535WA0163201600005010032153183
B1929090401088N07613533WA0163301602005010033137154
B1929100401084N07613529WA0163501603005010035122139
B1929110401081N07613523WA0163501605005010036099124
B1929120401081N07613518WA0163801607005010035078101
B1929130401082N07613513WA0164001609005010034061081
B1929140401085N07613509WA0164201610005010033051064
B1929150401088N07613505WA0164201612005010032025055
B1929160401093N07613504WA0164401614005010034012026
B1929170401098N07613503WA0164601615005010037356013
B1929180401103N07613504WA0164701617005010035340356
B1929200401108N07613507WA0164901618005010034323339
B1929210401111N07613511WA0164901619005010034305321
B1929220401113N07613515WA0165001620005010034293301
B1929230401115N07613520WA0165201621005010035285288
B1929240401115N07613525WA0165301623005010034267281
B1929250401114N07613530WA0165301624005010034251262
B1929260401111N07613535WA0165401625005010034235246
B1929270401108N07613539WA0165601626005010034221231
B1929280401104N07613542WA0165701627005010034207217
B1929290401099N07613544WA0165701628005010032193204
B1929300401094N07613544WA0165901629005010031185190
B1929310401089N07613544WA0166001630005010030167182
B1929320401085N07613542WA0166201632005010031151165
B1929330401080N07613539WA0166201633005010036137149
B1929340401077N07613535WA0166301634005010038126136
B1929350401074N07613530WA0166501635005010039110125
B1929360401072N07613524WA0166601637005010039102111
B1929370401073N07613518WA0166601638005010038062103
B1929380401076N07613514WA0166701640005010037048065
B1929390401080N07613510WA0166901642005010035046050
B1929400401084N07613507WA0167101643005010029030048
B1929410401088N07613505WA0167101645005010029015032
B1929420401093N07613504WA0167301646005010034005014
B1929430401099N07613504WA0167501647005010039358003
B1929440401104N07613505WA0167701649005010038351355
B1929450401110N07613507WA0167701650005010038338347
B1929460401115N07613509WA0167801651005010037327335
B1929470401119N07613513WA0168001652005010034308323
B1929480401122N07613518WA0168101653005010036296304
B1929490401123N07613523WA0168101654005010036275292
B1929500401123N07613528WA0168201654005010034259270
B1929510401121N07613533WA0168301655005010035240255
B1929520401117N07613538WA0168401656005010036224236
B1929530401113N07613541WA0168401657005010035210221
B1929540401108N07613543WA0168501658005010033197207
B1929550401098N07613544WA0168601660005010030176194
B1929560401094N07613544WA0168701661005010031165170
B1929570401089N07613542WA0168901661005010033153156
B1929580401085N07613539WA0168901662005010035137145
B1929590401081N07613534WA0169001663005010036121132
B1930000401079N07613529WA0169101663005010038100119
B1930010401079N07613523WA0169101664005010041087095
B1930020401080N07613517WA0169101665005010040075081
B1930030401082N07613512WA0169101666005010035063067
B1930040401085N07613508WA0169201668005010029039059
B1930050401089N07613506WA0169301669005010030022035
B1930060401093N07613504WA0169301670005010034012013
B1930070401099N07613504WA0169501671005010038001356
B1930080401105N07613505WA0169701671005010040341344
B1930090401110N07613508WA0169801672005010040315326
B1930100401113N07613513WA0169801673005010040290303
B1930110401114N07613519WA0170001674005010041280280
B1930120401114N07613524WA0170101674005010035255271
B1930130401112N07613529WA0170101675005010033242248
B1930140401109N07613533WA0170101676005010033224235
B1930150401105N07613536WA0170301677005010033206218
B1930160401100N07613538WA0170401678005010032190200
B1930170401095N07613538WA0170601679005010031172182
B1930180401090N07613537WA0170601680005010032155163
B1930190401086N07613534WA0170701681005010033142144
B1930200401082N07613530WA0170801682005010034127128
B1930210401080N07613526WA0171001683005010036113118
B1930220401078N07613521WA0171001683005010037101109
B1930230401077N07613515WA0171001684005010034090099
B1930240401077N07613510WA0171101685005010036091097
B1930250401077N07613504WA0171101686005010039097099
B1930260401076N07613499WA0171101687005010036097095
B1930270401076N07613494WA0171101689005010031094091
B1930280401075N07613490WA0171201690005010026093096
B1930290401075N07613486WA0171301692005010026096094
B1930300401074N07613481WA0171301693005010032100089
B1930310401073N07613476WA0171501694005010034099080
B1930320401073N07613471WA0171701695005010035086068
B1930330401074N07613466WA0171901696005010035074059
B1930340401076N07613461WA0171901698005010036051046
B1930350401080N07613458WA0172101699005010036030033
B1930360401086N07613456WA0172201700005010037012013
B1930370401091N07613456WA0172401702005010037352356
B1930380401097N07613457WA0172501703005010038338339
B1930390401102N07613460WA0172501704005010039319323
B1930400401105N07613465WA0172701705005010040300307
B1930410401107N07613470WA0172801706005010040281289
B1930420401107N07613476WA0172901707005010037254273
B1930430401105N07613481WA0172901708005010035240246
B1930440401102N07613486WA0173001709005010031222233
B1930450401098N07613488WA0173101710005010030203217
B1930460401093N07613490WA0173201711005010033185195
B1930470401088N07613489WA0173201712005010036166179
B1930480401082N07613487WA0173401713005010038149161
B1930490401078N07613484WA0173501714005010038134145
B1930500401074N07613479WA0173701715005010037120131
B1930510401072N07613474WA0173701716005010036108119
B1930520401071N07613469WA0173801717005010036091109
B1930530401071N07613463WA0174001719005010035080091
B1930540401072N07613458WA0174101720005010035067080
B1930550401075N07613454WA0174101722005010034057069
B1930560401078N07613450WA0174301723005010033042058
B1930570401082N07613447WA0174501724005010033026043
B1930580401087N07613445WA0174601726005010034017022
B1930590401092N07613444WA0174601727005010034007008
B1931000401097N07613444WA0174701728005010036354359
B1931010401102N07613446WA0174901729005010036336347
B1931020401107N07613449WA0175001730005010037319330
B1931030401111N07613453WA0175001730005010037305310
B1931040401114N07613458WA0175101731005010036296292
B1931050401116N07613463WA0175201732005010035288276
B1931070401117N07613468WA0175301733005010035278268
B1931080401114N07613478WA0175401734005010037230240
B1931090401110N07613481WA0175501734005010038210220
B1931110401105N07613484WA0175601734005010034195199
B1931120401095N07613485WA0175701736005010029181177
B1931130401090N07613485WA0175701736005010031179169
B1931140401085N07613484WA0175801737005010033171159
B1931150401080N07613483WA0175801737005010035159145
B1931160401076N07613481WA0175901738005010036144138
B1931170401071N07613477WA0176001739005010037133122
B1931190401068N07613473WA0176101739005010037123112
B1931200401065N07613468WA0176201740005010038115094
B1931210401063N07613463WA0176201741005010036105090
B1931220401063N07613457WA0176201742005010035094084
B1931230401063N07613452WA0176401742005010035082077
B1931240401064N07613447WA0176501743005010034069069
B1931250401067N07613443WA0176501744005010034056057
B1931260401070N07613439WA0176601744005010033043049
B1931270401074N07613436WA0176701745005010033029037
B1931280401079N07613434WA0176701745005010035014023
B1931290401084N07613434WA0176701744005010037359011
B1931300401090N07613434WA0176701744005010041346353
B1931310401096N07613436WA0176601744005010043336341
B1931320401101N07613440WA0176601744005010039324328
B1931330401109N07613448WA0176601744005010035304312
B1931340401112N07613452WA0176601743005010037299288
B1931350401114N07613458WA0176601743005010040292282
B1931360401116N07613463WA0176701743005010041271276
B1931370401115N07613470WA0176801743005010041254255
B1931380401112N07613475WA0176801744005010039239238
B1931390401109N07613480WA0176901744005010035225222
B1931400401105N07613483WA0177001746005010031214206
B1931410401101N07613485WA0177101747005010032198193
B1931420401095N07613486WA0177101748005010035185174
B1931430401090N07613485WA0177301749005010037168161
B1931440401085N07613483WA0177401750005010038151146
B1931450401080N07613480WA0177601751005010037138129
B1931460401077N07613476WA0177601753005010035123122
B1931470401074N07613471WA0177701754005010035109107
B1931480401073N07613466WA0177901756005010035097097
B1931490401073N07613460WA0178001757005010034083088
B1931500401074N07613455WA0178001759005010032070073
B1931510401076N07613451WA0178201760005010029059065
B1931520401079N07613448WA0178301762005010027041055
B1931530401083N07613446WA0178501763005010030022038
B1931540401087N07613445WA0178501764005010034002020
B1931550401093N07613445WA0178601764005010039350358
B1931560401099N07613447WA0178701765005010041338346
B1931570401104N07613450WA0178801766005010038320333
B1931580401108N07613454WA0178801767005010034302317
B1931590401110N07613459WA0178901768005010034285294
B1932000401110N07613464WA0178901768005010035276275
B1932010401111N07613469WA0179001769005010035269261
B1932020401110N07613475WA0179001770005010034259250
B1932040401108N07613479WA0179101771005010032244235
B1932050401106N07613483WA0179301772005010032230231
B1932060401102N07613487WA0179501773005010032219211
B1932070401098N07613490WA0179601774005010033210208
B1932080401094N07613492WA0179701775005010033201196
B1932090401089N07613493WA0179701776005010034191174
B1932100401084N07613494WA0179901778005010034182168
B1932110401079N07613494WA0180001779005010034171154
B1932120401073N07613492WA0180101780005010035160143
B1932130401068N07613490WA0180101781005010038149128
B1932140401064N07613486WA0180301782005010040135122
B1932150401060N07613481WA0180401783005010041123112
B1932160401057N07613476WA0180501785005010041112103
B1932170401055N07613470WA0180501786005010039101094
B1932180401055N07613464WA0180601787005010037088086
B1932190401055N07613459WA0180701788005010037077079
B1932200401057N07613453WA0180801789005010038066066
B1932210401060N07613448WA0180801790005010038054058
B1932220401064N07613444WA0180901792005010033038047
B1932230401068N07613442WA0181001793005010029015035
B1932240401072N07613442WA0181101794005010029000011
B1932250401077N07613442WA0181101794005010031352351
B1932260401082N07613444WA0181201795005010034344341
B1932270401087N07613445WA0181301796005010036332333
B1932280401091N07613449WA0181401796005010036313322
B1932290401094N07613453WA0181401797005010035292306
B1932300401095N07613458WA0181401797005010036278286
B1932310401096N07613464WA0181401798005010037269270
B1932320401095N07613470WA0181501798005010037254261
B1932330401092N07613475WA0181501799005010036239248
B1932340401089N07613479WA0181601799005010035219233
B1932350401084N07613482WA0181701800005010034206214
B1932360401079N07613483WA0181801801005010035194199
B1932370401074N07613484WA0181801803005010035182185
B1932380401069N07613484WA0182001804005010036173173
B1932390401063N07613482WA0182101805005010036159162
B1932400401058N07613480WA0182301806005010036146151
B1932410401054N07613476WA0182301807005010037133139
B1932420401051N07613472WA0182401809005010037123124
B1932430401048N07613466WA0182601810005010039114106
B1932440401046N07613461WA0182701811005010042108098
B1932450401044N07613454WA0182701812005010042098092
B1932460401044N07613448WA0182801812005010041083082
B1932470401046N07613442WA0182901813005010039067074
B1932480401049N07613438WA0182901814005010036046061
B1932490401053N07613434WA0182901815005010034036044
B1932500401057N07613432WA0183001815005010029029030
B1932510401065N07613429WA0183001816005010029011017
B1932520401070N07613429WA0183001816005010033357358
B1932530401075N07613429WA0183001815005010036344344
B1932540401080N07613432WA0183001815005010039325334
B1932550401084N07613436WA0182901815005010042313318
B1932560401089N07613440WA0182801815005010041311303
B1932570401092N07613445WA0182701814005010035304290
B1932580401094N07613449WA0182701814005010031288284
B1932590401095N07613454WA0182701814005010032272267
B1933000401094N07613459WA0182701813005010035257251
B1933010401092N07613464WA0182701813005010038240235
B1933020401088N07613469WA0182701813005010037227220
B1933030401084N07613472WA0182801813005010034215215
B1933040401080N07613475WA0182901813005010032206196
B1933050401075N07613476WA0183001813005010030193193
B1933060401071N07613477WA0183001813005010030186170
B1933070401066N07613477WA0183101814005010029171163
B1933080401062N07613476WA0183201814005010031160160
B1933090401057N07613473WA0183401814005010035153146
B1933100401053N07613470WA0183401814005010038144136
B1933110401048N07613467WA0183501814005010038135117
B1933120401045N07613462WA0183501814005010036124103
B1933130401042N07613457WA0183501815005010034110099
B1933140401041N07613452WA0183501815005010034097092
B1933150401041N07613447WA0183501816005010034086087
B1933160401042N07613442WA0183601816005010034080079
B1933170401043N07613437WA0183601817005010035079067
B1933180401044N07613432WA0183601817005010034074061
B1933190401046N07613428WA0183701817005010031062048
B1933200401049N07613424WA0183701817005010030047041
B1933210401052N07613421WA0183701817005010031033034
B1933220401057N07613419WA0183701816005010032020019
B1933230401061N07613418WA0183601816005010032011001
B1933240401066N07613417WA0183601815005010031000352
B1933250401071N07613418WA0183501815005010033347334
B1933260401076N07613420WA0183501814005010036332323
B1933270401080N07613423WA0183401814005010037321308
B1933280401084N07613427WA0183301813005010037310296
B1933290401087N07613431WA0183201813005010036297288
B1933300401089N07613436WA0183201812005010036288285
B1933310401091N07613441WA0183201811005010038282266
B1933320401091N07613447WA0183201811005010038273253
B1933330401091N07613453WA0183201811005010039261242
B1933340401089N07613459WA0183201810005010040249231
B1933350401087N07613464WA0183201810005010038235224
B1933360401083N07613468WA0183201810005010036223209
B1933370401079N07613472WA0183301810005010035211198
B1933380401074N07613474WA0183301811005010034199190
B1933390401069N07613475WA0183301811005010035187172
B1933400401063N07613475WA0183401812005010035176174
B1933410401058N07613474WA0183401812005010034169162
B1933420401053N07613473WA0183501812005010036166163
B1933430401047N07613471WA0183501813005010037160134
B1933440401042N07613469WA0183501813005010036146122
B1933450401038N07613465WA0183601814005010036130119
B1933460401035N07613460WA0183601814005010040114109
B1933470401034N07613454WA0183601814005010042102098
B1933480401033N07613448WA0183601815005010041089089
B1933500401034N07613442WA0183601815005010038080082
B1933510401037N07613432WA0183601816005010033070060
B1933530401039N07613427WA0183601816005010032068060
B1933540401044N07613419WA0183701816005010034046045
B1933560401048N07613416WA0183701816005010035037037
B1933580401056N07613410WA0183601816005010026028017
B1933590401059N07613409WA0183501815005010024018006
B1934000401063N07613408WA0183501815005010027001358
B1934010401067N07613409WA0183401814005010032349341
B1934020401072N07613410WA0183301814005010036338325
B1934030401077N07613413WA0183101813005010040322304
B1934040401082N07613418WA0182901813005010042305299
B1934050401084N07613423WA0182901812005010041290287
B1934060401085N07613429WA0182801812005010038268279
B1934070401084N07613435WA0182701812005010037243258
B1934080401081N07613439WA0182701812005010034240238
B1934090401078N07613444WA0182701812005010034235232
B1934100401075N07613448WA0182801811005010034232231
B1934110401071N07613452WA0182901811005010034228227
B1934120401067N07613455WA0183001811005010034224233
B1934130401064N07613459WA0183001811005010031223231
B1934140401060N07613462WA0183101811005010030226226
B1934150401057N07613465WA0183101811005010033230214
B1934160401054N07613469WA0183201811005010036229204
B1934170401050N07613473WA0183201811005010035220190
B1934180401045N07613476WA0183201811005010031203193
B1934190401041N07613477WA0183201811005010032185182
B1934200401036N07613477WA0183201811005010032175165
B1934210401026N07613474WA0183201811005010036155138
B1934220401022N07613471WA0183101811005010038136126
B1934230401018N07613466WA0183101810005010040112106
B1934240401017N07613460WA0183001810005010042087094
B1934250401019N07613454WA0183001810005010046063072
B1934260401023N07613448WA0182901809005010045049060
B1934270401027N07613443WA0182801809005010039040038
B1934280401032N07613440WA0182801809005010032034032
B1934290401036N07613438WA0182801809005010029030033
B1934300401040N07613436WA0182701808005010031025030
B1934310401044N07613434WA0182701808005010036022029
B1934320401050N07613432WA0182701808005010037023024
B1934330401055N07613430WA0182701808005010036021018
B1934340401060N07613428WA0182701808005010034015018
B1934350401065N07613427WA0182801808005010034013017
B1934360401070N07613426WA0182801808005010035013023
B1934370401075N07613425WA0182901808005010036016024
B1934380401080N07613423WA0182901808005010034020016
B1934390401084N07613422WA0182901808005010030021024
B1934400401088N07613421WA0183001809005010028020019
B1934410401093N07613419WA0183101809005010029016008
B1934420401097N07613419WA0183101809005010030009354
B1934430401101N07613419WA0183201809005010032356003
B1934440401106N07613419WA0183301809005010033350006
B1934450401111N07613420WA0183301809005010032352016
B1934460401116N07613421WA0183301810005010031357025
B1934470401120N07613420WA0183301810005010031005023
B1934480401125N07613420WA0183301810005010032012034
B1934490401130N07613419WA0183301810005010033018035
B1934500401134N07613417WA0183301811005010032027035
B1934510401138N07613414WA0183301811005010031030036
B1934520401142N07613412WA0183401811005010032029030
B1934530401146N07613410WA0183401811005010032027033
B1934540401150N07613407WA0183401811005010033025026
B1934550401155N07613405WA0183401811005010035026012
B1934560401160N07613403WA0183401811005010035025021
B1934570401164N07613401WA0183501812005010032023028
B1934580401169N07613399WA0183501812005010029024033
B1934590401172N07613397WA0183501812005010028028048
B1935000401176N07613395WA0183601812005010031029041
B1935010401181N07613392WA0183601812005010035026034
B1935020401186N07613390WA0183601812005010038023035
B1935030401191N07613388WA0183601813005010037019031
B1935040401196N07613386WA0183601813005010035016038
B1935050401201N07613385WA0183601813005010034015045
B1935060401206N07613384WA0183601813005010034018038
B1935070401211N07613382WA0183501812005010035023039
B1935080401216N07613379WA0183501811005010039026037
B1935090401221N07613377WA0183401811005010039024035
B1935100401227N07613375WA0183401810005010036019037
B1935110401232N07613373WA0183301809005010035017044
B1935120401237N07613371WA0183201808005010035019036
B1935130401242N07613369WA0183001807005010037023038
B1935140401247N07613367WA0183001806005010039026035
B1935150401252N07613364WA0182901806005010040025025
B1935160401258N07613362WA0182701804005010040023025
B1935170401264N07613360WA0182601803005010043019034
B1935180401270N07613357WA0182601803005010044020031
B1935190401276N07613355WA0182401802005010043023035
B1935200401282N07613352WA0182301802005010041026022
B1935210401287N07613350WA0182301801005010041024020
B1935220401293N07613348WA0182301800005010041018015
B1935230401299N07613346WA0182201800005010038009028
B1935240401304N07613345WA0182201799005010034005018
B1935250401309N07613345WA0182201798005010032007037
B1935260401314N07613344WA0182201797005010037015025
B1935270401320N07613342WA0182201796005010042016023
B1935280401326N07613340WA0182101795005010045016027
B1935290401332N07613339WA0181901795005010044017028
B1935300401339N07613337WA0181801794005010039016027
B1935310401344N07613335WA0181801793005010037016028
B1935320401350N07613334WA0181601792005010038015032
B1935330401355N07613332WA0181401791005010041013044
B1935340401362N07613331WA0181401790005010042013040
B1935350401368N07613329WA0181301789005010040016043
B1935360401373N07613327WA0181201787005010038023043
B1935370401378N07613325WA0181001786005010037027043
B1935380401383N07613322WA0181001785005010035028052
B1935390401388N07613319WA0180901783005010035030050
B1935400401392N07613317WA0180701782005010036033051
B1935410401397N07613313WA0180601780005010039035057
B1935420401401N07613310WA0180601779005010039034055
B1935430401406N07613307WA0180401777005010037036058
B1935440401410N07613303WA0180201776005010034039058
B1935450401414N07613300WA0180001774005010032041054
B1935460401418N07613296WA0180001772005010035044059
B1935470401422N07613293WA0179801771005010038042051
B1935480401426N07613289WA0179601769005010037041053
B1935490401430N07613285WA0179401768005010036042048
B1935500401434N07613282WA0179401766005010034042042
B1935510401438N07613278WA0179201765005010035039041
B1935520401442N07613275WA0179001763005010038035046
B1935530401447N07613272WA0178701761005010041031042
B1935540401452N07613269WA0178501759005010040031039
B1935550401457N07613265WA0178501758005010037034049
B1935560401461N07613262WA0178301756005010036035038
B1935570401466N07613259WA0178101754005010038032043
B1935580401471N07613256WA0178101752005010042031046
B1935590401476N07613253WA0177801750005010043033055
B1936000401481N07613249WA0177601748005010040035048
B1936010401486N07613246WA0177301746005010034036048
B1936020401490N07613243WA0177101744005010032035046
B1936030401494N07613241WA0177101742005010032035055
B1936040401498N07613238WA0176901739005010035042060
B1936050401502N07613234WA0176601737005010038045053
B1936060401506N07613229WA0176301734005010040046037
B1936070401510N07613225WA0176301732005010038042052
B1936080401514N07613222WA0176001729005010036042051
B1936090401518N07613218WA0175701727005010035045050
B1936100401522N07613214WA0175301724005010035045042
B1936110401525N07613210WA0175301721005010040045040
B1936120401530N07613206WA0175001719005010042041040
B1936130401535N07613202WA0174701717005010040038043
B1936140401539N07613198WA0174401714005010038039042
B1936150401543N07613195WA0174401712005010036041047
B1936160401548N07613191WA0174101709005010037041034
B1936170401552N07613188WA0173801707005010039037035
B1936180401557N07613184WA0173501704005010040032048
B1936190401562N07613181WA0173501702005010041033049
B1936200401567N07613177WA0173201700005010039036047
B1936210401571N07613174WA0173001698005010036039034
B1936220401576N07613170WA0172801696005010036038030
B1936230401580N07613167WA0172801693005010036033037
B1936240401585N07613165WA0172601691005010039031043
B1936250401590N07613161WA0172301688005010041032045
B1936260401595N07613158WA0172101686005010043035036
B1936270401600N07613154WA0172101683005010043034031
B1936280401606N07613151WA0171801681005010042031032
B1936290401611N07613148WA0171501678005010040028049
B1936300401616N07613145WA0171201676005010040031052
B1936310401621N07613141WA0171201673005010041037054
B1936320401626N07613137WA0170901671005010042042050
B1936330401631N07613133WA0170601668005010043042045
B1936340401636N07613129WA0170401666005010044041041
B1936350401641N07613124WA0170401663005010041041047
B1936360401645N07613120WA0170101661005010040043041
B1936370401649N07613116WA0169801659005010040043043
B1936380401654N07613112WA0169601656005010040041038
B1936390401658N07613108WA0169601654005010040038041
B1936400401663N07613105WA0169301652005010041037043
B1936410401668N07613101WA0169001650005010039038041
B1936420401673N07613097WA0168701647005010038039038
B1936430401677N07613094WA0168701645005010038038036
B1936440401682N07613090WA0168401642005010039036035
B1936450401686N07613087WA0168201640005010040034039
B1936460401691N07613083WA0167901638005010040033045
B1936470401696N07613080WA0167901635005010040036045
B1936480401701N07613076WA0167601633005010039039042
B1936490401706N07613073WA0167301631005010039039037
B1936500401710N07613069WA0167101629005010040037031
B1936510401715N07613065WA0167101626005010040033036
B1936520401720N07613062WA0166801624005010039031042
B1936530401725N07613059WA0166601622005010038031039
B1936540401730N07613056WA0166301620005010037032040
B1936550401735N07613053WA0166301617005010039034041
B1936560401740N07613050WA0166101615005010041035039
B1936570401745N07613046WA0165801612005010042034043
B1936580401750N07613043WA0165501610005010041035046
B1936590401755N07613039WA0165501608005010039036054
B1937000401760N07613036WA0165201606005010039040054
B1937010401764N07613032WA0165001603005010039045055
B1937020401768N07613027WA0164701601005010039048053
B1937030401772N07613023WA0164701599005010039047048
B1937040401776N07613019WA0164501597005010039045046
B1937050401780N07613015WA0164301595005010038043053
B1937060401784N07613011WA0164101593005010037044047
B1937070401788N07613007WA0164101592005010038045040
B1937080401792N07613003WA0163901590005010038044037
B1937090401796N07612999WA0163701588005010038041041
B1937100401801N07612996WA0163501586005010038037038
B1937110401805N07612992WA0163501584005010038037044
B1937120401809N07612989WA0163301583005010035037038
B1937130401814N07612986WA0163101582005010035037039
B1937140401818N07612982WA0163001581005010038036042
B1937150401823N07612979WA0163001579005010040038044
B1937160401827N07612975WA0162801578005010040038035
B1937170401832N07612972WA0162701577005010039036035
B1937180401837N07612969WA0162501576005010036032034
B1937190401841N07612966WA0162501575005010035031040
B1937200401846N07612963WA0162401574005010036033043
B1937210401850N07612960WA0162201573005010037036033
B1937220401854N07612957WA0162101571005010037038036
B1937230401859N07612953WA0162101570005010036038033
B1937240401863N07612950WA0161901569005010035038050
B1937250401867N07612946WA0161701568005010037039037
B1937260401872N07612943WA0161501566005010038037041
B1937270401876N07612939WA0161501565005010037034041
B1937280401881N07612936WA0161301563005010036031038
B1937290401886N07612933WA0161101562005010035031041
B1937300401890N07612931WA0160901560005010032032036
B1937310401894N07612928WA0160901559005010031030028
B1937320401898N07612926WA0160701557005010034025037
B1937330401903N07612923WA0160501556005010038024041
B1937340401908N07612921WA0160301554005010039027038
B1937350401914N07612918WA0160301553005010038029038
B1937360401918N07612916WA0160101551005010034030035
B1937370401923N07612913WA0159901549005010033030034
B1937380401927N07612910WA0159601548005010034030047
B1937390401931N07612908WA0159601546005010037033043
B1937400401936N07612904WA0159401544005010039034039
B1937410401941N07612901WA0159201542005010039037041
B1937420401945N07612898WA0159001541005010036036030
B1937430401950N07612895WA0159001539005010033033035
B1937450401954N07612892WA0158801537005010034029040
B1937460401963N07612886WA0158501534005010039033033
B1937470401968N07612883WA0158501532005010041034029
B1937480401973N07612880WA0158301530005010040032032
B1937490401978N07612877WA0158101529005010038030037
B1937510401983N07612874WA0157901527005010036031040
B1937520401992N07612868WA0157701524005010037036037
B1937530401997N07612864WA0157501522005010039035041
B1937540402001N07612861WA0157401521005010040033043
B1937550402006N07612857WA0157401519005010040035041
B1937560402011N07612854WA0157201518005010039037039
B1937580402016N07612850WA0157001516005010039038036
B1937590402025N07612843WA0156801513005010040037040
B1938000402030N07612839WA0156601511005010040038045
B1938010402034N07612836WA0156401509005010040039034
B1938030402039N07612832WA0156201507005010039041034
B1938040402043N07612828WA0156201506005010039041032
B1938050402047N07612824WA0155901504005010038040035
B1938060402052N07612820WA0155701502005010039040034
B1938070402056N07612817WA0155401500005010041040033
B1938080402061N07612813WA0155401499005010042039038
B1938090402071N07612804WA0154901495005010041040033
B1938100402075N07612800WA0154701493005010040041034
B1938110402080N07612797WA0154701491005010039041027
B1938120402084N07612793WA0154401489005010039039034
B1938130402089N07612789WA0154201487005010041037037
B1938140402094N07612785WA0154001485005010043037046
B1938150402099N07612781WA0154001483005010043039041
B1938160402104N07612777WA0153701481005010041041041
B1938170402108N07612773WA0153501479005010038043042
B1938180402113N07612769WA0153201477005010036043039
B1938190402117N07612766WA0153201475005010037043043
B1938200402121N07612762WA0152901472005010040043044
B1938210402125N07612757WA0152701470005010042043046
B1938230402130N07612753WA0152401467005010042043045
B1938250402139N07612744WA0152101463005010042047046
B1938260402143N07612739WA0151801460005010042049043
B1938270402151N07612730WA0151501456005010043047034
B1938280402156N07612725WA0151101453005010044042018
B1938290402161N07612721WA0150801450005010043037019
B1938300402166N07612717WA0150501447005010042033018
B1938310402172N07612714WA0150501445005010039027018
B1938320402177N07612712WA0150201442005010038026017
B1938330402182N07612709WA0149801440005010038026021
B1938350402187N07612707WA0149501437005010038026021
B1938360402192N07612704WA0149501434005010038025024
B1938370402197N07612702WA0149201432005010037025028
B1938380402202N07612699WA0148901429005010036029026
B1938390402207N07612696WA0148601426005010037032026
B1938400402211N07612693WA0148601424005010040034035
B1938410402216N07612690WA0148301421005010040033038
B1938420402221N07612687WA0148001419005010039034036
B1938430402226N07612683WA0147701417005010038036035
B1938440402230N07612680WA0147701415005010038038037
B1938450402235N07612676WA0147401413005010039038033
B1938460402239N07612673WA0147201411005010039037033
B1938470402244N07612669WA0146901408005010041035036
B1938480402249N07612665WA0146901406005010042034039
B1938490402255N07612662WA0146701404005010044033042
B1938500402260N07612658WA0146401401005010043036040
B1938510402265N07612654WA0146101399005010042039041
B1938520402270N07612650WA0146101397005010041040035
B1938530402275N07612646WA0145801394005010041040032
B1938540402280N07612642WA0145501392005010042038021
B1938550402285N07612638WA0145301390005010042036011
B1938560402290N07612635WA0145301388005010039031351
B1938570402295N07612632WA0145001387005010034023341
B1938580402299N07612631WA0144901385005010028002341
B1938590402303N07612632WA0144701383005010025333327
B1939000402306N07612635WA0144701382005010026308308
B1939010402308N07612639WA0144501380005010030290285
B1939020402308N07612643WA0144301378005010027255273
B1939030402306N07612647WA0144101377005010025231244
B1939040402303N07612649WA0144101376005010025213228
B1939050402299N07612651WA0143901375005010026205221
B1939060402296N07612653WA0143701373005010028203220
B1939070402291N07612654WA0143501372005010031202211
B1939080402287N07612656WA0143301370005010036204217
B1939090402281N07612658WA0143301368005010037199209
B1939100402276N07612660WA0143001367005010036193206
B1939110402271N07612661WA0142701365005010033188209
B1939120402266N07612661WA0142701364005010032186203
B1939130402261N07612662WA0142501363005010032187201
B1939140402256N07612663WA0142201361005010034186201
B1939150402251N07612663WA0142001359005010035185200
B1939160402246N07612664WA0141801358005010036185201
B1939170402241N07612664WA0141801356005010035184199
B1939180402236N07612664WA0141601355005010033181201
B1939190402231N07612664WA0141301353005010032178203
B1939200402226N07612664WA0141001352005010031176206
B1939210402217N07612664WA0141001349005010034180211
B1939220402212N07612664WA0140701347005010035185212
B1939230402207N07612664WA0140501345005010034182219
B1939240402202N07612664WA0140201343005010031181214
B1939250402197N07612665WA0140201341005010030183215
B1939260402192N07612665WA0139901339005010030184214
B1939270402188N07612665WA0139601338005010032186204
B1939280402183N07612666WA0139301336005010033188206
B1939290402179N07612667WA0139301334005010032184206
B1939300402174N07612667WA0139001331005010030176204
B1939310402170N07612666WA0138801329005010029177214
B1939320402165N07612666WA0138501327005010031181211
B1939330402161N07612667WA0138501325005010034185206
B1939340402156N07612667WA0138101323005010036187205
B1939350402151N07612668WA0137801320005010034185208
B1939360402145N07612669WA0137401318005010033185216
B1939370402141N07612669WA0137401316005010030188215
B1939380402137N07612670WA0137101314005010028192213
B1939390402132N07612671WA0136701311005010030190202
B1939400402128N07612672WA0136401309005010033191213
B1939410402123N07612673WA0136401306005010036195216
B1939420402118N07612675WA0136101304005010035199217
B1939430402113N07612677WA0135801301005010034199210
B1939440402108N07612678WA0135601299005010032197206
B1939450402104N07612680WA0135601297005010033196212
B1939460402099N07612681WA0135301294005010034197218
B1939470402094N07612683WA0135001292005010036202215
B1939480402089N07612685WA0134801289005010036204208
B1939490402084N07612687WA0134801287005010035198200
B1939500402079N07612689WA0134601285005010035195207
B1939510402074N07612690WA0134301283005010034192216
B1939520402069N07612691WA0134101281005010034196213
B1939530402064N07612693WA0134101280005010034200211
B1939540402059N07612695WA0133901277005010036200205
B1939550402054N07612697WA0133701275005010037199204
B1939560402049N07612699WA0133601274005010038197208
B1939570402043N07612700WA0133601272005010036193214
B1939580402038N07612701WA0133401270005010036194213
B1939590402033N07612703WA0133201268005010035196211
B1940000402028N07612704WA0133001266005010036198208
B1940010402023N07612706WA0133001264005010038194205
B1940020402017N07612707WA0132801263005010039193210
B1940030402011N07612709WA0132601261005010038194210
B1940040402006N07612710WA0132501259005010036190199
B1940050402000N07612711WA0132501258005010036185197
B1940060401995N07612711WA0132301256005010038183203
B1940070401989N07612711WA0132201255005010038184208
B1940080401983N07612712WA0132101253005010037188209
B1940090401978N07612713WA0132101252005010035188200
B1940100401973N07612713WA0131901251005010034183195
B1940110401967N07612713WA0131801249005010035179193
B1940120401962N07612713WA0131701248005010037176191
B1940130401956N07612713WA0131601247005010038175189
B1940140401950N07612712WA0131601245005010039174181
B1940150401944N07612711WA0131401244005010038169179
B1940160401939N07612710WA0131301243005010036164185
B1940170401934N07612708WA0131101241005010034162186
B1940180401929N07612707WA0131101240005010033168189
B1940190401924N07612706WA0130901239005010033171182
B1940200401919N07612705WA0130801238005010033169179
B1940210401914N07612704WA0130701237005010034166195
B1940220401909N07612703WA0130701235005010036166191
B1940230401904N07612702WA0130501234005010035170195
B1940240401898N07612701WA0130301233005010035173185
B1940250401893N07612701WA0130101231005010034173192
B1940260401888N07612700WA0130101230005010032173197
B1940270401883N07612700WA0130001229005010031176198
B1940280401879N07612699WA0129801227005010029182206
B1940290401874N07612700WA0129601226005010031184201
B1940300401870N07612700WA0129601224005010029181201
B1940310401866N07612700WA0129501223005010026173200
B1940320401862N07612699WA0129301222005010025173205
B1940330401858N07612699WA0129101220005010026174200
B1940340401854N07612699WA0129101219005010027176197
B1940350401850N07612698WA0128901217005010027175193
B1940360401846N07612698WA0128701215005010027171193
B1940370401842N07612697WA0128501214005010027167187
B1940380401838N07612696WA0128501212005010027165185
B1940390401834N07612695WA0128201210005010028164183
B1940400401830N07612694WA0128001209005010029167187
B1940410401825N07612693WA0127701207005010029168215
B1940420401821N07612693WA0127701205005010030175221
B1940430401817N07612693WA0127301203005010029180215
B1940440401812N07612693WA0126901202005010027189210
B1940450401808N07612694WA0126501200005010028193201
B1940460401804N07612695WA0126501198005010028189192
B1940470401800N07612695WA0126101195005010029182198
B1940480401796N07612695WA0125701193005010029177190
B1940490401791N07612695WA0125401191005010027175195
B1940500401787N07612695WA0125401188005010026175187
B1940510401784N07612695WA0125001186005010027175185
B1940520401779N07612694WA0124701184005010028172186
B1940530401775N07612694WA0124401181005010029170189
B1940540401771N07612693WA0124401179005010030168189
B1940550401767N07612692WA0124101176005010030170191
B1940560401762N07612691WA0123801173005010030171192
B1940570401758N07612691WA0123501171005010030173196
B1940580401753N07612690WA0123501168005010031175195
B1940590401748N07612690WA0123101165005010030176194
B1941000401744N07612690WA0122801163005010030173198
B1941010401739N07612689WA0122401160005010030170203
B1941020401735N07612688WA0122401157005010029172204
B1941030401731N07612688WA0122201155005010029177202
B1941040401726N07612688WA0121901152005010030182197
B1941050401722N07612688WA0121601149005010031181196
B1941060401717N07612688WA0121601147005010031180197
B1941070401712N07612688WA0121301144005010030179195
B1941080401708N07612688WA0121101141005010030177193
B1941090401703N07612688WA0120701138005010030177199
B1941100401699N07612687WA0120701136005010030178204
B1941110401694N07612687WA0120401133005010029181198
B1941120401690N07612688WA0120101130005010028183199
B1941130401686N07612688WA0119801128005010027184201
B1941140401682N07612688WA0119801125005010028185201
B1941150401678N07612689WA0119501121005010028186210
B1941160401673N07612690WA0119101118005010029189222
B1941170401669N07612690WA0118801115005010029191216
B1941180401666N07612692WA0118801112005010029192220
B1941190401661N07612693WA0118401108005010035200216
B1941200401656N07612695WA0118001106005010038191215
B1941210401650N07612696WA0117701104005010035186213
B1941220401645N07612696WA0117701102005010032181221
B1941230401641N07612696WA0117501101005010027184220
B1941240401637N07612697WA0117301099005010027193222
B1941250401633N07612698WA0117301098005010028198240
B1941260401629N07612700WA0117301096005010031208251
B1941270401625N07612703WA0117201095005010028221260
B1941280401623N07612706WA0117201094005010024249268
B1941290401622N07612709WA0117201093005010024258277
B1941300401622N07612713WA0117201092005010022267280
B1941310401622N07612716WA0117101090005010020276285
B1941320401623N07612719WA0117101089005010019283288
B1941330401624N07612722WA0117001088005010018294289
B1941340401625N07612724WA0117001087005010018308293
B1941350401627N07612726WA0117001086005010019321300
B1941360401630N07612728WA0116901085005010020325311
B1941370401633N07612729WA0116901083005010021328317
B1941380401636N07612730WA0116901082005010022329320
B1941390401639N07612732WA0116801081005010022330322
B1941400401643N07612733WA0116801080005010024332321
B1941410401647N07612735WA0116701079005010025331316
B1941420401651N07612737WA0116701078005010025326312
B1941430401656N07612739WA0116701077005010024317309
B1941440401659N07612742WA0116601076005010023308306
B1941450401662N07612744WA0116501075005010024303306
B1941460401664N07612748WA0116501074005010024303303
B1941470401667N07612751WA0116501073005010024302300
B1941480401669N07612754WA0116401072005010024299301
B1941490401671N07612757WA0116301071005010023297303
B1941500401673N07612760WA0116301071005010023296309
B1941510401675N07612763WA0116201070005010023299312
B1941520401677N07612766WA0116101069005010023304313
B1941530401679N07612769WA0116001068005010024308313
B1941540401681N07612771WA0116001067005010024311312
B1941550401684N07612774WA0116001067005010023312311
B1941560401687N07612776WA0115901066005010023313312
B1941570401689N07612779WA0115801065005010023312314
B1941580401692N07612782WA0115801065005010024310317
B1941590401694N07612784WA0115701064005010024313321
B1942000401697N07612787WA0115701063005010025317322
B1942010401700N07612789WA0115601062005010025321315
B1942020401704N07612792WA0115601061005010025321313
B1942030401707N07612794WA0115501061005010026319308
B1942040401710N07612796WA0115401060005010026317308
B1942050401713N07612799WA0115301059005010025315301
B1942060401716N07612802WA0115301059005010024313298
B1942070401718N07612804WA0115201058005010022308293
B1942080401720N07612807WA0115201058005010021299296
B1942090401721N07612810WA0115101057005010022295301
B1942100401723N07612812WA0115101057005010022296298
B1942110401725N07612815WA0115001056005010023298291
B1942120401726N07612819WA0115001056005010023296281
B1942130401728N07612822WA0114901055005010023287271
B1942140401729N07612825WA0114901055005010024278261
B1942150401729N07612829WA0114801054005010025266247
B1942160401728N07612833WA0114701054005010025255231
B1942170401727N07612836WA0114601053005010024237224
B1942180401724N07612839WA0114601052005010025216214
B1942190401720N07612840WA0114501052005010026192207
B1942200401716N07612840WA0114301051005010027174191
B1942210401712N07612839WA0114101050005010030160177
B1942220401708N07612837WA0114101049005010030154159
B1942230401704N07612835WA0113801048005010031145149
B1942240401700N07612832WA0113601047005010035137138
B1942250401696N07612828WA0113401046005010037129128
B1942260401692N07612823WA0113401045005010037124120
B1942270401689N07612818WA0113201043005010039112118
B1942280401687N07612812WA0113001042005010039108116
B1942290401685N07612807WA0112901041005010038107112
B1942300401684N07612801WA0112901040005010038107117
B1942310401682N07612796WA0112701039005010039106117
B1942320401680N07612790WA0112501038005010040106119
B1942330401678N07612784WA0112401037005010039107124
B1942340401677N07612779WA0112401036005010038108140
B1942350401675N07612774WA0112301035005010036111147
B1942360401673N07612769WA0112201034005010036115156
B1942370401669N07612765WA0112101033005010034147162
B1942380401665N07612763WA0112101032005010033165187
B1942390401660N07612762WA0112001031005010032187205
B1942400401655N07612764WA0111901029005010029212222
B1942410401652N07612767WA0111801028005010026244241
B1942420401651N07612771WA0111801026005010025257262
B1942430401651N07612774WA0111701025005010021280269
B1942440401652N07612777WA0111501023005010019296284
B1942450401654N07612780WA0111401021005010018299298
B1942460401655N07612783WA0111401019005010019303302
B1942470401657N07612785WA0111301017005010021310301
B1942480401660N07612787WA0111201016005010023315302
B1942490401662N07612790WA0111101014005010023310305
B1942500401664N07612793WA0111101012005010022304303
B1942510401667N07612796WA0110901011005010022302298
B1942520401669N07612798WA0110801009005010021302295
B1942530401671N07612801WA0110701008005010021299288
B1942540401672N07612804WA0110701007005010024287283
B1942550401673N07612808WA0110501005005010027274285
B1942560401674N07612812WA0110401005005010026269282
B1942570401674N07612815WA0110201004005010019275267
B1942580401674N07612818WA0110201004005010017269245
B1942590401674N07612820WA0110101003005010018253233
B1943000401673N07612823WA0110001003005010025229219
B1943010401670N07612825WA0109901002005010030201201
B1943020401666N07612825WA0109901002005010034172182
B1943030401661N07612823WA0109701001005010038142161
B1943040401658N07612818WA0109501000005010041117140
B1943050401656N07612813WA0109300999005010039108129
B1943060401654N07612808WA0109300999005010037113126
B1943070401652N07612803WA0109000998005010036117132
B1943080401648N07612799WA0108700997005010037138135
B1943090401644N07612797WA0108500996005010034178153
B1943100401639N07612797WA0108500995005010031178188
B1943110401635N07612798WA0108300995005010023178195
B1943120401631N07612798WA0108100994005010022179204
B1943130401628N07612798WA0107900993005010017190227
B1943140401626N07612799WA0107900992005010011186140
B1943150401625N07612800WA0107800991005010007171222
B1943160401624N07612800WA0107800990005010005184230
B1943170401624N07612800WA0107700990005010001228242
B1943180401624N07612800WA0107700990005010001011274
B1943190401624N07612800WA0107700990005010001338274
B1943200401624N07612800WA0107700990005010002012274
B1943210401624N07612800WA0107700990005010001007274
B1943220401624N07612800WA0107700990005010001030274
B1943230401624N07612800WA0107700990005010001052274
B1943240401624N07612800WA0107700990005010001045274
B1943250401624N07612800WA0107700990005010001042274
B1943260401624N07612800WA0107700990005010001352274
B1943270401624N07612800WA0107700990005010001314274
B1943280401624N07612800WA0107700990005010001335274
B1943290401624N07612800WA0107700990005010001358274
B1943300401624N07612800WA0107700990005010001003274
B1943310401624N07612800WA0107700990005010001010274
B1943320401624N07612800WA0107700990005010000346274
B1943330401624N07612800WA0107700990005010000000274
B1943340401624N07612800WA0107700990005010000000274
B1943350401624N07612800WA0107700990005010000352274
B1943360401624N07612800WA0107700990005010001002274
B1943370401624N07612800WA0107700990005010001343274
B1943380401624N07612800WA0107700990005010001330274
B1943390401624N07612800WA0107700990005010000335274
B1943400401624N07612800WA0107700990005010000000274
B1943410401624N07612800WA0107700990005010001341274
B1943420401624N07612800WA0107700990005010001314274
B1943430401624N07612800WA0107700990005010000000274
B1943440401624N07612800WA0107700990005010001090274
B1943450401624N07612800WA0107700990005010001083274
B1943460401624N07612800WA0107700990005010001075274
B1943470401624N07612800WA0107700990005010002054274
GbetnoBXv84oXeHv0UNc1CsuO7YuZuKAcXkTBXX6+/KsI7/SwaFMJuPqvk4NiD9+i
GSaetiO+Nalw52DL4rXA57UP8zzY2iI8eliUNvS+Mu6mtaMA4QsjGcm01ctk8/kCI
GvM9ZfOrTrSPxUVgNtjVGvvOM58lqhy0OiNmd6d05UdY=

