AXFH000
HFDTE180524
HFPLTPILOT:Scott O’Brien
HFGTYGLIDERTYPE:BGD Epic
HFDTM100GPSDATUM:WGS84
HFRFWFIRMWAREVERSION:8.2.1
HFRHWHARDWAREVERSION:iPhone 14 Pro
HFFTYFRTYPE:Flyskyhy,8.2.1
HFGPS:Internal
HFPRSVARIO:Internal Vario
HFCCLCOMPETITIONCLASS:Paraglider
HFTZNTIMEZONE:-7
HFSITSITE:Dunlap,US
I053638FXA3941VXA4244GSP4547CCO4850HDT
C180524183601180524000109TASK
C0000000N00000000ETAKEOFF
C3645907N11905878W00000509999999000000360000STARTAREA DNLNCH
C3645907N11905878W00010009999999000000360000TURNAREA DNLNCH
C3646886N11907285W00000000001000000000360000TURNAREA 49917
C3644227N11904779W00000000001500000000360000TURNAREA LASTCH
C3647347N11907139W00000000001000000000360000TURNAREA DELILA
C3644411N11907767W00000000002000000000360000TURNAREA TURKEY
C3644227N11904779W00000000000400000000360000TURNAREA LASTCH
C3646886N11907285W00000000000400000000360000TURNAREA 49917
C3643790N11908069W00000000001000000000360000TURNAREA GRNY
C3644816N11904600W00000000001000000000360000TURNAREA SONTAG
C3644153N11906287W00000000000400000000360000FINISHAREA DNLPLZ
C0000000N00000000ELANDING
B1836313645911N11905887WA0141301413005003000034080
B1836323645911N11905887WA0141301413005003000034082
B1836333645910N11905887WA0141301413005003000034082
B1836343645910N11905887WA0141301413005003000034081
B1836353645910N11905887WA0141301413006003000034080
B1836363645910N11905887WA0141301413006003000034081
B1836373645910N11905887WA0141301413006003000034085
B1836383645910N11905887WA0141301412006003000034083
B1836393645910N11905887WA0141301412005003000034080
B1836403645910N11905887WA0141301412005003000034082
B1836413645910N11905887WA0141301412005003000034077
B1836423645910N11905887WA0141201412005003000034066
B1836433645910N11905887WA0141201412005003001238063
B1836443645910N11905887WA0141201412005003001238069
B1836453645909N11905887WA0141201412004003001238081
B1836463645908N11905887WA0141201412004003001238067
B1836473645908N11905888WA0141201411004003004225065
B1836483645907N11905888WA0141201411004003004217241
B1836493645906N11905889WA0141101411005003007210235
B1836503645904N11905890WA0141101410004003013211265
B1836513645902N11905892WA0141101410004003016220244
B1836523645900N11905894WA0141001408007003016223245
B1836543645897N11905898WA0140901409007004023219210
B1836553645893N11905901WA0140601409007004029207221
B1836563645889N11905903WA0140601411005004029174198
B1836573645886N11905903WA0140701411005004022176239
B1836583645884N11905903WA0140801414004004019192251
B1836593645882N11905904WA0141001413004004016227280
B1837003645881N11905907WA0141301414004004021262291
B1837013645881N11905912WA0141401414004004021290285
B1837023645883N11905916WA0141501415005004024305282
B1837033645885N11905920WA0141601415007004021308287
B1837043645887N11905923WA0141701415007004021299271
B1837053645888N11905926WA0142001415008004018290273
B1837063645889N11905931WA0142101416007004018280270
B1837073645890N11905935WA0142301417007003019274248
B1837083645890N11905939WA0142401419006003019261246
B1837093645888N11905943WA0142401419006003019242230
B1837103645887N11905946WA0142501419006003019230232
B1837113645884N11905948WA0142501419006003021213242
B1837123645882N11905951WA0142501418006003021219253
B1837133645880N11905954WA0142501417006003020246255
B1837143645881N11905958WA0142501415007003020278273
B1837153645882N11905962WA0142501414006003023294290
B1837163645884N11905966WA0142301413006003025298290
B1837173645886N11905970WA0142201411006003025300289
B1837183645888N11905975WA0142101410006003027298289
B1837193645890N11905980WA0142001411006003031295283
B1837203645892N11905985WA0141801412005003031292268
B1837213645893N11905988WA0141601412006003024293266
B1837223645894N11905992WA0141601411005003019284265
B1837233645895N11905994WA0141601410006003019277259
B1837243645895N11905997WA0141501409006003022272254
B1837253645895N11906002WA0141501405006003022262249
B1837263645894N11906006WA0141101405005003024251247
B1837273645893N11906010WA0140901405005003023250263
B1837283645891N11906018WA0140501403005003021257279
B1837293645891N11906022WA0140401401005003021281278
B1837303645892N11906027WA0140101400004003025280275
B1837313645893N11906032WA0140001398004003028278281
B1837323645893N11906037WA0139801396004003028280280
B1837333645895N11906042WA0139601394004003027286282
B1837343645896N11906046WA0139401392005003025289276
B1837353645897N11906050WA0139101392004003024285279
B1837363645898N11906055WA0139001392004003026278282
B1837373645898N11906060WA0138801392004003026282287
B1837383645899N11906064WA0138701392005003026286287
B1837393645901N11906068WA0138601390005003024290283
B1837403645902N11906072WA0138501389005003026286280
B1837413645903N11906078WA0138401386005003026283282
B1837423645904N11906083WA0138401384005003028281285
B1837433645905N11906089WA0138301382005003030283281
B1837443645906N11906094WA0138201380005003031286279
B1837453645908N11906101WA0138101379005003031284278
B1837463645908N11906107WA0137801377005003033278273
B1837473645909N11906113WA0137701376005003033272267
B1837483645909N11906119WA0137501376004003033269260
B1837493645909N11906125WA0137401375005003032269255
B1837503645909N11906130WA0137301374005003030269266
B1837513645909N11906136WA0137201372004003029270260
B1837523645909N11906141WA0137201370004003029271261
B1837533645909N11906147WA0137101368004003029273253
B1837543645909N11906152WA0137001368004003029271249
B1837553645909N11906158WA0136901366004003032267254
B1837563645908N11906164WA0136601364005003034263249
B1837573645908N11906171WA0136401363004003034262256
B1837583645907N11906178WA0136301362004003035265259
B1837593645907N11906185WA0136201361004003038270259
B1838003645907N11906192WA0136001361004003039270259
B1838013645907N11906200WA0135901361004003038263253
B1838023645905N11906206WA0135901363004003038257251
B1838033645904N11906212WA0135901364004003029257261
B1838043645904N11906216WA0135901365005003029261252
B1838053645903N11906220WA0136001365004003025263245
B1838063645903N11906225WA0136101364004003025259249
B1838073645901N11906231WA0136201363004003032250242
B1838083645900N11906236WA0136201363004003032247247
B1838093645898N11906241WA0136201363004003030247259
B1838103645897N11906244WA0136201364004003025243257
B1838113645895N11906248WA0136301366004003020243251
B1838123645894N11906251WA0136401367004003021253264
B1838133645895N11906255WA0136601368004003021271291
B1838153645896N11906259WA0136701369004003021292304
B1838163645897N11906263WA0136901369004003025310322
B1838173645900N11906266WA0137101368004003027325339
B1838183645906N11906266WA0137201369004003027019357
B1838193645912N11906259WA0137201367004003041040037
B1838203645918N11906252WA0137201367005003053054060
B1838213645917N11906242WA0137201367005003053099077
B1838223645913N11906235WA0137101367005003049131117
B1838233645907N11906234WA0137001367005003043167147
B1838243645902N11906232WA0137001368004003028178182
B1838253645899N11906233WA0137101368004003028207200
B1838263645897N11906235WA0137101370004003020215220
B1838273645895N11906237WA0137301370004003017223229
B1838283645894N11906239WA0137501370004003018231234
B1838293645892N11906242WA0137601370004003020237239
B1838303645891N11906245WA0137701370004003019236244
B1838313645889N11906248WA0137801370005003019239248
B1838323645888N11906251WA0137801369004003016249253
B1838333645888N11906254WA0137801368004003017252250
B1838343645888N11906258WA0137701365004003017265252
B1838353645887N11906263WA0137501363005003023264263
B1838363645887N11906268WA0137401361004003027262262
B1838373645887N11906273WA0137101360004003027264263
B1838383645887N11906277WA0136701359004003026270265
B1838393645887N11906282WA0136501359004003024272265
B1838403645887N11906286WA0136301357004003023266261
B1838413645887N11906291WA0136201356004003025262258
B1838423645886N11906296WA0136101355004003025267260
B1838433645887N11906302WA0136001354004003028273262
B1838443645887N11906307WA0135901355004003030272252
B1838453645887N11906312WA0135801356004003030265255
B1838463645886N11906317WA0135801358004003027259255
B1838473645886N11906321WA0135801358004003024263236
B1838483645887N11906330WA0136101355004003026289265
B1838493645888N11906335WA0136201355004003026290252
B1838503645888N11906338WA0136201354004003023275251
B1838513645888N11906342WA0136201352005003022259252
B1838523645887N11906347WA0136001351005003023255254
B1838533645887N11906351WA0135901350005003024262258
B1838543645886N11906356WA0135801350004003024265261
B1838553645886N11906361WA0135701349004003027264260
B1838563645886N11906366WA0135601349004003026267260
B1838573645886N11906371WA0135401349005003026268254
B1838583645886N11906375WA0135401350005003025270252
B1838593645886N11906379WA0135401349005003021267247
B1839003645885N11906383WA0135401348005003023264249
B1839013645885N11906388WA0135401347005003024262249
B1839023645884N11906392WA0135401347005003024262246
B1839033645884N11906397WA0135401347005003024264246
B1839043645884N11906400WA0135301348005003019264250
B1839053645884N11906403WA0135301349005003019263242
B1839063645883N11906407WA0135301348005003018264254
B1839073645883N11906411WA0135401347005003018264257
B1839083645883N11906415WA0135401346004003024269254
B1839093645883N11906420WA0135401346004003025272253
B1839103645883N11906425WA0135401345004003025267254
B1839113645882N11906430WA0135301346004003026257251
B1839123645881N11906434WA0135201346004003025252255
B1839133645880N11906438WA0135201347005003025255257
B1839143645880N11906442WA0135201347004003024257254
B1839153645879N11906447WA0135201346005003024253248
B1839163645877N11906451WA0135201346004003026250253
B1839173645876N11906456WA0135201346004003026257264
B1839183645876N11906461WA0135201346004003026265267
B1839193645876N11906467WA0135201346004003028276269
B1839203645877N11906472WA0135201347004003031278266
B1839213645878N11906478WA0135201349004003031274268
B1839223645878N11906483WA0135301351004003029277282
B1839233645879N11906487WA0135401351004003028290306
B1839243645882N11906492WA0135501352004003033311317
B1839253645887N11906496WA0135601353004003037328328
B1839263645893N11906497WA0135701355004003037347345
B1839273645899N11906497WA0135901357004003041006001
B1839283645905N11906493WA0136101359004003043029019
B1839293645909N11906486WA0136201361004003043051035
B1839303645911N11906479WA0136401361004003043072058
B1839313645911N11906471WA0136501362004003043092082
B1839323645908N11906464WA0136701362004003039115109
B1839333645904N11906460WA0136901363004003039143138
B1839343645900N11906460WA0136901364004003034174174
B1839353645896N11906462WA0137001366004003032202208
B1839363645892N11906464WA0137001366004003024228232
B1839373645891N11906468WA0137101368004003024252257
B1839383645890N11906473WA0137301368005003024280273
B1839393645892N11906478WA0137401369005003028299294
B1839403645896N11906482WA0137501370006003035323316
B1839413645901N11906486WA0137701370006003035330336
B1839423645906N11906487WA0137801371007003031330343
B1839433645912N11906484WA0138001370009003031330345
B1839443645916N11906478WA0138101370009003036052345
B1839453645915N11906469WA0138301372009003040088058
B1839473645913N11906462WA0138501373009003036110103
B1839483645911N11906455WA0138801374009003036134128
B1839493645907N11906453WA0139101375009003029160155
B1839503645903N11906454WA0139301376009003029186186
B1839513645899N11906456WA0139401377006003028208211
B1839523645896N11906459WA0139401379006003027227232
B1839533645895N11906464WA0139501381006003027248250
B1839543645895N11906469WA0139701382005003028269268
B1839553645897N11906474WA0139801384005003028291287
B1839563645900N11906479WA0139901386006003031310303
B1839573645905N11906483WA0140001389006003036328317
B1839583645910N11906484WA0140101392007003036346332
B1839593645915N11906483WA0140401396008003036005345
B1840003645921N11906482WA0140601396009003036022003
B1840013645926N11906477WA0140701398009003041041020
B1840023645930N11906471WA0141001398008003047049043
B1840033645935N11906464WA0141201398008003045055055
B1840043645936N11906455WA0141501400009003045087062
B1840053645932N11906448WA0141601401010003035121100
B1840063645925N11906447WA0141701404010003035170139
B1840073645921N11906448WA0141801408011003035186188
B1840083645917N11906448WA0142001411011003027189200
B1840093645914N11906449WA0142101412012003019195215
B1840103645911N11906450WA0142601412012003021209228
B1840113645908N11906452WA0142801412012003021229241
B1840123645907N11906459WA0142901411011003025262258
B1840133645906N11906464WA0143001412011003036284276
B1840143645908N11906470WA0143001413010003036312292
B1840153645912N11906473WA0142901415010003033335312
B1840163645917N11906475WA0143001418010003031351330
B1840173645922N11906474WA0143101422009003031005343
B1840183645927N11906473WA0143301422010003036024356
B1840193645932N11906469WA0143501422009003036040021
B1840203645936N11906462WA0143901423009003044056041
B1840213645940N11906454WA0144001424009003041064062
B1840223645942N11906447WA0144201425009003041079071
B1840233645941N11906440WA0144201425009003034101089
B1840243645937N11906436WA0144301425010004029143115
B1840253645933N11906433WA0144401423012004025168165
B1840263645929N11906432WA0144501422013004025193189
B1840273645925N11906435WA0144601423013004025209212
B1840283645920N11906437WA0144701425013004027219228
B1840293645917N11906441WA0144801427013004027252236
B1840303645916N11906447WA0144901429013004029261262
B1840313645915N11906454WA0145001432013004027268270
B1840323645917N11906458WA0145201438012004027299272
B1840333645919N11906461WA0145301442011003021318295
B1840343645921N11906464WA0145501443011003021332305
B1840353645924N11906466WA0145901444010003021347316
B1840363645929N11906466WA0146101445010003026006330
B1840373645934N11906463WA0146301447010003037017357
B1840383645939N11906460WA0146401449009003040029013
B1840393645944N11906454WA0146501451009003040039029
B1840403645949N11906447WA0146701453009003043050054
B1840413645952N11906439WA0146801455009003047063069
B1840423645953N11906430WA0146901458010003047079093
B1840433645952N11906422WA0147001460010003046097107
B1840443645951N11906415WA0147101460009003041108124
B1840453645947N11906411WA0147301461009003034143136
B1840463645943N11906409WA0147401462009003034163169
B1840473645939N11906409WA0147501464009003031179190
B1840483645936N11906410WA0147601466008003027194203
B1840493645932N11906412WA0147701467008003024208219
B1840503645929N11906416WA0147901468008003025219237
B1840513645927N11906419WA0148001470007003025230251
B1840523645924N11906423WA0148101470007003025239256
B1840533645923N11906427WA0148201472006003017245259
B1840543645923N11906429WA0148301475007003017251252
B1840553645922N11906430WA0148501475007003010253263
B1840563645922N11906432WA0148701474007003009270273
B1840573645922N11906433WA0148801474006003009285282
B1840583645923N11906436WA0148801472006003016303288
B1840593645927N11906439WA0148801472006003033335304
B1841003645932N11906441WA0148501473006003033353330
B1841013645938N11906441WA0148201474006003038011348
B1841023645945N11906438WA0148001476005003044018007
B1841033645952N11906435WA0147801477005003044020013
B1841043645958N11906432WA0147801479005003041025012
B1841053645963N11906429WA0147801479005003039034024
B1841063645968N11906424WA0148001478005003039042036
B1841073645973N11906418WA0148101477005003044048047
B1841083645978N11906411WA0148201477006003050056068
B1841093645982N11906403WA0148301477006003050062090
B1841103645985N11906394WA0148301479007003050067095
B1841113645987N11906385WA0148201480007003045080095
B1841123645986N11906376WA0148201480007004045087105
B1841133645985N11906368WA0148201481007004041093105
B1841143645981N11906361WA0148201480007004039112113
B1841153645976N11906355WA0148201480007003038124137
B1841163645971N11906351WA0148201482007003038133152
B1841173645967N11906348WA0148301483007003033146165
B1841183645962N11906345WA0148401483006003030156177
B1841193645957N11906344WA0148501483007003030166190
B1841203645953N11906343WA0148601483006003031178206
B1841213645948N11906345WA0148801483006003031191214
B1841223645943N11906347WA0148801483006003031207223
B1841233645940N11906350WA0148801484006003029216235
B1841243645936N11906353WA0148801485006003029217234
B1841253645933N11906356WA0148801485006003027215234
B1841263645929N11906359WA0148901486006003027214246
B1841273645926N11906362WA0148901486006003027216240
B1841283645923N11906365WA0149001487006003027219246
B1841293645920N11906367WA0149001487006003024220238
B1841303645918N11906370WA0149001487006003022222236
B1841313645916N11906372WA0149101485006003020226245
B1841323645914N11906375WA0149001484006003021238252
B1841333645914N11906380WA0149001481006003021258264
B1841343645914N11906384WA0148901480005003022278280
B1841353645916N11906389WA0148801478005003028289282
B1841363645917N11906394WA0148501477005003028295278
B1841373645919N11906398WA0148301477005003027294280
B1841383645921N11906402WA0148201475005003024298291
B1841393645923N11906406WA0148101473004003026306303
B1841403645926N11906409WA0148001470004003031319314
B1841413645931N11906413WA0147701467004003031332326
B1841423645937N11906414WA0147601465004003037344338
B1841433645942N11906415WA0147401463004003037354343
B1841443645948N11906415WA0147101461004003038002343
B1841453645954N11906413WA0147001458004003038010346
B1841463645960N11906411WA0146601455004003041016346
B1841473645966N11906408WA0146401453004003045020351
B1841483645972N11906405WA0146201451004003045022353
B1841493645978N11906402WA0146001450004003043021002
B1841503645984N11906399WA0145801448004003043020011
B1841513645990N11906395WA0145501445004003044023016
B1841523645996N11906392WA0145301443004003045027017
B1841533646002N11906387WA0145101440004003045030012
B1841543646008N11906382WA0144901438004003047031019
B1841553646015N11906377WA0144701438004003049033027
B1841563646020N11906372WA0144401438004003049039023
B1841573646025N11906366WA0144201437004003047045028
B1841583646030N11906359WA0144101435004003046048030
B1841593646034N11906353WA0144001432004003047051037
B1842003646039N11906344WA0143901430004003052055044
B1842013646043N11906335WA0143801428004003052061048
B1842023646047N11906326WA0143501428005003057062047
B1842033646050N11906316WA0143301430004003054065045
B1842043646053N11906308WA0143201431004003054064053
B1842053646057N11906300WA0143101431004003050062082
B1842063646060N11906292WA0143101431004003046063089
B1842073646063N11906285WA0143201430005003049067088
B1842083646065N11906276WA0143201430004003050073098
B1842093646067N11906266WA0143201430004003050074104
B1842103646068N11906257WA0143201432004003050085110
B1842113646068N11906247WA0143201433004003045089114
B1842123646068N11906239WA0143201434004003045095120
B1842133646067N11906233WA0143401438005003040095116
B1842143646066N11906227WA0143601442006003037101143
B1842153646064N11906221WA0143901442006003028113156
B1842163646062N11906217WA0144201443006003028128168
B1842173646058N11906214WA0144701444007003028159178
B1842183646053N11906214WA0145001445007003028178196
B1842193646047N11906215WA0145101448008003031180213
B1842203646043N11906215WA0145301452008003031176220
B1842213646038N11906216WA0145401452008003026180223
B1842223646034N11906217WA0145801452007003025200226
B1842233646031N11906220WA0146001453007003025224230
B1842243646032N11906226WA0146101457008003027262251
B1842253646031N11906231WA0146301457007003027264273
B1842263646032N11906236WA0146401458008003027303274
B1842273646035N11906238WA0146701458007003027344299
B1842283646040N11906238WA0146801457007003038007327
B1842293646046N11906235WA0146901456008003038025000
B1842303646052N11906229WA0147001458008003046041024
B1842313646056N11906219WA0147101460008003055064046
B1842323646060N11906209WA0147101461008003058078074
B1842333646056N11906201WA0147201464007003055121091
B1842343646052N11906194WA0147301465007003048132136
B1842353646047N11906190WA0147501466008003030155148
B1842363646043N11906188WA0147601467009003030161179
B1842373646041N11906189WA0148101471010003025160185
B1842383646038N11906189WA0148401473010003019167194
B1842393646036N11906189WA0148701473010003020180204
B1842403646032N11906190WA0149001475009003026206215
B1842413646030N11906195WA0149101477009003026234234
B1842423646027N11906200WA0149201478008003026257246
B1842433646028N11906203WA0149301481008003019296263
B1842443646030N11906206WA0149301483008003019304277
B1842453646031N11906209WA0149401484007003019300289
B1842463646033N11906212WA0149601485007003019310299
B1842473646036N11906215WA0149801486007003024330309
B1842483646041N11906216WA0149801487007003030345324
B1842493646046N11906217WA0149901487008003030354330
B1842503646051N11906217WA0149901489008003035000329
B1842513646057N11906217WA0150001489008003037001339
B1842523646062N11906217WA0150101490008003037002333
B1842533646068N11906216WA0150101491009003036005346
B1842543646074N11906214WA0150201491009003036013005
B1842553646080N11906211WA0150201492008003045025023
B1842563646086N11906207WA0150201493009003050038041
B1842573646092N11906200WA0150301494009003050046039
B1842583646096N11906193WA0150401496009003050052042
B1842593646101N11906185WA0150501497009003051061056
B1843003646104N11906176WA0150601496010003052070081
B1843013646106N11906166WA0150801496009003052079109
B1843023646107N11906156WA0150901497009003052093119
B1843033646106N11906147WA0151001498010003048105138
B1843043646101N11906144WA0151101500010003045147157
B1843053646096N11906141WA0151201501010003027164178
B1843063646092N11906140WA0151301501010003027172207
B1843073646089N11906140WA0151501506010003023169202
B1843083646086N11906140WA0152001507010003017171207
B1843093646084N11906141WA0152201508010003017180224
B1843103646081N11906142WA0152401509009003020199224
B1843113646078N11906145WA0152601511009003020226246
B1843123646077N11906148WA0152701514009003019263251
B1843133646077N11906152WA0152801515009003018284267
B1843143646078N11906155WA0152801517009003018292271
B1843153646078N11906158WA0152901518008003017287269
B1843163646079N11906162WA0153001519008003018286280
B1843173646080N11906166WA0153101519008003018299292
B1843183646084N11906169WA0153201520008003022317308
B1843193646087N11906173WA0153301520009003027320324
B1843203646092N11906173WA0153301521009003033355335
B1843213646097N11906172WA0153301521008003036012358
B1843223646103N11906168WA0153301520007003036026013
B1843233646109N11906164WA0153301520008003042039028
B1843243646115N11906158WA0153301520008003049052046
B1843253646119N11906149WA0153201521009003051064063
B1843263646117N11906138WA0153201520009003052098078
B1843273646113N11906130WA0153101520008003051120116
B1843283646110N11906123WA0152901521008003047132140
B1843293646105N11906118WA0152901523008003032141152
B1843303646102N11906115WA0152901526007003032147172
B1843313646099N11906113WA0152901527007003025154178
B1843323646095N11906112WA0153001526007003023174194
B1843333646092N11906112WA0153301526007003023183213
B1843343646088N11906114WA0153401527006003023193221
B1843353646085N11906115WA0153501528006003023201225
B1843363646083N11906117WA0153501530005003023206222
B1843373646081N11906118WA0153601531005003015202219
B1843383646079N11906119WA0153701532005003016196216
B1843393646076N11906120WA0153701532004003016197222
B1843403646073N11906121WA0153801532004003017201235
B1843413646071N11906124WA0153801530004003021222260
B1843423646070N11906128WA0153801529005003021253272
B1843433646069N11906131WA0153701529004003020274284
B1843443646072N11906134WA0153501528005003020318292
B1843453646076N11906136WA0153401526005003028340307
B1843463646081N11906136WA0153301525004003030355325
B1843473646086N11906136WA0153201524005003030003329
B1843483646091N11906135WA0153001523004003032006328
B1843493646096N11906134WA0152901522004003033006321
B1843503646100N11906134WA0152801521004003033003317
B1843513646104N11906134WA0152701520005003030355312
B1843523646108N11906136WA0152601518006003026341310
B1843533646110N11906138WA0152501517006003022323295
B1843543646112N11906141WA0152401516006003022305280
B1843553646113N11906144WA0152301515006003020282270
B1843563646112N11906146WA0152201513006003015249259
B1843573646110N11906148WA0152101510005003017223241
B1843583646107N11906150WA0152001508006003023205226
B1843593646103N11906151WA0151601506006003023185208
B1844003646098N11906149WA0151401505005003028165198
B1844013646094N11906146WA0151201504006003036154186
B1844023646089N11906144WA0151101504006003036154185
B1844033646084N11906142WA0150901504006003035160187
B1844043646080N11906140WA0150701502006003032167191
B1844053646076N11906139WA0150701500005003030169184
B1844063646071N11906138WA0150601498006003032165178
B1844073646066N11906135WA0150601496005003032158174
B1844083646061N11906133WA0150501495005003035155175
B1844093646056N11906130WA0150201493005003036157181
B1844103646051N11906128WA0150001492005003036162184
B1844113646047N11906127WA0149901491005003034167188
B1844123646042N11906126WA0149701490005003032169187
B1844133646038N11906124WA0149601489006003032166178
B1844143646033N11906122WA0149401489005003034158167
B1844153646028N11906119WA0149301488005003034150154
B1844163646024N11906115WA0149201486005003036145154
B1844173646019N11906111WA0149201486005003037142153
B1844183646015N11906106WA0149101484006003039140154
B1844193646010N11906101WA0148901484006003039138153
B1844203646006N11906096WA0148901483006003039139150
B1844213646002N11906092WA0148801483006003037141157
B1844223645998N11906088WA0148701482005003037141157
B1844233645993N11906083WA0148701481006003037140150
B1844243645989N11906078WA0148601480005003038137147
B1844253645984N11906073WA0148501480005003041135148
B1844263645980N11906068WA0148401480005003041134147
B1844273645976N11906063WA0148401480004003040135151
B1844283645972N11906058WA0148301479006003038135148
B1844293645968N11906053WA0148301478006003040134142
B1844303645964N11906047WA0148301477006003043132138
B1844313645959N11906040WA0148201477005003043131143
B1844323645955N11906034WA0148201478005003046131142
B1844333645950N11906028WA0148101479005003041136156
B1844343645946N11906024WA0148201482005003041142163
B1844353645942N11906021WA0148301485005003036150184
B1844363645938N11906019WA0148401484006003029154195
B1844373645935N11906017WA0148601484006003022164199
B1844383645932N11906017WA0148701482006003024183198
B1844393645928N11906018WA0148801480006003024192194
B1844403645923N11906020WA0148801478006003029194181
B1844413645918N11906021WA0148801477006003032186183
B1844423645914N11906020WA0148601475005003032176182
B1844433645909N11906020WA0148501475005003032169187
B1844443645904N11906019WA0148201474005003033165174
B1844453645899N11906017WA0148001474004003033162170
B1844463645895N11906014WA0147901473005003033153165
B1844473645891N11906010WA0147801472004003033141155
B1844483645887N11906005WA0147701471005003033131152
B1844493645884N11905999WA0147601470005003040123144
B1844503645881N11905992WA0147501471004003040117138
B1844513645879N11905986WA0147401471004003039111136
B1844523645878N11905979WA0147401470004003037107134
B1844533645876N11905972WA0147401469004003039106127
B1844543645875N11905965WA0147401468004003041105122
B1844553645873N11905958WA0147301468004003041103125
B1844563645871N11905950WA0147201467004003042103131
B1844573645869N11905943WA0147201467004003040108136
B1844583645867N11905936WA0147101465004003040116143
B1844593645864N11905931WA0147001463004003038121140
B1845003645861N11905925WA0146901461004003037123142
B1845013645858N11905918WA0146801458004003040123146
B1845023645854N11905912WA0146601457004003042124154
B1845033645851N11905905WA0146501457004003041131167
B1845043645846N11905901WA0146301456004003041140180
B1845053645842N11905898WA0146001455005003036150192
B1845063645838N11905896WA0145901454005003031159203
B1845073645833N11905895WA0145801452005003031170219
B1845083645829N11905896WA0145701450005003030187233
B1845093645826N11905899WA0145601448005003028214248
B1845103645824N11905903WA0145301446005003026245259
B1845113645823N11905907WA0145201446006003024259276
B1845123645825N11905912WA0145001445006003029298281
B1845133645828N11905916WA0144901444005003028318294
B1845143645831N11905918WA0144701444005003028327301
B1845153645835N11905922WA0144501443005003028321302
B1845163645837N11905926WA0144401442005003028310298
B1845173645840N11905930WA0144401442005003029304294
B1845183645843N11905935WA0144301442005003028309296
B1845193645845N11905939WA0144301442006003028310297
B1845203645848N11905942WA0144301443005003026312288
B1845213645850N11905945WA0144301443006003022313287
B1845223645853N11905948WA0144401443006003023313288
B1845233645855N11905951WA0144401443006003023311284
B1845243645857N11905955WA0144501443006003023309284
B1845253645859N11905958WA0144501443006003024310285
B1845263645862N11905961WA0144501442006003025311285
B1845273645864N11905965WA0144501441006003025311283
B1845283645867N11905968WA0144501440006003024310279
B1845293645869N11905972WA0144501439005003024306277
B1845303645871N11905976WA0144301438005003025301277
B1845313645873N11905980WA0144301437005003026297265
B1845323645874N11905984WA0144201437006003026294263
B1845333645875N11905988WA0144101436006003023288268
B1845343645876N11905992WA0144101434007003022278256
B1845353645876N11905997WA0143901432006003022270261
B1845363645876N11906002WA0143801431006003026264260
B1845373645875N11906007WA0143701430005003027262264
B1845383645875N11906012WA0143601428005003027266270
B1845393645875N11906017WA0143401427005003027275273
B1845403645876N11906022WA0143201425005003028283278
B1845413645878N11906027WA0143101425005003029285267
B1845423645879N11906033WA0143001424006003029286269
B1845433645880N11906038WA0142901423006003031288275
B1845443645882N11906043WA0142801423006003029288271
B1845453645883N11906048WA0142601422006003029289263
B1845463645884N11906052WA0142601421005003026289262
B1845473645885N11906056WA0142501421005003026288267
B1845483645887N11906061WA0142401418005003029288270
B1845493645888N11906066WA0142401418005003033286255
B1845503645890N11906073WA0142101416005003033285260
B1845513645891N11906079WA0142001415005003034284267
B1845523645892N11906084WA0141801415005003030283264
B1845533645893N11906089WA0141701414005003030283261
B1845543645894N11906095WA0141601414005003030278270
B1845553645895N11906101WA0141501414005003032276256
B1845563645895N11906108WA0141401415005003035272251
B1845573645896N11906114WA0141401418005003035271279
B1845583645896N11906118WA0141401417006003022264274
B1845593645895N11906120WA0141501415006003017265282
B1846003645895N11906123WA0141701412006003023266276
B1846013645895N11906128WA0142001410006003025265275
B1846023645895N11906133WA0142001410006003025263271
B1846033645894N11906138WA0141901412005003025266268
B1846043645894N11906142WA0141801413006003024270267
B1846053645894N11906146WA0141801414005003024284272
B1846063645895N11906151WA0141901416005003024280248
B1846073645895N11906156WA0142001418004003026263247
B1846083645894N11906161WA0142201417004003031246243
B1846093645892N11906167WA0142301418004003032242246
B1846103645890N11906172WA0142501419004003032244248
B1846113645889N11906178WA0142601420004003032255262
B1846123645888N11906184WA0142601421004003031266268
B1846133645888N11906190WA0142601421004003033271262
B1846143645889N11906196WA0142701422004003033273275
B1846153645889N11906202WA0142701424004003033276268
B1846163645890N11906208WA0142801425004003031277263
B1846173645890N11906213WA0142901425004003031275255
B1846183645890N11906219WA0143001425004003029269259
B1846193645890N11906224WA0143001425004003029264264
B1846203645889N11906230WA0143101425005003032266267
B1846213645889N11906236WA0143101425004003032272274
B1846223645890N11906241WA0143101425004003031280281
B1846233645892N11906246WA0143101424004003029292293
B1846243645894N11906251WA0143101423004003029305303
B1846253645898N11906255WA0143101421004003030316319
B1846263645902N11906258WA0143001420004003030328328
B1846273645907N11906260WA0142901419004003032341343
B1846283645913N11906260WA0142801418004003040356347
B1846293645919N11906259WA0142701417004003041010005
B1846303645924N11906256WA0142601416004003040021011
B1846313645930N11906253WA0142401416004003040030022
B1846323645935N11906249WA0142301415004003039035033
B1846333645939N11906244WA0142301413004003041042037
B1846343645943N11906238WA0142101411004003041051049
B1846353645946N11906231WA0142001409004003042061056
B1846363645949N11906223WA0141801408004003045069063
B1846373645950N11906215WA0141601407004003045075070
B1846383645952N11906207WA0141501407004003044079078
B1846393645952N11906198WA0141401406004003044081086
B1846403645953N11906190WA0141301405004003046082088
B1846413645954N11906181WA0141201405004003049085093
B1846423645954N11906171WA0141101406004003048090099
B1846433645953N11906163WA0141101407004003048093099
B1846443645953N11906156WA0141101409004003040094104
B1846453645953N11906148WA0141101410004003040093108
B1846463645952N11906141WA0141201411004003039095115
B1846473645951N11906134WA0141301411004003039099125
B1846483645950N11906127WA0141401412004003039105130
B1846493645947N11906120WA0141501414004003040114135
B1846503645944N11906114WA0141501417004003039122148
B1846513645941N11906109WA0141801421004003039127154
B1846523645938N11906104WA0141901424004003031128170
B1846533645935N11906101WA0142201426004003031131178
B1846543645933N11906097WA0142401426004003026152182
B1846553645930N11906095WA0142601425004003026174199
B1846563645925N11906097WA0142801425004003029191216
B1846573645921N11906098WA0143001425004003029215235
B1846583645918N11906102WA0143101426004003029228249
B1846593645918N11906108WA0143101428004003029269261
B1847003645920N11906114WA0143201429004003031294283
B1847013645924N11906118WA0143301430004003033318299
B1847023645929N11906121WA0143401431004003033340319
B1847033645934N11906121WA0143501431004003036001338
B1847043645940N11906118WA0143601431004003041023358
B1847053645945N11906115WA0143601431004003045035022
B1847063645951N11906110WA0143701432004003045041037
B1847073645951N11906101WA0143701433004003045080044
B1847083645950N11906093WA0143701435004003043100089
B1847093645947N11906087WA0143801437004003043119111
B1847103645944N11906081WA0143801437004003037135131
B1847113645940N11906079WA0143901438004003032162150
B1847123645935N11906080WA0144101439004003029187178
B1847133645932N11906083WA0144201440004003029215200
B1847143645928N11906086WA0144401440004003029252223
B1847153645928N11906092WA0144401439004003029288252
B1847163645931N11906098WA0144501439004003033328280
B1847173645938N11906098WA0144601438004003037356316
B1847183645944N11906095WA0144601439004003046019344
B1847193645950N11906090WA0144601440004003046039012
B1847203645954N11906083WA0144601440004003046057035
B1847213645955N11906076WA0144601441005003044075057
B1847223645955N11906069WA0144601441005003041090079
B1847233645954N11906062WA0144701443004003037103103
B1847243645952N11906056WA0144701444004003037115121
B1847253645949N11906052WA0144801445004003033131135
B1847263645946N11906047WA0144901445004003033145156
B1847273645941N11906045WA0145101447004003033157176
B1847283645936N11906044WA0145201449004003034169184
B1847293645932N11906045WA0145201451004003034183204
B1847303645928N11906047WA0145401453004003031201220
B1847313645925N11906048WA0145501453004003026221233
B1847323645922N11906052WA0145701452004003026230248
B1847333645921N11906057WA0145901452004003024252258
B1847343645923N11906063WA0145901452004003031307273
B1847353645929N11906066WA0145901452005003031337311
B1847363645935N11906069WA0145901452005003040013334
B1847373645942N11906066WA0145901451004003042035010
B1847383645947N11906060WA0145901451005003043047035
B1847393645950N11906053WA0145901451006003043060049
B1847403645952N11906045WA0145901451004003042075064
B1847413645953N11906038WA0145901451004003042091082
B1847423645951N11906030WA0145801451005003042114101
B1847433645948N11906023WA0145801452005003042129126
B1847443645944N11906018WA0145801454006003042147141
B1847453645941N11906016WA0145801456005003032154159
B1847463645938N11906015WA0145901458005003026152172
B1847473645935N11906013WA0146201458006003024153179
B1847483645932N11906011WA0146301458004003027164188
B1847493645928N11906011WA0146401458005003027185204
B1847503645924N11906013WA0146501458005003027201214
B1847513645921N11906016WA0146501459005003027222226
B1847523645919N11906020WA0146601459004003023240242
B1847533645919N11906024WA0146601460004003023261253
B1847543645920N11906028WA0146601460004003022288268
B1847553645923N11906032WA0146701460004003022314286
B1847563645927N11906035WA0146701459004003033337305
B1847573645933N11906035WA0146701458004003038356329
B1847583645939N11906033WA0146601458004003038014349
B1847593645944N11906029WA0146601458004003042031008
B1848003645949N11906023WA0146601458004003045047028
B1848013645952N11906016WA0146501458004003045061046
B1848023645954N11906008WA0146501458004003044074063
B1848033645954N11905999WA0146501458004003044086080
B1848043645953N11905992WA0146501459004003043098096
B1848053645951N11905985WA0146501460004003043114111
B1848063645948N11905980WA0146501460004003038131127
B1848073645944N11905976WA0146501460004003034150151
B1848083645940N11905974WA0146501460004003031160170
B1848093645935N11905973WA0146501460004003031168178
B1848103645931N11905972WA0146501461004003031173191
B1848113645927N11905972WA0146501461004003030178199
B1848123645923N11905973WA0146501462004003025190214
B1848133645920N11905976WA0146601461004003025206226
B1848143645917N11905979WA0146601461004003024226240
B1848153645916N11905983WA0146601461004003024249250
B1848163645916N11905988WA0146601460004003026269264
B1848173645917N11905993WA0146601461004003026280273
B1848183645918N11905997WA0146601461004003026284271
B1848193645918N11906001WA0146601462004003023284271
B1848203645919N11906005WA0146601461004003021285271
B1848213645920N11906009WA0146601461004003025291274
B1848223645922N11906013WA0146601459004003025298284
B1848233645924N11906018WA0146501459004003029303278
B1848243645927N11906023WA0146401460004003028305273
B1848253645928N11906027WA0146301460004003028299264
B1848263645929N11906031WA0146201459004003024287261
B1848273645930N11906034WA0146201459004003021281264
B1848283645931N11906038WA0146201458004003021284256
B1848293645932N11906042WA0146101458004003023288270
B1848303645933N11906046WA0146001456004003023287263
B1848313645934N11906051WA0145901455004003023289265
B1848323645934N11906056WA0145801453004003027273263
B1848333645934N11906061WA0145501452004003029273267
B1848343645935N11906067WA0145401451004003029278268
B1848353645936N11906073WA0145301451004003030280265
B1848363645936N11906078WA0145101451004003025278255
B1848373645937N11906083WA0145001451004003025276258
B1848383645937N11906087WA0145001450004003024277259
B1848393645938N11906092WA0144901449004003024279262
B1848403645938N11906096WA0144901447004003026278261
B1848413645939N11906102WA0144901446005003028275256
B1848423645939N11906107WA0144801446004003028275261
B1848433645940N11906113WA0144601446004003030275266
B1848443645940N11906119WA0144601446004003030277259
B1848453645941N11906124WA0144501447004003030272261
B1848463645941N11906128WA0144501448004003022269259
B1848473645941N11906132WA0144601448004003021280276
B1848483645941N11906135WA0144801448004003025298300
B1848493645945N11906139WA0144901447004003032321324
B1848503645951N11906141WA0144901447004003032344347
B1848513645957N11906142WA0145001447004003039012010
B1848523645964N11906139WA0145001448004003047030036
B1848533645969N11906132WA0145001446004003057062056
B1848543645973N11906121WA0144901447004003052080085
B1848553645974N11906111WA0144901448004003052097104
B1848563645972N11906103WA0144801448004003033116120
B1848573645968N11906097WA0144701446004003033133142
B1848583645964N11906093WA0144701445004003029149157
B1848593645960N11906091WA0144701444004003025161174
B1849003645956N11906091WA0144801443004003021176189
B1849013645953N11906092WA0144801443004003021192207
B1849023645950N11906094WA0144801443004003020208220
B1849033645949N11906096WA0144801444004003018229234
B1849043645948N11906099WA0144801445004003017250248
B1849053645947N11906103WA0144801445004003018260249
B1849063645947N11906106WA0144801446004003018267256
B1849073645947N11906110WA0144801446004003019268261
B1849083645947N11906114WA0144901448004003020265254
B1849093645946N11906117WA0145001450004003020262244
B1849103645946N11906120WA0145101451004003018258236
B1849113645945N11906123WA0145201453004003015243228
B1849123645944N11906125WA0145301452004003016225224
B1849133645942N11906127WA0145401452004003019224240
B1849143645940N11906130WA0145601453004003019234253
B1849153645939N11906135WA0145601454004003021264281
B1849163645941N11906139WA0145701454004003022301301
B1849173645943N11906142WA0145701454004003030317319
B1849183645946N11906146WA0145701455004003030321336
B1849193645953N11906144WA0145801457004003030022339
B1849203645960N11906139WA0145901455004003045042023
B1849213645964N11906131WA0146001456004003048056049
B1849223645966N11906121WA0146001457004003050076066
B1849233645965N11906112WA0146101457004003050095092
B1849243645963N11906105WA0146201458004003047115114
B1849253645960N11906098WA0146201458004003041120137
B1849263645957N11906096WA0146301457004003027195146
B1849273645956N11906100WA0146301457004003023239213
B1849283645954N11906105WA0146301457004003024254248
B1849293645954N11906109WA0146201457004003023276261
B1849303645955N11906113WA0146201457004003018299278
B1849313645957N11906116WA0146201458005003018327287
B1849323645961N11906118WA0146201457005003025331303
B1849333645965N11906120WA0146201457004003029336319
B1849343645970N11906123WA0146301457004003029342330
B1849353645975N11906124WA0146301457004003034350323
B1849363645981N11906125WA0146301457004003034356319
B1849373645986N11906125WA0146301458004003031355312
B1849383645990N11906127WA0146401458004003031343315
B1849393645995N11906129WA0146401458004003031333307
B1849403645999N11906132WA0146501458004003031330311
B1849413646003N11906135WA0146501457004003030331313
B1849423646007N11906137WA0146501457004003032327301
B1849433646011N11906141WA0146401456004003035323310
B1849443646016N11906145WA0146201454004003035324306
B1849453646020N11906149WA0146001454004003036327311
B1849463646025N11906152WA0145801455004003036332318
B1849473646030N11906156WA0145601455004003036331304
B1849483646035N11906159WA0145501456004003036328283
B1849493646039N11906162WA0145501457004003030321280
B1849503646040N11906163WA0145501459004003021312282
B1849513646041N11906165WA0145701459004003013293277
B1849523646042N11906168WA0145801458004003018287278
B1849533646043N11906171WA0146001458004003018280286
B1849543646044N11906175WA0146201457004003022279297
B1849553646045N11906179WA0146201458004003022298308
B1849563646047N11906183WA0146201457004003028335325
B1849573646052N11906184WA0146201458004003028000336
B1849583646058N11906183WA0146101460004003043016349
B1849593646065N11906180WA0146101461005003040023006
B1850003646069N11906176WA0146201464004003040039012
B1850013646073N11906172WA0146301464004003031033014
B1850023646076N11906169WA0146501463005003031026021
B1850033646081N11906165WA0146701463005003043035035
B1850043646086N11906159WA0146901463005003048049064
B1850053646090N11906151WA0146901463005003048088087
B1850063646088N11906141WA0146901465005003048115120
B1850073646081N11906136WA0146901468004003046149146
B1850083646075N11906131WA0146901468004003046147163
B1850093646073N11906128WA0147001473004003029134162
B1850103646070N11906125WA0147401472004003023132168
B1850113646068N11906122WA0147601471004003023135176
B1850123646065N11906119WA0147901471004003026159194
B1850133646061N11906118WA0148001472004003026182207
B1850143646056N11906119WA0148101472004003026206225
B1850153646053N11906122WA0148101473004004024214230
B1850163646051N11906126WA0148001473004003024228229
B1850173646049N11906129WA0147901472004003020230236
B1850183646047N11906132WA0147901472004003020236258
B1850193646046N11906136WA0147801472004003021244262
B1850203646047N11906141WA0147701469004003026287269
B1850213646049N11906146WA0147601469004003026291264
B1850223646050N11906151WA0147401469004003026287255
B1850233646050N11906155WA0147301469004003020270245
B1850243646050N11906159WA0147201468004003020258238
B1850253646049N11906162WA0147001467004003020253239
B1850263646048N11906165WA0147001465004003018249231
B1850273646047N11906168WA0146901463004003019246231
B1850283646046N11906172WA0146901460004003022242229
B1850293646044N11906176WA0146801457004003022238225
B1850303646042N11906180WA0146501455004003026234219
B1850313646039N11906184WA0146301454004003026229215
B1850323646037N11906188WA0146101453004003027231212
B1850333646034N11906192WA0145901452004003027233222
B1850343646032N11906196WA0145701451004003027231213
B1850353646029N11906200WA0145501451004003026229210
B1850363646027N11906203WA0145501451004003026227217
B1850373646024N11906207WA0145401449004003025229221
B1850383646022N11906211WA0145401447004003025232220
B1850393646019N11906216WA0145301445004003033236230
B1850403646016N11906222WA0145001443004003036240231
B1850413646014N11906228WA0144901443004003033241229
B1850423646012N11906233WA0144701443004003032242226
B1850433646010N11906238WA0144601443004003028242223
B1850443646008N11906242WA0144501444004003028242227
B1850453646006N11906247WA0144401444004003028242221
B1850463646004N11906252WA0144401443004003028246230
B1850473646003N11906256WA0144501443004003027247229
B1850483646001N11906261WA0144501442004003028245226
B1850493645999N11906266WA0144501440004003028243229
B1850503645997N11906271WA0144401440004003029244230
B1850513645996N11906276WA0144301440004003030245228
B1850523645994N11906281WA0144301440004003030246225
B1850533645992N11906285WA0144201439004003028246228
B1850543645991N11906290WA0144201439004003028242222
B1850553645989N11906295WA0144201440004003030242227
B1850563645987N11906300WA0144201440004003030239215
B1850573645984N11906303WA0144201442004003027231212
B1850583645982N11906307WA0144201442004003023223214
B1850593645980N11906309WA0144301441004003025225218
B1851003645977N11906312WA0144501440004003029233230
B1851013645975N11906317WA0144501439004003029242231
B1851023645973N11906322WA0144501439004003029244223
B1851033645972N11906326WA0144401440004003023243218
B1851043645970N11906330WA0144401441004003023237217
B1851053645968N11906333WA0144301442004003023233218
B1851063645966N11906336WA0144301441004003022234223
B1851073645964N11906340WA0144301440004003021237225
B1851083645963N11906343WA0144301439004003022241229
B1851093645961N11906347WA0144301437004003022242233
B1851103645959N11906352WA0144201436004003024243228
B1851113645958N11906356WA0144101435004003025247236
B1851123645956N11906360WA0144001435004003025247230
B1851133645955N11906363WA0143901435004003023240227
B1851143645953N11906367WA0143801435004003021239233
B1851153645952N11906371WA0143801434004003023246242
B1851163645951N11906375WA0143801434004003024249238
B1851173645949N11906379WA0143701433004003024251234
B1851183645948N11906384WA0143701432004003026248232
B1851193645946N11906389WA0143601432004003025247227
B1851203645945N11906393WA0143501433004003025248229
B1851213645944N11906397WA0143501433004003021248224
B1851223645943N11906399WA0143501433004003018246223
B1851233645942N11906402WA0143501433004003018238219
B1851243645940N11906405WA0143501431004003022236226
B1851253645938N11906409WA0143401431004003026231224
B1851263645936N11906413WA0143401432004003024232231
B1851273645933N11906416WA0143301433004003024239222
B1851283645933N11906419WA0143301436004003020252231
B1851293645932N11906422WA0143301436004003017255234
B1851303645931N11906425WA0143401435004003021250237
B1851313645930N11906429WA0143701434004003021243230
B1851323645928N11906433WA0143801433004003024244231
B1851333645927N11906438WA0143801433004003026247240
B1851343645925N11906443WA0143801433004003028248248
B1851353645924N11906448WA0143601433004003029249246
B1851363645922N11906453WA0143501433004003028251245
B1851373645921N11906458WA0143501434004003028250244
B1851383645919N11906463WA0143601435004003027249251
B1851393645918N11906466WA0143601437004003021246260
B1851403645917N11906470WA0143801437004003021258273
B1851413645917N11906473WA0144101438004003021276291
B1851423645919N11906477WA0144201437004003021301305
B1851433645923N11906481WA0144301437004003026325322
B1851443645928N11906482WA0144401438004003036350337
B1851453645934N11906480WA0144401439004003039015357
B1851463645939N11906475WA0144501440004003039039017
B1851473645942N11906468WA0144501442004003040057041
B1851483645944N11906461WA0144601443004003042072064
B1851493645944N11906453WA0144601444004003043088083
B1851503645942N11906445WA0144701445004003043109104
B1851513645938N11906439WA0144901446004003043128128
B1851523645933N11906435WA0145001447004003041148150
B1851533645929N11906434WA0145101448004003038165172
B1851543645925N11906434WA0145101450004003027186190
B1851553645922N11906437WA0145201452004003027216214
B1851563645920N11906439WA0145401452004003021228237
B1851573645919N11906442WA0145501452004003019270247
B1851583645921N11906447WA0145701452004003019318271
B1851593645925N11906450WA0145701453004003033328305
B1852003645929N11906453WA0145801455004003033333318
B1852013645932N11906454WA0145801457004003028341331
B1852023645936N11906456WA0145901456004003028357345
B1852033645941N11906455WA0146001455004003028017359
B1852043645946N11906450WA0146001454004003042034017
B1852053645956N11906439WA0146101454004003042071048
B1852063645953N11906430WA0146101455004003043105077
B1852073645950N11906422WA0146101455004003044120121
B1852083645947N11906414WA0146001456004003041128140
B1852093645943N11906410WA0146001459004003041134156
B1852103645939N11906405WA0146201459005003035152163
B1852113645935N11906403WA0146301458004003031169185
B1852123645931N11906403WA0146401459004003031177196
B1852133645926N11906403WA0146601459004003031188212
B1852143645922N11906405WA0146701461004003030200225
B1852153645918N11906408WA0146801462004003029218240
B1852163645916N11906412WA0146901464004003028232255
B1852173645914N11906417WA0146901465004003028246266
B1852183645914N11906422WA0147001467004003026264282
B1852193645915N11906427WA0147101468004003026283287
B1852203645917N11906431WA0147301468004003027300295
B1852213645920N11906435WA0147401469004003029313308
B1852223645923N11906439WA0147501469004003029320304
B1852233645927N11906443WA0147501469004003032326306
B1852243645932N11906446WA0147601469004003035330312
B1852253645936N11906450WA0147601471004003035331326
B1852263645941N11906452WA0147701472004003035336341
B1852273645946N11906455WA0147701472004003035345359
B1852283645951N11906454WA0147701473004003036005009
B1852293645957N11906453WA0147801473004003041028022
B1852303645961N11906447WA0147901476004003040046038
B1852313645963N11906440WA0148001478004003040065056
B1852323645964N11906433WA0148101480005003036085073
B1852333645964N11906426WA0148201480005003036102097
B1852343645963N11906419WA0148301480004003036112119
B1852353645960N11906413WA0148601480004003038124138
B1852363645956N11906407WA0148601480004003039132155
B1852373645951N11906404WA0148701481004003039155159
B1852383645945N11906401WA0148701482004003038158174
B1852393645941N11906400WA0148701484004003034163187
B1852403645936N11906399WA0148801485004003027174203
B1852413645932N11906399WA0148901485004003027201213
B1852423645929N11906402WA0149001485004003027225235
B1852433645927N11906408WA0149101485004003031248255
B1852443645925N11906414WA0149201485004003030272271
B1852453645928N11906420WA0149201485004003033306288
B1852463645932N11906423WA0149101485004003033328309
B1852483645937N11906425WA0149101485004003033341323
B1852493645942N11906427WA0149101485004003038358335
B1852503645948N11906426WA0149101484004003040009354
B1852513645954N11906425WA0149101484004003040031005
B1852523645959N11906419WA0149101485004003043044030
B1852533645963N11906413WA0149001485004003041049046
B1852543645966N11906406WA0149001487004003041067054
B1852553645967N11906400WA0149001487004003037075072
B1852563645968N11906394WA0149101488004003033083087
B1852573645967N11906387WA0149201487004003035094106
B1852583645965N11906380WA0149201487004003038110124
B1852593645961N11906375WA0149201487004003038131140
B1853003645956N11906371WA0149201488005003038150158
B1853013645952N11906370WA0149201489005003032164173
B1853023645947N11906369WA0149201490004003032172191
B1853033645943N11906369WA0149201489004003028179204
B1853043645939N11906370WA0149301489004003028195224
B1853053645936N11906374WA0149301488004003028218231
B1853063645934N11906379WA0149401488004003031242247
B1853073645933N11906384WA0149301488004003030258258
B1853083645932N11906390WA0149301488004003030268269
B1853093645932N11906394WA0149301489004003026281280
B1853103645934N11906399WA0149301489004003026292290
B1853113645936N11906403WA0149301489004003026303297
B1853123645940N11906408WA0149401489004003029311312
B1853133645944N11906412WA0149401489004003037322321
B1853143645949N11906415WA0149401490004003037331330
B1853153645954N11906418WA0149401491004003037338335
B1853163645960N11906420WA0149501491004003037344338
B1853173645965N11906421WA0149501491004003038351344
B1853183645971N11906420WA0149601491004003040000352
B1853193645977N11906419WA0149601491004003040009003
B1853203645983N11906417WA0149601491004003041019003
B1853213645989N11906413WA0149601492004003042025005
B1853223645994N11906409WA0149601492004003042030019
B1853233645999N11906405WA0149601492004003041035030
B1853243646004N11906400WA0149601492004003041048045
B1853253646008N11906394WA0149601492004003048058055
B1853263646011N11906385WA0149601490004003051067061
B1853273646014N11906376WA0149501492004003048074076
B1853283646014N11906367WA0149501493005003047090079
B1853293646013N11906360WA0149401495004003040097091
B1853303646012N11906353WA0149401496004003040096101
B1853313646012N11906346WA0149501495004003038097104
B1853323646010N11906338WA0149601495004003038104123
B1853333646007N11906331WA0149701494004003042115129
B1853343646004N11906324WA0149701493004003043124142
B1853353646000N11906318WA0149701494004003043133154
B1853363645995N11906314WA0149601496004003043144174
B1853373645991N11906312WA0149601497004003038159174
B1853383645986N11906310WA0149701496004003030163175
B1853393645982N11906308WA0149701496004003030164175
B1853403645977N11906307WA0149801495004003030162191
B1853413645973N11906305WA0149801495004003031167196
B1853423645968N11906304WA0149801496004003033177192
B1853433645963N11906304WA0149801497004003032181195
B1853443645958N11906304WA0149801499004003032178189
B1853453645954N11906304WA0149801501004003029178202
B1853463645950N11906305WA0149801502004003027190224
B1853473645947N11906307WA0150101502004003025206230
B1853483645944N11906310WA0150201502004003027217229
B1853493645941N11906314WA0150301503004003028223240
B1853503645938N11906318WA0150401505004003027230257
B1853513645936N11906322WA0150401505004003026252270
B1853523645936N11906326WA0150601506004003025271280
B1853533645937N11906331WA0150701506004003028290290
B1853543645940N11906336WA0150801507004003031307304
B1853553645943N11906341WA0150901507004003031310319
B1853563645948N11906342WA0150901508004003031346325
B1853573645954N11906341WA0151101507004003038007351
B1853583645960N11906338WA0151101507004003041025008
B1853593645965N11906333WA0151101508004003041039024
B1854003645969N11906327WA0151101509004003042050042
B1854013645972N11906320WA0151101509004003042061057
B1854023645974N11906312WA0151201510004003042072071
B1854033645974N11906305WA0151201510004003042084086
B1854043645974N11906297WA0151301511004003042094099
B1854053645973N11906289WA0151301513004003042104114
B1854063645970N11906282WA0151401514004003040114119
B1854073645967N11906276WA0151401516004003041124130
B1854083645963N11906270WA0151601518004003041128133
B1854093645959N11906265WA0151701520004003041130141
B1854103645955N11906260WA0151801522004003036134155
B1854113645951N11906255WA0151901523004003036135153
B1854123645948N11906250WA0152101524004003036135142
B1854133645944N11906245WA0152401525004003036132140
B1854143645940N11906240WA0152501526004003038133147
B1854153645936N11906235WA0152701527004003038139152
B1854163645933N11906232WA0152801531004003034142167
B1854173645930N11906229WA0153001531004003027157175
B1854183645926N11906228WA0153501533004003024163181
B1854193645922N11906227WA0153801536004003027172187
B1854203645918N11906227WA0154101539004003027176215
B1854213645914N11906227WA0154301542004003028179211
B1854223645909N11906227WA0154601542004003027179237
B1854233645906N11906227WA0155001542004003027187228
B1854243645904N11906229WA0155201541004003023217237
B1854253645902N11906233WA0155301542004003023239246
B1854263645901N11906238WA0155401543004003027257266
B1854273645901N11906243WA0155501544004003029288281
B1854283645905N11906248WA0155701546004003029317300
B1854293645911N11906250WA0155701548005003036347321
B1854303645918N11906249WA0155901551004003046011347
B1854313645924N11906244WA0156001553004003049031012
B1854323645928N11906237WA0156101556004003047051032
B1854333645931N11906229WA0156501559004003047065052
B1854343645933N11906222WA0156701563004003043075072
B1854353645934N11906214WA0156901567004003043081088
B1854363645934N11906207WA0157201571004003040090093
B1854373645934N11906201WA0157401571004003037094106
B1854383645933N11906195WA0158001570004003026113110
B1854393645931N11906192WA0158201570004003026133137
B1854403645928N11906189WA0158401570004003026150157
B1854413645924N11906187WA0158501573004003030155174
B1854423645919N11906184WA0158601574004003031159178
B1854433645915N11906183WA0158701576004003031169189
B1854443645911N11906184WA0158801579004003027187199
B1854453645907N11906185WA0159001580004003027210221
B1854463645904N11906189WA0159201583004003032223236
B1854473645901N11906195WA0159401586004003032237258
B1854483645900N11906200WA0159801590004003031255262
B1854493645900N11906205WA0160001592004003026275268
B1854503645902N11906210WA0160201594004003027286286
B1854513645903N11906215WA0160401596004003028292293
B1854523645905N11906220WA0160601596004003028315302
B1854533645908N11906224WA0160901596004003031336315
B1854543645915N11906226WA0160901595004003042347327
B1854553645921N11906227WA0160901596004003042349334
B1854563645927N11906229WA0160901597004003041345331
B1854573645931N11906231WA0160901599004003038339332
B1854583645936N11906233WA0161001601004003033340337
B1854593645941N11906234WA0161101603004003035349341
B1855003645947N11906234WA0161201604004003035000357
B1855013645953N11906233WA0161301605004003038011014
B1855023645959N11906229WA0161401607004003043027025
B1855033645963N11906223WA0161601608004003043045045
B1855043645966N11906216WA0161601610004003043061065
B1855053645968N11906210WA0161701613004003042071071
B1855063645970N11906204WA0161801616004003034076073
B1855073645971N11906197WA0162001619004003036076093
B1855083645972N11906191WA0162301622004003035081108
B1855093645971N11906185WA0162501624004003035097115
B1855103645971N11906179WA0162701624004003032114129
B1855113645968N11906174WA0162901626004003033125136
B1855123645965N11906169WA0163001627004003033127139
B1855133645962N11906165WA0163401628004003033141166
B1855143645958N11906163WA0163601632004003025154179
B1855153645955N11906162WA0163801634004003026174182
B1855163645951N11906162WA0164101635004003026181184
B1855173645947N11906162WA0164301638004003026183197
B1855183645943N11906163WA0164801640004003024187214
B1855193645940N11906165WA0165001642004003024203234
B1855203645937N11906167WA0165101642004003024223243
B1855213645935N11906172WA0165201642004003027246260
B1855223645934N11906179WA0165301643004003034267280
B1855233645934N11906185WA0165401644005003034287290
B1855243645938N11906191WA0165401646005003034309299
B1855253645942N11906195WA0165501648005003038322312
B1855263645947N11906198WA0165501650005003035336319
B1855273645952N11906200WA0165701650004003036347334
B1855283645957N11906202WA0165801650004003036355345
B1855293645963N11906201WA0166001650004003038005357
B1855303645969N11906198WA0166101650004003044017009
B1855313645975N11906194WA0166101651004003044033022
B1855323645980N11906188WA0166101652004003044047038
B1855333645983N11906181WA0166101653004003043057057
B1855343645986N11906175WA0166101654004003036062064
B1855353645988N11906169WA0166201655005003036068078
B1855363645989N11906163WA0166201655004003036078087
B1855373645990N11906156WA0166301655004003036092107
B1855383645988N11906149WA0166301656004003038105116
B1855393645986N11906143WA0166301658004003038118131
B1855403645982N11906137WA0166401661004003038128132
B1855413645979N11906133WA0166401664004003037135133
B1855423645975N11906129WA0166501667004003034137138
B1855433645972N11906125WA0166601667004003030133144
B1855443645969N11906121WA0167001668004003029134160
B1855453645966N11906118WA0167301668004003029147169
B1855463645962N11906115WA0167401668004003029160184
B1855473645957N11906114WA0167601669004003031171193
B1855483645952N11906113WA0167701670004003034181189
B1855493645947N11906114WA0167801671004003030192206
B1855503645943N11906116WA0167801674004003030203207
B1855513645940N11906118WA0168001674004003027210213
B1855523645937N11906121WA0168101675004003027221214
B1855533645934N11906125WA0168201675004003027222217
B1855543645931N11906130WA0168501675004003032223229
B1855553645927N11906134WA0168501676004003032227231
B1855563645924N11906139WA0168501677004003032230235
B1855573645922N11906143WA0168501680004003030238233
B1855583645921N11906147WA0168501680004003025250236
B1855593645920N11906151WA0168701679004003025254241
B1856003645918N11906156WA0168801679004003031252246
B1856013645917N11906162WA0168801678004003031254262
B1856023645916N11906169WA0168801679004003033264278
B1856033645917N11906175WA0168801680004003033279291
B1856043645919N11906181WA0168701680004003034293297
B1856053645922N11906186WA0168601681004003034303312
B1856063645925N11906191WA0168601680004003034313317
B1856073645929N11906195WA0168601681004003033324331
B1856083645934N11906198WA0168601679004003033333329
B1856093645938N11906200WA0168501678004003034340333
B1856103645943N11906202WA0168501677004003034343331
B1856113645949N11906203WA0168401676004003034348330
B1856123645955N11906204WA0168201675004003036354344
B1856133645960N11906203WA0168101673004003038003353
B1856143645966N11906202WA0167901671004003038013004
B1856153645972N11906199WA0167801669004003041023010
B1856163645977N11906194WA0167701667004003041031022
B1856173645983N11906190WA0167501667004003045040041
B1856183645988N11906184WA0167401667004003045046065
B1856193645991N11906177WA0167101667004003041061077
B1856203645993N11906170WA0166901665004003041075081
B1856213645994N11906163WA0166801663004003038080081
B1856223645995N11906156WA0166801661004003038080077
B1856233645996N11906148WA0166701659004003040085105
B1856243645995N11906141WA0166401657004003039096113
B1856253645993N11906134WA0166201655004003039109117
B1856263645991N11906128WA0166001655004003038118129
B1856273645988N11906123WA0165901654004003036120126
B1856283645986N11906118WA0165801654004003030119140
B1856293645984N11906113WA0165601653004003032118142
B1856303645981N11906107WA0165501651004003032122140
B1856313645977N11906102WA0165501651004003036128155
B1856323645974N11906097WA0165401651004003034137166
B1856333645970N11906094WA0165301651004003034144169
B1856343645966N11906091WA0165201651004003031149172
B1856353645963N11906089WA0165201651004003028151180
B1856363645960N11906087WA0165101651004003025156185
B1856373645956N11906086WA0165101650004003026166199
B1856383645952N11906086WA0165101649004003026178209
B1856393645948N11906087WA0165101648004003026191222
B1856403645946N11906089WA0165001647004003022208226
B1856413645944N11906092WA0165001646004003022231234
B1856423645943N11906096WA0164901645004003020250246
B1856433645942N11906099WA0164801643004003020260248
B1856443645942N11906104WA0164601641004003024265252
B1856453645942N11906109WA0164401639004003027270252
B1856463645943N11906114WA0164301637004003027278263
B1856473645944N11906119WA0164201636004003028282261
B1856483645944N11906125WA0164001634004003029280262
B1856493645945N11906130WA0163801633004003029276262
B1856503645946N11906135WA0163601632004003029280269
B1856513645947N11906140WA0163501631004003028283264
B1856523645948N11906145WA0163401630004003027286262
B1856533645949N11906150WA0163301628004003028287255
B1856543645950N11906155WA0163201626004003027287261
B1856553645951N11906159WA0163001625004003027287266
B1856563645953N11906164WA0162901623004003026289274
B1856573645955N11906169WA0162801621004003028296284
B1856583645957N11906173WA0162601618004003028304294
B1856593645961N11906178WA0162301616004003031315303
B1857003645965N11906182WA0162101615004003034323304
B1857013645969N11906185WA0162001615004003034329301
B1857023645973N11906187WA0161801614004003032332301
B1857033645977N11906190WA0161701611004003030335306
B1857043645982N11906192WA0161601609004003032338314
B1857053645987N11906194WA0161301606004003036340311
B1857063645992N11906197WA0161201604004003036339312
B1857073645997N11906199WA0161001602004003036337311
B1857083646002N11906201WA0160901600004003034338320
B1857093646007N11906203WA0160701598004003034343331
B1857103646012N11906204WA0160301595004003034349329
B1857113646018N11906205WA0160101592004003035352337
B1857123646024N11906206WA0159901589004003042356336
B1857133646031N11906206WA0159701587004003045000339
B1857143646038N11906206WA0159501585004003045001335
B1857153646045N11906205WA0159101585004003046002345
B1857163646051N11906204WA0158901585004003045004352
B1857173646058N11906203WA0158701585004003045011356
B1857183646064N11906200WA0158701585004003045018006
B1857193646071N11906197WA0158601586004003045020006
B1857203646076N11906194WA0158601585004003042022012
B1857213646082N11906191WA0158601585004003044027024
B1857223646088N11906187WA0158601583004003044032033
B1857233646094N11906181WA0158601582004003047040041
B1857243646098N11906174WA0158501581004003046051048
B1857253646101N11906167WA0158301579004003046061049
B1857263646103N11906159WA0158201577004003044069064
B1857273646105N11906151WA0158101575004003042077074
B1857283646106N11906143WA0158001573004003045082087
B1857293646106N11906134WA0157901572004003048088099
B1857303646105N11906126WA0157601571004003045095123
B1857313646104N11906120WA0157501571004003043109145
B1857323646101N11906115WA0157401569004003031125154
B1857333646098N11906112WA0157301568004003031136162
B1857343646095N11906108WA0157201567004003028140171
B1857353646092N11906106WA0157001565004003026143178
B1857363646089N11906104WA0156901563004003022152186
B1857373646086N11906103WA0156801560004003022162187
B1857383646083N11906102WA0156701557004003022166189
B1857393646079N11906100WA0156501554004003024166189
B1857403646076N11906100WA0156101552004003023168194
B1857413646073N11906099WA0155901550004003023175197
B1857423646070N11906099WA0155701547004003020179189
B1857433646067N11906099WA0155501544004003020171179
B1857443646063N11906097WA0155301542004003023158165
B1857453646059N11906094WA0154901540004003032149159
B1857463646055N11906090WA0154701538004003032143159
B1857473646052N11906087WA0154501537004003031142160
B1857483646048N11906084WA0154301536004003028143162
B1857493646045N11906081WA0154201534004003027142173
B1857503646042N11906078WA0153901531005003030140166
B1857513646038N11906074WA0153801529005003032140170
B1857523646034N11906070WA0153601527004003032145167
B1857533646030N11906067WA0153501526004003032150170
B1857543646026N11906065WA0153301524004003032154173
B1857553646022N11906063WA0153001522004003028156166
B1857563646018N11906060WA0152901519004003030155172
B1857573646014N11906057WA0152701516004003030151170
B1857583646009N11906054WA0152501513004003033151188
B1857593646005N11906052WA0152301511004003033160198
B1858003646001N11906052WA0151901509004003028178214
B1858013645997N11906054WA0151601507004003028200223
B1858023645994N11906056WA0151401507004003026211232
B1858033645992N11906059WA0151301506004003023238233
B1858043645992N11906062WA0151101505004003019254247
B1858053645991N11906065WA0150801503004003016261251
B1858063645991N11906068WA0150701501004003017253252
B1858073645990N11906071WA0150501501004003017252255
B1858083645989N11906075WA0150401499004003019259263
B1858093645990N11906080WA0150301497004003022281275
B1858103645993N11906085WA0150101497004003031300278
B1858113645995N11906090WA0149801497004003032306279
B1858123645998N11906095WA0149701498004003031303271
B1858133646000N11906099WA0149701498004003027301265
B1858143646001N11906102WA0149701500004003025296265
B1858153646003N11906105WA0149801501004003016306263
B1858163646004N11906107WA0150101501004003022305268
B1858173646006N11906111WA0150301500004003022299267
B1858183646008N11906116WA0150401501004003026287255
B1858193646010N11906121WA0150401502004003028280255
B1858203646010N11906126WA0150501503005003019271242
B1858213646009N11906129WA0150601505004003019258231
B1858223646009N11906131WA0150701505004003015247236
B1858233646008N11906134WA0150901505004003015246230
B1858243646005N11906138WA0151001505004003015236243
B1858253646003N11906142WA0151101506004003026239246
B1858263646001N11906146WA0151201507004003026245249
B1858273646001N11906150WA0151301510004003024264253
B1858283646001N11906154WA0151401510004003021267264
B1858293646001N11906158WA0151501510004003023284290
B1858303646002N11906162WA0151601509004003027313307
B1858313646006N11906165WA0151801509004003027335332
B1858323646012N11906166WA0151801506004003036354351
B1858333646018N11906165WA0151801506004003046026011
B1858343646024N11906160WA0151601506004003050053046
B1858353646027N11906151WA0151501503004003050071073
B1858363646029N11906141WA0151201504005003050102092
B1858373646026N11906133WA0151101504005003047118123
B1858383646022N11906125WA0150901505004003047140145
B1858393646017N11906122WA0150801506004003038152163
B1858403646013N11906121WA0150801508004003035165172
B1858413646009N11906120WA0150801510004003024174187
B1858423646005N11906120WA0150901509004003024182199
B1858433646002N11906121WA0151001509004003024190204
B1858443645999N11906122WA0151101508004003024194209
B1858453645997N11906125WA0151101507004003022202210
B1858463645996N11906128WA0151101504004003022234218
B1858473645994N11906133WA0150901503005003022242236
B1858483645993N11906138WA0150701499005003024243235
B1858493645991N11906143WA0150501495005003029243240
B1858503645989N11906149WA0150201492005003033245245
B1858513645988N11906155WA0149701492005003032246245
B1858523645986N11906161WA0149401492005003032249255
B1858533645985N11906166WA0149201492004003028253247
B1858543645984N11906172WA0149101490004003028259252
B1858553645984N11906178WA0149001488004003028263247
B1858563645984N11906184WA0148901487004003032262246
B1858573645983N11906191WA0148801487004003032257233
B1858583645982N11906196WA0148701487004003032248226
B1858593645981N11906200WA0148601487004003026244229
B1859003645979N11906204WA0148601487004003024245229
B1859013645978N11906208WA0148701486004003024248226
B1859023645977N11906213WA0148701484004003026248229
B1859033645975N11906217WA0148701484004003026243227
B1859043645973N11906222WA0148601484004003026238229
B1859053645971N11906226WA0148501484004003025242233
B1859063645970N11906230WA0148501484004003025252234
B1859073645969N11906234WA0148501483004003025260234
B1859083645968N11906239WA0148501482004003025255232
B1859093645966N11906244WA0148501481004003033241235
B1859103645963N11906250WA0148501482004003035232243
B1859113645960N11906255WA0148501482004003033231244
B1859123645958N11906259WA0148501483004003030237251
B1859133645956N11906263WA0148501483004003030241235
B1859143645953N11906268WA0148501482004003032242229
B1859153645951N11906274WA0148501482004003032242232
B1859163645949N11906279WA0148601483004003032242238
B1859173645947N11906284WA0148601484004003031247252
B1859183645946N11906289WA0148601484004003031253249
B1859193645945N11906294WA0148601485004003029257241
B1859203645944N11906299WA0148701486004003029259237
B1859213645942N11906305WA0148801489004003029252229
B1859223645941N11906310WA0148901489004003029245218
B1859233645938N11906314WA0149001491004003029229223
B1859243645935N11906318WA0149101493004003029228233
B1859253645933N11906321WA0149301495004003024237259
B1859263645932N11906325WA0149601496004003024255268
B1859273645933N11906329WA0149801497004003021284290
B1859283645936N11906333WA0149901497004003021313300
B1859293645939N11906336WA0150001497004003026316316
B1859303645945N11906336WA0150101496004003043355320
B1859313645952N11906337WA0150101497004003043005352
B1859323645958N11906335WA0150101498004003043009005
B1859333645963N11906333WA0150101500004003033013015
B1859343645967N11906332WA0150201500004003035015021
B1859353645972N11906329WA0150301499004003035033020
B1859363645977N11906324WA0150401499004003039047040
B1859373645981N11906317WA0150501499004003045055054
B1859383645985N11906309WA0150501500004003045070073
B1859393645985N11906301WA0150501503004003043084088
B1859403645985N11906294WA0150501503004003038096104
B1859413645983N11906288WA0150601503004003031116120
B1859423645978N11906286WA0150701504004003031158144
B1859433645974N11906286WA0150801505004003030178182
B1859443645969N11906288WA0150801506004003029199202
B1859453645965N11906290WA0150901507004003032205214
B1859463645960N11906293WA0150901508004003032200213
B1859473645957N11906295WA0151101512004003027207233
B1859483645954N11906297WA0151301511004003021235234
B1859493645953N11906299WA0151401510004003022256251
B1859503645953N11906304WA0151601508004003030268262
B1859513645954N11906310WA0151701508004003030277284
B1859523645955N11906317WA0151701509004003034301298
B1859533645959N11906322WA0151701511004003040318314
B1859543645964N11906327WA0151601511004003038344325
B1859553645970N11906327WA0151601512004003038000342
B1859563645976N11906325WA0151601512004003038010354
B1859573645982N11906323WA0151801512004003038014009
B1859583645987N11906321WA0151801512004003044026021
B1859593645993N11906317WA0151901512005003047043038
B1900003645997N11906309WA0151901510005003047057055
B1900013646001N11906301WA0151901511004003047074070
B1900023646002N11906292WA0151701512004003047087085
B1900033646002N11906283WA0151701514004003041096100
B1900043646000N11906276WA0151701514005003041101116
B1900053645999N11906270WA0151701514004003037108125
B1900063645995N11906265WA0151701514004003036125141
B1900073645991N11906260WA0151801513005003036142163
B1900083645986N11906255WA0151801513004003036154170
B1900093645981N11906253WA0151701514004003036164187
B1900103645976N11906252WA0151701515004003033164185
B1900113645972N11906251WA0151801517004003031166185
B1900123645967N11906250WA0151901518004003030167178
B1900133645963N11906249WA0152001519004003032172186
B1900143645958N11906249WA0152201521004003032176198
B1900153645953N11906249WA0152301522004003031179197
B1900163645949N11906250WA0152401523004003031187204
B1900173645944N11906252WA0152601524004003031201225
B1900183645940N11906256WA0152701526005003032217242
B1900193645937N11906261WA0152701527005003032232256
B1900203645936N11906266WA0152801527005003031252275
B1900213645935N11906272WA0152901527005003030277289
B1900223645935N11906277WA0153001526005003030284302
B1900233645938N11906281WA0153001526005003031312302
B1900243645943N11906284WA0153101527005003031336317
B1900253645948N11906284WA0153101527005003031002333
B1900263645954N11906282WA0153101527004003032011354
B1900273645959N11906280WA0153201528004003041032003
B1900283645965N11906275WA0153201528004003046042032
B1900293645969N11906268WA0153201529004003044052048
B1900303645972N11906261WA0153201530004003044066062
B1900313645975N11906253WA0153201530004003039079081
B1900323645975N11906246WA0153301530004003039089098
B1900333645974N11906238WA0153301530005003039107118
B1900343645970N11906232WA0153301530005003040126142
B1900353645966N11906227WA0153401531005003040144159
B1900363645961N11906225WA0153401532005003040160180
B1900373645956N11906224WA0153501534005003036171187
B1900383645951N11906224WA0153501536006003034182197
B1900393645946N11906226WA0153601537006003033192215
B1900403645942N11906228WA0153701538006003033206229
B1900413645940N11906232WA0153801538006003030229240
B1900423645938N11906237WA0154001538006003030250262
B1900433645938N11906243WA0154001538005003031264265
B1900443645939N11906249WA0154101538006003031277278
B1900453645940N11906253WA0154101538006003030296283
B1900463645943N11906256WA0154001537004003026316295
B1900473645947N11906259WA0154001537004003027329306
B1900483645950N11906261WA0154001537004003029345321
B1900493645955N11906262WA0153901537004003029013336
B1900503645961N11906259WA0153901537004003037023002
B1900513645966N11906255WA0153801537004003040035020
B1900523645971N11906251WA0153801539004003040039034
B1900533645975N11906245WA0153801541004003037044044
B1900543645978N11906239WA0153801542004003037054056
B1900553645980N11906232WA0153901543004003042069071
B1900563645981N11906224WA0154001544004003043083093
B1900573645981N11906216WA0154101546004003042096105
B1900583645979N11906209WA0154301547004003041109129
B1900593645976N11906203WA0154401548004003038123141
B1901003645971N11906198WA0154501548004003038136161
B1901013645967N11906194WA0154601549004003038151175
B1901023645961N11906193WA0154701550004003037167189
B1901033645956N11906193WA0154801550004003035181202
B1901043645952N11906194WA0154801551004003035193209
B1901053645948N11906196WA0154901551004003032203222
B1901063645944N11906199WA0154901551004003031210231
B1901073645940N11906203WA0155001550004003033214238
B1901083645936N11906207WA0155001550004003033223253
B1901093645933N11906211WA0155001550004003032227257
B1901103645930N11906215WA0155001549004003030241265
B1901113645932N11906222WA0155001547004003033278266
B1901123645933N11906227WA0154901546004003033288286
B1901133645935N11906233WA0154701546004003030297297
B1901143645937N11906236WA0154601545004003024308302
B1901153645939N11906239WA0154501543004003025303303
B1901163645942N11906244WA0154301541005003032298288
B1901173645944N11906250WA0154201538005003032296304
B1901183645947N11906256WA0153701538005003032304309
B1901193645950N11906261WA0153401538004003028317319
B1901203645954N11906264WA0153201538004003029332320
B1901213645958N11906267WA0153001536004003029333315
B1901223645964N11906271WA0152801535004003034327308
B1901233645969N11906275WA0152501534004003041326314
B1901243645974N11906279WA0152401535004003041327312
B1901253645979N11906283WA0152301536004003040328314
B1901263645985N11906287WA0152201537004003040330309
B1901273645990N11906291WA0152101538004003039330313
B1901283645995N11906294WA0152201539004003039329311
B1901293646000N11906297WA0152301541004003038332325
B1901303646004N11906300WA0152401544005003036333331
B1901313646008N11906301WA0152501545004003027336325
B1901323646012N11906303WA0152701546004003027346334
B1901333646017N11906304WA0153101545004003027351346
B1901343646022N11906304WA0153301546005003037356352
B1901353646029N11906304WA0153401548004003040009009
B1901363646035N11906303WA0153601548004003040008036
B1901373646040N11906300WA0153701548004003040020030
B1901383646043N11906296WA0154301546005003035048044
B1901393646045N11906289WA0154601546005003039063058
B1901403646047N11906281WA0154801547004003041076084
B1901413646046N11906271WA0155001548004003041094101
B1901423646043N11906263WA0155101550004003044108122
B1901433646041N11906254WA0155301551004003044122140
B1901443646036N11906248WA0155401554004003044137156
B1901453646031N11906246WA0155501557004003040162171
B1901463646026N11906244WA0155701557004003033187190
B1901473646021N11906245WA0155801558004003030191203
B1901483646017N11906247WA0156201560004003030196210
B1901493646013N11906248WA0156301563004003029201223
B1901503646010N11906251WA0156501564004003027215244
B1901513646008N11906255WA0156601566004003025239252
B1901523646007N11906260WA0156701567004003026261263
B1901533646008N11906265WA0157001568004003026277274
B1901543646009N11906270WA0157101569004003027293290
B1901553646012N11906274WA0157201569004003029311300
B1901563646015N11906278WA0157201570004003035327317
B1901573646021N11906279WA0157301571004003035354331
B1901583646027N11906279WA0157401571004003042019353
B1901593646034N11906275WA0157401574004003044037018
B1902003646038N11906269WA0157501575004003038053034
B1902013646042N11906262WA0157701575004003038071052
B1902023646043N11906255WA0157901574004003034081080
B1902033646044N11906247WA0158401574004003034082085
B1902043646044N11906238WA0158601574004003038085094
B1902053646044N11906228WA0158801575004003047093113
B1902063646041N11906220WA0158901579004003047108117
B1902073646038N11906214WA0159001582004003044123135
B1902083646035N11906210WA0159201585005003037131139
B1902093646032N11906207WA0159301587005003029134141
B1902103646028N11906203WA0159501588005003029136148
B1902113646024N11906199WA0159601588005003035140158
B1902123646019N11906196WA0159701589005003035153180
B1902133646014N11906193WA0159801589004003035174192
B1902143646009N11906193WA0159901590004003034195202
B1902153646006N11906196WA0159901590004003027208219
B1902163646003N11906199WA0159901590004003027215232
B1902173646000N11906202WA0159901590004003027214238
B1902183645997N11906205WA0159901591004003026219247
B1902193645995N11906208WA0159901591004003023233262
B1902203645993N11906211WA0159801591004003025247258
B1902213645992N11906216WA0159801590004003025259265
B1902223645993N11906222WA0159801589004003025275273
B1902233645994N11906227WA0159601589004003028291282
B1902243645997N11906232WA0159501589004003030303293
B1902253646000N11906237WA0159501591004003029311293
B1902263646003N11906240WA0159401591004003029313291
B1902273646005N11906244WA0159401591004003027314293
B1902283646008N11906247WA0159401591004003026315293
B1902293646011N11906250WA0159501591004003026319296
B1902303646014N11906253WA0159501591004003028325303
B1902313646018N11906256WA0159501592004003028331309
B1902323646023N11906259WA0159501592004003031338323
B1902333646027N11906261WA0159501593004003028347314
B1902343646031N11906261WA0159601596004003028354315
B1902353646035N11906262WA0159701598004003027356312
B1902363646038N11906262WA0159901599004003026351318
B1902373646042N11906263WA0160001600004003027347322
B1902383646046N11906264WA0160201602004003028348326
B1902393646050N11906265WA0160401603004003027351326
B1902403646054N11906266WA0160501604004003027355328
B1902413646058N11906266WA0160601605004003026359337
B1902423646062N11906265WA0160701605004003027004342
B1902433646066N11906265WA0160801605004003027015343
B1902443646070N11906262WA0160901605004003029023349
B1902453646074N11906259WA0161001604004003033030000
B1902463646079N11906255WA0161001603004003037035014
B1902473646083N11906250WA0160901602004003037043031
B1902483646087N11906243WA0160901602004003040056054
B1902493646089N11906236WA0160801602005003043072070
B1902503646089N11906227WA0160701602004003043086084
B1902513646089N11906219WA0160601602004003043095095
B1902523646088N11906211WA0160601602004003043101110
B1902533646086N11906204WA0160601602005003044105109
B1902543646083N11906196WA0160601603005003044112125
B1902553646080N11906189WA0160601603005003044121149
B1902563646076N11906182WA0160601604005003043133167
B1902573646072N11906179WA0160601606005003037148177
B1902583646068N11906177WA0160701609006003037160185
B1902593646064N11906176WA0160901611005003030171196
B1903003646061N11906176WA0161001611004003024175202
B1903013646057N11906175WA0161201611004003023175207
B1903023646054N11906175WA0161301611004003024184213
B1903033646050N11906176WA0161501610004003024202227
B1903043646046N11906179WA0161601611004003026210230
B1903053646043N11906182WA0161601612004003028214227
B1903063646039N11906185WA0161601614005003028214228
B1903073646036N11906188WA0161601615006003027218248
B1903083646033N11906192WA0161701615004003026225264
B1903093646032N11906196WA0161801615004003025250263
B1903103646032N11906201WA0161801615004003025273280
B1903113646033N11906205WA0161901616004003025290285
B1903123646035N11906209WA0161901617004003025295288
B1903133646036N11906213WA0161901618004003020291290
B1903143646037N11906217WA0162001618004003020296301
B1903153646039N11906220WA0162101617004003020312311
B1903163646041N11906223WA0162101617004003021330321
B1903173646046N11906224WA0162101616004003034345324
B1903183646051N11906225WA0162001617004003035351338
B1903193646056N11906226WA0161901617004003034347337
B1903203646061N11906228WA0161901618004003031347341
B1903213646066N11906228WA0161901619004003031350352
B1903223646071N11906228WA0161901621004003037001008
B1903233646077N11906226WA0162001622004003037015031
B1903243646082N11906221WA0162201623004003041036040
B1903253646085N11906214WA0162301624004003044060055
B1903263646089N11906207WA0162401625004003044074068
B1903273646089N11906201WA0162501625004003036080076
B1903283646090N11906195WA0162601625004003034073079
B1903293646091N11906189WA0162701624004003038078084
B1903303646091N11906181WA0162701623004003040092095
B1903313646089N11906174WA0162701622004003040107115
B1903323646087N11906167WA0162601621005003041111121
B1903333646085N11906160WA0162501621004003040112118
B1903343646082N11906153WA0162401621005003040113125
B1903353646079N11906147WA0162301621005003039117138
B1903363646077N11906140WA0162201622004003039124132
B1903373646073N11906134WA0162201622004003039126128
B1903383646070N11906129WA0162201624004003039125130
B1903393646067N11906124WA0162301627004003037124148
B1903403646065N11906119WA0162501627004003032137169
B1903413646062N11906117WA0162601627004003025139168
B1903423646058N11906115WA0162801627004003030160180
B1903433646053N11906113WA0162901627004003030166185
B1903443646048N11906113WA0163101627004003034178201
B1903453646043N11906115WA0163101627004003030193222
B1903463646040N11906117WA0163101627004003030204206
B1903473646036N11906119WA0163001626004003026207211
B1903483646033N11906121WA0163001625004003026204214
B1903493646029N11906124WA0163001625004003033207221
B1903503646024N11906127WA0162901625004003041217238
B1903513646019N11906133WA0162801626004003037225252
B1903523646015N11906138WA0162701627004003037233251
B1903533646013N11906142WA0162601627004003023233248
B1903543646011N11906145WA0162501626004003023231244
B1903553646010N11906148WA0162401624004003021246264
B1903563646009N11906152WA0162401622004003021266287
B1903573646012N11906159WA0162301615004003035298291
B1903583646014N11906165WA0162101615004003038302305
B1903593646018N11906171WA0161801617005003035312298
B1904003646021N11906175WA0161101617005003032315282
B1904013646023N11906179WA0160801616004003025306284
B1904023646025N11906184WA0160501614004003026293282
B1904033646027N11906189WA0160401614004003026297289
B1904043646030N11906194WA0160301615004003028308296
B1904053646033N11906198WA0160101615004003028318286
B1904063646036N11906200WA0160101616004003023320289
B1904073646039N11906203WA0160101615004003025315292
B1904083646042N11906207WA0160201615004003025315305
B1904093646046N11906210WA0160301616004003028317319
B1904103646051N11906214WA0160501617004003032326320
B1904113646056N11906217WA0160501618004003038335325
B1904123646062N11906219WA0160601620004003038341333
B1904133646067N11906221WA0160701620004003038347329
B1904143646073N11906221WA0160901621004003036355344
B1904153646078N11906221WA0161201621004003036009004
B1904163646084N11906220WA0161301621004003042017002
B1904173646090N11906216WA0161401622004003044024358
B1904183646097N11906212WA0161501624004003044024005
B1904193646102N11906208WA0161601627004003044025015
B1904203646107N11906204WA0161801630004003043032033
B1904213646113N11906199WA0162001630004003039043050
B1904223646117N11906194WA0162201629004003042050053
B1904233646120N11906186WA0162401629004003042057064
B1904243646123N11906178WA0162501630004003044068087
B1904253646124N11906168WA0162801631004003047087104
B1904263646121N11906160WA0162801631004003047107119
B1904273646117N11906153WA0162901632004003047125135
B1904283646113N11906148WA0162901633004003044139147
B1904293646108N11906144WA0163001635004003039147164
B1904303646104N11906141WA0163101636004003035153168
B1904313646099N11906139WA0163201636004003035160175
B1904323646093N11906137WA0163201636004003037165182
B1904333646088N11906136WA0163301636004003036170191
B1904343646083N11906135WA0163401637004003036176195
B1904353646079N11906135WA0163501639004003031179198
B1904363646074N11906135WA0163601640004003026183197
B1904373646070N11906135WA0163701640004003029184205
B1904383646065N11906137WA0163801640004003029192220
B1904393646060N11906139WA0163901641004003034204230
B1904403646056N11906143WA0164101642004003036214246
B1904413646052N11906147WA0164101643004003035220243
B1904423646048N11906152WA0164101643004003035232254
B1904433646046N11906158WA0164201643005003034244259
B1904443646045N11906164WA0164301643005003034258271
B1904453646044N11906170WA0164301643004003034268276
B1904463646045N11906175WA0164301643004003025278282
B1904473646045N11906179WA0164301643004003025281280
B1904483646046N11906183WA0164301642004003023293280
B1904493646048N11906186WA0164201641004003023297293
B1904503646051N11906192WA0164001639004003028303304
B1904513646054N11906197WA0163901639004003035312322
B1904523646058N11906201WA0163801640004003035326320
B1904533646062N11906204WA0163701641004003033335318
B1904543646067N11906206WA0163601641004003033340316
B1904553646072N11906208WA0163601642004003033340303
B1904563646076N11906210WA0163701644004003033334309
B1904573646080N11906213WA0163801645004003030329326
B1904583646084N11906215WA0163901647004003030335333
B1904593646089N11906216WA0164001647004003034348345
B1905003646095N11906216WA0164101648004003037359358
B1905013646101N11906215WA0164401650004003037009004
B1905023646106N11906212WA0164501651004003038024031
B1905033646110N11906207WA0164501652004003038042044
B1905043646114N11906201WA0164601651004003040056048
B1905053646117N11906194WA0164801652004003040062053
B1905063646119N11906186WA0164801654004003043067072
B1905073646121N11906179WA0164901656004003041077094
B1905083646121N11906171WA0164901658004003041092104
B1905093646119N11906164WA0165001661004003040106119
B1905103646117N11906157WA0165101661004003039122142
B1905113646114N11906153WA0165501665004003031135160
B1905123646111N11906150WA0165701665004003031158176
B1905133646107N11906149WA0166001667004003026175194
B1905143646104N11906151WA0166201668004003025196215
B1905153646100N11906154WA0166501670004003026217242
B1905163646099N11906159WA0166901672004003026246263
B1905173646100N11906163WA0167001673004003026289282
B1905183646104N11906166WA0167101673004003026330308
B1905193646108N11906169WA0167201673004003037011336
B1905203646114N11906167WA0167301674004003044039014
B1905213646117N11906159WA0167401675004003044056043
B1905223646118N11906150WA0167501676004003044083064
B1905233646119N11906141WA0167601677004003046100092
B1905243646116N11906134WA0167701677004003046127113
B1905253646110N11906134WA0167801679005003037179142
B1905263646104N11906134WA0168001678004003035198195
B1905273646100N11906138WA0168201679004003024240211
B1905283646098N11906143WA0168301681004003024267248
B1905293646099N11906146WA0168501683004003017275269
B1905303646099N11906149WA0168701684004003017283281
B1905313646099N11906153WA0169001684004003021296291
B1905323646102N11906157WA0169101685004003025316305
B1905333646106N11906159WA0169201686004003025333317
B1905343646110N11906161WA0169301689004003027344323
B1905353646114N11906162WA0169301691004003027347328
B1905363646118N11906163WA0169401693004003028351341
B1905373646122N11906162WA0169601694004003028005358
B1905383646126N11906162WA0169701694004003028028016
B1905393646130N11906157WA0169801694004003038041039
B1905403646134N11906150WA0169901694004003044057060
B1905413646137N11906143WA0170001695004003044076079
B1905423646138N11906134WA0170101696004003044103101
B1905433646135N11906127WA0170101697004003041119128
B1905443646132N11906120WA0170101698004003041138138
B1905453646128N11906117WA0170201700004003034144157
B1905463646124N11906114WA0170301701004003031146166
B1905473646119N11906111WA0170401702004003032153179
B1905483646115N11906109WA0170501702004003034180194
B1905493646110N11906111WA0170601702004003034198219
B1905503646104N11906114WA0170701703004003036214216
B1905513646100N11906119WA0170801705004003030219230
B1905523646096N11906122WA0170801706004003030218223
B1905533646094N11906125WA0170901706004003024223240
B1905543646091N11906128WA0171101703004003024241254
B1905553646090N11906133WA0171201702004003029256270
B1905563646090N11906139WA0171401701004003031274284
B1905573646091N11906145WA0171401702004003031303309
B1905583646094N11906149WA0171301703004003031325311
B1905593646098N11906152WA0171201704004003029338300
B1906003646101N11906154WA0171101706004003029329299
B1906013646105N11906157WA0171101706004003027315295
B1906023646107N11906161WA0171101707004003027297299
B1906033646109N11906166WA0171201707004003026298304
B1906043646111N11906170WA0171201707004003026310313
B1906053646115N11906172WA0171201708004003026333320
B1906063646119N11906173WA0171301709004003028349338
B1906073646124N11906172WA0171301710004003029005356
B1906083646129N11906170WA0171401710004003034017009
B1906093646134N11906167WA0171501711004003034027024
B1906103646139N11906163WA0171501713004003038037032
B1906113646143N11906157WA0171601715004003039049048
B1906123646146N11906151WA0171701717004003039062060
B1906133646147N11906143WA0171801718004003039076077
B1906143646147N11906135WA0171901719004003040090100
B1906153646146N11906128WA0172001720004003041109121
B1906163646142N11906123WA0172101721004003040132135
B1906173646138N11906118WA0172201722004003040148140
B1906183646133N11906114WA0172301723004003040147131
B1906193646129N11906111WA0172401726004003038146132
B1906203646124N11906107WA0172601726004003034148152
B1906213646120N11906104WA0172801726004003035157172
B1906223646115N11906103WA0173101727004003035173189
B1906233646110N11906103WA0173201728004003037189211
B1906243646105N11906106WA0173301728004003034207224
B1906253646102N11906110WA0173301729004003034224238
B1906263646100N11906113WA0173201729004003026230230
B1906273646098N11906116WA0173301729004003020225235
B1906283646096N11906120WA0173301729004003024225243
B1906293646093N11906124WA0173201729004003030234260
B1906303646091N11906129WA0173201727004003030244271
B1906313646091N11906135WA0173001726004003030262267
B1906323646091N11906140WA0172701725004003025281270
B1906333646093N11906144WA0172501723004003025289267
B1906343646094N11906149WA0172401721004003024286268
B1906353646095N11906153WA0172301720004003024289277
B1906363646097N11906158WA0172101719004003026300278
B1906373646100N11906162WA0171901719004003027310277
B1906383646102N11906165WA0171801719004003026312275
B1906393646104N11906168WA0171701719004003024305284
B1906403646106N11906173WA0171701719004003024297297
B1906413646107N11906177WA0171601718004003028296296
B1906423646109N11906182WA0171601718004003028296305
B1906433646111N11906186WA0171501719004003028314306
B1906443646113N11906187WA0171501720004003015322290
B1906453646115N11906189WA0171601719004003018323295
B1906463646117N11906191WA0171601718004003018322308
B1906473646121N11906194WA0171601718004003023331322
B1906483646125N11906195WA0171601715004003029344326
B1906493646130N11906195WA0171401713004003031358342
B1906503646134N11906195WA0171201711004003031006333
B1906513646139N11906194WA0171001710004003031009331
B1906523646142N11906193WA0170701708004003025006335
B1906533646147N11906193WA0170501706004003028006346
B1906543646152N11906191WA0170401704004003028010349
B1906553646156N11906189WA0170301704004003033018003
B1906563646161N11906187WA0170101704004003031029004
B1906573646164N11906183WA0169901703004003031040017
B1906583646167N11906179WA0169801701004003031047023
B1906593646171N11906174WA0169801700004003031050033
B1907003646174N11906168WA0169701698004003039055049
B1907013646177N11906161WA0169601697004003041064050
B1907023646179N11906153WA0169501696004003041073066
B1907033646179N11906146WA0169401695004003041084073
B1907043646179N11906139WA0169201694004003039095090
B1907053646177N11906132WA0169201694004003040106101
B1907063646174N11906125WA0169101694004003040118123
B1907073646171N11906119WA0168901694004003040131126
B1907083646165N11906109WA0168901697004003029129126
B1907093646162N11906105WA0168901696004003029127136
B1907103646160N11906101WA0169001696004003029131151
B1907113646157N11906097WA0169201695004003029145166
B1907123646152N11906095WA0169301693004003034160181
B1907133646147N11906095WA0169301694004003034171182
B1907143646143N11906094WA0169301694004003031174185
B1907153646139N11906094WA0169201693004003028174186
B1907163646135N11906094WA0169101693004003027184198
B1907173646131N11906094WA0169101693004003029194208
B1907183646127N11906096WA0169001691004003029199218
B1907193646123N11906099WA0168901689004003029202219
B1907203646120N11906101WA0168801688004003025203220
B1907213646117N11906103WA0168601686004003025208244
B1907223646114N11906105WA0168401685004003021223243
B1907233646112N11906109WA0168301681004003021235249
B1907243646111N11906114WA0168101678004003028252249
B1907253646109N11906119WA0167901678004003029263269
B1907263646109N11906125WA0167401678004003029270264
B1907273646110N11906130WA0167201676004003029276277
B1907283646111N11906135WA0167001675004003024283284
B1907293646112N11906139WA0166801674004003028296296
B1907303646115N11906145WA0166701670004003028310309
B1907313646119N11906150WA0166401670004003035319318
B1907323646124N11906154WA0166201671004003030330302
B1907333646127N11906156WA0166101670004003030336309
B1907343646132N11906158WA0166001670004003030335310
B1907353646136N11906160WA0165901669004003030334314
B1907363646141N11906163WA0165801669004003036335314
B1907373646147N11906166WA0165701670004003036336310
B1907383646151N11906168WA0165601670004003032339308
B1907393646155N11906169WA0165501669004003028342316
B1907403646159N11906171WA0165401668004003027340328
B1907413646163N11906172WA0165401666004003033343327
B1907423646169N11906173WA0165301662004003033349338
B1907433646175N11906174WA0165201662004003035353337
B1907443646181N11906174WA0165001663004003037006352
B1907453646186N11906173WA0164801663004003037013003
B1907463646192N11906170WA0164601663004003037022015
B1907473646197N11906166WA0164501662004003037034022
B1907483646201N11906160WA0164501660004003041047038
B1907493646204N11906153WA0164501658004003044059047
B1907503646207N11906144WA0164401657004003044071075
B1907513646208N11906136WA0164401656004003046081086
B1907523646208N11906127WA0164201656004003044088092
B1907533646208N11906120WA0164201656004003044092102
B1907543646207N11906113WA0164201655004003041098120
B1907553646206N11906106WA0164201655004003036110128
B1907563646205N11906101WA0164201654004003032119143
B1907573646202N11906095WA0164101652004003035131145
B1907583646197N11906091WA0164001650004003035140143
B1907593646192N11906087WA0163801650004003037142144
B1908003646188N11906082WA0163601650004003034137151
B1908013646185N11906078WA0163501651004003034132160
B1908023646182N11906075WA0163301650004003027140171
B1908033646180N11906074WA0163301648004003025149175
B1908043646177N11906072WA0163301646004003028159176
B1908053646172N11906072WA0163201643004003028173181
B1908063646168N11906071WA0163201643004003028176174
B1908073646165N11906071WA0162901642004003024175170
B1908083646162N11906070WA0162701641004003017163173
B1908093646159N11906069WA0162601640004003021169189
B1908103646156N11906069WA0162401639004003021182191
B1908113646153N11906071WA0162301635004003022203196
B1908123646149N11906073WA0161901634004003027211187
B1908133646146N11906077WA0161601634004003027207186
B1908143646143N11906079WA0161401634004003023205194
B1908153646140N11906081WA0161201633004003019220205
B1908163646138N11906083WA0161101632004003022230214
B1908173646136N11906088WA0160901630004003026231221
B1908183646134N11906092WA0160701626004003026223220
B1908193646130N11906094WA0160501623004003026206217
B1908203646126N11906096WA0160201621004003026194207
B1908213646123N11906097WA0160001619004003026189201
B1908223646119N11906098WA0159501617004003026187196
B1908233646115N11906098WA0159401616004003025187195
B1908243646112N11906099WA0159201614004003022184195
B1908253646108N11906098WA0159101612004003023174195
B1908263646105N11906097WA0159001609004003023161187
B1908273646102N11906096WA0158701609004003023159174
B1908283646099N11906094WA0158501608004003022166173
B1908293646095N11906093WA0158301607004003023169177
B1908303646091N11906093WA0158101602004003023177171
B1908313646087N11906093WA0157801602004003027174179
B1908323646083N11906093WA0157101603004004031174176
B1908333646078N11906092WA0156801602004004031180176
B1908343646075N11906093WA0156601602004004028185178
B1908353646072N11906094WA0156501601004004023188176
B1908363646069N11906095WA0156501600004004023184182
B1908373646064N11906094WA0156401596004004032172182
B1908383646060N11906093WA0156301596004004032165170
B1908393646054N11906091WA0156101597004004035164166
B1908403646049N11906089WA0156001598004004032161167
B1908413646045N11906087WA0156001598004004032159167
B1908423646041N11906085WA0156001601004004030156179
B1908433646037N11906083WA0156201603004004030160196
B1908443646033N11906082WA0156301605004004028171191
B1908453646029N11906081WA0156501604004004032191214
B1908463646025N11906083WA0156701603004004032204232
B1908473646022N11906088WA0157001603004004032232239
B1908483646022N11906094WA0157101603004004031262269
B1908493646021N11906100WA0157201602004004034276301
B1908503646023N11906105WA0157301601004004034320313
B1908513646030N11906106WA0157301602004004035014343
B1908523646037N11906100WA0157101601006004062056025
B1908533646041N11906089WA0156901601006005066076069
B1908543646043N11906076WA0156601601005005062083089
B1908553646042N11906068WA0156301608005005054107097
B1908563646038N11906063WA0156201608006005028147117
B1908573646035N11906061WA0156301609005005028146162
B1908583646032N11906059WA0156501609005005024140161
B1908593646029N11906056WA0156701607013005024143166
B1909003646027N11906054WA0156901605012005024155172
B1909013646024N11906052WA0157101604011005026169189
B1909023646019N11906052WA0157101603011004026177191
B1909033646015N11906052WA0157101604011004026185195
B1909043646011N11906052WA0157201604012004023186201
B1909053646007N11906053WA0157201604013004023183193
B1909063646004N11906053WA0157301603013004023183199
B1909073645999N11906053WA0157401602013004023192209
B1909083645994N11906055WA0157501600014004027206223
B1909093645990N11906058WA0157501599013004028218223
B1909103645986N11906061WA0157501598012004027227229
B1909113645983N11906065WA0157501598012004027232247
B1909123645981N11906068WA0157601598012003024233240
B1909133645978N11906072WA0157601597012003024238246
B1909143645977N11906077WA0157701596012003024253264
B1909153645977N11906083WA0157701595012003027272288
B1909163645977N11906089WA0157701595011003037290309
B1909173645979N11906095WA0157701594010003037298324
B1909183645983N11906097WA0157701596009003034335339
B1909193645987N11906099WA0157801596009003034013358
B1909203645992N11906097WA0157901596009003039041024
B1909213645995N11906090WA0158001595009003041056051
B1909223645996N11906081WA0158101596008003041081070
B1909233645994N11906074WA0158201595008003041109096
B1909243645990N11906069WA0158201595007003037134126
B1909253645986N11906066WA0158201597008003037157157
B1909263645982N11906066WA0158301598008003031177181
B1909273645978N11906065WA0158301598007003026193206
B1909283645974N11906067WA0158401597007003031206223
B1909293645970N11906070WA0158501597006003031217240
B1909303645969N11906074WA0158501596007003030249259
B1909313645968N11906079WA0158501595006003025292285
B1909323645973N11906082WA0158501592005003040339311
B1909333645979N11906083WA0158301591006003040339348
B1909343645986N11906082WA0158201591008003040023352
B1909353645991N11906077WA0158101592009003044036028
B1909363645990N11906066WA0158101595011004048103040
B1909373645988N11906056WA0158101596012004048116116
B1909383645984N11906050WA0158101597005004046124137
B1909393645980N11906042WA0158201597012004042141149
B1909403645976N11906037WA0158301596011004035153156
B1909413645970N11906034WA0158301595011004035157166
B1909423645965N11906030WA0158401595011003035158151
B1909433645959N11906026WA0158501595010003036155144
B1909443645955N11906022WA0158501595009003035147147
B1909453645951N11906017WA0158501594008003036138146
B1909463645947N11906012WA0158501593004003036133143
B1909473645944N11906007WA0158501592008003036132136
B1909483645940N11906002WA0158401590008003033133130
B1909493645936N11905996WA0158401588008003039127131
B1909503645933N11905989WA0158301586007003039115114
B1909513645931N11905981WA0158201586007003045105107
B1909523645929N11905972WA0158101587004003047102109
B1909533645927N11905963WA0158001587006003047101101
B1909543645926N11905954WA0157901587006003047102111
B1909553645924N11905945WA0157901588005003047107122
B1909563645921N11905937WA0158001589005003048115147
B1909573645917N11905929WA0158101589005003048121161
B1909583645912N11905926WA0158201589005003042152169
B1909593645908N11905926WA0158201589005003037178188
B1910003645904N11905928WA0158301589004003025206214
B1910013645902N11905931WA0158401590004003025231238
B1910023645900N11905934WA0158401589004003020260253
B1910033645900N11905937WA0158401588004003019288273
B1910043645902N11905941WA0158401588004003026316292
B1910053645905N11905944WA0158401587004003028316317
B1910063645911N11905945WA0158301586004003028349317
B1910073645917N11905946WA0158201586004003036359331
B1910083645922N11905946WA0158001587004003037002332
B1910093645928N11905945WA0157901587004003037007335
B1910103645933N11905943WA0157901587004003035014342
B1910113645938N11905941WA0157901587004003035022000
B1910123645944N11905938WA0158001586004003041024012
B1910133645949N11905933WA0158001586004003041037016
B1910143645954N11905928WA0158001586004003041051021
B1910153645958N11905921WA0158001585004003043055016
B1910163645962N11905914WA0158001585004003043051025
B1910173645967N11905907WA0157901585004003045050035
B1910183645971N11905901WA0157901585004003044054046
B1910193645975N11905893WA0157901584004003044062048
B1910203645977N11905886WA0157901582004003042069046
B1910213645979N11905877WA0157901581004003044073069
B1910223645980N11905868WA0157801579004003044079071
B1910233645980N11905859WA0157601578004003048087093
B1910243645981N11905850WA0157501579004003047094115
B1910253645979N11905842WA0157401579004003047101130
B1910263645977N11905835WA0157301580004003044110137
B1910273645974N11905829WA0157301580004003038118143
B1910283645972N11905824WA0157301580004003031120151
B1910293645969N11905820WA0157301579004003031124162
B1910303645966N11905816WA0157301578004003030138170
B1910313645962N11905815WA0157301577004003027158177
B1910323645959N11905814WA0157301576004003025173196
B1910333645955N11905814WA0157201576004003022174201
B1910343645952N11905813WA0157201576004003022170198
B1910353645950N11905812WA0157101575004003020170205
B1910363645947N11905812WA0157101574004003019179205
B1910373645945N11905813WA0157001573004003017191209
B1910383645942N11905814WA0157001572004003017194210
B1910393645940N11905814WA0156901571004003017191221
B1910403645937N11905815WA0156901570004003017195219
B1910413645935N11905817WA0156801569004003016211223
B1910423645934N11905818WA0156701569004003015223221
B1910433645932N11905820WA0156601567004003017221212
B1910443645929N11905822WA0156501566004003020210213
B1910453645926N11905824WA0156401566004003020203215
B1910463645923N11905825WA0156301565004003020201230
B1910473645921N11905827WA0156201566004003020209217
B1910483645918N11905830WA0156101565004003024218219
B1910493645915N11905833WA0156101565004003024216209
B1910503645912N11905835WA0156101566004003024214212
B1910513645910N11905837WA0156101565004003022207216
B1910523645907N11905838WA0156101565004003018211220
B1910533645905N11905840WA0156101564004003020227236
B1910543645903N11905844WA0156001562004003021238246
B1910553645903N11905847WA0156001561004003020257248
B1910563645903N11905851WA0155901559004003019271246
B1910573645903N11905854WA0155701557004003019270247
B1910583645903N11905859WA0155601555004003023263251
B1910593645902N11905863WA0155401555004003024263263
B1911003645902N11905868WA0155301555004003024272268
B1911013645902N11905872WA0155201554004003024275273
B1911023645904N11905877WA0155101555004003024292276
B1911033645905N11905880WA0155001553004003020298256
B1911043645907N11905883WA0154901553004003021288260
B1911053645907N11905887WA0154801550004003021279259
B1911063645908N11905892WA0154701547004003023273257
B1911073645908N11905897WA0154601545004003025273266
B1911083645909N11905901WA0154401543004003025281267
B1911093645911N11905906WA0154101541004003027290267
B1911103645912N11905910WA0153901538004003026291265
B1911113645913N11905915WA0153701536004003026287247
E191111Waypoint DNLNCH reached
B1911123645915N11905920WA0153501533004003026285260
B1911133645916N11905925WA0153401530004003029284260
B1911143645917N11905931WA0153001527004003030285254
B1911153645918N11905936WA0152701525004003030287263
B1911163645920N11905942WA0152501523004003031291263
B1911173645922N11905948WA0152301522004003034295268
B1911183645925N11905953WA0152101522004003034300258
B1911193645927N11905958WA0151801522004003032303254
B1911203645929N11905962WA0151801523004003027307268
B1911213645931N11905965WA0151801524004003021307269
B1911223645933N11905968WA0151801524004003021305268
B1911233645935N11905972WA0151901524004003021299271
B1911243645936N11905977WA0152101523004003025293273
B1911253645938N11905981WA0152101523004003025289274
B1911263645939N11905985WA0152101522004003023286274
B1911273645940N11905990WA0152101521004003024289269
B1911283645942N11905994WA0152101519004003024293270
B1911293645944N11906000WA0151901517004003028294272
B1911303645946N11906005WA0151801518004003031295272
B1911313645948N11906010WA0151701518004003031299265
B1911323645949N11906014WA0151601518004003026301275
B1911333645951N11906018WA0151601517004003024303270
B1911343645954N11906022WA0151501516004003027305275
B1911353645956N11906026WA0151401516004003027307279
B1911363645959N11906029WA0151401516004003027310280
B1911373645961N11906032WA0151401515004003024319288
B1911383645964N11906034WA0151301514004003026329298
B1911393645968N11906036WA0151201512004003030337306
B1911403645973N11906038WA0151201511004003030345316
B1911413645979N11906038WA0151101509004003034356334
B1911423645985N11906037WA0151001508005003043009353
B1911433645992N11906033WA0150901506004003050022018
B1911443645999N11906027WA0150701505004003050035044
B1911453646006N11906021WA0150501505004003054042065
B1911463646009N11906011WA0150401505004003056065074
B1911473646011N11906001WA0150301504004003056080091
B1911483646010N11905992WA0150301504004003054092104
B1911493646010N11905982WA0150201504004003050103113
B1911503646007N11905976WA0150201504004003040114127
B1911513646004N11905970WA0150101503004003040125138
B1911523646000N11905966WA0150101502004003036137152
B1911533645996N11905963WA0150101501004003033150163
B1911543645992N11905961WA0150001500004003029161177
B1911553645988N11905960WA0150001499004003029166181
B1911563645984N11905959WA0149901498004003026163180
B1911573645980N11905957WA0149901497004003026155177
B1911583645977N11905954WA0149801496004003027151176
B1911593645973N11905952WA0149601494004003027155182
B1912003645969N11905951WA0149501492004003027163186
B1912013645965N11905950WA0149401490004003026171189
B1912023645961N11905949WA0149301489004003027171184
B1912033645957N11905948WA0149201489004003027168188
B1912043645953N11905947WA0149101488004003027169195
B1912053645949N11905947WA0148901488004003027172197
B1912063645946N11905947WA0148801487004003021181209
B1912073645943N11905947WA0148801487004003021185204
B1912083645940N11905947WA0148801486004003020179199
B1912093645937N11905946WA0148701485004003020174186
B1912103645933N11905946WA0148701485004003023171189
B1912113645930N11905945WA0148601484004003024165181
B1912123645926N11905943WA0148601485004003024158180
B1912133645923N11905941WA0148501485004003025157176
B1912143645920N11905940WA0148501486004003024160173
B1912153645916N11905938WA0148501486004003024164179
B1912163645912N11905937WA0148501486004003024163174
B1912173645908N11905935WA0148501487004003027159162
B1912183645904N11905932WA0148601488004003031152160
B1912193645900N11905929WA0148601489004003031144162
B1912203645897N11905926WA0148701490004003028139165
B1912213645894N11905923WA0148801489004003028140165
B1912223645890N11905919WA0148801488004003032141168
B1912233645886N11905916WA0148801488004003033147165
B1912243645882N11905913WA0148901488004003032153163
B1912253645878N11905911WA0148801489004003032150158
B1912263645875N11905907WA0148801490004003029143166
B1912273645871N11905904WA0148801490004003032141182
B1912283645867N11905901WA0148801490004003032151196
B1912293645863N11905900WA0148801490004003032175218
B1912303645860N11905902WA0148901492004003022202219
B1912313645858N11905904WA0148901493004003022221231
B1912323645856N11905906WA0149001494004003018225232
B1912333645855N11905908WA0149101494004003013236248
B1912343645854N11905910WA0149201492004003013271267
B1912353645854N11905913WA0149201491004003018285281
B1912363645857N11905917WA0149201490004003018308303
B1912373645860N11905921WA0149101490004003027312313
B1912383645863N11905923WA0148901490004003026341327
B1912393645869N11905922WA0148801489004003035009336
B1912403645874N11905918WA0148701488004003035025000
B1912413645880N11905912WA0148601487004003041038018
B1912423645885N11905904WA0148601485004003053054037
B1912433645888N11905894WA0148601485004003055072061
B1912443645887N11905885WA0148501484004003053093085
B1912453645887N11905875WA0148401484004003051120112
B1912463645882N11905872WA0148301483004003035149142
B1912473645878N11905870WA0148301483004003035166179
B1912483645874N11905869WA0148201484004003030167196
B1912493645871N11905869WA0148201484004003025169202
B1912503645868N11905869WA0148201484004003018176212
B1912513645865N11905870WA0148201483004003018193216
B1912523645862N11905872WA0148301481004003018207218
B1912533645859N11905874WA0148301481004003021209216
B1912543645855N11905876WA0148301481004003026199198
B1912553645851N11905876WA0148201482004003026179195
B1912563645847N11905875WA0148101483004003026163184
B1912573645843N11905872WA0148101483004003027156178
B1912583645839N11905870WA0148101483004003031158179
B1912593645834N11905869WA0148201483004003032165189
B1913003645830N11905867WA0148201483004003031176207
B1913013645825N11905867WA0148201483004003031192232
B1913023645821N11905869WA0148301483004003026201249
B1913033645821N11905874WA0148301483004003026263263
B1913043645824N11905878WA0148401482004003026306292
B1913053645828N11905880WA0148501482004003026345316
B1913063645833N11905881WA0148501482004003043029340
B1913073645838N11905874WA0148501480004003051051027
B1913083645843N11905866WA0148501481004003051081057
B1913093645843N11905856WA0148401480004003053109096
B1913103645839N11905846WA0148301481004003041135130
B1913113645833N11905842WA0148301485004003041166167
B1913123645829N11905842WA0148301487004003030182197
B1913133645826N11905844WA0148401488004003024212218
B1913143645825N11905847WA0148501489004003016247242
B1913153645826N11905850WA0148801490004003018291263
B1913163645829N11905853WA0148901490004003018324286
B1913173645834N11905855WA0148901490004003026348305
B1913183645839N11905856WA0149001490004003031358327
B1913193645844N11905853WA0149001491004003041039342
B1913203645847N11905845WA0149101490004003041063029
B1913213645848N11905835WA0149201489004003047086062
B1913223645845N11905826WA0149201489004003047108097
B1913233645843N11905818WA0149301490004003047131126
B1913243645838N11905815WA0149301490004003039155153
B1913253645833N11905815WA0149201491004003035182184
B1913263645829N11905815WA0149201492004003020195207
B1913273645826N11905816WA0149201493004003020195216
B1913283645824N11905816WA0149301495004003013182216
B1913293645823N11905816WA0149401495004003013182213
B1913303645820N11905817WA0149701496004003015198234
B1913313645819N11905820WA0149901496004003020236254
B1913323645817N11905824WA0150001496004003020271277
B1913333645819N11905828WA0150101497004003022321303
B1913343645823N11905831WA0150201496004003030339325
B1913353645829N11905831WA0150201498004003042016341
B1913363645835N11905825WA0150301495004004042045016
B1913373645841N11905817WA0150301495004004050068046
B1913383645843N11905807WA0150301494004004045093079
B1913393645841N11905798WA0150301494004004048132115
B1913403645834N11905796WA0150201493004004045164160
B1913413645828N11905794WA0150001494004004041191192
B1913423645824N11905797WA0150001496004004023219215
B1913433645824N11905802WA0150001495004004023310240
B1913443645827N11905805WA0150001495004004020346292
B1913453645831N11905806WA0150101497004004020351298
B1913463645834N11905807WA0150401497004004021317296
B1913473645837N11905810WA0150501497004004024295282
B1913483645837N11905815WA0150601497004004024271270
B1913493645836N11905819WA0150701497004003024239256
B1913503645833N11905822WA0150701497004003024208242
B1913513645829N11905824WA0150701497004003025199223
B1913523645826N11905827WA0150701496004003025210225
B1913533645823N11905830WA0150701496004003026218235
B1913543645820N11905833WA0150601498004003018235242
B1913553645819N11905836WA0150601498004003018246246
B1913563645819N11905838WA0150601500004003014250247
B1913573645818N11905841WA0150701500004003013258253
B1913583645818N11905843WA0150801500004003016267264
B1913593645819N11905847WA0150901500004003020280274
B1914003645820N11905852WA0150901500004003020286273
B1914013645822N11905856WA0151001501004003023293274
B1914023645823N11905860WA0151001502004003024296270
B1914033645825N11905864WA0151001504004003025294262
B1914043645827N11905868WA0151001504004003024295257
B1914053645828N11905871WA0151101504004003023293255
B1914063645829N11905875WA0151201503004003022285255
B1914073645830N11905880WA0151201503004003025283271
B1914083645832N11905885WA0151201503004003025294299
B1914093645835N11905888WA0151101504004003027319319
B1914103645839N11905892WA0151101504004003035340340
B1914113645846N11905891WA0151101504004003044002355
B1914123645852N11905890WA0151101504004003044028016
B1914133645859N11905885WA0151101504004003051035039
B1914143645865N11905878WA0151101504004003041055049
B1914153645866N11905870WA0151101503004003041099066
B1914163645863N11905864WA0150901502004003039123118
B1914173645859N11905860WA0150801503004003036140149
B1914183645857N11905856WA0150701504004003022140155
B1914193645854N11905853WA0150701503004003025133166
B1914203645851N11905848WA0150601502004003025128158
B1914213645848N11905842WA0150601502004003030124154
B1914223645846N11905836WA0150601503004003035118145
B1914233645843N11905830WA0150601504004003035116137
B1914243645841N11905824WA0150601504004003035119141
B1914253645837N11905820WA0150501505004003035128157
B1914273645834N11905816WA0150601504004003030145173
B1914283645830N11905815WA0150601504004003030167197
B1914293645826N11905816WA0150601503004003027200216
B1914303645824N11905820WA0150601503004003024236244
B1914313645822N11905824WA0150601503004003021259267
B1914323645822N11905827WA0150501504004003021294282
B1914333645824N11905831WA0150601505004003021319279
B1914343645827N11905833WA0150601507004003022325274
B1914353645830N11905835WA0150801508004003023319269
B1914363645832N11905838WA0150901508004003023310280
B1914373645834N11905841WA0151201509004003022311273
B1914383645836N11905843WA0151301509004003020320275
B1914393645838N11905846WA0151301509004003019319278
B1914403645841N11905848WA0151401509004003019311280
B1914413645843N11905850WA0151401509004003020305279
B1914423645844N11905854WA0151301506004003020298276
B1914433645846N11905859WA0151201505004003024298272
B1914443645848N11905862WA0151101505004003024299266
B1914453645850N11905866WA0150901504004003022295264
B1914463645851N11905870WA0150801504004003025287264
B1914473645853N11905875WA0150601504004003025290267
B1914483645855N11905881WA0150501503004003030297272
B1914493645858N11905886WA0150401502004003032301275
B1914503645860N11905891WA0150201502004003030297266
B1914513645862N11905897WA0150101502004003031293262
B1914523645864N11905903WA0150001502004003031294276
B1914533645867N11905909WA0150001503004003033294279
B1914543645869N11905915WA0150101504004003036297272
B1914553645873N11905920WA0150101506004003035305271
B1914563645876N11905924WA0150201508004003035314261
B1914573645879N11905928WA0150401507004003029309265
B1914583645881N11905932WA0150501506004003027299267
B1914593645883N11905936WA0150501505004003027295273
B1915003645886N11905942WA0150501503004003032297266
B1915013645888N11905947WA0150401503004003032302264
B1915023645890N11905952WA0150201504004003030306263
B1915033645892N11905956WA0150101503004003027301269
B1915043645893N11905960WA0150101502004003024286265
B1915053645893N11905964WA0150001501004003023271261
B1915063645893N11905969WA0150001500004003023267258
B1915073645893N11905972WA0150001499004003023270254
B1915083645894N11905976WA0149801498004003021282259
B1915093645895N11905980WA0149801497004003021287258
B1915103645896N11905984WA0149701495004003024285258
B1915113645897N11905989WA0149601492004003026279257
B1915123645897N11905994WA0149501490004003026277260
B1915133645898N11905999WA0149201488004003027279257
B1915143645899N11906004WA0149001486004003027281253
B1915153645899N11906009WA0148801485004003029282261
B1915163645901N11906014WA0148601483004003032283263
B1915173645902N11906020WA0148301483004003032284270
B1915183645904N11906027WA0148101481004003035288270
B1915193645906N11906033WA0147901481004003036293268
B1915203645908N11906039WA0147801482004003037297273
B1915213645911N11906046WA0147601482004003037298271
B1915223645913N11906051WA0147501483004003036299270
B1915233645916N11906057WA0147501484004003034300269
B1915243645919N11906062WA0147601484004003033303268
B1915253645922N11906067WA0147601484004003035305270
B1915263645925N11906072WA0147701484004003035306266
B1915273645928N11906078WA0147801485004003036302267
B1915283645931N11906084WA0147801486004003036298261
B1915293645933N11906089WA0147901486004003030294256
B1915303645934N11906094WA0148001488004003030289256
B1915313645935N11906096WA0148101490004003025287256
B1915323645936N11906099WA0148201490004003017288257
B1915333645936N11906102WA0148501489004003021288259
B1915343645938N11906106WA0148601488004003025295259
B1915353645940N11906110WA0148601488004003025295262
B1915363645942N11906114WA0148601489004003026298259
B1915373645943N11906118WA0148601490004003026300257
B1915383645945N11906121WA0148501491004003021311271
B1915393645947N11906124WA0148501490004003023314274
B1915403645950N11906127WA0148601490004003023312272
B1915413645953N11906131WA0148601488004003026312273
B1915423645956N11906135WA0148601487004003029307277
B1915433645958N11906140WA0148501486004003030305285
B1915443645961N11906144WA0148401487004003030312306
B1915453645965N11906148WA0148301487004003031318299
B1915463645968N11906151WA0148301488004003029319292
B1915473645971N11906155WA0148301488004003029314276
B1915483645973N11906159WA0148301487004003026302269
B1915493645974N11906163WA0148301486004003024290280
B1915503645976N11906167WA0148301484004003026291293
B1915513645978N11906172WA0148301483004003029307307
B1915523645983N11906175WA0148201481004003029323312
B1915533645988N11906178WA0148101480004003034335321
B1915543645993N11906180WA0147901479004003037343313
B1915553645999N11906181WA0147801478004003040352339
B1915563646006N11906181WA0147701476004003042002345
B1915573646012N11906179WA0147601475004003042015020
B1915583646017N11906174WA0147401474004003043034033
B1915593646022N11906168WA0147301472004003047049050
B1916003646025N11906160WA0147201471004003047065067
B1916013646026N11906151WA0147101471004003047083086
B1916023646024N11906143WA0147001470004003045106105
B1916033646022N11906136WA0146801471004003044120132
B1916043646019N11906130WA0146801471004003030132140
B1916053646016N11906127WA0146801473004003030135154
B1916063646013N11906124WA0146901472004003026141152
B1916073646010N11906122WA0147001471004003025146165
B1916083646006N11906119WA0147101471004003025150171
B1916093646002N11906117WA0147101472004003031158177
B1916103645998N11906116WA0147101473004003031162173
B1916113645995N11906115WA0147001474004003026158175
B1916123645992N11906114WA0147001473004003023147168
B1916133645989N11906111WA0147001473004003026139156
B1916143645986N11906108WA0147001472004003029138153
B1916153645982N11906103WA0146901470004003029137157
B1916163645978N11906099WA0146901470004003034136161
B1916173645974N11906094WA0146801470004003030139170
B1916183645971N11906091WA0146601471004003030147191
B1916193645968N11906090WA0146601472004003027157194
B1916203645965N11906090WA0146601472004003023173218
B1916213645962N11906091WA0146701473004003021195234
B1916223645960N11906093WA0146701474004003018223244
B1916233645960N11906097WA0146901475004003019260267
B1916243645961N11906101WA0146901475004003019292282
B1916253645963N11906105WA0147001475004003024321299
B1916263645967N11906108WA0147101474004003038351322
B1916273645973N11906107WA0147101473004003046019350
B1916283645980N11906103WA0147001472004003046040019
B1916293645985N11906095WA0146901470004003052054042
B1916303645990N11906086WA0146701470004003052080061
B1916313645990N11906076WA0146501470004003045102093
B1916323645987N11906069WA0146401471004003045130121
B1916333645984N11906065WA0146201471004003034156151
B1916343645980N11906065WA0146101471004003024175184
B1916353645978N11906066WA0146101471004003017203207
B1916363645975N11906068WA0146201472004003017206213
B1916373645973N11906068WA0146301473004003016193214
B1916383645970N11906069WA0146401473004003016196220
B1916393645968N11906070WA0146501473004003018221241
B1916403645966N11906073WA0146601472004003019248249
B1916413645966N11906077WA0146601471004003019270258
B1916423645967N11906080WA0146601470004003019288269
B1916433645968N11906084WA0146601469004003021300271
B1916443645970N11906087WA0146501468004003022311278
B1916453645973N11906091WA0146401467004003022316290
B1916463645975N11906094WA0146301466004003023316289
B1916473645979N11906097WA0146201463004003026320288
B1916483645983N11906101WA0146101460004003030324290
B1916493645986N11906104WA0145701460004003030325271
B1916503645990N11906107WA0145401457004003029320268
B1916513645992N11906111WA0145201452004003028305265
B1916523645994N11906116WA0145001448004003028287261
B1916533645994N11906122WA0144801444004003029274255
B1916543645994N11906127WA0144301444004003028263254
B1916553645994N11906132WA0144001444004003025255243
B1916563645993N11906136WA0143801442004003024251242
B1916573645991N11906140WA0143501439004003026252238
B1916583645990N11906145WA0143401437004003026252236
B1916593645988N11906151WA0143001435004003029248228
B1917003645986N11906155WA0142901434004003028244237
B1917013645984N11906159WA0142801433004003028238235
B1917023645982N11906163WA0142701430004003025238228
B1917033645980N11906167WA0142601430004003025243230
B1917043645978N11906172WA0142401429004003033241227
B1917053645975N11906178WA0142201428004003034240225
B1917063645973N11906184WA0142001427004003033237228
B1917073645970N11906189WA0141901426004003033241223
B1917083645968N11906195WA0141701426004003034248226
B1917093645966N11906201WA0141601426004003035248233
B1917103645965N11906207WA0141601426004003035248234
B1917113645962N11906213WA0141601427004003035245233
B1917123645961N11906219WA0141601428004003033249246
B1917133645960N11906225WA0141701428004003033258228
B1917143645959N11906230WA0141901429004003031263230
B1917153645958N11906236WA0142001429004003031257225
B1917163645956N11906242WA0142101429004003035244222
B1917173645954N11906248WA0142201429004003035234224
B1917183645950N11906253WA0142201429004003034224222
B1917193645947N11906257WA0142301430004003032222218
B1917203645943N11906261WA0142401434004003031222224
B1917213645940N11906265WA0142601436004003031225238
B1917223645937N11906269WA0142801438004003031231252
B1917233645934N11906273WA0143101438004003031236271
B1917243645932N11906278WA0143401437004003025256279
B1917253645933N11906284WA0143601436004003032285301
B1917263645937N11906288WA0143601437007003032324323
B1917273645943N11906287WA0143601437005003034041348
B1917283645949N11906278WA0143601438004003042065041
B1917293645952N11906270WA0143701441004003042074065
B1917303645954N11906264WA0143801446004003032065071
B1917313645956N11906259WA0144001446004003027072083
B1917323645957N11906254WA0144301446004003026084097
B1917333645957N11906248WA0144601446004003034100117
B1917343645955N11906241WA0145101447004003038112134
B1917353645952N11906234WA0145301447004003035125159
B1917363645949N11906229WA0145401447004003035150172
B1917373645945N11906228WA0145501450004003021168193
B1917383645943N11906229WA0145601451004003021196212
B1917393645942N11906231WA0145901453004003014227231
B1917403645941N11906233WA0146001454004003012248248
B1917413645941N11906236WA0146201455004003016272271
B1917423645943N11906241WA0146301455004003025300291
B1917433645947N11906245WA0146301454004003025324312
B1917443645954N11906247WA0146301454004003036347329
B1917453645960N11906248WA0146201454004003038355349
B1917463645966N11906247WA0146101455004003029016357
B1917473645972N11906241WA0146101458004003050055012
B1917483645975N11906232WA0146101459004003050067062
B1917493645976N11906222WA0146301461004003050080076
B1917503645976N11906214WA0146501463004003049092092
B1917513645974N11906207WA0146701465004003037111107
B1917523645971N11906200WA0146801465004003037114133
B1917533645969N11906196WA0147001465004003028157137
B1917543645966N11906198WA0147101466004003018216183
B1917553645965N11906202WA0147201468004003018258232
B1917563645966N11906205WA0147301469004003018280252
B1917573645967N11906209WA0147301469004003019293266
B1917583645968N11906212WA0147401470004003019303287
B1917593645970N11906216WA0147501470004003023322305
B1918003645976N11906218WA0147501471004003040344322
B1918013645982N11906220WA0147501471004003040000354
B1918023645988N11906217WA0147501473004003040034003
B1918033645993N11906211WA0147601476004003048040036
B1918043645998N11906204WA0147801480004003048047043
B1918053646001N11906199WA0148001483004003035057053
B1918063646004N11906192WA0148201484005003035071062
B1918073646005N11906185WA0148401484004003035082081
B1918083646006N11906177WA0148601484004003041096098
B1918093646005N11906168WA0148801484004003041102114
B1918103646003N11906162WA0149001485004003030102121
B1918113646000N11906159WA0149101485004003030121128
B1918123645997N11906159WA0149101482004003018195148
B1918133645996N11906161WA0149101485004003015231220
B1918143645995N11906165WA0149201486004003014259239
B1918153645994N11906168WA0149301487004003017269257
B1918163645995N11906172WA0149301487004003017273268
B1918173645996N11906177WA0149301487004003021288276
B1918183645998N11906182WA0149301488004003025303291
B1918193646000N11906187WA0149301489004003025305268
B1918203646002N11906190WA0149301492004003025300259
B1918213646002N11906192WA0149401494004003019275265
B1918223646001N11906195WA0149501495004003014265263
B1918233646002N11906199WA0149601495004003014272263
B1918243646002N11906203WA0149701496004003022278267
B1918253646003N11906207WA0149901497004003024280265
B1918263646003N11906212WA0149901498004003024283277
B1918273646005N11906216WA0150001499004003024291286
B1918283646007N11906221WA0150001500004003028294278
B1918293646008N11906225WA0150001501004003029300299
B1918303646011N11906230WA0150201503004003028307331
B1918313646014N11906233WA0150301503004003027333342
B1918323646018N11906233WA0150501504004003027018354
B1918333646022N11906230WA0150701503004003046043026
B1918343646028N11906221WA0150801503004003051065055
B1918353646030N11906211WA0151201505004003049090088
B1918363646029N11906200WA0151301504004004049118118
B1918373646025N11906193WA0151401505004004045146147
B1918383646019N11906192WA0151501510004003032165173
B1918393646014N11906191WA0151601512004003032180192
B1918403646013N11906194WA0152001515004003025236204
B1918413646013N11906197WA0152101517004003016271245
B1918423646014N11906201WA0152301519004003022296268
B1918433646018N11906205WA0152401521004003029321290
B1918443646021N11906208WA0152501521004003029341313
B1918453646026N11906209WA0152701521005003029012333
B1918463646031N11906204WA0152801522005003031058003
B1918473646034N11906195WA0152901524004003046081065
B1918483646033N11906184WA0153001525004003046134096
B1918493646028N11906179WA0153001527004004045158155
B1918503646022N11906177WA0153101526004004037160177
B1918513646018N11906179WA0153101522004005031190181
B1918523646017N11906182WA0153201525005005007278206
B1918533646018N11906182WA0153301527004004007325261
B1918543646018N11906184WA0153601530004004007324279
B1918553646020N11906186WA0154101531004004012327292
B1918563646025N11906189WA0154301534004004025339302
B1918573646032N11906190WA0154401537004003046357326
B1918583646039N11906190WA0154401540004003047019352
B1918593646046N11906187WA0154401543004003046033012
B1919003646051N11906182WA0154601542004003039049033
B1919013646054N11906176WA0154801541004003033057047
B1919023646056N11906170WA0155001540004004036064057
B1919033646058N11906162WA0155301540004004041075070
B1919043646059N11906154WA0155501543004004041087097
B1919053646058N11906145WA0155601546004004045103119
B1919063646053N11906137WA0155601550004003048120145
B1919073646049N11906129WA0155601550004003039135167
B1919083646045N11906126WA0155601553004003039151176
B1919093646041N11906124WA0155701553004003028170194
B1919103646038N11906124WA0156001553004004020190201
B1919113646035N11906126WA0156201554004003020215219
B1919123646033N11906130WA0156401556004003021231238
B1919133646031N11906133WA0156501557004003021239257
B1919143646031N11906138WA0156501559004003021289272
B1919153646034N11906142WA0156601561004003026313300
B1919163646039N11906146WA0156601563004003030332315
B1919173646045N11906148WA0156701564004003040345331
B1919183646051N11906148WA0156701566004003041359352
B1919193646057N11906148WA0156801566004003041020004
B1919203646063N11906144WA0157001567005003041042021
B1919213646067N11906136WA0157001568004003049057051
B1919223646068N11906127WA0157101569004003048081071
B1919233646066N11906118WA0157201570004003048102099
B1919243646063N11906110WA0157301571004003048118123
B1919253646059N11906103WA0157501572005003046134139
B1919263646056N11906100WA0157601575004003035149158
B1919273646054N11906100WA0157701577004003017180175
B1919283646052N11906103WA0157801578004003017225214
B1919293646051N11906106WA0157901580004003017253243
B1919303646052N11906111WA0158201582004003020279263
B1919313646053N11906115WA0158201582004003023308280
B1919323646058N11906118WA0158301583004003036336298
B1919333646064N11906118WA0158401584004003043355325
B1919343646071N11906119WA0158501584005003042008344
B1919353646077N11906116WA0158701584004003042026356
B1919363646082N11906112WA0158801585005003042032017
B1919373646086N11906105WA0158901586004003047070023
B1919383646088N11906096WA0159001586004003048090075
B1919393646086N11906086WA0159101587004003048104100
B1919403646083N11906079WA0159201588004003048121119
B1919413646079N11906072WA0159301590004003041139137
B1919423646075N11906069WA0159401591004003019170159
B1919433646072N11906069WA0159501592004003019188205
B1919443646069N11906069WA0159601592004003018189205
B1919453646066N11906070WA0159801593004003018192217
B1919463646064N11906072WA0159901594004003019224227
B1919473646062N11906075WA0160001594004003019249251
B1919483646063N11906080WA0160001595004003021278255
B1919493646065N11906084WA0160001596004003021292264
B1919503646066N11906088WA0160001597004003022294272
B1919513646068N11906092WA0160001598004003023300297
B1919523646071N11906096WA0160001599004003027308305
B1919533646074N11906100WA0160001600004003027316306
B1919543646077N11906103WA0160101600004003027328313
B1919553646082N11906104WA0160101603004003027344310
B1919563646087N11906106WA0160301605004003031345341
B1919573646092N11906106WA0160401607004003035354358
B1919583646097N11906107WA0160501607005003039025017
B1919593646103N11906102WA0160601607004003039049043
B1920003646107N11906094WA0160701607004003046076067
B1920013646108N11906084WA0160801608004003047100097
B1920023646105N11906076WA0160801611004003042113126
B1920033646101N11906071WA0160801615004003042125141
B1920043646098N11906066WA0160901618004003034130144
B1920053646096N11906062WA0161001620004003030129151
B1920063646093N11906058WA0161301622004003029130167
B1920073646090N11906053WA0161501622004003028143187
B1920083646086N11906051WA0161701622004003028170195
B1920093646082N11906052WA0161801621004003025211220
B1920103646079N11906056WA0161801619004003025231248
B1920113646080N11906061WA0161601619004003025277251
B1920123646081N11906066WA0161401618004003023291257
B1920133646082N11906070WA0161301618004003024290259
B1920143646083N11906075WA0161201617004003024283263
B1920153646084N11906080WA0161101617004003024284265
B1920163646085N11906084WA0161001618004003023288258
B1920173646086N11906088WA0161001620004003021291262
B1920183646087N11906092WA0161001620004003024289272
B1920193646088N11906097WA0161101621004003024290266
B1920203646090N11906102WA0161201622004003026296269
B1920213646092N11906107WA0161401622004003026292250
B1920223646093N11906111WA0161401624004003024278238
B1920233646092N11906116WA0161501626004003024252241
B1920243646089N11906119WA0161601627004003024220224
B1920253646084N11906120WA0161801629004003027194210
B1920263646079N11906120WA0162001631004003030174194
B1920273646075N11906117WA0162101633004003033157185
B1920283646070N11906114WA0162301633004003038140167
B1920293646066N11906108WA0162401635004003038130151
B1920303646061N11906102WA0162501636004003040142164
B1920313646057N11906098WA0162801637004003040160175
B1920323646053N11906097WA0163101642004003028165179
B1920333646049N11906096WA0163301645004003028164178
B1920343646046N11906094WA0163601648004003024161192
B1920353646043N11906093WA0163901648004003020178202
B1920363646040N11906094WA0164401649004003020201219
B1920373646037N11906096WA0164501649004003022220237
B1920383646036N11906100WA0164701650004003022244241
B1920393646035N11906104WA0164801653004003022249234
B1920403646034N11906108WA0164901655004003021247237
B1920413646033N11906111WA0165101657004003020249234
B1920423646032N11906114WA0165201657004003019257251
B1920433646032N11906118WA0165301657004003021262259
B1920443646032N11906123WA0165401658004003021276273
B1920453646033N11906128WA0165501659004003026289300
B1920463646035N11906133WA0165601659004003029298307
B1920473646038N11906137WA0165701660004003029319308
B1920483646042N11906139WA0165801661004003029335315
B1920493646047N11906139WA0165901665004003030349316
B1920503646052N11906140WA0166101665004003032345319
B1920513646057N11906141WA0166501665004003032351341
B1920523646062N11906141WA0166701665004003032008354
B1920533646068N11906139WA0166801666004003036017006
B1920543646074N11906136WA0166901667004003042021359
B1920553646080N11906133WA0167001667004003042020000
B1920563646085N11906131WA0167101670004003039015007
B1920573646090N11906129WA0167201670005003039030042
B1920583646095N11906124WA0167401670004003043045054
B1920593646099N11906117WA0167401670004003047078072
B1921003646097N11906107WA0167501670004003047100106
B1921013646096N11906097WA0167501672004003047109117
B1921023646094N11906089WA0167501673004003039112110
B1921033646092N11906082WA0167601676004003039103117
B1921043646092N11906076WA0167801679004003034098130
B1921053646090N11906069WA0168001682004003034109138
B1921063646087N11906064WA0168601684004003035127161
B1921073646083N11906061WA0168801686004003035144171
B1921083646079N11906058WA0169001689004003033154196
B1921093646076N11906057WA0169101692004003029157189
B1921103646072N11906056WA0169201695004003024167200
B1921113646069N11906056WA0169501698004003024180218
B1921123646066N11906057WA0169601701004003023203227
B1921133646064N11906058WA0169801702004003016212251
B1921143646063N11906060WA0170001702004003014231243
B1921153646063N11906065WA0170201704004003020270254
B1921163646063N11906068WA0170401706004003019269260
B1921173646064N11906072WA0170501709004003019281270
B1921183646065N11906075WA0170601710004003020298285
B1921193646067N11906078WA0170801711004003023316296
B1921203646071N11906081WA0170901711004003023324302
B1921213646075N11906085WA0171001712004003029330315
B1921223646081N11906087WA0171101713004003038340341
B1921233646086N11906089WA0171201713004003038348017
B1921243646091N11906090WA0171201714005003034001021
B1921253646097N11906085WA0171201716004003034055024
B1921263646100N11906076WA0171301718004003046064068
B1921273646102N11906068WA0171501720004003046071074
B1921283646103N11906060WA0171701721004003040080086
B1921293646103N11906052WA0171801722004003039091107
B1921303646101N11906044WA0171901722004003039104126
B1921313646099N11906036WA0172101723004003040117145
B1921323646096N11906031WA0172101726004003040131161
B1921333646092N11906027WA0172201728005003036141169
B1921343646088N11906024WA0172401731005003032150182
B1921353646085N11906022WA0172501733004003028163203
B1921363646082N11906021WA0172701733004003023186220
B1921373646079N11906024WA0173001734004003023216235
B1921383646078N11906028WA0173201736004003022244251
B1921393646077N11906031WA0173301736004003022279263
B1921403646079N11906035WA0173401736004003022305281
B1921413646082N11906038WA0173401737004003026311299
B1921423646086N11906041WA0173401737004003032334311
B1921433646091N11906043WA0173401736005003032358330
B1921443646097N11906043WA0173401737004003036019350
B1921453646103N11906039WA0173401737004003046041012
B1921463646108N11906030WA0173301739005003053055042
B1921473646110N11906021WA0173301740005003053078062
B1921483646111N11906011WA0173301741004003050103090
B1921493646108N11906004WA0173401741004003044120117
B1921503646104N11905998WA0173501743004003043137144
B1921513646099N11905994WA0173601743004003032161165
B1921523646095N11905994WA0173701745004003032176191
B1921533646093N11905996WA0173801746004003027203204
B1921543646091N11905998WA0173901747004003020231223
B1921553646091N11906001WA0174001747004003016255240
B1921563646091N11906004WA0174101747004003016270253
B1921573646091N11906007WA0174101747004003018275251
B1921583646091N11906010WA0174101748004003016274254
B1921593646091N11906013WA0174101748005003016261245
B1922003646090N11906015WA0174101748004003012243239
B1922013646089N11906017WA0174101748004003013244240
B1922023646089N11906020WA0174201748004003015251247
B1922033646088N11906023WA0174201749004003015259247
B1922043646088N11906026WA0174201750004003016258249
B1922053646087N11906028WA0174201750004003016257247
B1922063646087N11906031WA0174201750004003018265256
B1922073646087N11906035WA0174301751004003021275271
B1922083646089N11906040WA0174301752004003021287282
B1922093646091N11906044WA0174301753004003026309314
B1922103646096N11906047WA0174401754004003029333328
B1922113646100N11906050WA0174501754004003038357347
B1922123646106N11906049WA0174601754004003043021004
B1922133646113N11906045WA0174701753004003043038017
B1922143646117N11906038WA0174701752004003046049042
B1922153646120N11906029WA0174601750004003046066058
B1922163646122N11906021WA0174601750004003045080080
B1922173646121N11906013WA0174401749004003045095101
B1922183646116N11906003WA0174201749004003034137148
B1922193646112N11905999WA0174101750004003031163174
B1922203646109N11906000WA0174101750004003021181201
B1922213646107N11906001WA0174101751004003021210223
B1922223646105N11906004WA0174101752004003018238244
B1922233646105N11906008WA0174101754004003018268266
B1922243646105N11906012WA0174201754004003020301292
B1922253646109N11906015WA0174201755004003028325313
B1922263646114N11906016WA0174401755004003036349330
B1922273646120N11906017WA0174501755004003036018352
B1922283646126N11906011WA0174501754004003046037019
B1922293646129N11906002WA0174601754004003048063044
B1922303646133N11905993WA0174601754004003052088074
B1922313646131N11905983WA0174601756004003052102104
B1922323646129N11905975WA0174601757004003050110122
B1922333646126N11905969WA0174601757004003041121131
B1922343646122N11905968WA0174601755004003025189147
B1922353646119N11905971WA0174701755004003023209217
B1922363646117N11905974WA0174801756004003023242234
B1922373646118N11905979WA0174901756005003023283257
B1922383646119N11905984WA0174901756004003025302283
B1922393646125N11905988WA0174901755004003030338297
B1922403646131N11905990WA0174901756004003051012326
B1922413646139N11905987WA0174901756004003053033006
B1922423646143N11905979WA0174901755004003051051030
B1922433646146N11905970WA0174901755004003051074051
B1922443646145N11905962WA0174901756004003048092080
B1922453646143N11905955WA0174901756004003039113105
B1922463646141N11905949WA0174901757004003039137134
B1922473646137N11905946WA0174801757004003030167160
B1922483646133N11905948WA0174801756004003028213196
B1922493646129N11905952WA0174801757004003024222221
B1922503646127N11905955WA0174801761004003018229218
B1922513646125N11905959WA0174801761004003018231226
B1922523646124N11905961WA0174901760004003017232228
B1922533646122N11905965WA0175101760004003017239236
B1922543646121N11905969WA0175201760004003021250248
B1922553646120N11905974WA0175301760004003025260255
B1922563646119N11905978WA0175301761004003025264251
B1922573646119N11905982WA0175401762005003020270246
B1922583646119N11905986WA0175401763004003018268239
B1922593646119N11905989WA0175601762004003018262249
B1923003646118N11905993WA0175701762004003019258245
B1923013646118N11905996WA0175701762004003019261242
B1923023646118N11906000WA0175801762004003019269236
B1923033646119N11906003WA0175801761004003017269238
B1923043646118N11906007WA0175701760004003019255232
B1923053646117N11906010WA0175701759004003019243229
B1923063646115N11906014WA0175601759004003023241227
B1923073646114N11906018WA0175501760004003022244226
B1923083646113N11906022WA0175401760004003022252219
B1923093646112N11906025WA0175301759004003020252224
B1923103646111N11906029WA0175301758004003019244228
B1923113646109N11906032WA0175301757004003021239229
B1923123646108N11906036WA0175101757004003023241238
B1923133646107N11906040WA0175101756004003023250241
B1923143646106N11906045WA0174901754004003024262239
B1923153646106N11906050WA0174801754004003025268239
B1923163646106N11906055WA0174701752004003025263235
B1923173646105N11906059WA0174501751004003025253231
B1923183646104N11906064WA0174401751004003025257243
B1923193646103N11906068WA0174301750004003025264239
B1923203646103N11906073WA0174201749004003025269244
B1923213646103N11906078WA0174101746004003025267240
B1923223646103N11906082WA0173901744004003024262245
B1923233646103N11906087WA0173801742004003025264254
B1923243646103N11906092WA0173601740004003025275251
B1923253646104N11906096WA0173401739004003025284248
B1923263646105N11906099WA0173301738004003023283236
B1923273646104N11906103WA0173001736004003019269239
B1923283646104N11906107WA0172801734004003021255237
B1923293646103N11906112WA0172701731004003021254248
B1923303646102N11906117WA0172601730004003026263259
B1923313646102N11906122WA0172401731004003025277268
B1923323646103N11906126WA0172201731004003025294265
B1923333646104N11906130WA0172101731004003023297262
B1923343646106N11906133WA0172001730004003022292255
B1923353646107N11906136WA0172001729004003020289252
B1923363646107N11906140WA0172001727004003021281256
B1923373646108N11906145WA0171901724004003028276249
B1923383646109N11906151WA0171701725004003028274260
B1923393646109N11906157WA0171601726004003031274252
B1923403646110N11906163WA0171401726004003031282252
B1923413646111N11906168WA0171301728004003028286266
B1923423646113N11906172WA0171301728004003028287262
B1923433646114N11906176WA0171301728004003025289270
B1923443646116N11906179WA0171401727004003021304287
B1923453646118N11906182WA0171501727004003021324314
B1923463646122N11906185WA0171501726004003037346338
B1923473646128N11906186WA0171401727005003047006004
B1923483646135N11906184WA0171301727005003047023029
B1923493646141N11906176WA0171201722004003049059053
B1923503646144N11906166WA0171001726004003050084089
B1923513646143N11906155WA0170801723004004044102120
B1923523646142N11906149WA0170401726004004044093143
B1923533646138N11906149WA0170101724004004026232132
B1923543646135N11906154WA0169901720004004026256241
B1923553646133N11906160WA0169801717004003023273244
B1923563646133N11906165WA0169601715004003019275247
B1923573646132N11906169WA0169301713004003021264249
B1923583646131N11906173WA0169201712004003021265246
B1923593646130N11906178WA0169101709004003022260249
B1924003646130N11906183WA0169001708004003026260247
B1924013646129N11906189WA0168801708004003026261248
B1924023646128N11906194WA0168601709004003026274248
B1924033646129N11906197WA0168601710004003022284252
B1924043646130N11906201WA0168601709004003022283251
B1924053646130N11906205WA0168701708004003023275249
B1924063646131N11906210WA0168801707004003031268255
B1924073646130N11906216WA0169001705004003033267248
B1924083646130N11906222WA0169001705004003031268248
B1924093646130N11906227WA0168901705004003030272248
B1924103646130N11906231WA0168901704004003027276243
B1924113646131N11906235WA0168801703004003026276251
B1924123646131N11906240WA0168701702004003028274256
B1924133646131N11906247WA0168601698004003028268257
B1924143646130N11906253WA0168501696004003032264251
B1924153646130N11906259WA0168301695004003034265247
B1924163646130N11906266WA0168101694004003036267252
B1924173646129N11906273WA0167801693004003037267246
B1924183646129N11906280WA0167801692004003037264234
B1924193646128N11906287WA0167701692004003038261244
B1924203646127N11906294WA0167601693004003038261246
B1924213646127N11906301WA0167601692004003037265251
B1924223646127N11906307WA0167601692004003037273250
B1924233646127N11906314WA0167701693004003036275255
B1924243646127N11906319WA0167701694004003035269232
B1924253646127N11906324WA0167701694004003031262243
B1924263646126N11906329WA0167801694004003023267250
B1924273646126N11906333WA0167901693004003025276247
B1924283646127N11906337WA0167901692004003025279242
B1924293646127N11906343WA0167901691004003029275232
B1924303646127N11906349WA0167901690004003030268238
B1924313646127N11906355WA0167801690004003033262241
B1924323646126N11906361WA0167601691004003033259237
B1924333646125N11906366WA0167601692004003032262236
B1924343646125N11906372WA0167601693004003030268240
B1924353646125N11906377WA0167601695004003028270238
B1924363646125N11906382WA0167701695004003024267237
B1924373646125N11906386WA0167901696004003024261240
B1924383646124N11906390WA0168101697004003024258252
B1924393646124N11906395WA0168201699004003024268264
B1924403646125N11906401WA0168301701004003027290288
B1924413646129N11906406WA0168501703004003036312308
B1924423646133N11906410WA0168801703004003039335330
B1924433646139N11906412WA0168901703004003039000348
B1924443646145N11906411WA0169101703004003042021006
B1924453646152N11906406WA0169201702004003046042029
B1924463646157N11906398WA0169301702004003048066054
B1924473646160N11906389WA0169401700004003048098086
B1924483646156N11906382WA0169401701004003043127126
B1924493646151N11906377WA0169301701004003041150157
B1924503646146N11906375WA0169301702004003039158178
B1924513646142N11906376WA0169201701004003023197182
B1924523646139N11906381WA0169201702004004023239214
B1924533646138N11906386WA0169401703004004016246236
B1924543646138N11906391WA0169701704004004016256252
B1924553646139N11906396WA0169901704004004019277271
B1924563646140N11906401WA0170101704004004032316291
B1924573646147N11906404WA0170201704004004044340320
B1924583646153N11906407WA0170201704004003043010345
B1924593646160N11906404WA0170201705004003044040011
B1925003646164N11906397WA0170201704004003047056044
B1925013646165N11906388WA0170201704004003044081065
B1925023646164N11906380WA0170201704004003044101096
B1925033646164N11906373WA0170201705004003041120121
B1925043646161N11906370WA0170201708004003032136147
B1925053646159N11906367WA0170301708004003020172168
B1925063646156N11906368WA0170301708004003020196207
B1925073646153N11906370WA0170401709004003020218220
B1925083646151N11906373WA0170401709004003019225240
B1925093646151N11906376WA0170501711004003018259245
B1925103646151N11906380WA0170501711004003018264235
B1925113646151N11906383WA0170601711004003017254236
B1925123646150N11906387WA0170601711004003017246237
B1925133646149N11906391WA0170601711004003019250252
B1925143646148N11906394WA0170601712004003019271255
B1925153646150N11906398WA0170601712004003022291259
B1925163646151N11906402WA0170601711004003022295261
B1925173646153N11906406WA0170601711004003022297273
B1925183646156N11906411WA0170601711004003031301270
B1925193646159N11906417WA0170501710004003034306279
B1925203646162N11906423WA0170501710004003034304280
B1925213646166N11906429WA0170401709004003037300283
B1925223646169N11906436WA0170401709004003044303285
B1925233646173N11906443WA0170301710004003044305294
B1925243646178N11906449WA0170201712004003044312282
B1925253646182N11906455WA0170201713004003044310276
B1925263646185N11906460WA0170301713004003035308282
E192526Waypoint DNLNCH reached
B1925273646189N11906465WA0170401713004003038310280
B1925283646193N11906471WA0170501712004003038312286
B1925293646197N11906477WA0170601713004003040309276
B1925303646201N11906483WA0170601714004003040308274
B1925313646205N11906488WA0170501714004003040309285
B1925323646209N11906493WA0170501714005003038314296
B1925333646212N11906497WA0170501714005003033318290
B1925343646216N11906501WA0170501713004003034316289
B1925353646220N11906506WA0170501712004003037311288
B1925363646224N11906512WA0170401709004003037309285
B1925373646227N11906518WA0170301707004003038308283
B1925383646231N11906523WA0169801705004003035308281
B1925393646233N11906528WA0169601703004003035304280
B1925403646236N11906533WA0169401700004003033301279
B1925413646239N11906539WA0169301697004003033302285
B1925423646242N11906545WA0169101693004003035304287
B1925433646246N11906551WA0168701689004003040305284
B1925443646249N11906557WA0168401686004003040304286
B1925453646253N11906563WA0168101684004003040304285
B1925463646256N11906569WA0167901680004003039307288
B1925473646260N11906575WA0167601677004003039308288
B1925483646264N11906581WA0167201673004003042305288
B1925493646267N11906588WA0166901669004003042303292
B1925503646271N11906594WA0166601666004003042302292
B1925513646274N11906600WA0166301663004003041305287
B1925523646278N11906606WA0166101660004003039308291
B1925533646281N11906611WA0165601656004003039311289
B1925543646286N11906617WA0165301652004003042310295
B1925553646289N11906624WA0165001648005003042305293
B1925563646293N11906631WA0164701645005003043302291
B1925573646296N11906637WA0164401642005003043305290
B1925583646300N11906643WA0163801638005003041309285
B1925593646304N11906649WA0163601635004003041311282
B1926003646308N11906655WA0163301631004003041307286
B1926013646311N11906662WA0163101627004003041300285
B1926023646315N11906669WA0162801628004003043299295
B1926033646318N11906676WA0162201625004003043302298
B1926043646322N11906682WA0162001623004003043304289
B1926053646325N11906689WA0161701620004003042300287
B1926063646327N11906696WA0161501618004003040292287
B1926073646330N11906703WA0161301616004003040292300
B1926083646332N11906709WA0160901614005003037298296
B1926093646335N11906714WA0160701612004003037304290
B1926103646338N11906720WA0160501610004003036303286
B1926113646341N11906725WA0160301607004003035299289
B1926123646344N11906731WA0160201604004003035300291
B1926133646347N11906736WA0159801602004003034307291
B1926143646350N11906741WA0159601599004003035311286
B1926153646353N11906746WA0159501597004003035309284
B1926163646356N11906751WA0159201595004003035304291
B1926173646359N11906756WA0159101593004003034303295
B1926183646362N11906761WA0158701591004003031306296
B1926193646365N11906765WA0158501588004003031312296
B1926203646368N11906769WA0158401586004003031314290
B1926213646371N11906773WA0158201582004003031311291
B1926223646374N11906778WA0158001579004003031310295
B1926233646378N11906783WA0157601575004003035312302
B1926243646382N11906788WA0157401572004003037315300
B1926253646386N11906792WA0157101570004003037317294
B1926263646390N11906797WA0156901568005003037317293
B1926273646394N11906801WA0156701565005003036315291
B1926283646397N11906806WA0156201562004003034315299
B1926293646401N11906810WA0156001559004003035318298
B1926303646405N11906814WA0155801555005003035321290
B1926313646410N11906818WA0155601552004003035322292
B1926323646414N11906822WA0155401548004003036320291
B1926333646418N11906827WA0154801545004003038316294
B1926343646422N11906832WA0154501542004003039314297
B1926353646426N11906837WA0154301539004003038317292
B1926363646431N11906842WA0154001537004003038319289
B1926373646435N11906846WA0153801534004003037318285
B1926383646439N11906851WA0153301532004003037316286
B1926393646443N11906856WA0153101529004003038313287
B1926403646447N11906862WA0152901527004003038313289
B1926413646451N11906867WA0152701526004003039312287
B1926423646455N11906873WA0152601525004003039312286
B1926433646458N11906878WA0152201524004003038311282
E192643Waypoint 49917 reached
B1926443646462N11906883WA0152101523004003038310280
B1926453646465N11906888WA0152001521004003036307269
B1926463646468N11906894WA0151901521004003036300254
B1926473646470N11906899WA0151801520004003034290246
B1926483646472N11906905WA0151701520004003028268235
B1926493646471N11906910WA0151601520004003028239219
B1926503646468N11906913WA0151401519004003026213210
B1926513646463N11906913WA0151301515004003026184203
B1926523646458N11906913WA0151101515004003030173191
B1926533646453N11906912WA0150701514004003028173183
B1926543646449N11906911WA0150401512004003028170178
B1926553646445N11906909WA0150301509004003028163178
B1926563646439N11906907WA0150101506004003030159175
B1926573646434N11906904WA0150001504004003035160174
B1926583646429N11906902WA0149901502004003037163170
B1926593646424N11906900WA0149501501004003037161165
B1927003646419N11906898WA0149401500004003034156167
B1927013646414N11906895WA0149201500004003032154164
B1927023646410N11906893WA0149001499004003032156163
B1927033646405N11906890WA0148901498004003034163168
B1927043646399N11906889WA0148401493004003034165171
B1927053646394N11906886WA0148101489004003034159169
B1927063646389N11906883WA0147801486004003035153166
B1927073646385N11906880WA0147501483004003036153165
B1927083646380N11906878WA0146901483004003036156163
B1927093646375N11906875WA0146601480004003034156160
B1927103646371N11906872WA0146401478004003033151162
B1927113646367N11906869WA0146201477004003031145162
B1927123646364N11906867WA0146001474004003026144159
B1927133646361N11906864WA0145901474004003026146164
B1927143646358N11906861WA0145601473004003026139162
B1927153646355N11906858WA0145401472004003026138158
B1927163646352N11906855WA0145101471004003031146166
B1927173646347N11906852WA0144801465004003033153168
B1927183646342N11906850WA0144401460004003033162169
B1927193646337N11906849WA0143601456004003035166173
B1927203646332N11906847WA0143301452004003035165169
B1927213646327N11906846WA0142901448004003035163168
B1927223646322N11906844WA0142601444004003036165170
B1927233646316N11906842WA0142301440004003036166164
B1927243646310N11906841WA0141701437004003038165161
B1927253646305N11906839WA0141401435004003040163164
B1927263646299N11906836WA0141101433004003039162163
B1927273646294N11906834WA0140901430004003039161164
B1927283646289N11906832WA0140701428004003036160156
B1927293646284N11906829WA0140301427004003035158152
B1927303646279N11906827WA0140201425004003035156153
B1927313646274N11906823WA0140101423004003036152153
B1927323646270N11906820WA0140001422004003036144138
B1927333646266N11906816WA0139901420004003035141158
B1927343646262N11906812WA0139701418004003033144154
B1927353646258N11906809WA0139601417004003031154170
B1927363646254N11906808WA0139401414004003030163163
B1927373646250N11906806WA0139301410004003030164156
B1927383646246N11906804WA0139101407004003030157158
B1927393646242N11906802WA0138601404004003030149160
B1927403646238N11906799WA0138401400004003029148156
B1927413646234N11906796WA0138101400004003029153158
B1927423646230N11906794WA0137901395004003032155156
B1927433646225N11906791WA0137601391004003032158156
B1927443646219N11906789WA0137001391004003038158156
B1927453646213N11906786WA0136601391004003040159152
B1927463646208N11906784WA0136401391004003038160154
B1927473646203N11906782WA0136101389004003038157154
B1927483646199N11906779WA0136001388004003033155152
B1927493646194N11906777WA0135701387004003033154153
B1927503646189N11906774WA0135601383004003034154150
B1927513646184N11906771WA0135401383004003041156148
B1927523646178N11906768WA0135201382004003041156154
B1927533646172N11906765WA0135001381004003041155153
B1927543646167N11906762WA0134601378004003040155151
B1927553646162N11906759WA0134401375004003039154150
B1927563646156N11906756WA0134301372004003041153144
B1927573646150N11906752WA0134101369004003043150138
B1927583646145N11906748WA0134001369004003042148141
B1927593646139N11906744WA0133701368004003042149154
B1928003646135N11906740WA0133501366004003040147149
B1928013646130N11906736WA0133401363004003038145144
B1928023646125N11906731WA0133301360004003042142151
B1928033646120N11906726WA0133201357004003042139143
B1928043646114N11906720WA0132901357004003045138144
B1928053646110N11906714WA0132801357004003045138146
B1928063646105N11906709WA0132601357004003039136146
B1928073646101N11906704WA0132601355004003039137148
B1928083646097N11906700WA0132501353004003038140148
B1928093646092N11906695WA0132401350004003038141141
B1928103646087N11906690WA0132401348004003040140138
B1928113646083N11906685WA0132301347004003043139135
B1928123646078N11906679WA0132201346004003043136130
B1928133646074N11906674WA0132101344004003042133129
B1928143646070N11906668WA0131901343004003041130127
B1928153646066N11906662WA0131801342004003041128128
B1928163646062N11906656WA0131701340004003042125130
B1928173646059N11906649WA0131601339004003043123130
B1928183646055N11906642WA0131601339004003043127135
B1928193646051N11906636WA0131401339004003043132138
B1928203646047N11906631WA0131401339004003042131140
B1928213646043N11906625WA0131401338004003039131139
B1928223646040N11906621WA0131401340004003039127160
B1928233646037N11906616WA0131501340004003034129172
B1928243646034N11906612WA0131701339004003031138188
B1928253646030N11906610WA0131701338004003030157202
B1928263646026N11906610WA0131801338007003026178217
B1928273646023N11906612WA0131801338007003026212234
B1928283646022N11906616WA0131801337007003022252254
B1928293646023N11906620WA0131801336008003022294270
B1928303646027N11906623WA0131801334008003024326295
B1928313646031N11906626WA0131801335004003037352316
B1928323646037N11906623WA0131801335004003040017345
B1928333646042N11906618WA0131701335004003040040012
B1928343646045N11906611WA0131701336007003041062039
B1928353646045N11906603WA0131701336007003041084068
B1928363646046N11906595WA0131801335007003041107097
B1928373646042N11906588WA0131801334006003041123127
B1928383646039N11906582WA0131901333007003040150144
B1928393646034N11906582WA0131901332007003032171172
B1928403646030N11906581WA0131901330007003029206193
B1928413646028N11906586WA0131901329007003023246222
B1928423646029N11906590WA0131901329007003023279251
B1928433646031N11906594WA0131901328007003023305274
B1928443646034N11906597WA0131801327008003023330292
B1928453646037N11906599WA0131801327008003026359311
B1928463646043N11906597WA0131801326008003036013337
B1928473646048N11906593WA0131801327007003039036357
B1928483646051N11906586WA0131701327007003039061023
B1928493646051N11906579WA0131801327007003039084052
B1928503646050N11906572WA0131801326007003039106082
B1928513646046N11906566WA0131801324007003037124113
B1928523646042N11906561WA0131801324006003039137140
B1928533646037N11906557WA0131801324006003037146154
B1928543646033N11906554WA0131801324006003037150164
B1928553646029N11906551WA0131801324006003033144158
B1928563646025N11906546WA0131801325007003036136149
B1928573646021N11906541WA0131801325006003037132137
B1928583646018N11906536WA0131901326006003036126131
B1928593646015N11906530WA0132001326006003036120128
B1929003646013N11906523WA0132101325006003036118126
B1929013646010N11906516WA0132201324005003042118121
B1929023646007N11906509WA0132201324005003044118114
B1929033646004N11906501WA0132201324005003044114109
B1929043646001N11906493WA0132201325006003046109100
B1929053645999N11906485WA0132201325006003046106107
B1929063645997N11906477WA0132201326005003042107109
B1929083645995N11906471WA0132201327005003042110132
B1929093645993N11906464WA0132301326005003038118141
B1929103645991N11906459WA0132301325005003037131153
B1929113645986N11906454WA0132401324004003039137158
B1929123645982N11906450WA0132401324004003039139161
B1929133645978N11906446WA0132401324004003037142175
B1929143645974N11906443WA0132401326004003031148177
B1929153645971N11906442WA0132501327004003027157186
B1929163645967N11906441WA0132501327004003025167202
B1929173645964N11906441WA0132701328004003025183217
B1929183645961N11906443WA0132801328004003022207239
B1929193645958N11906446WA0132801328004003022228252
B1929203645957N11906451WA0132901327004003025254275
B1929213645958N11906458WA0132901327004003033281293
B1929223645960N11906464WA0132901327004003037296305
B1929233645964N11906469WA0132901328004003036312318
B1929243645969N11906472WA0132901328004003036331329
B1929253645974N11906473WA0132901328004003036354344
B1929263645979N11906470WA0133001328004003037020001
B1929273645983N11906465WA0133001327004003039047024
B1929283645985N11906458WA0133101326004003039072053
B1929293645984N11906451WA0133101326004003039101082
B1929303645980N11906445WA0133001325004003039129115
B1929313645976N11906440WA0132901325004003034136145
B1929323645972N11906437WA0132901326004003034177153
B1929333645967N11906439WA0132801326004003029198193
B1929343645964N11906442WA0132801327004003027208203
B1929353645961N11906444WA0132801328004003023205208
B1929363645958N11906446WA0132801328004003021203211
B1929373645955N11906448WA0132901329004003022214217
B1929383645953N11906452WA0133001329004003022227222
B1929393645950N11906455WA0133101329004003022232223
B1929403645948N11906459WA0133101329004003022231220
B1929413645946N11906462WA0133201329004003024227215
B1929423645943N11906465WA0133201329004003024220204
B1929433645939N11906468WA0133201328004003024207188
B1929443645936N11906468WA0133201328004003025190178
B1929453645932N11906468WA0133201327004003025168167
B1929463645928N11906465WA0133201326004003029145155
B1929473645925N11906460WA0133201325004003032123137
B1929483645924N11906454WA0133201325004003032107124
B1929493645924N11906448WA0133101324004003034095112
B1929503645924N11906441WA0133001323004003035089107
B1929513645924N11906435WA0132901323004003040091106
B1929523645923N11906427WA0132801324004003043096106
B1929533645923N11906420WA0132801325004003040099083
B1929543645922N11906413WA0132901325004003040089081
B1929553645922N11906408WA0133001326004003029079092
B1929563645923N11906403WA0133501329004003025078107
B1929573645924N11906399WA0133901329004003028106131
B1929583645922N11906394WA0134101330004003028120158
B1929593645918N11906392WA0134401330004003028189178
B1930003645913N11906394WA0134501331004003032235222
B1930013645910N11906402WA0134701330004003038248256
B1930023645911N11906411WA0134801335004003038297271
B1930033645914N11906416WA0134801335004003038322308
B1930043645921N11906416WA0134901337004003038001331
B1930053645927N11906416WA0135001337004003040032010
B1930063645932N11906410WA0135301340004003036063043
B1930073645932N11906403WA0135401342004003036123078
B1930083645928N11906399WA0135401342004004034165139
B1930093645921N11906400WA0135401342004004034192175
B1930103645916N11906402WA0135401347004003034207202
B1930113645911N11906405WA0135701347004003017216218
B1930123645909N11906406WA0136001347004004017238230
B1930133645908N11906409WA0136301346004004017255248
B1930143645907N11906413WA0136501345004004023270271
B1930153645908N11906419WA0136701343004004029300292
B1930163645911N11906422WA0136901342004004028340317
B1930173645918N11906418WA0136901342004004044020350
B1930183645925N11906414WA0136901345004004044048030
B1930193645930N11906405WA0136901346004004046065060
B1930203645933N11906396WA0136901348004004046077079
B1930213645932N11906392WA0137001353004004025101091
B1930223645931N11906387WA0137201354004004025119118
B1930233645928N11906384WA0137501355004004025139140
B1930243645924N11906382WA0137801361004004027157163
B1930253645919N11906381WA0138001364004003027178181
B1930263645916N11906384WA0138301364004003031262198
B1930273645919N11906392WA0138401364004003041295263
B1930283645921N11906399WA0138501366004003041319293
B1930293645927N11906403WA0138501366004003041346316
B1930303645940N11906400WA0138801371004003040030013
B1930313645944N11906395WA0138901374004003040036034
B1930323645948N11906390WA0139201375004003039048046
B1930333645950N11906384WA0139401376004003036065058
B1930343645950N11906378WA0139601377004003033097078
B1930353645949N11906372WA0139901378004003032122113
B1930363645946N11906367WA0140001380004003032136138
B1930373645941N11906367WA0140001380004003032189152
B1930383645937N11906370WA0140001382004003031237197
B1930393645936N11906377WA0140101385004004031290235
B1930403645940N11906382WA0140401390004003035315283
B1930413645944N11906388WA0140701391004003037337313
B1930423645949N11906391WA0140901392004003037351335
B1930433645955N11906392WA0141201394004003040004002
B1930443645962N11906391WA0141401395004003044020021
B1930453645969N11906388WA0141501396004003049039042
B1930463645974N11906381WA0141701396004003049063063
B1930473645975N11906374WA0141701396004003040097089
B1930483645971N11906369WA0141701399004004040163120
B1930493645965N11906370WA0141501402004003036187177
B1930503645961N11906374WA0141401406004003030220196
B1930513645959N11906379WA0141301409004003030248226
B1930523645958N11906384WA0141301412004003028268240
B1930533645958N11906389WA0141401415004003027277246
B1930543645958N11906393WA0141601417004003025270249
B1930553645957N11906397WA0141901418004003019254238
B1930563645956N11906401WA0142201419004003019242225
B1930573645954N11906402WA0142301419004003017202213
B1930583645950N11906402WA0142401421004003017178191
B1930593645947N11906399WA0142501422004003020147174
B1931003645944N11906396WA0142601422004003028133148
B1931013645942N11906391WA0142701422004003031110132
B1931023645942N11906383WA0142701418009003031072110
B1931033645945N11906377WA0142701416005003032054071
B1931043645949N11906372WA0142701415005004037051050
B1931053645958N11906374WA0142701424005004035325062
B1931063645961N11906378WA0142801421005005035283310
B1931073645962N11906385WA0142801421005005030246271
B1931083645961N11906389WA0142901421005005026204238
B1931093645958N11906391WA0143001422005004026162204
B1931103645956N11906390WA0143001423005004029127171
B1931113645956N11906383WA0143101425004004036096139
B1931123645956N11906376WA0143101424004004035078106
B1931143645959N11906370WA0143201424004004036058086
B1931153645965N11906365WA0143301425005004041020062
B1931163645972N11906365WA0143401425005004042333016
B1931173645977N11906371WA0143601425004004042311323
B1931183645979N11906378WA0143701426005003042278302
B1931193645980N11906384WA0143801426004003031275270
B1931203645978N11906388WA0143801427004003031187265
B1931213645974N11906386WA0143801430004003029155191
B1931223645972N11906382WA0143701433004003027127165
B1931233645971N11906377WA0143701436004003026102141
B1931243645972N11906372WA0143801438004003029084117
B1931253645972N11906367WA0143901438004003029065097
B1931263645975N11906361WA0144101437004003034043074
B1931273645980N11906355WA0144401436004003042023047
B1931283645988N11906352WA0144501439004003050000022
B1931293645995N11906353WA0144501439004003050339356
B1931303646000N11906358WA0144601437004003043298332
B1931313645999N11906363WA0144601435004003029257289
B1931323645996N11906366WA0144501435004003024216248
B1931333645993N11906367WA0144401436004003020183214
B1931343645990N11906366WA0144401436004003021162189
B1931353645987N11906364WA0144301437004003021143173
B1931363645985N11906360WA0144301438004003022119158
B1931373645984N11906357WA0144401438004003025109137
B1931383645985N11906350WA0144401438004003036081126
B1931393645986N11906343WA0144401439004003038072091
B1931403645990N11906337WA0144501440004003038057081
B1931413645994N11906332WA0144501440004003038045065
B1931423645999N11906327WA0144501440004003041038050
B1931433646004N11906324WA0144601439004003035027042
B1931443646009N11906322WA0144601439004003035003028
B1931453646013N11906323WA0144601437004003029349358
B1931463646017N11906324WA0144501437004003029323338
B1931473646019N11906327WA0144301437004003025290308
B1931483646019N11906330WA0144201438004003020203273
B1931493646015N11906330WA0144201438004003025177199
B1931503646011N11906331WA0144101438004003024156183
B1931513646007N11906330WA0144101437004003024164177
B1931523646004N11906329WA0144101437004003023193184
B1931533646000N11906332WA0144101436004003027200196
B1931543645996N11906334WA0144101437004003028197195
B1931553645991N11906336WA0144001438004003027199190
B1931563645989N11906337WA0144001439004003021204193
B1931573645987N11906339WA0144001439004003016199191
B1931583645985N11906339WA0144001439004003014198187
B1931593645983N11906340WA0144101438004003016187189
B1932003645979N11906340WA0144101437004003016177189
B1932013645976N11906341WA0144001436004003020190205
B1932023645974N11906343WA0143901435004003020210218
B1932033645971N11906346WA0143801434004003023222221
B1932043645969N11906349WA0143701433004003023231221
B1932053645967N11906352WA0143601432004003022238217
B1932063645966N11906356WA0143501431004003022238207
B1932073645964N11906359WA0143301430004003022228203
B1932083645961N11906362WA0143201431004003023217190
B1932093645958N11906363WA0143201431004003023205190
B1932103645955N11906364WA0143201432004003021190179
B1932113645952N11906364WA0143201432004003021181182
B1932123645949N11906364WA0143201431004003021180189
B1932133645945N11906364WA0143201431004003024186201
B1932143645942N11906365WA0143201430004003025189207
B1932153645938N11906366WA0143201429004003025194206
B1932163645934N11906368WA0143101428004003026199216
B1932173645930N11906370WA0143001427004003026204228
B1932183645927N11906373WA0142901426004003024218238
B1932193645926N11906377WA0142901425004003025238238
B1932203645925N11906382WA0142801424004003025259245
B1932213645925N11906387WA0142701424004003026268241
B1932223645925N11906391WA0142501423004003026267243
B1932233645924N11906395WA0142501423004003019265244
B1932243645924N11906399WA0142401421004003021268240
B1932253645924N11906403WA0142401419004003021268235
B1932263645923N11906409WA0142301417004003025260230
B1932273645923N11906414WA0142201417004003027246229
B1932283645921N11906418WA0142101418004003025250239
B1932293645921N11906422WA0142001418004003025262240
B1932303645921N11906426WA0141901417004003021266221
B1932313645920N11906429WA0141901417004003020248206
B1932323645919N11906433WA0141901417004003020220192
B1932333645916N11906435WA0141801417004003021209175
B1932343645912N11906436WA0141701417004003030159168
B1932353645908N11906432WA0141601417004003030139141
B1932363645906N11906427WA0141501417004003031114134
B1932373645903N11906420WA0141401417004003031091119
B1932383645904N11906414WA0141301416004003034083100
B1932393645904N11906407WA0141201415004003039079089
B1932403645906N11906398WA0141201412004003039080087
B1932413645907N11906389WA0141101411004003044077078
B1932423645909N11906381WA0141001410004003046074075
B1932433645911N11906373WA0140701409004003044070072
B1932443645914N11906365WA0140601409004003044068072
B1932453645916N11906358WA0140601408004003044071080
B1932463645918N11906350WA0140501407004003044073079
B1932473645919N11906342WA0140501407004003044075078
B1932483645921N11906335WA0140401407004003038079086
B1932493645921N11906328WA0140401406004003038082087
B1932503645922N11906321WA0140301404004003037084086
B1932513645922N11906314WA0140301404004003037085084
B1932523645923N11906306WA0140301401004003041084074
B1932533645923N11906298WA0140101400004003044083082
B1932543645924N11906290WA0140001398004003044083080
B1932553645925N11906282WA0139801397004003043083078
B1932563645926N11906274WA0139701395004003042083081
B1932573645927N11906266WA0139601392004003042083080
B1932583645927N11906257WA0139301389004003046083078
B1932593645928N11906249WA0139101389004003050086083
B1933003645928N11906239WA0139001389004003050090092
B1933013645928N11906230WA0138801389004003050093097
B1933023645928N11906222WA0138601389004003048095105
B1933033645927N11906214WA0138301389004003041096107
B1933043645926N11906206WA0138301388004003041099115
B1933053645925N11906199WA0138201386004003041103117
B1933063645923N11906192WA0138201385004003041108122
B1933073645920N11906185WA0138101384004003041113128
B1933083645918N11906179WA0138001383004003037117133
B1933093645915N11906173WA0137901382004003037120133
B1933103645912N11906167WA0137801381004003037123129
B1933113645909N11906162WA0137801381004003037124139
B1933123645906N11906156WA0137701380004003036123128
B1933133645902N11906150WA0137701379004003039122142
B1933143645899N11906144WA0137701377004003040122129
B1933153645895N11906138WA0137601376004003040127144
B1933163645891N11906132WA0137601375004003040130137
B1933173645888N11906126WA0137501375004003039126123
B1933183645885N11906120WA0137301374004003038120114
B1933193645883N11906114WA0137201374004003038110101
B1933203645881N11906107WA0137201374004003037104101
B1933213645880N11906100WA0137201374004003037102110
B1933223645879N11906093WA0137201374004003038099099
B1933233645879N11906086WA0137201375004003038091100
B1933243645879N11906079WA0137201374004003036086096
B1933253645879N11906073WA0137201375004003036087105
B1933263645879N11906066WA0137201375004003037090095
B1933273645878N11906059WA0137201374004003037093096
B1933283645878N11906052WA0137301373004003036095102
B1933293645877N11906045WA0137301372004003036096103
B1933303645876N11906038WA0137301371004003037100114
B1933313645875N11906032WA0137201370004003034107120
B1933323645873N11906026WA0137101369004003034111120
B1933333645871N11906020WA0137001368004003034112121
B1933343645868N11906013WA0136901367004003037113127
B1933353645866N11906006WA0136801367004003039119137
B1933363645863N11906001WA0136801368004003035127141
B1933373645859N11905998WA0136701369004003035138146
B1933383645856N11905995WA0136701369004003030141149
B1933393645853N11905992WA0136801369004003029137150
B1933403645849N11905987WA0136801368004003029137145
B1933413645846N11905983WA0136901369004003035136134
B1933423645842N11905979WA0136901370004003035128112
B1933433645840N11905974WA0136901372004003031115112
B1933443645838N11905969WA0137001372004003027103123
B1933453645837N11905965WA0137101371004003025111145
B1933463645836N11905960WA0137201370004003028127146
B1933473645832N11905957WA0137301369004003031138138
B1933483645829N11905953WA0137401370004003031135121
B1933493645825N11905948WA0137401370004003031128126
B1933503645824N11905942WA0137301369004003032113131
B1933513645821N11905936WA0137301369004003034115132
B1933523645818N11905931WA0137301369004003036123129
B1933533645815N11905925WA0137301369004003036128128
B1933543645812N11905921WA0137301369004003036127125
B1933553645809N11905916WA0137301368004003030130143
B1933563645807N11905913WA0137201367004003025139161
B1933573645804N11905910WA0137201366004003028142167
B1933583645800N11905908WA0137101365004003028159175
B1933593645794N11905907WA0136801364004003034173172
B1934003645788N11905906WA0136601363004003036171157
B1934013645782N11905905WA0136401362004003033166156
B1934023645778N11905903WA0136201361004003033159167
B1934033645773N11905901WA0136001358004003033161183
B1934043645768N11905901WA0135801356004003033174202
B1934053645763N11905902WA0135701354004003034193219
B1934063645759N11905906WA0135601352004003031216233
B1934073645757N11905911WA0135501351004003031241245
B1934083645756N11905916WA0135401350004003029262263
B1934093645757N11905920WA0135101349004003027285269
B1934103645759N11905924WA0135101347004003027306279
B1934113645763N11905928WA0135001346004003028319299
B1934123645766N11905931WA0134901345004003028324306
B1934133645770N11905934WA0134801344004003028327305
B1934143645773N11905937WA0134701344004003029326310
B1934153645778N11905940WA0134601345004003031328317
B1934163645781N11905943WA0134501345004003027338322
B1934173645785N11905944WA0134501346004003027341322
B1934183645789N11905946WA0134501345004003027337329
B1934193645793N11905949WA0134701345004003027329327
B1934203645797N11905952WA0134701345004003030329323
B1934213645802N11905955WA0134801345004003037337333
B1934223645807N11905957WA0134801346004003038342330
B1934233645813N11905960WA0134801349004003038341339
B1934243645818N11905962WA0134901352004003038340330
B1934253645823N11905964WA0135101353004003036341322
B1934263645827N11905966WA0135201355004003032341325
B1934273645832N11905968WA0135401356004003033339322
B1934283645837N11905970WA0135601356004003033337317
B1934293645842N11905973WA0135901357004003036336326
B1934303645847N11905976WA0136001358004003036333316
B1934313645851N11905979WA0136001358004003031332313
B1934323645855N11905981WA0136101358004003031331303
B1934333645859N11905984WA0136201358004003031329310
B1934343645864N11905988WA0136301358004003033323315
B1934353645868N11905992WA0136301360004003033329314
B1934363645871N11905994WA0136401362004003027331313
B1934373645875N11905996WA0136501361004003027332304
B1934383645878N11905998WA0136601361005003026324294
B1934393645881N11906001WA0136801360004003026317299
B1934403645885N11906005WA0136901358005003029315306
B1934413645888N11906010WA0136901358004003031307291
B1934423645891N11906014WA0136801359004003031299288
B1934433645892N11906019WA0136701361004003027294288
B1934443645893N11906022WA0136701362004003024296290
B1934453645895N11906025WA0136701362004003021307277
B1934463645897N11906027WA0136801362004003017314271
B1934473645898N11906030WA0136901360004003019305276
B1934483645900N11906034WA0136901359004003019293279
B1934493645901N11906038WA0136801360004003023290289
B1934503645903N11906043WA0136801361004003024299299
B1934513645904N11906046WA0136701362004003020315285
B1934523645907N11906049WA0136701365004003020323282
B1934533645909N11906051WA0136801365004003020319283
B1934543645911N11906053WA0137101365004003020310285
B1934553645913N11906057WA0137201365004003022307290
B1934563645916N11906060WA0137301364004003027309290
B1934573645918N11906064WA0137301364004003027307281
B1934583645920N11906068WA0137301365004003026296273
B1934593645922N11906072WA0137301366004003023282268
B1935003645922N11906075WA0137401367004003017280270
B1935013645922N11906078WA0137401368004003015284272
B1935023645923N11906080WA0137501368004003018289271
B1935033645924N11906084WA0137601367004003018287273
B1935043645925N11906088WA0137701367004003020285274
B1935053645925N11906092WA0137701367004003021286268
B1935063645927N11906095WA0137701367004003020290261
B1935073645927N11906099WA0137601367004003020287257
B1935083645928N11906103WA0137601366004003020279256
B1935093645928N11906107WA0137501365004003021271256
B1935103645928N11906111WA0137501364004003022271261
B1935113645928N11906115WA0137401364004003022277261
B1935123645929N11906119WA0137301363004003022283265
B1935133645930N11906123WA0137301362004003022286263
B1935143645931N11906127WA0137101361004003023285262
B1935153645932N11906131WA0137101360004003023281259
B1935163645932N11906135WA0137001359004003022277257
B1935173645932N11906139WA0136901357004003022276260
B1935183645933N11906143WA0136801355004003022277256
B1935193645933N11906148WA0136701352004003022277260
B1935203645934N11906154WA0136401350004003026276263
B1935213645934N11906159WA0136301350004003030277263
B1935223645935N11906165WA0136101351004003030277259
B1935233645936N11906170WA0135901350004003028277256
B1935243645936N11906174WA0135801349004003026279254
B1935253645937N11906179WA0135501347004003025282249
B1935263645938N11906184WA0135501345004003027280249
B1935273645938N11906189WA0135401342004003028272244
B1935283645937N11906194WA0135201339004003027261244
B1935293645936N11906198WA0134901335004003026253242
B1935303645935N11906204WA0134701333004003029254246
B1935313645934N11906210WA0134501331004003033257242
B1935323645933N11906216WA0134301331004003032251241
B1935333645931N11906221WA0134101331004003032245236
B1935343645929N11906227WA0134001332004003032243249
B1935353645928N11906232WA0133901334004003032252231
B1935363645927N11906237WA0133901337004003028255220
B1935373645926N11906240WA0134001337004003023250224
B1935383645925N11906243WA0134101337004003019242235
B1935393645923N11906246WA0134201334004003025243242
B1935403645921N11906250WA0134401333004003025251248
B1935413645920N11906256WA0134401333004003032254243
B1935423645919N11906262WA0134201333004003030250229
B1935433645917N11906266WA0134101333004003030242234
B1935443645914N11906271WA0134001333004003028239239
B1935453645912N11906276WA0133901333004003028242235
B1935463645911N11906281WA0133901333004003030245237
B1935473645909N11906285WA0133901334004003025242227
B1935483645907N11906289WA0133901334004003025235222
B1935493645905N11906292WA0133901333004003025228226
B1935503645902N11906296WA0133901333004003026231234
B1935513645900N11906301WA0133801332004003029235231
B1935523645897N11906305WA0133801331004003028238220
B1935533645894N11906309WA0133701331004003028229206
B1935543645891N11906311WA0133701330004003025215211
B1935553645888N11906313WA0133601329004003024208200
B1935563645885N11906315WA0133501329004003024206200
B1935573645882N11906317WA0133501328004003023201192
B1935583645878N11906318WA0133401327004003023198203
B1935593645875N11906320WA0133401326004003023206216
B1936003645873N11906323WA0133201325004003022225239
B1936013645872N11906326WA0133201323004003022247251
B1936023645871N11906331WA0133101322004003023258234
B1936033645871N11906335WA0133001321004003023264229
B1936043645870N11906339WA0133001320004003023260239
B1936053645869N11906343WA0132801318004003023257239
B1936063645869N11906348WA0132701316004003024260232
B1936073645868N11906353WA0132601314004003026260236
B1936083645867N11906358WA0132401311004003028253238
B1936093645865N11906363WA0132301310004003028246237
B1936103645863N11906367WA0132001310004003028238237
B1936113645861N11906371WA0131901309004003028236228
B1936123645859N11906375WA0131801309004003026235227
B1936133645856N11906380WA0131701308004003029239233
B1936143645854N11906385WA0131601306004003029241239
B1936153645852N11906391WA0131501305004003032244236
B1936163645850N11906397WA0131401305004003034248243
B1936173645848N11906403WA0131301305004003035252247
B1936183645847N11906409WA0131301305004003035254250
B1936193645846N11906415WA0131201305004003034255250
B1936203645845N11906421WA0131201305004003034256263
B1936213645844N11906427WA0131201305004003034262265
B1936223645844N11906433WA0131201304004003032267262
B1936233645844N11906440WA0131201304004003035268257
B1936243645843N11906446WA0131101304004003035264249
B1936253645842N11906453WA0131101304004003035261258
B1936263645842N11906459WA0131101305004003035266275
B1936273645842N11906465WA0131101305004003032281287
B1936283645844N11906470WA0131101305004003033291298
B1936293645845N11906476WA0131101305004003032296301
B1936303645848N11906480WA0131201306004003032303315
B1936313645850N11906484WA0131201308004003028309316
B1936323645853N11906486WA0131301309004003025329333
B1936333645857N11906488WA0131401309004003031005000
B1936343645862N11906486WA0131501309004003031025021
B1936353645867N11906481WA0131701308004003038040039
B1936363645870N11906473WA0131801309004003040059072
B1936373645874N11906465WA0131901310004003044081096
B1936383645873N11906457WA0131901312004003044096116
B1936393645872N11906450WA0132001312004003041111133
B1936403645869N11906447WA0132101311004003030163146
B1936413645864N11906448WA0132201310004003030185188
B1936423645858N11906449WA0132201310004003034204211
B1936433645854N11906452WA0132301310004003034225233
B1936443645852N11906457WA0132301310004003032251253
B1936453645852N11906464WA0132301310004003032279274
B1936463645853N11906471WA0132301310004003033308296
B1936473645858N11906474WA0132401311004003036333321
B1936483645863N11906474WA0132401312004003038006344
B1936493645869N11906473WA0132401312004003038032013
B1936503645874N11906467WA0132501313004003040061040
B1936513645875N11906459WA0132501312004003040117070
B1936523645870N11906453WA0132401309004003043166129
B1936533645862N11906455WA0132301309004003046189177
B1936543645854N11906457WA0132201309004003043209198
B1936553645850N11906461WA0132101310004003037243218
B1936563645848N11906466WA0132101312004003027282249
B1936573645850N11906470WA0132101314004003024301283
B1936583645853N11906473WA0132301315004003026320304
B1936593645857N11906475WA0132401315004003026341320
B1937003645862N11906476WA0132601315004003028016338
B1937013645867N11906474WA0132601315004003036039016
B1937023645871N11906467WA0132601314004003039059039
B1937033645871N11906459WA0132601313004003041089059
B1937043645871N11906451WA0132501314004003040112090
B1937053645868N11906444WA0132401315004003040131118
B1937063645864N11906441WA0132401318004003036142140
B1937073645859N11906440WA0132401320004003028166152
B1937083645855N11906439WA0132501320004003028192183
B1937093645850N11906440WA0132601320004003028207212
B1937103645845N11906444WA0132701320004003032223237
B1937113645841N11906450WA0132901319004003032248251
B1937123645840N11906455WA0132901319004003029277273
B1937133645843N11906461WA0132901317004003031299295
B1937143645846N11906465WA0132901317004003031330315
B1937153645851N11906467WA0132801317004003032005339
B1937163645857N11906464WA0132701315004003037021006
B1937173645863N11906460WA0132601316004003044043023
B1937183645865N11906451WA0132601314004003046082046
B1937193645865N11906442WA0132501314004003044115084
B1937203645862N11906436WA0132401315004003043150120
B1937213645855N11906436WA0132201316004003039174157
B1937223645849N11906436WA0132201316004003033214184
B1937233645846N11906441WA0132201315004003033231225
B1937243645842N11906447WA0132201315004003033251241
B1937253645843N11906452WA0132301316004003030274260
B1937263645843N11906457WA0132301315004003028306280
B1937273645847N11906460WA0132201314004003035340306
B1937283645853N11906461WA0132201314004003041359336
B1937293645859N11906458WA0132101312004003041019353
B1937303645866N11906454WA0132001313004003041046012
B1937313645869N11906448WA0131801314005003041058042
B1937323645872N11906441WA0131701315004003038068052
B1937333645874N11906434WA0131701315004003038069061
B1937343645877N11906421WA0131701314004003036075076
B1937353645878N11906414WA0131801313004003036080082
B1937363645878N11906407WA0131801314004003037086082
B1937373645879N11906400WA0131801315004003037087079
B1937383645880N11906394WA0131901316004003036082082
B1937393645880N11906388WA0131901317004003033079071
B1937403645881N11906383WA0132001317004003028078079
B1937413645882N11906377WA0132101316004003029074083
B1937423645883N11906372WA0132101315004003029071076
B1937433645885N11906365WA0132101313004003034075081
B1937443645886N11906357WA0132101311004003042080081
B1937453645887N11906349WA0131801311004003042083088
B1937463645888N11906342WA0131601311004003041086093
B1937473645888N11906336WA0131401311004003039093110
B1937483645886N11906330WA0131401310004003031104114
B1937493645885N11906325WA0131301310004003031113117
B1937503645883N11906321WA0131301310004003029112110
B1937513645882N11906316WA0131301309004003027107113
B1937523645881N11906310WA0131301309004003029100104
B1937533645881N11906305WA0131301308004003031096099
B1937543645881N11906299WA0131301308004003031090103
B1937553645881N11906292WA0131301308004003032089101
B1937563645880N11906286WA0131301309004003034096109
B1937573645880N11906279WA0131301308004003037099102
B1937583645879N11906272WA0131301308004003037097088
B1937593645878N11906265WA0131301308004003039093089
B1938003645879N11906257WA0131301309004003039086074
B1938013645880N11906250WA0131301311004003039081100
B1938023645881N11906244WA0131401313004003038079120
B1938033645880N11906237WA0131401316004003037090126
B1938043645880N11906232WA0131501316004003029105145
B1938053645878N11906228WA0131801315004003029137160
B1938063645875N11906226WA0132001316004003023176191
B1938073645871N11906228WA0132101318004003023229229
B1938083645869N11906234WA0132201317004003026247274
B1938093645872N11906239WA0132201313005003032350210
B1938103645879N11906236WA0132201309004004032059009
B1938113645883N11906227WA0132101310004004049078070
B1938123645882N11906220WA0132001317006004037142092
B1938133645877N11906218WA0131901320004004037182156
B1938143645873N11906219WA0131901316004004027213193
B1938153645869N11906223WA0132101314004004024233227
B1938163645867N11906227WA0132301312004005027249248
B1938173645867N11906233WA0132601315004004030271264
B1938183645868N11906239WA0132801316004004030312284
B1938193645873N11906244WA0133001317004004037344318
B1938203645880N11906244WA0133101317004004039024347
B1938213645885N11906237WA0133301318004004048044026
B1938223645891N11906231WA0133401318004004048050046
B1938233645892N11906223WA0133401321004004045122053
B1938243645888N11906218WA0133401321004004036149130
B1938253645882N11906219WA0133501324004004036189160
B1938263645878N11906224WA0133701326004004036230199
B1938273645878N11906231WA0133801328004004039268237
B1938283645878N11906238WA0134001330004004039298269
B1938293645881N11906243WA0134201330004004040317296
B1938303645888N11906244WA0134501330004004042018313
B1938313645893N11906237WA0134601331004004047040012
B1938323645899N11906231WA0134701331004004047066036
B1938333645897N11906224WA0134801334004003040105064
B1938343645896N11906216WA0135001335004003037135109
B1938353645892N11906213WA0135101336004003029171143
B1938363645890N11906215WA0135301336004003014273181
B1938373645890N11906221WA0135401335004004037292273
B1938383645894N11906228WA0135501336004004037342292
B1938393645902N11906229WA0135601334005004050014337
B1938403645909N11906227WA0135601337004004054023011
B1938413645911N11906221WA0135801342005005035070021
B1938423645910N11906214WA0135901346005005035134071
B1938433645905N11906210WA0136001349005005031182144
B1938443645899N11906211WA0136101346005005030214195
B1938453645896N11906217WA0136201354004004029239226
B1938463645894N11906222WA0136501360004004023263251
B1938473645895N11906226WA0136801364004004023290273
B1938483645896N11906230WA0137101364004004023303296
B1938493645898N11906233WA0137301364004004023320310
B1938503645902N11906236WA0137501363004004028335328
B1938513645907N11906238WA0137801362004004041356352
B1938523645913N11906237WA0137901364004004047023013
B1938533645920N11906232WA0137901368004004045043035
B1938543645923N11906225WA0137901372004004045053056
B1938553645927N11906218WA0138001373004004042070066
B1938563645928N11906212WA0138201374004004028091082
B1938573645927N11906207WA0138401374004004028128107
B1938583645922N11906205WA0138601375004003028151150
B1938593645918N11906206WA0138801377004003027190174
B1939003645915N11906210WA0139001380004003028230208
B1939013645912N11906214WA0139201380004003027254239
B1939023645912N11906219WA0139401381004003027285256
B1939033645913N11906223WA0139501383004003025304285
B1939043645916N11906226WA0139701385004003025327303
B1939053645919N11906228WA0139901385004003027335325
B1939063645924N11906229WA0140301385004003037347340
B1939073645930N11906230WA0140401387004004045009357
B1939083645937N11906225WA0140401386004003045031020
B1939093645943N11906219WA0140401387004003045058042
B1939103645944N11906211WA0140401391004003045081067
B1939113645945N11906203WA0140501392004003033097090
B1939123645943N11906198WA0140701397004003033112107
B1939133645941N11906193WA0140901401004003029118129
B1939143645939N11906189WA0141101403004003025121143
B1939153645936N11906186WA0141301406004003025132151
B1939163645933N11906184WA0141801407004003023158163
B1939173645930N11906185WA0141901408004003023192184
B1939183645926N11906186WA0142001409004003023214212
B1939193645923N11906189WA0142201410004003023221224
B1939203645922N11906192WA0142201413004003022244241
B1939213645922N11906196WA0142501415004003019262258
B1939223645923N11906200WA0142601416004003022285279
B1939233645925N11906204WA0142701416004003022303292
B1939243645929N11906209WA0142901416004003028315309
B1939253645934N11906213WA0142901417004003035326333
B1939263645939N11906215WA0143001419004003037345351
B1939273645945N11906214WA0143001419004003041006003
B1939283645952N11906213WA0143001420004003037022021
B1939293645957N11906207WA0143101421004003041040034
B1939303645962N11906201WA0143101421004003043058051
B1939313645964N11906193WA0143201424004003041071070
B1939323645966N11906186WA0143301425004003041097086
B1939333645963N11906181WA0143401427004003036127114
B1939343645958N11906179WA0143601429004003033159147
B1939353645953N11906177WA0143701430004003032188177
B1939363645949N11906178WA0144001431004003021202203
B1939373645947N11906181WA0144201435004003021228225
B1939383645945N11906183WA0144401435004003016268246
B1939393645945N11906187WA0144501435004003016284272
B1939403645946N11906191WA0144701435004003031299294
B1939413645949N11906196WA0144901435004003037319313
B1939423645956N11906198WA0144901435004003037346334
B1939433645963N11906199WA0144901435004003043019357
B1939443645969N11906195WA0144901437004003045046026
B1939453645973N11906186WA0144901439004003049061054
B1939463645974N11906178WA0144901441004003049078071
B1939473645974N11906170WA0145001443004003045091088
B1939483645973N11906163WA0145201444004003041107104
B1939493645971N11906156WA0145301445004003029130123
B1939503645967N11906155WA0145401447004003029168152
B1939513645962N11906154WA0145701447004003028203186
B1939523645962N11906159WA0145901449004003028261215
B1939533645964N11906164WA0146001450004003027295259
B1939543645966N11906168WA0146101451004003027316288
B1939553645970N11906170WA0146201453004003027338307
B1939563645975N11906170WA0146301454004003028001325
B1939573645980N11906168WA0146401454004003040019349
B1939583645986N11906162WA0146501454004003045037014
B1939593645989N11906155WA0146601455004003045059036
B1940003645993N11906147WA0146601455004003048084062
B1940013645990N11906137WA0146701456004003052109090
B1940023645987N11906129WA0146701457004003052131118
B1940033645982N11906125WA0146701459004003045158141
B1940043645979N11906126WA0146801462004003037182169
B1940053645977N11906126WA0146901465004003023189195
B1940063645974N11906127WA0147101465004003015183206
B1940073645971N11906128WA0147501466004003016206218
B1940083645968N11906130WA0147701465004003016236237
B1940093645967N11906135WA0147801466004003021249252
B1940103645965N11906140WA0147901467004003024252248
B1940113645964N11906144WA0147901468004003021249247
B1940123645962N11906148WA0148001470004003021250246
B1940133645961N11906151WA0148101471004003019246256
B1940143645960N11906155WA0148201471004003019257263
B1940153645961N11906160WA0148301471004003021269264
B1940163645961N11906165WA0148401472004003028279271
B1940173645962N11906170WA0148501473004003029287297
B1940183645964N11906175WA0148501473004003029294306
B1940193645968N11906179WA0148501473004003029322309
B1940203645973N11906182WA0148501474004003033333315
B1940213645978N11906185WA0148501475004003035341323
B1940223645983N11906187WA0148601477004003035352335
B1940233645989N11906186WA0148601480004003035000347
B1940243645994N11906184WA0148701483004003035018018
B1940253645999N11906179WA0148801486004003038038045
B1940263646003N11906172WA0149001489004003045058070
B1940273646006N11906165WA0149401490004003045085094
B1940283646005N11906157WA0149601490004003045117123
B1940293646002N11906150WA0149801492004003044137154
B1940303645996N11906148WA0150001490004003035199175
B1940313645992N11906151WA0150101489004003027247224
B1940323645993N11906157WA0150401491004003028280258
B1940333645993N11906162WA0150501493004003027310286
B1940343645996N11906165WA0150501494004003028342305
B1940353646002N11906165WA0150601498004003029000334
B1940363646007N11906165WA0150801498004003042029358
B1940373646013N11906158WA0151101500004003049043040
B1940383646018N11906151WA0151301502004003049068061
B1940393646020N11906141WA0151501502004003050097088
B1940403646018N11906132WA0151601503004003050121118
B1940413646012N11906127WA0151801507004003043145146
B1940423646006N11906123WA0152101508004003043175168
B1940433646003N11906125WA0152301511004003027206193
B1940443646001N11906127WA0152401514004003019225221
B1940453646000N11906128WA0152601516004003014223237
B1940463645999N11906130WA0152801517004003014254246
B1940473645998N11906133WA0153101517004003022265258
B1940483645998N11906139WA0153201516004003022273282
B1940493645998N11906144WA0153201517004003027279285
B1940503645999N11906149WA0153201520004003027305308
B1940513646002N11906153WA0153201522004003028334309
B1940523646008N11906153WA0153201524004003033354325
B1940533646013N11906153WA0153301527004003033358344
B1940543646019N11906153WA0153501528004003036349337
B1940553646024N11906154WA0153701531004003036352352
B1940563646030N11906155WA0153901532004003040013007
B1940573646036N11906151WA0154301535004003042025031
B1940583646041N11906145WA0154501537004003042046046
B1940593646044N11906138WA0154701539004003044067059
B1941003646045N11906129WA0154901541004003045082081
B1941013646044N11906121WA0155001543004003045095103
B1941023646042N11906113WA0155201545004003045108123
B1941033646038N11906107WA0155401548004003043128137
B1941043646034N11906104WA0155501550004003038151160
B1941053646029N11906104WA0155601552004003034177181
B1941063646026N11906106WA0155801555004003026202205
B1941073646024N11906109WA0156201559004003026226224
B1941083646023N11906112WA0156401561004003020259243
B1941093646023N11906115WA0156601561004003020301265
B1941103646025N11906118WA0156701561004003022325296
B1941113646031N11906120WA0156901563004003036343316
B1941123646037N11906122WA0157101564004003040010337
B1941133646043N11906119WA0157201565004003040033003
B1941143646048N11906112WA0157401569004003044046025
B1941153646052N11906105WA0157601572004003044058042
B1941163646054N11906097WA0157801574004003043068060
B1941173646055N11906089WA0158301576004003043081074
B1941183646056N11906081WA0158501576004003043102091
B1941193646054N11906073WA0158701577004003043122116
B1941203646048N11906068WA0158801578004003045146140
B1941213646043N11906067WA0158801581004003038172165
B1941223646038N11906069WA0158901583004003038202192
B1941233646036N11906073WA0159001586004003030238217
B1941243646035N11906077WA0159201586004003024288246
B1941253646036N11906080WA0159301587004003024318284
B1941263646041N11906083WA0159501588004003032330307
B1941273646046N11906086WA0159601590004003035334321
B1941283646051N11906087WA0159901593004003035345340
B1941293646058N11906087WA0160001596004003038003356
B1941303646064N11906086WA0160101596004003042033014
B1941313646070N11906080WA0160201596004003051063044
B1941323646073N11906070WA0160301595004003052096075
B1941333646070N11906060WA0160501595004003052115114
B1941343646065N11906052WA0160601597004003052127134
B1941353646061N11906048WA0160601597004003041164147
B1941363646055N11906048WA0160701597004003023198184
B1941373646052N11906050WA0160801600004003023219221
B1941383646050N11906053WA0161101603004003017236238
B1941393646049N11906056WA0161401605004003017249255
B1941403646049N11906061WA0161601607004003017268274
B1941413646051N11906066WA0161701608004003028297291
B1941423646056N11906069WA0161801608004003037331316
B1941433646063N11906070WA0162001608004003037356338
B1941443646070N11906070WA0162001609004003044015356
B1941453646076N11906066WA0162001611004003045044014
B1941463646080N11906060WA0162101615004003045054042
B1941473646084N11906053WA0162101616004003042065052
B1941483646086N11906045WA0162401617004003042073064
B1941493646087N11906037WA0162601618004003044090078
B1941503646085N11906028WA0162701617004003049112104
B1941513646080N11906020WA0162801619004003049128133
B1941523646074N11906016WA0162801622004003049148154
B1941533646068N11906014WA0162901626004003037162175
B1941543646064N11906013WA0163001629004003037171189
B1941553646059N11906012WA0163201629004003029185210
B1941563646056N11906013WA0163301629004003022219225
B1941573646054N11906016WA0163501629004003022253250
B1941583646055N11906021WA0163701628004003028279277
B1941593646058N11906027WA0163701628004003028307298
B1942003646061N11906032WA0163701629004003036348315
B1942013646068N11906033WA0163601628004003043004348
B1942023646075N11906030WA0163601630004003046038005
B1942033646081N11906023WA0163601631004003046062038
B1942043646082N11906013WA0163701631004003049081065
B1942053646080N11906004WA0163801633004003047102087
B1942063646077N11905997WA0164001635004003047120113
B1942073646073N11905992WA0164101638004003044139134
B1942083646069N11905987WA0164401639004003039146156
B1942093646065N11905985WA0164501638004003018201166
B1942103646063N11905989WA0164701637004003028260225
B1942113646064N11905995WA0164701637004003028283263
B1942123646066N11906001WA0164701638004003030284272
B1942133646067N11906007WA0164701640004003025281270
B1942143646068N11906011WA0164701641004003025283270
B1942153646069N11906016WA0164701643004003025291287
B1942163646071N11906020WA0164701644004003026302294
B1942173646075N11906025WA0164801646004003034316313
B1942183646080N11906028WA0165001648004003037329332
B1942193646086N11906030WA0165101651004003037351355
B1942203646092N11906030WA0165201651004003038359013
B1942213646098N11906028WA0165401650004003042041021
B1942223646103N11906020WA0165501650004003047064053
B1942233646105N11906011WA0165601650004003047083075
B1942243646104N11906003WA0165601651004003042095094
B1942253646102N11905996WA0165601654004003041109111
B1942263646099N11905990WA0165601656004003039125129
B1942273646096N11905987WA0165701658004003025146148
B1942283646093N11905985WA0165901658004003025190178
B1942293646089N11905986WA0166001658004003023221218
B1942303646087N11905990WA0166001658004003023237241
B1942313646086N11905995WA0166101659004003026260261
B1942323646087N11906000WA0166101661004003025284283
B1942333646089N11906003WA0166101663004003025313296
B1942343646093N11906005WA0166201664004003025339314
B1942353646097N11906007WA0166301664004003028009330
B1942363646103N11906004WA0166401664004003034023357
B1942373646108N11905998WA0166501663004003043043017
B1942383646111N11905991WA0166501663004003046062043
B1942393646114N11905983WA0166501664004003044089066
B1942403646112N11905975WA0166501664004003045109099
B1942413646109N11905967WA0166401664004003044127125
B1942423646105N11905962WA0166401665004003033151145
B1942433646100N11905960WA0166401665004003033171178
B1942443646097N11905962WA0166401666004003025192199
B1942453646094N11905964WA0166501666004003022207211
B1942463646090N11905966WA0166601666004003022208216
B1942473646087N11905969WA0166601666004003025206223
B1942483646083N11905971WA0166701666004003027211228
B1942493646080N11905975WA0166701668004003025223247
B1942503646079N11905978WA0166701669004003025239261
B1942513646078N11905982WA0166701669004003022259267
B1942523646079N11905986WA0166701670004003022281284
B1942533646081N11905990WA0166801669004003024307293
B1942543646084N11905992WA0166901668004003024336314
B1942553646089N11905992WA0166901666004003028359330
B1942563646095N11905990WA0166801665004003034018352
B1942573646100N11905985WA0166801663004003043040014
B1942583646104N11905979WA0166601664004003047052040
B1942593646105N11905970WA0166401663004003047081055
B1943003646104N11905960WA0166301662004003050103090
B1943013646100N11905952WA0166201661004003050119116
B1943023646096N11905944WA0166101662004003048127129
B1943033646092N11905937WA0166001662004003048127137
B1943043646088N11905931WA0165901663004003045129146
B1943053646084N11905925WA0165901664004003042132152
B1943063646080N11905921WA0165901664004003038137157
B1943073646076N11905917WA0166001663004003034142158
B1943083646071N11905913WA0166001662004003035144160
B1943093646066N11905909WA0166001661004003035145162
B1943103646061N11905905WA0165901661004003037151171
B1943113646057N11905903WA0165901662004003037163186
B1943123646052N11905903WA0165801662004003030176191
B1943133646048N11905903WA0165801662004003030179183
B1943143646043N11905903WA0165801662004003028176180
B1943153646039N11905902WA0165801661004003028173187
B1943163646035N11905902WA0165801661004003028174186
B1943173646030N11905901WA0165701660004003032174182
B1943183646025N11905900WA0165701661004003033171174
B1943193646020N11905899WA0165601662004003032168178
B1943203646016N11905898WA0165601663004003032167177
B1943213646011N11905897WA0165601663004003030167183
B1943223646007N11905895WA0165701663004003028165192
B1943233646004N11905894WA0165701662004003028166206
B1943243646000N11905893WA0165801661004003025185211
B1943253645996N11905894WA0165801661004003025203203
B1943263645992N11905897WA0165701658004003026203193
B1943273645988N11905899WA0165601658004003031193184
B1943283645983N11905900WA0165401658004003031179185
B1943293645979N11905899WA0165201658004003031162176
B1943303645975N11905897WA0165101659004003032158171
B1943313645970N11905895WA0165001657004003032156161
B1943323645966N11905892WA0165001656004003033154158
B1943333645961N11905889WA0164901653004003036150151
B1943343645957N11905884WA0164701651004003036146147
B1943353645952N11905880WA0164601650004003039142143
B1943363645947N11905875WA0164401650004003039139143
B1943373645943N11905871WA0164301650004003035135145
B1943383645940N11905866WA0164201649004003035133150
B1943393645937N11905862WA0164001647004003032135154
B1943403645933N11905858WA0163901645004003032138153
B1943413645929N11905854WA0163901643004003033142152
B1943423645924N11905850WA0163801641004003036146155
B1943433645919N11905846WA0163601639004003037147155
B1943443645915N11905842WA0163301638004003036146153
B1943453645910N11905839WA0163201638004003036147157
B1943463645906N11905836WA0163101637004003034149162
B1943473645902N11905833WA0163001635004003032152152
B1943483645897N11905830WA0162901632004003036154152
B1943493645892N11905827WA0162801630004003036152145
B1943503645887N11905823WA0162701629004003039149144
B1943513645882N11905820WA0162501628004003038149147
B1943523645877N11905816WA0162401626004003040150149
B1943533645871N11905812WA0162301625004003040152151
B1943543645866N11905808WA0162001625004003042150153
B1943553645861N11905804WA0161901625004003041145148
B1943563645856N11905800WA0161901625004003041141150
B1943573645852N11905796WA0161801625004003036151150
B1943583645848N11905793WA0161801624004003031163165
B1943593645844N11905792WA0161801623004003029166162
B1944003645839N11905791WA0161701622004003029159146
B1944013645835N11905789WA0161601620004003029149158
B1944023645831N11905786WA0161501619004003031147156
B1944033645827N11905783WA0161201614004003036152161
B1944043645822N11905781WA0160701611004003036160156
B1944053645816N11905779WA0160401608004003036165154
B1944063645811N11905777WA0160101608004003037161163
B1944073645806N11905774WA0159901605004003037153154
B1944083645802N11905770WA0159601602004003035143150
B1944093645798N11905767WA0159301599005003035144158
B1944103645793N11905763WA0159101596004003035150161
B1944113645787N11905759WA0158801593004003039150149
B1944123645782N11905755WA0158601592004003043146147
B1944133645777N11905750WA0158401593004003041139152
B1944143645773N11905745WA0158201591004003041133149
B1944153645769N11905740WA0157901588004003040136154
B1944163645764N11905735WA0157701584004003040144161
B1944173645758N11905731WA0157501580004003041151162
B1944183645752N11905727WA0157301580004003046152157
B1944193645746N11905723WA0156901580004003046153165
B1944203645741N11905720WA0156701579004003044156166
B1944213645736N11905717WA0156601578004003041157169
B1944223645730N11905715WA0156501575004003038159166
B1944233645725N11905712WA0156401572004003040159165
B1944243645719N11905710WA0156301569004003042161163
B1944253645713N11905707WA0156001567004003042162167
B1944263645706N11905705WA0155801566004003042160164
B1944273645701N11905702WA0155601566004003041158163
B1944283645697N11905700WA0155401565004003034155159
B1944293645692N11905697WA0155301564004003034154171
B1944303645687N11905694WA0155101563004003034159178
B1944313645682N11905692WA0155001562004003037166176
B1944323645676N11905690WA0154901559004003040168180
B1944333645670N11905689WA0154701557004003038168172
B1944343645665N11905688WA0154501555004003038166171
B1944353645660N11905686WA0154001553004003035163174
B1944363645655N11905684WA0153801550004003035163176
B1944373645649N11905682WA0153701548004003038164167
B1944383645643N11905680WA0153501547004003043164171
B1944393645637N11905677WA0153401547004003043160162
B1944403645631N11905674WA0153101546004003043155160
B1944413645625N11905670WA0153101546004003044154160
B1944423645619N11905667WA0153001546004003044156166
B1944433645613N11905664WA0153001546004003042157167
B1944443645607N11905661WA0153101547004003042155159
B1944453645602N11905657WA0153201547004003041150159
B1944463645596N11905653WA0153201547004003041148156
B1944473645591N11905649WA0153301546004003041152167
B1944483645585N11905646WA0153301546004003040158169
B1944493645580N11905644WA0153301546004003040162171
B1944503645574N11905642WA0153301545004003040160162
B1944513645569N11905639WA0153301544004003039154156
B1944523645564N11905635WA0153301543004003039151160
B1944533645559N11905633WA0153301541004003036158170
B1944543645554N11905630WA0153301541004003036168169
B1944553645548N11905629WA0153101539004003035170164
B1944563645543N11905627WA0153001537004003035161155
B1944573645538N11905624WA0152901535004003036150152
B1944583645533N11905619WA0152801533004003041146152
B1944593645528N11905615WA0152601531004003041147154
B1945003645523N11905612WA0152301530004003040149153
B1945013645518N11905608WA0152201528004003039149153
B1945023645513N11905604WA0152101527004003038145138
B1945033645508N11905600WA0152001524004003037145150
B1945043645503N11905596WA0151901522004003039145156
B1945053645498N11905592WA0151601519004003039146145
B1945063645493N11905588WA0151401518004003041147149
B1945073645488N11905584WA0151301517004003041147152
B1945083645482N11905579WA0151101515004003042146150
B1945093645477N11905575WA0151001514004003044146149
B1945103645471N11905570WA0150701513004003044145149
B1945113645465N11905565WA0150701512004003046143138
B1945123645460N11905559WA0150601512004003047141150
B1945133645455N11905554WA0150501511004003046138147
B1945143645449N11905548WA0150501511004003046139146
B1945153645444N11905542WA0150401511004003046141159
B1945163645438N11905537WA0150401511004003048141148
B1945173645432N11905531WA0150401513004003049144156
B1945183645426N11905526WA0150401516004003048145159
B1945193645421N11905522WA0150501519004003048147162
B1945203645415N11905518WA0150701522004003043150164
B1945213645411N11905515WA0151001523004003039151194
B1945223645406N11905512WA0151201523004003035153198
B1945233645402N11905510WA0151401522004003026171196
B1945243645398N11905510WA0151601520004003026192230
B1945253645394N11905512WA0151601519004003026227248
B1945263645393N11905518WA0151601519004003030257267
B1945273645393N11905525WA0151401518004003030267287
B1945283645393N11905530WA0151301518006003026279287
B1945293645395N11905534WA0151101519006003026288288
B1945303645400N11905537WA0151001522006003026325288
B1945313645404N11905540WA0151001523006003026331317
B1945323645408N11905541WA0151101525005003026347323
B1945333645413N11905539WA0151301526005003030014336
B1945343645418N11905538WA0151501526005003039027000
B1945353645423N11905533WA0151801528005003039050019
B1945363645427N11905525WA0151901528005003044076045
B1945373645428N11905512WA0152001523005004052112079
B1945383645424N11905501WA0152101523005003055135122
B1945393645418N11905495WA0152201524005003055144148
B1945403645412N11905492WA0152401523005003046149159
B1945413645409N11905495WA0152501522005004030242167
B1945423645409N11905501WA0152601524005004027311255
B1945433645413N11905505WA0152701526005004032002303
B1945443645418N11905503WA0152901525005004032022344
B1945453645424N11905496WA0153001524005005032060002
B1945463645427N11905486WA0153101529005005051080041
B1945473645427N11905475WA0153101527005005051106074
B1945483645424N11905467WA0153201528005005044122108
B1945493645419N11905461WA0153401534005005044135128
B1945503645415N11905458WA0153501532005005039149146
B1945513645410N11905459WA0153801531005005032201165
B1945523645405N11905463WA0153901530005005031229224
B1945533645403N11905469WA0154001535004005025244249
B1945553645401N11905474WA0154101536004004025257267
B1945563645401N11905478WA0154201539004004022281276
B1945573645404N11905481WA0154501541004004021314292
B1945583645406N11905484WA0154701541004004025352312
B1945593645410N11905484WA0154801541004004027008339
B1946003645415N11905481WA0154901541005004025029353
B1946013645419N11905473WA0155001546005004027075009
B1946023645420N11905461WA0155001543005005051104059
B1946033645416N11905452WA0155101545005004051129107
B1946043645411N11905445WA0155201545005004051158138
B1946053645404N11905445WA0155301547005004042181173
B1946063645398N11905446WA0155501547009004036194204
B1946073645394N11905448WA0155801551004004036211225
B1946083645390N11905451WA0155901552004004028236244
B1946093645388N11905456WA0156001552004004028258268
B1946103645389N11905461WA0156101553004004029275290
B1946113645391N11905466WA0156101554004004029303300
B1946123645396N11905469WA0156201554004003029331318
B1946133645400N11905472WA0156201555004003034359335
B1946143645406N11905469WA0156201557005003040015352
B1946153645412N11905465WA0156201559004003043030007
B1946163645418N11905461WA0156201560004003043047020
B1946173645422N11905454WA0156401560004003045068037
B1946183645425N11905445WA0156501561004003046081060
B1946193645424N11905435WA0156601559004004051112075
B1946203645419N11905427WA0156701561004003051129115
B1946213645413N11905420WA0156701561004003051146136
B1946223645408N11905419WA0156801564004003035161158
B1946233645403N11905418WA0157001567004003035168178
B1946243645398N11905417WA0157101568004003031171185
B1946253645393N11905416WA0157301569004003029181202
B1946263645389N11905417WA0157501569004003026204223
B1946273645385N11905420WA0157801570004004028235257
B1946283645383N11905425WA0157801569004004028280281
B1946293645385N11905430WA0157801569004004032310313
B1946303645390N11905433WA0157801564005004038343337
B1946313645396N11905433WA0157801565005004038019000
B1946323645403N11905426WA0157601576005005038067024
B1946333645404N11905415WA0157501577005004046083066
B1946343645403N11905406WA0157501579004004045102087
B1946353645401N11905398WA0157501579004004045119109
B1946363645398N11905393WA0157601581004004038141129
B1946373645393N11905390WA0157901583004004035160161
B1946383645389N11905389WA0158101584004004031173183
B1946393645385N11905390WA0158201584004004031191199
B1946403645382N11905393WA0158401583004003028222216
B1946413645381N11905397WA0158401582004003026262242
B1946423645383N11905402WA0158401581004003031300271
B1946433645386N11905406WA0158401581004003031315298
B1946443645390N11905408WA0158301582005003031015309
B1946453645396N11905402WA0158201581004003031034356
B1946463645400N11905395WA0158201580004003047056016
B1946473645402N11905386WA0158101580004003048077046
B1946483645400N11905377WA0158101581004003047100072
B1946493645399N11905368WA0158101581004003047108101
B1946503645396N11905360WA0158101582004003039128111
B1946513645392N11905356WA0158101584004003039137141
B1946523645388N11905351WA0158201584006003036136147
B1946533645383N11905346WA0158201584006003036139147
B1946543645379N11905341WA0158301585006003043142151
B1946553645372N11905336WA0158301584006003048147151
B1946563645366N11905331WA0158301584006003045153155
B1946573645360N11905328WA0158101585004003045155158
B1946583645354N11905325WA0158101586004003042153159
B1946593645349N11905321WA0158101585004003040149161
B1947003645344N11905317WA0158101585004003042146155
B1947013645339N11905313WA0158201585004003040145163
B1947023645334N11905309WA0158201585004003040146164
B1947033645330N11905305WA0158201585004003037147164
B1947043645325N11905302WA0158201585005003037146162
B1947053645321N11905298WA0158201585004003037144158
B1947063645317N11905294WA0158201585004003035142169
B1947073645313N11905291WA0158101585004003033142170
B1947083645310N11905288WA0158101584004003028145170
B1947093645306N11905285WA0158101583004003029148172
B1947103645302N11905282WA0158101581004003029150170
B1947113645297N11905279WA0158001579004003031152165
B1947123645293N11905276WA0157901578004003034153164
B1947133645288N11905273WA0157701578004003031152173
B1947143645284N11905271WA0157601577004003031149168
B1947153645281N11905268WA0157501576004003028149166
B1947163645277N11905266WA0157401573004003028152165
B1947173645273N11905263WA0157301571004003028155158
B1947183645268N11905261WA0157201568004003033155157
B1947193645263N11905258WA0157001568004003035151157
B1947203645259N11905255WA0156801568004003035149162
B1947213645254N11905252WA0156701569004003035151164
B1947223645250N11905249WA0156501569004003034154168
B1947233645246N11905247WA0156401568004003031157170
B1947243645241N11905244WA0156401567004003032155171
B1947253645237N11905241WA0156301564004003032149154
B1947263645232N11905237WA0156201561004003036145156
B1947273645227N11905233WA0156001559004003037146166
B1947283645223N11905230WA0155901556004003036148168
B1947293645218N11905226WA0155701553005003037147165
B1947303645213N11905221WA0155501549005003037142156
B1947313645209N11905217WA0155201546005003040140159
B1947323645204N11905212WA0155001542005003042143169
B1947333645198N11905208WA0154501539005003042147169
B1947343645193N11905203WA0154301537004003043148163
B1947353645187N11905199WA0154001535005003043147161
B1947363645182N11905195WA0153701533005003043145159
B1947373645177N11905190WA0153501531004003042144164
B1947383645173N11905186WA0153101528004003038142164
B1947393645168N11905181WA0153001526004003038140159
B1947403645164N11905177WA0152801523004003038142165
B1947413645159N11905173WA0152601521005003038145159
B1947423645154N11905169WA0152401519005003039148156
B1947433645149N11905165WA0152101518005003038147166
B1947443645144N11905161WA0151901518004003038144163
B1947453645140N11905157WA0151801517004003038142162
B1947463645134N11905152WA0151701516004003040145169
B1947473645129N11905148WA0151601516004003041149167
B1947483645124N11905145WA0151401516005003042153167
B1947493645118N11905141WA0151401517005003042152163
B1947503645114N11905138WA0151401517005003039151163
B1947513645109N11905135WA0151401517005003036152181
B1947523645105N11905133WA0151401517005003032154175
B1947533645101N11905131WA0151501516005003030153172
B1947543645097N11905128WA0151501514004003034151162
B1947553645092N11905124WA0151501512004003034149158
B1947563645087N11905120WA0151401511004003039148155
B1947573645082N11905116WA0151301510004003039146157
B1947583645078N11905112WA0151101509004003036143155
B1947593645073N11905108WA0151001508004003036140152
B1948003645069N11905104WA0150901505004003036141149
B1948013645065N11905099WA0150801503004003037142157
B1948023645061N11905095WA0150701501004003035140160
B1948033645057N11905091WA0150401498004003035139152
B1948043645053N11905087WA0150201496004003034140155
B1948053645049N11905083WA0150001493004003034136145
B1948063645046N11905078WA0149801489004003034133143
B1948073645041N11905073WA0149601486005003040134145
B1948083645037N11905068WA0149201483004003040137144
B1948093645033N11905063WA0148901481005003040140144
B1948103645028N11905058WA0148701478005003038137138
B1948113645024N11905053WA0148401475005003038134132
B1948123645019N11905047WA0148201472005003046133135
B1948133645014N11905040WA0147701470005003048134135
B1948143645010N11905034WA0147501468005003047133129
E194814Waypoint LASTCH reached
B1948153645005N11905027WA0147201465005003047130132
B1948163645001N11905021WA0147101463005003045127131
B1948173644997N11905014WA0146901460005003046125126
B1948183644993N11905007WA0146501457005003047125125
B1948193644989N11905000WA0146301454005003047128134
B1948203644984N11904993WA0146101452005003047129137
B1948213644980N11904986WA0145801452005003046129130
B1948223644976N11904980WA0145601449004003044129137
B1948233644971N11904973WA0145201446004003046128136
B1948243644967N11904966WA0145001443004003046127135
B1948253644962N11904960WA0144801440004003047130151
B1948263644958N11904953WA0144601441004003048129133
B1948273644953N11904946WA0144301441004003047128144
B1948283644949N11904939WA0144001441004003047131140
B1948293644945N11904933WA0143901442004003045135165
B1948303644941N11904929WA0143901443004003042137152
B1948313644937N11904924WA0144001444004003038137157
B1948323644933N11904919WA0144001444005003037133167
B1948333644929N11904914WA0144201445005003037132185
B1948343644925N11904909WA0144301444005003037136182
B1948353644921N11904905WA0144401444005003036140189
B1948363644917N11904902WA0144401443006003034169199
B1948373644913N11904903WA0144401443007003024208223
B1948383644911N11904907WA0144201441007003024245251
B1948393644910N11904911WA0144101440007003022266274
B1948403644911N11904915WA0143901440007003021303284
B1948413644915N11904916WA0143801441007003021352299
B1948423644920N11904916WA0143701442007003027356326
B1948433644924N11904917WA0143801441006003027353334
B1948443644929N11904917WA0143801440006003027358334
B1948453644934N11904917WA0143801439005003027002335
B1948463644941N11904917WA0143801438005003036359337
B1948473644948N11904917WA0143801438006003050352322
B1948483644955N11904919WA0143701440005003050352325
B1948493644961N11904920WA0143701440005003041354327
B1948503644965N11904921WA0143801440004003029359317
B1948513644969N11904921WA0144001437005004026358313
B1948523644972N11904921WA0144201435005004030346295
B1948533644977N11904923WA0144401435005004033346296
B1948543644980N11904928WA0144501434006005033297287
B1948553644982N11904935WA0144401434006005034271257
B1948563644981N11904941WA0144101434005005034232248
B1948573644977N11904944WA0143901435006004022210228
B1948583644974N11904946WA0143701434005004022196215
B1948593644971N11904947WA0143401433005004022191200
B1949003644967N11904948WA0143401431005004022195200
B1949013644962N11904950WA0143301429005004027191206
B1949023644955N11904951WA0143201426005004045186197
B1949033644949N11904951WA0143101426005004045176192
B1949043644943N11904950WA0142701427005004042166185
B1949053644939N11904948WA0142501427005004033157183
B1949063644936N11904946WA0142401425005004025155173
B1949073644933N11904944WA0142301425004004029161169
B1949083644929N11904942WA0142301425004004036161155
B1949093644923N11904940WA0142201424005004036152148
B1949103644917N11904935WA0142101425005004046144140
B1949113644912N11904929WA0141901424006004046130140
B1949123644908N11904923WA0141801421007004035126135
B1949133644905N11904917WA0141701420007004036126135
B1949143644902N11904911WA0141701418005004036125133
B1949153644898N11904905WA0141601417007005037124133
B1949163644893N11904897WA0141401413007004037128127
B1949173644888N11904890WA0141201412007004046128132
B1949183644884N11904883WA0141001411006004046125117
B1949193644881N11904877WA0140601412006004043116105
B1949203644878N11904869WA0140501412006004043110097
B1949213644876N11904862WA0140501411005004042107090
B1949223644876N11904855WA0140601413005004037101097
B1949233644875N11904848WA0140701412005004038095113
B1949243644874N11904840WA0141001411005004038090110
B1949253644874N11904833WA0141001409005004038092107
B1949263644874N11904826WA0141001408005004036099136
B1949273644873N11904821WA0141001405005004030119129
B1949283644870N11904816WA0140901404005004035130143
B1949293644866N11904812WA0140601399005004035136150
B1949303644861N11904808WA0140301396005004036147177
B1949313644856N11904807WA0140101393005004036165196
B1949323644852N11904808WA0139801388006003027195210
B1949333644849N11904812WA0139501383006003027230238
B1949343644847N11904816WA0139001382006003027255262
B1949353644847N11904820WA0138701383006003026303277
B1949363644850N11904823WA0138401384004004026329305
B1949373644854N11904825WA0138201386004004025340316
B1949383644858N11904826WA0138001385004004025334317
B1949393644861N11904829WA0137701385004004025320311
B1949403644864N11904833WA0137701385004004025313309
B1949413644866N11904837WA0137701384004004026310304
B1949423644869N11904841WA0137601384004004025305296
B1949433644871N11904844WA0137601384004004025311305
B1949443644875N11904847WA0137501384004004025325314
B1949453644878N11904850WA0137501383004004025336316
B1949463644882N11904851WA0137501381004004028341308
B1949473644886N11904853WA0137501380004004029336305
B1949483644890N11904855WA0137401378004004030334309
B1949493644895N11904858WA0137101375004004030333307
B1949503644899N11904861WA0137001373004003030333307
B1949513644903N11904863WA0136801372004003029335304
B1949523644907N11904864WA0136601370004003028342314
B1949533644911N11904865WA0136501368004003030349320
B1949543644916N11904866WA0136201366004003030351323
B1949553644921N11904867WA0136101365004003033351318
B1949563644927N11904868WA0135901365004003035352316
B1949573644933N11904869WA0135801367004004038351320
B1949583644938N11904870WA0135701368005004038351315
B1949593644944N11904871WA0135601369004003037353312
B1950003644949N11904871WA0135601369004003035352315
B1950013644954N11904873WA0135601368004003035347319
B1950023644960N11904875WA0135701368004003035341315
B1950033644965N11904877WA0135701370004003035338317
B1950043644969N11904880WA0135801371004003034333320
B1950053644973N11904882WA0135901370004003033334314
B1950063644978N11904885WA0136001369004003038332309
B1950073644984N11904889WA0136101369004003040329307
B1950083644989N11904893WA0136101369004003038321304
B1950093644994N11904898WA0136201368004003038323313
B1950103644998N11904901WA0136301370005003033328314
B1950113645003N11904904WA0136401372004003034336317
B1950123645008N11904907WA0136601373004003034338316
B1950133645014N11904910WA0136801375004003037335307
B1950143645018N11904913WA0137101377004003037331302
B1950153645023N11904917WA0137301381004003036329296
B1950163645027N11904920WA0137501384004003036327290
B1950173645031N11904923WA0137701384004003033319284
B1950183645034N11904927WA0138001383004003028295278
B1950193645034N11904931WA0138201383004003023262266
B1950203645032N11904934WA0138701386004003019231245
B1950213645030N11904937WA0138901387004003019208224
B1950223645028N11904936WA0139101387004003018139206
B1950233645025N11904930WA0139201389005003018117148
B1950243645023N11904923WA0139601390004003036109117
B1950253645022N11904914WA0139801390005003045087102
B1950263645023N11904904WA0140001389004003045074078
B1950273645026N11904896WA0140201389005004044048063
B1950283645032N11904891WA0140401394005004042018036
B1950293645039N11904889WA0140901397005004042348006
B1950303645045N11904893WA0141201401005004038334337
B1950313645049N11904897WA0141401405004004038317325
B1950323645052N11904901WA0141601406004004032302310
B1950333645053N11904905WA0141801410004004024288297
B1950343645054N11904908WA0142001412004004018280285
B1950353645054N11904911WA0142501415004003018274275
B1950363645054N11904915WA0142701417004003021269265
B1950373645054N11904919WA0142901418004003018249259
B1950383645053N11904921WA0143101422004003017230245
B1950393645050N11904922WA0143301425004003016195234
B1950403645048N11904923WA0143701426004003019180208
B1950413645045N11904922WA0143901429004003023167187
B1950423645041N11904921WA0144101430004003023139166
B1950433645038N11904917WA0144301430004003029130139
B1950443645036N11904910WA0144501428004003033106124
B1950453645039N11904900WA0144801429005003051072095
B1950463645042N11904890WA0144901429004003051072056
B1950473645046N11904884WA0144901431004003046022055
B1950483645053N11904885WA0145001434004004041349004
B1950493645059N11904888WA0145001435005004036336335
B1950503645063N11904891WA0145401437005004021332321
B1950513645065N11904895WA0145601437005005021330314
B1950523645066N11904897WA0146001435005004020321312
B1950533645067N11904899WA0146301437005004019299304
B1950543645068N11904903WA0146601439005004019280288
B1950553645067N11904906WA0146901441004004017259274
B1950563645066N11904909WA0147001444004004017239259
B1950573645065N11904911WA0147101447004004014235250
B1950583645065N11904915WA0147101448004004014258254
B1950593645066N11904919WA0147201450004004017278273
B1951003645067N11904923WA0147401451004004024285284
B1951013645068N11904928WA0147401453004004024301297
B1951023645070N11904931WA0147501455004004024319292
B1951033645074N11904934WA0147601459004004025328286
B1951043645078N11904937WA0147801463004003027325286
B1951053645081N11904940WA0148201464004003026307280
B1951063645083N11904944WA0148401468004003026287270
B1951073645082N11904948WA0148601471004003023261257
B1951083645080N11904950WA0148901474004003020227241
B1951093645079N11904953WA0149101474004003018186220
B1951103645075N11904951WA0149401476004003026158196
B1951113645072N11904947WA0149501478004003033130166
B1951123645071N11904940WA0149601479005003033103137
B1951133645070N11904933WA0149701480005003036079105
B1951143645072N11904925WA0149801480005003039049073
B1951153645079N11904920WA0150001480005003049029034
B1951163645086N11904916WA0150101481005003049029013
B1951173645092N11904917WA0150101480005003045335013
B1951183645095N11904923WA0150201481006004043285319
B1951193645094N11904929WA0150201483005004030261277
B1951203645091N11904932WA0150401485005004018214257
B1951213645090N11904934WA0150601486005004018214233
B1951223645088N11904935WA0150701487004004010260234
B1951233645088N11904938WA0150801488004004010287262
B1951243645088N11904940WA0150901488004004012283267
B1951253645089N11904944WA0151001487004003016276256
B1951263645088N11904947WA0150901488004003016258243
B1951273645087N11904949WA0150801488005003016222232
B1951283645084N11904950WA0150701488004003017190213
B1951293645079N11904950WA0150701490004003024173198
B1951303645075N11904948WA0150701492004003034161186
B1951313645070N11904945WA0150701494004003034150171
B1951323645067N11904943WA0150701496004003031148170
B1951333645064N11904941WA0150801497004003026158174
B1951343645060N11904940WA0150901498004003026168174
B1951353645055N11904940WA0151101499004003033169170
B1951363645051N11904939WA0151101500004003034165175
B1951373645046N11904937WA0151201501004003033165178
B1951383645042N11904936WA0151301502004003030170183
B1951393645039N11904936WA0151501507004003027173185
B1951403645035N11904934WA0151901511004003025165171
B1951413645031N11904933WA0152201511004003029142156
B1951423645028N11904929WA0152401512004003029125133
B1951433645025N11904922WA0152701514004003038121120
B1951443645021N11904915WA0152901515004003043112110
B1951453645019N11904906WA0153201516004003044109094
B1951463645020N11904898WA0153401520004003044086087
B1951473645022N11904890WA0153601523004003042067067
B1951483645027N11904885WA0153801525004003041048049
B1951493645031N11904879WA0154001526004003040029028
B1951503645036N11904877WA0154401527004003033355006
B1951513645040N11904879WA0154601528004003033327326
B1951523645044N11904883WA0154801531004003032309300
B1951533645046N11904887WA0154901533004004026291285
B1951543645046N11904891WA0155201536004003019271272
B1951553645046N11904894WA0155601537005003019261254
B1951563645045N11904899WA0155901538005003022244242
B1951573645042N11904903WA0156201543004003022229229
B1951583645038N11904905WA0156401547004003022204211
B1951593645034N11904904WA0156601550004003023170198
B1952003645030N11904901WA0156801552004003032146178
B1952013645026N11904896WA0157201555004003041132152
B1952023645022N11904890WA0157401556004003041124130
B1952033645018N11904881WA0157501556004003046110115
B1952043645018N11904873WA0157701558004003046079099
B1952053645021N11904865WA0157901560004004034048068
B1952063645026N11904861WA0158401564004004034024035
B1952073645032N11904859WA0158701567004004033021006
B1952083645037N11904857WA0159001574004004031015351
B1952093645041N11904856WA0159301575004004031002337
B1952103645046N11904856WA0159901575004004033348329
B1952113645051N11904857WA0160101577005004033331311
B1952123645054N11904861WA0160401580004004031313294
B1952133645057N11904865WA0160601582004004027295281
B1952143645058N11904869WA0160901586004004020279263
B1952153645057N11904872WA0161101589004003020250251
B1952163645054N11904876WA0161401591004003020230240
B1952173645051N11904880WA0161601594004003025221231
B1952183645047N11904883WA0161801598005003025211224
B1952193645044N11904883WA0161901601004003025187208
B1952203645041N11904884WA0162101601004003021171195
B1952213645038N11904884WA0162401602004003020173188
B1952223645034N11904884WA0162501602004003033176179
B1952233645028N11904883WA0162501602004003039173164
B1952243645022N11904881WA0162501603004003039163154
B1952253645016N11904877WA0162401604004003043149141
B1952263645012N11904871WA0162301604004003046134130
B1952273645008N11904864WA0162301605004003046119118
B1952283645006N11904855WA0162201605004003046107108
B1952293645004N11904847WA0162201605004003047093099
B1952303645004N11904838WA0162201604004003053085083
B1952313645005N11904828WA0162201603004003053075071
B1952323645008N11904819WA0162201603005004048072061
B1952333645012N11904815WA0162201607005004042056059
B1952343645017N11904815WA0162201610005004022006042
B1952353645021N11904817WA0162301613005005022344331
B1952363645023N11904819WA0162501614005004016325311
B1952373645026N11904822WA0162701614005004016311291
B1952383645027N11904826WA0162901614005004020286281
B1952393645029N11904831WA0163001615005004020262263
B1952403645029N11904835WA0163101615005004019237247
B1952413645027N11904838WA0163201616005004019224236
B1952423645023N11904842WA0163301617004004029209228
B1952433645020N11904845WA0163301618004004031201216
B1952443645015N11904848WA0163401619004004030194212
B1952453645012N11904849WA0163401621004004030183182
B1952463645008N11904849WA0163501622004004030161171
B1952473644999N11904843WA0163601623004004038137134
B1952483644994N11904836WA0163601623004004047133125
B1952493644991N11904827WA0163501624004004049119114
B1952503644988N11904819WA0163301624004004047108098
B1952513644987N11904810WA0163301623004004049080090
B1952523644991N11904802WA0163201623004003047059062
B1952533644995N11904795WA0163201623004003045053039
B1952543645000N11904791WA0163101624004004038016032
B1952553645004N11904792WA0163101624004003026352351
B1952563645007N11904795WA0163101625004003026335318
B1952573645009N11904797WA0163101625004003021323303
B1952583645011N11904800WA0163101624004003018309291
B1952593645012N11904803WA0163101624004003018291285
B1953003645013N11904808WA0163101623004003022277286
B1953013645014N11904812WA0163101624004003022271286
B1953023645014N11904816WA0163001624004003019279279
B1953033645015N11904818WA0163001625004003016291278
B1953043645016N11904821WA0163001625004003016293280
B1953053645017N11904824WA0163001625004003016295278
B1953063645018N11904827WA0163101625005003016301283
B1953073645020N11904829WA0163101626004003015318305
B1953083645022N11904831WA0163101626005003015343307
B1953093645025N11904831WA0163201625005003019351306
B1953103645029N11904832WA0163201624004003021347293
B1953113645032N11904833WA0163101623004004023334294
B1953123645036N11904835WA0163001623005004023326302
B1953133645039N11904837WA0162901620004003025327300
B1953143645043N11904840WA0162601620004003026330307
B1953153645047N11904843WA0162201620005004027331300
B1953163645051N11904846WA0162001620005004027325291
B1953173645054N11904848WA0161901619004004022320285
B1953183645057N11904851WA0161801619004004021317286
B1953193645059N11904854WA0161701618005004021303290
B1953203645061N11904859WA0161501616004003026294277
B1953213645062N11904863WA0161401616004003026282259
B1953223645063N11904868WA0161301616004003026271264
B1953233645063N11904873WA0161201617004004024267268
B1953243645063N11904878WA0161101618004004023271274
B1953253645063N11904881WA0161101619005004021277270
B1953263645064N11904885WA0161301619005004022281268
B1953273645065N11904890WA0161401622004004022282269
B1953283645065N11904895WA0161601623005004025271267
B1953293645065N11904900WA0161801625004004025261260
B1953303645064N11904905WA0162101626004003025262262
B1953313645064N11904910WA0162301627004003028269274
B1953323645064N11904915WA0162401627004003028272280
B1953333645065N11904921WA0162501628004003028279268
B1953343645066N11904925WA0162601630004004027285277
B1953353645066N11904928WA0162901633004003017280268
B1953363645067N11904931WA0163101633005003017280267
B1953373645067N11904934WA0163401633004003017280278
B1953383645068N11904938WA0163601634004003021285297
B1953393645069N11904943WA0163801634004003024295308
B1953403645071N11904946WA0164001636004003027318329
B1953413645076N11904948WA0164201639004003030347349
B1953423645081N11904948WA0164301640004003030023011
B1953433645086N11904944WA0164501640004003037053036
B1953443645090N11904935WA0164701639004004048084074
B1953453645090N11904924WA0164801635004004055111114
B1953463645086N11904915WA0164901633004004055121146
B1953473645081N11904911WA0164801636005005048121159
B1953483645078N11904914WA0164701638005005048223108
B1953493645080N11904920WA0164701649005005030325246
B1953503645085N11904924WA0164601651005004037353315
B1953513645090N11904923WA0164701652005004039026340
B1953523645094N11904920WA0164901652005004039051013
B1953533645097N11904915WA0165101654004004045064043
B1953543645097N11904908WA0165201652004004045100063
B1953553645094N11904901WA0165401651004004043130111
B1953563645088N11904899WA0165501652004004043157148
B1953573645081N11904897WA0165601653004004042178176
B1953583645077N11904899WA0165601653004004032208195
B1953593645074N11904903WA0165701654004004024243223
B1954003645074N11904906WA0165901659004004014266251
B1954013645074N11904909WA0166301660004004019253266
B1954023645073N11904914WA0166501660004004019260272
B1954033645073N11904919WA0166701661004004023298284
B1954043645076N11904922WA0166801661004004025338306
B1954053645081N11904924WA0167001662004004034349333
B1954063645087N11904923WA0167001666004004041036348
B1954073645092N11904915WA0167001664005005041076034
B1954083645093N11904903WA0167001662005005047115083
B1954093645087N11904896WA0167001663004004047139133
B1954103645082N11904891WA0167101666004004037190160
B1954113645078N11904895WA0167201670004004037221211
B1954123645075N11904899WA0167301670004004030267236
B1954133645079N11904903WA0167501672004004029324269
B1954143645083N11904905WA0167601673004004029354309
B1954153645089N11904901WA0167801675004004041026333
B1954163645094N11904894WA0168001676004004048049010
B1954173645097N11904885WA0168101677004004048070039
B1954183645096N11904875WA0168201679004003051094066
B1954193645093N11904868WA0168201681004003046121098
B1954203645089N11904861WA0168301681004003046124133
B1954213645085N11904857WA0168501683004004042151137
B1954223645083N11904860WA0168601680004004024247170
B1954233645084N11904867WA0168701682004004024318254
B1954243645091N11904868WA0168801685006004040355301
B1954253645097N11904870WA0168901686004004042030338
B1954263645102N11904865WA0169101687004004042057014
B1954273645105N11904857WA0169201688004004048078045
B1954283645104N11904848WA0169401690004004048094075
B1954293645101N11904841WA0169601693004004045113097
B1954303645097N11904835WA0169701696004004045133121
B1954313645092N11904833WA0170001698004003040156147
B1954323645087N11904833WA0170201701004003036184174
B1954333645084N11904837WA0170401704004003031222203
B1954343645082N11904840WA0170601704004003025281235
B1954353645083N11904844WA0170701704004003033327277
B1954363645090N11904844WA0171001705004003033359313
B1954373645097N11904843WA0171101706004003041035339
B1954383645103N11904836WA0171201706004003044062019
B1954393645105N11904826WA0171201707004004048102052
B1954403645102N11904817WA0171301709004004048136106
B1954413645096N11904814WA0171301710004004046176149
B1954423645091N11904816WA0171301706004004037249191
B1954433645092N11904824WA0171301707004004037316254
B1954443645098N11904828WA0171301712005004046355305
B1954453645106N11904826WA0171201710004004049035340
B1954463645111N11904819WA0171301709004004049064022
B1954473645113N11904809WA0171301709004004051090057
B1954483645112N11904799WA0171401710004004051119090
B1954493645106N11904792WA0171501709004005043158127
B1954503645100N11904790WA0171601709004005043197174
B1954513645097N11904795WA0171801710004005032224211
B1954523645093N11904799WA0171901709004005027245236
B1954533645092N11904803WA0172001712004005020299253
B1954543645095N11904806WA0172201716004004022319292
B1954553645098N11904808WA0172301718004004022325304
B1954563645100N11904811WA0172501720004004021325303
B1954573645103N11904813WA0172701720004004021322301
B1954583645105N11904816WA0172801719004004021315294
B1954593645107N11904819WA0172801718004004019305290
B1955003645108N11904822WA0172801716004004019291283
B1955013645108N11904826WA0172701714004004019278280
B1955023645108N11904830WA0172601713004004020269269
B1955033645108N11904833WA0172401712005003021261274
B1955043645107N11904837WA0172201710004003021257269
B1955053645107N11904842WA0172001707004003024264275
B1955063645107N11904847WA0171801703004003024273285
B1955073645108N11904852WA0171501700004003027286286
B1955083645110N11904857WA0171201700004003029292282
B1955093645111N11904862WA0170901700004003027289267
B1955103645113N11904867WA0170701700004003027288268
B1955113645115N11904872WA0170201700004003027297279
B1955123645117N11904876WA0170101699004003027301283
B1955133645120N11904881WA0170001698004003029308284
B1955143645124N11904887WA0169901696004003040306268
B1955153645128N11904893WA0169801696005003040289269
B1955163645128N11904900WA0169301695004003035274264
B1955173645129N11904906WA0169101694004003033277266
B1955183645131N11904911WA0169001694004003028289263
B1955193645132N11904916WA0168901693004003027293253
B1955203645134N11904921WA0168801693004003027293253
B1955213645135N11904926WA0168801693004003026270259
B1955223645135N11904931WA0168601692004003026261254
B1955233645135N11904936WA0168501690004003027264248
B1955243645135N11904942WA0168301689004003029266257
B1955253645134N11904947WA0168201689004003029265247
B1955263645134N11904951WA0168001688004003026264255
B1955273645134N11904955WA0167801688004003023261257
B1955283645133N11904960WA0167701687004003023263263
B1955293645133N11904965WA0167701686004003027267252
B1955303645133N11904970WA0167701686004003028267253
B1955313645133N11904976WA0167701687004003027260244
B1955323645132N11904981WA0167601687004003026254252
B1955333645131N11904985WA0167601687004003025250265
B1955343645129N11904988WA0167701687004003020245248
B1955353645129N11904992WA0167801687004003020254262
B1955363645127N11904996WA0167801685004003020252248
B1955373645126N11905001WA0167901686004003024242243
B1955383645124N11905006WA0168001687004003026234260
B1955393645122N11905009WA0168001688004003019232252
B1955403645121N11905012WA0168001691004003019239261
B1955413645120N11905014WA0168101693004003016256262
B1955423645120N11905016WA0168401693004003016269274
B1955433645119N11905020WA0168601693004003017264275
B1955443645119N11905024WA0168701693004003022254279
B1955453645118N11905028WA0168901694004003022252279
B1955463645117N11905031WA0168901696004003018264288
B1955473645118N11905034WA0169101698004003017280277
B1955483645119N11905038WA0169301699004003017287287
B1955493645119N11905041WA0169401700004003023281278
B1955503645120N11905045WA0169601702004003024277277
B1955513645120N11905050WA0169701706004003023275278
B1955523645120N11905053WA0170101709004003022278292
B1955533645121N11905057WA0170301709004003020302320
B1955543645123N11905059WA0170501709004003023333339
B1955553645127N11905060WA0170701710004003032002359
B1955563645132N11905058WA0170901711004003032018026
B1955573645136N11905051WA0171301707004004032073043
B1955583645137N11905041WA0171301707004004049103090
B1955593645132N11905031WA0171401710004004054122119
B1956003645128N11905023WA0171401711004004054142141
B1956013645122N11905018WA0171501714004004042153164
B1956023645118N11905017WA0171801718004004032160182
B1956033645114N11905015WA0172001718004004028179200
B1956043645110N11905016WA0172301718004004025202222
B1956053645106N11905018WA0172601718004004026231243
B1956063645104N11905023WA0172801720004004026251268
B1956073645104N11905028WA0173101723004004026279281
B1956083645105N11905032WA0173201724004004026298301
B1956093645108N11905035WA0173301725004004029347317
B1956103645113N11905035WA0173501726004004038021349
B1956113645119N11905031WA0173601725004004038047020
B1956123645121N11905022WA0173801726004004046073044
B1956133645123N11905013WA0173901727004004048108077
B1956143645119N11905004WA0173901727004004047136119
B1956153645113N11904999WA0174001730005004047160153
B1956163645108N11905001WA0174001733004004043192180
B1956173645104N11905005WA0174101737004004035225211
B1956183645103N11905010WA0174301740004004029254240
B1956193645103N11905015WA0174401743004003024278265
B1956203645104N11905019WA0174601744004003024315283
B1956213645106N11905022WA0174801745004003024338307
B1956223645111N11905023WA0175101747004004029001323
B1956233645116N11905021WA0175301746004004042035343
B1956243645122N11905014WA0175401748004004042060021
B1956253645123N11905006WA0175501745005004042098049
B1956263645121N11904999WA0175601746005004042132098
B1956273645116N11904994WA0175701747005004039164145
B1956283645110N11904996WA0175801749005004039188186
B1956293645104N11904997WA0175801749005004036193209
B1956303645099N11905000WA0175901749004004035229216
B1956313645099N11905005WA0175901751004004022298245
B1956323645103N11905007WA0176201754004004026327295
B1956333645107N11905008WA0176301757004004027344314
B1956343645112N11905008WA0176501758004004027358328
B1956353645117N11905006WA0176601759004004030017338
B1956363645122N11905001WA0176701758004004034045356
B1956373645126N11904995WA0176801760004004046081025
B1956383645124N11904986WA0176801760004003050113074
B1956393645120N11904978WA0176801760004003046129115
B1956403645114N11904980WA0176701761004003045189137
B1956413645110N11904985WA0176601761004003043228205
B1956423645106N11904992WA0176501762004003033241241
B1956433645104N11904997WA0176501763004003033251254
B1956443645102N11905003WA0176601764004004028252260
B1956453645101N11905007WA0176701767004003025254267
B1956463645101N11905011WA0176801768004003022277279
B1956473645101N11905015WA0177201768004003028288290
B1956483645103N11905020WA0177301768004003029295299
B1956493645105N11905024WA0177401769004003028297297
B1956503645107N11905029WA0177501770004003028304294
B1956513645110N11905033WA0177501771004004026308297
B1956523645112N11905036WA0177601772004003024307299
B1956533645114N11905039WA0177801773004003024305301
B1956543645116N11905043WA0177901773005003024307303
B1956553645119N11905047WA0178001774004003027310302
B1956563645122N11905052WA0178101774004003029308301
B1956573645125N11905056WA0178201776004003029304300
B1956583645127N11905060WA0178201777004003029300297
B1956593645129N11905064WA0178201777004003026302295
B1957003645131N11905068WA0178301778005003025305298
B1957013645133N11905072WA0178301777004003025305290
B1957023645135N11905076WA0178401777004004027305289
B1957033645138N11905080WA0178401777004004027308297
B1957043645140N11905083WA0178401775004004027312299
B1957053645143N11905086WA0178301775004004025319303
B1957063645145N11905088WA0178201775004003023325296
B1957073645148N11905089WA0178101774004003019331291
B1957083645150N11905091WA0178001773004003019333286
B1957093645153N11905093WA0177901772004003018330291
B1957103645155N11905095WA0177901770004003018320293
B1957113645157N11905098WA0177801767004003018307292
B1957123645159N11905101WA0177701764004003022302295
B1957133645161N11905105WA0177301761004003027308296
B1957143645164N11905109WA0177101760004003027312299
B1957153645167N11905113WA0176901758004003030311294
B1957163645170N11905118WA0176701756004003030305293
B1957173645172N11905123WA0176501754004003030301289
B1957183645175N11905128WA0176101752005003031301293
B1957193645177N11905132WA0175901750004003031306294
B1957203645181N11905137WA0175701748004003032313291
B1957213645184N11905141WA0175601746004003033316298
B1957223645188N11905145WA0175401744005003033315287
B1957233645191N11905150WA0175101741004003033313292
B1957243645195N11905155WA0174901739004003033308292
B1957253645197N11905160WA0174701736004003033303282
B1957263645200N11905166WA0174501734005003036299296
B1957273645203N11905172WA0174301732004003037301300
B1957283645207N11905178WA0174001731005003037310298
B1957293645211N11905182WA0173801729004003037317300
B1957303645215N11905187WA0173601728004003037318285
B1957313645219N11905192WA0173501726004003036312285
B1957323645222N11905197WA0173301723004003037309288
B1957333645226N11905203WA0173001721004003039308295
B1957343645230N11905209WA0172801721005003039308292
B1957353645234N11905214WA0172701723004003039309284
B1957363645238N11905220WA0172501725004003039312286
B1957373645241N11905224WA0172401727004003027309277
B1957383645243N11905228WA0172401727004003027310281
B1957393645246N11905231WA0172501727004003024302284
B1957403645248N11905235WA0172601726004003024299286
B1957413645250N11905240WA0172601726004003029299287
B1957423645253N11905246WA0172601726004003033301282
B1957433645256N11905251WA0172501727004003033303284
B1957443645258N11905255WA0172401727004003032309290
B1957453645261N11905259WA0172301728004003030314288
B1957463645264N11905262WA0172301727004003028317287
B1957473645267N11905266WA0172301727004003028318292
B1957483645271N11905269WA0172301726004003029318294
B1957493645274N11905273WA0172301725004003029320300
B1957503645277N11905276WA0172301723004003029323298
B1957513645281N11905279WA0172301722004003029327301
B1957523645285N11905282WA0172201720004003033326301
B1957533645290N11905286WA0172001721004003033321291
B1957543645293N11905289WA0171901721004003031321296
B1957553645296N11905292WA0171801722004003028322304
B1957563645299N11905295WA0171801722004003026329307
B1957573645303N11905298WA0171801721004003028330303
B1957583645307N11905300WA0171801721004003031321306
B1957593645310N11905305WA0171801721004003031313302
B1958003645313N11905310WA0171701721004003032305306
B1958013645316N11905315WA0171701721004003032310316
B1958023645319N11905319WA0171701722004003031319324
B1958033645323N11905323WA0171701722005003032323310
B1958043645327N11905326WA0171801724004003032321304
B1958053645330N11905331WA0171901726004003032318308
B1958063645335N11905335WA0172101727004003033318311
B1958073645339N11905338WA0172201728004003036325305
B1958083645344N11905341WA0172501730004003036336301
B1958093645349N11905343WA0172601731004003036339297
B1958103645353N11905346WA0172701731004003033331298
B1958113645356N11905350WA0172801731005003031320306
B1958123645360N11905353WA0172901732004003030318307
B1958133645363N11905357WA0172901733004003030327315
B1958143645368N11905359WA0173001733004003030336310
B1958153645372N11905361WA0173001733004003031337309
B1958163645377N11905364WA0173001733004003032333309
B1958173645381N11905367WA0173001734004003033329325
B1958183645385N11905370WA0173101734004003033329325
B1958193645389N11905372WA0173101734004003031332321
B1958203645392N11905375WA0173101734004003028332320
B1958213645396N11905377WA0173201733004003028328320
B1958223645400N11905381WA0173201731004003032327318
B1958233645405N11905384WA0173101729004003033331312
B1958243645409N11905386WA0173001728005003033337312
B1958253645414N11905388WA0172901725005003033337311
B1958263645418N11905392WA0172801723005003033330307
B1958273645423N11905395WA0172601722005003036326318
B1958283645427N11905399WA0172301722005003036329325
B1958303645431N11905401WA0172201721005003031332311
B1958313645435N11905404WA0172001721005003029335302
B1958323645439N11905406WA0171901719005003029329301
B1958333645442N11905410WA0171901717005003032318298
B1958343645446N11905415WA0171701715005003032312299
B1958353645449N11905419WA0171501714005003032316320
B1958363645453N11905422WA0171401712005003030323311
B1958373645456N11905425WA0171301709005003029325297
B1958383645460N11905428WA0171101706005003030320303
B1958393645463N11905432WA0170801706005003030315303
B1958403645467N11905437WA0170601704005003032316311
B1958413645471N11905441WA0170401704005003036320308
B1958423645476N11905446WA0170201705005003033321299
B1958433645479N11905449WA0170001705005003033314287
B1958443645481N11905453WA0169701705005003026307299
B1958453645484N11905456WA0169701705005003024316303
B1958463645486N11905459WA0169701703005003024321310
B1958473645490N11905463WA0169701703005003038319304
B1958483645495N11905468WA0169601701005003038316297
B1958493645499N11905473WA0169401701005003038313300
B1958503645503N11905478WA0169201702005003036315310
B1958513645507N11905481WA0169101701005003031321316
B1958523645511N11905484WA0169001699005003031330314
B1958533645515N11905488WA0168901697005003035330309
B1958543645520N11905492WA0168901696005003035321301
B1958553645524N11905496WA0168801696005003035313305
B1958563645528N11905501WA0168701696005003034317311
B1958573645532N11905505WA0168601696005003033323319
B1958583645536N11905508WA0168601696005003033331307
B1958593645540N11905510WA0168601696005003032334305
B1959003645549N11905517WA0168601693005003035326321
B1959013645553N11905521WA0168501692005003037323320
B1959023645558N11905525WA0168501692005003037322315
B1959033645561N11905529WA0168301691004003036321305
B1959043645565N11905532WA0168201691004003032320306
B1959053645568N11905536WA0168101690005003030322299
B1959063645572N11905539WA0168101689004003035319305
B1959073645576N11905544WA0168001686004003036317307
B1959083645580N11905549WA0167901684005003036315302
B1959093645584N11905554WA0167501684004003036314307
B1959103645587N11905558WA0167401684005003033315305
B1959113645591N11905562WA0167201683005003031317305
B1959123645594N11905566WA0167101681005003031318306
B1959133645597N11905570WA0167001679005003031317302
B1959143645601N11905574WA0166901677005003031314311
B1959153645604N11905579WA0166701675005003033313305
B1959163645608N11905584WA0166601673005003035312309
B1959173645611N11905589WA0166501672005003035311306
B1959183645615N11905593WA0166401671005003035310309
B1959193645618N11905598WA0166101670005003035308301
B1959203645621N11905603WA0166001669005003034308306
B1959213645624N11905608WA0165901668005003029306299
B1959223645626N11905612WA0165801667005003029304297
B1959233645628N11905616WA0165801665005003026303300
B1959243645630N11905620WA0165601662005003026304303
B1959253645633N11905625WA0165501658005003028304306
B1959263645635N11905630WA0165301656005003033302301
B1959273645638N11905635WA0165201654005003033299298
B1959283645640N11905640WA0165001653005003032294283
B1959293645641N11905645WA0164601651005003030292288
B1959303645643N11905649WA0164401651005003027296283
B1959313645644N11905653WA0164301649005003026296286
B1959323645646N11905658WA0164101648005003032294287
B1959333645648N11905664WA0163901642005003032292294
B1959343645650N11905671WA0163301642005003036291298
B1959353645653N11905677WA0163001644005003036298300
B1959363645656N11905683WA0162601645005003028308300
B1959373645658N11905687WA0162401646005003028316281
B1959383645661N11905690WA0162101645004004023314288
B1959393645663N11905693WA0161801642005004023306297
B1959403645665N11905697WA0161701638005004027305311
B1959413645668N11905701WA0161401638005004038311319
B1959423645672N11905706WA0161101641005005038318327
B1959433645676N11905710WA0160801643005005035333310
B1959443645679N11905711WA0160301640005005029335303
B1959453645682N11905713WA0160101639005005026329310
B1959463645685N11905715WA0159901637005005031327314
B1959473645689N11905718WA0159701637005005035328322
B1959483645694N11905721WA0159501633005005035330312
B1959493645699N11905725WA0159001633005005035327315
B1959503645703N11905728WA0158701630005005033323308
B1959513645706N11905731WA0158401627005004027322308
B1959523645709N11905734WA0158201622005004028323306
B1959533645713N11905737WA0158101618005004028322304
B1959543645716N11905741WA0157701615005004029317304
B1959553645719N11905745WA0157501613005004029315307
B1959563645722N11905748WA0157301610005004027320316
B1959573645725N11905751WA0157101607005004027327312
B1959583645729N11905753WA0156901604005004026329308
B1959593645732N11905756WA0156701600005004026326309
B2000003645736N11905759WA0156601599013004028321312
B2000013645740N11905763WA0156401599013004033321307
B2000023645743N11905767WA0156301599013004033324305
B2000033645747N11905770WA0156201599014004029326295
B2000043645750N11905772WA0156001597014004024324295
B2000053645752N11905775WA0155901595014004024321297
B2000063645756N11905778WA0155801594014004031317299
B2000073645759N11905783WA0155801591015004032316303
B2000083645763N11905787WA0155701590014004031312294
B2000093645766N11905791WA0155401589014004030311287
B2000103645768N11905795WA0155201589014004026314288
B2000113645772N11905798WA0155101588014004026317289
B2000123645775N11905801WA0155001586015004028321294
B2000133645779N11905805WA0154901584014004028320286
B2000143645782N11905809WA0154801581014004029313287
B2000153645784N11905814WA0154701579014004029304291
B2000163645787N11905819WA0154601576014004029300298
B2000173645789N11905824WA0154401574014004029301292
B2000183645792N11905828WA0154401572013004029304291
B2000193645795N11905833WA0154201571012004029303286
B2000203645797N11905838WA0154101569013004029301288
B2000213645799N11905842WA0154001567012004029299290
B2000223645801N11905847WA0153901565011004030301293
B2000233645804N11905852WA0153801563010004030304293
B2000243645807N11905857WA0153701561010004031305289
B2000253645810N11905862WA0153601560009004033305297
B2000263645813N11905868WA0153501558008003035303297
B2000273645816N11905873WA0153401556008003035305295
B2000283645820N11905878WA0153301553008003035309291
B2000293645823N11905884WA0153101551009003036310285
B2000303645826N11905889WA0153001549009003036307282
B2000313645829N11905894WA0152901547009003034300283
B2000323645831N11905900WA0152801545008003034296285
B2000333645833N11905905WA0152701543009003033297284
B2000343645835N11905910WA0152501541008003033302289
B2000363645838N11905915WA0152401539008003033305283
B2000373645841N11905920WA0152301538008003033307284
B2000383645844N11905925WA0152201536008003033308287
B2000393645847N11905930WA0152101535008003032307286
B2000403645850N11905935WA0151901533008003033307290
B2000413645853N11905939WA0151801532007003033309288
B2000423645856N11905944WA0151701530007003032312286
B2000433645860N11905948WA0151601528006003032315291
B2000443645864N11905953WA0151501526006003033315288
B2000453645867N11905957WA0151301525006003034310279
B2000463645869N11905962WA0151201523007003034303276
B2000473645872N11905967WA0151101523006003032298272
B2000483645874N11905972WA0151001522005003029296273
B2000493645875N11905976WA0150901520005003027299268
B2000503645877N11905981WA0150801518005003028300272
B2000513645879N11905985WA0150701516005003029296274
B2000523645881N11905990WA0150601514005003029292274
B2000533645882N11905995WA0150501513005003029292275
B2000543645884N11906000WA0150401512005003027295277
B2000553645886N11906004WA0150201511005003028298275
B2000563645888N11906009WA0150101509005003029298273
B2000573645890N11906014WA0150001508005003029296273
B2000583645892N11906019WA0149901507005003029294273
B2000593645893N11906024WA0149801505005003029293272
B2001003645895N11906028WA0149701504005003028295273
B2001013645897N11906033WA0149601503005003028297274
B2001023645899N11906037WA0149501502005003028298279
B2001033645901N11906042WA0149401500005003028298283
B2001043645903N11906047WA0149301499005003029299293
B2001053645906N11906052WA0149201498005003032302307
B2001063645909N11906057WA0149101498005003032308299
B2001073645912N11906061WA0149001498005003032316301
B2001083645915N11906064WA0149001497005003031324298
B2001093645919N11906067WA0148901496005003030328303
B2001103645923N11906070WA0148801494005003031326312
B2001113645927N11906074WA0148801492005003038327321
B2001123645933N11906077WA0148701490005003038336339
B2001133645939N11906078WA0148601489005003041348334
B2001143645945N11906079WA0148401489005003042351334
B2001153645951N11906081WA0148201488005003040348333
B2001163645957N11906082WA0148101487005003040343337
B2001173645962N11906084WA0148101487005003038343336
B2001183645967N11906086WA0148001486005003038344327
B2001193645973N11906088WA0148001486005003038340326
B2001203645978N11906091WA0147901485005003035334318
B2001213645982N11906094WA0147801485005003036331315
B2001223645987N11906097WA0147801485005003035340321
B2001233645992N11906099WA0147801486005003033345315
B2001243645996N11906100WA0147801486005003032348309
B2001253646000N11906101WA0147801485005003029342309
B2001263646004N11906103WA0147801485005003030337318
B2001273646008N11906105WA0147801483005003030336319
B2001283646013N11906107WA0147801482005003030337317
B2001293646018N11906110WA0147701482005003035336316
B2001303646022N11906112WA0147601483005003031336314
B2001313646027N11906114WA0147601483005003031344325
B2001323646031N11906116WA0147601484005003031347318
B2001333646036N11906117WA0147701484005003031348321
B2001343646041N11906118WA0147801483005003034340311
B2001353646046N11906121WA0147901482005003039335307
B2001363646051N11906124WA0148001483005003039331312
B2001373646055N11906127WA0148001483005003036332319
B2001383646059N11906129WA0148001485005003031335322
B2001393646063N11906131WA0148101485005003031340321
B2001403646067N11906133WA0148201484005003039338320
B2001413646073N11906136WA0148401485005003040335306
B2001423646078N11906139WA0148601485005003039323290
B2001433646080N11906144WA0148601488005003034305283
B2001443646082N11906149WA0148701489005003029277265
B2001453646082N11906153WA0148901489005003022256252
B2001463646080N11906157WA0149201489004003022229243
B2001473646076N11906160WA0149301488004003022201226
B2001483646071N11906160WA0149401488004003024182210
B2001493646066N11906160WA0149501489004003030159191
B2001503646062N11906155WA0149601491004003036140163
B2001513646059N11906149WA0149801493004003036114140
B2001523646057N11906142WA0149901493004003036093112
B2001533646057N11906134WA0150001493004003036068086
B2001543646061N11906127WA0150101493004003038052053
B2001553646065N11906121WA0150101493004003034038036
B2001563646069N11906119WA0150201493004004034020021
B2001573646073N11906120WA0150201493004004031321002
B2001583646075N11906125WA0150201495005004025279303
B2001593646074N11906129WA0150201496004004025252267
B2002003646072N11906133WA0150301496004004022226245
B2002013646070N11906138WA0150401496004004028228233
B2002023646067N11906143WA0150401496004004028243237
B2002033646065N11906150WA0150501497004004029246232
B2002043646063N11906156WA0150601498004004029238223
B2002053646061N11906158WA0150701498004004019214211
B2002063646059N11906160WA0150901499004004024172198
B2002073646055N11906158WA0151001498004004024158168
B2002083646051N11906156WA0151001498004004031129151
B2002093646049N11906149WA0151001498004003035113122
B2002103646048N11906140WA0151001498004003045095112
B2002113646049N11906131WA0151001498004003048084097
B2002123646049N11906122WA0150901499004003048086097
B2002133646049N11906113WA0150901500005003048094105
B2002143646048N11906105WA0150901501004003046101113
B2002153646046N11906098WA0150901502004003039106120
B2002163646045N11906091WA0150901504004003039107125
B2002173646044N11906085WA0151001505004003037101112
B2002183646044N11906078WA0151101506004003036088086
B2002193646044N11906071WA0151201505004003036069061
B2002203646047N11906063WA0151301505004003051051037
B2002213646053N11906055WA0151401506004003054031022
B2002223646061N11906051WA0151401508004003051012001
B2002233646068N11906049WA0151401508004004051004347
B2002243646075N11906050WA0151401511004004043350344
B2002253646079N11906053WA0151401515004004030344329
B2002263646082N11906054WA0151701518004004030344318
B2002273646086N11906056WA0151901520004004025345308
B2002283646089N11906057WA0152101520004004025335301
B2002293646093N11906060WA0152301519004004025316278
B2002303646095N11906064WA0152501519004004023281259
B2002313646095N11906069WA0152701519004004023238235
B2002323646092N11906072WA0152801519004004023189208
B2002333646087N11906072WA0152801516004004024143180
B2002343646083N11906067WA0152801517004004035112148
B2002353646083N11906057WA0152701518004004048094116
B2002363646083N11906048WA0152701518004004048074093
B2002373646086N11906039WA0152701518004004048043069
B2002383646092N11906033WA0152801518004004045014034
B2002393646099N11906032WA0152801520004004044357357
B2002403646109N11906035WA0153001524004004033341320
B2002423646112N11906037WA0153101524004004025320308
B2002433646114N11906040WA0153201524004004022298287
B2002443646115N11906045WA0153301525004004023287282
B2002453646115N11906049WA0153401526004004023280281
B2002463646115N11906053WA0153501527004004021276277
B2002473646116N11906056WA0153501527004004018284274
B2002483646117N11906060WA0153501526004004018290279
B2002493646118N11906065WA0153601525004004028287274
B2002503646120N11906071WA0153601525004004028269252
B2002513646120N11906076WA0153501526005004027249227
B2002523646118N11906080WA0153501528004004023215205
B2002533646115N11906081WA0153601529004004023175198
B2002543646111N11906080WA0153601530004004025141172
B2002553646109N11906075WA0153701533004004027126150
B2002563646106N11906070WA0154101533004004027108135
B2002573646105N11906064WA0154201533004004030102128
B2002583646103N11906056WA0154301533004004034100130
B2002593646102N11906050WA0154401533004004035107142
B2003003646099N11906044WA0154401533004004035122154
B2003013646095N11906040WA0154401532004003034139170
B2003023646091N11906038WA0154401532004003032156182
B2003033646088N11906037WA0154301532004003028168193
B2003043646084N11906036WA0154301532004003023176207
B2003053646081N11906037WA0154201531004003023187220
B2003063646079N11906038WA0154101530004003020206228
B2003073646077N11906041WA0154101527004003020231238
B2003083646076N11906045WA0154001526004003020251246
B2003093646076N11906050WA0153901525004003025268253
B2003103646076N11906054WA0153801526004003025282265
B2003113646077N11906058WA0153601526004003024286263
B2003123646078N11906061WA0153501526004003021279259
B2003133646078N11906064WA0153501525004003019270258
B2003143646078N11906068WA0153501525004003019267267
B2003153646077N11906071WA0153501524004003019268272
B2003163646078N11906074WA0153401523004003017274268
B2003173646078N11906078WA0153401521004003017282282
B2003183646080N11906083WA0153301520004003021296293
B2003193646083N11906087WA0153201520004003031316310
B2003203646088N11906089WA0153101521004003033333310
B2003213646092N11906092WA0153001521004003033335313
B2003223646097N11906095WA0152901522004003034330319
B2003233646101N11906099WA0152901523004003034324325
B2003243646105N11906102WA0153001525004003031327330
B2003253646110N11906104WA0153001526004003031339322
B2003263646114N11906105WA0153101527004003031347324
B2003273646119N11906107WA0153201528004003033346326
B2003283646124N11906108WA0153301528004003033340329
B2003293646128N11906111WA0153401529004003031335326
B2003303646132N11906113WA0153501531004003031334320
B2003313646136N11906116WA0153501533004003031332314
B2003323646140N11906119WA0153701535004003031327305
B2003333646144N11906123WA0153801537004003030320302
B2003343646147N11906126WA0154001541004003029317297
B2003353646150N11906129WA0154101544004003029321289
B2003363646152N11906131WA0154501547004003025324295
B2003373646155N11906133WA0154701547004003019312271
B2003383646156N11906136WA0155001546004003019290257
B2003393646157N11906140WA0155101546004003026279253
B2003403646156N11906145WA0155301546004003026263234
B2003413646156N11906150WA0155501546004003026252222
B2003423646153N11906152WA0155601546004003020211219
B2003433646151N11906153WA0155601546004003019177192
B2003443646148N11906152WA0155601547004003021164169
B2003453646145N11906149WA0155601547004003024139157
B2003463646143N11906143WA0155701546004003024115135
B2003473646142N11906136WA0155701546004003032090118
B2003483646145N11906128WA0155701546004003040066088
B2003493646150N11906122WA0155701546004003046043054
B2003503646155N11906116WA0155701546005003046014027
B2003513646161N11906117WA0155601547004003041357352
B2003523646167N11906118WA0155701547004003041340333
B2003533646170N11906123WA0155801549004003037317316
B2003543646173N11906128WA0155801551004003029303293
B2003553646174N11906131WA0155901552004003029294276
B2003563646175N11906135WA0156001552004003020286271
B2003573646175N11906138WA0156101552004003015264255
B2003583646175N11906141WA0156201551004003015240235
B2003593646173N11906144WA0156201551004003022214218
B2004003646169N11906146WA0156201551004003024197205
B2004013646165N11906146WA0156201551004003024176188
B2004023646162N11906144WA0156001551004003024160182
B2004033646159N11906142WA0156001550004003023151168
B2004043646156N11906140WA0156001549004003023145159
B2004053646153N11906136WA0155901547004003029130149
B2004063646150N11906130WA0155901545004003029119146
B2004073646147N11906124WA0155701545004003037115147
B2004083646145N11906117WA0155501545004003037123143
B2004093646142N11906112WA0155401546004003032132173
B2004103646139N11906109WA0155301547004003032134165
B2004113646136N11906106WA0155301548004003029136189
B2004123646134N11906104WA0155301547004003024143200
B2004133646132N11906102WA0155301547004003016184198
B2004143646130N11906103WA0155301546004003015210224
B2004153646128N11906106WA0155201544004003018227231
B2004163646127N11906110WA0155101543004003018256237
B2004173646128N11906114WA0154901542004003019275254
B2004183646128N11906118WA0154701542004003020283262
B2004193646129N11906122WA0154601542004003019290264
B2004203646130N11906125WA0154501542004003019292262
B2004213646131N11906129WA0154401541004003019286263
B2004223646132N11906133WA0154301540004003020279263
B2004233646133N11906137WA0154301538004003022277261
B2004243646133N11906142WA0154101537004003023273263
B2004253646133N11906146WA0154001536004003023272262
B2004263646133N11906150WA0153901535004003022274258
B2004273646134N11906153WA0153701534004003020282262
B2004283646135N11906157WA0153601533004003019287262
B2004293646136N11906160WA0153501531004003020285257
B2004303646136N11906164WA0153401529004003021277253
B2004313646136N11906168WA0153301527004003021265245
B2004323646135N11906172WA0153101525004003021251238
B2004333646133N11906175WA0152901524004003020241234
B2004343646132N11906177WA0152801522004003018233235
B2004353646130N11906180WA0152701520004003018233237
B2004363646128N11906183WA0152501518004003018238243
B2004373646127N11906187WA0152201516004003020243244
B2004383646125N11906190WA0152101515004003021241240
B2004393646123N11906193WA0151901514004003020234235
B2004403646122N11906196WA0151801513004003020233235
B2004413646120N11906199WA0151701512004003019240242
B2004423646119N11906203WA0151501511004003019245244
B2004433646118N11906206WA0151401509004003020246239
B2004443646116N11906210WA0151301508004003023244240
B2004453646115N11906214WA0151201507004003023241240
B2004463646113N11906217WA0151101506004003023238235
B2004473646111N11906221WA0150901505004003021237235
B2004483646109N11906224WA0150801503004003023236235
B2004493646107N11906228WA0150701502004003024236237
B2004503646106N11906231WA0150601502004003023238235
B2004513646104N11906235WA0150601501004003023238238
B2004523646102N11906238WA0150401501004003020235234
B2004533646100N11906241WA0150401500004003020231234
B2004543646098N11906244WA0150301499004003020230233
B2004553646096N11906247WA0150301498004003021231232
B2004563646094N11906250WA0150201498004003021232232
B2004573646093N11906252WA0150101497004003019228226
B2004583646090N11906255WA0150001495004003019221219
B2004593646088N11906257WA0150001494004003019215225
B2005003646085N11906259WA0149901492004003020208214
B2005013646082N11906261WA0149801491004003023205218
B2005023646078N11906263WA0149601491004003024202225
B2005033646075N11906264WA0149501491004003024199222
B2005043646072N11906265WA0149401490004003022200225
B2005053646069N11906267WA0149301490004003021204232
B2005063646067N11906269WA0149301488004003021211232
B2005073646064N11906271WA0149201486004003021217229
B2005083646062N11906274WA0149201484004003022218225
B2005093646059N11906276WA0149101483004003022210208
B2005103646056N11906277WA0149001482004003022199206
B2005113646053N11906278WA0148801482004003020192208
B2005123646051N11906278WA0148601480004003015188214
B2005133646049N11906279WA0148501478004003015193223
B2005143646047N11906280WA0148401475004003015205227
B2005153646044N11906282WA0148301472004003016212233
B2005163646041N11906284WA0148201472004003021208233
B2005173646038N11906287WA0147801472004003027207233
B2005183646035N11906289WA0147601472004003027215239
B2005193646033N11906292WA0147401472004003024226238
B2005203646031N11906295WA0147201470004003022232233
B2005213646029N11906297WA0147101468004003019226235
B2005223646027N11906301WA0146901465004003025225237
B2005233646024N11906304WA0146801465004003032229227
B2005243646021N11906309WA0146701466004003027231226
B2005253646019N11906312WA0146501465004003027233233
B2005263646018N11906314WA0146401464004003019246227
B2005273646017N11906316WA0146201463004003016249243
B2005283646016N11906320WA0146001461004003024235229
B2005293646012N11906323WA0145801456004003024221221
B2005303646009N11906327WA0145501456004003031206215
B2005313646005N11906330WA0145201457004003031202227
B2005323646001N11906332WA0144501457004003027204234
B2005333645998N11906334WA0144301455004003027209225
B2005343645995N11906336WA0144201452004003025207225
B2005353645991N11906338WA0144001449004003025204222
B2005363645987N11906341WA0143901446004003028207224
B2005373645983N11906344WA0143801446004003030209231
B2005383645980N11906347WA0143401446004003030211228
B2005393645976N11906350WA0143301446004003030210208
B2005403645973N11906352WA0143301447004003028210232
B2005413645970N11906354WA0143301449004003023212241
B2005423645968N11906357WA0143601449004003021219240
B2005433645966N11906360WA0143701450004003021231257
B2005443645964N11906363WA0143901449004003021232248
B2005453645962N11906365WA0144001449004003018219225
B2005463645961N11906366WA0144101448004003015217236
B2005473645959N11906368WA0144201447004003018221239
B2005483645956N11906371WA0144201446004003029236240
B2005493645954N11906376WA0144101447004003029232225
B2005503645950N11906381WA0144001448004004031210202
B2005513645946N11906384WA0143901447004004031189174
B2005523645942N11906384WA0143901448004004030162165
B2005533645938N11906382WA0144001449004004036142150
B2005543645934N11906376WA0144101452004004036132127
B2005553645932N11906369WA0144301454004004038117111
B2005563645929N11906362WA0144501454004004038090107
B2005573645930N11906355WA0144701453004004039069079
B2005583645934N11906349WA0145001453004004040052063
B2005593645939N11906344WA0145101453004004040032041
B2006003645945N11906340WA0145201453004004042001013
B2006013645951N11906342WA0145301454004003043346338
B2006023645956N11906346WA0145301455004003040325319
B2006033645959N11906352WA0145401457004003040301302
B2006043645961N11906357WA0145501457004003033277277
B2006053645960N11906362WA0145601458004003027262258
B2006063645959N11906365WA0145701460004003024249239
B2006073645958N11906369WA0145801461004003019223222
B2006083645955N11906371WA0146101463004003020203195
B2006093645951N11906371WA0146301465004003020177179
B2006103645947N11906369WA0146501467004003025156155
B2006113645943N11906364WA0146701469004003030134142
B2006123645939N11906359WA0146901469004003041122121
B2006133645937N11906351WA0147201472004003041104109
B2006143645936N11906343WA0147401471004003041082093
B2006153645938N11906336WA0147601470004003039045073
B2006163645943N11906331WA0147701470004003039015037
B2006173645950N11906331WA0147801471004003043355002
B2006183645956N11906333WA0148001472004003043324340
B2006193645960N11906338WA0148001472004003037286308
B2006203645960N11906344WA0148101473004003029255271
B2006213645958N11906349WA0148101475004004025221241
B2006223645955N11906351WA0148301478004003019193210
B2006233645952N11906351WA0148601478004003025148185
B2006243645948N11906348WA0148801478004003025134150
B2006253645944N11906342WA0149001480004003037130131
B2006263645941N11906334WA0149201482004003042116118
B2006273645937N11906326WA0149301482004003039103095
B2006283645937N11906318WA0149501483004003039096087
B2006293645941N11906314WA0149601478004004039004079
B2006303645947N11906315WA0149601478004004039332347
B2006313645953N11906321WA0149601482004004034300314
B2006323645956N11906328WA0149601484004004024287284
B2006333645958N11906332WA0149501489004004024287268
B2006343645959N11906336WA0149601489004004018295268
B2006353645960N11906339WA0149801489004004018290270
B2006363645962N11906344WA0150001489004004021280273
B2006373645962N11906349WA0150201489004004027278273
B2006383645963N11906355WA0150601492004004029275262
B2006393645963N11906360WA0150801495004004027272246
B2006403645962N11906364WA0150901497004004025255243
B2006413645960N11906368WA0151101499004004023235224
B2006423645957N11906371WA0151201500004004027224218
B2006433645954N11906374WA0151401501004004027210211
B2006443645950N11906375WA0151601503004004027193194
B2006453645945N11906376WA0151701504004003030184180
B2006463645940N11906377WA0151801504004003032180163
B2006473645935N11906377WA0151901505004004036176152
B2006483645930N11906376WA0152001505004004036159138
B2006493645927N11906372WA0152201505004004036128123
B2006503645926N11906362WA0152301507004004043104112
B2006513645924N11906353WA0152401508004004049086087
B2006523645927N11906344WA0152501511004004047073075
B2006533645930N11906336WA0152801514004003047062065
B2006543645934N11906329WA0152901516004003043053057
B2006553645939N11906323WA0153101520004003043044048
B2006563645944N11906319WA0153301523004003041032037
B2006573645950N11906317WA0153401526004003041011022
B2006583645955N11906317WA0153901529004003038349358
B2006593645959N11906320WA0154101532004003035331330
B2007003645962N11906323WA0154301535004003031323313
B2007013645966N11906326WA0154501535004003028317305
B2007023645969N11906330WA0154701538004003028310292
B2007033645971N11906335WA0155101540004003028298292
B2007043645972N11906340WA0155301543004003028287279
B2007053645973N11906344WA0155401546004003028275265
B2007063645973N11906349WA0155601547004003019241234
B2007073645971N11906351WA0155801547004003019222217
B2007083645969N11906353WA0156101547004003019206216
B2007093645964N11906355WA0156301543004004025206228
B2007103645959N11906359WA0156401544004003036215222
B2007113645954N11906363WA0156401546004003034208187
B2007123645949N11906364WA0156401549004003034191169
B2007133645944N11906365WA0156501550004003030155159
B2007143645940N11906360WA0156601552004003030139145
B2007153645936N11906356WA0156701553004003036126131
B2007163645933N11906350WA0156901554004003032107119
B2007173645933N11906344WA0157101556004003032091107
B2007183645933N11906337WA0157501557004003032074089
B2007193645936N11906329WA0157801559004003039066073
B2007203645940N11906322WA0158001563004003043054057
B2007213645945N11906317WA0158101566004003042037046
B2007223645950N11906315WA0158301569004003042018023
B2007233645956N11906314WA0158701572004003040003356
B2007243645961N11906313WA0158901573004003035353344
B2007253645964N11906314WA0159201575004003027342328
B2007263645967N11906315WA0159401576004003022320303
B2007273645969N11906318WA0159601576004003022289280
B2007283645969N11906322WA0159901576004003022257257
B2007293645966N11906327WA0160001577004003026237230
B2007303645963N11906332WA0160001578004003031211207
B2007313645957N11906335WA0160001579004003037187180
B2007323645951N11906335WA0160001581004003037158161
B2007333645946N11906332WA0160201581004004037131140
B2007343645942N11906326WA0160301581004004037114119
B2007353645942N11906319WA0160401583004004038095103
B2007363645942N11906311WA0160501584004004043073082
B2007373645945N11906302WA0160601585004004043043056
B2007383645949N11906297WA0160801586004004039026024
B2007393645954N11906297WA0161001590005004035351006
B2007403645958N11906299WA0161201592004004028333333
B2007413645960N11906301WA0161401595004004019337317
B2007423645963N11906302WA0161601595005004024333315
B2007433645966N11906304WA0161801596004004024314299
B2007443645968N11906310WA0162001598005004030298278
B2007453645969N11906317WA0162101601005004032273267
B2007463645970N11906323WA0162201603004004029255249
B2007473645967N11906327WA0162301606004003029235235
B2007483645965N11906331WA0162601607004003027224221
B2007493645962N11906334WA0162801609004003025221213
B2007503645959N11906337WA0162901609004004025199182
B2007513645953N11906337WA0163001611004003035178170
B2007523645948N11906334WA0163101614004003038153147
B2007533645944N11906331WA0163201615004003038149133
B2007543645940N11906325WA0163301614004003038121125
B2007553645940N11906317WA0163401614004004041080103
B2007563645943N11906308WA0163501615004004039058064
B2007573645948N11906303WA0163601618004004039036041
B2007583645953N11906298WA0163801619004004036004019
B2007593645958N11906299WA0164001620004004035349343
B2008003645963N11906302WA0164201622004004035330326
B2008013645966N11906307WA0164301625005003033307306
B2008023645968N11906312WA0164501628004003033283285
B2008033645968N11906317WA0164601630004003029263266
B2008043645967N11906322WA0164801632004003027252248
B2008053645965N11906326WA0164901634005003027239229
B2008063645962N11906328WA0165001636005003026207216
B2008073645958N11906330WA0165101637004003026180192
B2008083645955N11906325WA0165201639004003026136172
B2008093645952N11906317WA0165501641004003036113137
B2008103645952N11906309WA0165601644004003042093110
B2008113645954N11906301WA0165701646004003043071087
B2008123645959N11906295WA0165901647004003043050063
B2008133645964N11906291WA0166001647004003042032040
B2008143645969N11906287WA0166201649004003042014020
B2008153645975N11906286WA0166301650004003037002357
B2008163645982N11906288WA0166501652004003030330321
B2008173645986N11906291WA0166601652004003030311301
B2008183645989N11906297WA0166801653004003033299281
B2008193645990N11906303WA0166801655004003034283269
B2008203645991N11906309WA0166901656004003029266258
B2008213645991N11906314WA0167001659004003029259252
B2008223645990N11906318WA0167101662004003026257244
B2008233645989N11906322WA0167401664004003022255235
B2008243645988N11906326WA0167601665004003022248235
B2008253645986N11906331WA0167801666004003023230220
B2008263645983N11906334WA0167901668004003024212214
B2008273645978N11906334WA0168001670004003024186193
B2008283645974N11906335WA0168301671004003028164174
B2008293645970N11906332WA0168401674004003031149162
B2008303645966N11906329WA0168501674004003032122136
B2008313645963N11906322WA0168701674004003039098115
B2008323645964N11906314WA0168901675004003039083087
B2008333645968N11906305WA0169101677004003042062070
B2008343645971N11906297WA0169201677004003049040046
B2008353645977N11906291WA0169301677004003048017023
B2008363645984N11906290WA0169301679004003048351000
B2008373645991N11906292WA0169401681004003044337336
B2008383645996N11906296WA0169701684004003041329322
B2008393646000N11906299WA0169801687004003037327310
B2008403646004N11906303WA0170001690004003030331307
B2008413646008N11906305WA0170201690004003032330301
B2008423646012N11906309WA0170401690004003030318293
B2008433646015N11906313WA0170701690004003029290283
B2008443646015N11906318WA0170901690004003025267263
B2008453646013N11906322WA0171001691004003025238249
B2008463646011N11906324WA0171001692004003025218230
B2008473646008N11906326WA0171001693004003023202215
B2008483646004N11906328WA0171101694004003023192199
B2008493646000N11906329WA0171101693004003026186189
B2008503645995N11906329WA0171101694004003031173173
B2008513645990N11906328WA0171101695004003034158164
B2008523645986N11906326WA0171101696004003033147158
B2008533645983N11906322WA0171101698004003033127146
B2008543645980N11906316WA0171101699004003031103126
B2008553645980N11906309WA0171201700004003036093100
B2008563645982N11906302WA0171401702004003039076089
B2008573645985N11906295WA0171501704004003039058070
B2008583645990N11906288WA0171801705004003043044049
B2008593645995N11906282WA0172001706004003049033032
B2009003646001N11906278WA0172101708004003049025016
B2009013646007N11906275WA0172201712004003043018010
B2009023646012N11906274WA0172401713004003039006356
B2009033646017N11906273WA0172701713004003035359347
B2009043646022N11906274WA0172901712004003035351336
B2009053646027N11906276WA0173101712004003035345319
B2009063646031N11906279WA0173201713004003035328317
B2009073646035N11906284WA0173301714004003035311290
B2009083646038N11906289WA0173401715004003035295287
B2009093646040N11906294WA0173401717004003029287280
B2009103646041N11906299WA0173501720004003025288275
B2009113646042N11906303WA0173601720004003025290273
B2009123646043N11906308WA0173701721004003027282261
B2009133646044N11906313WA0173901722004003027269240
B2009143646043N11906318WA0174001723004003027254227
B2009153646041N11906322WA0174101724004003026236217
B2009163646039N11906325WA0174101725004003020205207
B2009173646036N11906327WA0174101725004003022179194
B2009183646033N11906326WA0174101725004003022159177
B2009193646029N11906323WA0174101725004003028153163
B2009203646025N11906320WA0174001725004003030144157
B2009213646021N11906317WA0173901726004003033136151
B2009223646019N11906311WA0173801727004003034119142
B2009233646017N11906305WA0173701727004003034104126
B2009243646016N11906298WA0173701728004003035090112
B2009253646017N11906290WA0173701728004003037083092
B2009263646018N11906282WA0173801729004003044071085
B2009273646021N11906273WA0173801730004003046056065
B2009283646025N11906266WA0173801732004004044039045
B2009293646031N11906262WA0174001736004003044030028
B2009303646036N11906260WA0174201738004003041021017
B2009313646042N11906257WA0174401738004003038017004
B2009323646047N11906255WA0174601738004003039010355
B2009333646053N11906254WA0174801737004003039359349
B2009343646059N11906255WA0174801737004003040353339
B2009353646066N11906257WA0174801737004003041349339
B2009363646072N11906259WA0174801737004003042343321
B2009373646078N11906262WA0174701738004003042326308
B2009383646081N11906267WA0174601739004003039313305
B2009393646084N11906272WA0174601740004003036301305
B2009403646086N11906277WA0174601741004003032302305
B2009413646089N11906282WA0174601742004003033307306
B2009423646093N11906288WA0174701742004003035308306
B2009433646096N11906293WA0174801742004003034308304
B2009443646099N11906298WA0174801742004003034306309
B2009453646102N11906303WA0174901740004003034304304
B2009463646105N11906309WA0174901738004003037303322
B2009473646109N11906315WA0174801737004003039307303
B2009483646113N11906321WA0174701735004003039314307
B2009493646118N11906327WA0174501734004003042315288
B2009503646122N11906332WA0174301734004003042308286
B2009513646125N11906339WA0174201732004003038297281
B2009523646126N11906346WA0174101730004003038288280
B2009533646128N11906352WA0173801728004003038289285
B2009543646131N11906359WA0173701725004003038291282
B2009553646132N11906367WA0173501722004003040286288
B2009563646134N11906375WA0173301719004003044281298
B2009573646136N11906383WA0173101717004003044284300
B2009583646138N11906391WA0172901715004003044293304
B2009593646142N11906399WA0172501713004003045298290
B2010003646144N11906406WA0172301712004003045294288
B2010013646146N11906413WA0172101711004003039285290
B2010023646147N11906420WA0172001709004003039281284
B2010033646149N11906426WA0171801706004003037287290
B2010043646151N11906433WA0171501703004003037292293
B2010053646154N11906441WA0171301701004003040292287
B2010063646156N11906448WA0171101699004003042289290
B2010073646158N11906455WA0170901698004003042290304
B2010083646160N11906462WA0170701696004003041292295
B2010093646163N11906469WA0170401695004003039294301
B2010103646165N11906476WA0170201692004003039291290
B2010113646167N11906483WA0170101690004003042291288
B2010123646170N11906490WA0169901689004003042293298
B2010133646172N11906497WA0169801689004003042295300
B2010143646175N11906503WA0169501688004003040296301
B2010153646177N11906509WA0169401687004003039297300
B2010163646180N11906515WA0169301686004003037298299
B2010173646183N11906521WA0169201686004003037303301
B2010183646186N11906526WA0169201685004003035306296
B2010193646189N11906531WA0169001685004003033304293
B2010203646191N11906536WA0169001684004003032302290
B2010213646194N11906541WA0168901683004003031302302
B2010223646196N11906546WA0168901682004003033303302
B2010233646199N11906551WA0168801680004003033299299
B2010243646201N11906557WA0168601679004003033293293
B2010253646202N11906562WA0168501678004003032291300
B2010263646204N11906566WA0168401676004003026295306
B2010273646206N11906570WA0168301673004003028302305
B2010283646209N11906575WA0168201670004003028303307
B2010293646211N11906580WA0167901669004003031300310
B2010303646214N11906586WA0167701667004003031301313
B2010313646216N11906590WA0167501666004003029307316
B2010323646220N11906593WA0167301663004003029317318
B2010333646223N11906597WA0167201660004003029322317
B2010343646227N11906601WA0166801660004003031316320
B2010353646231N11906605WA0166701661004003034315317
B2010363646235N11906610WA0166401661004003033319322
B2010373646239N11906613WA0166201662004003033322319
B2010383646243N11906617WA0166001662004003031320310
B2010393646246N11906621WA0165701663004003029317306
B2010403646249N11906624WA0165701662004003028314309
B2010413646252N11906628WA0165601661004003027317314
B2010423646256N11906631WA0165601660004003028320313
B2010433646259N11906635WA0165601658004003028318316
B2010443646262N11906638WA0165501657004003030317309
B2010453646266N11906642WA0165401656004003030322319
B2010463646270N11906645WA0165301655004003029324317
B2010473646273N11906648WA0165201654004003029322316
B2010483646276N11906652WA0165101653004003029319312
B2010493646280N11906655WA0165001652004003029321307
B2010503646283N11906658WA0164901651004003029326316
B2010513646287N11906661WA0164801651004003033324314
B2010523646291N11906665WA0164701647004003034321321
B2010533646296N11906670WA0164501644004003034315309
B2010543646300N11906675WA0164101644004003037314322
B2010553646304N11906680WA0163901644004003037320319
B2010563646309N11906684WA0163701642004003036322316
B2010573646313N11906688WA0163501640004003036321315
B2010583646317N11906692WA0163301639004003036312310
B2010593646321N11906697WA0163001636004003036309310
B2011003646324N11906703WA0162801634004003036307312
B2011013646327N11906708WA0162601632004003033309311
B2011023646330N11906712WA0162401629004003033308294
B2011033646334N11906718WA0162201627004003033307288
B2011043646337N11906723WA0161901625004003034306306
B2011053646340N11906729WA0161701626004003035300290
B2011063646343N11906734WA0161601627004003035303294
B2011073646345N11906738WA0161601627004003024311295
B2011083646346N11906740WA0161601625004003017317301
B2011093646347N11906742WA0161601623004003021313300
B2011103646350N11906745WA0161601622004004032316297
B2011113646354N11906749WA0161601623004004029315285
B2011123646357N11906753WA0161501625004004029319282
B2011133646360N11906755WA0161501625004004020319284
B2011143646362N11906757WA0161401624004004020317284
B2011153646364N11906760WA0161501623004004020309298
B2011163646366N11906764WA0161501622004004025294293
B2011173646369N11906770WA0161401622004004031287283
B2011183646370N11906775WA0161201623004004026296288
B2011193646372N11906779WA0160801622004004026303295
B2011203646375N11906782WA0160601620004004024313293
B2011213646377N11906786WA0160501617004004024312296
B2011223646380N11906790WA0160401615004004027307294
B2011233646383N11906795WA0160401615004004028305291
B2011243646385N11906798WA0160201614004004028307287
B2011253646387N11906802WA0160101615004004025309282
B2011263646390N11906806WA0160101615004004025308285
B2011273646392N11906809WA0160001615004004025308282
B2011283646394N11906813WA0160001616004003023308285
B2011293646396N11906816WA0160101616004003023307284
B2011303646398N11906820WA0160201615004003023306281
B2011313646400N11906824WA0160201615004003024302284
B2011323646402N11906828WA0160301615004003024291287
B2011333646403N11906832WA0160301615004003018290296
B2011343646404N11906834WA0160301618004003018294300
B2011353646405N11906837WA0160501618004003017310289
B2011363646406N11906839WA0160601617004003017310295
B2011373646408N11906843WA0160701617004003022300279
B2011383646409N11906847WA0160901617004003020279263
B2011393646408N11906850WA0161101617004003020261260
B2011403646407N11906853WA0161101617004003018255253
B2011413646406N11906857WA0161101616004003018250251
B2011423646404N11906860WA0161101615004003021231220
B2011433646402N11906863WA0161101615004003025196201
B2011443646397N11906863WA0161001614004003030177187
B2011453646393N11906861WA0161001613004003030161167
B2011463646388N11906859WA0160901613004003031143149
B2011473646384N11906853WA0160901610004003035134122
B2011483646381N11906846WA0160801609004003043123111
B2011493646378N11906837WA0160701606004003050113102
B2011503646375N11906828WA0160501607004003050101095
B2011513646374N11906817WA0160401607004003053092081
B2011523646374N11906807WA0160301608004003053084087
B2011533646375N11906798WA0160301608004003044070077
B2011543646378N11906790WA0160301608004003045060061
B2011553646384N11906784WA0160301608004003045045039
B2011563646390N11906779WA0160301607004003047029015
B2011573646397N11906777WA0160401607004003047013352
B2011583646403N11906778WA0160401606004003045354335
B2011593646410N11906781WA0160401607004003045340320
B2012003646416N11906784WA0160401607004003043330312
B2012013646420N11906788WA0160401609004003038323310
B2012023646423N11906791WA0160401611004003033319302
B2012033646426N11906795WA0160501611004003028321306
B2012043646429N11906798WA0160601610004003031316306
B2012053646433N11906803WA0160801609004003031307302
B2012063646435N11906809WA0160801609004003036299300
B2012073646438N11906816WA0160801610004003036290296
B2012083646439N11906821WA0160801612004003030290286
B2012093646441N11906826WA0160801613004003030291283
B2012103646442N11906831WA0160801613004003028287278
B2012113646443N11906836WA0160901613004003028280273
B2012123646443N11906842WA0161001613004003028273278
B2012133646443N11906846WA0161001614004003026272276
B2012143646443N11906851WA0161101614004003026274278
B2012153646443N11906856WA0161101613004003025270282
B2012163646443N11906860WA0161101612004003025262273
B2012173646442N11906864WA0161101610004003024263274
B2012183646442N11906869WA0161101610004003027279285
B2012193646443N11906874WA0161001608004003030283285
B2012203646444N11906880WA0160801608004003030279281
B2012213646445N11906885WA0160701609004003030272279
B2012223646445N11906890WA0160601609004003025271279
B2012233646446N11906895WA0160501611004003026279295
B2012243646447N11906900WA0160501611004003026286299
B2012253646448N11906904WA0160701612004003026290289
B2012263646450N11906909WA0160801614004003026294290
B2012273646452N11906913WA0160901616004003027297283
B2012283646454N11906917WA0161001616004003026301289
B2012293646456N11906921WA0161201615004003026294299
B2012303646457N11906925WA0161401614004003024283299
B2012313646457N11906930WA0161401613004004024286291
B2012323646459N11906934WA0161401610004003027292297
B2012333646460N11906939WA0161301610004003026304292
B2012343646463N11906942WA0161101610004003026308293
B2012353646465N11906945WA0160901609004003025314293
B2012363646468N11906948WA0160801609004003024311296
B2012373646470N11906952WA0160701607004003024310308
B2012383646473N11906955WA0160701604004003027321313
B2012393646478N11906957WA0160601602004003030333314
B2012403646482N11906959WA0160301600004003030342317
B2012413646486N11906960WA0160201598004003030347320
B2012423646491N11906961WA0160001596004003029347322
B2012433646495N11906963WA0159901592004003031345324
B2012443646500N11906964WA0159701589004003033345324
B2012453646505N11906966WA0159301587004003033344328
B2012463646510N11906968WA0159101585004003035343330
B2012473646514N11906969WA0158901584004003035343331
B2012483646518N11906971WA0158701582004003027344325
B2012493646522N11906972WA0158501581004003027340320
B2012503646525N11906975WA0158201578004003026329306
B2012513646529N11906977WA0158001578004003026315308
B2012523646532N11906982WA0157901579004003031308313
B2012533646535N11906986WA0157701581004003024314317
B2012543646538N11906989WA0157601582004003024335311
B2012553646541N11906991WA0157501582004003020343302
B2012563646544N11906992WA0157601581004003020339292
B2012573646547N11906993WA0157701580004003025330289
B2012583646551N11906996WA0157801579004003030313293
B2012593646553N11907001WA0157801579004003031304301
B2013003646556N11907006WA0157501580004003030298293
B2013013646558N11907010WA0157401581004003024307294
B2013023646560N11907012WA0157301582004003023320303
B2013033646563N11907015WA0157301581004003023315285
B2013043646565N11907018WA0157301582004003023306277
B2013053646567N11907021WA0157501583004003022305289
B2013063646569N11907024WA0157601585004003018313293
B2013073646571N11907026WA0157701587004003018322300
B2013083646573N11907029WA0157801588004003021322296
B2013093646576N11907031WA0158001589004003023318296
B2013103646578N11907034WA0158201592004003022318276
B2013113646581N11907036WA0158401594004003022324278
B2013123646583N11907038WA0158501594004003017332267
B2013133646585N11907039WA0158701595004003017330264
B2013143646587N11907042WA0158901596004003017317262
B2013153646588N11907044WA0159201596004003017296246
B2013163646587N11907047WA0159401597004003017259239
B2013173646587N11907049WA0159501597004003014210224
B2013183646584N11907049WA0159601599004003019181209
B2013193646580N11907047WA0159701600004003019154194
B2013203646577N11907043WA0159901601004003024138177
B2013213646573N11907039WA0160001601004003038124161
B2013223646570N11907032WA0160001602004003043114129
B2013233646568N11907024WA0160101602004003043099114
B2013243646568N11907013WA0160201601004003046067095
B2013253646572N11907003WA0160401601004003051040054
B2013263646580N11907000WA0160501601004003051019021
B2013273646586N11907001WA0160601601004003051352356
B2013283646593N11907002WA0160601602004003044340330
B2013293646598N11907004WA0160701604004003034336317
B2013303646601N11907006WA0160901608004003023335304
B2013313646604N11907008WA0161101608004003023330289
B2013323646605N11907010WA0161301608004003021318291
B2013333646607N11907013WA0161501608004004021315284
B2013343646610N11907017WA0161801611004003025316287
B2013353646612N11907020WA0162101614004003024322290
B2013363646615N11907022WA0162201616004003024324289
B2013373646617N11907025WA0162401616004003024325288
B2013383646621N11907028WA0162501616004004027323291
B2013393646624N11907031WA0162601616004004027319281
B2013403646626N11907034WA0162801618004003024309270
B2013413646627N11907037WA0162901619004003024292253
B2013423646628N11907040WA0162901619004003019266235
B2013433646626N11907042WA0163001619004003013225214
B2013443646625N11907044WA0163001620004003013186194
B2013453646621N11907043WA0163101620004003026167177
B2013463646617N11907041WA0163101620004003035135152
B2013473646614N11907033WA0163101620004003035111129
B2013483646612N11907025WA0163101620004003044098111
B2013493646612N11907015WA0163101620004003047088094
B2013503646618N11907007WA0163001621004003054046084
B2013513646625N11907002WA0163001621004003054029033
B2013523646632N11906997WA0163001621004003050009011
B2013533646638N11906997WA0163001622004003045358345
B2013543646644N11906998WA0163001623004003042343330
B2013553646648N11907001WA0163001624004003027330314
B2013563646652N11907003WA0163001624004003027313289
B2013573646653N11907006WA0163101625004003021304280
B2013583646655N11907009WA0163101625004003019305269
B2013593646657N11907012WA0163201626004003018306274
B2014003646659N11907015WA0163201626004003018298280
B2014013646660N11907019WA0163301627004003020289275
B2014023646661N11907023WA0163301629004003020282276
B2014033646662N11907028WA0163401630004003023277273
B2014043646662N11907032WA0163501633004003023277277
B2014053646663N11907035WA0163701635004003017279278
B2014063646663N11907038WA0163901635004003018292276
B2014073646664N11907041WA0164001637004003018290276
B2014083646665N11907045WA0164201639004003019290279
B2014093646666N11907049WA0164301639004003021288275
B2014103646667N11907053WA0164601640004003019296282
B2014113646669N11907056WA0164701643004003019304279
B2014123646671N11907058WA0165001644004003019308276
B2014133646673N11907062WA0165201644004003021308277
B2014143646675N11907066WA0165401646004003028302275
B2014153646677N11907071WA0165601647004003028289256
B2014163646678N11907076WA0165901648004003028253236
B2014173646675N11907079WA0166101651004003020217212
B2014183646672N11907081WA0166301651004003020172193
B2014193646668N11907079WA0166601651004003025138169
B2014203646664N11907071WA0166801651004003045119146
B2014213646661N11907063WA0167101652004003049104118
B2014223646661N11907053WA0167201651004003045088098
B2014233646664N11907044WA0167201651004004045051083
B2014243646670N11907039WA0167301656004004038013038
B2014253646676N11907038WA0167401657004004032358341
B2014263646681N11907040WA0167701660004004032330318
B2014273646683N11907043WA0168001665004004025313290
B2014283646686N11907047WA0168201667004004023303276
B2014293646688N11907051WA0168401667004004022299265
B2014303646689N11907056WA0168801667004004022282253
B2014313646689N11907060WA0168901667004004023273245
B2014323646689N11907065WA0168901667004004023246231
B2014333646687N11907069WA0168901668004004024219218
B2014343646681N11907071WA0168801668004004028196204
B2014353646676N11907072WA0168701669004004037175190
B2014363646671N11907071WA0168601670004004037161178
B2014373646667N11907067WA0168601670004004035145163
B2014383646663N11907063WA0168601670004004035130149
B2014393646660N11907058WA0168501669004004036118133
B2014403646658N11907048WA0168501667004004050112114
B2014413646656N11907039WA0168301667004004055098104
B2014423646655N11907029WA0168101667004004055080086
B2014433646658N11907018WA0167901668004004056061067
B2014443646663N11907008WA0167801669004004056040045
B2014453646669N11907001WA0167601672004004044024021
B2014463646675N11906997WA0167401672004004044015359
B2014473646681N11906997WA0167301672004004039006348
B2014483646686N11906998WA0167301672004004035351336
B2014493646690N11907000WA0167301671004004030333315
B2014503646693N11907004WA0167301671004004022313298
B2014513646695N11907007WA0167301671004004022307293
B2014523646698N11907011WA0167301672004004022307287
B2014533646700N11907014WA0167301672004004022320285
B2014543646703N11907016WA0167301671004004022323291
B2014553646705N11907018WA0167301671004004017303281
B2014563646707N11907021WA0167301670004004019287271
B2014573646707N11907025WA0167201670004004019270268
B2014583646707N11907030WA0167001666004004023263265
B2014593646707N11907035WA0166801664004004024262266
B2015003646706N11907039WA0166601662004004023261261
B2015013646705N11907043WA0166101660004004023259260
B2015023646705N11907047WA0165901658004004023259267
B2015033646704N11907052WA0165701656004003024262268
B2015043646704N11907056WA0165601654004003024269274
B2015053646705N11907061WA0165401652004003023275270
B2015063646705N11907065WA0165101651004003024274275
B2015073646705N11907070WA0165001650004003023271270
B2015083646705N11907074WA0164801649004003024268282
B2015093646705N11907079WA0164701648004003024267283
B2015103646705N11907083WA0164601647004003024272285
B2015113646706N11907088WA0164501645004003024278282
B2015123646706N11907092WA0164401644004003023277283
B2015133646706N11907096WA0164301642004003023274280
B2015143646707N11907100WA0164201640004003023279288
B2015153646708N11907104WA0164001638004003024291293
B2015163646710N11907108WA0163801635004003024303284
B2015183646712N11907111WA0163601635004003022305282
B2015193646713N11907114WA0163401634004003018289278
B2015203646714N11907117WA0163201633004003020284267
B2015213646714N11907121WA0163001629004003024277268
B2015223646715N11907126WA0162501629004003024274258
B2015233646715N11907130WA0162201629004003024263244
B2015243646714N11907134WA0161901625004003021249237
B2015253646713N11907137WA0161601625004003026229239
B2015263646710N11907141WA0161401623004003025226245
B2015273646708N11907144WA0160901621004003025231244
B2015283646707N11907147WA0160701619004003018240244
B2015293646706N11907150WA0160501616004003018244248
B2015303646704N11907153WA0160301613004003018244260
B2015313646703N11907157WA0160101610004003021247263
B2015323646702N11907161WA0159801608004003022259265
B2015333646702N11907165WA0159701607004003021270261
B2015343646703N11907169WA0159501605004003022272261
B2015353646703N11907173WA0159301604004003022267262
B2015363646702N11907182WA0159001601004003023264269
B2015373646702N11907187WA0158901600004003025270273
B2015383646702N11907192WA0158801598004003026276271
B2015393646703N11907196WA0158701596004003025277272
B2015403646703N11907201WA0158601595004003025275272
B2015413646703N11907206WA0158301593004003025278273
B2015423646704N11907210WA0158201591004003025284279
B2015433646705N11907215WA0158101589004003025288279
B2015443646707N11907219WA0158001587004003025288277
B2015453646708N11907223WA0157901585004003024287276
B2015463646709N11907228WA0157701583004003024287276
B2015473646710N11907233WA0157501581004003029289280
B2015483646712N11907238WA0157401578004003032289283
B2015493646713N11907244WA0157301576004003032289283
B2015503646715N11907250WA0157101575004003032289284
B2015513646717N11907255WA0156801574004003032290283
B2015523646718N11907260WA0156601573004003028293287
B2015533646720N11907265WA0156501572004003028300286
B2015543646723N11907269WA0156401571004003028310287
B2015553646726N11907274WA0156301568004003033310291
B2015563646729N11907279WA0156101566004003034307285
B2015573646733N11907285WA0155901565004003037304281
B2015583646736N11907291WA0155801564004003037303287
B2015593646738N11907296WA0155601564004003036302282
B2016003646741N11907301WA0155501564004003034300282
B2016013646743N11907306WA0155401564004003031297284
B2016023646744N11907310WA0155301563004003025293278
B2016033646746N11907314WA0155301562004003025297275
B2016043646748N11907318WA0155301562004003025306285
B2016053646750N11907322WA0155301560004003028307288
B2016063646753N11907327WA0155201560004003029306282
B2016073646756N11907331WA0155101560004003026307299
B2016083646758N11907335WA0155001561004003026310299
B2016093646761N11907338WA0154901562004003023315303
B2016103646763N11907340WA0154901562004003023320300
B2016113646767N11907343WA0155001563004003023321306
B2016123646770N11907346WA0155001562004003026319320
B2016133646773N11907348WA0155101563004003026340316
B2016143646776N11907349WA0155201565004003024348321
B2016153646780N11907349WA0155301567004003024350314
B2016163646784N11907351WA0155601567004003024341320
B2016173646788N11907353WA0155801569004003029335338
B2016183646792N11907355WA0155901570004003030337334
B2016193646796N11907356WA0156101571004003029345326
B2016203646800N11907357WA0156201573004003027354332
B2016213646804N11907357WA0156401574004003026355331
B2016223646808N11907358WA0156501575004003028356335
B2016233646812N11907358WA0156701575004003028000351
B2016243646816N11907357WA0156801578004003028007348
B2016253646820N11907355WA0156901579004003028026350
B2016263646824N11907352WA0157001580004003029035359
B2016273646827N11907349WA0157301580004003029033002
B2016283646831N11907346WA0157501581004003030027001
B2016293646835N11907343WA0157601582004003030027357
E201629Waypoint DELILA reached
B2016303646840N11907341WA0157601582004003031025354
B2016313646843N11907339WA0157701582004003031014348
B2016323646847N11907338WA0157801582004003026352330
B2016333646851N11907339WA0157801581004003026332308
B2016343646854N11907342WA0157801580004003025304286
B2016353646855N11907346WA0157801579004003025278261
B2016363646855N11907352WA0157601579004003026256237
B2016373646853N11907356WA0157401578004003027229222
B2016383646848N11907358WA0157301576004003028199208
B2016393646844N11907358WA0157101574004003028177197
B2016403646839N11907356WA0156901572004003030168178
B2016413646835N11907355WA0156601571004003030164172
B2016423646830N11907352WA0156501569004003036155171
B2016433646824N11907348WA0156401568004003043149166
B2016443646819N11907344WA0156301568004003043157174
B2016453646812N11907342WA0156201569004003043169199
B2016463646806N11907342WA0156101570004003042177206
B2016473646801N11907343WA0156101571004003033189228
B2016483646796N11907344WA0156201570004003033208239
B2016493646792N11907348WA0156201570004003030220248
B2016503646790N11907353WA0156301569004003029239259
B2016513646788N11907358WA0156301569004003029267271
B2016523646790N11907362WA0156301569004003025294288
B2016533646793N11907364WA0156301570004003025331303
B2016543646797N11907364WA0156301570004003025004325
B2016553646802N11907362WA0156301570004003027020344
B2016563646806N11907359WA0156301570004003031034002
B2016573646809N11907354WA0156401570004003034049017
B2016583646811N11907348WA0156501569004003037070036
B2016593646813N11907341WA0156501569004003037094063
B2017003646811N11907333WA0156501568004003043121096
B2017013646805N11907328WA0156401566004003046142130
B2017023646799N11907322WA0156201567004003051167155
B2017033646791N11907322WA0156101567004003051191180
B2017043646787N11907325WA0155901568004003037208205
B2017053646784N11907329WA0155901569004003031221225
B2017063646781N11907332WA0155901568004003026228244
B2017073646779N11907336WA0156001568004003022239258
B2017083646779N11907340WA0156001567004003022268271
B2017093646781N11907344WA0156001567004003022308290
B2017103646786N11907346WA0156001566004003025340315
B2017113646790N11907348WA0156001566004003031350335
B2017123646795N11907349WA0156001566004003029357342
B2017133646799N11907349WA0156001566004003029001340
B2017143646802N11907349WA0156001566005003021000345
B2017153646806N11907349WA0156101566005003021357353
B2017163646810N11907349WA0156201565005003024001352
B2017173646814N11907348WA0156301565004003027006358
B2017183646818N11907347WA0156301566004003027006355
B2017193646821N11907347WA0156301566004003025005359
B2017203646825N11907346WA0156301566004003024009000
B2017213646828N11907345WA0156301566004003024011005
B2017223646832N11907344WA0156401566004003025009004
B2017243646836N11907343WA0156401565004003025008356
B2017253646839N11907343WA0156401564004003024009359
B2017263646842N11907342WA0156401562004003022002333
B2017273646845N11907343WA0156301559004003023346317
B2017283646848N11907346WA0156201555004003028320307
B2017293646851N11907352WA0156001553004003028297289
B2017303646853N11907357WA0155801553004003031277276
B2017313646853N11907363WA0155601554004003025253271
B2017323646851N11907368WA0155501554004003025245265
B2017333646850N11907371WA0155301554004003020252275
B2017343646849N11907374WA0155301554004003020281278
B2017353646849N11907378WA0155301553004003027286294
B2017363646850N11907383WA0155301551004003028286302
B2017373646851N11907388WA0155301550004003028295315
B2017383646854N11907392WA0155101549004003028307325
B2017393646857N11907395WA0155001548004003029323331
B2017403646861N11907397WA0154801548004003029332325
B2017413646865N11907399WA0154701547004003029340320
B2017423646868N11907400WA0154701547004003026345314
B2017433646871N11907401WA0154501546004003022334307
B2017443646874N11907403WA0154401544004003026313294
B2017453646876N11907408WA0154301541004003026293281
B2017463646876N11907414WA0154201538004003027265269
B2017473646873N11907419WA0154001535004003031237254
B2017483646870N11907423WA0153601535004003034211240
B2017493646866N11907426WA0153401536004003034208219
B2017503646861N11907430WA0153301537004003036209229
B2017513646856N11907433WA0153301537004003036210227
B2017523646852N11907436WA0153301541004003032211229
B2017533646847N11907439WA0153501542004003032212237
B2017543646843N11907442WA0153701543004003032214243
B2017553646839N11907446WA0153801544004003032220256
B2017563646836N11907451WA0154001544004003032234276
B2017573646835N11907457WA0154101544004003030254292
B2017583646836N11907462WA0154301543004003030283310
B2017593646837N11907467WA0154301542004003029323329
B2018003646842N11907466WA0154301540004003029000354
B2018013646847N11907465WA0154201540004003031050016
B2018023646851N11907458WA0154201541004003039076048
B2018033646852N11907450WA0154001542004003039094068
B2018043646851N11907444WA0153901545004003035106083
B2018053646850N11907438WA0153901547004003033097083
B2018063646850N11907432WA0154001548004003030081082
B2018073646851N11907425WA0154101550004003033078083
B2018083646850N11907418WA0154401551004003037099092
B2018093646849N11907412WA0154501551004003037132115
B2018103646842N11907408WA0154601551004003043154150
B2018113646836N11907405WA0154701552004003045192181
B2018123646830N11907409WA0154801550004003033247224
B2018133646831N11907418WA0154901551004003043322280
B2018143646838N11907421WA0154901552004003043010335
B2018153646844N11907416WA0154901553004003044036012
B2018163646847N11907408WA0154901555004003044068033
B2018173646850N11907400WA0155001555004003040104062
B2018183646847N11907394WA0155201554004003041140098
B2018193646842N11907392WA0155301554004003040159142
B2018203646837N11907394WA0155301556004003038194168
B2018213646834N11907398WA0155401557004003033229209
B2018223646831N11907403WA0155401558004003026246249
B2018233646830N11907407WA0155601561004003026251259
B2018243646829N11907411WA0155701561004003023244256
B2018253646827N11907415WA0155901560004003022241255
B2018263646826N11907418WA0156001559004003022245260
B2018273646824N11907424WA0156201559004003028250271
B2018283646823N11907429WA0156401559004003028260292
B2018293646823N11907433WA0156401559004003027279314
B2018303646824N11907435WA0156401557004003016317314
B2018313646825N11907436WA0156401556004003016333327
B2018323646828N11907438WA0156301551004003022326315
B2018333646831N11907442WA0155901546004003028303297
B2018343646832N11907448WA0155601542004003028281280
B2018353646831N11907454WA0155301540004003031259265
B2018363646830N11907459WA0155001540004003032237245
B2018373646827N11907464WA0154701540004003033221241
B2018383646824N11907468WA0154501540004003033215229
B2018393646820N11907471WA0154001541004003033212218
B2018403646816N11907473WA0153901540004003030209214
B2018413646812N11907475WA0153901538004003029201203
B2018423646808N11907476WA0153801536004003030194194
B2018433646802N11907477WA0153701535004003034188187
B2018443646797N11907477WA0153601534004003034181175
B2018453646791N11907476WA0153501533004003037171168
B2018463646786N11907474WA0153401533004003037159156
B2018473646781N11907470WA0153301533004003038149143
B2018483646776N11907465WA0153201533004003039141129
B2018493646772N11907460WA0153201533004003039131110
B2018503646770N11907453WA0153201533004003040113109
B2018513646769N11907445WA0153201533004003040098090
B2018523646768N11907436WA0153201533004003048086073
B2018533646769N11907427WA0153201533004003048080067
B2018543646771N11907419WA0153301535004003046070074
B2018553646774N11907413WA0153301536004003043064071
B2018563646776N11907406WA0153401535004003042070079
B2018573646779N11907398WA0153501534004003047076077
B2018583646780N11907389WA0153501533004003050077088
B2018593646782N11907370WA0153501533004003050085106
B2019003646782N11907361WA0153401533004003050096112
B2019013646779N11907353WA0153401532004003047108116
B2019023646776N11907345WA0153301532004003047114120
B2019033646773N11907337WA0153201531004003047115126
B2019043646770N11907329WA0153201532004003047115127
B2019053646767N11907321WA0153201532004003048122145
B2019063646763N11907314WA0153201533004003045128152
B2019073646759N11907309WA0153201533004003045133145
B2019083646754N11907303WA0153301533004003040137151
B2019093646750N11907299WA0153301532004003040135151
B2019103646746N11907293WA0153301531004003042136144
B2019113646741N11907288WA0153301528004003041138159
B2019123646737N11907284WA0153201526004003041143174
B2019133646733N11907281WA0152801526004003033150171
B2019143646729N11907278WA0152601523004003031153168
B2019153646725N11907276WA0152301523004003031160176
B2019163646720N11907274WA0152101521004003035163189
B2019173646715N11907273WA0151901519004003035166196
B2019183646710N11907271WA0151501518004003033165191
B2019193646706N11907270WA0151301516004003031164184
B2019203646701N11907268WA0151201514004003031162178
B2019213646696N11907265WA0151001512004003036158175
B2019223646691N11907262WA0150901510004003039154160
B2019233646686N11907258WA0150601510004003038148164
B2019243646681N11907255WA0150501510004003038143169
B2019253646677N11907251WA0150401508004003035143176
B2019263646674N11907248WA0150301506004003029148180
B2019273646669N11907245WA0150301503004003032149170
B2019293646665N11907242WA0150101501004003032148157
B2019303646660N11907238WA0150001501004003037148159
B2019313646655N11907234WA0149901501004003034149165
B2019323646651N11907232WA0149701501004003034149173
B2019333646648N11907229WA0149601500004003030147167
B2019343646644N11907226WA0149501498004003028147166
B2019353646640N11907223WA0149501496004003028147162
B2019363646636N11907219WA0149401493004003033145154
B2019373646632N11907215WA0149301492004003034140154
B2019383646629N11907211WA0149201491004003034134151
B2019393646626N11907206WA0148901489004003034131153
B2019403646622N11907202WA0148801487004003033132158
B2019413646619N11907197WA0148601486004003033135155
B2019423646615N11907193WA0148501484004003034134148
B2019433646612N11907187WA0148401481004003034129140
B2019443646608N11907181WA0148201479004003037127142
B2019453646603N11907175WA0148001477004003042129139
B2019463646599N11907168WA0147801478004003048133152
B2019473646594N11907161WA0147701479004003048135142
B2019483646589N11907156WA0147601481004003046134153
B2019493646585N11907150WA0147501481004003042133160
B2019503646581N11907145WA0147601480004003037133153
B2019513646577N11907140WA0147701480004003036133164
B2019523646573N11907135WA0147801480004003036128161
B2019533646570N11907130WA0147901479004003036128165
B2019543646566N11907125WA0148001479004003037130161
B2019553646562N11907120WA0148001479004003037133149
B2019563646559N11907115WA0148001478004003035136157
B2019573646555N11907111WA0148001477004003036134156
B2019583646551N11907105WA0147901476004003036130156
B2019593646546N11907098WA0147901475004003041130148
B2020003646542N11907092WA0147801475004003045131144
B2020013646537N11907085WA0147701475004003047128136
B2020023646533N11907078WA0147701476004003048124130
B2020033646530N11907070WA0147701477004003048116118
B2020043646528N11907061WA0147701478004003050107113
B2020053646526N11907051WA0147801479004003051100109
B2020063646525N11907042WA0147801478004003050098110
B2020073646524N11907033WA0147901478004003050100108
B2020083646523N11907024WA0147901477004003048100111
B2020093646521N11907015WA0147901474004003048100114
B2020103646520N11907006WA0147801470004003048102108
B2020113646517N11906996WA0147601466004003054107118
B2020123646514N11906987WA0147401463004003054112115
B2020133646511N11906978WA0147201461004003054115118
B2020143646508N11906969WA0146701459004003054112113
B2020153646505N11906960WA0146401457004003052109123
B2020163646503N11906952WA0146201455004003048111138
B2020173646500N11906944WA0146101454004003048116142
B2020183646496N11906936WA0145901452004003048119141
B2020193646492N11906928WA0145601452004003048120140
B2020203646489N11906920WA0145501452004003050119138
B2020213646485N11906912WA0145401452004003049121149
B2020223646481N11906905WA0145301452004003049124150
B2020233646477N11906899WA0145201451004003046128154
B2020243646473N11906893WA0145101450004003044130154
B2020253646468N11906886WA0145101450004003044132160
B2020263646463N11906880WA0145101450004003047134163
B2020273646458N11906874WA0145001451004003047137162
B2020283646454N11906870WA0145001452004003044138165
B2020293646450N11906865WA0145001453004003040136161
B2020303646446N11906859WA0145101453004003040131151
B2020313646441N11906852WA0145101453004003046127141
B2020323646437N11906845WA0145201455004003048124115
B2020333646434N11906837WA0145201456004003047114094
B2020343646431N11906829WA0145401456004003048102077
B2020353646430N11906819WA0145501456004003050093065
B2020363646431N11906808WA0145601455004003055074056
B2020373646438N11906800WA0145701456004003056047033
B2020383646444N11906793WA0145801456004003055030007
B2020393646450N11906795WA0145901456004003052352348
B2020403646453N11906799WA0146001455004003038313321
B2020413646456N11906803WA0146101455004003018272291
B2020423646455N11906807WA0146101457004003018212265
B2020433646453N11906809WA0146101457004003015202233
B2020443646451N11906809WA0146101457004003013200228
B2020453646449N11906810WA0146201458004003013199221
B2020463646446N11906811WA0146301457004003021191210
B2020473646441N11906811WA0146301457004003028181191
B2020483646437N11906812WA0146401458004003028164179
B2020493646433N11906808WA0146401460004003032148174
B2020503646430N11906803WA0146501461004003033124153
B2020513646427N11906796WA0146601461004003040111138
B2020523646426N11906788WA0146601462004003044103119
B2020533646425N11906779WA0146701462004003044095105
B2020543646426N11906769WA0146801462004003048082096
B2020553646429N11906760WA0146801462004003051070086
B2020563646432N11906751WA0146901463004003052063067
B2020573646436N11906743WA0146901463004003052060059
B2020583646439N11906736WA0146901463004003049057046
B2020593646444N11906730WA0146901463004003046048037
B2021003646449N11906725WA0146901461004003045033028
B2021013646455N11906720WA0146901461004003043016005
B2021023646461N11906719WA0146901461004003043009349
B2021033646466N11906720WA0146801461004003041356325
B2021043646470N11906722WA0146801460004003035338312
B2021053646473N11906725WA0146701460004003031317281
B2021063646474N11906729WA0146601460004003019286262
B2021073646475N11906732WA0146601460004003019234236
B2021083646472N11906735WA0146501459004003019213223
B2021093646469N11906737WA0146501459004003019208227
B2021103646466N11906739WA0146401459004003019203220
B2021113646465N11906739WA0146401460004003012193210
B2021123646462N11906739WA0146401459004003014178195
B2021133646459N11906738WA0146401458004003014170191
B2021143646456N11906737WA0146401456004003019163182
B2021153646451N11906735WA0146401455004003026159170
B2021163646447N11906733WA0146401456004003030162192
B2021173646443N11906732WA0146301456004003030169180
B2021183646440N11906732WA0146301457004003025177180
B2021193646433N11906731WA0146201458004003020175172
B2021203646430N11906731WA0146301458004003026171181
B2021213646426N11906730WA0146301459004003026170183
B2021223646422N11906730WA0146401461004003024174184
B2021233646419N11906730WA0146401462004003023180185
B2021243646416N11906730WA0146601463004003022184189
B2021253646412N11906730WA0146701465004003022183178
B2021263646409N11906730WA0146901466004003023179185
B2021273646405N11906730WA0147001468004003023173186
B2021283646402N11906729WA0147001469004003024173188
B2021293646398N11906729WA0147201471004003026181210
B2021303646394N11906731WA0147401472004003025201223
B2021313646391N11906735WA0147401472004003028226256
B2021323646389N11906740WA0147601473004003028246267
B2021343646389N11906746WA0147601475004003030269286
B2021353646391N11906751WA0147801475004003030299297
B2021363646394N11906755WA0147901475004003034330312
B2021373646399N11906757WA0147901474004003034354332
B2021383646405N11906756WA0148001473004003038019354
B2021393646412N11906752WA0148001471004003049047022
B2021403646415N11906742WA0147901469004003049066062
B2021413646418N11906733WA0147701469004003049080085
B2021423646417N11906725WA0147601470004003049111102
B2021433646413N11906720WA0147501473004003028153135
B2021443646408N11906717WA0147401474004003028160183
B2021453646405N11906716WA0147501476004003022158193
B2021463646402N11906715WA0147601475004003019176200
B2021473646399N11906715WA0147701475004003024198218
B2021483646395N11906717WA0147801474004003032215230
B2021493646390N11906722WA0147901474004004032230244
B2021503646388N11906727WA0147801476004003032242264
B2021513646385N11906733WA0147701475004003024277273
B2021523646386N11906739WA0147701474004003025297278
B2021533646388N11906743WA0147601473004004025302280
B2021543646390N11906748WA0147601471004003027302275
B2021553646392N11906753WA0147501469004003028294263
B2021563646392N11906757WA0147301469004003028275248
B2021573646391N11906761WA0147201469004003025244234
B2021583646388N11906764WA0147101469004003023209221
B2021593646384N11906764WA0147001470004003028183206
B2022003646380N11906763WA0147001472004003029169192
B2022013646376N11906762WA0147101473004003028163185
B2022023646372N11906760WA0147101474004003027163180
B2022033646368N11906759WA0147201474004003026162178
B2022043646364N11906757WA0147301475004003028158174
B2022053646361N11906754WA0147501475004003028153167
B2022063646357N11906752WA0147501476004003028154170
B2022073646353N11906750WA0147601476004003027155166
B2022083646349N11906747WA0147601474004003027150152
B2022093646345N11906744WA0147701474004003036147158
B2022103646340N11906740WA0147701474004003037147160
B2022113646336N11906737WA0147601473004003036150169
B2022123646332N11906734WA0147601472004003034153176
B2022133646328N11906732WA0147501470004003030154178
B2022143646323N11906729WA0147501470004003034149165
B2022153646319N11906726WA0147301468004003038146173
B2022163646314N11906722WA0147201467004003037146173
B2022173646310N11906719WA0147001466004003037151177
B2022183646305N11906716WA0146901464004003034156184
B2022193646301N11906714WA0146801463004003033157169
B2022203646296N11906711WA0146601461004003035155166
B2022213646291N11906708WA0146501460004003035153165
B2022223646287N11906705WA0146401458004003035153164
B2022233646282N11906703WA0146301457004003034155165
B2022243646278N11906700WA0146101456004003031153172
B2022253646274N11906697WA0145901453004003032149165
B2022263646269N11906694WA0145801450004003032149166
B2022273646264N11906690WA0145701448004003035152168
B2022283646259N11906687WA0145501448004003039156170
B2022293646254N11906684WA0145301449004003036158173
B2022303646249N11906682WA0145001449004003036159174
B2022313646244N11906680WA0144901448004003033160172
B2022323646240N11906678WA0144801448004003033160172
B2022333646235N11906676WA0144701447004003033159170
B2022343646230N11906674WA0144601444004003038159167
B2022353646225N11906671WA0144301441004003038156171
B2022363646220N11906668WA0144101439004003037156172
B2022373646215N11906666WA0144001436004003036162179
B2022383646209N11906665WA0143801434004003036168183
B2022393646203N11906663WA0143601432004003038167163
B2022403646198N11906661WA0143201432004003038161168
B2022413646194N11906658WA0143101431004003037155171
B2022423646189N11906656WA0143001429004003033155177
B2022433646185N11906654WA0142901429004003031158175
B2022443646181N11906652WA0142801426004003033161171
B2022453646176N11906650WA0142701424004003035159163
B2022463646171N11906647WA0142401422004003034156165
B2022473646166N11906645WA0142201420004003034157171
B2022483646162N11906643WA0142001418004003033160172
B2022493646157N11906641WA0141901415004003034164177
B2022503646152N11906639WA0141701413004003035165169
B2022513646146N11906637WA0141401411004003035162163
B2022523646142N11906634WA0141301410004003035152153
B2022533646137N11906630WA0141101407004003035142147
B2022543646133N11906626WA0140901405004003036140147
B2022553646129N11906622WA0140601404004003036141147
B2022563646126N11906619WA0140501402004003033138141
B2022573646123N11906615WA0140401402004003032128134
B2022583646119N11906610WA0140201398004003032127138
B2022593646116N11906604WA0140101395004003039130141
B2023003646112N11906598WA0139901395004003039133141
B2023013646108N11906593WA0139501394004003039134143
B2023023646104N11906588WA0139301393004003039134147
B2023033646100N11906583WA0139201392004003038135150
B2023043646095N11906578WA0139001391004003039137153
B2023053646091N11906573WA0138901390004003040140148
B2023063646086N11906569WA0138801390004003040141148
B2023073646082N11906564WA0138701390004003040135142
B2023083646078N11906558WA0138701389004003038129141
B2023093646075N11906553WA0138701388004003035125147
B2023103646072N11906548WA0138601388004003035128147
B2023113646068N11906543WA0138601387004003035134147
B2023123646064N11906538WA0138601387004003038136147
B2023133646060N11906533WA0138501388004003038134145
B2023143646056N11906528WA0138501387004003034130147
B2023153646054N11906523WA0138501386004003034127147
B2023163646051N11906519WA0138501384004003033129146
B2023173646047N11906513WA0138501383004003033132146
B2023183646042N11906508WA0138401382004003037135140
B2023193646038N11906504WA0138301381004003038137147
B2023203646034N11906499WA0138201381004003038138153
B2023213646031N11906495WA0138101380004003034140160
B2023223646027N11906492WA0138001379004003033142167
B2023233646023N11906489WA0138001378004003032146172
B2023243646019N11906486WA0137901375004003031150165
B2023253646015N11906483WA0137901373004003031152164
B2023263646011N11906480WA0137601370004003031149157
B2023273646006N11906477WA0137501367004003032147168
B2023283646002N11906473WA0137301367004003036154169
B2023293645996N11906470WA0137101368004003038161179
B2023303645991N11906468WA0136901368004003038167186
B2023313645986N11906467WA0136601367004003034165164
B2023323645982N11906465WA0136601367004003031156162
B2023333645978N11906463WA0136501365004003031153163
B2023343645972N11906459WA0136501361004003041154167
B2023353645967N11906456WA0136401361004003043159193
B2023363645961N11906454WA0136101362004003043168195
B2023373645954N11906452WA0135901363004003043171191
B2023383645949N11906451WA0135701364004003040169196
B2023393645943N11906450WA0135601364004003037167191
B2023403645937N11906448WA0135601365004003039168195
B2023413645931N11906447WA0135701366004003039173207
B2023423645925N11906447WA0135801367004003040178208
B2023433645919N11906447WA0135801368004003035183218
B2023443645914N11906448WA0135901369004003035188212
B2023453645910N11906449WA0136101374004003030188208
B2023463645905N11906449WA0136501378004003029184224
B2023473645901N11906449WA0136901381004003029180230
B2023483645892N11906452WA0137601380004003029221253
B2023493645889N11906457WA0137901380004003031241259
B2023503645889N11906463WA0138301382003003031267280
B2023513645889N11906468WA0138401382004003025309293
B2023523645892N11906471WA0138501382004003028350317
B2023533645898N11906471WA0138701381004003028025346
B2023543645902N11906465WA0138801381004003036045019
B2023553645907N11906458WA0139101382004003049069048
B2023563645908N11906449WA0139201382004003049089078
B2023573645904N11906441WA0139301385004003045137100
B2023583645898N11906437WA0139501388004003044147153
B2023593645893N11906433WA0139701392004003038145162
B2024003645888N11906428WA0140201396004003038139162
B2024013645883N11906424WA0140401400004003037143168
B2024023645879N11906421WA0140601400004003035171181
B2024033645873N11906420WA0140901400004003031200205
B2024043645869N11906424WA0141101402004003031217228
B2024053645867N11906429WA0141601405004003029240240
B2024063645866N11906433WA0141801409004003026256254
B2024073645866N11906438WA0142001412004003024271270
B2024083645867N11906442WA0142201415004003023293281
B2024093645869N11906446WA0142401415004003028331297
B2024103645874N11906447WA0142801416004003028352324
B2024113645879N11906447WA0143001417004003032025341
B2024123645884N11906443WA0143101417004003039049012
B2024133645887N11906435WA0143301420004003044065040
B2024143645889N11906427WA0143401421004003047089060
B2024153645888N11906418WA0143701424004003047101089
B2024163645884N11906410WA0143901428004003047118104
B2024173645881N11906404WA0144101432004003043130124
B2024183645877N11906399WA0144301432004003033154139
B2024193645872N11906397WA0144501432004003033175173
B2024203645867N11906398WA0145001431004003032214195
B2024213645864N11906403WA0145101432004003031236230
B2024223645861N11906408WA0145201433003003031288248
B2024233645866N11906411WA0145301435004003031342287
B2024243645871N11906412WA0145401436004003032003329
B2024253645876N11906404WA0145601437004003032055348
B2024263645880N11906396WA0145701438004003048092041
B2024273645877N11906386WA0145801441004003049109090
B2024283645874N11906378WA0145901442004003041141111
B2024293645868N11906375WA0146101445004003041156151
B2024303645863N11906373WA0146201445004003039182168
B2024313645858N11906374WA0146501448004003032194196
B2024323645855N11906377WA0146601450004003029214210
B2024333645854N11906380WA0146801452004003019241229
B2024343645854N11906384WA0147001453004003021276255
B2024353645856N11906388WA0147101453004003021304279
B2024363645858N11906392WA0147301454004003025337298
B2024373645864N11906390WA0147401456004003028019324
B2024383645869N11906383WA0147501458004003049047359
B2024393645872N11906373WA0147501459004003057070036
B2024403645874N11906363WA0147701461004003055089063
B2024413645874N11906353WA0147901462004003055109085
B2024423645871N11906346WA0148001463004003043123111
B2024433645867N11906342WA0148201466004003035128130
B2024443645863N11906337WA0148401469003003037135144
B2024453645858N11906333WA0148701473004003037146154
B2024463645853N11906329WA0149101473004003037172167
B2024473645849N11906331WA0149301475004003031193196
B2024483645847N11906334WA0149501477004003023226218
B2024493645846N11906338WA0149701479004003023254246
B2024503645846N11906341WA0149901482004003021281265
B2024513645848N11906344WA0150201484004003020313282
B2024523645850N11906346WA0150401484004003020343302
B2024533645855N11906346WA0150501484004003031002321
B2024543645859N11906346WA0150701485004003043041343
B2024553645864N11906337WA0150801486004003043056025
B2024563645868N11906329WA0150901487004003051066043
B2024573645868N11906318WA0150901489004003051111057
B2024583645863N11906311WA0151001492004003048128116
B2024593645858N11906304WA0151101493004003048155139
B2025003645852N11906303WA0151201497004003039166170
B2025013645847N11906302WA0151501500004003034177186
B2025023645843N11906303WA0151701502004003029187202
B2025033645840N11906305WA0151901504004003022204215
B2025043645837N11906307WA0152001504004003022242233
B2025053645837N11906311WA0152201505004003021267258
B2025063645836N11906315WA0152401505004003021313274
B2025073645841N11906316WA0152501506004003024344301
B2025083645846N11906315WA0152601508004003037013323
B2025093645851N11906310WA0152601509004003043036354
B2025103645855N11906303WA0152701510004003043056018
B2025113645858N11906294WA0152801511004003047071040
B2025123645860N11906285WA0152901512004003048088061
B2025133645859N11906276WA0153001514004003047100085
B2025143645856N11906268WA0153001516004003047114101
B2025153645851N11906262WA0153101517004003047129120
B2025163645846N11906258WA0153301519003003046147141
B2025173645840N11906254WA0153401519004003041178163
B2025183645836N11906256WA0153501520004003030194198
B2025193645834N11906259WA0153601522004003030226219
B2025203645833N11906263WA0153701523004003023266242
B2025213645835N11906265WA0153901524004003019311271
B2025223645837N11906268WA0154001524004003019343297
B2025233645841N11906268WA0154001525004003028358316
B2025243645846N11906267WA0154101526004003033017334
B2025253645851N11906262WA0154201526004003033038353
B2025263645855N11906254WA0154201525004003040059013
B2025273645858N11906246WA0154201526004003048072041
B2025283645860N11906237WA0154201526004003050094061
B2025293645857N11906228WA0154201528004003050129092
B2025303645851N11906221WA0154301529004003047145140
B2025313645845N11906218WA0154401532004003043154166
B2025323645840N11906216WA0154501534004003041161181
B2025333645835N11906215WA0154601536004003032172191
B2025343645830N11906215WA0154701537004003032187210
B2025353645825N11906217WA0154801538004003032202221
B2025363645822N11906221WA0155101540004003031223236
B2025373645821N11906225WA0155201541003003029254252
B2025383645822N11906229WA0155301542004003021301273
B2025393645826N11906230WA0155301542004003026341300
B2025403645830N11906230WA0155401542004003026002325
B2025413645835N11906228WA0155601543004003031016338
B2025423645840N11906224WA0155601544004003035030357
B2025433645845N11906221WA0155601544004003046040012
B2025443645848N11906212WA0155601544004003050065029
B2025453645851N11906204WA0155601545004003049087058
B2025463645847N11906195WA0155601544004003050115085
B2025473645842N11906189WA0155601545004003048139123
B2025483645835N11906183WA0155601546004003048157154
B2025493645830N11906181WA0155601547004003039161178
B2025503645825N11906179WA0155601549004003031164190
B2025513645821N11906178WA0155801549004003027179206
B2025523645816N11906178WA0155901549003003032185216
B2025533645811N11906179WA0156001548004003034190224
B2025543645806N11906181WA0156101548004003032207236
B2025553645801N11906184WA0156101549004003032224256
B2025563645799N11906188WA0156101550004003026235256
B2025573645797N11906193WA0156101550004003026242257
B2025583645795N11906198WA0156101551004003026242266
B2025593645793N11906203WA0156101551004003026260282
B2026003645794N11906207WA0156101553004003022280296
B2026013645795N11906211WA0156201553004003028316303
B2026023645799N11906214WA0156301554004003028329318
B2026033645804N11906216WA0156401556003003030339324
B2026043645808N11906218WA0156501559003003028344326
B2026053645812N11906218WA0156601561003003028351337
B2026063645816N11906219WA0156801561003003026357347
B2026073645820N11906219WA0156901561003003026010358
B2026083645825N11906217WA0157001562004003034018002
B2026093645830N11906214WA0157101563004003038027015
B2026103645835N11906209WA0157201565004003037035031
B2026113645838N11906205WA0157301567004003037045047
B2026123645841N11906199WA0157501568004003037061061
B2026133645844N11906192WA0157601569004003044084079
B2026143645844N11906184WA0157701569004003044101106
B2026153645842N11906175WA0157801570004003044117125
B2026163645837N11906169WA0157801569004003043167151
B2026173645831N11906170WA0157801571004003043187201
B2026183645825N11906171WA0157801571004003036243218
B2026193645824N11906177WA0157801572004003026280262
B2026203645825N11906181WA0157801574004003025298285
B2026213645828N11906185WA0157901575004003023309297
B2026223645830N11906189WA0158101576004003023301299
B2026233645831N11906193WA0158201577004003023299296
B2026243645834N11906195WA0158301579004003022319325
B2026253645836N11906198WA0158401579004003022354341
B2026263645841N11906198WA0158501578004003037020351
B2026273645847N11906195WA0158601577004003049038015
B2026283645853N11906188WA0158601578004003049054038
B2026293645857N11906180WA0158501579004003049072057
B2026303645858N11906171WA0158501580004003048090077
B2026313645855N11906164WA0158501581004003039117098
B2026323645851N11906160WA0158601581004003039143133
B2026333645846N11906158WA0158701582004003035165166
B2026343645842N11906159WA0158801582004003031194193
B2026353645840N11906162WA0158901582003003024230221
B2026363645838N11906165WA0158901583004003020283252
B2026373645840N11906168WA0158901584004003020321290
B2026383645842N11906170WA0159001584004003019349307
B2026393645845N11906170WA0159001585004003019358309
B2026403645848N11906170WA0159101586004003019355312
B2026413645851N11906170WA0159201585004003021327316
B2026423645854N11906173WA0159401584004003026329315
B2026433645859N11906175WA0159401585003003026338325
B2026443645864N11906177WA0159301585003003032348325
B2026453645870N11906177WA0159301586003003036355346
B2026463645877N11906176WA0159301586003003042005009
B2026473645883N11906173WA0159201585003003045025027
B2026483645889N11906168WA0159201585004003045038044
B2026493645892N11906158WA0159201584003003048069056
B2026503645895N11906148WA0159201585004003051096083
B2026513645892N11906140WA0159101586004003047113113
B2026523645888N11906132WA0159001586004003047138131
B2026533645884N11906129WA0158901588004003034147157
B2026543645881N11906126WA0158901588004003028168177
B2026553645877N11906126WA0159001588004003021196210
B2026563645875N11906129WA0159001587004003018221242
B2026573645875N11906132WA0159101587004003020268269
B2026583645877N11906136WA0159101587004003020307290
B2026593645881N11906140WA0159101587004003027327310
B2027003645886N11906142WA0159101587004003033339321
B2027013645892N11906143WA0159101587004003036357332
B2027023645897N11906140WA0159101588004003041020347
B2027033645903N11906137WA0159101587004003041029009
B2027043645907N11906129WA0159101587004003050058018
B2027053645911N11906120WA0159101588004003054072050
B2027063645912N11906110WA0159101589004003051084068
B2027073645912N11906100WA0159101589004003051097082
B2027083645910N11906092WA0159101590004003047104098
B2027093645907N11906085WA0159201590004003045119109
B2027103645903N11906079WA0159201590003003041145129
B2027113645899N11906078WA0159301590004003026163163
B2027123645895N11906077WA0159301589004003026216194
B2027133645894N11906080WA0159201589004003017252237
B2027143645895N11906083WA0159201590004003017289266
B2027153645898N11906086WA0159201591004003019324287
B2027163645901N11906089WA0159201591004003031354308
B2027173645906N11906088WA0159201592004003036008335
B2027183645912N11906085WA0159301593004003036022355
B2027193645918N11906080WA0159401593004003042036007
B2027203645923N11906073WA0159401594004003047051025
B2027213645928N11906065WA0159501594004003057066043
B2027223645929N11906054WA0159601595004003057082063
B2027233645927N11906045WA0159601595004003056100084
B2027243645924N11906038WA0159701596004003051122106
B2027253645919N11906034WA0159701597004003043142134
B2027263645915N11906032WA0159801598004003028159160
B2027273645912N11906032WA0159901599004003028174189
B2027283645910N11906033WA0159901599004003021199204
B2027293645909N11906033WA0160001599004003013275230
B2027303645909N11906036WA0160001598004003013310280
B2027313645914N11906039WA0160001596004003030331297
B2027323645920N11906040WA0159901596004003044351320
B2027333645927N11906041WA0159901596004003044010341
B2027343645935N11906034WA0159801596004003045035358
B2027353645940N11906025WA0159701597004003059053022
B2027363645944N11906014WA0159701598004003059068045
B2027373645946N11906004WA0159701599004003059079062
B2027383645945N11905994WA0159701599004003055092076
B2027393645945N11905985WA0159801599004003050115093
B2027403645941N11905980WA0159901598004003042132123
B2027413645937N11905975WA0159901598004003026170148
B2027423645934N11905978WA0159801596004003026206202
B2027433645932N11905980WA0159701596004003025286229
B2027443645936N11905985WA0159601596004003025318286
B2027453645940N11905989WA0159501596004003033346305
B2027463645948N11905989WA0159501597004003049006330
B2027473645955N11905987WA0159401598004003049013339
B2027483645962N11905985WA0159401597004003045006341
B2027493645967N11905985WA0159401596004003037349334
B2027503645972N11905987WA0159501595004003032338322
B2027513645975N11905990WA0159501594004003027327314
B2027523645978N11905993WA0159501592004003027321302
B2027533645981N11905997WA0159301590004003027315294
B2027543645984N11906001WA0159201589004003027306288
B2027553645985N11906006WA0159101588004003027294280
B2027563645986N11906011WA0159001588004003024282268
B2027573645986N11906014WA0158901588004003024267251
B2027583645985N11906017WA0158701587004003020249246
B2027593645984N11906020WA0158701587004003018224239
B2028003645982N11906023WA0158601586004003018206232
B2028013645978N11906024WA0158601584004003027197224
B2028023645974N11906025WA0158501585004003029191213
B2028033645970N11906026WA0158301586004003027189213
B2028043645966N11906027WA0158201587004003024188209
B2028053645964N11906027WA0158201590004003016181207
B2028063645961N11906027WA0158201591004003016175204
B2028073645959N11906026WA0158301593004003015166203
B2028083645957N11906025WA0158601594004003014160204
B2028093645955N11906025WA0158801594004003014165212
B2028103645953N11906025WA0158901594004003014185235
B2028113645951N11906027WA0159001594004003014219258
B2028123645950N11906028WA0159101594004003014272277
B2028133645952N11906032WA0159101595004003021298300
B2028143645955N11906035WA0159201596004003029326315
B2028153645961N11906037WA0159201596004003029347337
B2028163645968N11906036WA0159301596004003037006353
B2028173645976N11906032WA0159301595004003048022014
B2028183645983N11906028WA0159401596004003059048031
B2028193645987N11906018WA0159401596004003059060057
B2028203645991N11906009WA0159401596004003057088071
B2028213645989N11906001WA0159401596004003048104102
B2028223645985N11905995WA0159401596004003045128124
B2028233645981N11905990WA0159501596004003025166152
B2028243645977N11905989WA0159501597004003025210209
B2028253645976N11905991WA0159501599004003016229233
B2028263645975N11905993WA0159501601004003013235240
B2028273645974N11905993WA0159601602004003008204235
B2028283645974N11905994WA0159701604004003007219240
B2028293645973N11905996WA0159801606004003009269236
B2028303645974N11905997WA0160001607004003009305253
B2028313645976N11905999WA0160201608004003011319257
B2028323645977N11906000WA0160301608004003011278269
B2028333645976N11906003WA0160501607004003015252256
B2028343645975N11906006WA0160501608004003018255248
B2028353645974N11906009WA0160501609004003018277259
B2028363645974N11906013WA0160601609004003018284252
B2028373645974N11906015WA0160601611004003012264244
B2028383645974N11906016WA0160901610004003014221238
B2028393645971N11906019WA0161101611004003021212231
B2028403645968N11906021WA0161201612003003021216220
B2028413645965N11906024WA0161401613004003021210228
B2028423645962N11906025WA0161501615004003017154222
B2028433645961N11906023WA0161901620004003014139209
B2028443645958N11906021WA0162201620004003015143220
B2028453645956N11906019WA0162501621003003015153215
B2028463645954N11906018WA0162801621003003016167223
B2028473645951N11906017WA0163101621004003016173218
B2028483645949N11906017WA0163401622003003015177227
B2028493645947N11906017WA0163501624003003015181228
B2028503645945N11906017WA0163601625004003014182225
B2028513645944N11906018WA0163701626004003011190233
B2028523645943N11906018WA0163801626003003007218237
B2028533645942N11906020WA0163901625003003010233243
B2028543645942N11906022WA0163901626003003012242242
B2028553645941N11906024WA0164001626003003012252234
B2028563645941N11906026WA0164001627003003012258226
B2028573645940N11906028WA0164001628003003011255226
B2028583645939N11906029WA0164001629004003008227230
B2028593645938N11906030WA0164001629003003010201227
B2029003645936N11906030WA0164001629003003010191227
B2029013645934N11906031WA0164001629003003014190224
B2029023645931N11906031WA0164001630003003017191225
B2029033645929N11906032WA0164001631003003017191223
B2029043645926N11906033WA0164001631003003017197225
B2029053645924N11906034WA0164001631003003016207221
B2029063645922N11906036WA0164001630003003016215222
B2029073645919N11906038WA0164001630003003018211230
B2029083645916N11906040WA0164001629003003022205223
B2029093645913N11906042WA0164001629003003022209231
B2029103645910N11906044WA0163901629003003022237246
B2029113645910N11906046WA0163801630003003018252240
B2029123645909N11906047WA0163801631003003013230237
B2029133645909N11906048WA0163801631003003008183229
B2029143645907N11906049WA0163801631003003013203235
B2029153645906N11906050WA0163801632003003012237266
B2029163645906N11906052WA0163901632004003012268244
B2029173645906N11906054WA0163901633004003011264239
B2029183645905N11906055WA0163901633003003009225235
B2029193645904N11906056WA0163901632003003011205244
B2029203645902N11906057WA0163901632003003009219246
B2029213645901N11906058WA0163901632003003009239239
B2029223645901N11906060WA0163801632003003009236221
B2029233645900N11906062WA0163801630003003013221228
B2029243645898N11906063WA0163501631003003016206216
B2029253645896N11906065WA0163401632003003016184218
B2029263645892N11906065WA0163301633004003019176212
B2029273645889N11906064WA0163201635003003019173208
B2029283645886N11906064WA0163301637003003020172201
B2029293645883N11906063WA0163401638003003021169194
B2029303645880N11906062WA0163501640003003020160198
B2029313645877N11906060WA0163601642003003020152195
B2029323645875N11906059WA0163801643003003019154210
B2029333645873N11906058WA0164001645003003014169229
B2029343645871N11906059WA0164201646003003014203245
B2029353645870N11906061WA0164301649003003013248262
B2029363645871N11906064WA0164401651003003013290292
B2029373645874N11906067WA0164501654003003016322300
B2029383645879N11906068WA0164701655003003033342322
B2029393645885N11906069WA0165001656003003043357352
B2029403645893N11906066WA0165201656004003043016011
B2029413645900N11906063WA0165301656003003052035031
B2029423645904N11906051WA0165501655003003063065053
B2029433645908N11906040WA0165501655003003069072085
B2029443645909N11906028WA0165501656003003069093093
B2029453645906N11906020WA0165501659003003054117114
B2029463645902N11906014WA0165501661003003034126144
B2029473645899N11906011WA0165501664003003025130168
B2029483645896N11906007WA0165701664003003018141189
B2029493645893N11906005WA0166101664003003018155212
B2029503645890N11906004WA0166301664003003016173219
B2029513645887N11906004WA0166501664003003016187224
B2029523645885N11906006WA0166501664004003015197227
B2029533645883N11906007WA0166601665003003013201223
B2029543645881N11906008WA0166601666003003013196216
B2029553645880N11906008WA0166601667003003011188210
B2029563645878N11906009WA0166701667003003011187207
B2029573645875N11906009WA0166701667003003017190208
B2029583645873N11906010WA0166701669003003017190205
B2029593645870N11906010WA0166801671003003017183200
B2030003645868N11906010WA0166901673003003016177200
B2030013645865N11906010WA0167001674003003016173200
B2030023645862N11906010WA0167101675003003019176207
B2030033645859N11906010WA0167201675003003020181206
B2030043645856N11906011WA0167401676003003020187212
B2030053645853N11906011WA0167401678003003020189217
B2030063645850N11906012WA0167501679003003022187212
B2030073645846N11906013WA0167601681003003023192218
B2030083645843N11906014WA0167701683003003022202227
B2030093645841N11906016WA0167901686003003021206219
B2030103645838N11906017WA0168001688003003018198206
B2030113645835N11906018WA0168201691003003018186206
B2030123645833N11906017WA0168301692003003018176206
B2030133645830N11906017WA0168501694003003018177210
B2030143645827N11906018WA0168801695003003020186214
B2030153645824N11906019WA0169001696003003021196213
B2030163645821N11906020WA0169101699003003020194202
B2030173645818N11906020WA0169201701003003020184203
B2030183645815N11906020WA0169301704003003020179206
B2030193645812N11906021WA0169601706003003020190230
B2030203645810N11906021WA0169801706003003018217258
B2030213645809N11906024WA0170001706003003017266266
B2030223645810N11906028WA0170101706003003021287284
B2030233645811N11906032WA0170201706003003028316304
B2030243645816N11906035WA0170401707003003028334320
B2030253645822N11906036WA0170401709004003033350329
B2030263645829N11906036WA0170501710003003043003339
B2030273645835N11906033WA0170601712003003044022355
B2030283645840N11906027WA0170701714003003044041009
B2030293645844N11906019WA0171001716003003046060028
B2030303645845N11906010WA0171101717003003049081063
B2030313645846N11906002WA0171301717003003049096105
B2030323645842N11905996WA0171401719004003046131131
B2030333645837N11905994WA0171501721004003041165172
B2030343645834N11905997WA0171801722004003023217201
B2030353645834N11906002WA0171901723004003026269237
B2030363645834N11906007WA0172001723004003026303262
B2030373645837N11906012WA0172101723004003032322278
B2030383645843N11906013WA0172201726004003034351292
B2030393645850N11906011WA0172401727004003044011312
B2030403645856N11906007WA0172601729004003049030338
B2030413645861N11905999WA0172701731004003049052003
B2030423645866N11905991WA0172901730004003049084037
B2030433645864N11905982WA0173001731004003049105100
B2030443645861N11905973WA0173301731004003040125134
B2030453645856N11905968WA0173301733004003040162165
B2030463645851N11905967WA0173401734004003032186196
B2030473645849N11905969WA0173501737004003020204219
B2030483645847N11905971WA0173701737004003015233238
B2030493645845N11905973WA0174101738004003013255253
B2030503645845N11905976WA0174201738004003018283274
B2030513645846N11905981WA0174401737004003018313288
B2030523645850N11905985WA0174501738004003028337304
B2030533645857N11905987WA0174501738004003039352323
B2030543645864N11905987WA0174601739004003052020340
B2030553645872N11905983WA0174601739004003054042009
B2030563645877N11905975WA0174701741004003052063037
B2030573645878N11905966WA0174701744004003050079067
B2030583645878N11905958WA0174901747004003046095092
B2030593645876N11905951WA0175201749004003037107125
B2031003645874N11905945WA0175401751004003037118154
B2031013645871N11905940WA0175501751004003033138172
B2031023645868N11905939WA0175701752004003027158194
B2031033645865N11905939WA0175801752004003023186220
B2031043645862N11905940WA0175801753004003019216234
B2031053645860N11905942WA0175901756004003019233248
B2031063645860N11905945WA0175901757004003016255247
B2031073645860N11905948WA0176001758004003016265245
B2031083645860N11905952WA0176101758004003016265250
B2031093645859N11905956WA0176101758003003021263250
B2031103645859N11905960WA0176301759003003022266247
B2031113645859N11905964WA0176301759003003022260239
B2031123645858N11905968WA0176301760003003022246226
B2031133645857N11905972WA0176401761003003022232232
B2031143645855N11905975WA0176501763003003019224235
B2031153645853N11905977WA0176701764004003019227230
B2031163645851N11905980WA0177001765004003018236229
B2031173645849N11905982WA0177201769003003016239233
B2031183645847N11905984WA0177501773003003016233218
B2031193645845N11905987WA0177801776004003018225231
B2031203645844N11905989WA0178301779003003018226243
B2031213645842N11905991WA0178501781003003017239237
B2031223645842N11905994WA0178701783003003016250234
B2031233645841N11905996WA0178901783003003016243222
B2031243645839N11905999WA0179001783003003020224221
B2031253645836N11906002WA0179101784003003023215215
B2031263645834N11906004WA0179201786003003023219219
B2031273645832N11906008WA0179301787003003023230225
B2031283645830N11906010WA0179301788003003022236214
B2031293645828N11906013WA0179401788003003017229217
B2031303645826N11906015WA0179501788003003017214220
B2031313645824N11906016WA0179501787003003017213231
B2031323645822N11906019WA0179501786003003018227241
B2031333645821N11906022WA0179501786003003018244239
B2031343645820N11906025WA0179501785003003017249231
B2031353645818N11906028WA0179301785003003017230221
B2031363645815N11906029WA0179301783003003017207213
B2031373645812N11906031WA0179201781003003021196212
B2031383645807N11906032WA0179001780003003027194217
B2031393645802N11906034WA0178901780003003032198227
B2031403645798N11906036WA0178701780003003032205220
B2031413645795N11906038WA0178601781003003026206221
B2031423645792N11906039WA0178601780003003022202213
B2031433645789N11906041WA0178501780003003022195215
B2031443645785N11906042WA0178501780004003033202223
B2031453645780N11906046WA0178301780004003037207232
B2031463645775N11906049WA0178101780003003035210226
B2031473645770N11906052WA0178001781003003035205215
B2031483645767N11906054WA0177901782003003028197207
B2031493645763N11906055WA0177901782003003027193208
B2031503645759N11906057WA0178001782004003032196213
B2031513645754N11906058WA0178001781003003032203220
B2031523645749N11906062WA0178001781003003038207217
B2031533645744N11906065WA0178001781003003038204215
B2031543645739N11906068WA0177801782003003036201205
B2031553645734N11906070WA0177701781003003036200208
B2031563645730N11906072WA0177601781003003032200218
B2031573645726N11906074WA0177601780003003030201218
B2031583645722N11906076WA0177601779003003030198212
B2031593645717N11906077WA0177501778003003031189198
B2032003645713N11906076WA0177301778003003031178200
B2032013645709N11906076WA0177301777003003030172205
B2032033645705N11906075WA0177201776003003028172205
B2032043645701N11906075WA0177201774004003027177210
B2032053645696N11906075WA0177101772003003033178210
B2032063645690N11906075WA0176901769003003033180208
B2032073645684N11906075WA0176801770003003038186223
B2032083645679N11906076WA0176601771003003038190221
B2032093645674N11906077WA0176501772003003031191207
B2032103645670N11906078WA0176401772003003031190209
B2032113645665N11906079WA0176301772003003031186211
B2032123645659N11906079WA0176401772003003034185210
B2032133645654N11906081WA0176401772003003036191220
B2032143645650N11906083WA0176401771003003032202226
B2032153645647N11906086WA0176401770003003032213233
B2032163645644N11906088WA0176301769003003025215233
B2032173645640N11906091WA0176301768003003025211224
B2032183645636N11906094WA0176201768003003031208228
B2032193645631N11906098WA0176101768003003034209221
B2032203645627N11906100WA0176001770003003034200235
B2032213645625N11906101WA0176001771003003022198231
B2032223645622N11906102WA0176101771003003020204238
B2032233645619N11906104WA0176101770004003020209236
B2032243645616N11906106WA0176201770003003031215224
B2032253645613N11906109WA0176201769003003031218227
B2032263645609N11906113WA0175901768003003030217234
B2032273645607N11906115WA0175801769003003028215223
B2032283645602N11906119WA0175701767004003017212217
B2032293645600N11906122WA0175601765004003028210218
B2032303645596N11906124WA0175401764004003028203213
B2032313645591N11906127WA0175201762003003035198211
B2032323645586N11906129WA0175001761003003035195216
B2032333645581N11906130WA0174701759003003029197221
B2032343645577N11906132WA0174501758003003029202220
B2032353645574N11906134WA0174101757003003028204223
B2032363645570N11906136WA0173901756004003028200210
B2032373645565N11906138WA0173701752003003036199215
B2032383645559N11906140WA0173401752003003039196224
B2032393645554N11906142WA0173201752004003039191203
B2032403645549N11906143WA0172701752004003034186220
B2032413645544N11906143WA0172701750003003031183210
B2032423645539N11906144WA0172601748003003031186212
B2032433645534N11906145WA0172601748003003040193218
B2032443645528N11906147WA0172601748003003040193218
B2032453645523N11906149WA0172501748003003038191218
B2032463645518N11906149WA0172501749003003033190227
B2032473645513N11906150WA0172601748003003030193222
B2032483645509N11906152WA0172601747004003028194223
B2032493645505N11906153WA0172701745004003036200220
B2032503645499N11906156WA0172701742004003036202223
B2032513645494N11906159WA0172501742004003040198222
B2032523645488N11906162WA0172401742004003040194218
B2032533645483N11906163WA0172201741004003032192226
B2032543645479N11906164WA0172101740004003032194225
B2032553645475N11906166WA0172001739004003032199228
B2032563645470N11906168WA0171901738004003032203225
B2032573645466N11906170WA0171801735004003036203223
B2032583645461N11906173WA0171701734004003035201226
B2032593645456N11906175WA0171501733004003035200224
B2033003645452N11906177WA0171301731004003031203231
B2033013645449N11906179WA0171201730004003028206229
B2033023645445N11906182WA0171101730004003028206227
B2033033645441N11906184WA0171001727004003035206226
B2033043645436N11906187WA0170901727004003035204224
B2033053645431N11906190WA0170701726004003033201221
B2033063645428N11906191WA0170401725004003027199220
B2033073645424N11906193WA0170301724004003027197220
B2033083645420N11906195WA0170201723004003031197218
B2033093645416N11906197WA0170201721004003032199222
B2033103645411N11906199WA0170101719004003032202230
B2033113645406N11906202WA0169801718004003035206230
B2033123645402N11906205WA0169701718004003035210233
B2033133645397N11906208WA0169601717004003032210230
B2033143645393N11906211WA0169501717004003032208224
B2033153645389N11906214WA0169501717004003031207227
B2033163645385N11906217WA0169601716004003031209228
B2033173645381N11906220WA0169701715004003031210228
B2033183645377N11906223WA0169701714004003033211228
B2033193645372N11906227WA0169701713004003035213236
B2033203645368N11906231WA0169701713004003035215237
B2033213645364N11906235WA0169701713004003035215228
B2033223645360N11906238WA0169601712004003033212223
B2033233645356N11906240WA0169601712004003030206223
B2033243645352N11906243WA0169601711004003033203217
B2033253645348N11906245WA0169601710004003033203220
B2033263645342N11906248WA0169401710004003036205221
B2033273645338N11906251WA0169301710004003036204223
B2033283645334N11906253WA0169201708004003028203215
B2033293645330N11906255WA0169101707004003028198219
B2033303645326N11906256WA0169001706004003028200216
B2033313645322N11906258WA0168801705004003031205226
B2033323645317N11906261WA0168601701004003034207223
B2033333645313N11906264WA0168401699004003034207224
B2033343645308N11906267WA0168201696004003034203215
B2033353645303N11906269WA0167901692004003034200215
B2033363645299N11906271WA0167501691004003033197216
B2033373645294N11906273WA0167301687004003033199220
B2033383645289N11906276WA0167101683004003039202231
B2033393645283N11906279WA0166801683004003039207228
B2033403645278N11906282WA0166501683004003038213232
B2033413645275N11906285WA0166101681004003033214233
B2033423645271N11906288WA0165901680004003030211227
B2033433645268N11906290WA0165801679004003030210223
B2033443645265N11906293WA0165601678004003037211227
B2033453645260N11906297WA0165401673004003037215232
B2033463645255N11906301WA0164801672004003038220230
B2033473645251N11906305WA0164501672004003038219227
B2033483645247N11906308WA0164301670004003031213219
B2033493645243N11906311WA0164101666004003032207216
B2033503645238N11906314WA0163901662004003032204217
B2033513645233N11906317WA0163501659004003035205217
B2033523645228N11906320WA0163301656004003036205214
B2033533645223N11906322WA0163101654004003033201206
B2033543645219N11906324WA0162801650004003033194202
B2033553645214N11906325WA0162601646004003032191204
B2033563645210N11906326WA0162201642004003032190199
B2033573645204N11906327WA0162001637004003033190204
B2033583645199N11906329WA0161701634004003038191207
B2033593645193N11906330WA0161501631004003038192211
B2034003645188N11906332WA0161201628004003038196216
B2034013645183N11906334WA0160701626004003036200217
B2034023645179N11906337WA0160501624004003035203218
B2034033645174N11906340WA0160301622004003032204216
B2034043645170N11906342WA0160201619004003032205219
B2034053645165N11906345WA0160001616004003032207222
B2034063645161N11906348WA0159701613004003033210228
B2034073645157N11906352WA0159601611004003034214231
B2034093645153N11906356WA0159401609004003032218231
B2034103645149N11906360WA0159201606004003032219236
B2034113645146N11906363WA0159001603004003031216226
B2034123645142N11906366WA0158701600004003031214227
B2034133645138N11906370WA0158501597004003030215227
B2034143645134N11906373WA0158301594004003031217227
B2034153645131N11906377WA0158101591004003031218229
B2034163645127N11906381WA0157901589004003031218226
B2034173645123N11906384WA0157501587004003029217222
B2034183645120N11906387WA0157301585004003029215222
B2034193645116N11906390WA0157201583004003028209208
B2034203645113N11906391WA0157001580004003027200199
B2034213645108N11906393WA0156901578004003029192198
B2034223645104N11906394WA0156601575004003032190208
B2034233645099N11906395WA0156401572004003032192208
B2034243645094N11906397WA0156201570004003032195212
B2034253645089N11906399WA0156001568004003032198210
B2034263645085N11906401WA0155801565004003031198212
B2034273645080N11906402WA0155401563004003031197212
B2034283645076N11906404WA0155201560004003031197216
B2034293645072N11906406WA0155101557004003031198216
B2034303645067N11906408WA0154901554004003030201218
B2034313645063N11906411WA0154701551004003032203217
B2034323645058N11906413WA0154501548004003033203214
B2034333645054N11906415WA0154101546004003032200208
B2034343645049N11906417WA0153901544004003032200206
B2034353645045N11906420WA0153701541004003031203216
B2034363645041N11906422WA0153601538004003032205213
B2034373645036N11906425WA0153401534004003035202207
B2034383645030N11906427WA0152901531004003035198208
B2034393645025N11906429WA0152701529004003036197205
B2034403645020N11906432WA0152401526004003036201221
B2034413645016N11906434WA0152201523004003034205209
B2034423645011N11906437WA0151801520004003034206214
B2034433645006N11906440WA0151601520004003034201204
B2034443645001N11906442WA0151401516004003036200211
B2034453644996N11906445WA0151201513004003038200216
B2034463644990N11906448WA0150901510004003038204221
B2034473644985N11906451WA0150601507004003038207217
B2034483644980N11906455WA0150101503004003038207220
B2034493644975N11906458WA0149801499004003038202213
B2034503644969N11906460WA0149601495004003040199208
B2034513644963N11906463WA0149301491004003042201217
B2034523644957N11906467WA0149001488004003042207222
B2034533644952N11906471WA0148501486004003042212225
B2034543644947N11906475WA0148201484004003040212213
B2034553644942N11906478WA0148001482004003038208210
B2034563644937N11906481WA0147701479004003037206215
B2034573644932N11906484WA0147601476004003037206219
B2034583644927N11906488WA0147201472004003037210220
B2034593644922N11906492WA0147001469004003038213217
B2035003644917N11906496WA0146801466004003040212210
B2035013644911N11906500WA0146601463004003042205207
B2035023644906N11906502WA0146301461004003042199202
B2035033644900N11906505WA0145901458004003041200211
B2035043644895N11906508WA0145601455004003040207219
B2035053644890N11906513WA0145401452004003040212219
B2035063644884N11906517WA0145201449004003041213216
B2035073644879N11906520WA0145001446004003042208214
B2035083644873N11906524WA0144601443004003042205211
B2035093644868N11906528WA0144301440004003042207217
B2035103644862N11906532WA0144101437004003042211221
B2035113644857N11906536WA0143801434004003043214220
B2035123644851N11906541WA0143601431004003044212216
E203512Waypoint TURKEY reached
B2035133644846N11906545WA0143101431004003044208212
B2035143644840N11906549WA0142901429004003044207206
B2035153644834N11906552WA0142701427004003043205203
B2035163644829N11906555WA0142501426004003040200191
B2035173644823N11906556WA0142401423004003040187172
B2035183644817N11906555WA0142101420004003040171158
B2035193644811N11906552WA0142001418004003041159151
B2035203644805N11906548WA0141901416004003041150148
B2035213644801N11906544WA0141701415004003039141135
B2035223644797N11906538WA0141501413004003039132124
B2035233644793N11906532WA0141201410004003039125118
B2035243644790N11906525WA0141001407004003041119113
B2035253644787N11906518WA0140901405004003043116108
B2035263644785N11906510WA0140701404004003044112104
B2035273644783N11906503WA0140601402004003044108099
B2035283644781N11906495WA0140201399004003044104101
B2035293644780N11906487WA0140101396004003044102096
B2035303644778N11906478WA0139901393004003045099095
B2035313644778N11906469WA0139701391004003048096092
B2035323644777N11906460WA0139501389004003048092084
B2035333644777N11906452WA0139101388004003048088089
B2035343644778N11906443WA0138901388004003047085087
B2035353644778N11906435WA0138801386004003045086093
B2035363644779N11906427WA0138701385004003044087095
B2035373644779N11906418WA0138601383004003044088096
B2035383644779N11906410WA0138501381004003044090101
B2035393644778N11906402WA0138401380004003044095102
B2035403644777N11906394WA0138301378004003044099097
B2035413644776N11906386WA0138101377004003045100095
B2035423644775N11906378WA0138001376004003045099095
B2035433644774N11906370WA0137801376003003043096101
B2035443644773N11906362WA0137701375004003042095105
B2035453644773N11906355WA0137601374004003042096103
B2035463644772N11906347WA0137601373004003039097108
B2035473644771N11906340WA0137601372004003039096103
B2035483644771N11906333WA0137401369004003039095099
B2035493644770N11906325WA0137401366004003040094094
B2035503644770N11906316WA0137201364004003044092086
B2035513644770N11906308WA0137101363004003045090090
B2035523644770N11906300WA0136901363004003045090086
B2035533644769N11906292WA0136601362004003044091091
B2035543644769N11906284WA0136501361004003041091096
B2035553644769N11906277WA0136401359004003041088095
B2035563644770N11906269WA0136401357004003042088091
B2035573644770N11906261WA0136301355004003043090099
B2035583644769N11906253WA0136101354004003043092098
B2035593644769N11906245WA0135901354004003043093101
B2036003644768N11906238WA0135801353004003041093101
B2036013644768N11906230WA0135701351004003040092100
B2036023644768N11906223WA0135601349004003040092101
B2036033644768N11906216WA0135401348004003040092101
B2036043644767N11906209WA0135301346004003039093104
B2036053644767N11906201WA0135201343004003039094105
B2036063644766N11906194WA0135001341004003041094100
B2036073644766N11906186WA0134901339004003042094101
B2036083644765N11906178WA0134601337004003042093105
B2036093644765N11906171WA0134401335004003042093104
B2036103644765N11906164WA0134201333004003040093099
B2036113644765N11906156WA0134001331004003040090096
B2036123644765N11906149WA0133901328004003041085087
B2036133644766N11906141WA0133601326004003041080091
B2036143644767N11906133WA0133401325004003041082097
B2036153644767N11906126WA0133201324004003041087096
B2036163644767N11906118WA0133101322004003041087090
B2036173644768N11906111WA0132901320003003041082089
B2036183644769N11906103WA0132801318003003040078092
B2036193644771N11906096WA0132601316004003040078091
B2036203644771N11906088WA0132401313004003041083091
B2036213644772N11906080WA0132301311004003041085086
B2036223644772N11906072WA0132101309004003043084085
B2036233644773N11906064WA0131701307004003042080089
B2036243644775N11906057WA0131501304004003042079092
B2036253644775N11906049WA0131301302004003041083101
B2036263644776N11906041WA0131101298004003041087098
B2036273644776N11906033WA0130901296004003046089091
B2036283644776N11906024WA0130501293004003048090093
B2036293644775N11906015WA0130301292003003048092098
B2036303644775N11906006WA0130101290004003048095108
B2036313644774N11905998WA0129901289004003044097111
B2036323644773N11905990WA0129701287004003044097108
B2036333644772N11905982WA0129601285004003043098109
B2036343644771N11905974WA0129401282004003043098108
B2036353644770N11905965WA0129301280004003046098104
B2036363644769N11905956WA0129101278004003046097106
B2036373644768N11905948WA0128901276004003046094105
B2036383644768N11905939WA0128801273004003046091106
B2036393644768N11905931WA0128401271004003045090101
B2036403644768N11905923WA0128201268004003045091099
B2036413644768N11905914WA0128001265004003045091097
B2036423644768N11905906WA0127801263004003045089096
B2036433644768N11905898WA0127601260004003044085092
B2036443644769N11905890WA0127201257004003042081094
B2036453644770N11905882WA0127001254004003043080092
B2036463644771N11905875WA0126801250004003043079106
B2036473644773N11905866WA0126501246004003043077100
B2036483644774N11905858WA0126301243004003044079106
B2036493644775N11905851WA0125801240004003042083112
B2036503644775N11905843WA0125501238004003042087110
B2036513644775N11905835WA0125301235004003042090106
B2036523644775N11905827WA0125001232004003042093113
B2036533644774N11905819WA0124801229004003043095110
B2036543644773N11905812WA0124401227004003042097115
B2036553644772N11905804WA0124201224004003042098116
B2036563644771N11905796WA0123901221004003042099108
B2036573644770N11905789WA0123701218004003042098113
B2036583644769N11905781WA0123501215004003042097115
B2036593644769N11905773WA0123101212004003043096115
B2037003644768N11905765WA0122801209004003043097125
B2037013644766N11905757WA0122601207004003043100126
B2037023644765N11905749WA0122401204004003043104132
B2037033644763N11905741WA0122201201004003044106123
B2037043644761N11905733WA0121701199004003045106120
B2037053644759N11905725WA0121501198004003045103118
B2037063644758N11905717WA0121301196004003044099113
B2037073644758N11905708WA0121101193004003044094109
B2037083644758N11905700WA0120901191004003044090105
B2037093644758N11905691WA0120601188004003047087099
B2037103644759N11905682WA0120401185004003048085094
B2037113644760N11905673WA0120301182004003048082090
B2037123644761N11905664WA0120001179004003049078094
B2037133644763N11905655WA0119801176004003050076092
B2037143644764N11905645WA0119401173003003051077095
B2037153644766N11905636WA0119201170003003051081100
B2037163644766N11905627WA0118901167004003050085100
B2037173644766N11905618WA0118701164004003050089106
B2037183644766N11905608WA0118501161004003050094116
B2037193644765N11905600WA0118001158004003048097130
B2037203644763N11905591WA0117701154004003048104138
B2037213644760N11905583WA0117501151004003046113147
B2037223644756N11905577WA0117201147004003045123153
B2037233644752N11905570WA0117001144004003044131154
B2037243644748N11905565WA0116501141004003040135158
B2037253644744N11905561WA0116201139004003040139162
B2037263644740N11905557WA0115901136004003037144162
B2037273644736N11905554WA0115701133004003034150166
B2037283644732N11905551WA0115501133004003031160171
B2037293644728N11905550WA0115001130004003027166178
B2037303644724N11905550WA0114801127004003027173181
B2037313644720N11905550WA0114501124004003025177188
B2037323644716N11905550WA0114301120004003025181190
B2037333644713N11905551WA0114101116004003025192194
B2037343644709N11905553WA0113501112004003026205202
B2037353644706N11905556WA0113201108004003026216211
B2037363644703N11905559WA0112901105004003026222221
B2037373644701N11905562WA0112601103004003026223228
B2037383644698N11905565WA0112301100004003024225230
B2037393644696N11905568WA0111801096004003022229232
B2037403644694N11905572WA0111601092004003024234236
B2037413644692N11905576WA0111301088004003024236234
B2037423644690N11905580WA0111101085004003026236235
B2037433644687N11905584WA0110801082003003026229226
B2037443644684N11905587WA0110201080004003025218220
B2037453644681N11905589WA0109901077004003025210216
B2037463644678N11905592WA0109701074004003025210219
B2037473644674N11905594WA0109401071004003025213224
B2037483644671N11905597WA0109201067004003026214223
B2037493644667N11905600WA0108801064004003029212224
B2037503644664N11905603WA0108601062004003029210234
B2037513644660N11905606WA0108301062004003029214221
B2037523644656N11905609WA0108101058004003029215216
B2037533644652N11905612WA0107901055004003030214216
B2037543644648N11905615WA0107501051004003034206204
B2037553644643N11905618WA0107201048004003037200197
B2037563644637N11905620WA0107001045004003037197204
B2037573644632N11905622WA0106701041004003037199219
B2037583644627N11905625WA0106401038004003036204222
B2037593644623N11905628WA0105901034004003035209220
B2038003644618N11905631WA0105601034004003036209217
B2038013644613N11905634WA0105301030004003036205210
B2038023644608N11905636WA0105001027004003036199204
B2038033644603N11905638WA0104701024004003036194199
B2038043644598N11905639WA0104201020004003034192201
B2038053644593N11905641WA0103901016004003034192200
B2038063644588N11905642WA0103601012004003034192210
B2038073644583N11905644WA0103401007004003035194215
B2038083644577N11905646WA0103101003004003037198218
B2038093644572N11905649WA0102400999004003038202222
B2038103644567N11905652WA0102100995004003038204223
B2038113644562N11905655WA0101700991004003038204222
B2038123644556N11905658WA0101400988004003038203216
B2038133644551N11905660WA0101100988004003038205218
B2038143644546N11905663WA0100500984004003039205215
B2038153644541N11905666WA0100200982004003039201208
B2038163644535N11905668WA0099900980004003039192191
B2038173644529N11905669WA0099700978004003039188198
B2038183644524N11905670WA0099500976004003037189209
B2038193644519N11905671WA0099300973004003034191206
B2038203644514N11905672WA0099000971004003034192205
B2038213644509N11905674WA0098900969004003033192203
B2038223644505N11905675WA0098700967004003033194216
B2038233644501N11905677WA0098600964004003025201217
B2038243644498N11905679WA0098400961004003025204215
B2038253644494N11905681WA0098100958004003025201200
B2038263644490N11905682WA0097900956004003028193193
B2038273644485N11905683WA0097700956004003030184197
B2038283644481N11905683WA0097500955004003029180199
B2038293644477N11905684WA0097300953004003029180200
B2038303644472N11905684WA0097100951004003028186210
B2038313644468N11905685WA0096900949004003028190206
B2038323644463N11905686WA0096800948004003030188196
B2038333644459N11905686WA0096700947004003031179183
B2038343644454N11905685WA0096600947004003031172181
B2038353644450N11905684WA0096300946004003030169176
B2038363644446N11905683WA0096300944004003029170187
B2038373644442N11905683WA0096200941004003029172184
B2038383644437N11905682WA0096200938004003033174183
B2038393644432N11905681WA0096100938004003038176192
B2038403644426N11905681WA0095700939004003038172190
B2038413644421N11905680WA0095600939004003038165194
B2038423644415N11905677WA0095400938004003035162190
B2038433644410N11905676WA0095300937004003034165201
B2038443644405N11905675WA0095200935004003034171201
B2038453644400N11905674WA0095100934004003034173193
B2038463644394N11905672WA0095000932004003036171186
B2038473644388N11905671WA0094900931004003038168184
B2038483644381N11905669WA0094700931004003042168189
B2038493644375N11905668WA0094600931004003042171195
B2038503644370N11905667WA0094400931004003036172199
B2038513644366N11905667WA0094400930004003033171200
B2038523644361N11905666WA0094300929004003032171197
B2038533644356N11905665WA0094300928004003033171193
B2038543644352N11905664WA0094300928004003033168193
B2038553644347N11905662WA0094300926004003032165196
B2038563644343N11905660WA0094300925004003031164197
B2038573644338N11905659WA0094200923004003031168201
B2038583644333N11905659WA0094100921004003033173202
B2038593644328N11905658WA0094100920004003034175192
B2039003644323N11905657WA0093800920004003034175190
B2039013644318N11905657WA0093700919004003035173188
B2039023644312N11905656WA0093700919004003035171184
B2039033644307N11905655WA0093700919004003035170191
B2039043644302N11905654WA0093700922004003035173203
B2039053644297N11905653WA0093900922004003032189220
B2039063644293N11905656WA0094100924004003030202242
B2039073644290N11905659WA0094300925004003030222250
B2039083644290N11905663WA0094400925004003019259265
B2039093644290N11905666WA0094600924004003024311288
B2039103644294N11905668WA0094800922004003024339320
B2039113644305N11905664WA0094800920004003036041012
B2039123644310N11905657WA0094700921004003049078057
B2039133644310N11905648WA0094600921005003049105096
B2039143644306N11905639WA0094500922004003047146122
B2039153644300N11905635WA0094400923004003039152163
B2039163644295N11905632WA0094400923004003032148162
B2039173644291N11905628WA0094500923004003033135165
B2039183644287N11905623WA0094600922004003034140161
B2039193644282N11905619WA0094800922004003034155178
B2039203644277N11905617WA0094800922004003034163189
B2039213644271N11905616WA0094800922004003034165180
B2039223644266N11905614WA0094800923004003033152166
B2039233644262N11905611WA0094800923004003033143173
B2039243644258N11905608WA0095000925004003031144185
B2039253644254N11905605WA0095100925004003031157191
B2039263644249N11905603WA0095300925004003033159187
B2039273644245N11905600WA0095400925004003033157167
B2039283644240N11905598WA0095400926004003033155172
B2039293644236N11905595WA0095500927004003033154169
B2039303644231N11905593WA0095600928004003034157167
B2039313644225N11905590WA0095600931004003036158161
B2039323644221N11905587WA0095700934004003033155166
B2039333644217N11905585WA0095800937004003033147161
B2039343644214N11905582WA0096100939004003028145162
B2039353644211N11905579WA0096300939004003028144162
B2039363644206N11905575WA0096500940004003031143154
B2039373644202N11905571WA0096700941004003038142144
B2039383644197N11905566WA0096900942004003040140144
B2039393644193N11905561WA0097000944004003039138158
B2039403644189N11905557WA0097100946004003039139166
B2039413644184N11905554WA0097200949004003037151201
B2039423644179N11905551WA0097300949004003032174220
B2039433644175N11905552WA0097500949004003032193239
B2039443644172N11905556WA0097600951004003031225253
B2039453644171N11905562WA0097900951004003030263276
B2039463644171N11905568WA0098000951004003030312303
B2039473644177N11905567WA0098100951004003039002332
B2039483644183N11905567WA0098200952004003039002010
B2039493644188N11905564WA0098200949004003037038012
B2039503644187N11905555WA0098300955004003037128043
B2039513644182N11905549WA0098400956004003042159150
B2039523644175N11905547WA0098500957004003041174183
B2039533644168N11905546WA0098700957004003041228198
B2039543644164N11905549WA0099000956004003031272243
B2039553644165N11905554WA0099100957003003031312277
B2039563644169N11905557WA0099100958003003031328305
B2039573644173N11905560WA0099100959004003026001318
B2039583644177N11905558WA0099100961004003026017340
B2039593644179N11905554WA0099100964004003026048354
B2040003644182N11905549WA0099100964004003027078025
B2040013644182N11905541WA0099300965004003036086064
B2040023644181N11905533WA0099400967004003043099079
B2040033644178N11905526WA0099500968004003043121097
B2040043644173N11905521WA0099600969003003042147125
B2040053644167N11905517WA0099800970003003042175156
B2040063644162N11905517WA0099900971004003035195189
B2040073644159N11905519WA0100100972004003023198215
B2040083644156N11905521WA0100200973004003023196229
B2040093644153N11905522WA0100300972004003023212233
B2040103644151N11905525WA0100400972004003023236254
B2040113644150N11905530WA0100400971004003027260270
B2040123644150N11905536WA0100400972004003024290285
B2040133644152N11905540WA0100300973004003024313304
B2040143644154N11905541WA0100300974004003015341317
B2040153644156N11905542WA0100200973004003015006337
B2040163644160N11905540WA0100300972004003020015352
B2040173644164N11905538WA0100300972004003028026005
B2040183644168N11905535WA0100300972004003037056021
B2040193644171N11905528WA0100300971004003037079051
B2040203644171N11905519WA0100200969004003045093075
B2040213644170N11905509WA0100100970004003046121093
B2040223644165N11905502WA0100000971004003039134124
B2040233644161N11905497WA0099900972004003039134139
B2040243644157N11905492WA0099800972004003037134140
B2040253644153N11905488WA0099800972004003036137143
B2040263644148N11905485WA0099800973004003032152148
B2040273644144N11905484WA0099900972004003032172168
B2040283644140N11905486WA0100000972004003029201192
B2040293644139N11905489WA0100000972004003023251223
B2040303644141N11905492WA0100000972004003023310269
B2040313644146N11905494WA0100000971004003030347312
B2040323644151N11905492WA0100000972004003038019340
B2040333644156N11905486WA0100000973004003038043009
B2040343644159N11905478WA0100000973004003043063032
B2040353644160N11905469WA0100000974004003048080054
B2040363644159N11905460WA0100000975004003048099074
B2040373644155N11905453WA0100100976003003048123095
B2040383644151N11905447WA0100100976003003044163125
B2040393644146N11905448WA0100200977004003032184172
B2040403644143N11905450WA0100300978004003032217200
B2040413644141N11905453WA0100400978004003023273232
B2040423644141N11905457WA0100400978004003018317283
B2040433644145N11905459WA0100500977004003022335317
B2040443644149N11905459WA0100500977004003029356332
B2040453644154N11905457WA0100600978004003029016350
B2040463644160N11905453WA0100600979004003036035006
B2040473644164N11905447WA0100700980004003041050025
B2040483644166N11905440WA0100700981004003041065042
B2040493644168N11905434WA0100700981004003041083057
B2040503644169N11905426WA0100900981004003042102077
B2040513644165N11905418WA0100900980004003046117100
B2040523644162N11905411WA0101000980004003046121119
B2040533644157N11905408WA0101000981004003044195124
B2040543644152N11905411WA0101000982004003032259209
B2040553644154N11905417WA0100900983004003030290269
B2040563644155N11905423WA0100900983004003027343293
B2040573644160N11905424WA0100900984004003030017332
B2040583644164N11905421WA0101000985004003030026003
B2040593644168N11905418WA0101100986004003032036016
B2041003644172N11905412WA0101300986004003034047025
B2041013644175N11905405WA0101400986004003046062039
B2041023644178N11905397WA0101400986004003051097059
B2041033644176N11905387WA0101500986004003050120098
B2041043644170N11905380WA0101500986004003050163126
B2041053644162N11905380WA0101500985004003050201176
B2041063644156N11905385WA0101500985004003036205216
B2041073644154N11905391WA0101400984004004036293225
B2041083644158N11905395WA0101400987004004028020297
B2041093644163N11905393WA0101400988004004028047004
B2041103644166N11905388WA0101500988004003034056031
B2041113644170N11905380WA0101600989003003045064041
B2041123644173N11905373WA0101700990004003047070053
B2041133644176N11905365WA0101800992004003045078053
B2041143644176N11905358WA0101900994003003044083048
B2041153644177N11905350WA0102100995004003041073051
B2041163644179N11905345WA0102300994004003032050034
B2041173644182N11905341WA0102500994004003032022013
B2041183644186N11905340WA0102600994004003031346348
B2041193644191N11905343WA0102700994004003030308323
B2041203644194N11905348WA0102800996004003028280298
B2041213644193N11905353WA0102800999004003026257278
B2041223644191N11905357WA0102901001004003026239263
B2041233644189N11905360WA0103001004004003024230254
B2041243644187N11905364WA0103101005004003020225251
B2041253644185N11905366WA0103301007004003018226257
B2041263644184N11905369WA0103701010004003012237266
B2041273644184N11905371WA0103801012004003012259269
B2041283644184N11905373WA0104001014004003012275272
B2041293644184N11905376WA0104201015004003013271264
B2041303644183N11905379WA0104401017004003014254262
B2041313644182N11905381WA0104601019004003015235251
B2041323644180N11905384WA0104701021004003016225235
B2041333644178N11905386WA0104901023004003016219246
B2041343644176N11905388WA0105001024004003017213249
B2041353644174N11905390WA0105101026004003019218265
B2041363644172N11905393WA0105301026004003017233274
B2041373644171N11905395WA0105401027004003017248278
B2041383644171N11905398WA0105501028004003016256270
B2041393644170N11905401WA0105601029004003016254276
B2041403644169N11905403WA0105601030004003014244276
B2041413644169N11905405WA0105701029004003011252278
B2041423644169N11905408WA0105801028004003014276280
B2041433644170N11905411WA0105801027004003014286276
B2041443644170N11905414WA0105801026004003017285286
B2041453644171N11905416WA0105701026004003017284296
B2041463644172N11905419WA0105501025004003015302319
B2041473644174N11905421WA0105501025004003020333313
B2041483644177N11905422WA0105401023004003020341298
B2041493644179N11905424WA0105301021004003020332284
B2041503644181N11905427WA0105201019003003020306284
B2041513644182N11905431WA0105001018004003021280276
B2041523644181N11905435WA0104901017004003022252267
B2041533644179N11905438WA0104701016004003022229252
B2041543644176N11905441WA0104601015004003023214241
B2041553644173N11905443WA0104501015004003023211234
B2041563644170N11905445WA0104301014004003022217242
B2041573644168N11905448WA0104101013004003024232251
B2041583644166N11905451WA0103901012004003024240252
B2041593644165N11905456WA0103601007004003028244259
B2042003644163N11905462WA0103301004004003030249256
B2042013644162N11905467WA0102701001004003030250259
B2042023644160N11905472WA0102400999004003030246251
B2042033644158N11905477WA0102100996004003028241249
B2042043644156N11905481WA0101900995004003027238238
B2042053644154N11905485WA0101700993004003027234229
B2042063644151N11905488WA0101400993004003023225225
B2042073644148N11905490WA0101300993004003024210218
B2042083644144N11905492WA0101200992004003024202218
B2042093644140N11905494WA0101100992004003030196202
B2042103644135N11905496WA0101100993004003032198202
B2042113644130N11905498WA0101100993004003030201198
B2042123644126N11905500WA0101200994004003031200203
B2042133644121N11905501WA0101300996004003031193202
B2042143644116N11905503WA0101300996004003032188210
B2042153644112N11905504WA0101400997004003032193213
B2042163644108N11905506WA0101700997004003026209249
B2042173644104N11905508WA0101800996004003028226255
B2042183644102N11905512WA0101800996004003028223238
B2042193644098N11905517WA0101900998004003031212246
B2042203644094N11905520WA0102000999004003031205243
B2042213644091N11905521WA0102101002004003020203252
B2042223644089N11905523WA0102301001004003020209252
B2042233644087N11905524WA0102501001004003018217251
B2042243644085N11905527WA0102701000004003018225263
B2042253644083N11905530WA0102801001004003020238288
B2042263644083N11905533WA0103001001004003019263303
B2042273644084N11905536WA0103001002004003019303315
B2042283644087N11905537WA0103001003004003019344326
B2042293644091N11905536WA0103001002004003020015349
B2042303644095N11905534WA0103001003004003027032006
B2042313644100N11905529WA0103101005004003040039030
B2042323644104N11905522WA0103201007004003043055044
B2042333644106N11905514WA0103201008004003043074059
B2042343644105N11905505WA0103301009004003046095077
B2042353644102N11905497WA0103401009004003049118102
B2042363644098N11905489WA0103501009004003049129129
B2042373644093N11905487WA0103601012003003042165142
B2042383644088N11905488WA0103701014004003037189183
B2042393644083N11905489WA0103801014004003031193207
B2042403644079N11905491WA0104001015004003031193226
B2042413644075N11905492WA0104101017004003029194229
B2042423644071N11905494WA0104301017004003026219234
B2042433644070N11905496WA0104401016004003017249251
B2042443644069N11905500WA0104501014004003021262272
B2042453644069N11905504WA0104501014004003021268284
B2042463644070N11905509WA0104401011004003022277300
B2042473644072N11905512WA0104101009004003022302298
B2042483644075N11905515WA0104001007004003025323314
B2042493644079N11905517WA0103701004004003025336313
B2042503644082N11905519WA0103501003004003026342329
B2042513644086N11905520WA0103301000004003026345336
B2042523644091N11905521WA0103000998004003029353342
B2042533644095N11905522WA0102800998003003030001353
B2042543644100N11905521WA0102600999004003029010337
B2042553644104N11905520WA0102500999004003028008336
B2042563644107N11905520WA0102300998004003023356344
B2042573644110N11905521WA0102200997004003021354354
B2042583644114N11905520WA0102200996004003025005009
B2042593644118N11905518WA0102200996004003025025010
B2043003644121N11905514WA0102100995004003029042019
B2043013644124N11905509WA0102000994004003030055018
B2043023644127N11905504WA0101900993004003034056026
B2043033644131N11905499WA0101800992004003039046023
B2043043644135N11905493WA0101800992004003039032016
B2043053644141N11905489WA0101700994003003041032023
B2043063644146N11905485WA0101700995004003041037016
B2043073644149N11905480WA0101700998004003035047018
B2043083644153N11905475WA0101901000004003036053032
B2043093644155N11905469WA0102101003004003036060046
B2043103644157N11905463WA0102301005004003036075083
B2043113644158N11905456WA0102601005004003037105109
B2043123644156N11905450WA0103001005004003044125123
B2043133644151N11905443WA0103101006004003050140155
B2043143644144N11905437WA0103201007003003050164184
B2043153644137N11905437WA0103301011003003050182206
B2043163644131N11905438WA0103301011003003042231224
B2043173644128N11905444WA0103601011003003027262261
B2043183644128N11905450WA0103701012003003027284286
B2043193644130N11905454WA0103901016004003022301294
B2043203644132N11905458WA0104201017003003022335312
B2043213644136N11905459WA0104401017003003023001332
B2043223644140N11905459WA0104801017004003035031352
B2043233644145N11905454WA0105001016003003045062022
B2043243644146N11905445WA0105201016004003045083056
B2043253644142N11905435WA0105301016004003049112081
B2043263644139N11905426WA0105301017004003049129117
B2043273644133N11905420WA0105401019004003044162137
B2043283644126N11905419WA0105401022004003044187180
B2043293644121N11905422WA0105501023004003037199205
B2043303644117N11905424WA0105701025004003033226221
B2043313644114N11905429WA0105801027004003029230246
B2043323644112N11905433WA0106101028004003024239259
B2043333644111N11905437WA0106201029004003024257265
B2043343644111N11905441WA0106401029004003022273278
B2043353644111N11905446WA0106401029004003020302294
B2043363644114N11905449WA0106401029004003020326313
B2043373644117N11905451WA0106401028004003027338323
B2043383644121N11905453WA0106201024004003030343338
B2043393644126N11905455WA0106101025004003030349348
B2043403644131N11905455WA0105901026004003031006351
B2043413644136N11905453WA0105701025004003032015353
B2043423644141N11905450WA0105401023004003034026005
B2043433644146N11905446WA0105201021004003038036019
B2043443644150N11905440WA0105101018003003038047032
B2043453644154N11905432WA0105001016004003045059055
B2043463644156N11905423WA0104801015004003049073078
B2043473644157N11905414WA0104601014004003049088095
B2043483644155N11905405WA0104301013004003049104106
B2043493644151N11905398WA0104101013004003047121120
B2043503644147N11905391WA0104001013004003047135136
B2043513644141N11905386WA0103901014004003047141151
B2043523644136N11905382WA0103901014004003040143163
B2043533644132N11905378WA0103801014004003040142166
B2043543644128N11905374WA0103801013004003036143163
B2043553644124N11905370WA0103801012004003034144162
B2043563644119N11905366WA0103801011004003034146166
B2043573644115N11905363WA0103701011004003036150173
B2043583644110N11905359WA0103701012004003036151179
B2043593644106N11905356WA0103601013004003035147178
B2044003644102N11905353WA0103601012004003033141172
B2044013644098N11905349WA0103701012004003032143178
B2044023644094N11905346WA0103701012004003032154182
B2044033644090N11905343WA0103601011004003032162193
B2044043644085N11905342WA0103601009004003032165198
B2044053644081N11905341WA0103501009004003031165202
B2044063644077N11905340WA0103401008004003029166202
B2044073644074N11905339WA0103301007004003024170214
B2044083644070N11905339WA0103101005004003024176222
B2044093644067N11905339WA0103001003004003024185240
B2044103644063N11905341WA0102901002004003024201250
B2044113644062N11905344WA0102801000004003024238260
B2044123644061N11905347WA0102700999004003022274279
B2044133644062N11905352WA0102400997004003024288286
B2044143644064N11905356WA0102200994004003024295290
B2044153644066N11905360WA0102000990004003024296295
B2044163644068N11905365WA0101800986004003026298293
B2044173644071N11905371WA0101600983004003034301298
B2044183644074N11905376WA0101100980004003036303293
B2044193644077N11905382WA0100800981003003034303288
B2044203644080N11905387WA0100600980004003034301282
B2044213644082N11905392WA0100400980004003031293288
B2044223644084N11905397WA0100200979004003028290288
B2044233644085N11905402WA0100000975004003030292301
B2044243644088N11905407WA0099900972004003030298298
B2044253644090N11905412WA0099800972004003032298302
B2044263644092N11905417WA0099600972003003032297296
B2044273644094N11905422WA0099400972003003029290296
B2044283644096N11905427WA0099100973004003029286303
B2044293644097N11905431WA0099000974004003025291309
B2044303644098N11905435WA0098900975004003023311318
B2044313644100N11905436WA0098900977004003019322308
B2044323644102N11905438WA0099000978004003014331305
B2044333644104N11905438WA0099200978004003014340311
B2044343644106N11905439WA0099200978004003012349305
B2044353644107N11905439WA0099300978004003012353307
B2044363644109N11905439WA0099400976004003013348315
B2044373644112N11905440WA0099400976004003015343324
B2044383644114N11905441WA0099500975004003017346330
B2044393644117N11905441WA0099400974004003017355329
B2044403644120N11905441WA0099400974004003019004323
B2044413644124N11905440WA0099400973004003022008327
B2044423644127N11905439WA0099300973004003024008335
B2044433644131N11905438WA0099300973004003025011348
B2044443644135N11905436WA0099200973004003025021352
B2044453644139N11905433WA0099200972004003028032357
B2044463644143N11905429WA0099200971004003035037000
B2044473644148N11905425WA0099200970004003037038006
B2044483644152N11905421WA0099200969004003037038009
B2044493644157N11905416WA0099100968004003037036014
B2044503644161N11905412WA0099000967004003039035014
B2044513644166N11905408WA0099000966004003040034028
B2044523644171N11905404WA0098900964004003039033019
B2044533644175N11905400WA0098700963004003038031001
B2044543644179N11905398WA0098700962004003031028344
B2044553644184N11905396WA0098600960004003031016331
B2044563644188N11905394WA0098500960004003031357324
B2044573644193N11905396WA0098400958004003031346311
B2044583644197N11905398WA0098200957004003026330306
B2044593644199N11905401WA0098000956004003026315296
B2045003644200N11905405WA0097900955004003022300287
B2045013644201N11905408WA0097800953004003020287277
B2045023644202N11905412WA0097700952004003020279272
B2045033644202N11905416WA0097400951004003022276274
B2045043644202N11905420WA0097300950004003022275273
B2045053644203N11905424WA0097300950004003022268267
B2045063644203N11905428WA0097200951004003017270261
B2045073644203N11905430WA0097200951004003017284271
B2045083644204N11905432WA0097200952004003014303267
B2045093644205N11905434WA0097200951004003012310270
B2045103644206N11905435WA0097300951004003010301271
B2045113644207N11905437WA0097300950004003014271274
B2045123644206N11905440WA0097300949004003014255262
B2045133644204N11905444WA0097200949004003018239254
B2045143644202N11905447WA0097100949004003020231251
B2045153644200N11905450WA0097000949004003020231244
B2045163644198N11905452WA0097000950004003020230236
B2045173644196N11905455WA0097000951004003019221227
B2045183644194N11905456WA0097000951004003017208230
B2045193644191N11905458WA0097100951004003019205231
B2045203644189N11905460WA0097100950004003019214243
B2045213644186N11905463WA0097100950004003022226250
B2045223644184N11905466WA0097100950004003018241250
B2045233644183N11905469WA0097100951004003018241247
B2045243644182N11905471WA0097200951004003015224240
B2045253644181N11905473WA0097200950004003015212235
B2045263644179N11905475WA0097200950004003018209233
B2045273644176N11905476WA0097200949004003023205228
B2045283644172N11905478WA0097100947004003023203224
B2045293644169N11905480WA0097000946004003023200225
B2045303644166N11905482WA0096900945004003023202234
B2045313644162N11905484WA0096700943004003025206234
B2045323644159N11905486WA0096700943004003025210240
B2045333644156N11905488WA0096600942004003025212241
B2045343644154N11905491WA0096400942004003021216246
B2045353644151N11905493WA0096300940004003021223251
B2045363644150N11905496WA0096300939004003020232248
B2045373644148N11905500WA0096200938004003020238249
B2045383644146N11905503WA0096200937004003021242259
B2045393644145N11905507WA0096000936004003021243257
B2045403644144N11905510WA0095900934004003021243248
B2045413644142N11905514WA0095800933004003021241247
B2045423644140N11905518WA0095700931004003026234239
B2045433644137N11905521WA0095600931004003026222212
B2045443644133N11905523WA0095400931004003026201202
B2045453644129N11905523WA0095300930004003026177192
B2045463644124N11905520WA0095300928004003030161180
B2045473644118N11905518WA0095200928004003044149164
B2045483644113N11905513WA0095100928004003044142140
B2045493644108N11905507WA0095000928004003044124133
B2045503644106N11905499WA0095000930004003043111122
B2045513644105N11905492WA0095000929004003040099106
B2045523644104N11905485WA0095000928004003036099101
B2045533644103N11905478WA0095000927004003041100102
B2045543644102N11905470WA0095000924004003041101111
B2045553644101N11905462WA0094800922004003043105125
B2045563644098N11905455WA0094700919004003043119139
B2045573644095N11905448WA0094500919004003042138156
B2045583644089N11905444WA0094300917004003042154174
B2045593644084N11905443WA0093900916004003041172193
B2046003644080N11905445WA0093700915004003036202210
B2046013644076N11905448WA0093600915004003029226237
B2046023644074N11905452WA0093500916004003021263256
B2046033644075N11905455WA0093400917004003021275278
B2046043644076N11905458WA0093400917004003018299283
B2046053644078N11905461WA0093500916004003018310298
B2046063644080N11905464WA0093500915004003020308303
B2046073644083N11905469WA0093600915004003029307304
B2046083644086N11905474WA0093600915004003029305303
B2046093644088N11905478WA0093600915004003028303298
B2046103644090N11905482WA0093500914004003024300292
B2046113644091N11905485WA0093400913004003022298290
B2046123644093N11905489WA0093400911004003027287291
B2046133644094N11905494WA0093300908004003030283295
B2046143644095N11905500WA0093200907004003028283297
B2046153644096N11905505WA0092800907004003028288292
B2046163644097N11905509WA0092600906004003024291283
B2046173644098N11905513WA0092400905004003022287279
B2046183644099N11905517WA0092300904004003026285285
B2046193644100N11905522WA0092000900004003026286293
B2046203644102N11905527WA0091800900004003028292291
B2046213644103N11905532WA0091600899004003028297299
B2046223644105N11905536WA0091500897004003024299299
B2046233644107N11905540WA0091300894004003024295292
B2046243644108N11905544WA0091200891004003023291288
B2046253644109N11905548WA0090900888004003023287291
B2046263644110N11905553WA0090800885004003025282290
B2046273644111N11905558WA0090600883004003029283295
B2046283644112N11905564WA0090400882004003030286296
B2046293644113N11905569WA0090200882004003029287290
B2046303644114N11905573WA0090000882004003028283288
B2046313644115N11905578WA0089900881004003025279286
B2046323644116N11905582WA0089800881004003023280284
B2046333644117N11905587WA0089800880004003025285288
B2046343644118N11905591WA0089800880004003025288288
B2046353644119N11905596WA0089800879004003026287293
B2046363644120N11905601WA0089800879004003026281282
B2046373644121N11905605WA0089800878004003025278287
B2046383644121N11905611WA0089800878004003027271289
B2046393644121N11905616WA0089700879004003027267279
B2046403644121N11905620WA0089700879004003027269287
B2046413644121N11905625WA0089700879003003025277282
B2046423644121N11905627WA0089700877004003012276266
B2046433644121N11905629WA0089700874004003019268264
B2046443644121N11905633WA0089700873004003019263259
B2046453644120N11905638WA0089300873003003028256266
B2046463644119N11905645WA0089000872004003037254272
B2046473644117N11905652WA0088700874004003029252269
B2046483644116N11905656WA0088400873004003029261271
B2046493644116N11905661WA0088100868004003025267278
B2046503644116N11905666WA0087800863004003025270278
B2046513644116N11905673WA0087600859004003033268279
B2046523644116N11905679WA0087400858004003033267287
B2046533644115N11905685WA0087200857004003033271284
B2046543644115N11905690WA0086900853004003030273282
B2046553644116N11905695WA0086500850004003026272279
B2046563644116N11905700WA0086300845004003027271275
B2046573644116N11905705WA0086100841004003027271284
B2046583644116N11905711WA0085900840004003030276285
B2046593644117N11905717WA0085700840004003035281294
B2047003644118N11905724WA0085300840004003035285294
B2047013644119N11905728WA0085100838004003029292289
B2047023644121N11905732WA0085000836004003025298288
B2047033644123N11905737WA0084900833004003028293274
B2047043644124N11905743WA0084800831004003032286283
B2047053644125N11905749WA0084700831004003030280287
B2047063644126N11905754WA0084600829004003030284291
B2047073644128N11905759WA0084500827004003029292296
B2047083644130N11905764WA0084500825004003030294286
B2047093644132N11905769WA0084400824004003029284275
B2047103644132N11905774WA0084100821004003029278271
B2047113644132N11905780WA0084000819004003031268270
B2047123644131N11905786WA0083800818004003033263280
B2047133644131N11905792WA0083600818004003031257282
B2047143644130N11905797WA0083500818004003029256277
B2047153644129N11905800WA0083400819004003018255272
B2047163644129N11905803WA0083400819004003018258279
B2047173644128N11905805WA0083500818004003015267283
B2047183644128N11905808WA0083500817004003015276287
B2047193644129N11905813WA0083600815004003023280293
B2047203644129N11905817WA0083500815004003024277293
B2047213644130N11905822WA0083500815004003024277290
B2047223644131N11905827WA0083400817004003024278287
B2047233644131N11905831WA0083400817004003024284281
B2047243644132N11905835WA0083400817004003024287278
B2047253644133N11905839WA0083500818004003022278282
B2047263644133N11905843WA0083600817004003022268282
B2047273644133N11905847WA0083700817004003021265281
B2047283644133N11905851WA0083700816004003022269289
B2047293644133N11905856WA0083800815004003022270272
B2047303644133N11905861WA0083800815004003025272272
B2047313644133N11905866WA0083700815004003025268279
B2047323644133N11905870WA0083700816004003025264265
B2047333644132N11905874WA0083700818004003024258273
B2047343644131N11905878WA0083800820004003023258277
B2047353644131N11905882WA0083800822004003019270298
B2047363644132N11905885WA0084100824004003019286298
B2047373644133N11905887WA0084200826004003016308304
B2047383644135N11905888WA0084400827004003016326304
B2047393644138N11905890WA0084600827004003020331290
B2047403644141N11905892WA0084700828004003021325290
B2047413644142N11905895WA0084900828004003020296277
B2047423644143N11905898WA0085000827004003020241264
B2047433644141N11905902WA0085100827004003026221244
B2047443644137N11905904WA0085100828004003026214233
B2047453644134N11905906WA0085100829004003025201222
B2047463644130N11905907WA0085100828004003024192230
B2047473644126N11905908WA0085100827004003021197241
B2047483644123N11905910WA0085100825004003022225251
B2047493644121N11905913WA0085000824004003022246262
B2047503644120N11905918WA0084900819004003027254270
B2047513644119N11905923WA0084400818004003028266281
B2047523644119N11905928WA0084100818004003028275281
B2047533644119N11905933WA0083800817004003027280281
B2047543644120N11905938WA0083500817004003025283283
B2047553644121N11905942WA0083300815004003020281282
B2047563644122N11905946WA0083000811004003020278288
B2047573644122N11905950WA0082900808004003020282296
B2047583644124N11905954WA0082800805004003021290299
B2047593644125N11905958WA0082600805004003025290300
B2048003644127N11905963WA0082400804004003025291301
B2048013644128N11905967WA0082100803004003022291293
B2048023644129N11905970WA0082000802004003022292296
B2048033644131N11905974WA0081900800004003023294295
B2048043644132N11905978WA0081900798004003024292294
B2048053644134N11905982WA0081800797004003024290290
B2048063644135N11905987WA0081700795004003024288292
B2048073644136N11905991WA0081600795004003025290298
B2048083644137N11905995WA0081600792004003026291295
B2048093644139N11906000WA0081500789004003026291298
B2048103644140N11906005WA0081400788004003027289295
B2048113644142N11906010WA0081100786004003028286297
B2048123644143N11906015WA0081000784004003028284293
B2048133644144N11906019WA0080900783004003027284291
B2048143644145N11906024WA0080700781004003025285290
B2048153644146N11906028WA0080600779004003023287294
B2048163644147N11906032WA0080400777004003023288295
B2048173644148N11906036WA0080300775004003023288294
B2048183644149N11906040WA0080200772004003023289296
B2048193644150N11906044WA0080000770004003023288299
B2048203644151N11906048WA0079900767004003023290300
B2048213644153N11906052WA0079500764004003023293302
B2048223644154N11906056WA0079400762004003024294302
B2048233644156N11906061WA0079200759004003025293304
B2048243644157N11906065WA0079000758004003025289302
B2048253644158N11906069WA0078800757004003025287301
B2048263644159N11906074WA0078500755004003024286305
B2048273644160N11906078WA0078400753004003024287306
B2048283644162N11906082WA0078200752004003024291307
B2048293644163N11906086WA0078100750004003024293302
B2048303644165N11906091WA0078000749004003025292310
B2048313644166N11906095WA0077900746004003026291311
B2048323644168N11906100WA0077700744004003027295313
B2048333644170N11906104WA0077500743004003027303310
B2048343644173N11906108WA0077400742004003027305303
B2048353644174N11906112WA0077300742004003023297294
B2048363644175N11906116WA0077100742004003023289298
B2048373644176N11906120WA0077000741004003023289308
B2048383644178N11906124WA0077000740004003023295309
B2048393644180N11906127WA0076900739004003024303307
B2048403644182N11906131WA0076900738004003024310304
B2048413644185N11906134WA0076700737004003024316302
B2048423644188N11906136WA0076700735004003024319308
B2048433644190N11906140WA0076600734004003024315307
B2048443644193N11906143WA0076500732004003024314303
B2048453644195N11906145WA0076400730004003024318307
B2048463644197N11906148WA0076300729004003021322306
B2048473644200N11906150WA0076100727004003019319298
B2048483644202N11906152WA0076000727004003019304295
B2048493644203N11906155WA0075900724004003019294292
B2048503644204N11906159WA0075700722004003019285284
B2048513644204N11906163WA0075600721004003022279273
B2048523644204N11906167WA0075300721004003020254259
B2048533644203N11906170WA0075200719004003020242242
B2048543644201N11906173WA0075000716004003020229243
B2048553644198N11906176WA0074900714004003022227248
B2048563644196N11906180WA0074800712004003025230247
B2048573644193N11906183WA0074500711004003026227233
B2048583644190N11906187WA0074300710004003026221226
B2048593644187N11906190WA0074200710004003028217234
B2049003644183N11906193WA0074100709004003029216225
B2049013644179N11906197WA0074000708004003030218230
B2049023644175N11906200WA0073900707004003030213219
B2049033644171N11906202WA0073800707004003031204216
B2049043644166N11906204WA0073700706004003033199218
B2049053644162N11906207WA0073700706004003033201230
B2049063644157N11906209WA0073600704004003033207230
B2049073644153N11906212WA0073500701004003031210218
B2049083644149N11906215WA0073400698004003035209224
B2049093644144N11906218WA0073200695004003037203207
B2049103644139N11906221WA0073100696004003037203234
B2049113644133N11906224WA0072800696004003037210246
B2049123644129N11906228WA0072500696004003034218259
B2049133644126N11906232WA0072400696004003034233259
B2049143644125N11906237WA0072300696004003029245267
B2049153644123N11906241WA0072300696004003026249265
B2049163644122N11906246WA0072300696004003024246265
B2049173644121N11906250WA0072300695004003024248263
B2049183644119N11906254WA0072200694004003024253265
B2049193644118N11906258WA0072200692004003024248264
B2049203644116N11906262WA0072100690004003022232255
B2049213644113N11906265WA0072000688004003023223272
B2049223644111N11906268WA0071700685004003022229276
B2049233644109N11906271WA0071600685004003022270288
B2049243644112N11906276WA0071500682004003028301312
B2049253644116N11906279WA0071300679004003034336329
B2049263644121N11906281WA0071200679004003034005352
B2049273644127N11906278WA0070800679004003036026007
B2049283644131N11906274WA0070700679004003034040017
B2049303644134N11906269WA0070600678004003034051033
B2049313644137N11906265WA0070500678004003031056038
B2049323644140N11906260WA0070500677004003031056031
B2049333644142N11906255WA0070500676004003031042020
B2049343644146N11906251WA0070500674004003031021358
B2049353644150N11906250WA0070500672004003029006337
B2049363644154N11906251WA0070400671004003028340325
B2049373644156N11906255WA0070300670004003021299306
B2049383644155N11906259WA0070200668004003023256280
B2049393644153N11906263WA0070100666004003023230251
B2049403644149N11906266WA0070000665004003027216231
B2049413644145N11906269WA0069900663004003033205217
B2049423644140N11906270WA0069800662004003035195204
B2049433644135N11906272WA0069600662004003033192204
B2049443644130N11906273WA0069500662004003032197221
B2049453644126N11906275WA0069500661004003025224249
B2049463644125N11906278WA0069400660004003027258271
B2049473644125N11906283WA0069400659004003027288298
B2049483644129N11906287WA0069300656004003030322317
B2049493644134N11906291WA0069100656004003030346339
B2049503644139N11906291WA0069000656004003030032348
B2049513644142N11906288WA0068800657004003027042008
B2049523644144N11906285WA0068700656004003023015008
B2049533644146N11906284WA0068600654004003015338340
B2049543644148N11906286WA0068500652004003018286307
B2049553644146N11906294WA0068400647004003018249273
B2049563644143N11906300WA0068300647004003036214245
B2049573644137N11906304WA0068000648004003038199219
B2049583644132N11906306WA0067700649004003038198217
B2049593644129N11906308WA0067300647004003028214219
B2050003644126N11906310WA0067200646004003023255233
B2050013644126N11906314WA0067200645004003032268267
B2050023644126N11906320WA0067100643004003032271277
B2050033644126N11906326WA0067000642004003030284277
B2050043644127N11906330WA0066700641004003026293286
B2050053644129N11906333WA0066500640004003020297292
B2050063644130N11906337WA0066500638004003020286292
B2050073644131N11906340WA0066400636004003020283302
B2050083644131N11906343WA0066400635004003018307333
B2050093644132N11906344WA0066300635004003007294333
B2050103644133N11906345WA0066200635004003007263311
B2050113644133N11906345WA0066200635004003003022296
B2050123644133N11906344WA0066200634004003002070337
B2050133644134N11906344WA0066200634004003001070322
B2050143644134N11906344WA0066200634004003000070312
B2050153644134N11906344WA0066200633004003000070306
B2050163644134N11906344WA0066200632004003001070303
B2050173644134N11906344WA0066200632004003000070307
B2050183644134N11906344WA0066200631004003000070302
B2050193644134N11906344WA0066200631004003000070302
B2050203644134N11906343WA0066200630004003000070301
B2050213644134N11906343WA0066200630004003000070303
B2050223644134N11906343WA0066200629004003001070303
B2050233644134N11906343WA0066200629004003000070312
B2050243644133N11906343WA0066200629004003000070306
B2050253644133N11906343WA0066200628004003000070305
B2050263644133N11906343WA0066200628004003000070305
B2050273644134N11906342WA0066200628004003000070304
B2050283644134N11906342WA0066200628004003001032305
B2050293644134N11906342WA0066200628004003002026318
B2050303644134N11906341WA0066200627004003002094322
B2050313644135N11906341WA0066200627004003002030321
B2050323644135N11906341WA0066200627004003002030326
B2050333644135N11906341WA0066200627004003001030329
B2050343644135N11906341WA0066200626004003002083326
B2050353644135N11906341WA0066200626004003001083335
B2050363644135N11906341WA0066200626004003000083330
B2050373644135N11906341WA0066200626004003000083321
B2050383644135N11906341WA0066200625004003000083323
B2050393644135N11906341WA0066200625004003000083326
B2050403644135N11906341WA0066200625004003000083326
B2050413644135N11906341WA0066200625004003000083330
GyECAuL9+D7zerCQAuRmgdycwcw06wwW0ypfPLBs6464TCy6t8opjYRku+lPBr4yh
G9KPK3wgrtsjqwdTnIsBoDBN841aFMRd8IM7TMMX6DCin4jPquqWsZtsYuYEyaVXL
GyqQePau8C61/iK2fM5xXVVttweqOnrkXEb8ciYRDlik=

