AXFH000
HFDTE160725
HFPLTPILOT:Scott O’Brien
HFGTYGLIDERTYPE:Ozone SwiftSix
HFDTM100GPSDATUM:WGS84
HFRFWFIRMWAREVERSION:9.2
HFRHWHARDWAREVERSION:iPhone 15
HFFTYFRTYPE:Flyskyhy,9.2
HFGPS:Internal
HFPRSVARIO:Bluetooth vario
HFCCLCOMPETITIONCLASS:Paraglider
HFTZNTIMEZONE:2
HFSITSITE:Wispile-1900 (Saanen- Gstaad),CH
I053638FXA3941VXA4244GSP4547CCO4850HDT
B0931054626223N00717613EA0193101931005010000000130
B0931064626223N00717613EA0193101931005010000000128
B0931074626223N00717613EA0193101931005010000000151
B0931084626223N00717613EA0193101931005010000000153
B0931094626223N00717613EA0193101931005010001145076
B0931104626223N00717613EA0193101931005010000000067
B0931114626223N00717613EA0193101931005010000187081
B0931124626223N00717613EA0193101931005010000000114
B0931134626223N00717613EA0193101931005010000000132
B0931144626223N00717613EA0193101931005010001233164
B0931154626223N00717613EA0193101931005010000000164
B0931164626223N00717613EA0193101931005010001268181
B0931174626223N00717613EA0193101931005010000000180
B0931184626223N00717613EA0193101931005010000000179
B0931194626223N00717613EA0193101931005010000000159
B0931204626223N00717613EA0193101931005010000000138
B0931214626223N00717613EA0193101931005010000000142
B0931224626223N00717613EA0193101931005010000000141
B0931234626223N00717613EA0193101931005010001245165
B0931244626223N00717613EA0193101931005010000000159
B0931254626223N00717613EA0193101931005010000000160
B0931264626223N00717613EA0193101931005010000000159
B0931274626223N00717613EA0193101931005010000000134
B0931284626223N00717613EA0193101931005010000000124
B0931294626223N00717613EA0193101931005010000000131
B0931304626223N00717613EA0193001931005010004060112
B0931314626223N00717615EA0192901931005010008062101
B0931324626224N00717616EA0192901930005010007045106
B0931334626224N00717618EA0192701929005010013059081
B0931344626225N00717621EA0192301928005010015064085
B0931354626225N00717625EA0192001927005010020061082
B0931364626226N00717630EA0191701926005010029067063
B0931374626228N00717637EA0192201925005010033080067
B0931384626228N00717644EA0192101923005010030088073
B0931394626228N00717651EA0192101922005010029090079
B0931404626228N00717658EA0191901920005010030079078
B0931414626228N00717665EA0191901919005010033074072
B0931424626230N00717673EA0191701918005010038059070
B0931434626233N00717680EA0191601917005010035064056
B0931444626235N00717687EA0191501916005010029070058
B0931454626236N00717693EA0191601915005010026062044
B0931464626239N00717697EA0191401915005010026044043
B0931474626242N00717701EA0191301914005010029027031
B0931484626246N00717703EA0191201913005010032011021
B0931494626251N00717704EA0191201913005010032002017
B0931504626256N00717704EA0191001912005010031000022
B0931514626261N00717704EA0190801911005010032006021
B0931524626266N00717705EA0190701910005010035007017
B0931534626271N00717706EA0190601909005010039007023
B0931544626277N00717707EA0190701908005010038003027
B0931554626282N00717708EA0190801907005010033003018
B0931564626286N00717708EA0190801906005010024005018
B0931574626290N00717709EA0190801906005010021007020
B0931584626293N00717710EA0190501906005010025010020
B0931594626297N00717711EA0190401905005010031013021
B0932004626302N00717713EA0190401905005010036014021
B0932014626307N00717715EA0190501904005010033011027
B0932024626312N00717716EA0190601903005010029005021
B0932034626316N00717716EA0190601903005010028357023
B0932044626320N00717716EA0190701903005010029351012
B0932054626324N00717714EA0190801903005010030346013
B0932064626328N00717713EA0190801903005010030343005
B0932074626333N00717711EA0191101904005010028338014
B0932084626336N00717708EA0191301905005010024336010
B0932094626339N00717707EA0191501907005010018341007
B0932104626342N00717706EA0191501908005010017353019
B0932114626344N00717706EA0191501909005010019020029
B0932124626347N00717709EA0191501910005010024047045
B0932134626349N00717714EA0191501911005010030072063
B0932144626349N00717721EA0191601912005010036089082
B0932154626348N00717729EA0191801913005010036116095
B0932164626345N00717735EA0191801915005010039142116
B0932174626339N00717739EA0191701916005010042157137
B0932184626333N00717742EA0191801916005010044169151
B0932194626326N00717743EA0192001917005010048181165
B0932204626319N00717740EA0191901918005010045221178
B0932214626315N00717732EA0192101919005010044241222
B0932224626313N00717723EA0192201920005010044257245
B0932234626312N00717714EA0192201921005010027250264
B0932244626314N00717710EA0192501922010019036343262
B0932254626320N00717708EA0192701923010019032352353
B0932264626325N00717706EA0193001925010019026344351
B0932274626331N00717704EA0193201926010019024329342
B0932284626335N00717701EA0193301927010019025305345
B0932294626338N00717696EA0193501929010019026302348
B0932304626342N00717692EA0193701930010019024324349
B0932314626345N00717690EA0193801932010019026355000
B0932324626349N00717691EA0193801933010019031027022
B0932334626353N00717696EA0194001934005010040052044
B0932344626357N00717704EA0194201935005010045065061
B0932354626358N00717713EA0194301936005010038096071
B0932364626356N00717720EA0194401937005010035126093
B0932374626352N00717726EA0194601939005010040146120
B0932384626346N00717730EA0194501940005010041162143
B0932394626340N00717731EA0194501941005010039185161
B0932404626334N00717728EA0194601942005010041204188
B0932414626328N00717724EA0194801942005010044217212
B0932424626324N00717717EA0195001943005010040243226
B0932434626323N00717708EA0195001944005010037262255
B0932444626324N00717701EA0195001945005010035297274
B0932454626327N00717695EA0195101946010019039326307
B0932464626333N00717691EA0195301947005010039346331
B0932474626339N00717690EA0195601948005010038355349
B0932484626344N00717690EA0195901949005010035005357
B0932494626349N00717691EA0196101950005010030017005
B0932504626353N00717694EA0196001951005010029028015
B0932514626357N00717697EA0195901952005010028037026
B0932524626361N00717701EA0195801953005010037034028
B0932534626365N00717706EA0196001954005010040033017
B0932554626370N00717710EA0196301954005010036032005
B0932564626375N00717713EA0196401955005010031007002
B0932574626379N00717712EA0196301956005010025322344
B0932584626381N00717707EA0196201956005010025298309
B0932594626382N00717701EA0196501957005010035270289
B0933004626380N00717692EA0196501957005010043236264
B0933014626376N00717685EA0196801958005010038219234
B0933024626370N00717682EA0196901958005010038192218
B0933034626365N00717681EA0197101959005010034170197
B0933044626360N00717682EA0197001960005010033165169
B0933054626355N00717684EA0196901961005010031176169
B0933064626349N00717684EA0196901961005010037179160
B0933074626343N00717684EA0197201962005010042174165
B0933084626338N00717686EA0197501964005010037164163
B0933094626332N00717688EA0197601965005010036164173
B0933104626327N00717690EA0197501967005010026158168
B0933114626324N00717693EA0197201969005010023154142
B0933124626321N00717695EA0197101971005010030149121
B0933134626317N00717700EA0197001971005010036136101
B0933144626314N00717707EA0196701971005010044114086
B0933154626313N00717716EA0196701970005010046091073
B0933164626314N00717726EA0196801970005010049069056
B0933174626318N00717734EA0196901969005010044033042
B0933184626324N00717737EA0197001969005010039011018
B0933194626330N00717738EA0197101970005010034004003
B0933204626335N00717738EA0197101970005010029355355
B0933214626340N00717736EA0197101971005010029352346
B0933224626344N00717735EA0197101971005010028351345
B0933234626348N00717734EA0197101971005010027346339
B0933244626352N00717732EA0197101972005010028339341
B0933254626356N00717729EA0197201972005010036332323
B0933264626361N00717724EA0197401972005010040326321
B0933274626366N00717719EA0197601972005010036320295
B0933284626369N00717714EA0197701972005010034317294
B0933294626372N00717710EA0197801973005010020308310
B0933304626374N00717706EA0197701974005010019310290
B0933314626375N00717703EA0197501974005010017296299
B0933324626376N00717699EA0197501974005010024291290
B0933334626378N00717694EA0197601974005010031287300
B0933344626379N00717687EA0197801975005010036280278
B0933354626379N00717679EA0198001975005010036278247
B0933364626379N00717672EA0198001976005010026271221
B0933374626379N00717667EA0198001977005010024261235
B0933384626378N00717662EA0197701978005010024251225
B0933394626376N00717658EA0197701979005010026215229
B0933404626371N00717656EA0197701979005010033184203
B0933414626365N00717658EA0198001980005010033178180
B0933424626360N00717660EA0198101981005010031172170
B0933434626355N00717662EA0198101982005010029164165
B0933444626351N00717665EA0198001983005010026142158
B0933454626348N00717671EA0197901983005010035116136
B0933464626347N00717679EA0197701984005010042092105
B0933474626348N00717689EA0197901984005010046071081
B0933484626351N00717697EA0198001984005010044045059
B0933494626362N00717701EA0198001985010019031343033
B0933504626365N00717696EA0197901985005010035291334
B0933514626367N00717688EA0197901985005010037272290
B0933524626366N00717680EA0198101985005010033261273
B0933534626364N00717673EA0198101986005010032238263
B0933544626362N00717668EA0198201986005010027224242
B0933554626358N00717665EA0198101986005010026193231
B0933564626354N00717665EA0197901986005010031173202
B0933574626349N00717668EA0197801985005010034137180
B0933584626346N00717675EA0197701985005010039119140
B0933594626344N00717683EA0197801984005010040105114
B0934004626343N00717692EA0197801984005010040092100
B0934014626343N00717700EA0198001984005010036085087
B0934024626344N00717708EA0198001984005010034080076
B0934034626345N00717715EA0197901984005010032076066
B0934044626347N00717722EA0197701984005010033068055
B0934054626350N00717729EA0197701983005010038050046
B0934064626354N00717734EA0197601983005010039023029
B0934074626360N00717735EA0197501983005010042356005
B0934084626367N00717732EA0197601982005010042334343
B0934094626372N00717727EA0197801981005010039318320
B0934104626376N00717721EA0197901981005010033304308
B0934114626377N00717714EA0197901980005010027292293
B0934124626378N00717708EA0197701980005010026282283
B0934134626378N00717702EA0197601979005010029272281
B0934144626378N00717694EA0197401979005010037273280
B0934154626379N00717686EA0197401978005010039272278
B0934164626379N00717678EA0197601977005010033274290
B0934174626380N00717671EA0197601977005010033286291
B0934184626381N00717665EA0197601977005010034293301
B0934194626384N00717658EA0197701977005010035296304
B0934204626386N00717651EA0197801976005010035299312
B0934214626388N00717645EA0198001977005010033297321
B0934224626391N00717638EA0198201977005010033297319
B0934234626393N00717633EA0198301977005010028302325
B0934244626395N00717628EA0198401978005010024315332
B0934254626398N00717625EA0198301978005010025329335
B0934264626402N00717624EA0198301978005010028358349
B0934274626407N00717625EA0198401978005010038020016
B0934284626412N00717630EA0198501979005010044040034
B0934294626417N00717637EA0198701979005010046051054
B0934304626420N00717645EA0198801980005010035062065
B0934314626420N00717651EA0199101980005010028124071
B0934324626418N00717656EA0199301981005010027127138
B0934334626415N00717660EA0199401981005010026152141
B0934344626411N00717662EA0199301982005010028158166
B0934354626406N00717664EA0199401983005010030160178
B0934364626400N00717666EA0199501984005010031169184
B0934374626394N00717667EA0199601985005010029185193
B0934384626389N00717665EA0199601985005010029210207
B0934394626385N00717661EA0199701986005010033229228
B0934404626382N00717655EA0199801987005010035242241
B0934414626380N00717648EA0200001988005010034255253
B0934424626379N00717640EA0200001989005010031273265
B0934434626380N00717634EA0200001990005010030294277
B0934444626383N00717628EA0200101991005010032321296
B0934454626387N00717625EA0200401991005010034344319
B0934464626392N00717625EA0200701993005010034008341
B0934474626397N00717627EA0200901994005010030031004
B0934484626400N00717631EA0200901996005010027048028
B0934494626403N00717636EA0201001997005010030058046
B0934504626405N00717643EA0201201998005010035064058
B0934514626407N00717650EA0201401999005010036066066
B0934524626408N00717657EA0201502001005010030103068
B0934534626406N00717663EA0201602002005010031121110
B0934544626403N00717667EA0201702003005010029145129
B0934564626399N00717670EA0201902004005010026163154
B0934574626392N00717672EA0202002007005010021173183
B0934594626388N00717673EA0202102009005010020180189
B0935004626381N00717668EA0202602011005010029220210
B0935024626378N00717662EA0202702013005010026256226
B0935034626378N00717656EA0202702014005010024258255
B0935044626377N00717651EA0202802016005010024266258
B0935054626377N00717645EA0202902017005010025277264
B0935064626378N00717639EA0202902019005010021288274
B0935074626379N00717635EA0202902020005010018296283
B0935084626381N00717631EA0203002021005010018309288
B0935094626383N00717628EA0203302023005010018315295
B0935104626386N00717626EA0203602024005010018324301
B0935114626388N00717625EA0203802025005010013328309
B0935124626390N00717623EA0204002026005010012317309
B0935134626392N00717624EA0204202026010019010352298
B0935144626394N00717625EA0204202026010019010356327
B0935154626395N00717627EA0204302026010019008004330
B0935164626397N00717628EA0204302026010019006339333
B0935174626398N00717629EA0204402026010019006299297
B0935184626398N00717628EA0204702026010019008286274
B0935194626399N00717628EA0204802026010019012281269
B0935204626395N00717627EA0204902026010019015241270
B0935214626390N00717626EA0204702026010019019223244
B0935224626389N00717624EA0204502026010019019222240
B0935234626387N00717622EA0204402026010019019223237
B0935244626385N00717621EA0204302026005010019227239
B0935254626381N00717619EA0204202027005010020261241
B0935264626380N00717617EA0204102027005010023282264
B0935274626380N00717615EA0204102027005010023301279
B0935284626381N00717613EA0204002028005010023308293
B0935294626384N00717610EA0203902028005010023310291
B0935304626386N00717607EA0203702028005010024308284
B0935314626387N00717604EA0203602028005010025304283
B0935324626388N00717600EA0203402029005010024286281
B0935334626387N00717597EA0203302029005010023258268
B0935344626386N00717593EA0203202029005010022253247
B0935354626384N00717589EA0203102029005010021245243
B0935364626382N00717585EA0203002029005010021234240
B0935374626376N00717585EA0202802030005010023215237
B0935384626372N00717584EA0202702029005010024217216
B0935394626367N00717581EA0202502029005010025223228
B0935404626363N00717578EA0202402029005010027223210
B0935414626360N00717575EA0202402030005010026220230
B0935424626356N00717572EA0202202029005010024217239
B0935434626353N00717569EA0202002029005010022221266
B0935444626351N00717567EA0201702028005010022226274
B0935454626349N00717563EA0201402028005010020239279
B0935464626348N00717559EA0201202027005010025257290
B0935474626347N00717554EA0201002027005010025262295
B0935484626347N00717550EA0200902027005010014264291
B0935494626347N00717548EA0200802026005010003302283
B0935504626348N00717548EA0200602026005010006025280
B0935514626350N00717549EA0200402025005010012028333
B0935524626353N00717551EA0200302023005010022029012
B0935534626358N00717555EA0200102022005010030027027
B0935544626365N00717558EA0200102021005010044020026
B0935554626372N00717562EA0200002020005010044023028
B0935564626378N00717567EA0199902019005010046024041
B0935574626385N00717571EA0199902019005010045024024
B0935584626394N00717575EA0199702019005010042024039
B0935594626402N00717578EA0199702019005010039020031
B0936004626409N00717581EA0199602019005010038019028
B0936014626417N00717584EA0199502018005010042026024
B0936024626426N00717589EA0199602017005010046034035
B0936034626434N00717595EA0199802016005010048032015
B0936044626443N00717601EA0199902016005010046028031
B0936054626450N00717606EA0200102016005010044025037
B0936064626457N00717611EA0200302016005010041031038
B0936074626463N00717617EA0200602016005010041036048
B0936084626468N00717623EA0200902016005010043041037
B0936094626474N00717630EA0201202017005010043041054
B0936104626479N00717636EA0201402017005010038041048
B0936114626483N00717642EA0201602017005010036044066
B0936124626487N00717648EA0201702018005010038048097
B0936134626491N00717655EA0201902018005010039057102
B0936144626494N00717663EA0202102019005010035068112
B0936154626495N00717670EA0202402019005010030081122
B0936164626495N00717676EA0202702019005010025087134
B0936174626495N00717681EA0202902020005010020098139
B0936184626491N00717685EA0203102021005010020122148
B0936194626488N00717689EA0203402022005010019123168
B0936204626486N00717692EA0203702023005010014109114
B0936214626485N00717695EA0204002023005010014080113
B0936224626486N00717697EA0204202024010019013061082
B0936234626487N00717700EA0204402024010019014047058
B0936244626489N00717701EA0204602024010019013027039
B0936254626491N00717701EA0204802024010019013010018
B0936264626493N00717699EA0205002024005010021044002
B0936274626497N00717699EA0205502024005010035039052
B0936284626500N00717701EA0205902025005010039048048
B0936294626504N00717707EA0206102025005010037051058
B0936304626506N00717709EA0206402025010019029047059
B0936314626509N00717710EA0206702025010019027045053
B0936324626510N00717711EA0206902025010019021042050
B0936334626512N00717713EA0207102025010019018046046
B0936344626512N00717714EA0207202026010019014054037
B0936354626506N00717715EA0207102027010019010109053
B0936364626502N00717715EA0207102027010019005129148
B0936374626500N00717715EA0207402027005010004183186
B0936384626500N00717715EA0207702027010019003190212
B0936394626499N00717713EA0208002027010019006222212
B0936404626499N00717710EA0208202028010019007245226
B0936414626499N00717709EA0208402028010019006082236
B0936424626499N00717708EA0208702028010019011088157
B0936434626501N00717708EA0209002029010019016063121
B0936444626502N00717708EA0209202029010019020057086
B0936454626503N00717710EA0209502029010019029073074
B0936464626504N00717716EA0209802029010019030089089
B0936474626504N00717722EA0210102030010019029091104
B0936484626504N00717727EA0210202030005010026110107
B0936494626503N00717732EA0210302030005010026112128
B0936504626502N00717737EA0210402030005010025120130
B0936514626500N00717742EA0210502030005010023127138
B0936524626499N00717745EA0210802031005010020129145
B0936534626497N00717748EA0210802031005010012132150
B0936544626496N00717746EA0211002031005010001163162
B0936554626496N00717746EA0211202031005010003268161
B0936574626497N00717737EA0211802031005010018327157
B0936584626500N00717734EA0212002031005010021330308
B0936594626503N00717731EA0212302031005010021347314
B0937004626507N00717730EA0212602032005010026000332
B0937014626511N00717729EA0212802032005010022009349
B0937024626515N00717730EA0212902032005010020022358
B0937034626516N00717725EA0213102034010019024049012
B0937044626517N00717724EA0213202035010019022063051
B0937054626517N00717726EA0213402035010019018088070
B0937064626518N00717729EA0213302036010019020117105
B0937074626517N00717732EA0213302037010019023133135
B0937084626515N00717734EA0213402037010019018148148
B0937094626512N00717736EA0213502037005010016157166
B0937104626510N00717736EA0213802037005010008150175
B0937114626509N00717735EA0214002037005010002111182
B0937124626509N00717735EA0214302037005010004312182
B0937134626510N00717730EA0214302037005010012311231
B0937144626513N00717724EA0214302038005010020326266
B0937154626516N00717719EA0214002039005010023331295
B0937164626521N00717715EA0213902040005010025335305
B0937174626524N00717713EA0213702041005010026341312
B0937184626528N00717710EA0213602042005010028351320
B0937194626533N00717710EA0213802043005010029002335
B0937204626537N00717712EA0213902044005010027018349
B0937214626540N00717712EA0214102045005010030035009
B0937224626543N00717714EA0214302047005010035051035
B0937234626546N00717718EA0214602048005010033057055
B0937244626547N00717722EA0214602049005010028065064
B0937254626549N00717725EA0214702051005010019080077
B0937264626549N00717729EA0214902051005010019079104
B0937274626549N00717732EA0215102051005010016086104
B0937284626549N00717735EA0215302051005010011095118
B0937294626547N00717737EA0215602052005010013142142
B0937304626545N00717738EA0215702053005010014159172
B0937314626542N00717737EA0215702054005010016172183
B0937324626539N00717736EA0215702056005010020173185
B0937334626535N00717734EA0215702057005010024172188
B0937344626531N00717733EA0215702058005010025172202
B0937354626527N00717733EA0215602060005010024174208
B0937364626522N00717733EA0215702061005010022186209
B0937374626518N00717731EA0215602062005010022204222
B0937384626515N00717728EA0215802062005010024226233
B0937394626512N00717723EA0215902063005010025229244
B0937404626510N00717717EA0215802063005010019245241
B0937414626509N00717712EA0215802065005010020287249
B0937424626511N00717709EA0215802066005010026304274
B0937434626513N00717705EA0215702067005010026308290
B0937444626516N00717700EA0215602067005010028306306
B0937454626519N00717695EA0215502067005010033305302
B0937464626523N00717689EA0215502068005010036312312
B0937474626527N00717684EA0215502070005010036321317
B0937484626532N00717679EA0215502070005010033325318
B0937494626536N00717675EA0215402072005010032329325
B0937504626540N00717672EA0215302073005010033332325
B0937514626545N00717670EA0215202075005010035341331
B0937524626550N00717669EA0215102077005010039347312
B0937534626556N00717665EA0214902078005010038344307
B0937544626561N00717663EA0214802078005010033335303
B0937554626565N00717657EA0214502079005010038319294
B0937564626569N00717650EA0214302081005010036316282
B0937574626573N00717645EA0214402081005010033318282
B0937584626573N00717641EA0214402082005010021212287
B0937594626571N00717638EA0214302083005010019212204
B0938004626569N00717636EA0214202085005010018192200
B0938014626566N00717634EA0214002086005010020184189
B0938024626563N00717633EA0213902086005010021184178
B0938034626560N00717632EA0213902087005010022178182
B0938044626556N00717632EA0213802088005010022171179
B0938054626552N00717632EA0213802090005010022166187
B0938064626548N00717632EA0213802090005010023163180
B0938074626545N00717633EA0213602091005010024167182
B0938084626541N00717634EA0213502091005010024177170
B0938094626537N00717633EA0213402092005010023183180
B0938104626534N00717633EA0213302093005010024182181
B0938114626530N00717632EA0213202093005010025180158
B0938124626525N00717632EA0213102093005010029179177
B0938134626520N00717632EA0213002093005010034179181
B0938144626514N00717632EA0213202096005010033182187
B0938154626509N00717632EA0213302098005010032183198
B0938164626503N00717632EA0213402101005010029192193
B0938174626497N00717630EA0213502105005010029193185
B0938184626492N00717629EA0213702108005010031193197
B0938194626486N00717628EA0213702110005010032194190
B0938204626481N00717626EA0214002113005010034194164
B0938214626475N00717625EA0214302114005010029191185
B0938224626471N00717624EA0214402115005010029190162
B0938234626468N00717625EA0214502116005010017141175
B0938244626466N00717627EA0214402117005010017142180
B0938254626464N00717630EA0214402118005010018153183
B0938264626461N00717631EA0214302120005010021166187
B0938274626457N00717632EA0214302121005010025173181
B0938284626453N00717633EA0214502122005010025176181
B0938294626449N00717633EA0214602124005010027172181
B0938304626445N00717634EA0214702125005010027170191
B0938314626440N00717636EA0214602128005010029171192
B0938324626436N00717636EA0214602132005010028177189
B0938334626432N00717636EA0214502133005010026180190
B0938344626428N00717636EA0214402134005010025179188
B0938354626424N00717636EA0214302135005010024176200
B0938364626421N00717636EA0214002136005010025173203
B0938374626417N00717636EA0213802137005010027182196
B0938384626413N00717635EA0213602138005010030185192
B0938394626408N00717635EA0213602138005010033184196
B0938404626404N00717634EA0213602138005010028187205
B0938414626400N00717632EA0213502137005010023200201
B0938424626397N00717630EA0213502137005010021213201
B0938434626394N00717628EA0213402137005010022211198
B0938444626391N00717625EA0213202137005010026201194
B0938454626387N00717623EA0213002137005010029189191
B0938464626383N00717623EA0213002136005010030184199
B0938474626378N00717622EA0213002136005010029181195
B0938484626374N00717622EA0213002136005010025178186
B0938494626371N00717622EA0212902136005010024179187
B0938504626367N00717622EA0212902135005010025180192
B0938514626363N00717622EA0212902135005010027184198
B0938524626359N00717621EA0212902135005010028189205
B0938534626356N00717620EA0212902135005010024203205
B0938544626353N00717617EA0213002135005010020212186
B0938554626350N00717615EA0213102135005010018214191
B0938564626348N00717613EA0213102136005010018201182
B0938574626345N00717612EA0213102136005010019182169
B0938584626342N00717612EA0213202136005010020169185
B0938594626340N00717613EA0213202137005010018165190
B0939004626337N00717614EA0213202137005010018165193
B0939014626334N00717616EA0213202138005010019164199
B0939024626331N00717617EA0213102138005010021164190
B0939034626328N00717618EA0212902138005010024170188
B0939044626324N00717619EA0213002138005010026176180
B0939054626321N00717619EA0212902138005010026174177
B0939064626317N00717620EA0212902138005010024169185
B0939074626313N00717621EA0213002139005010023168186
B0939084626310N00717621EA0212902139005010024171190
B0939094626306N00717622EA0212702139005010025177180
B0939104626302N00717622EA0212802139005010026177181
B0939114626298N00717622EA0212702139005010027175194
B0939124626294N00717622EA0212702138005010027181210
B0939134626290N00717622EA0212502138005010026194206
B0939144626287N00717620EA0212502138005010027197203
B0939154626283N00717619EA0212402138005010029184193
B0939164626278N00717619EA0212402137005010031167193
B0939174626274N00717621EA0212302137005010030155199
B0939184626270N00717624EA0212202136005010026157190
B0939194626267N00717625EA0212002135005010025165189
B0939204626263N00717626EA0212002134005010028177185
B0939214626259N00717626EA0212002133005010029183193
B0939224626255N00717626EA0212002133005010027184195
B0939234626251N00717625EA0212002132005010022180203
B0939244626248N00717625EA0212002131005010021179197
B0939254626245N00717625EA0211902130005010021182199
B0939264626241N00717625EA0211802129005010023189202
B0939274626238N00717624EA0211802128005010023193206
B0939284626235N00717622EA0211802128005010022203224
B0939294626232N00717619EA0211602127005010020228231
B0939304626231N00717615EA0211502126005010025263238
B0939314626231N00717609EA0211402126005010031279257
B0939324626232N00717602EA0211402125005010032288268
B0939334626234N00717596EA0211402124005010028290265
B0939344626235N00717590EA0211302124005010026288261
B0939354626236N00717585EA0211202123005010025285249
B0939364626237N00717580EA0211002123005010025273245
B0939374626236N00717574EA0210802122005010027251235
B0939384626234N00717569EA0210602121005010030224221
B0939394626230N00717566EA0210502120005010031201202
B0939404626226N00717565EA0210602119005010029187188
B0939414626221N00717565EA0210702117005010023173179
B0939424626218N00717566EA0210702117005010024165174
B0939434626215N00717568EA0210602116005010023157164
B0939444626212N00717570EA0210402115005010024154167
B0939454626209N00717572EA0210302114005010025155165
B0939464626205N00717574EA0210202113005010024160172
B0939474626202N00717576EA0210102112005010021168171
B0939484626199N00717576EA0210002111005010020175169
B0939494626196N00717577EA0209902110005010023173169
B0939504626193N00717578EA0209802109005010026168164
B0939514626189N00717579EA0209702108005010027159161
B0939524626185N00717582EA0209702107005010026152173
B0939534626182N00717585EA0209602106005010025150162
B0939544626179N00717587EA0209702105005010024152165
B0939554626176N00717590EA0209702104005010024160168
B0939564626172N00717591EA0209702104005010025165164
B0939574626168N00717593EA0209802103005010025170184
B0939584626165N00717594EA0210002103005010026171193
B0939594626161N00717594EA0210002102005010025175208
B0940004626157N00717594EA0209802102005010023191224
B0940014626155N00717592EA0209502102005010024223238
B0940024626152N00717587EA0209302101005010027239256
B0940034626151N00717581EA0209202101005010032272267
B0940044626152N00717574EA0209002101005010036290288
B0940054626156N00717566EA0209002101005010042311301
B0940064626161N00717560EA0209102101005010042339317
B0940074626168N00717558EA0209002100005010039356342
B0940084626174N00717558EA0208802100005010040359003
B0940094626181N00717559EA0208602099005010042005009
B0940104626188N00717560EA0208302097005010048008010
B0940114626195N00717561EA0208102095005010052008016
B0940124626203N00717563EA0208102094005010052004015
B0940134626211N00717564EA0208102092005010050005011
B0940144626219N00717565EA0208002090005010044007015
B0940154626225N00717567EA0207902089005010044006006
B0940164626232N00717568EA0207702087005010045007002
B0940174626239N00717570EA0207502085005010049006353
B0940184626246N00717571EA0207602083005010049005356
B0940194626253N00717572EA0207702082005010044003333
B0940204626260N00717572EA0207702081005010038355325
B0940214626265N00717571EA0207602081005010033343322
B0940224626269N00717568EA0207502080005010032332319
B0940234626274N00717564EA0207202079005010033328317
B0940244626278N00717561EA0207102078005010036331320
B0940254626283N00717557EA0207002077005010036335325
B0940264626288N00717554EA0206802075005010036338330
B0940274626293N00717551EA0206702074005010039338331
B0940284626298N00717548EA0206602073005010041338333
B0940294626304N00717545EA0206402071005010042337326
B0940304626310N00717541EA0206302070005010041338339
B0940314626315N00717538EA0206302069005010040341341
B0940324626321N00717536EA0206202068005010040344322
B0940334626327N00717534EA0206302067005010037345315
B0940344626332N00717532EA0206102066005010034341322
B0940354626337N00717529EA0206002065005010033337321
B0940364626341N00717527EA0205802064005010036338331
B0940374626347N00717524EA0205602063005010039342339
B0940384626352N00717522EA0205602061005010041348344
B0940394626359N00717520EA0205502060005010042352341
B0940404626365N00717519EA0205402059005010041355345
B0940414626371N00717519EA0205302058005010039357345
B0940424626376N00717519EA0205202057005010039358342
B0940434626382N00717518EA0205002056005010041357341
B0940444626389N00717518EA0204802054005010044356356
B0940454626395N00717517EA0204702053005010045355344
B0940464626402N00717517EA0204702051005010045357002
B0940474626409N00717516EA0204602050005010043359003
B0940484626415N00717517EA0204502049005010043003019
B0940494626422N00717518EA0204402048005010045011032
B0940504626428N00717520EA0204102047005010046014048
B0940514626435N00717524EA0204002046005010047026051
B0940524626441N00717529EA0203902044005010049039054
B0940534626446N00717537EA0203802043005010047049067
B0940544626450N00717545EA0203602042005010045056073
B0940554626453N00717553EA0203602041005010043061078
B0940564626456N00717561EA0203402040005010041065079
B0940574626458N00717570EA0203302038005010041065071
B0940584626461N00717578EA0203102037005010043063059
B0940594626464N00717586EA0203002036005010043060048
B0941004626467N00717594EA0202902035005010044053048
B0941014626471N00717602EA0202702034005010044047042
B0941024626476N00717608EA0202502032005010045039037
B0941034626482N00717615EA0202202031005010046037029
B0941044626488N00717621EA0202202029005010048033025
B0941054626494N00717626EA0202102028005010050028022
B0941064626501N00717631EA0202202026005010051026026
B0941074626508N00717635EA0202602025005010049022031
B0941084626515N00717639EA0202702024005010045023045
B0941094626520N00717643EA0202702023005010037029058
B0941104626525N00717648EA0202602022005010035038068
B0941114626529N00717653EA0202402021005010038048074
B0941124626532N00717660EA0202502019005010040057095
B0941134626535N00717667EA0202302018005010038071093
B0941144626536N00717675EA0202302017005010036090113
B0941154626535N00717683EA0202202015005010037104119
B0941164626533N00717691EA0202302014005010035118131
B0941174626530N00717697EA0202302013005010037132143
B0941184626525N00717702EA0202202012005010037141153
B0941194626521N00717707EA0202202011005010036144162
B0941204626517N00717711EA0202002010005010027148166
B0941214626513N00717714EA0201902009005010021154171
B0941224626510N00717715EA0201802007005010019166176
B0941234626508N00717715EA0201702006005010016174183
B0941244626506N00717714EA0201702006010019011164187
B0941254626506N00717713EA0201502006010019005198183
B0941264626507N00717711EA0201402006010019008284196
B0941274626510N00717706EA0201402005010019011304235
B0941284626512N00717702EA0201402004010019011323255
B0941294626514N00717700EA0201502003010019010356264
B0941304626516N00717700EA0201702002010019013017266
B0941314626519N00717700EA0201702000010019015023355
B0941324626524N00717700EA0201701999005010017013017
B0941334626527N00717700EA0201601997005010019007353
B0941344626531N00717699EA0201701995005010021003345
B0941354626536N00717699EA0201701994005010022359354
B0941364626540N00717698EA0201801992005010022359350
B0941374626544N00717698EA0201901990005010022006347
B0941384626548N00717699EA0202101989005010022012350
B0941394626551N00717700EA0202101988005010022016355
B0941404626555N00717701EA0202301986005010022020359
B0941414626558N00717703EA0202401985005010023028003
B0941424626561N00717705EA0202601983005010021028015
B0941434626566N00717706EA0202701982005010018027000
B0941444626570N00717707EA0202701980005010021018351
B0941454626574N00717708EA0202701979005010023006337
B0941464626579N00717708EA0202601978005010026348318
B0941474626583N00717706EA0202701977005010029329299
B0941484626587N00717701EA0202701975005010035312277
B0941494626591N00717695EA0202901974005010035310269
B0941504626594N00717690EA0203201974005010034310263
B0941514626598N00717684EA0203501973005010032311261
B0941524626600N00717678EA0203701972005010035303269
B0941534626602N00717671EA0203901973005010030297265
B0941544626603N00717664EA0204101973005010025291264
B0941554626604N00717659EA0204201973005010021284257
B0941564626617N00717654EA0204401980005010018250251
B0941574626618N00717651EA0204501981005010021214228
B0941584626621N00717649EA0204701985005010020192207
B0941594626620N00717648EA0204801986005010019180194
B0942004626619N00717649EA0205001987005010014165214
B0942014626619N00717650EA0205401987005010015148206
B0942024626617N00717653EA0205501987005010012148191
B0942034626616N00717655EA0205601988005010009145194
B0942044626614N00717656EA0206101988005010005178199
B0942054626613N00717657EA0206401989005010007226219
B0942064626613N00717656EA0206401989005010011267232
B0942074626613N00717654EA0206601990005010017274249
B0942084626613N00717651EA0206701990005010020273244
B0942094626612N00717647EA0206901991005010024262248
B0942104626612N00717643EA0207001991005010021251240
B0942114626611N00717640EA0207101991005010017249231
B0942124626610N00717637EA0207101992005010012239233
B0942134626607N00717637EA0207001993005010011209227
B0942144626601N00717640EA0207101993005010016180214
B0942154626596N00717643EA0207201994005010019170195
B0942164626592N00717645EA0207201995005010020158186
B0942174626588N00717650EA0207101996005010028124176
B0942184626586N00717657EA0207001996005010036095141
B0942194626586N00717666EA0207101996005010041088105
B0942204626587N00717676EA0207201996005010043080094
B0942214626589N00717684EA0207201997005010036069083
B0942224626591N00717691EA0207201997005010033058071
B0942234626594N00717696EA0207401997005010027041056
B0942244626597N00717700EA0207401997005010026030030
B0942254626600N00717702EA0207801997005010024029013
B0942264626618N00717704EA0207802001005010014341010
B0942274626627N00717700EA0208002003005010022276300
B0942284626633N00717694EA0207902005005010020267264
B0942294626632N00717687EA0207802005005010013249257
B0942304626637N00717684EA0207702006010019011247243
B0942314626636N00717680EA0207602007005010015237241
B0942324626634N00717677EA0207702008005010017226236
B0942334626632N00717674EA0207802008005010020215229
B0942344626629N00717671EA0208002008005010025206222
B0942354626628N00717671EA0208102011005010021165214
B0942364626625N00717672EA0208002012005010023152185
B0942374626621N00717673EA0207902012005010025151179
B0942384626618N00717676EA0207902012005010024144185
B0942394626622N00717679EA0207902014005010022148188
B0942404626622N00717681EA0207902014005010019183189
B0942414626623N00717679EA0208002016005010014219212
B0942424626622N00717676EA0207902016005010015223231
B0942444626623N00717672EA0207802018005010015244234
B0942454626625N00717665EA0207702020005010023251224
B0942474626630N00717660EA0207902022005010024247226
B0942484626631N00717651EA0208002028005010019221226
B0942494626630N00717647EA0208102030005010020207233
B0942504626626N00717646EA0208402030005010019196194
B0942514626624N00717644EA0208602032005010019193183
B0942534626621N00717643EA0208702033005010016188178
B0942544626616N00717647EA0208502039005010024129164
B0942554626615N00717653EA0208602042005010034112130
B0942564626615N00717661EA0208602043005010045091106
B0942574626616N00717671EA0208602045005010050072082
B0942584626619N00717681EA0208602046005010053053060
B0942594626625N00717688EA0208602047005010052031039
B0943004626633N00717692EA0208602048005010052007015
B0943014626641N00717692EA0208602049005010049346350
B0943024626648N00717688EA0208602050005010047335328
B0943034626654N00717683EA0208702051005010046325318
B0943044626658N00717675EA0208902052005010039308308
B0943054626660N00717668EA0209002053005010024291292
B0943064626661N00717664EA0209002054005010013276273
B0943074626660N00717661EA0209102055005010014201257
B0943084626658N00717660EA0209202056005010016187215
B0943094626655N00717660EA0209102057005010019179203
B0943104626652N00717661EA0209202059005010022162196
B0943114626648N00717664EA0209302060005010026146182
B0943124626644N00717668EA0209402062005010029133167
B0943134626641N00717674EA0209502063005010031121152
B0943154626638N00717678EA0209502065005010030121147
B0943174626632N00717688EA0209502068005010030118156
B0943184626629N00717693EA0209502069005010031122157
B0943204626621N00717705EA0209602071005010034137163
B0943224626614N00717715EA0209702073005010032135170
B0943244626607N00717724EA0209802074005010027139186
B0943254626604N00717727EA0209802075005010024145191
B0943264626598N00717732EA0209702076005010020155203
B0943284626596N00717733EA0209502077005010017168201
B0943294626593N00717733EA0209302078005010015190209
B0943304626591N00717732EA0209202079005010017201213
B0943314626589N00717730EA0209002079005010020200218
B0943324626586N00717729EA0208802080005010022196221
B0943334626583N00717727EA0208602080005010021198223
B0943344626580N00717724EA0208302081005010020207227
B0943354626577N00717721EA0208102081005010024215210
B0943364626574N00717718EA0208002082005010028214214
B0943374626571N00717714EA0207702081005010027215227
B0943384626568N00717710EA0207602081005010025223226
B0943394626566N00717705EA0207302080005010025235234
B0943404626564N00717700EA0207202079005010029237223
B0943414626561N00717694EA0207102078005010029234225
B0943424626559N00717689EA0207002077005010028228230
B0943434626556N00717684EA0206902075005010026231234
B0943444626554N00717680EA0206802074005010024239233
B0943454626552N00717675EA0206702073005010025244231
B0943464626550N00717670EA0206402072005010027243217
B0943474626548N00717665EA0206402071005010028235218
B0943484626546N00717660EA0206302069005010027227222
B0943494626543N00717656EA0206102068005010025224228
B0943504626541N00717652EA0205902067005010024229220
B0943514626538N00717648EA0205702065005010025229219
B0943524626536N00717644EA0205702064005010027223224
B0943534626532N00717640EA0205602063005010029221229
B0943544626529N00717636EA0205702062005010028224218
B0943554626526N00717631EA0205602061005010028225209
B0943564626523N00717627EA0205602060005010024220212
B0943574626521N00717624EA0205502060005010024212215
B0943584626517N00717622EA0205202059005010025211215
B0943594626514N00717619EA0205102058005010025215210
B0944004626511N00717615EA0204902057005010030219199
B0944014626507N00717611EA0204902056005010029212190
B0944024626504N00717608EA0204802055005010027203207
B0944034626500N00717605EA0204602054005010026204199
B0944044626497N00717603EA0204502053005010026212198
B0944054626493N00717599EA0204502052005010028215203
B0944064626490N00717596EA0204302051005010029212201
B0944074626486N00717593EA0204202050005010032208207
B0944084626481N00717589EA0204102048005010034212200
B0944094626477N00717585EA0204102047005010036214195
B0944104626473N00717581EA0204302046005010031208211
B0944114626469N00717578EA0204302045005010026202210
B0944124626465N00717576EA0204202045005010026202206
B0944134626462N00717574EA0204202046005010024207191
B0944144626459N00717572EA0204302045005010023205197
B0944154626456N00717570EA0204202045005010020203192
B0944164626453N00717569EA0204002045005010018199202
B0944174626451N00717567EA0203802045005010014206201
B0944184626448N00717566EA0203702045005010026200196
B0944194626444N00717564EA0203802045005010033189230
B0944204626439N00717563EA0204002045005010035182206
B0944214626435N00717563EA0204302044005010026179230
B0944224626431N00717563EA0204302045005010020189212
B0944234626429N00717561EA0204302044005010017216191
B0944244626427N00717559EA0204302044005010019211175
B0944254626424N00717557EA0204202044005010020189169
B0944264626421N00717558EA0204202044005010024160162
B0944274626418N00717561EA0204302044005010030130146
B0944284626416N00717568EA0204302044005010038105124
B0944294626416N00717577EA0204502044005010043087107
B0944304626417N00717587EA0204602045005010043077082
B0944314626418N00717596EA0204602045005010042070073
B0944324626422N00717602EA0204702046005010040027066
B0944334626429N00717604EA0204702046005010045000011
B0944344626436N00717602EA0204802047005010044347342
B0944354626442N00717599EA0204802047005010039337326
B0944364626447N00717595EA0204602047005010036324314
B0944374626451N00717590EA0204602047005010036309300
B0944384626453N00717583EA0204602047005010034288287
B0944394626454N00717576EA0204702047005010034278270
B0944404626454N00717569EA0204702047005010028255260
B0944414626453N00717563EA0204602047005010024240243
B0944424626451N00717559EA0204802047005010019237230
B0944434626449N00717556EA0204802048005010020236221
B0944444626447N00717552EA0204802048005010021234220
B0944454626445N00717549EA0204902048005010021230216
B0944464626443N00717545EA0204802048005010021222206
B0944474626441N00717543EA0204702048005010019219200
B0944484626438N00717541EA0204502048005010019207199
B0944494626435N00717539EA0204302048005010020188188
B0944504626432N00717540EA0204202048005010022167175
B0944514626429N00717542EA0204102048005010024137163
B0944524626427N00717547EA0203802047005010029109140
B0944534626427N00717554EA0203702047005010039081119
B0944544626429N00717563EA0203502046005010043062088
B0944554626433N00717571EA0203502045005010048045067
B0944564626439N00717578EA0203502043005010054032046
B0944574626447N00717584EA0203902042005010056027030
B0944584626454N00717589EA0204202042005010050026022
B0944594626460N00717593EA0204302043005010044027021
B0945004626466N00717597EA0204202043005010037025020
B0945014626471N00717600EA0204102044005010037026017
B0945024626476N00717604EA0204002044005010041023019
B0945034626482N00717607EA0204002043005010047023016
B0945044626489N00717611EA0204102043005010046021007
B0945054626495N00717614EA0204102043005010038021008
B0945064626500N00717617EA0204102043005010034018010
B0945074626505N00717619EA0203802043005010035015002
B0945084626510N00717621EA0203802042005010042014015
B0945094626517N00717623EA0203802041005010048013357
B0945104626524N00717626EA0204102040005010051017003
B0945114626531N00717629EA0204202040005010045013358
B0945124626537N00717631EA0204202041005010040012354
B0945134626543N00717632EA0204202041005010035006346
B0945144626548N00717633EA0204002041005010038007337
B0945154626554N00717633EA0203702041005010044000333
B0945164626561N00717632EA0203602041005010049349326
B0945174626568N00717629EA0203802041005010048341336
B0945184626574N00717625EA0203802041005010042337339
B0945194626579N00717622EA0203602042005010038341346
B0945204626585N00717620EA0203202042005010037349335
B0945214626590N00717618EA0202702042005010039349347
B0945224626596N00717616EA0202302042005010047344344
B0945234626603N00717613EA0202002041005010049345007
B0945244626611N00717611EA0201802040005010060350005
B0945254626620N00717610EA0201802039005010057003002
B0945264626628N00717612EA0201702037005010052013000
B0945274626635N00717614EA0201602036005010045012355
B0945284626641N00717616EA0201202035005010041006000
B0945294626647N00717617EA0201102033005010042002001
B0945304626654N00717617EA0200902031005010047005359
B0945314626661N00717619EA0201002030005010051007350
B0945324626669N00717620EA0201102028005010051002337
B0945334626675N00717620EA0201302026005010037004357
B0945344626681N00717620EA0201402025005010035357358
B0945354626685N00717620EA0201402024005010030002356
B0945364626690N00717621EA0201502023005010031004348
B0945374626695N00717621EA0201602022005010033005344
B0945384626699N00717622EA0201602022005010032001005
B0945394626704N00717622EA0201702022005010031358017
B0945404626708N00717622EA0201702022005010031003036
B0945414626713N00717623EA0201802021005010034014040
B0945424626718N00717626EA0201902021005010037029049
B0945434626722N00717631EA0201902021005010038048065
B0945444626725N00717638EA0202202022005010034064084
B0945454626727N00717645EA0202402022005010029086103
B0945464626726N00717651EA0202602022005010027119128
B0945474626723N00717656EA0202702022005010032140155
B0945484626718N00717659EA0202802023005010033158167
B0945494626712N00717661EA0203002023005010031176181
B0945504626707N00717660EA0203302024005010030207194
B0945514626704N00717656EA0203502024005010029231214
B0945524626702N00717651EA0203702024005010022244229
B0945534626702N00717646EA0203802025005010022289234
B0945544626703N00717642EA0203802026005010019316263
B0945554626706N00717638EA0203702026005010025336278
B0945564626710N00717635EA0203602027005010030344307
B0945574626715N00717633EA0203602027005010038354324
B0945584626721N00717632EA0203702027005010041359342
B0945594626728N00717633EA0203902027005010047007350
B0946004626735N00717634EA0204202028005010046008002
B0946014626741N00717637EA0204402028005010037035003
B0946024626745N00717643EA0204502029005010032050040
B0946034626747N00717648EA0204502030005010030062069
B0946044626749N00717654EA0204602031005010031068086
B0946054626751N00717661EA0204702032005010035075099
B0946064626751N00717669EA0205002033005010038086113
B0946074626752N00717676EA0205402034005010034086123
B0946084626751N00717682EA0205702035005010023117125
B0946094626749N00717686EA0205902037005010025139154
B0946104626746N00717690EA0206102038005010024144164
B0946114626742N00717692EA0206402039005010023150174
B0946124626739N00717695EA0206602040005010022153186
B0946134626736N00717697EA0206802041005010019158199
B0946144626734N00717698EA0206902043005010015163211
B0946154626731N00717699EA0207102044005010012184219
B0946164626729N00717698EA0207302045005010016205228
B0946174626726N00717692EA0207602046005010023224237
B0946184626724N00717687EA0207702048005010018233245
B0946194626723N00717682EA0207902050005010020256249
B0946204626723N00717676EA0208002052005010014258214
B0946214626723N00717673EA0208402053005010004228217
B0946224626722N00717672EA0208602054005010004117222
B0946234626722N00717672EA0208702055005010004099183
B0946244626722N00717674EA0209002056005010008089181
B0946254626722N00717676EA0209402056005010013079164
B0946264626723N00717680EA0209702056005010011082144
B0946274626723N00717682EA0209902056005010011129160
B0946284626722N00717684EA0210102056005010012136183
B0946294626723N00717686EA0210202056005010018152197
B0946304626720N00717688EA0210402056005010018158205
B0946314626719N00717690EA0210502056005010018160211
B0946324626718N00717691EA0210502056005010016204214
B0946334626717N00717690EA0210702056005010011218233
B0946344626717N00717690EA0211002056005010006213238
B0946354626717N00717689EA0211302056010019003246184
B0946364626717N00717687EA0211502057010019002297190
B0946374626717N00717687EA0211602057010019004083195
B0946384626717N00717689EA0211802057005010012081175
B0946394626718N00717691EA0212002058005010020072139
B0946404626719N00717696EA0212202058005010025070118
B0946414626720N00717701EA0212302058005010023078113
B0946424626720N00717705EA0212502058005010017096123
B0946434626719N00717708EA0212602059005010015107149
B0946444626718N00717711EA0212802059005010013109160
B0946454626717N00717714EA0212902059005010009113165
B0946464626715N00717716EA0213002059005010004123175
B0946474626715N00717716EA0213202059005010002236193
B0946484626715N00717716EA0213502059005010011239192
B0946494626721N00717714EA0213802060005010014281226
B0946504626724N00717710EA0214002061005010021301250
B0946514626727N00717705EA0214202062005010021307274
B0946524626729N00717701EA0214202063005010018323277
B0946534626731N00717697EA0214402063005010018338284
B0946544626733N00717696EA0214602064005010017011300
B0946554626736N00717696EA0214702064005010021024352
B0946564626738N00717697EA0214902065005010028034029
B0946574626741N00717700EA0215102065010019034039044
B0946584626744N00717704EA0215202065010019029044049
B0946594626746N00717707EA0215402066010019023049059
B0947004626747N00717710EA0215402066010019016056074
B0947014626755N00717712EA0215602068005010013111102
B0947024626754N00717714EA0215802068005010012114154
B0947034626753N00717717EA0216002068005010009116156
B0947044626758N00717718EA0216202069005010009145165
B0947054626761N00717718EA0216602069005010007150176
B0947064626764N00717720EA0216802070005010002221182
B0947074626764N00717720EA0216902070005010011280182
B0947084626766N00717717EA0217002071005010015304240
B0947094626768N00717714EA0217102071005010016306261
B0947104626770N00717711EA0217402072005010018308266
B0947114626772N00717707EA0217602072005010019315272
B0947124626774N00717706EA0217702072010019015340281
B0947134626776N00717703EA0217802073005010016344294
B0947144626777N00717700EA0218002074005010019001302
B0947154626780N00717698EA0218402074010019019018338
B0947164626782N00717697EA0218602075010019014011015
B0947174626783N00717696EA0218902075010019007017055
B0947184626786N00717695EA0219202076005010006137089
B0947194626786N00717697EA0219302076005010009140118
B0947204626790N00717698EA0219602076005010017168121
B0947214626790N00717698EA0219702076005010015179143
B0947224626790N00717698EA0219902076005010011188147
B0947234626789N00717698EA0220002077005010013216146
B0947244626788N00717698EA0220202077005010016224157
B0947254626787N00717696EA0220502077005010013233166
B0947264626787N00717693EA0220702078005010009254159
B0947274626787N00717689EA0221002078005010009292150
B0947284626789N00717687EA0221202079005010012321137
B0947294626790N00717686EA0221502080005010006022118
B0947304626791N00717687EA0221702081005010012035115
B0947314626791N00717685EA0221902083010019016041115
B0947324626793N00717687EA0222202084010019026047118
B0947334626795N00717690EA0222502085010019020042109
B0947344626797N00717693EA0222802086010019019046112
B0947354626798N00717697EA0223102087010019019047113
B0947364626802N00717699EA0223302087010019014052114
B0947374626809N00717700EA0223602087010019009057120
B0947384626811N00717702EA0223802087010019005113127
B0947394626813N00717705EA0224002087010019006346139
B0947404626814N00717706EA0224102087010019012280111
B0947414626815N00717705EA0224402087010019014314132
B0947424626818N00717704EA0224702088010019020324115
B0947434626820N00717702EA0224902088010019023322101
B0947444626823N00717699EA0225002088010019022322098
B0947454626825N00717697EA0225202089010019021324097
B0947464626828N00717694EA0225302089010019023330102
B0947474626831N00717692EA0225602089010019024333108
B0947524626808N00717708EA0227202282004003027193109
B0947534626805N00717705EA0227402284004003027217152
B0947544626803N00717701EA0227602285004003027240157
B0947554626801N00717696EA0227702287004003027256161
B0947564626803N00717689EA0227802288004003028296161
B0947574626805N00717684EA0228002290004003027309075
B0947584626807N00717681EA0228102291004003027331050
B0947594626811N00717678EA0228102291004003027338043
B0948004626816N00717677EA0228202292004003032349041
B0948014626822N00717677EA0228302293004003038007036
B0948024626828N00717681EA0228402294004003045029047
B0948034626833N00717686EA0228702297004003045049063
B0948044626836N00717693EA0229102302004003043065080
B0948064626840N00717696EA0229502302005010033073091
B0948074626841N00717703EA0229702305005010037079108
B0948084626841N00717709EA0229902307005010030090103
B0948094626840N00717716EA0230002309005010034091112
B0948104626840N00717723EA0230202311005010035090117
B0948114626840N00717730EA0230602313005010030095137
B0948124626839N00717736EA0230802315005010027107147
B0948134626837N00717741EA0230902317005010026129152
B0948144626834N00717745EA0230902319005010026141166
B0948154626831N00717748EA0230902321005010025160183
B0948164626827N00717749EA0230902323005010024171195
B0948174626824N00717749EA0231002325005010017193199
B0948184626821N00717747EA0230802327005010020200212
B0948194626819N00717745EA0230602329005010014212212
B0948204626817N00717743EA0230202330005010016213215
B0948214626816N00717738EA0229902332005010029250215
B0948224626815N00717730EA0229602332005010040260242
B0948234626814N00717720EA0229402331005010038261247
B0948244626814N00717712EA0229502330005010034261247
B0948254626813N00717705EA0229502328005010026256252
B0948264626813N00717700EA0229402328005010023256246
B0948274626812N00717695EA0229002327005010024263254
B0948284626812N00717689EA0228702327005010029267257
B0948294626812N00717683EA0228402326005010034264254
B0948304626811N00717675EA0228102323005010036258247
B0948314626809N00717668EA0228102320005010034259246
B0948324626808N00717661EA0227902317005010031255238
B0948334626807N00717655EA0227802316005010029248241
B0948344626805N00717649EA0227602313005010029240235
B0948354626802N00717643EA0227402310005010030239231
B0948364626800N00717638EA0227102306005010032239220
B0948374626797N00717632EA0227102303005010032234217
B0948384626794N00717627EA0226902299005010031226212
B0948394626790N00717622EA0226902296005010031220213
B0948404626786N00717617EA0226802294005010030220214
B0948414626783N00717613EA0226702291005010029223207
B0948424626780N00717609EA0226802289005010027226200
B0948434626777N00717605EA0226602287005010026221184
B0948444626774N00717602EA0226502285005010025205183
B0948454626770N00717600EA0226302284005010027188180
B0948464626766N00717600EA0226202282005010031173176
B0948474626761N00717602EA0226102280005010032167166
B0948484626756N00717604EA0226102279005010031162164
B0948494626752N00717606EA0226102278005010032161159
B0948504626747N00717608EA0226102277005010033158157
B0948514626743N00717611EA0226202276005010036155155
B0948524626738N00717615EA0226302275005010032154161
B0948534626734N00717618EA0226302275005010031160161
B0948544626730N00717620EA0226402275005010027162155
B0948554626726N00717622EA0226302275005010027158151
B0948564626722N00717624EA0226202275005010029150150
B0948574626719N00717628EA0226102274005010031145152
B0948584626715N00717632EA0226102274005010034146153
B0948594626710N00717636EA0226102274005010033145145
B0949004626707N00717640EA0226102273005010030142150
B0949014626703N00717644EA0226102273005010029141151
B0949024626699N00717648EA0225802273005010033142153
B0949034626696N00717653EA0225702272005010035138146
B0949044626692N00717659EA0225702271005010039131148
B0949054626688N00717665EA0225702271005010038129153
B0949064626684N00717671EA0225702270005010036133165
B0949074626681N00717676EA0225502269005010032142161
B0949084626677N00717681EA0225402269005010033142147
B0949094626673N00717685EA0225102267005010036133126
B0949104626669N00717692EA0224902266005010044122100
B0949114626666N00717702EA0224802264005010051113089
B0949124626664N00717712EA0224702263005010053100085
B0949134626663N00717723EA0224802261005010049086080
B0949144626665N00717734EA0224602259005010052064063
B0949154626669N00717744EA0224602258005010052053049
B0949164626674N00717752EA0224502256005010050045035
B0949174626680N00717759EA0224502255005010048039029
B0949184626686N00717765EA0224502254005010046031023
B0949194626692N00717769EA0224402253005010047021011
B0949204626699N00717772EA0224202251005010048013357
B0949214626706N00717774EA0224202250005010046009355
B0949224626713N00717775EA0224102249005010042007351
B0949234626719N00717776EA0224002249005010039007344
B0949254626725N00717777EA0223802248005010039006343
B0949264626731N00717777EA0223602247005010041000344
B0949274626737N00717777EA0223602245005010043354341
B0949284626749N00717773EA0223602243005010038348341
B0949294626754N00717772EA0223702243005010035348334
B0949314626763N00717768EA0223502242005010031344328
B0949324626768N00717766EA0223302241005010032339323
B0949334626772N00717763EA0223102240005010035333322
B0949344626777N00717759EA0223102240005010039327301
B0949354626781N00717754EA0223102239005010036316286
B0949364626785N00717749EA0223102239005010033301274
B0949374626787N00717742EA0223102239005010032286263
B0949384626788N00717735EA0223002238005010033279251
B0949394626788N00717728EA0223102238005010030270242
B0949404626788N00717723EA0223302238005010026264250
B0949414626787N00717717EA0223302239005010025257234
B0949424626786N00717712EA0223302239005010026251239
B0949434626784N00717707EA0223302240005010027248239
B0949444626782N00717702EA0223302240005010026242237
B0949454626780N00717697EA0223202241005010026235226
B0949464626778N00717693EA0223002241005010026229227
B0949474626775N00717689EA0222902241005010026226234
B0949484626772N00717685EA0222702241005010030229224
B0949494626770N00717679EA0222602240005010029238233
B0949504626768N00717674EA0222502240005010026245231
B0949514626766N00717669EA0222602239005010024247216
B0949524626765N00717664EA0222602239005010021245227
B0949534626763N00717660EA0222502238005010023235236
B0949544626761N00717656EA0222402237005010026232233
B0949554626759N00717651EA0222402237005010027236230
B0949564626757N00717646EA0222402236005010026241226
B0949574626755N00717641EA0222402236005010024235219
B0949584626752N00717637EA0222502235005010025224228
B0949594626750N00717634EA0222502235005010025219206
B0950004626747N00717630EA0222602235005010026227215
B0950014626745N00717626EA0222902235005010021230220
B0950024626743N00717624EA0222902234005010014227225
B0950034626741N00717622EA0222902234005010012217228
B0950044626740N00717620EA0222602234005010013217244
B0950054626738N00717617EA0222502234005010027234257
B0950064626736N00717612EA0222502233005010029244238
B0950074626734N00717607EA0222802233005010025244239
B0950084626733N00717603EA0222802234005010019240202
B0950094626731N00717599EA0222702235005010020213205
B0950104626727N00717597EA0222502235005010026193200
B0950114626723N00717597EA0222402235005010037175184
B0950124626717N00717599EA0222402236005010040156168
B0950134626712N00717604EA0222402236005010040141153
B0950144626708N00717610EA0222502236005010039128132
B0950154626705N00717619EA0222502236005010040116123
B0950164626703N00717628EA0222202235005010045103108
B0950174626702N00717638EA0221902233005010054094093
B0950184626703N00717650EA0221702232005010056079084
B0950194626705N00717662EA0221702230005010057065071
B0950204626709N00717673EA0221602229005010054057055
B0950214626714N00717682EA0221502228005010049047047
B0950224626719N00717689EA0221302227005010046040032
B0950234626725N00717694EA0221002225005010044034019
B0950244626730N00717699EA0220802223005010045025011
B0950254626737N00717702EA0220702221005010048013000
B0950264626744N00717703EA0220702219005010049359341
B0950274626751N00717701EA0220802216005010045347333
B0950284626757N00717699EA0220802215005010041344319
B0950294626763N00717697EA0220902213005010036344331
B0950304626768N00717694EA0220802212005010037342323
B0950314626773N00717691EA0220702211005010040338320
B0950324626778N00717688EA0220702210005010040332320
B0950334626784N00717684EA0220702210005010042330320
B0950344626789N00717679EA0220702209005010040329315
B0950354626794N00717675EA0220702209005010039329313
B0950364626799N00717670EA0220702209005010040325313
B0950374626803N00717665EA0220702208005010042320314
B0950384626808N00717659EA0220802208005010042315302
B0950394626812N00717653EA0221002208005010040312285
B0950404626816N00717647EA0221102209005010037305265
B0950414626818N00717640EA0221202210005010032290248
B0950424626819N00717634EA0221102211005010027259242
B0950434626817N00717629EA0221002212005010026236231
B0950444626815N00717625EA0221102213005010024220220
B0950454626812N00717623EA0221102213005010021198215
B0950464626808N00717622EA0221002214005010023179199
B0950474626805N00717623EA0220802215005010028163187
B0950484626801N00717626EA0220502215005010031148174
B0950494626797N00717631EA0220302214005010039132161
B0950504626793N00717638EA0220202213005010041118142
B0950514626791N00717647EA0220102212005010042102131
B0950524626791N00717656EA0219902211005010044090110
B0950534626791N00717666EA0220002211005010044091106
B0950544626791N00717676EA0219902210005010041098114
B0950554626789N00717684EA0219902209005010038105117
B0950564626788N00717692EA0219902208005010038108124
B0950574626786N00717700EA0220002208005010036108129
B0950584626784N00717707EA0220002207005010033111133
B0950594626782N00717713EA0219902207005010033118136
B0951004626780N00717720EA0219902206005010034121141
B0951014626777N00717726EA0219902206005010036123140
B0951024626774N00717732EA0220002206005010032124146
B0951034626772N00717737EA0219902205005010027125162
B0951044626769N00717742EA0219702205005010027131170
B0951054626767N00717746EA0219502205005010028139184
B0951064626763N00717749EA0219402205005010035165172
B0951074626757N00717751EA0219402204005010035170190
B0951084626752N00717752EA0219502204005010035167187
B0951094626747N00717754EA0219602203005010033164192
B0951104626743N00717756EA0219702203005010031162212
B0951114626738N00717758EA0219802203005010027165216
B0951124626735N00717759EA0219602204005010025163211
B0951134626731N00717760EA0219402204005010021173204
B0951144626728N00717760EA0219002204005010020174218
B0951154626726N00717760EA0218602203005010019185203
B0951164626723N00717759EA0218302203005010027186227
B0951174626719N00717757EA0218202202005010029207221
B0951184626716N00717754EA0218002202005010026230231
B0951194626714N00717749EA0217802201005010022252248
B0951204626714N00717744EA0217602200005010020269255
B0951214626714N00717740EA0217502200005010019282262
B0951224626715N00717736EA0217202199005010019295268
B0951234626716N00717733EA0217002198005010017294275
B0951244626717N00717729EA0216702197005010021295270
B0951254626718N00717724EA0216502195005010024278265
B0951264626719N00717719EA0216302194005010027258254
B0951274626717N00717713EA0216302192005010029240250
B0951284626715N00717707EA0216302191005010030229237
B0951294626712N00717702EA0216302190005010031225231
B0951304626709N00717697EA0216402188005010027227242
B0951314626706N00717693EA0216202187005010028223227
B0951324626703N00717688EA0216202185005010031219229
B0951334626699N00717684EA0216402184005010034215222
B0951344626695N00717680EA0216302183005010031221221
B0951354626692N00717676EA0216402181005010020221223
B0951364626689N00717673EA0216302180005010019214227
B0951374626687N00717672EA0216002179005010019205221
B0951384626684N00717670EA0215902178005010024204223
B0951394626681N00717667EA0215902177005010025205226
B0951404626677N00717665EA0215802175005010026212189
B0951414626674N00717662EA0215702174005010024216221
B0951424626671N00717659EA0215802173005010024209202
B0951434626668N00717657EA0215802172005010023197202
B0951444626665N00717656EA0215702170005010020196198
B0951454626662N00717655EA0215602170005010018197197
B0951464626659N00717654EA0215602169005010021194189
B0951474626656N00717653EA0215402168005010025188185
B0951484626652N00717652EA0215402167005010027187188
B0951494626648N00717652EA0215502166005010025181177
B0951504626644N00717652EA0215502165005010024170168
B0951514626641N00717654EA0215402164005010024161149
B0951524626637N00717657EA0215402163005010028144138
B0951534626634N00717662EA0215502163005010033125127
B0951544626632N00717669EA0215702163005010038101112
B0951554626632N00717678EA0215902162005010043079095
B0951564626634N00717687EA0215902162005010046063069
B0951574626638N00717695EA0215902162005010045046054
B0951584626644N00717701EA0216102163005010045030036
B0951594626650N00717705EA0216102163005010048020011
B0952004626657N00717708EA0216202164005010047011359
B0952014626664N00717708EA0216202165005010045359350
B0952024626670N00717707EA0216202166005010042341337
B0952034626676N00717703EA0216302166005010039323319
B0952044626680N00717697EA0216202167005010035303300
B0952054626681N00717691EA0216202168005010028282281
B0952064626682N00717685EA0216102168005010022266262
B0952074626681N00717680EA0216002169005010021246248
B0952084626679N00717676EA0216002169005010022239232
B0952094626677N00717672EA0215902169005010022223219
B0952104626674N00717670EA0215902169005010022199208
B0952114626671N00717669EA0215802169005010022181197
B0952124626667N00717670EA0215702169005010028152185
B0952134626663N00717674EA0215502169005010034131162
B0952144626660N00717681EA0215802169005010040111145
B0952154626659N00717690EA0215902170005010042092123
B0952164626660N00717699EA0216002170005010041080104
B0952174626661N00717707EA0216202171005010036068090
B0952184626663N00717714EA0216202172005010032068074
B0952194626665N00717720EA0216202173005010032066076
B0952204626666N00717727EA0216102173005010034068065
B0952214626669N00717734EA0216002173005010039066062
B0952224626671N00717742EA0216002173005010039066061
B0952234626673N00717750EA0216102173005010038060053
B0952244626676N00717757EA0215902173005010039057034
B0952254626680N00717763EA0215902173005010034052044
B0952264626683N00717768EA0215702173005010031043033
B0952274626687N00717772EA0215302172005010034035022
B0952284626692N00717776EA0215202170005010040025017
B0952294626697N00717779EA0215102168005010044016346
B0952304626704N00717781EA0215102166005010043008338
B0952314626710N00717780EA0215102165005010034344332
B0952324626714N00717777EA0214802163005010031321309
B0952334626717N00717772EA0214702161005010033306285
B0952344626719N00717766EA0214502160005010032289268
B0952354626720N00717759EA0214402158005010028266256
B0952364626719N00717753EA0214402156005010029257241
B0952374626716N00717748EA0214202155005010033206234
B0952384626711N00717746EA0214302153005010036185203
B0952394626705N00717747EA0214402152005010036169187
B0952404626700N00717749EA0214402152005010033163175
B0952414626695N00717752EA0214302151005010030159172
B0952424626691N00717754EA0214102150005010030158175
B0952434626686N00717757EA0214002150005010035159174
B0952444626681N00717760EA0213902149005010040160168
B0952454626675N00717762EA0213902148005010041164174
B0952464626669N00717765EA0213902147005010043168173
B0952474626662N00717767EA0214202147005010046168188
B0952484626655N00717768EA0214702147005010048172197
B0952494626648N00717770EA0215002147005010041167185
B0952504626643N00717771EA0215402148005010033175190
B0952514626638N00717771EA0215602150005010027181181
B0952524626634N00717771EA0215802152005010027181199
B0952534626630N00717771EA0216002153005010030185231
B0952544626626N00717769EA0216102155005010032205251
B0952554626622N00717765EA0216102156005010032229267
B0952564626619N00717758EA0216102157005010045243283
B0952574626616N00717748EA0216202159005010050250296
B0952584626616N00717740EA0216402160005010029296302
B0952594626619N00717735EA0216802162010019024318325
B0953004626621N00717732EA0217002163010019027316256
B0953014626624N00717727EA0217302164005010028309267
B0953024626626N00717723EA0217702165010019022289272
B0953034626629N00717722EA0218002165010019014254260
B0953044626631N00717724EA0218202165010019019193239
B0953054626631N00717727EA0218302165030057023188211
B0953064626629N00717728EA0218402164030057023201209
B0953074626626N00717731EA0218502164010019026214217
B0953084626624N00717731EA0218502164010019029243227
B0953094626623N00717728EA0218702164010019032252246
B0953104626623N00717725EA0219002163010019032262253
B0953114626623N00717720EA0219102163010019032287262
B0953124626623N00717716EA0219102163005010032292280
B0953134626626N00717712EA0219302163005010035326284
B0953144626630N00717709EA0219702163005010033336314
B0953154626634N00717709EA0219902163005010032001323
B0953164626638N00717711EA0220202164005010035035348
B0953174626642N00717717EA0220502164005010034054032
B0953184626645N00717723EA0220702165005010031054058
B0953194626648N00717729EA0220902166010019025056058
B0953204626650N00717734EA0221102166010019022079062
B0953214626651N00717739EA0221202167010019019123101
B0953224626649N00717743EA0221202167010019025151159
B0953234626645N00717746EA0221302168005010027160174
B0953244626642N00717749EA0221502168005010028172188
B0953254626638N00717750EA0221702168005010026178200
B0953264626635N00717750EA0221802169005010024192210
B0953274626631N00717748EA0221802169005010024208236
B0953284626628N00717746EA0221902169005010026221241
B0953294626625N00717742EA0222102169010019031229257
B0953304626622N00717736EA0222002170010019032237261
B0953314626620N00717730EA0222302170010019035245263
B0953324626618N00717723EA0222402170010019034247267
B0953334626617N00717717EA0223002171010019020255264
B0953344626616N00717713EA0223602171010019019254223
B0953354626615N00717710EA0223902171010019013253227
B0953364626615N00717708EA0224002171005010010270227
B0953374626615N00717707EA0224102171010019009283236
B0953384626616N00717705EA0224402172010019009298243
B0953394626617N00717704EA0224602172010019008311252
B0953404626622N00717706EA0224702172010019005042257
B0953414626623N00717707EA0224802172010019005055212
B0953424626627N00717709EA0224902172010019009159195
B0953434626626N00717710EA0225202172010019009163190
B0953444626625N00717711EA0225502172010019013160205
B0953454626622N00717716EA0225502173005010013173206
B0953464626616N00717723EA0225602175005010015189213
B0953474626614N00717726EA0225702175005010018130220
B0953484626613N00717725EA0225802175005010026130185
B0953494626611N00717723EA0226202175005010025226121
B0953504626610N00717721EA0226402175010019019233239
B0953514626609N00717717EA0226702175010019019248241
B0953524626608N00717712EA0226902176010019016258250
B0953534626607N00717708EA0227202176010019014264253
B0953544626606N00717705EA0227502177010019008273254
B0953554626606N00717704EA0227602177010019000000234
B0953564626606N00717704EA0227802177010019003016235
B0953574626606N00717704EA0228002177010019005036237
B0953584626611N00717706EA0228202177010019014045203
B0953594626616N00717709EA0228402178010019015067067
B0954004626623N00717712EA0228502179010019013085100
B0954014626624N00717715EA0228502179010019014096126
B0954024626625N00717718EA0228702179010019015106133
B0954034626627N00717722EA0228902180010019016131139
B0954044626628N00717726EA0229202180005010020053157
B0954054626627N00717727EA0229302180005010023092071
B0954064626626N00717728EA0229402180005010023092115
B0954074626625N00717728EA0229402180005010027092115
B0954084626623N00717726EA0229402181005010029219110
B0954094626621N00717723EA0229602181005010026222216
B0954104626619N00717720EA0229702181010019021225218
B0954114626617N00717716EA0230002181010019020235220
B0954124626616N00717711EA0230102182010019017243227
B0954134626614N00717708EA0230102182010019012237231
B0954144626613N00717703EA0230002183010019006249224
B0954154626612N00717703EA0230002184010019007349222
B0954164626614N00717702EA0230102185010019012355266
B0954174626616N00717702EA0230402185010019013004312
B0954184626618N00717703EA0230802186010019017015335
B0954194626621N00717704EA0231002186010019020021009
B0954204626623N00717706EA0231202187005010024029021
B0954214626626N00717709EA0231502188005010024028037
B0954224626629N00717712EA0231602188005010025031044
B0954234626633N00717716EA0231702188005010029032051
B0954244626637N00717721EA0232002189005010044044058
B0954254626643N00717728EA0232202189005010043044069
B0954264626647N00717735EA0232602190005010039043066
B0954274626652N00717741EA0232802190005010038045066
B0954324626702N00717775EA0233902354004003032252042
B0954334626702N00717770EA0234202356004003032286248
B0954344626704N00717765EA0234402356004003031307277
B0954354626710N00717761EA0234402357004003031341296
B0954364626715N00717758EA0234502358004003046350334
B0954374626722N00717759EA0234702360004003046007355
B0954384626728N00717763EA0234902361004003051031014
B0954394626734N00717771EA0235002362004003051055043
B0954404626738N00717780EA0235202365004003051056069
B0954414626735N00717790EA0235502367004003054108073
B0954424626735N00717800EA0235802371004003040097125
B0954434626731N00717801EA0236102374004003040166118
B0954444626729N00717803EA0236302376004003026170181
B0954454626726N00717804EA0236502377004003021190191
B0954464626724N00717802EA0236602378004003020221207
B0954474626722N00717797EA0236702380004003032247230
B0954484626721N00717790EA0236802382004003035261252
B0954494626724N00717803EA0237002366010019024254269
B0954504626722N00717795EA0237302367010019033259270
B0954514626722N00717788EA0237502368010019027282276
B0954524626722N00717781EA0237502369010019028280286
B0954534626723N00717775EA0237502370010019027283284
B0954544626725N00717769EA0237702371010019029303284
B0954554626730N00717765EA0237702372010019044338303
B0954564626736N00717761EA0238002373010019045345333
B0954574626743N00717760EA0238002374010019041358350
B0954584626749N00717760EA0238002375010019045004000
B0954594626756N00717762EA0238102376010019050014007
B0955014626763N00717767EA0238302376010019047041018
B0955024626772N00717782EA0238702378010019042051057
B0955034626775N00717790EA0238902378010019036076061
B0955044626776N00717797EA0239002379010019032091092
B0955054626776N00717805EA0239202380010019032106108
B0955074626774N00717811EA0239402380010019031120124
B0955084626767N00717818EA0239802380005010025174169
B0955094626763N00717819EA0240002382005010022198185
B0955114626759N00717818EA0240102383005010019221203
B0955124626755N00717815EA0240102388005010020261239
B0955144626754N00717810EA0240002390005010024273251
B0955154626754N00717797EA0239902393005010041278262
B0955174626754N00717789EA0240102394010019038271267
B0955184626754N00717775EA0240202396010019022265271
B0955204626753N00717770EA0240202398010019024273262
B0955214626755N00717756EA0240102401005010035284247
B0955234626756N00717748EA0240202402005010037280249
B0955244626756N00717733EA0240002405005010033254232
B0955264626754N00717726EA0239802406005010030249244
B0955274626752N00717715EA0239302407005010028252235
B0955294626750N00717709EA0239102406005010033246233
B0955314626745N00717696EA0238802404005010036234230
B0955324626742N00717689EA0238702403005010033234230
B0955334626736N00717678EA0238502401005010031234227
B0955354626734N00717672EA0238302400005010033233223
B0955374626727N00717661EA0238102396005010034227225
B0955384626724N00717656EA0237902395005010032224221
B0955404626717N00717646EA0237702392005010030225224
B0955414626714N00717642EA0237502390005010031226219
B0955424626711N00717637EA0237302389005010033226218
B0955434626707N00717632EA0237202387005010033223222
B0955444626704N00717627EA0237102385005010032222223
B0955454626700N00717622EA0237102384005010029223223
B0955464626697N00717618EA0236902382005010028226223
B0955474626694N00717613EA0236802380005010029228224
B0955494626688N00717604EA0236302377005010034222223
B0955504626684N00717599EA0236202375005010034221220
B0955514626681N00717594EA0236202374005010031224230
B0955524626678N00717589EA0236002372005010029230220
B0955544626672N00717579EA0235702370005010030229212
B0955554626669N00717575EA0235502368005010031221202
B0955564626665N00717570EA0235302367005010034213192
B0955574626661N00717567EA0235202365005010034205187
B0955584626656N00717564EA0235102364005010033193188
B0955594626651N00717563EA0235002363005010031188191
B0956004626646N00717562EA0234802362005010030188184
B0956014626642N00717561EA0234602360005010029188177
B0956024626637N00717560EA0234502359005010031184177
B0956034626633N00717560EA0234402358005010032178178
B0956044626628N00717560EA0234202357005010034174176
B0956054626623N00717561EA0234202355005010033172177
B0956064626618N00717562EA0234102354005010032172178
B0956074626613N00717563EA0234002353005010031173174
B0956084626609N00717564EA0233902352005010030173170
B0956094626604N00717564EA0233902351005010030172177
B0956104626600N00717565EA0233702349005010032169166
B0956114626595N00717567EA0233602348005010032163176
B0956124626591N00717569EA0233802347005010030157161
B0956134626587N00717572EA0234002346005010033150167
B0956144626583N00717576EA0234102345005010027142181
B0956154626580N00717580EA0234202345005010026136187
B0956164626577N00717583EA0234202345005010021129182
B0956174626575N00717587EA0234102344005010021130177
B0956184626574N00717589EA0233902344005010013141170
B0956194626572N00717591EA0233802343005010019165180
B0956204626568N00717591EA0233702343005010030183185
B0956214626563N00717591EA0234102342005010029181196
B0956224626558N00717590EA0234302342005010033190195
B0956234626553N00717588EA0234402342005010027187186
B0956244626549N00717588EA0234302343005010023188183
B0956254626545N00717587EA0234002343005010027178185
B0956264626540N00717587EA0233802344005010032181190
B0956274626536N00717586EA0233702344005010034189195
B0956284626530N00717584EA0233702344005010037189187
B0956294626525N00717583EA0233802343005010034182185
B0956304626520N00717583EA0233902343005010029175180
B0956314626516N00717583EA0233802344005010027167181
B0956324626512N00717584EA0233602343005010027168182
B0956334626508N00717585EA0233302343005010032171184
B0956344626503N00717586EA0233302343005010033177176
B0956354626498N00717587EA0233102342005010036170172
B0956364626493N00717588EA0233102341005010036164177
B0956374626488N00717590EA0233002341005010035163177
B0956384626483N00717592EA0233002340005010035166178
B0956394626478N00717593EA0232902339005010034167178
B0956404626473N00717595EA0232902339005010031167182
B0956414626469N00717596EA0232802338005010029167189
B0956424626465N00717597EA0232602337005010028170186
B0956434626460N00717598EA0232402337005010030173183
B0956444626456N00717599EA0232302336005010032175178
B0956454626451N00717599EA0232202335005010036172186
B0956464626446N00717600EA0232202334005010035174175
B0956474626440N00717601EA0232202333005010032170174
B0956484626436N00717603EA0232202332005010030163177
B0956494626432N00717605EA0232202332005010028160189
B0956504626428N00717607EA0232002331005010029164177
B0956514626424N00717608EA0231902330005010031170175
B0956524626419N00717609EA0232002329005010030171178
B0956534626415N00717610EA0231902329005010029167177
B0956544626410N00717612EA0232002328005010030164186
B0956554626406N00717614EA0232002327005010031168182
B0956564626401N00717615EA0232002327005010032172187
B0956574626396N00717616EA0232102326005010032174186
B0956584626392N00717616EA0232202325005010031175187
B0956594626387N00717617EA0232302325005010030175184
B0957004626382N00717617EA0232202325005010029177183
B0957014626378N00717618EA0232202325005010031175179
B0957024626373N00717618EA0232202324005010033169179
B0957034626368N00717620EA0232202324005010034164176
B0957044626363N00717622EA0232302324005010033160183
B0957054626359N00717625EA0232202324005010032159182
B0957064626355N00717627EA0232302324005010028162177
B0957074626351N00717628EA0232202324005010025164186
B0957084626347N00717630EA0232102324005010025164182
B0957094626343N00717631EA0231902324005010027165182
B0957104626339N00717633EA0231802324005010031165184
B0957114626334N00717634EA0231602324005010036166187
B0957124626329N00717636EA0231502324005010036170186
B0957134626324N00717637EA0231602323005010036173181
B0957144626318N00717638EA0231702323005010035169182
B0957154626313N00717639EA0231802324005010031165185
B0957164626309N00717640EA0231802324005010029167184
B0957174626305N00717641EA0231802324005010027174183
B0957184626301N00717642EA0231802324005010026177171
B0957194626297N00717642EA0231802324005010024173182
B0957204626294N00717643EA0231702324005010023170180
B0957214626290N00717644EA0231702324005010024169181
B0957224626286N00717644EA0231702324005010029176178
B0957234626282N00717645EA0231702324005010033177182
E095723PEVBackground
B0957244626277N00717645EA0232002324005010035176187
B0957254626272N00717646EA0232102324005010032175196
B0957264626268N00717646EA0232202324005010025177190
B0957274626264N00717647EA0232102324005010019172197
B0957284626262N00717647EA0232002325005010017172190
B0957294626259N00717647EA0231902325005010020171182
B0957304626255N00717648EA0231702325005010026174182
B0957314626251N00717648EA0231702325005010029176190
B0957324626247N00717648EA0231702325005010029172162
B0957334626243N00717649EA0231602326005010027164177
B0957344626239N00717651EA0231502326005010026157190
B0957354626235N00717653EA0231302326005010026157183
B0957364626232N00717655EA0231202326005010029165187
B0957374626227N00717656EA0231102325005010031169180
B0957384626223N00717657EA0231302325005010032167185
B0957394626218N00717659EA0231302325005010030161193
B0957404626214N00717660EA0231202325005010028161192
B0957414626210N00717662EA0231202325005010029167184
B0957424626206N00717663EA0231202324005010031169185
B0957434626201N00717665EA0231302324005010031161193
B0957444626197N00717667EA0231302324005010029156194
B0957454626193N00717669EA0231302324005010027154191
B0957464626189N00717672EA0231202324005010025157187
B0957474626186N00717674EA0231202324005010027161184
B0957484626182N00717676EA0231102324005010031163190
B0957494626177N00717677EA0231102323005010031164192
B0957504626173N00717679EA0231102323005010029169189
B0957514626169N00717679EA0231002323005010027171190
B0957524626165N00717680EA0231002322005010028171187
E095753PEVForeground
B0957534626161N00717681EA0231002322005010030167191
B0957544626156N00717683EA0231102322005010031164195
B0957554626152N00717685EA0231002322005010030160188
B0957564626148N00717687EA0231002322005010028160195
B0957574626144N00717689EA0230902322005010027159196
B0957584626140N00717691EA0230702322005010027162200
B0957594626136N00717692EA0230602321005010028168197
B0958004626132N00717693EA0230502321005010029175203
B0958014626128N00717693EA0230502320005010027176193
B0958024626124N00717694EA0230402320005010025176191
B0958034626120N00717694EA0230202320005010025177197
B0958044626117N00717694EA0230202319005010028178198
B0958054626112N00717694EA0230002318005010029181202
B0958064626108N00717694EA0230002317005010032180198
B0958074626103N00717694EA0230002316005010030180185
B0958084626099N00717694EA0230102315005010025177175
B0958094626096N00717694EA0230102315005010022170177
B0958104626092N00717696EA0230002314005010023160189
B0958114626089N00717698EA0229802313005010026160188
B0958124626084N00717699EA0229902312005010030168188
B0958134626079N00717700EA0230002312005010034174181
B0958144626075N00717701EA0230002311005010032176176
B0958154626070N00717702EA0230102311005010029157175
B0958164626066N00717705EA0230102311005010029145179
B0958174626063N00717709EA0230102311005010028142185
B0958184626059N00717712EA0230202311005010029148184
B0958194626055N00717715EA0230302311005010030156181
B0958204626051N00717718EA0230402311005010029157184
B0958214626047N00717720EA0230502311005010028158191
B0958224626044N00717722EA0230502312005010026157186
B0958234626040N00717725EA0230602312005010025156187
B0958244626037N00717727EA0230602313005010026160176
B0958254626033N00717728EA0230602313005010026163181
B0958264626029N00717730EA0230702314005010027163185
B0958274626025N00717731EA0230602314005010028164189
B0958284626021N00717733EA0230702315005010029168178
B0958294626017N00717734EA0230802315005010031166175
B0958304626012N00717736EA0230802315005010033159173
B0958314626007N00717739EA0231002316005010033154177
B0958324626003N00717742EA0231002317005010033149174
B0958334625999N00717746EA0231002317005010033151175
B0958344625994N00717749EA0231102318005010034153159
B0958354625989N00717753EA0231302319005010036150162
B0958364625985N00717757EA0231502319005010036147164
B0958374625981N00717762EA0231702320005010034137176
B0958384625977N00717767EA0231702321005010031131179
B0958394625974N00717771EA0231702322005010029130182
B0958404625972N00717775EA0231602323005010026143179
B0958414625968N00717778EA0231602324005010028153183
B0958424625965N00717781EA0231702324005010028160181
B0958434625961N00717783EA0231802325005010027157189
B0958444625957N00717785EA0231902326005010025159194
B0958454625954N00717786EA0231902327005010022166196
B0958464625951N00717787EA0231802328005010020184199
B0958474625948N00717785EA0231802328005010019207209
B0958484625946N00717783EA0231802329005010019234218
B0958494625945N00717778EA0231902329005010021253233
B0958504625945N00717774EA0231902330005010021262245
B0958514625945N00717769EA0232002330005010019273252
B0958524625946N00717765EA0231802331005010020288259
B0958534625948N00717761EA0231702332005010024311269
B0958544625951N00717757EA0231702332005010030333290
B0958554625956N00717755EA0231702332005010038350317
B0958564625962N00717755EA0231702332005010041003339
B0958574625968N00717757EA0231602332005010043014355
B0958584625975N00717760EA0231502332010019045027010
B0958594625981N00717766EA0231502332010019050033031
B0959004625987N00717773EA0231402331010019054040043
B0959014625993N00717781EA0231502331010019058047052
B0959024625998N00717791EA0231702331010019057061058
B0959034626001N00717803EA0231802331005010054079074
B0959044626000N00717825EA0231902331005010048096094
B0959054625998N00717835EA0232102331005010042098120
B0959064625996N00717843EA0232102331010019040108126
B0959074625994N00717851EA0232202331010019038124140
B0959084625990N00717857EA0232202331010019038136160
B0959094625985N00717862EA0232302331005010033150174
B0959104625981N00717864EA0232302331005010029162179
B0959114625977N00717866EA0232402331005010027163190
B0959124625972N00717868EA0232402332005010028162184
B0959134625968N00717869EA0232502332005010029166191
B0959144625964N00717871EA0232502332005010030165193
B0959154625959N00717872EA0232502333005010031162183
B0959164625955N00717874EA0232602333005010031162199
B0959174625950N00717876EA0232702333005010031163198
B0959184625946N00717878EA0232802334005010030164196
B0959204625937N00717881EA0232902335005010029163197
B0959214625933N00717883EA0232802335005010029165190
B0959224625929N00717884EA0232602335005010030169189
B0959234625924N00717886EA0232402335005010034166189
B0959244625919N00717888EA0232302335005010037161180
B0959254625913N00717891EA0232302335005010036161192
B0959264625908N00717893EA0232402335005010035163205
B0959274625903N00717895EA0232302335005010033169194
B0959284625898N00717896EA0232302334005010031168184
B0959294625893N00717898EA0232302334005010035159175
B0959304625888N00717901EA0232302334005010038152182
B0959314625883N00717905EA0232402334005010037153191
B0959324625878N00717908EA0232402335005010037155186
B0959334625873N00717912EA0232502335005010036152186
B0959344625869N00717916EA0232702335005010036147179
B0959354625864N00717920EA0232702336005010036146187
B0959364625860N00717924EA0232802337005010034148187
B0959374625855N00717927EA0232902337005010033148183
B0959384625851N00717931EA0232902338005010033149184
B0959394625847N00717934EA0233002339005010033150190
B0959404625843N00717938EA0233002339005010033150188
B0959414625838N00717941EA0232902340005010032152191
B0959424625834N00717944EA0232902340005010032155193
B0959434625830N00717947EA0232902341005010033157189
B0959444625825N00717950EA0233002341005010033155195
B0959454625821N00717953EA0233102341005010032150193
B0959464625817N00717957EA0233202342005010031148197
B0959474625813N00717960EA0233302342005010029148197
B0959484625809N00717963EA0233302343005010029153198
B0959494625805N00717966EA0233302343005010031156198
B0959504625801N00717969EA0233402344005010032155196
B0959514625796N00717972EA0233602345005010032149197
B0959524625792N00717976EA0233702345005010031147199
B0959534625788N00717979EA0233802346005010029148203
B0959544625785N00717982EA0233802347005010027153206
B0959554625781N00717984EA0233802348005010026155205
B0959564625778N00717986EA0233802349005010025157204
B0959574625774N00717988EA0233802349005010026162200
B0959584625770N00717990EA0233702350005010030168213
B0959594625766N00717991EA0233702351005010032168206
B1000004625761N00717992EA0233902351005010030169213
B1000014625757N00717994EA0234102352005010028164220
B1000024625753N00717995EA0234102353005010025164220
B1000034625749N00717997EA0234102354005010024166219
B1000044625746N00717997EA0234002354005010026172214
B1000054625742N00717998EA0234002355005010027174206
B1000064625738N00717998EA0233902355005010028175198
B1000074625734N00717999EA0233702355005010030170200
B1000084625729N00718000EA0233702355005010033165201
B1000094625724N00718002EA0233602355005010032162200
B1000104625720N00718004EA0233502354005010030162209
B1000114625716N00718006EA0233502354005010029164212
B1000124625712N00718007EA0233402353005010026167231
B1000134625708N00718008EA0233302353005010022174239
B1000144625705N00718008EA0233202353005010018186243
B1000154625703N00718007EA0233002352005010013200247
B1000164625702N00718005EA0232702352005010014244248
B1000174625701N00718002EA0232502351005010020267255
B1000184625702N00717996EA0232402351005010025278267
B1000194625703N00717990EA0232302350005010023278276
B1000204625704N00717985EA0232202349005010021285276
B1000214625706N00717981EA0232102348005010019294277
B1000224625708N00717978EA0231802347005010019296280
B1000234625709N00717975EA0231502346005010022293288
B1000244625711N00717971EA0231402345005010026301292
B1000254625714N00717966EA0231302344005010030312293
B1000264625718N00717961EA0231302343005010029319292
B1000274625721N00717957EA0231402342005010027321292
B1000284625724N00717954EA0231202341005010025319290
B1000294625727N00717950EA0231102340005010025317294
B1000304625730N00717946EA0231002339005010026318296
B1000314625734N00717942EA0230902338005010027323297
B1000324625737N00717939EA0231002336005010027327300
B1000334625741N00717936EA0230902335005010027328291
B1000344625744N00717933EA0230802334005010026324290
B1000354625747N00717929EA0230802333005010025318283
B1000364625750N00717925EA0230702332005010025312286
B1000374625752N00717921EA0230702331005010026304278
B1000384625754N00717916EA0230602330005010026301273
B1000394625756N00717911EA0230602329005010025295276
B1000404625758N00717907EA0230602329005010023294282
B1000414625759N00717902EA0230502328005010023294279
B1000424625760N00717897EA0230402327005010024296283
B1000434625762N00717893EA0230302326005010026296281
B1000444625764N00717887EA0230202325005010027294274
B1000454625765N00717882EA0230202324005010027292277
B1000464625767N00717877EA0230202323005010025292283
B1000474625768N00717872EA0230302323005010023295288
B1000484625769N00717868EA0230102322005010023301278
B1000494625771N00717863EA0230102321005010024301278
B1000504625773N00717859EA0229902320005010025296274
B1000514625775N00717854EA0229802319005010026291267
B1000524625776N00717848EA0229702318005010027287277
B1000534625777N00717843EA0229702318005010026285274
B1000544625778N00717837EA0229602317005010026285275
B1000554625779N00717832EA0229502316005010026289279
B1000564625781N00717827EA0229502315005010027294282
B1000574625782N00717821EA0229502314005010027299296
B1000584625785N00717816EA0229502313005010026305283
B1000594625787N00717812EA0229502312005010027306281
B1001004625789N00717807EA0229502312005010027304280
B1001014625791N00717802EA0229402311005010028302289
B1001024625794N00717797EA0229302310005010030307288
B1001034625797N00717791EA0229302310005010031311282
B1001044625800N00717786EA0229402309005010034312280
B1001054625803N00717781EA0229502309005010033307275
B1001064625806N00717775EA0229702309005010031300269
B1001074625808N00717769EA0229802309005010028296288
B1001084625810N00717764EA0229902310005010026297282
B1001094625812N00717759EA0230002311005010025300280
B1001104625814N00717755EA0230102311005010024301277
B1001114625815N00717750EA0230202312005010024299275
B1001124625817N00717746EA0230202312005010024295266
B1001134625819N00717741EA0230302313005010024292264
B1001144625820N00717736EA0230502314005010024289259
B1001154625821N00717731EA0230602314005010021284264
B1001164625821N00717727EA0230602315005010018276268
B1001174625821N00717723EA0230502316005010018272266
B1001184625821N00717719EA0230502316005010022272283
B1001194625822N00717714EA0230602317005010024277288
B1001204625822N00717709EA0230802317005010024288291
B1001214625824N00717705EA0230902318005010023299289
B1001224625826N00717700EA0231002318005010023305284
B1001234625828N00717696EA0231002319005010023307289
B1001244625830N00717692EA0231002320005010024305298
B1001254625832N00717688EA0231002320005010024309293
B1001264625835N00717684EA0230902321005010025313287
B1001274625837N00717681EA0231002321005010024314291
B1001284625840N00717677EA0231002321005010026308289
B1001294625842N00717672EA0231002322005010025304297
B1001304625844N00717668EA0231102322005010023309306
B1001314625847N00717664EA0231102323005010023317309
B1001324625849N00717661EA0231202323005010024330307
B1001334625853N00717659EA0231302324005010024333291
B1001344625856N00717656EA0231402324005010023327283
B1001354625858N00717653EA0231402325005010023314269
B1001364625861N00717650EA0231402325005010023301261
B1001374625862N00717645EA0231402325005010025285249
B1001384625863N00717639EA0231402326005010025272235
B1001394625862N00717634EA0231402326005010024245229
B1001404625859N00717630EA0231402326005010023222228
B1001414625856N00717628EA0231402327005010024205213
B1001424625853N00717626EA0231202327005010025198200
B1001434625849N00717624EA0231102327005010028194195
B1001444625844N00717623EA0231002326005010030181184
B1001454625840N00717624EA0230902326005010034164177
B1001464625835N00717627EA0230802325005010038146169
B1001474625831N00717632EA0230602324005010040132156
B1001484625827N00717639EA0230602324005010041122146
B1001494625824N00717648EA0230502323005010043113137
B1001504625822N00717656EA0230402322005010045105126
B1001514625821N00717666EA0230402321005010048098117
B1001524625820N00717677EA0230502321005010049092105
B1001534625820N00717688EA0230602320005010047085097
B1001544625821N00717697EA0230602320005010044075087
B1001554625823N00717706EA0230502319005010042070075
B1001564625825N00717715EA0230402319005010043066066
B1001574625829N00717723EA0230302318005010047053061
B1001584625834N00717731EA0230402318005010050044043
B1001594625839N00717738EA0230602318005010048033031
B1002004625846N00717742EA0230702318005010042023017
B1002014625851N00717745EA0230702318005010036009003
B1002024625857N00717745EA0230702318005010034356342
B1002034625861N00717744EA0230702318005010033346326
B1002044625866N00717741EA0230702318005010032333317
B1002054625870N00717737EA0230802318005010030320308
B1002064625873N00717733EA0230802318005010029307292
B1002074625875N00717728EA0230802319005010026298280
B1002084625876N00717723EA0230902319005010021280274
B1002094625876N00717718EA0230602319005010021252262
B1002104625874N00717714EA0230402319005010026230242
B1002114625872N00717709EA0230302319005010029225232
B1002124625868N00717705EA0230202319005010033217217
B1002134625864N00717701EA0230402319005010033205206
B1002144625859N00717699EA0230302319005010033188192
B1002154625854N00717700EA0230302319005010035169182
B1002164625849N00717702EA0230302319005010037150169
B1002184625844N00717707EA0230102319005010038134153
B1002194625841N00717714EA0230102319005010042120139
B1002204625838N00717722EA0230002318005010045108121
B1002214625836N00717732EA0229902318005010048098107
B1002224625836N00717742EA0229902317005010047087095
B1002234625837N00717752EA0229802317005010045072081
B1002244625840N00717761EA0229602316005010045054063
B1002254625845N00717768EA0229502315005010047032040
B1002264625851N00717772EA0229502314005010044017016
B1002274625857N00717773EA0229502314005010038354359
B1002284625862N00717771EA0229502313005010033334336
B1002294625866N00717768EA0229602312005010031322317
B1002304625869N00717763EA0229502312005010027316302
B1002314625872N00717759EA0229502311005010027308297
B1002324625874N00717754EA0229502311005010024296292
B1002334625875N00717750EA0229402310005010022278278
B1002344625874N00717740EA0229302309005010022255265
B1002354625873N00717736EA0229202308005010022249253
B1002364625872N00717731EA0229102308005010023243246
B1002374625870N00717727EA0229002307005010024239246
B1002384625868N00717722EA0228902306005010025234240
B1002394625865N00717718EA0228802305005010026230252
B1002404625863N00717714EA0228802305005010026230255
B1002414625860N00717709EA0228602304005010026237267
B1002424625859N00717704EA0228502303005010025253270
B1002434625859N00717699EA0228502302005010025274274
B1002444625859N00717693EA0228402301005010025289283
B1002454625861N00717688EA0228302301005010026294289
B1002464625863N00717683EA0228302300005010026296297
B1002474625865N00717679EA0228102299005010025300298
B1002484625867N00717674EA0228002298005010026304293
B1002494625869N00717670EA0227902297005010027308304
B1002504625872N00717665EA0227702296005010028310284
B1002514625875N00717660EA0227802295005010029305279
B1002524625877N00717655EA0227802295005010028296273
B1002534625879N00717650EA0227702294005010026288272
B1002544625879N00717645EA0227702293005010024280279
B1002554625880N00717640EA0227602292005010024279284
B1002564625881N00717635EA0227402291005010025282285
B1002574625882N00717629EA0227402290005010026287294
B1002584625883N00717624EA0227402289005010026294298
B1002594625885N00717619EA0227402288005010026299297
B1003004625887N00717614EA0227402288005010024306300
B1003014625889N00717610EA0227502287005010023309305
B1003024625892N00717606EA0227502286005010024311303
B1003034625894N00717602EA0227402286005010024313311
B1003044625897N00717599EA0227402285005010024316314
B1003054625899N00717595EA0227402284005010024320315
B1003064625902N00717592EA0227302284005010025321305
B1003074625905N00717588EA0227302283005010027320307
B1003084625909N00717585EA0227202283005010028322296
B1003094625912N00717581EA0227302282005010029321316
B1003104625915N00717577EA0227202282005010028327305
B1003114625919N00717574EA0227302282005010028334313
B1003124625923N00717571EA0227202281005010028331316
B1003134625927N00717568EA0227202281005010029326310
B1003144625930N00717564EA0227202281005010029320306
B1003154625933N00717560EA0227402281005010030317301
B1003164625936N00717556EA0227502281005010025316299
B1003174625939N00717552EA0227502281005010022322304
B1003184625941N00717550EA0227402281005010021321301
B1003194625944N00717547EA0227302282005010023318313
B1003204625946N00717543EA0227302282005010027310305
B1003214625949N00717538EA0227302282005010028313326
B1003224625952N00717535EA0227302282005010028325331
B1003234625956N00717532EA0227302282005010030341327
B1003244625961N00717530EA0227302282005010032348334
B1003254625965N00717529EA0227302282005010031349336
B1003264625970N00717528EA0227302282005010031346338
B1003274625974N00717526EA0227302282005010031345349
B1003284625979N00717524EA0227202282005010031346337
B1003294625983N00717523EA0227102282005010032350350
B1003304625988N00717522EA0227102282005010034352339
B1003314625993N00717521EA0227102281005010034354340
B1003324625998N00717521EA0227202281005010033355335
B1003334626003N00717520EA0227002281005010031356340
B1003344626008N00717520EA0226902281005010031357341
B1003354626012N00717520EA0226802280005010032359347
B1003364626017N00717520EA0226602279005010034001333
B1003374626023N00717520EA0226602278005010036002341
B1003384626028N00717520EA0226502277005010036003323
B1003394626033N00717521EA0226402276005010034359319
B1003404626038N00717520EA0226202275005010033351326
B1003414626043N00717519EA0226102274005010033346333
B1003424626048N00717517EA0226102273005010034352329
B1003434626053N00717517EA0226102272005010034359337
B1003444626058N00717517EA0226002271005010034003332
B1003454626062N00717518EA0226002270005010030003338
B1003464626067N00717518EA0225802269005010029003338
B1003474626071N00717518EA0225702268005010032001342
B1003484626076N00717519EA0225602267005010033002349
B1003494626081N00717519EA0225502267005010032003351
B1003504626085N00717520EA0225402266005010031007357
B1003514626090N00717521EA0225302265005010033012343
B1003524626095N00717522EA0225202264005010036009349
B1003534626101N00717523EA0225002262005010037006338
B1003544626106N00717524EA0225002261005010036002343
B1003554626111N00717524EA0224902259005010036359346
B1003564626117N00717524EA0224802258005010037358346
B1003574626123N00717524EA0224602257005010038357332
B1003594626128N00717523EA0224602256005010036355343
B1004004626133N00717522EA0224302254005010034354341
B1004014626138N00717522EA0224202253005010034354353
B1004024626143N00717521EA0224102252005010036357345
B1004034626149N00717521EA0224002251005010038001340
B1004044626155N00717522EA0223902250005010038003343
B1004054626160N00717522EA0223802249005010036000335
B1004064626165N00717522EA0223702248005010031355337
B1004074626170N00717521EA0223502247005010031353332
B1004084626174N00717520EA0223502246005010032349336
B1004094626180N00717518EA0223302245005010038348320
B1004104626185N00717517EA0223302244005010038347324
B1004114626191N00717515EA0223402243005010036345323
B1004124626196N00717512EA0223402242005010035341334
B1004134626205N00717507EA0223202240005010036336324
B1004154626216N00717500EA0223202238005010038337350
B1004164626221N00717497EA0223302237005010039342334
B1004174626226N00717495EA0223602237005010033344325
B1004184626231N00717492EA0223802237005010030333292
B1004194626234N00717488EA0223902238005010031315275
B1004204626237N00717483EA0223802239005010031286268
B1004214626237N00717476EA0223702239005010036265260
B1004224626236N00717468EA0223802240005010037248249
B1004234626234N00717461EA0224102241005010031248246
B1004244626232N00717456EA0224302243005010021243234
B1004254626230N00717453EA0224302245005010019227218
B1004264626228N00717450EA0224002247005010022217220
B1004274626225N00717447EA0223802248005010028213209
B1004284626221N00717444EA0223702249005010031200195
B1004294626216N00717443EA0223702249005010031174184
B1004304626212N00717445EA0223502249005010033144168
B1004314626208N00717451EA0223402249005010037122144
B1004324626206N00717458EA0223302248005010037106124
B1004334626205N00717466EA0223302248005010036088106
B1004344626206N00717474EA0223202248005010039075086
B1004354626209N00717483EA0222902247005010042058071
B1004364626213N00717490EA0222902247005010044042050
B1004374626219N00717495EA0222902246005010047023034
B1004384626225N00717498EA0222902246005010048009012
B1004394626232N00717499EA0223002245005010043353359
B1004404626239N00717497EA0223002245005010040340341
B1004414626244N00717493EA0222902244005010040327326
B1004424626249N00717488EA0222902243005010040320311
B1004434626254N00717482EA0222802243005010040320304
B1004444626258N00717476EA0222802242005010039320306
B1004454626263N00717471EA0222902242005010040321309
B1004464626268N00717466EA0223002241005010039323318
B1004474626273N00717461EA0223202241005010040326331
B1004484626278N00717456EA0223302241005010041331341
B1004494626283N00717453EA0223302240005010040340348
B1004504626289N00717451EA0223402240005010041358000
B1004514626296N00717452EA0223302240005010044012014
B1004524626302N00717455EA0223402240005010046024028
B1004534626307N00717461EA0223502239005010042046040
B1004544626311N00717467EA0223302239005010037049064
B1004554626313N00717474EA0223102239005010034092068
B1004564626312N00717481EA0223002238005010034119111
B1004574626308N00717487EA0223002237005010035135138
B1004584626304N00717492EA0223202236005010030149152
B1004594626300N00717494EA0223402235005010025162170
B1005004626296N00717496EA0223502235005010021166186
B1005014626293N00717496EA0223502234005010018186191
B1005024626290N00717495EA0223402233005010022216205
B1005034626287N00717491EA0223302233005010025233223
B1005044626285N00717486EA0223402232005010031250237
B1005054626284N00717479EA0223502231005010032264250
B1005064626284N00717472EA0223602231005010031278263
B1005074626285N00717465EA0223402230005010035285272
B1005084626287N00717458EA0223502229005010034301278
B1005094626290N00717452EA0223502229005010039322291
B1005104626295N00717447EA0223602228005010040330313
B1005114626301N00717443EA0223602228005010043337322
B1005124626307N00717439EA0223802228005010041344331
B1005134626313N00717437EA0223802228005010042349343
B1005144626319N00717435EA0223802229005010039350345
B1005154626325N00717434EA0223802229005010038347347
B1005174626330N00717432EA0223702229005010041348352
B1005184626337N00717431EA0223802229005010044350357
B1005194626343N00717430EA0223702230005010047354007
B1005204626350N00717429EA0223802230005010047000011
B1005214626357N00717430EA0223802230005010047005029
B1005224626364N00717431EA0223902230005010046013032
B1005234626371N00717435EA0223902231005010044026040
B1005244626377N00717440EA0223902231005010043041050
B1005254626381N00717447EA0223902231005010043049066
B1005264626384N00717454EA0223902231005010038068076
B1005274626385N00717462EA0223902231005010033088095
B1005284626384N00717468EA0223902231005010033117116
B1005294626381N00717474EA0223902231005010034146142
B1005304626376N00717477EA0224002231005010035167165
B1005314626371N00717478EA0224102231005010030178181
B1005324626366N00717476EA0224302230005010033204190
B1005334626364N00717471EA0224202230005010029258210
B1005344626364N00717464EA0224102230010019036290250
B1005354626367N00717456EA0224102230010019042308280
B1005364626372N00717449EA0224102229010019045321300
B1005374626377N00717443EA0224002229010019044332313
B1005384626384N00717439EA0224002229010019043347325
B1005394626390N00717438EA0223902229010019043001342
B1005404626397N00717438EA0223802229010019045012358
B1005414626404N00717440EA0223802229010019048017011
B1005424626411N00717443EA0223702228010019049019018
B1005434626417N00717447EA0223602228010019048025021
B1005444626423N00717452EA0223602227010019044040027
B1005454626427N00717459EA0223602227010019040070046
B1005464626428N00717467EA0223702227005010035080080
B1005474626428N00717474EA0223602227005010031088096
B1005484626428N00717481EA0223502226005010028098109
B1005494626427N00717487EA0223502226005010029110118
B1005504626425N00717493EA0223402226005010031115123
B1005514626423N00717499EA0223502226005010031111117
B1005524626421N00717505EA0223602226005010029105109
B1005534626420N00717511EA0223502226005010029103097
B1005544626419N00717518EA0223502227005010028096092
B1005554626419N00717524EA0223402227005010034081091
B1005564626420N00717532EA0223302227005010040071077
B1005574626423N00717541EA0223402228005010046065065
B1005584626430N00717559EA0223602228005010046054059
B1005594626434N00717567EA0223602228005010044048041
B1006004626439N00717573EA0223602229005010040041042
B1006014626444N00717578EA0223502229005010039030038
B1006024626449N00717583EA0223502230005010043025028
B1006034626455N00717587EA0223502230005010047026022
B1006044626461N00717592EA0223602231005010048027024
B1006054626468N00717597EA0223702232005010045027014
B1006064626474N00717601EA0223802234005010043022011
B1006074626480N00717604EA0223802235005010044013003
B1006084626487N00717605EA0223902237005010048359356
B1006094626494N00717604EA0224002238005010051349339
B1006104626501N00717601EA0224102240005010049339331
B1006114626508N00717596EA0224102241005010045330317
B1006124626512N00717591EA0224102243005010037314310
B1006134626516N00717584EA0224002243005010036302293
B1006144626517N00717577EA0224002244005010037275282
B1006154626517N00717569EA0224002244005010034261255
B1006164626516N00717563EA0224102245005010026243244
B1006174626514N00717559EA0224102246005010020213227
B1006184626511N00717558EA0223802246005010019184201
B1006194626508N00717558EA0223602247005010022170179
B1006204626505N00717560EA0223602247005010022158164
B1006214626502N00717562EA0223402248005010025150150
B1006234626499N00717565EA0223302248005010028134142
B1006244626495N00717578EA0223202247005010036093114
B1006254626496N00717586EA0223102247005010041076097
B1006264626498N00717595EA0223002246005010044068081
B1006274626501N00717604EA0223202245005010044057073
B1006284626505N00717612EA0223202245005010045048059
B1006294626510N00717619EA0223102245005010045041051
B1006304626515N00717625EA0223302245005010044032044
B1006324626522N00717630EA0223202244005010047024031
B1006334626529N00717634EA0223402244005010050017022
B1006344626536N00717636EA0223602244005010048004014
B1006354626543N00717635EA0223502244005010045347359
B1006364626549N00717631EA0223502243005010046332339
B1006374626555N00717626EA0223702243005010043324322
B1006384626559N00717620EA0223702243005010040314311
B1006394626563N00717614EA0223702244005010033304300
B1006404626565N00717608EA0223502244005010031288287
B1006414626565N00717602EA0223402244005010026262271
B1006424626564N00717597EA0223302244005010026246244
B1006434626562N00717592EA0223302243005010024236227
B1006444626559N00717589EA0223102243005010022216217
B1006454626556N00717587EA0223002242005010018189203
B1006464626553N00717588EA0222902242005010019153184
B1006474626551N00717591EA0222702242005010025129161
B1006484626549N00717596EA0222702241005010029110142
B1006494626548N00717602EA0222602240005010034091124
B1006504626548N00717610EA0222502240005010039080105
B1006514626550N00717619EA0222502239005010043072093
B1006524626552N00717628EA0222502238005010047063082
B1006534626556N00717637EA0222602238005010050057073
B1006544626560N00717646EA0222602237005010050053062
B1006554626564N00717655EA0222702236005010048049052
B1006564626569N00717663EA0222702236005010046045046
B1006574626574N00717670EA0222702235005010046042041
B1006584626579N00717676EA0222702235005010048038037
B1006594626585N00717683EA0222702234005010049036036
B1007004626591N00717689EA0222602234005010048037031
B1007014626597N00717695EA0222802233005010050038026
B1007024626609N00717709EA0223002233005010053034021
B1007034626616N00717715EA0223102234005010050029010
B1007044626622N00717719EA0223202236005010047023007
B1007054626629N00717722EA0223402237005010043013001
B1007064626635N00717723EA0223402238005010041359351
B1007074626641N00717722EA0223402239005010041340337
B1007084626646N00717717EA0223502240005010043325314
B1007094626651N00717711EA0223502241005010043309301
B1007104626654N00717703EA0223502242005010042297279
B1007114626657N00717695EA0223502243005010038283270
B1007124626657N00717686EA0223402243005010036269249
B1007134626656N00717679EA0223502243005010033253243
B1007144626654N00717673EA0223602243005010027233227
B1007154626652N00717670EA0223402243005010023204211
B1007164626648N00717669EA0223502244005010025179189
B1007174626644N00717670EA0223402244005010027160169
B1007184626640N00717673EA0223502244005010028143156
B1007194626637N00717678EA0223502244005010032118141
B1007204626635N00717685EA0223602245005010036101122
B1007214626635N00717693EA0223702245005010038091109
B1007224626635N00717701EA0223602245005010036089094
B1007234626635N00717710EA0223702246005010037087091
B1007244626636N00717718EA0223602246005010040082085
B1007254626637N00717727EA0223602247005010046074074
B1007264626640N00717736EA0223702247005010047057068
B1007274626644N00717744EA0223902247005010047040054
B1007284626650N00717750EA0223902248005010048030039
B1007294626656N00717755EA0224302248005010046030031
B1007304626662N00717760EA0224502249005010046024024
B1007314626669N00717764EA0224702251005010045018016
B1007324626675N00717766EA0224702252005010043010008
B1007334626681N00717767EA0224702253005010040359000
B1007344626687N00717765EA0224702253005010040343349
B1007354626693N00717762EA0224502253005010043331326
B1007364626698N00717757EA0224602254005010043324315
B1007374626703N00717751EA0224602254005010041325306
B1007384626708N00717746EA0224702254005010038323305
B1007394626712N00717741EA0224602254005010036320295
B1007404626716N00717736EA0224502254005010037312299
B1007414626719N00717729EA0224302254005010037304288
B1007424626723N00717722EA0224402254005010040303285
B1007434626726N00717715EA0224502254005010039310285
B1007444626730N00717710EA0224502254005010034313266
B1007454626733N00717704EA0224502254005010029307266
B1007464626735N00717700EA0224402254005010024290261
B1007474626735N00717694EA0224202253005010026269245
B1007484626735N00717689EA0224202252005010027263232
B1007494626734N00717684EA0224102252005010022256221
B1007504626732N00717680EA0224102251005010017238221
B1007514626730N00717678EA0223902251005010017207204
B1007524626728N00717677EA0223902250005010018186184
B1007534626725N00717677EA0223702250005010021160173
B1007544626722N00717680EA0223502250005010026140158
B1007554626719N00717684EA0223402249005010032120142
B1007564626717N00717691EA0223202248005010040103124
B1007574626717N00717701EA0223202247005010045087109
B1007584626718N00717710EA0223202246005010048070091
B1007594626721N00717720EA0223102245005010047055077
B1008004626725N00717727EA0223102244005010043045062
B1008014626730N00717733EA0223002243005010043033052
B1008024626736N00717738EA0222902242005010043029035
B1008034626742N00717742EA0223002241010019043024032
B1008044626748N00717746EA0222902240005010040023021
B1008054626753N00717750EA0222802240005010036027032
B1008064626758N00717753EA0222502238005010034029011
B1008074626762N00717757EA0222302237005010037033025
B1008084626767N00717761EA0222102235005010042027015
B1008094626774N00717765EA0221802232005010048019014
B1008104626781N00717768EA0221702230005010050013005
B1008114626788N00717770EA0221602227005010048007004
B1008124626795N00717771EA0221502225005010044004007
B1008134626801N00717772EA0221402223005010042005023
B1008144626807N00717773EA0221102221005010041014022
B1008154626814N00717776EA0220902219005010044020021
B1008164626820N00717780EA0220702216005010046023032
B1008174626826N00717784EA0220502214005010046025009
B1008184626832N00717788EA0220102212005010047026000
B1008194626839N00717792EA0219902209005010048022004
B1008204626846N00717796EA0219502206005010051012352
B1008214626854N00717797EA0219302203005010053004350
B1008224626862N00717797EA0219202200005010052356348
B1008234626869N00717797EA0219002197005010046356329
B1008244626876N00717796EA0218802195005010044354339
B1008254626882N00717795EA0218402192005010044353326
B1008264626889N00717793EA0218002189005010047346316
B1008274626896N00717789EA0218002186005010050333312
B1008284626902N00717784EA0218002184005010046328301
B1008294626907N00717779EA0218002181005010036318300
B1008304626911N00717774EA0218002180005010033322296
B1008314626915N00717770EA0218002179005010033328296
B1008324626919N00717766EA0217902178005010034322284
B1008334626923N00717761EA0217602177005010036311278
B1008344626926N00717754EA0217602175005010038300279
B1008354626929N00717747EA0217602174005010038301288
B1008364626932N00717740EA0217602173005010036305292
B1008374626935N00717734EA0217602173005010033310284
B1008384626938N00717729EA0217502172005010032312281
B1008394626941N00717724EA0217402172005010031308264
B1008404626944N00717718EA0217202171005010030296255
B1008414626945N00717712EA0217202170005010029286248
B1008424626946N00717706EA0217002170005010027272232
B1008434626945N00717701EA0216802169005010026252231
B1008444626944N00717696EA0216702168005010026242225
B1008454626942N00717692EA0216402167005010026233226
B1008464626939N00717688EA0216202166005010029228219
B1008474626936N00717683EA0216102166005010028223213
B1008484626933N00717680EA0216102165005010026219210
B1008494626930N00717677EA0216002164005010023214202
B1008504626927N00717674EA0215902163005010022210203
B1008514626924N00717671EA0215702163005010023207203
B1008524626921N00717669EA0215602162005010026204206
B1008534626917N00717666EA0215402161005010028208213
B1008544626914N00717663EA0215302160005010027212205
B1008554626910N00717660EA0215202159005010027213205
B1008564626907N00717657EA0215102158005010027211197
B1008574626904N00717654EA0215002157005010025211213
B1008584626901N00717651EA0214802156005010025214209
B1008594626898N00717648EA0214602155005010025218202
B1009004626895N00717645EA0214302154005010025214197
B1009014626892N00717642EA0214102152005010027201190
B1009024626888N00717640EA0213902151005010028193200
B1009034626884N00717639EA0213602149005010029184191
B1009044626880N00717638EA0213502147005010028183223
B1009054626876N00717638EA0213302145005010025186212
B1009064626872N00717637EA0213202144005010020194216
B1009074626870N00717636EA0212902142005010019198212
B1009084626868N00717634EA0212402140005010016206208
B1009094626865N00717632EA0212002138005010023209204
B1009104626862N00717629EA0211802136005010024215207
B1009114626859N00717626EA0211702134005010032207223
B1009124626855N00717622EA0211602132005010025204221
B1009134626852N00717620EA0211502130005010020215226
B1009144626850N00717617EA0211202128005010020230222
B1009154626848N00717613EA0211002126005010022231223
B1009164626845N00717609EA0210902124005010024226225
B1009174626843N00717605EA0210602122005010025225223
B1009184626840N00717600EA0210502120005010026229223
B1009194626838N00717596EA0210302118005010026231226
B1009204626835N00717591EA0210102116005010025227221
B1009214626833N00717587EA0209802114005010026224221
B1009224626830N00717583EA0209702112005010028222224
B1009234626827N00717579EA0209502110005010027220214
B1009244626824N00717575EA0209402108005010025220203
B1009254626821N00717572EA0209202106005010022208188
B1009264626818N00717571EA0209102104005010024195197
B1009274626814N00717570EA0208902102005010025192209
B1009284626810N00717568EA0208602100005010026199218
B1009294626807N00717566EA0208402098005010027211215
B1009304626804N00717562EA0208302096005010027219209
B1009314626800N00717559EA0208002094005010027213201
B1009324626797N00717556EA0207802092005010027204205
B1009334626793N00717554EA0207502089005010028201205
B1009344626789N00717551EA0207302087005010029206211
B1009354626785N00717549EA0207002085005010029211198
B1009364626782N00717545EA0206802082005010029210196
B1009374626778N00717542EA0206902080005010026202201
B1009384626775N00717541EA0206702078005010024197199
B1009394626771N00717539EA0206602076005010024194196
B1009404626767N00717538EA0206602074005010025190198
B1009414626763N00717538EA0206502072005010026186198
B1009424626759N00717537EA0206502070005010027185192
B1009434626755N00717537EA0206502068005010028186210
B1009444626751N00717536EA0206502066005010027193201
B1009454626747N00717535EA0206402065005010025194201
B1009464626744N00717533EA0206302064005010023200205
B1009474626740N00717531EA0206202062005010023203200
B1009484626737N00717529EA0206002061005010027204203
B1009494626733N00717527EA0205902059005010030204206
B1009504626729N00717524EA0205902058005010029204204
B1009514626725N00717521EA0205902057005010028204202
B1009524626721N00717518EA0205702056005010028205200
B1009534626717N00717516EA0205502055005010030205200
B1009544626713N00717513EA0205402054005010032206209
B1009564626709N00717510EA0205302053005010031203200
B1009574626699N00717505EA0205402052005010031194205
B1009594626695N00717503EA0205602051005010027185207
B1010004626687N00717504EA0205702051005010023173191
B1010024626684N00717504EA0205902050005010023170209
B1010034626681N00717505EA0206002050005010022179190
B1010044626678N00717504EA0206202050005010021188194
B1010054626675N00717504EA0206302050005010020195190
B1010064626672N00717502EA0206502050005010017196196
B1010074626670N00717501EA0206602050005010015194198
B1010084626668N00717501EA0206602050005010014189199
B1010094626666N00717500EA0206702050005010013174207
B1010104626664N00717501EA0206702050005010014174203
B1010114626662N00717501EA0206702050005010015187211
B1010124626660N00717500EA0206602050005010018202205
B1010134626657N00717498EA0206602051005010021208202
B1010144626654N00717496EA0206502051005010022209188
B1010154626651N00717493EA0206602051005010021201194
B1010164626648N00717492EA0206602051005010019197189
B1010174626645N00717491EA0206602052005010018193193
B1010184626642N00717490EA0206602052005010018190186
B1010194626639N00717489EA0206402052005010018187183
B1010204626636N00717489EA0206302053005010020186179
B1010214626633N00717488EA0206202053005010023184179
B1010224626630N00717488EA0206202053005010024182174
B1010234626626N00717488EA0206302054005010024173174
B1010244626623N00717489EA0206302054005010023160173
B1010254626620N00717491EA0206302054005010021155180
B1010264626617N00717493EA0206202054005010021155183
B1010274626613N00717495EA0206002054005010025161191
B1010284626610N00717496EA0206002054005010027168189
B1010294626606N00717497EA0205902054005010028172180
B1010304626602N00717498EA0205902054005010026171190
B1010314626598N00717499EA0205902054005010025166194
B1010324626594N00717500EA0205702054005010024165189
B1010334626591N00717501EA0205602054005010024171192
B1010344626587N00717502EA0205502054005010026177198
B1010354626583N00717501EA0205502054005010026180191
B1010364626580N00717501EA0205302054005010026181191
B1010374626576N00717501EA0205202053005010025179194
B1010384626572N00717501EA0205102053005010025176190
B1010394626568N00717501EA0204902052005010027178186
B1010404626564N00717501EA0204702051005010028179195
B1010414626560N00717501EA0204602050005010029176199
B1010424626556N00717501EA0204502049005010030177200
B1010434626551N00717502EA0204402048005010029181207
B1010444626547N00717501EA0204202047005010027184208
B1010454626543N00717500EA0204102045005010027186210
B1010464626539N00717499EA0203902044005010028189219
B1010474626535N00717498EA0203702043005010029191217
B1010484626531N00717497EA0203502041005010031198216
B1010494626526N00717494EA0203302040005010031202205
B1010504626522N00717491EA0203102038005010031203201
B1010514626518N00717489EA0203002036005010032197200
B1010524626513N00717487EA0202802034005010034192214
B1010534626508N00717485EA0202602033005010036193207
B1010544626503N00717483EA0202602031005010033199194
B1010554626499N00717480EA0202602030005010030198181
B1010564626495N00717479EA0202502028005010027189179
B1010574626491N00717478EA0202302027005010026178173
B1010584626487N00717479EA0202102026005010026170186
B1010594626483N00717480EA0201902024005010026168179
B1011004626479N00717481EA0201902023005010029167183
B1011014626475N00717483EA0201802022005010028165178
B1011024626471N00717484EA0201602020005010026164179
B1011034626468N00717486EA0201502019005010024166182
B1011044626464N00717487EA0201302018005010025168185
B1011054626460N00717488EA0201102016005010026176178
B1011064626456N00717488EA0201002015005010028180187
B1011074626452N00717488EA0200902014005010028179178
B1011084626448N00717487EA0200902013005010026180184
B1011094626445N00717487EA0200702012005010021188191
B1011104626442N00717486EA0200602011005010022191189
B1011114626438N00717485EA0200402009005010026195188
B1011124626435N00717483EA0200402008005010029196213
B1011134626430N00717481EA0200302007005010029195211
B1011144626427N00717479EA0200302006005010024199207
B1011154626424N00717478EA0200102005005010022200197
B1011164626421N00717476EA0200002004005010023199195
B1011174626418N00717474EA0199802004005010024197184
B1011184626414N00717473EA0199702003005010026194196
B1011194626411N00717471EA0199502002005010024191193
B1011204626407N00717470EA0199402001005010024190192
B1011214626404N00717469EA0199301999005010025190195
B1011224626400N00717468EA0199201998005010027183191
B1011234626396N00717468EA0199201997005010029176193
B1011244626391N00717469EA0199101996005010031173191
B1011254626386N00717470EA0199101996005010030175188
B1011264626382N00717470EA0199101995005010027178181
B1011274626378N00717470EA0199001995005010026173180
B1011284626375N00717471EA0198801994005010024163185
B1011294626371N00717473EA0198701993005010026165192
B1011304626367N00717474EA0198601992005010034171201
B1011314626361N00717475EA0198601992005010036174206
B1011324626356N00717476EA0198501991005010033177214
B1011334626352N00717475EA0198501991005010027185206
B1011344626348N00717475EA0198401990005010024194211
B1011354626345N00717473EA0198401990005010025197208
B1011364626341N00717471EA0198301989005010027198209
B1011374626337N00717469EA0198301989005010026194203
B1011384626334N00717468EA0198201988005010024191201
B1011394626330N00717467EA0198001988005010024190200
B1011404626327N00717465EA0197901987005010026192193
B1011414626323N00717464EA0197901986005010028190188
B1011424626318N00717463EA0198001986005010029181189
B1011434626314N00717464EA0198001986005010028174183
B1011444626310N00717464EA0198101986005010026170182
B1011454626307N00717465EA0198001986005010024164191
B1011464626303N00717467EA0198001986005010023157190
B1011474626300N00717469EA0197901985005010024160182
B1011484626297N00717470EA0197901985005010025167201
B1011494626292N00717471EA0198001985005010030178183
B1011504626288N00717471EA0198101985005010028175198
B1011514626284N00717471EA0198101985005010023183210
B1011524626278N00717468EA0198001986005010023204208
B1011534626275N00717466EA0198001986005010024214207
B1011544626272N00717462EA0198201986005010025216215
B1011554626269N00717459EA0198301987005010024212199
B1011564626266N00717457EA0198601987005010017205213
B1011574626264N00717456EA0198701988005010013194216
B1011584626262N00717456EA0198801988005010010179209
B1011594626261N00717456EA0198701989005010008182204
B1012004626259N00717455EA0198601989005010010183190
B1012014626257N00717455EA0198601990005010014193197
B1012024626255N00717454EA0198701990005010021194184
B1012034626252N00717453EA0198801990005010020178184
B1012044626249N00717453EA0198801991005010019173191
B1012054626246N00717454EA0198701991005010017172186
B1012064626243N00717454EA0198601991005010024181184
B1012074626239N00717454EA0198401992005010027175164
B1012084626235N00717455EA0198401991005010029165178
B1012094626231N00717457EA0198401991005010029158185
B1012104626227N00717459EA0198201991005010027161191
B1012114626223N00717461EA0198201990005010024169196
B1012124626219N00717462EA0198001990005010024173208
B1012134626216N00717462EA0198001989005010025184208
B1012144626212N00717461EA0197901989005010025197212
B1012154626209N00717458EA0198001989005010023211210
B1012164626206N00717455EA0198001989005010022216200
B1012174626203N00717453EA0198101988005010019207211
B1012184626201N00717451EA0198101988005010019203212
B1012194626198N00717449EA0197901988005010020211213
B1012204626196N00717446EA0197801987005010023217218
B1012214626193N00717443EA0197701987005010025219207
B1012224626190N00717439EA0197601986005010025218203
B1012234626187N00717435EA0197601986005010024210194
B1012244626184N00717433EA0197501985005010023200187
B1012254626181N00717431EA0197301985005010023193191
B1012264626178N00717430EA0197001984005010023188196
B1012274626174N00717429EA0196901983005010026193209
B1012284626170N00717427EA0196701983005010029202234
B1012294626167N00717424EA0196501982005010029222244
B1012304626164N00717420EA0196401981005010028234258
B1012314626163N00717414EA0196301980005010032273269
B1012324626163N00717407EA0196001979005010030281289
B1012334626166N00717401EA0195901977005010031306294
B1012344626170N00717397EA0195801976005010042338309
B1012354626176N00717395EA0195601975005010046355339
B1012364626184N00717395EA0195601973005010045001354
B1012374626191N00717398EA0195501971005010045011357
B1012384626197N00717401EA0195501969005010042020008
B1012394626203N00717405EA0195301967005010042020006
B1012404626210N00717408EA0195201965005010041016001
B1012414626216N00717409EA0195101964005010041003358
B1012424626223N00717410EA0195101962005010041358346
B1012434626229N00717409EA0195101960005010041352348
B1012444626235N00717408EA0195001958005010040351338
B1012454626241N00717406EA0194901956005010039352340
B1012464626247N00717405EA0194801955005010038352344
B1012474626253N00717404EA0194801953005010039350342
B1012484626259N00717403EA0194701952005010041349329
B1012494626265N00717401EA0194801950005010040346344
B1012504626271N00717398EA0194701949005010038345320
B1012514626276N00717396EA0194501948005010035341322
B1012524626281N00717394EA0194301947005010035342329
B1012534626286N00717391EA0194201945005010038341330
B1012544626291N00717389EA0194201944005010039340334
B1012554626297N00717386EA0194401942005010039341353
B1012564626302N00717384EA0194501941005010037349355
B1012574626308N00717383EA0194701941005010036355013
B1012594626313N00717383EA0194701941005010040004030
B1013004626320N00717385EA0194701941005010044019042
B1013014626326N00717389EA0194801941005010046028062
B1013024626332N00717394EA0194901941005010045034068
B1013034626337N00717400EA0195001941005010046039077
B1013044626342N00717406EA0195101942005010042040078
B1013054626346N00717412EA0195101942005010039039073
B1013064626351N00717418EA0195101942005010037035067
B1013074626352N00717421EA0195001942005010012185060
B1013084626349N00717420EA0194901942005010014192201
B1013094626346N00717420EA0194701942005010016200211
B1013104626343N00717419EA0194701942005010017207217
B1013114626340N00717418EA0194701942005010017221218
B1013124626337N00717416EA0194701942010019022223231
B1013134626333N00717413EA0194601942010019022219230
B1013144626329N00717411EA0194501942010019023219233
B1013154626326N00717408EA0194201942010019023226242
B1013164626323N00717404EA0194101942010019023228245
B1013174626319N00717400EA0194101941010019028234253
B1013184626315N00717394EA0194001941010019033248257
B1013194626312N00717386EA0193901942010019032256265
B1013204626310N00717378EA0194001942005010031276271
B1013214626310N00717370EA0194001942005010033300286
B1013224626313N00717364EA0194101942005010034304300
B1013234626316N00717358EA0194101942005010028312300
B1013244626319N00717354EA0194101942005010028337304
B1013254626324N00717354EA0194101942005010040005325
B1013264626330N00717355EA0194101942005010039008004
B1013274626335N00717356EA0194001942005010039009005
B1013284626341N00717358EA0193901942005010042012009
B1013294626347N00717360EA0193901941005010045011006
B1013304626354N00717362EA0194101941005010046012006
B1013314626360N00717365EA0194301940005010045012000
B1013324626366N00717366EA0194601941005010039011352
B1013334626371N00717368EA0194701942005010032008335
B1013344626375N00717368EA0194701943005010031003332
B1013354626380N00717368EA0194801944005010031353319
B1013364626384N00717366EA0194901945005010031334312
B1013374626387N00717362EA0194901945005010029303296
B1013384626389N00717356EA0194901946005010031273269
B1013394626388N00717349EA0195101946005010033253247
B1013404626386N00717343EA0195201947005010028242230
B1013414626383N00717339EA0195201948005010026207220
B1013424626379N00717337EA0195001948005010026180196
B1013434626375N00717339EA0195101949005010030158177
B1013444626370N00717343EA0195201950005010034139160
B1013454626367N00717348EA0195201951005010034119144
B1013464626365N00717355EA0195201951005010034100127
B1013474626365N00717363EA0195201952005010036071110
B1013484626368N00717370EA0195101953005010037052080
B1013494626372N00717376EA0195201953005010040036057
B1013504626377N00717380EA0195201953005010040020037
B1013514626383N00717382EA0195301954005010042001017
B1013524626390N00717381EA0195401954005010039346355
B1013534626395N00717378EA0195501954005010036335337
B1013544626399N00717374EA0195601955005010030308324
B1013554626401N00717368EA0195501955005010027284293
B1013564626401N00717362EA0195501955005010026260269
B1013574626400N00717357EA0195601955005010027239248
B1013584626397N00717353EA0195501956005010029210231
B1013594626392N00717351EA0195401956005010030183208
B1014004626388N00717352EA0195401956005010031159187
B1014014626380N00717361EA0195401956005010035121167
B1014024626378N00717369EA0195501956005010036101132
B1014034626378N00717376EA0195401956005010038085113
B1014044626379N00717385EA0195501956005010041073095
B1014054626382N00717393EA0195601956005010040059081
B1014064626385N00717399EA0195801956005010039043065
B1014074626390N00717404EA0195901957005010038029047
B1014084626395N00717408EA0195901957005010038016030
B1014094626400N00717409EA0196001957005010036358013
B1014104626406N00717407EA0195901957005010037339350
B1014114626410N00717403EA0196001957005010036321330
B1014124626414N00717398EA0196101957005010031302310
B1014134626415N00717392EA0196201958005010027282289
B1014144626415N00717386EA0196101958005010025257267
B1014154626414N00717381EA0196001958005010026240243
B1014164626411N00717377EA0196201958005010027217228
B1014174626407N00717374EA0196201958005010030196207
B1014184626402N00717373EA0196201959005010034171191
B1014194626397N00717376EA0196401959005010036148167
B1014204626393N00717381EA0196501961005010037133146
B1014214626390N00717387EA0196701962005010032111135
B1014224626389N00717395EA0196701963005010034091117
B1014234626390N00717403EA0196701965005010041080097
B1014244626391N00717412EA0196901966005010045070084
B1014254626394N00717420EA0197001967005010044054070
B1014264626399N00717426EA0197101968005010041033053
B1014274626405N00717430EA0197101969005010040012029
B1014284626411N00717430EA0197201970005010039351005
B1014294626416N00717427EA0197201971005010038332341
B1014304626420N00717423EA0197301972005010035321320
B1014314626423N00717417EA0197401972005010029292308
B1014324626424N00717412EA0197401973005010023269280
B1014334626423N00717407EA0197401974005010023256253
B1014344626422N00717402EA0197301974005010023250242
B1014354626421N00717397EA0197201975005010026235228
B1014364626418N00717392EA0197101975005010028217217
B1014374626414N00717390EA0197301975005010035190201
B1014384626408N00717390EA0197401976005010038170179
B1014394626403N00717392EA0197701977005010035153168
B1014404626399N00717396EA0197801979005010030141153
B1014414626396N00717400EA0198001981005010028126147
B1014424626394N00717405EA0198101982005010028110135
B1014434626392N00717412EA0198001983005010030102119
B1014444626392N00717418EA0198101984005010033098111
B1014454626391N00717426EA0198201985005010036087104
B1014464626392N00717434EA0198301985005010038069091
B1014474626395N00717441EA0198501986005010039047071
B1014484626400N00717446EA0198601987005010041024045
B1014494626406N00717448EA0198801988005010041003018
B1014504626412N00717447EA0198901989005010039342354
B1014514626417N00717443EA0199101990005010037322331
B1014524626421N00717437EA0199401991005010033305311
B1014534626423N00717431EA0199601992005010029286293
B1014544626423N00717425EA0199601994005010024259274
B1014554626422N00717421EA0199701995005010024227251
B1014564626419N00717417EA0199701996005010026216223
B1014574626415N00717414EA0200101997005010029215213
B1014584626411N00717411EA0200301999005010028201204
B1014594626407N00717409EA0200302001005010025188192
B1015004626403N00717409EA0200402003005010026169187
B1015014626400N00717411EA0200302004005010027144173
B1015024626397N00717416EA0200102005005010032120150
B1015034626395N00717423EA0200202006005010037105128
B1015054626395N00717431EA0200302006005010037079110
B1015064626400N00717446EA0200302007005010039039063
B1015074626406N00717450EA0200502008005010042025036
B1015084626412N00717453EA0200702008005010044010019
B1015094626419N00717453EA0200902009005010044352003
B1015104626425N00717450EA0201102009005010044335343
B1015114626430N00717445EA0201302010005010037313325
B1015124626433N00717439EA0201402012005010033294301
B1015134626434N00717433EA0201502013005010029267283
B1015144626433N00717426EA0201602015005010029242256
B1015154626430N00717421EA0201802016005010032238236
B1015164626427N00717415EA0202002017005010030229232
B1015174626424N00717411EA0202002019005010028207224
B1015184626420N00717410EA0201902021005010030177206
B1015194626415N00717412EA0201902022005010034150183
B1015204626412N00717417EA0201802023005010035120158
B1015214626410N00717424EA0201702024005010039094130
B1015224626411N00717433EA0201902024005010041066102
B1015234626414N00717440EA0201802025005010041048070
B1015254626419N00717445EA0202102025005010037028049
B1015264626432N00717446EA0202702026005010045344353
B1015274626438N00717442EA0203002027005010037323335
B1015284626442N00717436EA0203102028005010031303312
B1015294626443N00717430EA0203202029005010029281287
B1015314626444N00717424EA0203202030005010032275260
B1015324626442N00717410EA0203402032005010033244244
B1015334626439N00717404EA0203402032005010036215227
B1015344626433N00717401EA0203502033005010037189204
B1015354626428N00717402EA0203402034005010038153183
B1015374626424N00717407EA0203302035005010038132154
B1015394626423N00717423EA0203302036005010041072095
B1015404626425N00717431EA0203302036005010039062076
B1015414626428N00717438EA0203302037005010036051065
B1015424626432N00717444EA0203302037005010036041053
B1015434626443N00717454EA0203702037005010041029033
B1015454626448N00717458EA0203902038005010040025022
B1015474626458N00717466EA0204202039005010034035037
B1015484626462N00717471EA0204202040005010031035051
B1015494626466N00717475EA0204102040005010033048065
B1015504626469N00717482EA0204102040005010038060076
B1015524626472N00717499EA0204202040005010044091113
B1015534626471N00717508EA0204202040005010035108126
B1015544626468N00717513EA0204302040005010030140142
B1015554626464N00717515EA0204402040005010033180165
B1015564626459N00717513EA0204602040010019029208192
B1015574626456N00717509EA0204902040010019026217218
B1015584626453N00717505EA0204902040010019025227228
B1015594626450N00717500EA0204702040010019032238236
B1016004626448N00717493EA0204702039010019029259241
B1016014626448N00717485EA0204702039005010043277264
B1016024626448N00717475EA0204902039005010044281279
B1016034626450N00717466EA0204902039005010039293282
B1016044626452N00717459EA0204902039005010036308291
B1016054626456N00717453EA0204802038005010040330302
B1016064626462N00717449EA0204702038005010042337326
B1016074626467N00717444EA0204802038005010044341333
B1016084626474N00717441EA0204802038005010046349338
B1016094626481N00717440EA0204902038005010044357346
B1016104626487N00717440EA0204902038005010041006354
B1016114626493N00717442EA0204902038005010042015004
B1016124626499N00717445EA0205002039005010044029014
B1016134626505N00717450EA0205202038005010048032030
B1016144626511N00717457EA0205402039005010046048034
B1016154626514N00717464EA0205702039005010040062052
B1016164626516N00717472EA0205702040005010036076068
B1016174626517N00717479EA0205902040005010032088085
B1016184626517N00717486EA0206002041005010031104098
B1016194626515N00717493EA0206102042005010030117116
B1016204626512N00717498EA0206102042005010028134130
B1016214626509N00717501EA0206202043005010027166146
B1016224626504N00717501EA0206402044005010027185178
B1016234626500N00717500EA0206602045005010027198198
B1016244626497N00717498EA0206802046005010025212206
B1016254626493N00717496EA0206902047005010023223222
B1016264626491N00717492EA0206802048005010024242228
B1016274626489N00717487EA0206802049005010026256243
B1016284626489N00717481EA0206802050005010031265249
B1016294626488N00717474EA0206902050005010035263255
B1016304626488N00717467EA0207002051005010033259240
B1016314626487N00717460EA0207102052005010030253230
B1016324626485N00717454EA0207102053005010027241217
B1016334626482N00717449EA0207102054005010026234212
B1016344626479N00717446EA0206902055005010028209203
B1016354626475N00717444EA0206902057005010029188191
B1016364626470N00717445EA0206802058005010030166178
B1016374626466N00717448EA0206902059005010033145162
B1016384626462N00717453EA0206902060005010034126145
B1016394626460N00717459EA0206802061005010035108128
B1016404626459N00717467EA0206702062005010036093112
B1016414626459N00717474EA0206602063005010037076097
B1016424626462N00717482EA0206402062005010043064079
B1016434626465N00717491EA0206402061005010049049065
B1016444626471N00717498EA0206502061005010051033049
B1016454626478N00717502EA0206402061005010050020031
B1016464626486N00717505EA0206502061005010048011016
B1016474626493N00717505EA0206502061005010043356006
B1016484626499N00717503EA0206302061005010041341349
B1016494626505N00717499EA0206302061005010044325332
B1016504626510N00717492EA0206302061005010047317315
B1016514626514N00717484EA0206402061005010044290307
B1016524626515N00717475EA0206602062005010039273281
B1016534626514N00717467EA0206702063005010031254264
B1016544626512N00717461EA0206702064005010026237246
B1016554626510N00717457EA0206702065005010025221231
B1016564626506N00717454EA0206702066005010025211216
B1016574626503N00717451EA0206702067005010026205206
B1016584626499N00717449EA0206602068005010028196196
B1016594626495N00717448EA0206502069005010026189196
B1017004626491N00717447EA0206502069005010026183192
B1017014626488N00717447EA0206302070005010024177184
B1017024626484N00717447EA0206202070005010024183175
B1017034626481N00717446EA0206202071005010024186173
B1017044626477N00717446EA0206202071005010024176174
B1017054626474N00717447EA0206202071005010019157179
B1017064626471N00717449EA0206002072005010021152165
B1017074626469N00717451EA0205802072005010021150177
B1017084626466N00717453EA0205802072005010025173178
B1017094626461N00717453EA0205902072005010034177186
B1017104626456N00717454EA0206202073005010037167189
B1017114626451N00717456EA0206502074005010033160207
B1017124626447N00717457EA0206602075005010025169208
B1017134626444N00717457EA0206702077005010021194208
B1017144626442N00717455EA0206602078005010020212218
B1017154626439N00717452EA0206602080005010024223227
B1017164626437N00717448EA0206702081005010028229237
B1017174626434N00717443EA0206802082005010032250244
B1017184626434N00717436EA0206802083005010034270262
B1017194626435N00717429EA0206802084005010033293275
B1017204626439N00717424EA0206702085005010041332293
B1017214626445N00717421EA0206702085010019050351330
B1017224626453N00717421EA0206802086010019049000352
B1017234626460N00717422EA0206802086010019041007000
B1017244626466N00717425EA0206702086005010039013008
B1017254626470N00717428EA0206502087010019034040014
B1017264626474N00717434EA0206402087010019039049053
B1017274626478N00717441EA0206302087010019042055061
B1017284626480N00717450EA0206402088010019041074067
B1017294626482N00717458EA0206302088010019040078087
B1017304626481N00717467EA0206602088010019043105091
B1017314626479N00717476EA0206702088010019041108121
B1017324626476N00717484EA0206802088010019037109123
B1017334626474N00717491EA0207002088005010033119126
B1017344626470N00717495EA0207202088005010031139136
B1017354626466N00717497EA0207302087005010029165154
B1017364626462N00717497EA0207302087005010026187174
B1017374626458N00717495EA0207202087005010023197192
B1017384626455N00717491EA0207202087005010024219199
B1017394626452N00717487EA0207102087005010025230215
B1017404626450N00717482EA0207002087005010027243224
B1017414626449N00717476EA0206802087005010029256234
B1017424626449N00717469EA0206702086005010036279246
B1017434626450N00717461EA0206802086005010039293268
B1017444626454N00717453EA0206802085005010042314282
B1017454626459N00717448EA0206902085005010044338304
B1017464626465N00717446EA0207002085005010046346330
B1017474626472N00717446EA0207102084005010044015340
B1017484626478N00717450EA0207302084005010041033014
B1017494626482N00717455EA0207502083005010039041037
B1017504626486N00717462EA0207702083010019037050051
B1017514626489N00717469EA0207902083010019036054065
B1017524626492N00717476EA0208102082005010034060072
B1017534626494N00717483EA0208302082005010035064076
B1017544626496N00717490EA0208502082005010038065075
B1017554626498N00717498EA0208802083005010041064067
B1017564626500N00717506EA0209102083005010040061045
B1017574626503N00717514EA0209102084005010038052035
B1017584626507N00717520EA0209302085005010040041027
B1017594626512N00717526EA0209302086005010046025011
B1018004626519N00717529EA0209502087005010048006355
B1018014626525N00717529EA0209602088005010045341336
B1018024626531N00717524EA0209602089005010044322313
B1018034626534N00717518EA0209602090005010035282294
B1018044626533N00717511EA0209702091005010028253259
B1018054626531N00717506EA0209802092005010025219235
B1018064626527N00717503EA0209702093005010026194208
B1018074626523N00717503EA0209802094005010029175190
B1018084626518N00717505EA0209902095005010032155175
B1018094626514N00717510EA0210002097005010036133159
B1018104626510N00717517EA0210302098005010038115140
B1018114626509N00717525EA0210402100005010041089123
B1018124626510N00717534EA0210502102005010041066098
B1018134626514N00717541EA0210602104005010046038073
B1018144626520N00717547EA0210902106005010049034041
B1018154626527N00717552EA0211102108005010046024036
B1018164626533N00717554EA0211302110005010042003023
B1018174626538N00717550EA0211402112005010037309359
B1018184626542N00717544EA0211502113005010038308295
B1018194626545N00717538EA0211702115005010026312294
B1018204626547N00717532EA0211602116005010025295292
B1018214626547N00717526EA0211502118005010021272276
B1018224626546N00717521EA0211502120005010021241253
B1018234626544N00717516EA0211402121005010024228226
B1018244626541N00717512EA0211502122010019024219217
B1018254626537N00717509EA0211802124010019024205211
B1018264626532N00717507EA0211902125005010026183201
B1018274626528N00717507EA0212002127005010027160185
B1018284626523N00717510EA0212202128005010030152168
B1018294626519N00717514EA0212302129005010031136160
B1018304626515N00717519EA0212302130005010031114147
B1018314626514N00717526EA0212302131005010034097129
B1018324626513N00717534EA0212202132005010038075110
B1018334626516N00717541EA0212202133005010044051087
B1018344626521N00717548EA0212202134005010048032058
B1018354626528N00717552EA0212202134005010052011034
B1018364626536N00717553EA0212602135005010053351009
B1018374626543N00717549EA0212602135005010052336346
B1018384626549N00717543EA0212702136005010043310328
B1018394626552N00717536EA0212802137005010037292297
B1018404626553N00717528EA0212902137005010035280278
B1018414626553N00717521EA0213002138005010029264266
B1018424626552N00717514EA0213002139005010028248247
B1018434626550N00717508EA0213202140005010034240233
B1018444626547N00717502EA0213402140005010032238223
B1018454626545N00717497EA0213602141005010027219222
B1018464626541N00717494EA0213502142005010022202209
B1018474626538N00717493EA0213502143005010024185196
B1018484626534N00717493EA0213602144005010026175184
B1018494626530N00717494EA0213602145005010024157177
B1018504626527N00717497EA0213502146005010027132164
B1018514626525N00717502EA0213502147005010032110144
B1018524626524N00717509EA0213502147005010038092123
B1018534626524N00717518EA0213802147005010039074104
B1018544626526N00717526EA0213902147005010040064085
B1018554626530N00717533EA0214202148005010040043074
B1018564626535N00717538EA0214202148005010041022049
B1018574626541N00717540EA0214402149005010042011022
B1018584626547N00717541EA0214502149005010041357009
B1018594626553N00717540EA0214602150005010040343350
B1019004626558N00717535EA0214702151005010043322333
B1019014626563N00717529EA0215002151005010040305310
B1019024626565N00717522EA0214902153005010036291291
B1019034626566N00717514EA0215002154005010032266275
B1019044626565N00717507EA0215002155005010032246251
B1019054626562N00717502EA0215102155005010029223234
B1019064626558N00717499EA0215102156005010026197216
B1019074626554N00717499EA0214902156005010028165197
B1019084626551N00717502EA0215002156005010030138173
B1019094626548N00717507EA0214902157005010033119151
B1019104626547N00717515EA0215002158005010037088134
B1019114626548N00717523EA0215002158005010044068103
B1019124626555N00717542EA0215202159005010052057079
B1019144626566N00717554EA0215502161005010039029065
B1019154626572N00717558EA0215402161005010043024030
B1019164626578N00717562EA0215502162005010046018024
B1019174626585N00717564EA0215602162005010046005014
B1019184626592N00717563EA0215802163005010047347357
B1019194626599N00717559EA0216002164005010046327336
B1019204626603N00717552EA0216002164005010041300313
B1019214626605N00717544EA0216102164005010037279285
B1019224626605N00717536EA0216002165005010030261261
B1019234626604N00717530EA0215902165005010026243243
B1019244626602N00717526EA0216102165005010024235226
B1019254626600N00717522EA0216102166005010023211216
B1019264626596N00717521EA0216002166005010027176199
B1019274626592N00717523EA0216102166005010033142176
B1019284626588N00717529EA0216202167005010038120149
B1019294626586N00717537EA0216402168005010041097131
B1019304626586N00717546EA0216502169005010040080105
B1019314626588N00717554EA0216602170005010037071090
B1019324626590N00717562EA0216602172005010036063083
B1019334626593N00717569EA0216502173005010038060069
B1019344626596N00717576EA0216402174005010045055061
B1019354626601N00717584EA0216402175005010050049048
B1019364626606N00717592EA0216702176005010051040045
B1019374626613N00717598EA0216902177005010049030030
B1019384626620N00717602EA0217202178005010050018021
B1019394626627N00717605EA0217502179005010049009007
B1019404626634N00717605EA0217802180005010043358358
B1019414626640N00717604EA0218002182005010040342343
B1019424626645N00717600EA0218002183005010037328325
B1019434626649N00717595EA0217902185005010033310308
B1019444626652N00717589EA0218002186005010029292288
B1019454626652N00717583EA0217902186005010027264266
B1019464626651N00717577EA0217802187005010026243242
B1019474626648N00717573EA0218002187005010022216226
B1019484626645N00717571EA0217902187005010022196201
B1019494626642N00717570EA0217902188005010020187189
B1019504626638N00717571EA0218002188005010022157183
B1019514626635N00717573EA0218102189005010025133163
B1019524626633N00717578EA0218202190005010029106145
B1019534626632N00717585EA0218502191005010035088122
B1019544626633N00717593EA0218502192005010038072102
B1019554626636N00717601EA0218702193005010041056084
B1019564626640N00717608EA0219002194005010046039065
B1019574626646N00717613EA0219102196005010046024042
B1019584626653N00717616EA0219302197005010044008024
B1019594626659N00717615EA0219402199005010042346003
B1020004626664N00717612EA0219402200005010037321335
B1020014626668N00717606EA0219502202005010035305306
B1020024626670N00717599EA0219602202005010032284284
B1020034626670N00717592EA0219602203005010028265261
B1020044626669N00717587EA0219602204005010024250245
B1020054626668N00717582EA0219502204005010019238226
B1020064626666N00717579EA0219502205005010019219217
B1020074626663N00717577EA0219402205005010021188203
B1020084626660N00717578EA0219402206005010028153184
B1020094626656N00717583EA0219402206005010037122158
B1020104626654N00717591EA0219602206005010043096131
B1020114626654N00717601EA0219702207005010046085106
B1020124626655N00717610EA0219902207005010040085095
B1020134626658N00717618EA0220002208005010043037097
B1020144626664N00717622EA0220002209010019042029039
B1020154626671N00717627EA0220002209010019045025025
B1020164626678N00717630EA0219902209010019049018017
B1020174626685N00717633EA0220002209010019050006003
B1020184626693N00717634EA0220202209010019046003353
B1020194626700N00717634EA0220302209010019039359347
B1020204626705N00717633EA0220402210010019035359347
B1020214626710N00717633EA0220202210005010028002341
B1020224626715N00717633EA0219802209005010033001343
B1020234626721N00717633EA0219402207005010044357342
B1020244626728N00717632EA0219202204005010053354334
B1020254626736N00717630EA0219302202005010052350349
B1020264626743N00717629EA0219302200005010051355358
B1020274626751N00717629EA0219302197005010045004346
B1020284626757N00717631EA0219102195005010044010004
B1020294626764N00717632EA0219102193005010045012007
B1020304626770N00717634EA0219002191005010045011355
B1020314626776N00717636EA0219102190005010038008355
B1020324626782N00717637EA0219102189005010037008354
B1020334626787N00717638EA0219002189005010039007345
B1020344626793N00717639EA0218902188005010042005347
B1020354626800N00717640EA0218902187005010044001328
B1020364626806N00717640EA0218902187005010043358338
B1020374626812N00717639EA0218902186005010040348335
B1020384626818N00717637EA0219002186005010040346350
B1020394626824N00717635EA0218902186005010041351342
B1020404626830N00717634EA0218702185005010046356349
B1020414626837N00717633EA0218702185005010046356330
B1020424626844N00717632EA0218702184005010045355326
B1020434626850N00717631EA0218702184005010039348320
B1020444626856N00717629EA0218602183005010039345337
B1020454626862N00717627EA0218502183005010039342329
B1020464626867N00717624EA0218302182005010043343336
B1020474626874N00717621EA0218102182005010044344351
B1020484626880N00717619EA0218002181005010045349338
B1020494626886N00717618EA0218002180005010040352330
B1020504626892N00717617EA0217902179005010040352331
B1020514626898N00717615EA0217802178005010041352329
B1020524626905N00717614EA0217602176005010047351349
B1020534626912N00717613EA0217302174005010050355354
B1020544626919N00717612EA0217102173005010050357349
B1020554626927N00717612EA0216802171005010049001342
B1020564626934N00717612EA0216702169005010049001344
B1020574626942N00717612EA0216502166005010050358342
B1020584626949N00717612EA0216102164005010049355344
B1020594626956N00717611EA0215902162005010049355355
B1021004626963N00717610EA0215702160005010048355349
B1021014626971N00717610EA0215502157005010047357344
B1021024626977N00717609EA0215402155005010047357346
B1021034626984N00717609EA0215302153005010048359346
B1021044626992N00717609EA0215102151005010049359347
B1021054626999N00717609EA0214802149005010048358347
B1021064627006N00717608EA0214702147005010046358342
B1021074627013N00717608EA0214502146005010046359356
B1021084627020N00717608EA0214402144005010046359341
B1021094627026N00717608EA0214302143005010046359346
B1021104627033N00717608EA0214102141005010049359344
B1021114627041N00717608EA0213802140005010048359342
B1021124627048N00717608EA0213602138005010046355339
B1021134627054N00717607EA0213502136005010041354343
B1021144627060N00717606EA0213402135005010042355339
B1021154627066N00717605EA0213302133005010043356341
B1021164627073N00717605EA0213102132005010046355335
B1021174627080N00717604EA0212902130005010045352337
B1021184627086N00717602EA0212702128005010044349336
B1021194627093N00717600EA0212602127005010044347339
B1021204627099N00717598EA0212202125005010044347338
B1021214627105N00717596EA0212102124005010044345337
B1021224627112N00717594EA0212102123005010043346340
B1021234627118N00717591EA0212002122005010041347332
B1021244627124N00717590EA0211902121005010041349348
B1021254627130N00717588EA0211702120005010041350338
B1021264627136N00717587EA0211602119005010042351349
B1021274627142N00717585EA0211502118005010044354350
B1021284627149N00717585EA0211402117005010044355347
B1021294627155N00717584EA0211402116005010043356355
B1021304627162N00717583EA0211302115005010043357351
B1021314627168N00717584EA0211102113005010042004339
B1021324627174N00717584EA0210902112005010043006330
B1021334627181N00717585EA0210802110005010042001329
B1021344627187N00717585EA0210602109005010040352331
B1021354627193N00717583EA0210502107005010041350327
B1021364627199N00717582EA0210502106005010039345330
B1021374627204N00717580EA0210402105005010039347318
B1021384627210N00717578EA0210302104005010037348321
B1021394627215N00717576EA0210102103005010037348324
B1021404627221N00717574EA0209902102005010040345329
B1021414627227N00717572EA0209802101005010043344333
B1021424627233N00717569EA0209702100005010046345341
B1021434627240N00717566EA0209702098005010046346349
B1021444627246N00717565EA0209702097005010041355339
B1021454627252N00717565EA0209502096005010037001339
B1021464627258N00717565EA0209302095005010037002345
B1021474627263N00717565EA0209102093005010038001351
B1021484627269N00717566EA0208902092005010043003011
B1021494627276N00717567EA0208702091005010046008022
B1021504627283N00717569EA0208602089005010050020014
B1021514627289N00717574EA0208502088005010050027015
B1021524627296N00717579EA0208402087005010048031010
B1021534627302N00717585EA0208102085005010048032001
B1021544627308N00717591EA0207702084005010049030008
B1021554627314N00717596EA0207502082005010050030011
B1021564627321N00717602EA0207302080005010055025015
B1021584627329N00717606EA0207202078005010056021011
B1021594627344N00717615EA0206902074005010053022016
B1022004627351N00717620EA0206802073005010053024022
B1022014627359N00717625EA0206602071005010054027024
B1022024627366N00717631EA0206502069005010055033019
B1022034627372N00717638EA0206302067005010054034028
B1022054627379N00717645EA0205902066005010054038024
B1022074627392N00717661EA0205202061005010062039016
B1022084627400N00717670EA0205002059005010067035011
B1022094627408N00717678EA0204902056005010067032006
B1022104627417N00717685EA0204702053005010066026014
B1022114627426N00717691EA0204602051005010065025006
B1022124627434N00717697EA0204402049005010061025004
B1022134627442N00717703EA0204202047005010059024003
B1022144627450N00717708EA0204002044005010058021004
B1022154627459N00717712EA0203702042005010058016006
B1022164627467N00717715EA0203602040005010058014009
B1022174627476N00717718EA0203402038005010059015004
B1022184627484N00717722EA0203302035005010061016355
B1022194627493N00717725EA0203102033005010061015350
B1022204627502N00717729EA0202902031005010061013350
B1022214627511N00717731EA0202802029005010060010358
B1022224627519N00717733EA0202802028005010057008015
B1022234627527N00717736EA0202702026005010055013011
B1022244627535N00717739EA0202402025005010053021347
B1022254627542N00717744EA0202202023005010051027329
B1022264627549N00717748EA0202102022005010049022335
B1022274627556N00717751EA0201902020005010047011344
B1022284627563N00717753EA0201802019005010046001330
B1022294627569N00717752EA0201702018005010040355316
B1022304627575N00717751EA0201602016005010034350307
B1022314627579N00717750EA0201402015005010029340302
B1022324627583N00717747EA0201202014005010026324297
B1022334627585N00717743EA0201002013005010026312282
B1022344627588N00717739EA0200902012005010026309269
B1022354627590N00717735EA0200802010005010021309263
B1022364627592N00717731EA0200702009005010017302261
B1022374627592N00717728EA0200502008005010015283265
B1022384627593N00717725EA0200302006005010015269264
B1022394627592N00717722EA0200202005005010016270267
B1022404627592N00717718EA0200102004005010015272255
B1022414627592N00717716EA0199802002005010013269243
B1022424627592N00717713EA0199602001005010014264262
B1022434627592N00717710EA0199502000005010016253246
B1022444627591N00717706EA0199401998005010017251250
B1022454627590N00717703EA0199301997005010016253254
B1022464627590N00717700EA0199101996005010016263248
B1022474627590N00717696EA0199001994005010016262252
B1022484627589N00717693EA0198801993005010016255246
B1022494627589N00717689EA0198701991005010016250257
B1022504627588N00717686EA0198501990005010018247260
B1022514627587N00717682EA0198501988005010020251262
B1022524627586N00717678EA0198401987005010019264260
B1022534627586N00717674EA0198201985005010015268258
B1022544627586N00717671EA0198001984005010015266266
B1022554627586N00717667EA0197701983005010017266260
B1022564627586N00717663EA0197601981005010023269278
B1022574627586N00717658EA0197701980005010025271269
B1022584627587N00717652EA0197501978005010023280280
B1022594627587N00717648EA0197301977005010020285258
B1023004627588N00717644EA0197001976005010019287258
B1023014627589N00717640EA0196701974005010020281262
B1023024627589N00717636EA0196601973005010023272256
B1023034627589N00717630EA0196601971005010025263250
B1023044627589N00717625EA0196601970005010023261253
B1023054627588N00717621EA0196401968005010016253244
B1023064627587N00717618EA0196201967005010014251253
B1023074627586N00717611EA0195901964005010020247256
B1023084627585N00717607EA0195801962005010024251251
B1023094627583N00717601EA0195801961005010022251258
B1023104627582N00717597EA0195901959005010017247250
B1023114627581N00717594EA0195801958005010013241251
B1023124627580N00717592EA0195501957005010013245244
B1023134627579N00717589EA0195401955005010014247245
B1023144627578N00717586EA0195201954005010021244230
B1023154627577N00717581EA0195201953005010022242240
B1023164627575N00717578EA0195101951005010018230236
B1023174627573N00717575EA0195001950005010016227243
B1023184627571N00717572EA0194801949005010015232244
B1023194627570N00717569EA0194501947005010017238247
B1023204627568N00717566EA0194201946005010018238256
B1023214627567N00717562EA0193901945005010022241257
B1023224627565N00717557EA0193801943005010025250262
B1023234627564N00717552EA0193801941005010025253256
B1023244627564N00717546EA0193701940005010022257256
B1023254627563N00717542EA0193601938005010019257260
B1023264627562N00717537EA0193401937005010019261263
B1023274627562N00717533EA0193201936005010022266265
B1023284627562N00717528EA0193101934005010024271267
B1023294627563N00717523EA0193001932005010024276269
B1023304627563N00717518EA0192801931005010023281271
B1023314627564N00717513EA0192701929005010023286276
B1023324627565N00717508EA0192501928005010024289273
B1023334627567N00717503EA0192301926005010025291273
B1023344627568N00717498EA0192201924005010026292270
B1023354627570N00717493EA0192101923005010027293268
B1023364627571N00717488EA0192001921005010026294262
B1023374627573N00717483EA0191901920005010024292264
B1023384627574N00717478EA0191601919005010023290245
B1023394627575N00717473EA0191501917005010023287259
B1023404627576N00717468EA0191401916005010024284259
B1023414627577N00717464EA0191201914005010023282259
B1023424627578N00717458EA0191001912005010024281265
B1023434627579N00717453EA0190801911005010026284267
B1023444627580N00717448EA0190601909005010026288256
B1023454627581N00717442EA0190501907005010026287252
B1023464627582N00717437EA0190301906005010024282249
B1023474627583N00717432EA0190101904005010024277253
B1023484627583N00717427EA0189901902005010024275250
B1023494627583N00717422EA0189801901005010025275252
B1023504627583N00717416EA0189701899005010026276249
B1023514627584N00717411EA0189501897005010025274244
B1023524627584N00717405EA0189301895005010025269246
B1023534627583N00717400EA0189101894005010025266250
B1023544627583N00717394EA0188901892005010026267255
B1023554627583N00717389EA0188601890005010027270246
B1023564627583N00717383EA0188401888005010027272253
B1023574627584N00717377EA0188301886005010026271261
B1023584627584N00717371EA0188101884005010026271255
B1023594627584N00717366EA0187801882005010025275257
B1024004627585N00717360EA0187501880005010026279253
B1024024627585N00717355EA0187301877005010026282246
B1024034627586N00717349EA0187101875005010027279247
B1024044627587N00717344EA0186901873005010027274252
B1024054627587N00717338EA0186701871005010027269257
B1024064627587N00717332EA0186401869005010026271250
B1024074627587N00717327EA0186201866005010025276238
B1024084627587N00717321EA0186001864005010025272235
B1024094627588N00717316EA0185601862005010024267242
B1024104627587N00717311EA0185401860005010024253248
B1024114627586N00717306EA0185201857005010025252250
B1024124627585N00717301EA0185001855005010025261235
B1024134627584N00717295EA0184701853005010024266220
B1024144627584N00717290EA0184501850005010022260228
B1024154627583N00717286EA0184201848005010020244235
B1024164627579N00717278EA0184001844005010022243236
B1024174627578N00717273EA0183601841005010024248231
B1024184627576N00717268EA0183401839005010027251235
B1024194627575N00717262EA0183201836005010027247225
B1024204627573N00717257EA0183001834005010026237228
B1024214627571N00717252EA0182801832005010024238236
B1024224627569N00717248EA0182501830005010024246237
B1024234627568N00717243EA0182301828005010025252232
B1024244627567N00717237EA0182001826005010025251233
B1024254627566N00717232EA0181701824005010024249235
B1024264627564N00717227EA0181501822005010026250239
B1024274627563N00717221EA0181301820005010028255246
B1024284627562N00717215EA0181101818005010029260240
B1024294627561N00717209EA0181001816005010026257227
B1024304627560N00717204EA0180801814005010023245233
B1024314627559N00717200EA0180701813005010019237243
B1024324627557N00717196EA0180501811005010019247255
B1024334627556N00717192EA0180001809005010022257255
B1024344627556N00717187EA0179801807005010025262248
B1024354627556N00717181EA0179501806005010027266239
B1024364627556N00717175EA0179401804005010024261252
B1024374627555N00717170EA0179201802005010022265258
B1024384627555N00717165EA0178901800005010023274260
B1024394627556N00717160EA0178701798005010027280252
B1024404627557N00717154EA0178501796005010030277246
B1024414627557N00717147EA0178401794005010030272249
B1024424627557N00717141EA0178301792005010027266254
B1024434627558N00717136EA0178001790005010025273252
B1024444627558N00717130EA0177701788005010027277256
B1024454627559N00717125EA0177301786005010028278242
B1024464627559N00717118EA0177001784005010029276245
B1024474627559N00717112EA0176801781005010031271250
B1024484627560N00717105EA0176501779005010030272247
B1024494627560N00717099EA0176301776005010028275235
B1024504627560N00717093EA0176001773005010027273238
B1024514627560N00717087EA0175801769005010027268247
B1024524627560N00717081EA0175501766005010027267240
B1024534627560N00717075EA0175301763005010027267254
B1024544627560N00717070EA0175201760005010027269246
B1024554627560N00717064EA0175001757005010027270243
B1024564627560N00717058EA0174701754005010027269242
B1024574627560N00717053EA0174501751005010027268245
B1024594627560N00717047EA0174301748005010027267236
B1025004627559N00717041EA0174101745005010029263244
B1025014627558N00717034EA0173801742005010030257243
B1025024627557N00717028EA0173701739005010031257238
B1025034627556N00717022EA0173501737005010028261229
B1025044627556N00717016EA0173301734005010027265221
B1025054627555N00717010EA0173001731005010025259216
B1025064627554N00717005EA0172701729005010026244215
B1025074627552N00717001EA0172601726005010024229222
B1025084627550N00716997EA0172401723005010022219216
B1025094627547N00716995EA0172201721005010020217225
B1025104627545N00716992EA0171901718005010019219226
B1025114627543N00716989EA0171701715005010022228228
B1025124627541N00716985EA0171501713005010027242236
B1025134627539N00716979EA0171401710005010031248254
B1025144627537N00716973EA0171301708005010029249235
B1025154627535N00716961EA0171001703005010026256214
B1025174627531N00716952EA0170401697005010028219206
B1025194627524N00716949EA0170001692005010026167196
B1025204627520N00716951EA0169901690005010025144178
B1025224627515N00716959EA0169301685005010022123170
B1025234627514N00716963EA0169101683005010025118164
B1025244627512N00716968EA0168801680005010029105157
B1025254627512N00716975EA0168501678005010034088141
B1025264627512N00716983EA0168201675005010037076120
B1025274627514N00716991EA0167901672005010037071103
B1025284627516N00716998EA0167701669005010038060095
B1025294627519N00717005EA0167501667005010038054073
B1025304627523N00717012EA0167201664005010041051058
B1025314627527N00717019EA0167001661005010043046047
B1025324627532N00717025EA0166901659005010044041043
B1025334627537N00717031EA0166801657005010044037034
B1025344627543N00717037EA0166701655005010044032030
B1025354627549N00717041EA0166601654005010044028030
B1025364627555N00717046EA0166501652005010044025016
B1025374627561N00717050EA0166201651005010043024015
B1025384627567N00717053EA0165901649005010045021008
B1025394627574N00717056EA0165801647005010049015007
B1025404627581N00717058EA0165601645005010050010010
B1025414627588N00717060EA0165601644005010046009022
B1025424627595N00717062EA0165501643005010043011022
B1025434627601N00717064EA0165401642005010043012024
B1025444627607N00717065EA0165201641005010043010026
B1025454627614N00717067EA0165201639005010044009022
B1025464627620N00717069EA0165201638005010045010045
B1025474627627N00717071EA0165401637005010043014030
B1025484627632N00717074EA0165501636005010036023036
B1025494627637N00717077EA0165601636005010032024048
B1025504627641N00717080EA0165701636005010031028057
B1025514627645N00717084EA0165501636005010033039064
B1025524627649N00717089EA0165101635005010036047074
B1025534627652N00717095EA0164901635005010036051076
B1025544627655N00717102EA0164701634005010039061089
B1025554627658N00717109EA0164601633005010039071101
B1025564627658N00717117EA0164601632005010032097108
B1025574627657N00717123EA0164501631005010026119131
B1025584627655N00717127EA0164401631005010020137149
B1025594627652N00717129EA0164301630005010019147164
B1026004627650N00717131EA0164201629005010018149172
B1026014627648N00717133EA0164101628005010018153184
B1026024627645N00717134EA0163801627005010018164187
B1026034627642N00717135EA0163701626005010018184193
B1026044627639N00717134EA0163401624005010019191204
B1026054627637N00717132EA0163201623005010019206206
B1026064627634N00717129EA0163001622005010021225212
B1026074627632N00717125EA0162801620005010023237223
B1026084627631N00717121EA0162601619005010026248230
B1026094627629N00717115EA0162401618005010029257238
B1026104627629N00717108EA0162301617005010033276246
B1026114627630N00717101EA0162201615005010032281260
B1026124627632N00717094EA0162101614005010031288264
B1026134627633N00717088EA0161901613005010032289272
B1026144627635N00717081EA0161601611005010034290280
B1026154627637N00717074EA0161401609005010034288276
B1026164627639N00717067EA0161401607005010034289270
B1026174627641N00717060EA0161301605005010033289273
B1026184627642N00717053EA0161401604005010034284262
B1026194627643N00717046EA0161401602005010039269254
B1026204627642N00717037EA0161501601005010038260237
B1026214627641N00717030EA0161601601005010033254233
B1026224627639N00717024EA0161601601005010030249226
B1026234627638N00717018EA0161601601005010030246224
B1026244627635N00717011EA0161401601005010033241200
B1026254627633N00717006EA0161501601005010034233206
B1026264627629N00717001EA0161501601005010032220192
B1026274627625N00716997EA0161301601005010030206182
B1026284627621N00716995EA0161301600005010028190179
B1026294627617N00716995EA0161301600005010027177168
B1026304627612N00716996EA0161201600005010029163157
B1026314627608N00716998EA0161101599005010028154150
B1026324627605N00717002EA0161101599005010029138142
B1026334627602N00717007EA0161001598005010030117131
B1026344627601N00717014EA0160901597005010035098117
B1026354627601N00717022EA0160901597005010039084103
B1026364627602N00717030EA0160901596005010039071089
B1026374627604N00717038EA0161001596005010034064079
B1026384627607N00717043EA0161201596005010030041076
B1026394627610N00717047EA0161001596005010027034052
B1026404627614N00717050EA0160601596005010030023043
B1026414627619N00717053EA0160201594005010036028044
B1026424627623N00717057EA0160001593005010039036043
B1026434627628N00717063EA0159701591005010042043061
B1026444627632N00717069EA0159601590005010038047050
B1026454627636N00717075EA0159401588005010036044050
B1026464627640N00717079EA0159101587005010035029024
B1026474627646N00717083EA0158801584005010042019012
B1026484627652N00717085EA0158501581005010049006358
B1026494627659N00717085EA0158401578005010050350345
B1026504627666N00717081EA0158401576005010049334329
B1026514627672N00717075EA0158301573005010044317316
B1026524627676N00717068EA0158101571005010038292296
B1026534627677N00717061EA0158001569005010030287269
B1026544627678N00717055EA0157801567005010028268256
B1026554627677N00717048EA0157601565005010031252241
B1026564627675N00717042EA0157501563005010035239221
B1026574627672N00717035EA0157401560005010033230201
B1026584627668N00717031EA0157401558005010028207195
B1026594627664N00717029EA0157201556005010032181180
B1027004627659N00717031EA0157101555005010037156160
B1027014627654N00717035EA0157101553005010037131141
B1027024627651N00717042EA0156901552005010036110122
B1027034627651N00717050EA0156601550005010039075106
B1027044627654N00717057EA0156401549005010042050077
B1027054627659N00717063EA0156301547005010042028052
B1027064627665N00717066EA0156301546010019039010030
B1027074627671N00717067EA0156401545005010038359010
B1027084627676N00717066EA0156301544005010032349356
B1027094627680N00717065EA0156201544005010027356344
B1027104627684N00717065EA0155901543005010028354346
B1027114627689N00717063EA0155601541005010037348331
B1027124627694N00717060EA0155601540005010043329321
B1027134627699N00717054EA0155401538005010042305300
B1027144627702N00717046EA0155501537005010040282281
B1027154627702N00717037EA0155501536005010038264260
B1027164627700N00717030EA0155401535005010034240242
B1027174627697N00717024EA0155401535005010031224219
B1027184627694N00717020EA0155201534005010030207202
B1027194627689N00717018EA0155101533005010032190189
B1027204627684N00717018EA0155201532005010034174178
B1027214627679N00717020EA0155101531005010034154163
B1027224627675N00717025EA0155101531005010031128148
B1027234627673N00717030EA0155001531005010026119129
B1027244627671N00717035EA0154701530005010025117125
B1027254627669N00717039EA0154801530005010025114125
B1027264627669N00717045EA0154601530005010026092123
B1027274627672N00717053EA0154501529005010035061103
B1027284627676N00717060EA0154401528005010036049069
B1027294627682N00717066EA0154201528005010037029056
B1027304627689N00717069EA0154101527005010040006033
B1027314627695N00717068EA0153901525005010041343005
B1027324627701N00717064EA0153601524005010041316337
B1027334627704N00717057EA0153501522005010041283307
B1027344627705N00717048EA0153201520005010040257272
B1027354627702N00717041EA0152801518005010039221247
B1027364627697N00717037EA0152701516010019031202213
B1027374627693N00717040EA0152601515010019044121196
B1027384627691N00717050EA0152601513010019052091128
B1027394627693N00717061EA0152401511010019051058098
B1027404627698N00717068EA0152301509030057044032065
B1027414627704N00717070EA0152501508010019035345037
B1027424627709N00717066EA0152401506010019033308341
B1027434627711N00717059EA0152201505010019032286295
B1027444627712N00717052EA0152101503005010031275268
B1027454627712N00717045EA0152001502005010030255253
B1027464627711N00717039EA0151801501005010032238232
B1027474627708N00717033EA0151701499005010034222215
B1027484627704N00717029EA0151601497005010035209202
B1027494627699N00717026EA0151601495005010034200195
B1027504627695N00717024EA0151501493005010034192183
B1027514627690N00717023EA0151401492005010031185164
B1027524627686N00717023EA0151401491005010027174154
B1027534627682N00717024EA0151001490005010028151137
B1027544627680N00717029EA0150801489005010030105126
B1027554627680N00717036EA0150501487005010038077094
B1027564627682N00717044EA0150301486005010043054071
B1027574627687N00717051EA0150001484005010045036047
B1027584627693N00717055EA0149901482005010043016031
B1027594627700N00717057EA0149701481005010044004010
B1028004627707N00717057EA0149601479005010044354356
B1028014627713N00717054EA0149501477005010039337344
B1028024627718N00717049EA0149401476005010037310324
B1028034627720N00717042EA0149101474005010039280295
B1028044627720N00717033EA0148901472005010039250266
B1028054627717N00717026EA0148701470005010038217239
B1028064627711N00717023EA0148701469005010037187211
B1028074627706N00717024EA0148601467005010034161187
B1028084627702N00717027EA0148501466005010031148166
B1028094627698N00717030EA0148301464005010022140155
B1028104627696N00717033EA0148101463005010022139153
B1028114627693N00717036EA0147901461005010023138156
B1028124627690N00717040EA0147901460005010030146164
B1028134627686N00717043EA0147901459005010032145162
B1028144627682N00717046EA0147801458005010025155176
B1028154627679N00717049EA0147601457005010023153173
B1028164627676N00717050EA0147301456005010021162171
B1028174627674N00717051EA0147101455005010020169188
B1028184627670N00717051EA0146901454005010024169186
B1028194627667N00717052EA0146801452005010023183201
B1028204627664N00717050EA0146601451005010021200196
B1028214627661N00717048EA0146401450005010022206188
B1028224627658N00717046EA0146301448005010023197174
B1028234627655N00717045EA0146201447005010024183173
B1028244627651N00717045EA0146001446005010024167165
B1028254627648N00717046EA0145901444005010022159156
B1028264627645N00717048EA0145701443005010021154147
B1028274627642N00717050EA0145401441005010019151132
B1028284627640N00717052EA0145201440005010018145128
B1028294627637N00717055EA0144801439005010024139121
B1028304627636N00717059EA0144401437005010026096115
B1028314627636N00717065EA0144101435005010029076091
B1028324627637N00717071EA0143801433005010033059069
B1028334627641N00717078EA0143701431005010039046054
B1028344627646N00717083EA0143701429005010042026035
B1028354627652N00717086EA0143601428005010040003013
B1028364627658N00717084EA0143401426005010037335348
B1028374627662N00717080EA0143501425005010034310320
B1028384627665N00717074EA0143401423005010032288293
B1028394627666N00717069EA0143301422010019025277272
B1028404627666N00717064EA0143201420005010020254259
B1028414627665N00717060EA0143001419005010020253238
B1028424627662N00717056EA0142801417005010028205236
B1028434627658N00717055EA0142701416005010032184202
B1028444627653N00717056EA0142601414005010030161183
B1028454627649N00717058EA0142401413005010026150173
B1028464627645N00717061EA0142101411005010026153169
B1028474627642N00717063EA0141701410005010022156171
B1028484627638N00717065EA0141301408005010023159167
B1028494627635N00717066EA0141001407005010025171183
B1028504627631N00717066EA0140901405005010032173196
B1028514627626N00717067EA0140801404005010034181213
B1028524627621N00717065EA0140701402005010033198219
B1028534627617N00717061EA0140601400005010032223228
B1028544627614N00717055EA0140401399005010034251241
B1028554627613N00717047EA0140101397005010038267256
B1028564627614N00717039EA0140001396005010037271270
B1028574627614N00717031EA0139801394005010038276276
B1028584627616N00717022EA0139601392005010041287283
B1028594627617N00717014EA0139301390005010042287293
B1029004627621N00717006EA0139001388005010043323293
B1029014627626N00717002EA0138701386005010041336324
B1029024627633N00716999EA0138601384005010044347336
B1029034627639N00716997EA0138401382005010045353347
B1029044627645N00716999EA0138201380005010034018353
B1029054627650N00717002EA0137901378005010034017022
B1029064627654N00717005EA0137701376005010034018024
B1029074627659N00717008EA0137501374005010035030033
B1029084627663N00717013EA0137401372005010034040051
B1029094627666N00717019EA0137401370005010031054064
B1029104627668N00717025EA0137201368005010029076079
B1029114627668N00717032EA0137001366005010033100101
B1029124627666N00717039EA0136901364005010038124122
B1029134627662N00717045EA0136801362005010036143142
B1029144627657N00717048EA0136801360005010034163156
B1029154627651N00717050EA0136701358005010032174173
B1029164627646N00717050EA0136601355005010033194181
B1029174627641N00717047EA0136401353005010037211196
B1029184627635N00717042EA0136301351005010038216212
B1029194627630N00717037EA0136201350005010039220217
B1029204627626N00717031EA0135901348005010039228221
B1029214627623N00717025EA0135701346005010035233227
B1029224627622N00717018EA0135501344005010038282231
B1029234627623N00717010EA0135501343005010038294274
B1029244627626N00717003EA0135601340005010032301285
B1029254627629N00716998EA0135501338005010029307295
B1029264627632N00716994EA0135301336005010026318300
B1029274627635N00716990EA0135001334010019027318310
B1029284627638N00716986EA0134601332010019027319309
B1029294627642N00716983EA0134301330010019034328311
B1029304627647N00716980EA0134201328010019037336322
B1029314627652N00716977EA0134201326010019036334332
B1029324627657N00716974EA0134101324010019033334329
B1029334627661N00716971EA0133901321010019031334330
B1029344627665N00716969EA0133701319010019027338336
B1029354627669N00716966EA0133301317010019027337340
B1029364627674N00716965EA0133201315010019035000339
B1029374627679N00716966EA0133101313010019034010003
B1029384627683N00716968EA0133101311010019031021016
B1029394627687N00716971EA0132901309010019030029024
B1029404627691N00716975EA0132801307010019029028028
B1029414627695N00716978EA0132701305010019030026031
B1029424627699N00716981EA0132601303010019032025049
B1029434627703N00716984EA0132601302010019031030059
B1029444627707N00716989EA0132401300010019029048059
B1029454627709N00716994EA0132201299010019031071074
B1029464627709N00717001EA0132101297010019034088088
B1029474627709N00717009EA0132101295010019034092100
B1029484627709N00717016EA0132001293010019033097102
B1029494627708N00717023EA0131901292005010032104114
B1029504627706N00717030EA0131701290005010034115128
B1029514627703N00717037EA0131501288005010037123117
B1029524627700N00717044EA0131401286005010039129128
B1029534627696N00717050EA0131501285005010038131132
B1029544627692N00717056EA0131401283005010036140131
B1029554627687N00717061EA0131301282005010036139143
B1029564627683N00717066EA0131001281005010036137145
B1029574627679N00717071EA0130701279005010036144152
B1029584627674N00717076EA0130601277005010040152156
B1029594627669N00717080EA0130501275005010041153157
B1030004627663N00717084EA0130501273005010041156158
B1030014627657N00717087EA0130301272005010041161162
B1030024627652N00717090EA0130101270005010041159178
B1030034627646N00717093EA0129801269005010039160188
B1030044627640N00717095EA0129601267005010039172195
B1030054627635N00717096EA0129401265005010038175206
B1030064627628N00717095EA0129401263005010046191196
B1030074627622N00717093EA0129401261005010043194210
B1030084627616N00717090EA0129401259005010041197213
B1030094627610N00717087EA0129401258005010039201211
B1030104627605N00717083EA0129301256005010035209215
B1030114627601N00717079EA0129201255005010038224220
B1030124627597N00717072EA0129101254005010040237230
B1030134627594N00717064EA0129201252005010040241238
B1030144627591N00717056EA0129301251005010039241240
B1030154627589N00717049EA0129201250005010038240239
B1030164627586N00717042EA0129201249005010033247238
B1030174627585N00717035EA0129001248005010034258243
B1030184627584N00717027EA0128901247005010036270255
B1030194627585N00717019EA0128801246005010034276268
B1030204627586N00717012EA0128801244005010034297273
B1030214627589N00717007EA0128701243005010031313297
B1030224627593N00717003EA0128601242005010028334314
B1030234627597N00717001EA0128401241005010026346345
B1030244627601N00717000EA0128301239005010028355358
B1030254627606N00716999EA0128101238005010031000011
B1030264627611N00717000EA0127901237005010031007011
B1030274627616N00717001EA0127801236005010030012020
B1030284627620N00717002EA0127801235005010028012009
B1030294627624N00717004EA0127601234005010024017013
B1030304627628N00717006EA0127401233005010023020014
B1030314627631N00717007EA0127201232005010024020027
B1030324627635N00717010EA0127101231005010027022022
B1030334627639N00717012EA0127101230005010031023018
B1030344627643N00717015EA0127201228005010027026027
B1030354627647N00717017EA0127201227005010025024023
B1030364627650N00717019EA0127201226005010024026030
B1030374627653N00717022EA0127201226005010024031053
B1030384627656N00717025EA0127001225005010026040067
B1030394627659N00717029EA0126801224005010030053092
B1030404627663N00717036EA0126701223005010037076099
B1030414627663N00717044EA0126601221010019041084108
B1030424627662N00717053EA0126401220010019046116123
B1030434627659N00717061EA0126301219005010041131139
B1030444627654N00717066EA0126201217005010040158140
B1030454627649N00717069EA0126001216005010039169159
B1030464627643N00717070EA0125801215005010039172171
B1030474627637N00717071EA0125701214005010036172168
B1030484627631N00717073EA0125501213005010038168177
B1030494627626N00717074EA0125301212005010039170180
B1030504627620N00717075EA0125201211005010039176184
B1030514627614N00717075EA0125101209005010038181186
B1030524627608N00717075EA0124901208005010039181196
B1030534627602N00717075EA0124801207005010041181199
B1030544627596N00717075EA0124701206005010043182212
B1030554627589N00717074EA0124601205005010043191211
B1030564627583N00717071EA0124601204005010041206219
B1030574627578N00717066EA0124601202005010042223231
B1030584627574N00717058EA0124701201005010044237243
B1030594627571N00717050EA0124801200005010041250254
B1031004627570N00717043EA0125001199005010029270264
B1031014627570N00717037EA0125001198005010022294281
B1031024627572N00717033EA0125001197005010020301307
B1031034627573N00717029EA0125101196005010019304319
B1031044627575N00717025EA0125201195005010019302325
B1031054627576N00717022EA0125401194005010016305325
B1031064627578N00717019EA0125401193005010015313340
B1031074627579N00717017EA0125501192005010016318332
B1031084627581N00717015EA0125501191005010017324335
B1031094627583N00717012EA0125601191005010018326338
B1031104627585N00717010EA0125601190005010018319328
B1031114627586N00717007EA0125801189005010018310325
B1031124627588N00717004EA0125801189005010019305330
B1031134627590N00717000EA0125701188005010019305330
B1031144627592N00716997EA0125601188005010019312337
B1031154627594N00716993EA0125501187005010021322331
B1031164627597N00716990EA0125401187005010025320327
B1031174627600N00716986EA0125301186005010029310314
B1031184627603N00716981EA0125401186005010029305321
B1031194627606N00716976EA0125301185005010026306340
B1031204627608N00716971EA0125101185005010025306346
B1031214627611N00716968EA0125001184005010026324348
B1031224627615N00716964EA0124901184005010030330005
B1031234627619N00716961EA0124801183005010032337359
B1031244627623N00716959EA0124901183005010031339358
B1031254627628N00716957EA0124701182005010029347005
B1031264627632N00716956EA0124501182005010027351006
B1031274627636N00716955EA0124301181005010029352008
B1031284627641N00716955EA0124301181005010031359022
B1031294627646N00716955EA0124301180005010028011027
B1031304627650N00716957EA0124401179005010030022032
B1031314627655N00716960EA0124401180005010028041013
B1031324627659N00716964EA0124301180010019029047029
B1031334627662N00716969EA0124201181010019030046018
B1031344627666N00716973EA0123901181010019031041027
B1031354627670N00716977EA0123601180010019032036019
B1031364627674N00716981EA0123301180010019030030013
B1031374627679N00716984EA0123001179010019029026007
B1031384627683N00716987EA0122801179010019029016022
B1031394627687N00716988EA0122501178010019029011029
B1031404627692N00716990EA0122201177010019029016048
B1031414627696N00716992EA0122101176010019028030051
B1031434627699N00716995EA0121901175010019030033055
B1031444627702N00717000EA0121701174010019030065056
B1031454627705N00717013EA0121201172010019031090080
B1031474627704N00717020EA0121001170010019032098090
B1031484627702N00717034EA0120401167010019038111102
B1031504627699N00717042EA0120201165010019042113116
B1031514627697N00717051EA0120101163010019045117133
B1031524627693N00717059EA0120201161010019046125137
B1031534627689N00717067EA0120101160010019045128142
B1031544627684N00717074EA0120101158010019044145141
B1031554627679N00717079EA0120001157010019044155152
B1031564627672N00717082EA0119901155010019044161162
B1031574627666N00717085EA0119701154010019043165166
B1031584627660N00717087EA0119501153010019043165174
B1031594627654N00717089EA0119301151010019042174175
B1032004627647N00717089EA0119101150010019043183180
B1032014627640N00717088EA0119001149010019045191188
B1032024627634N00717085EA0118801147010019044198195
B1032034627628N00717082EA0118601146010019042204199
B1032044627622N00717078EA0118301145010019040209206
B1032054627617N00717073EA0118201143010019039212211
B1032064627613N00717068EA0117901142010019039217215
B1032074627609N00717062EA0117601140010019038231220
B1032084627606N00717056EA0117301138010019037244237
B1032094627604N00717048EA0117201136010019037255252
B1032104627603N00717040EA0117001133010019035266265
B1032114627603N00717033EA0116901131010019035274276
B1032124627603N00717025EA0116801128010019036275285
B1032134627604N00717017EA0116701126010019035276287
B1032144627605N00717011EA0116601123010019026286287
B1032154627606N00717006EA0116401121010019022298301
B1032164627608N00717003EA0116201118010019020311316
B1032174627611N00717000EA0116001116010019019325330
B1032184627613N00716998EA0115701114010019014329343
B1032194627615N00716997EA0115301112010019008002351
B1032204627617N00716997EA0115101111010019006004019
B1032214627619N00716997EA0114901109010019003015023
B1032224627620N00716998EA0114901107010019009043023
B1032234627621N00717001EA0114701104010019011059041
B1032244627622N00717004EA0114501102010019010073053
B1032254627622N00717009EA0114201101010019015092055
B1032264627620N00717015EA0114001100010019023093063
B1032274627618N00717021EA0113901100010019023092063
B1032284627618N00717026EA0113701099010019018079061
B1032294627619N00717032EA0113501100010019013064051
B1032304627619N00717034EA0113201100010019004059040
B1032314627621N00717037EA0113101100010019002344032
B1032324627621N00717037EA0113001100010019011308034
B1032334627623N00717036EA0112901100010019021290335
B1032344627624N00717032EA0112701100010019021271308
B1032354627623N00717027EA0112501100010019024252292
B1032364627622N00717022EA0112301100010019027247274
B1032374627621N00717016EA0112101100010019029251268
B1032384627620N00717010EA0112001100010019029261270
B1032394627619N00717004EA0112001100010019028264279
B1032404627621N00716993EA0111801099010019021287284
B1032414627622N00716989EA0111501099010019018299314
B1032424627624N00716985EA0111101099010019020298327
B1032434627626N00716981EA0110701098010019021300324
B1032444627627N00716977EA0110401098010019019303323
B1032454627630N00716975EA0110201098010019021341329
B1032464627633N00716974EA0110201097010019022345356
B1032474627638N00716974EA0110001097010019025342358
B1032484627643N00716973EA0110101097010019027338355
B1032494627648N00716971EA0109901096010019028337348
B1032504627652N00716969EA0109901096010019026339002
B1032514627657N00716968EA0109701096010019024348010
B1032524627660N00716967EA0109401095010019021353020
B1032534627663N00716968EA0109101095010019018018022
B1032544627665N00716970EA0109201094010019024034023
B1032554627669N00716973EA0109301094010019023030019
B1032564627671N00716975EA0109201093010019021018015
B1032574627675N00716977EA0109001092010019021009015
B1032584627678N00716978EA0108801092010019020012023
B1032594627681N00716979EA0108601091010019020022040
B1033004627684N00716982EA0108601090010019021027023
B1033014627688N00716986EA0108601089010019019034025
B1033024627691N00716988EA0108701088010019019035171
B1033034627692N00716989EA0108701088010019006015133
B1033044627692N00716989EA0108701087010019004019320
B1033054627692N00716989EA0108601086010019001355318
B1033064627692N00716989EA0108701086010019001241324
B1033074627692N00716989EA0108701086010019002227335
B1033084627692N00716989EA0108701086010019002224348
B1033094627692N00716989EA0108701086010019001230355
B1033104627692N00716989EA0108701086010019001236000
B1033114627692N00716989EA0108701086010019000239004
B1033124627692N00716989EA0108701086010019000000007
B1033134627692N00716989EA0108701086010019000000010
B1033144627692N00716989EA0108701086010019000000012
B1033154627692N00716989EA0108701086010019000000014
B1033164627692N00716989EA0108701086010019000000016
B1033174627692N00716989EA0108701086010019000000017
B1033184627692N00716989EA0108701086010019000000018
B1033194627692N00716989EA0108701086010019000000019
B1033204627692N00716989EA0108701086010019000000019
GBUgyfTGP/b32Q/HW1sO+A6jpd/qgSu+caSrFsfjIYj+01ArMyyyP8d/b2qbd+5BD
GZ/WI4fEKaEkT2w2BYqXIzXBsjcMDbqbv1zx3cqfOMjsTw482PWh70fvmsTnR/Mpw
Ga/08BfHMKtmGBFRVv2wFAB9gUb4eu4QS9PEfoYRjZ0s=

