AXFH000
HFDTE111124
HFPLTPILOT:Scott O’Brien
HFGTYGLIDERTYPE:BGD Epic M
HFDTM100GPSDATUM:WGS84
HFRFWFIRMWAREVERSION:8.2.5
HFRHWHARDWAREVERSION:iPhone 15
HFFTYFRTYPE:Flyskyhy,8.2.5
HFGPS:Internal
HFPRSVARIO:Internal Vario
HFCCLCOMPETITIONCLASS:Paraglider
HFTZNTIMEZONE:-3
HFSITSITE:Iquique - Palo Buque,CL
I053638FXA3941VXA4244GSP4547CCO4850HDT
C111124210811111124000105TASK
C0000000N00000000ETAKEOFF
C3832449N11204411W00000000001000000000360000STARTAREA T04
C3832449N11204411W00030009999999000000360000TURNAREA T04
C3833533N11148217W00000000002000000000360000TURNAREA P30
C3845304N11125100W00000000006000000000360000TURNAREA S08
C3913309N11109083W00000000002000000000360000TURNAREA F04
C3935774N11050460W00000000003000000000360000TURNAREA G14
C3935774N11050460W00000000000400000000360000FINISHAREA G14
C0000000N00000000ELANDING
B2108552023128S07009777WA0013500295999015000359202
B2108562023051S07009263WA0029500342033048022229193
B2108572023044S07009245WA0029500308020024022270197
B2108582023056S07009244WA0029700325007012022270198
B2108592023057S07009248WA0029800312005008000359198
B2109002023057S07009250WA0030100311004008010286203
B2109012023058S07009253WA0030400297004006017260207
B2109022023058S07009256WA0030300291004006017264221
B2109032023058S07009259WA0030000287004006017278235
B2109042023059S07009261WA0029700285004006015274243
B2109052023059S07009264WA0029400288004006022272248
B2109062023059S07009268WA0029200285004004022266243
B2109072023060S07009271WA0029000286004004022253233
B2109082023061S07009275WA0028900289004004021252236
B2109092023062S07009278WA0028900291004004025249233
B2109102023063S07009282WA0028900292004004023254233
B2109112023064S07009285WA0029000295004004023251223
B2109122023064S07009287WA0029100298004004010244222
B2109132023065S07009288WA0029200298004003010219211
B2109142023066S07009288WA0029300299004003005197182
B2109152023066S07009288WA0029500300004003004140191
B2109162023066S07009287WA0029700301004003008080174
B2109172023066S07009286WA0029800302004003012069164
B2109182023066S07009284WA0030000301004003012094160
B2109192023067S07009282WA0030100300004003012109164
B2109202023067S07009280WA0030200300004004012116166
B2109212023068S07009279WA0030200301004003012105168
B2109222023068S07009277WA0030300302004003010095166
B2109232023068S07009275WA0030300303004003010094167
B2109242023068S07009273WA0030300301004003011092165
B2109252023068S07009271WA0030300302004003014095166
B2109262023069S07009269WA0030400301004003013101168
B2109272023069S07009268WA0030400301004003013106169
B2109282023070S07009266WA0030400300004003013112171
B2109292023071S07009264WA0030400301004003012116172
B2109302023072S07009262WA0030400300004003012116174
B2109312023073S07009261WA0030300300004003012114176
B2109322023073S07009259WA0030300300004003012107172
B2109332023074S07009257WA0030300300004004012108172
B2109342023075S07009256WA0030300300004004009106168
B2109352023075S07009254WA0030300302004004013109166
B2109362023076S07009252WA0030300304004004013097159
B2109372023075S07009249WA0030400305004003014085160
B2109382023074S07009246WA0030500307004003016073144
B2109392023073S07009243WA0030600307004003025073139
B2109402023072S07009239WA0030800308004003031077134
B2109412023070S07009234WA0031000308004004031072134
B2109422023069S07009230WA0031100309004003031070131
B2109432023067S07009226WA0031200310004004030070134
B2109442023066S07009222WA0031200310004004027074142
B2109452023066S07009218WA0031300311004004027075141
B2109462023064S07009214WA0031400311004004027073139
B2109472023064S07009210WA0031400310004006026076137
B2109482023062S07009206WA0031500311004004027070138
B2109492023061S07009202WA0031500311004004024072139
B2109502023060S07009198WA0031600311004004024074140
B2109512023059S07009195WA0031600311004003023076149
B2109522023059S07009192WA0031600312004003021082158
B2109532023059S07009191WA0031600311004003017114170
B2109542023059S07009190WA0031700312004003004094185
B2109552023060S07009190WA0031700312004004004094199
B2109562023060S07009191WA0031700312004004004268212
B2109572023059S07009193WA0031700314004004008288222
B2109582023058S07009195WA0031700315004004014303234
B2109592023057S07009198WA0031700316004004021296239
B2110002023055S07009202WA0031700315004004026299244
B2110012023053S07009205WA0031700316004004025302245
B2110022023051S07009208WA0031700318004004025305243
B2110032023049S07009212WA0031700318004004024305241
B2110042023046S07009214WA0031800320004004023306238
B2110052023045S07009217WA0031800321004003023303233
B2110062023043S07009220WA0031800321004004020299229
B2110072023042S07009222WA0031800322004004019301223
B2110082023042S07009224WA0031800322004003013266220
B2110092023042S07009225WA0031900321004003004286200
B2110102023042S07009225WA0031900321004003004286185
B2110112023043S07009224WA0031900322004004004286179
B2110122023044S07009224WA0032000322004003006154179
B2110132023045S07009223WA0032000323004003008178176
B2110142023046S07009223WA0032000323004003008153184
B2110152023047S07009222WA0032000323004003011125174
B2110162023048S07009221WA0032100324004003011118168
B2110172023048S07009220WA0032100325004003011117169
B2110182023049S07009219WA0032200325004003006120173
B2110192023049S07009219WA0032200325004003000120181
B2110202023049S07009219WA0032200324004004000120182
B2110212023049S07009219WA0032300324004004000120179
B2110222023049S07009219WA0032400322004004002120179
B2110232023050S07009218WA0032400321004004004120181
B2110242023050S07009217WA0032400320004004004120181
B2110252023050S07009217WA0032400320004003006137183
B2110262023051S07009216WA0032400319004003006150184
B2110272023053S07009216WA0032300319004003008162180
B2110282023054S07009216WA0032200320004003008175188
B2110292023055S07009216WA0032200321004003006185192
B2110302023056S07009217WA0032100320004004006185194
B2110312023056S07009217WA0032100320004004006214193
B2110322023057S07009218WA0032100319004003006210192
B2110332023058S07009219WA0032100320004003008211196
B2110342023059S07009220WA0032100321004003007218189
B2110352023060S07009221WA0032200321004003007222184
B2110362023060S07009221WA0032200321004004005222181
B2110372023060S07009221WA0032200321004004005222171
B2110382023061S07009219WA0032200319004004006104164
B2110392023061S07009217WA0032200318004004014097157
B2110402023060S07009213WA0032200318004004018091152
B2110412023059S07009210WA0032200318004003018078142
B2110422023058S07009206WA0032200318004003024074135
B2110432023057S07009202WA0032200318004003028071130
B2110442023056S07009197WA0032200317004003028073128
B2110452023055S07009193WA0032200316004004028068129
B2110462023053S07009189WA0032100317004003028072128
B2110472023051S07009185WA0032100317004003029067129
B2110482023050S07009180WA0032100317004004029069128
B2110492023049S07009176WA0032100316004003028071130
B2110502023048S07009172WA0032100316004003028075133
B2110512023047S07009169WA0032100316004003026075135
B2110522023046S07009165WA0032100316004003026075136
B2110532023045S07009160WA0032200317004003026073134
B2110542023043S07009156WA0032200317004003027074134
B2110552023042S07009152WA0032200318004003027076133
B2110562023041S07009148WA0032300318004003027075134
B2110572023040S07009144WA0032300319004003026075133
B2110582023039S07009140WA0032400319004003026074133
B2110592023038S07009135WA0032400319004003028076132
B2111002023037S07009131WA0032400318004003028075132
B2111012023036S07009126WA0032400317004003028076128
B2111022023035S07009121WA0032400316004003030081131
B2111032023035S07009116WA0032400316004003032079132
B2111042023034S07009111WA0032400315004003031082127
B2111052023034S07009107WA0032300317004004031083142
B2111062023033S07009102WA0032300318004004030085144
B2111072023033S07009098WA0032300318004004030085139
B2111082023033S07009093WA0032300317004004030088134
B2111092023033S07009089WA0032300318004004030086134
B2111102023032S07009084WA0032300319004004025084143
B2111112023032S07009080WA0032400318004004025088140
B2111122023032S07009076WA0032400319004004027088132
B2111132023032S07009072WA0032500320004004027086134
B2111142023031S07009068WA0032500320004003025073132
B2111152023030S07009064WA0032500319004004025074131
B2111162023028S07009059WA0032600319004003028074119
B2111172023027S07009054WA0032600318004004033076126
B2111182023027S07009049WA0032600320004003033081132
B2111192023026S07009044WA0032600320004003030084136
B2111202023026S07009041WA0032600321004003029092138
B2111212023025S07009037WA0032600321004004021076153
B2111222023027S07009035WA0032600321004003016125155
B2111232023028S07009033WA0032600321004003017111161
B2111242023029S07009030WA0032700321004003017110157
B2111252023030S07009027WA0032700323004003019107156
B2111262023030S07009025WA0032700324004003019096156
B2111272023031S07009022WA0032700323004003016095151
B2111282023031S07009019WA0032700324004003018103155
B2111292023032S07009017WA0032800325004003018108156
B2111302023033S07009014WA0032800325004004018112160
B2111312023034S07009012WA0032900326004004018108164
B2111322023034S07009010WA0032900328004003008105171
B2111332023035S07009009WA0032900328004003008125171
B2111342023036S07009008WA0033100328004003008123170
B2111352023037S07009007WA0033200328004003008145169
B2111362023039S07009005WA0033200330004003015134167
B2111372023040S07009003WA0033200331004003014119162
B2111382023041S07009002WA0033300333004003014110157
B2111392023041S07009000WA0033400334004003012090162
B2111402023042S07008998WA0033400334004003012092165
B2111412023042S07008995WA0033500333004003014109160
B2111422023043S07008993WA0033700333004003016123168
B2111432023045S07008991WA0033800335004003016119173
B2111442023046S07008990WA0033800337004003016133183
B2111452023046S07008989WA0033900337004003008133191
B2111462023047S07008989WA0034000337004003003133202
B2111472023047S07008990WA0034100340004003007207191
B2111482023048S07008991WA0034100341004003008222209
B2111492023049S07008992WA0034100344004003008221188
B2111502023050S07008992WA0034300346004003008210184
B2111512023051S07008993WA0034400348004003008183187
B2111522023052S07008993WA0034400351004003005183192
B2111532023053S07008993WA0034600353004003006183185
B2111542023054S07008993WA0034900355004003006191198
B2111552023055S07008994WA0035200356004003008216201
B2111562023056S07008995WA0035200357004003008214197
B2111572023057S07008995WA0035400358004003004209194
B2111582023058S07008995WA0035700358004003006189192
B2111592023059S07008996WA0035900358004003006186189
B2112002023060S07008996WA0035900358004003007183185
B2112012023062S07008996WA0036000358004003010180184
B2112022023063S07008996WA0036100359004003009174175
B2112032023064S07008995WA0036200359004003009156170
B2112042023065S07008994WA0036200359004003009137162
B2112052023067S07008993WA0036200357004003012134162
B2112062023068S07008991WA0036200358004003013150173
B2112072023070S07008991WA0036200358004003016187196
B2112082023070S07008996WA0036200358004003027274225
B2112092023068S07009001WA0036200358004003027299252
B2112102023063S07009006WA0036200357004003041323281
B2112112023056S07009009WA0036200357004003054344315
B2112122023048S07009011WA0036100357004003054344350
B2112132023040S07009007WA0036100357004003064032012
B2112142023034S07009002WA0036100354004003054048053
B2112152023031S07008997WA0036000355004003052067085
B2112162023028S07008992WA0035900356004003040067102
B2112172023026S07008988WA0035900355004003023065113
B2112182023025S07008984WA0035900355004003023075121
B2112192023024S07008980WA0035900354004003023083128
B2112202023023S07008976WA0035900353004003023072124
B2112212023024S07008973WA0035900355004003024086127
B2112222023023S07008969WA0035900355004004023086133
B2112232023023S07008965WA0035900355004004023081130
B2112242023023S07008962WA0036000355004003022085133
B2112252023023S07008959WA0036000357004003018093135
B2112262023023S07008957WA0036000357004003018096140
B2112272023023S07008953WA0036100357004004020101143
B2112282023024S07008950WA0036100357004004023100142
B2112292023024S07008946WA0036100355004004023094131
B2112302023024S07008941WA0036200358004004027081118
B2112312023023S07008936WA0036300358004004027081119
B2112322023023S07008933WA0036300358004004023084124
B2112332023023S07008929WA0036300359004003023096138
B2112342023024S07008926WA0036400359004003022112148
B2112352023025S07008923WA0036400360004003022121150
B2112362023026S07008920WA0036500362004003022121159
B2112372023027S07008918WA0036500364004003011123162
B2112382023028S07008917WA0036600367004003011127169
B2112392023029S07008917WA0036700366004004008120172
B2112402023030S07008917WA0036900368004004008171175
B2112412023031S07008916WA0037100369004004008159178
B2112422023033S07008916WA0037200372004004009160174
B2112432023033S07008915WA0037400375004003009164177
B2112442023034S07008915WA0037600379004003005164186
B2112452023035S07008915WA0037800382004003005187186
B2112462023036S07008916WA0038000385004003007207183
B2112472023037S07008916WA0038300387004003007219191
B2112482023038S07008917WA0038500389004003007212187
B2112492023038S07008917WA0038500391004003002212180
B2112502023038S07008918WA0038900389004003002241209
B2112512023041S07008919WA0039100389004003008191170
B2112522023043S07008919WA0039400390004003018198187
B2112532023045S07008921WA0039400393004003018212170
B2112542023046S07008922WA0039500395004003013225190
B2112552023048S07008922WA0039600396004003011188183
B2112562023049S07008923WA0039700397004003009193164
B2112572023050S07008923WA0039800398004003009195171
B2112582023051S07008923WA0039900401004003009190174
B2112592023052S07008922WA0040100402004003006129183
B2113002023052S07008922WA0040200401004003006121162
B2113012023053S07008921WA0040400400004003006145176
B2113022023055S07008920WA0040400400004003011159180
B2113032023056S07008920WA0040500400004003012162173
B2113042023058S07008919WA0040500401004003011150180
B2113052023059S07008919WA0040500401004003008146168
B2113062023059S07008917WA0040400401004003008121161
B2113072023060S07008916WA0040400399004003013106159
B2113082023061S07008913WA0040400398004003018108155
B2113092023061S07008910WA0040400397004003018114147
B2113102023062S07008906WA0040400396004003021098139
B2113112023061S07008902WA0040300398004003028071146
B2113122023060S07008898WA0040200399004003029070111
B2113132023059S07008895WA0040200398004003028075114
B2113142023060S07008892WA0040200397004003022097131
B2113152023060S07008889WA0040300397004004018109147
B2113162023061S07008886WA0040400399004004020110156
B2113172023062S07008885WA0040500401004004018125173
B2113182023063S07008885WA0040500400004003011183188
B2113192023064S07008887WA0040600400004003018248209
B2113202023065S07008890WA0040600401004003026262217
B2113212023065S07008894WA0040700403004003025271229
B2113222023063S07008898WA0040700404004003026294236
B2113232023060S07008902WA0040800407004003030319247
B2113242023057S07008905WA0040900408004003030313255
B2113252023055S07008908WA0040900409004003028307260
B2113262023053S07008911WA0041000409004003024290239
B2113272023053S07008914WA0041200409004003020268228
B2113282023053S07008918WA0041300409004003021274229
B2113292023052S07008921WA0041400410004003021276230
B2113302023052S07008924WA0041400410004003020274228
B2113312023052S07008926WA0041400411004003019256219
B2113322023053S07008929WA0041400412004003015252214
B2113332023054S07008931WA0041300412004004016239205
B2113342023055S07008933WA0041300413004003016248206
B2113352023055S07008934WA0041300413004003013257206
B2113362023056S07008935WA0041300413004003006247194
B2113372023056S07008936WA0041300412004003006234185
B2113382023057S07008938WA0041300412004003014242201
B2113392023058S07008940WA0041400412004003016261207
B2113402023058S07008942WA0041400412004003016273221
B2113412023056S07008946WA0041400412004003017298243
B2113422023053S07008950WA0041300411004003029302256
B2113432023051S07008954WA0041300409004003030304260
B2113442023047S07008959WA0041300409004003041305270
B2113452023044S07008964WA0041300410004003039307277
B2113462023041S07008969WA0041300411004003039306271
B2113472023038S07008974WA0041300413004004037304258
B2113482023035S07008978WA0041300414004003031299264
B2113492023033S07008982WA0041300414004003033294270
B2113502023031S07008987WA0041400415004003031296245
B2113512023029S07008991WA0041500421004003031298251
B2113522023027S07008994WA0041600422004003028295237
B2113532023026S07008997WA0041800425004003015277220
B2113542023027S07008999WA0042000426004003016237207
B2113552023028S07009001WA0042200426004003015233197
B2113562023030S07009002WA0042300429004003014176188
B2113572023030S07009001WA0042500430004003011124172
B2113582023031S07009000WA0042700431004003013100155
B2113592023031S07008998WA0042800431004003015101136
B2114002023032S07008995WA0042800433004003015110143
B2114012023033S07008991WA0042900433004003022101137
B2114022023033S07008987WA0043100436004004023091128
B2114032023033S07008983WA0043200437004004024085125
B2114042023032S07008980WA0043400438004006024074118
B2114052023031S07008976WA0043600439004003024071118
B2114062023031S07008971WA0043800440004003026081115
B2114072023030S07008967WA0044000441004003028081116
B2114082023029S07008962WA0044200444004003031080117
B2114092023028S07008957WA0044400447004003031074115
B2114102023026S07008954WA0044500447004003027060116
B2114112023024S07008951WA0044700448004003023058115
B2114122023023S07008948WA0044800447004003023069126
B2114132023024S07008945WA0044900446004003021105141
B2114142023024S07008943WA0044900446004003021113150
B2114152023025S07008943WA0045000448004003014221165
B2114162023026S07008945WA0045000448004003014246192
B2114172023027S07008947WA0045000448004003015257206
B2114182023027S07008950WA0045000448004003019264206
B2114192023027S07008954WA0044900449004003024268215
B2114202023027S07008958WA0044900449004003024277226
B2114212023026S07008962WA0044900450004003026278233
B2114222023025S07008966WA0044900451004003026290240
B2114232023024S07008970WA0045000452004004028294249
B2114242023022S07008974WA0045000452004003028297250
B2114252023021S07008978WA0045000451004003028281249
B2114262023020S07008982WA0045100452004003028275234
B2114272023021S07008985WA0045200452004003025261224
B2114282023021S07008987WA0045200454004003010244207
B2114292023022S07008988WA0045200454004004011221190
B2114302023024S07008988WA0045200454004004011157174
B2114312023024S07008988WA0045200454004003011109169
B2114322023024S07008988WA0045300453004003004257154
B2114332023025S07008986WA0045300451004003012101160
B2114342023025S07008984WA0045300451004003017101151
B2114352023025S07008981WA0045300451004003017098141
B2114362023026S07008979WA0045300450004003017099140
B2114372023026S07008976WA0045300450004003017083137
B2114382023026S07008973WA0045300451004003019079130
B2114392023025S07008970WA0045300451004003021080123
B2114402023024S07008967WA0045300451004004021076125
B2114412023023S07008963WA0045300453004003023074121
B2114422023022S07008960WA0045300453004004023065116
B2114432023021S07008957WA0045400453004003023067119
B2114442023019S07008953WA0045500454004003024070114
B2114452023018S07008949WA0045500454004003024067115
B2114462023016S07008945WA0045600454004003025063113
B2114472023015S07008941WA0045600454004003028068117
B2114482023014S07008936WA0045700454004003031076120
B2114492023013S07008932WA0045700454004003031089121
B2114502023013S07008928WA0045800455004003026095138
B2114512023013S07008925WA0045800456004003022096136
B2114522023014S07008922WA0045800458004003022100137
B2114532023014S07008918WA0045800460004003020105140
B2114542023015S07008916WA0045900460004003020118154
B2114552023016S07008915WA0046000461004003014125140
B2114562023018S07008913WA0046100461004003014132142
B2114572023019S07008911WA0046100461004003014125152
B2114582023020S07008908WA0046200460004003023118135
B2114592023021S07008905WA0046400460004003023105127
B2115002023021S07008901WA0046400460004004023087119
B2115012023021S07008898WA0046400460004004023072104
B2115022023019S07008894WA0046500460004003023058106
B2115032023018S07008890WA0046500460004003025083112
B2115042023018S07008886WA0046500460004003026096113
B2115052023022S07008883WA0046500462004003026140142
B2115062023023S07008882WA0046600467004003026176163
B2115072023024S07008882WA0046600471004003012202183
B2115082023025S07008885WA0046700473004003021273205
B2115092023024S07008888WA0046700473004003027277244
B2115102023024S07008892WA0046800475004003024267239
B2115112023025S07008896WA0047000479004003027265219
B2115122023024S07008900WA0047200481004003025284227
B2115132023024S07008904WA0047200483004003021283246
B2115142023023S07008907WA0047500484004003022272239
B2115152023023S07008911WA0047700485004003022268238
B2115162023023S07008916WA0047900484004003029278243
B2115172023022S07008921WA0047900486004003030280248
B2115182023021S07008925WA0048100487004003030279247
B2115192023020S07008929WA0048200487004003026284251
B2115202023018S07008933WA0048400488004003026294247
B2115212023017S07008937WA0048400489004004029292243
B2115222023016S07008941WA0048500491004003029291244
B2115232023015S07008944WA0048600492004003025281234
B2115242023014S07008947WA0048700494004003021280216
B2115252023014S07008949WA0048700495004003010267211
B2115262023015S07008951WA0048900494004003010243195
B2115272023017S07008951WA0049000494004003010168184
B2115282023018S07008950WA0049100494004003013151170
B2115292023020S07008949WA0049200494004003014145162
B2115302023021S07008946WA0049300494004003019104145
B2115312023022S07008944WA0049400495004003018105149
B2115322023021S07008940WA0049500496004003019079128
B2115332023021S07008937WA0049600496004004022080117
B2115342023021S07008933WA0049700497004003025082116
B2115352023019S07008929WA0049800498004003031075118
B2115362023018S07008925WA0049800500004003031065098
B2115372023016S07008920WA0049800501004003031071094
B2115382023014S07008917WA0049900505004003031060095
B2115392023012S07008913WA0050000507004003027066101
B2115402023011S07008908WA0050200508004003034069101
B2115412023010S07008903WA0050400512004003032080110
B2115422023008S07008899WA0050500516004003032078111
B2115432023007S07008896WA0050700520004003024074122
B2115442023006S07008893WA0051000523004003018068134
B2115452023006S07008890WA0051300525004003019074133
B2115462023006S07008886WA0051600526004003019097145
B2115472023006S07008884WA0052000529004003019111157
B2115482023007S07008882WA0052300531004003019157164
B2115492023009S07008884WA0052600533004003017235185
B2115502023010S07008886WA0052800534004003026258208
B2115512023010S07008891WA0053000535004003026272230
B2115522023010S07008896WA0053100538004003031273249
B2115532023007S07008900WA0053100541004003033301257
B2115542023004S07008905WA0053300543004003038311277
B2115552023001S07008909WA0053400545004003038308283
B2115562022997S07008914WA0053500547004003038309290
B2115572022994S07008918WA0053700550004003038311285
B2115582022991S07008922WA0053900552004003033307264
B2115592022989S07008926WA0054200555004003027303261
B2116002022988S07008930WA0054500555004003027283251
B2116012022987S07008934WA0054800558004003026275229
B2116022022988S07008937WA0055000560004003026243212
B2116032022989S07008939WA0055300563004003023209196
B2116042022991S07008939WA0055500565004003016148172
B2116052022993S07008936WA0055700566004003022129156
B2116062022993S07008934WA0055900568004004020083130
B2116072022993S07008931WA0056100572004004020093123
B2116082022994S07008930WA0056400573004003014112131
B2116092022995S07008928WA0056700575004003012130153
B2116102022997S07008926WA0056700575004003016127145
B2116112022998S07008924WA0057000577004003013124131
B2116122022999S07008923WA0057200578004003013128137
B2116132023000S07008922WA0057400578004003009128138
B2116142023000S07008920WA0057600577004003012116140
B2116152023001S07008918WA0057700577004003013120140
B2116162023003S07008916WA0057800577004003013119138
B2116172023004S07008914WA0057800577004003013123139
B2116182023004S07008913WA0057800578004003013115134
B2116192023005S07008911WA0057900577004003014109132
B2116202023005S07008909WA0057900578004003015099131
B2116212023006S07008906WA0057900578004003014098124
B2116222023006S07008904WA0058000579004003014103136
B2116232023007S07008903WA0058100580004003013111132
B2116242023007S07008902WA0058200581004003007121133
B2116252023008S07008901WA0058200581004003007131142
B2116262023009S07008900WA0058300581004003007140149
B2116272023011S07008899WA0058300581004003011152157
B2116282023013S07008898WA0058300581004003012166167
B2116292023015S07008899WA0058400581004003016182178
B2116302023018S07008904WA0058400582004003028243194
B2116312023019S07008908WA0058300581004003028258223
B2116322023019S07008914WA0058300580004003036268242
B2116332023018S07008920WA0058200581004003039279258
B2116342023014S07008927WA0058200581004003054308276
B2116352023009S07008932WA0058100581004003054319303
B2116362023003S07008937WA0058000580004003048330320
B2116372022997S07008941WA0058000580004003047337336
B2116382022989S07008943WA0058000580004003047347351
B2116392022983S07008944WA0058000579004003046002009
B2116402022976S07008942WA0058000576004003047022031
B2116412022970S07008937WA0058000574004003047048054
B2116422022966S07008931WA0058000572004003048049075
B2116432022965S07008925WA0057900572004003048067110
B2116442022965S07008923WA0057700572004004016077115
B2116452022966S07008922WA0057600575004004016080145
B2116462022966S07008921WA0057600575004003003081143
B2116472022966S07008920WA0057600576004003003099147
B2116482022968S07008918WA0057600576004003013122146
B2116492022970S07008917WA0057600576004003015142144
B2116502022971S07008916WA0057600577004003015163153
B2116512022972S07008916WA0057700578004003010172156
B2116522022973S07008915WA0057700577004003007161158
B2116532022974S07008915WA0057700577004003007171163
B2116542022977S07008915WA0057700575004003017177153
B2116552022979S07008915WA0057700575004003017185158
B2116562022981S07008915WA0057600574004003014178156
B2116572022983S07008915WA0057600573004003014171154
B2116582022985S07008914WA0057600571004003014156153
B2116592022987S07008913WA0057600571004003017149153
B2117002022989S07008912WA0057500571004003018156153
B2117012022992S07008912WA0057500570004003018182161
B2117022022994S07008913WA0057500569004003018195168
B2117032022996S07008913WA0057300567004003015189169
B2117042022998S07008912WA0057300565004003016167159
B2117052023001S07008911WA0057200563004003018161152
B2117062023003S07008910WA0057200562004003018149150
B2117072023005S07008909WA0057100561004003018138140
B2117082023006S07008907WA0056900560004003014108128
B2117092023006S07008904WA0056800560004003016098117
B2117102023006S07008901WA0056800559004003020084119
B2117112023006S07008898WA0056700557004003020081104
B2117122023005S07008894WA0056500556004004024074097
B2117132023002S07008891WA0056400558004003025060093
B2117142023000S07008888WA0056400556004003024045078
B2117152022997S07008885WA0056300554004003028044074
B2117162022994S07008882WA0056200553004003028046068
B2117172022991S07008878WA0056100553004003030045065
B2117182022987S07008875WA0056000553004003030038065
B2117192022984S07008872WA0055900553004003032035055
B2117202022980S07008869WA0055800553004003032038054
B2117212022977S07008866WA0055700552004003029040059
B2117222022974S07008863WA0055600552004003029047071
B2117232022971S07008859WA0055500552004003028049082
B2117242022969S07008856WA0055500549004003028069093
B2117252022969S07008851WA0055500549004003028085106
B2117262022968S07008847WA0055400550004003027093118
B2117272022969S07008843WA0055400551004003027104123
B2117282022970S07008839WA0055300553004003021106128
B2117292022970S07008837WA0055300555004003021101128
B2117302022970S07008834WA0055300556004003019094131
B2117312022970S07008831WA0055400556004003018086128
B2117322022971S07008828WA0055500558004003016095136
B2117332022971S07008826WA0055500557004003016118148
B2117342022973S07008825WA0055600559004003015150166
B2117352022975S07008825WA0055800559004003015196176
B2117362022977S07008827WA0055900560004003024237204
B2117372022978S07008831WA0055900560004003034268219
B2117382022977S07008836WA0056000561004003034286236
B2117392022975S07008841WA0056000561004003038287273
B2117402022972S07008847WA0056000564004003038293264
B2117412022970S07008851WA0056000565004003029298273
B2117422022968S07008855WA0056000566004003029297269
B2117432022966S07008859WA0056100566004003029299265
B2117442022965S07008864WA0056200566004003029285265
B2117452022964S07008869WA0056300565004003034280260
B2117462022962S07008874WA0056300565004003031284256
B2117472022962S07008879WA0056400564004003031270253
B2117482022962S07008884WA0056400562004003031269244
B2117492022962S07008889WA0056400562004003031272248
B2117502022962S07008895WA0056300561004003032272248
B2117512022962S07008900WA0056200558004003031270252
B2117522022962S07008905WA0056100557004003032272243
B2117532022962S07008910WA0056000554004003031269247
B2117542022962S07008914WA0056000552004004031268240
B2117552022962S07008919WA0055900552004003031264230
B2117562022963S07008924WA0055700551004003027256232
B2117572022964S07008928WA0055600549004003027246218
B2117582022966S07008932WA0055400547004003027246220
B2117592022967S07008936WA0055200546004003027246226
B2118002022969S07008940WA0055000544004003027248222
B2118012022971S07008944WA0054900541004003029246221
B2118022022972S07008948WA0054700538004003029248218
B2118032022974S07008952WA0054600538004003027247219
B2118042022975S07008955WA0054400539004003023246213
B2118052022977S07008959WA0054300539004003023244217
B2118062022978S07008962WA0054200538004003026247219
B2118072022980S07008966WA0054100538004003027253211
B2118082022980S07008970WA0054000537004003027258218
B2118092022981S07008974WA0053900535004003027264223
B2118102022982S07008978WA0053900534004003025255217
B2118112022983S07008982WA0053900531004003026246205
B2118122022985S07008986WA0053800529004003026246213
B2118132022986S07008990WA0053700528004003026242205
B2118142022988S07008994WA0053500527004003026246205
B2118152022989S07008997WA0053400527004003025245208
B2118162022991S07009000WA0053200527004003023239200
B2118172022993S07009004WA0053000528004003024236203
B2118182022995S07009007WA0052900528004003024239203
B2118192022997S07009011WA0052900529004003025245212
B2118202022998S07009015WA0052800528004003026251208
B2118212023000S07009019WA0052800529004003027245219
B2118222023002S07009023WA0052800529004003028237212
B2118232023004S07009026WA0052800529004003027232203
B2118242023006S07009029WA0052800529004003027236199
B2118252023008S07009033WA0052800528004003024241195
B2118262023010S07009036WA0052700528004003023240196
B2118272023012S07009039WA0052700526004003028223194
B2118282023015S07009042WA0052700525004003027222185
B2118292023018S07009044WA0052700524004003027205177
B2118302023020S07009045WA0052600523004003021205168
B2118312023022S07009047WA0052500522004003015207161
B2118322023025S07009048WA0052400520004003015201162
B2118332023027S07009048WA0052300518004003015188156
B2118342023029S07009048WA0052200517004003015187152
B2118352023032S07009048WA0052200516004003015176152
B2118362023034S07009048WA0052200514004004015170144
B2118372023035S07009048WA0052000512004003015166148
B2118382023037S07009047WA0051900511004003011149145
B2118392023039S07009046WA0051800508004003011157145
B2118402023040S07009045WA0051800507004003012147139
B2118412023042S07009044WA0051600507004003017154140
B2118422023045S07009042WA0051500506004003018145139
B2118432023046S07009040WA0051300507004003017121144
B2118442023047S07009038WA0051300509004003016092134
B2118452023046S07009036WA0051100509004003015077137
B2118462023046S07009035WA0051100508004003007065117
B2118472023046S07009034WA0051000509004004008088164
B2118482023047S07009031WA0051000507004004008099144
B2118492023047S07009028WA0051000507004003018104143
B2118502023047S07009027WA0051100508004003018097140
B2118512023047S07009025WA0051100510004003008093154
B2118522023047S07009024WA0051100510004003010083152
B2118532023047S07009022WA0051100509004003010096140
B2118542023047S07009019WA0051100509004003011086138
B2118552023047S07009017WA0051100509004003017080133
B2118562023046S07009014WA0051100509004003016074140
B2118572023046S07009011WA0051100510004003018081129
B2118582023046S07009009WA0051100510004003016095138
B2118592023046S07009006WA0051200511004003017098144
B2119002023047S07009004WA0051200512004003016103143
B2119012023047S07009001WA0051200513004003014091131
B2119022023047S07008999WA0051300514004003019080133
B2119032023046S07008996WA0051400515004003016081127
B2119042023046S07008992WA0051400515004003019079126
B2119052023045S07008989WA0051400515004003020077119
B2119062023045S07008986WA0051600516004004022088125
B2119072023045S07008983WA0051700514004004022091134
B2119082023045S07008979WA0051700515004004022088138
B2119092023045S07008976WA0051800518004004022095137
B2119102023045S07008973WA0051900521004004022093135
B2119112023045S07008970WA0052000522004004016089136
B2119122023046S07008968WA0052000525004004018101145
B2119132023046S07008964WA0052100527004003018093140
B2119142023046S07008960WA0052300532004003023095130
B2119152023046S07008957WA0052500537004003023099138
B2119162023047S07008954WA0052800541004003016099128
B2119172023047S07008952WA0052800545004003016088136
B2119182023047S07008950WA0053200548004003015084152
B2119192023046S07008946WA0053600550004003015082128
B2119202023046S07008944WA0054000553004003018095134
B2119212023046S07008941WA0054000555004003018092142
B2119222023045S07008938WA0054400557004003019077132
B2119232023045S07008935WA0054800559004003019060117
B2119242023043S07008932WA0054800558004003020055104
B2119252023041S07008929WA0055100558004003022059107
B2119262023040S07008926WA0055400559004003021062112
B2119272023039S07008923WA0055600560004003021068112
B2119282023038S07008920WA0055800560004003020073129
B2119302023037S07008917WA0055800561004003020068117
B2119312023036S07008915WA0056000562004003013074115
B2119322023036S07008913WA0056000562004003013080135
B2119332023035S07008911WA0056000561004003013080138
B2119342023034S07008904WA0056100561004003021078117
B2119352023033S07008901WA0056100561004003021069117
B2119362023032S07008899WA0056100561004004021053115
B2119372023030S07008896WA0056100561004004019057107
B2119382023029S07008893WA0056100561004004019066115
B2119392023028S07008891WA0056100560004003018073120
B2119402023027S07008888WA0056100560004003018072116
B2119412023027S07008886WA0056100558004004018074123
B2119432023025S07008883WA0056000559004003018064118
B2119442023021S07008877WA0055900556004003023045099
B2119452023018S07008874WA0055800555004003032045096
B2119462023015S07008871WA0055800553004003029050087
B2119472023013S07008867WA0055700553004003029062099
B2119482023011S07008863WA0055700553004003028061107
B2119492023009S07008860WA0055700552004003022058118
B2119502023008S07008858WA0055600552004003022064120
B2119512023008S07008855WA0055500551004003016081121
B2119522023008S07008853WA0055500551004003015107135
B2119532023009S07008852WA0055400551004003012137148
B2119542023009S07008852WA0055400553004003006119159
B2119552023010S07008852WA0055400552004003006182172
B2119562023011S07008852WA0055400552004003006182165
B2119572023013S07008852WA0055300553004003006189176
B2119582023014S07008853WA0055300552004003011201184
B2119592023016S07008855WA0055200552004003020230191
B2120002023017S07008857WA0055100553004003020247206
B2120012023018S07008860WA0055100552004003019258215
B2120022023018S07008862WA0055000553004003018258209
B2120032023018S07008864WA0055000553004003013271217
B2120042023019S07008866WA0055000554004003012257208
B2120052023020S07008868WA0055100553004003018250205
B2120062023021S07008872WA0055100553004003018246209
B2120072023022S07008875WA0055100554004003025253219
B2120082023022S07008878WA0055100557004003025259212
B2120092023023S07008880WA0055200560004003010242207
B2120102023024S07008881WA0055200562004003010228196
B2120112023025S07008883WA0055300561004003010236200
B2120122023026S07008885WA0055500563004003014247206
B2120132023027S07008888WA0055700563004003016255203
B2120142023027S07008891WA0055900564004003016252211
B2120152023029S07008893WA0056000563004003016234199
B2120162023030S07008895WA0056000563004003016233199
B2120172023032S07008898WA0056000564004003017229193
B2120182023034S07008900WA0056000567004003019236202
B2120192023035S07008902WA0056100569004003013239194
B2120202023036S07008904WA0056100571004003013238197
B2120212023037S07008905WA0056200571004003013228188
B2120222023040S07008908WA0056400572004003015220190
B2120232023042S07008910WA0056400575004003023222193
B2120242023045S07008912WA0056600580004003021225194
B2120252023046S07008914WA0056700583004003021237191
B2120262023047S07008916WA0056900587004003014238190
B2120272023048S07008918WA0057200589004003014222189
B2120282023051S07008920WA0057400590004003014205185
B2120292023054S07008921WA0057800594004003020201188
B2120302023056S07008922WA0058100598004003020198183
B2120312023057S07008922WA0058400601004003012197170
B2120322023058S07008922WA0058700603004003008185162
B2120332023060S07008922WA0059100604004003008163159
B2120342023061S07008921WA0059400604004003014156157
B2120352023063S07008919WA0059700605004003016139150
B2120362023064S07008916WA0059900607004003016094136
B2120372023065S07008914WA0060200608004003017096127
B2120382023065S07008910WA0060400610004003017101126
B2120392023066S07008907WA0060600613004003021101133
B2120402023066S07008904WA0060600615004003021097125
B2120412023066S07008900WA0060800618004003021081118
B2120422023065S07008897WA0061000621004003022080120
B2120432023066S07008894WA0061300623004003022098127
B2120442023067S07008891WA0061500625004003019114133
B2120452023068S07008888WA0061800626004003020113137
B2120462023069S07008885WA0062000629004003019110132
B2120472023069S07008882WA0062200630004003020094122
B2120482023070S07008879WA0062500632004003020100113
B2120492023070S07008876WA0062700634004004022093118
B2120502023070S07008872WA0062900635004003024098118
B2120512023071S07008869WA0063200637004003022098120
B2120522023071S07008865WA0063300639004003023088119
B2120532023070S07008861WA0063500640004003023075108
B2120542023070S07008858WA0063700640004003025076099
B2120552023070S07008854WA0063800640004003026088113
B2120562023071S07008849WA0063900640004003026111122
B2120572023073S07008846WA0064000641004003027140149
B2120582023076S07008845WA0064000643004003027169162
B2120592023079S07008845WA0064100643004003025204187
B2121002023082S07008848WA0064100644004003029233217
B2121012023083S07008852WA0064100641004003025255234
B2121022023083S07008856WA0064200642004003029284249
B2121032023083S07008860WA0064200642004003028270268
B2121042023078S07008866WA0064200642004003045300280
B2121052023073S07008870WA0064200640004003045329304
B2121062023067S07008873WA0064200638004003045342328
B2121072023062S07008875WA0064100637004003044341350
B2121082023056S07008877WA0064000637004003042346349
B2121092023050S07008878WA0064000641004004040347350
B2121102023044S07008879WA0063900643004004040348354
B2121112023038S07008880WA0063900642004003038359359
B2121122023032S07008879WA0063900642004003038002012
B2121132023026S07008878WA0064000644004003040014022
B2121142023021S07008876WA0064100645004003040020036
B2121152023016S07008873WA0064100647004003040034048
B2121162023013S07008871WA0064200648004003032036067
B2121172023010S07008867WA0064300650004003028048074
B2121182023007S07008864WA0064400651004003027059084
B2121192023006S07008861WA0064400652004003025080095
B2121202023006S07008856WA0064600651004003026090105
B2121212023006S07008853WA0064800652004003025100122
B2121222023006S07008849WA0064900653004003023091119
B2121232023006S07008847WA0064900655004003018084114
B2121242023006S07008844WA0065000656004003015093128
B2121252023006S07008842WA0065200657004003016101118
B2121262023007S07008839WA0065300658004003016103123
B2121272023007S07008837WA0065300659004003016096134
B2121282023008S07008835WA0065400662004003016114137
B2121292023010S07008834WA0065600663004003012163154
B2121302023011S07008834WA0065800663004003017208175
B2121312023013S07008836WA0065800664004003017226190
B2121322023016S07008838WA0065900664004003022235196
B2121332023017S07008842WA0066000664004003024249202
B2121342023019S07008846WA0066100665004003024241209
B2121362023020S07008849WA0066100665004003024241203
B2121372023022S07008852WA0066200665004003023238206
B2121382023024S07008856WA0066200665004003023236207
B2121392023026S07008859WA0066300665004003025238209
B2121402023028S07008862WA0066300666004003025237216
B2121412023030S07008865WA0066400667004003025237218
B2121422023031S07008868WA0066400668004003023246211
B2121432023033S07008872WA0066600669004003021249223
B2121442023034S07008875WA0066600669004003023245218
B2121452023036S07008878WA0066700668004003023228215
B2121462023038S07008880WA0066800669004003023229216
B2121472023040S07008883WA0066900669004003022232201
B2121482023042S07008886WA0066900669004003022238218
B2121492023044S07008889WA0066900668004003022235213
B2121502023046S07008891WA0066900666004003021227205
B2121512023049S07008894WA0066900667004003021214207
B2121522023052S07008896WA0066900666004003023206204
B2121532023054S07008897WA0066900665004003021210191
B2121542023057S07008899WA0066900665004003024213203
B2121552023060S07008902WA0066800664004003022222209
B2121562023062S07008904WA0066800662004003024234206
B2121572023064S07008908WA0066800662004003024238218
B2121582023065S07008912WA0066700660004003027252230
B2121592023066S07008916WA0066600658004003029253233
B2122002023068S07008926WA0066400653004004030257242
B2122012023070S07008930WA0066200650004004031254234
B2122022023072S07008934WA0066000647004006030244220
B2122032023075S07008938WA0066000647004004030229213
B2122042023078S07008941WA0065700650004004028219196
B2122052023081S07008943WA0065500649004003027216195
B2122062023083S07008946WA0065400650004003022219188
B2122072023085S07008947WA0065400650004003013211194
B2122082023087S07008948WA0065200649004003013201191
B2122092023089S07008948WA0065100645004003013178154
B2122102023093S07008948WA0065000642004003014181154
B2122112023096S07008948WA0064900638004003024189165
B2122122023099S07008948WA0064700634004003020180161
B2122132023102S07008948WA0064500632004003020173153
B2122142023104S07008948WA0064200630004003018170148
B2122152023107S07008947WA0064000629004003018176151
B2122162023110S07008947WA0063700628004003022169159
B2122172023113S07008946WA0063600628004003020164156
B2122182023115S07008946WA0063600627004003020168148
B2122192023118S07008945WA0063400627004004017177147
B2122202023120S07008945WA0063300627004003014169142
B2122212023122S07008944WA0063100627004003014152143
B2122222023124S07008943WA0063100627004004014149132
B2122232023126S07008942WA0063000627004003016134128
B2122242023127S07008940WA0062900626004004014136134
B2122252023129S07008938WA0062800625004004015136134
B2122262023131S07008936WA0062800623004004015136133
B2122272023132S07008934WA0062700621004004015130140
B2122282023134S07008933WA0062500618004004015125125
B2122292023135S07008931WA0062400617004003014117127
B2122302023136S07008929WA0062300615004003014121126
B2122312023137S07008927WA0062200613004003014122127
B2122322023138S07008925WA0062000611004003014127124
B2122332023140S07008924WA0061900609004003014132129
B2122342023141S07008922WA0061700607004004014133130
B2122352023142S07008921WA0061500606004004014133123
B2122362023144S07008919WA0061500604004004014130129
B2122372023145S07008918WA0061400603004004012130124
B2122382023146S07008916WA0061200604004003012121122
B2122392023147S07008915WA0061100604004003012112124
B2122402023147S07008913WA0061000602004004012106118
B2122412023148S07008910WA0060900601004003013111125
B2122422023149S07008908WA0060700601004003016108134
B2122432023149S07008905WA0060600601004003016099134
B2122442023149S07008903WA0060500600004003015076124
B2122452023148S07008901WA0060500598004003014063127
B2122462023147S07008900WA0060400598004004011057127
B2122472023146S07008898WA0060400597004003017077137
B2122482023147S07008894WA0060400598004003024091127
B2122492023146S07008890WA0060400599004003024078120
B2122502023145S07008887WA0060400601004003024070115
B2122512023143S07008885WA0060400602004003019046115
B2122522023142S07008882WA0060400599004003019065101
B2122532023141S07008879WA0060400599004003023079099
B2122542023141S07008875WA0060400599004003023087104
B2122552023139S07008871WA0060400602004003025070099
B2122562023138S07008868WA0060400602004004025050087
B2122572023136S07008866WA0060400601004004019041068
B2122582023134S07008864WA0060400598004003020048071
B2122592023131S07008860WA0060300597004003020056083
B2123002023129S07008857WA0060300595004003027056075
B2123012023126S07008854WA0060200594004003029042070
B2123022023123S07008851WA0060100595004003025034061
B2123032023120S07008849WA0059900594004003025029056
B2123042023117S07008847WA0059800592004003025036062
B2123052023114S07008844WA0059700591004003025041057
B2123062023111S07008840WA0059600590004003030052071
B2123072023108S07008836WA0059500589004003032060080
B2123082023107S07008832WA0059400590004003032076089
B2123092023106S07008829WA0059300591004003025091114
B2123102023108S07008826WA0059300590004003023136132
B2123112023111S07008824WA0059200590004003023160150
B2123122023114S07008823WA0059200590004003021177167
B2123132023117S07008824WA0059100591004003021193173
B2123142023119S07008825WA0059100591004003021218186
B2123152023121S07008828WA0059100591004003021242206
B2123162023122S07008831WA0059100590004003023253220
B2123172023124S07008836WA0059100590004003032252225
B2123182023125S07008840WA0059100592004003032256225
B2123192023125S07008843WA0059100592004003027265221
B2123202023126S07008847WA0059100593004003021261228
B2123212023127S07008851WA0059100592004003021248231
B2123222023129S07008855WA0059200592004003032239226
B2123232023131S07008859WA0059200593004003032246217
B2123242023132S07008862WA0059300594004003027260222
B2123252023132S07008865WA0059300595004003020260226
B2123262023133S07008868WA0059300593004003020250215
B2123272023135S07008872WA0059400591004003025245210
B2123282023137S07008876WA0059400591004003028237205
B2123292023139S07008879WA0059400590004003025237201
B2123302023141S07008882WA0059300589004003025235192
B2123312023142S07008884WA0059300589004003019231188
B2123322023144S07008886WA0059200588004003014215184
B2123332023146S07008888WA0059100587004003017214184
B2123342023148S07008889WA0059100586004003017213185
B2123352023150S07008891WA0059000589004003017219187
B2123362023151S07008892WA0059000589004003014235178
B2123372023152S07008893WA0059000591004004009239175
B2123382023153S07008895WA0059000594004004010234179
B2123392023155S07008895WA0059000593004006010194182
B2123402023157S07008895WA0059000591004004013177165
B2123422023158S07008895WA0059100590004003011175168
B2123432023160S07008894WA0059100595004003013158167
B2123442023162S07008894WA0059100597004003013171164
B2123452023164S07008894WA0059100599004003013194161
B2123462023165S07008895WA0059100601004003012230171
B2123472023166S07008895WA0059200601004003005182173
B2123482023167S07008895WA0059400601004003014164152
B2123492023169S07008893WA0059600602004003014136138
B2123502023170S07008891WA0059800601004003016125126
B2123512023171S07008889WA0060000601004004016113119
B2123522023168S07008886WA0060100602004003021053108
B2123532023166S07008883WA0060200601004003024044077
B2123542023163S07008880WA0060200601004003024042059
B2123552023160S07008878WA0060200601004003030027053
B2123562023155S07008876WA0060300599004003030021029
B2123572023148S07008878WA0060300599004003046352003
B2123582023142S07008882WA0060300597004003051333333
B2123592023136S07008887WA0060300599004003051322300
B2124002023133S07008892WA0060300600004004051310287
B2124012023131S07008899WA0060300602004004042296266
B2124022023129S07008904WA0060300604004004034293264
B2124032023125S07008915WA0060400606004004034286246
B2124042023125S07008920WA0060600608004003035272244
B2124052023125S07008924WA0060800610004003035252235
B2124062023126S07008929WA0060800612004003027248209
B2124072023129S07008930WA0060900615004003027186197
B2124082023130S07008931WA0061100618004003016186171
B2124092023132S07008931WA0061300621004003011164153
B2124102023133S07008930WA0061300622004003009153147
B2124112023134S07008928WA0061500624004003016106128
B2124122023134S07008925WA0061800626004003020079110
B2124132023133S07008922WA0062000627004003020059091
B2124142023130S07008919WA0062000627004003026045085
B2124152023127S07008917WA0062300627004003026034069
B2124162023125S07008914WA0062400627004003020040072
B2124172023124S07008911WA0062500626004003020065068
B2124182023122S07008908WA0062500625004003020068089
B2124192023119S07008903WA0062600626004003027056089
B2124202023116S07008900WA0062600627004003034053077
B2124212023114S07008896WA0062600630004004026055072
B2124222023112S07008893WA0062600636004004026055089
B2124232023110S07008890WA0062700637004003022053085
B2124242023109S07008888WA0062800639004003018048085
B2124252023107S07008886WA0063000641004003017052084
B2124262023106S07008883WA0063000641004003016076105
B2124272023106S07008880WA0063300640004003020092107
B2124282023106S07008877WA0063700639004003018092114
B2124292023107S07008874WA0063900639004003020105121
B2124302023108S07008871WA0063900638004003021113123
B2124312023109S07008868WA0064100637004004022115124
B2124322023112S07008865WA0064200638004004025140131
B2124332023114S07008863WA0064200639004003023139148
B2124342023117S07008860WA0064200640004003023138144
B2124352023120S07008858WA0064200642004003023138142
B2124362023122S07008855WA0064200644004003022145151
B2124372023126S07008854WA0064200645004003023174161
B2124382023130S07008854WA0064200645004003023184178
B2124392023133S07008855WA0064300644004003026189173
B2124402023137S07008856WA0064400643004004026195174
B2124412023139S07008857WA0064500643004004020201182
B2124422023142S07008858WA0064500643004003020196179
B2124432023145S07008858WA0064500642004003019193176
B2124442023148S07008859WA0064500642004003019201176
B2124452023151S07008861WA0064400642004003022211175
B2124462023153S07008863WA0064400641004003021216168
B2124472023156S07008864WA0064300641004003022209179
B2124482023158S07008864WA0064200640004003021162160
B2124492023161S07008863WA0064100639004003017157151
B2124502023163S07008862WA0064100638004003017153152
B2124512023165S07008861WA0064000637004003012148144
B2124522023167S07008860WA0063900638004004013147147
B2124532023168S07008860WA0063800637004004012153143
B2124542023170S07008859WA0063800638004003010155151
B2124552023171S07008859WA0063800636004003010146141
B2124562023173S07008857WA0063800635004003015135147
B2124572023174S07008855WA0063800634004003016130133
B2124582023175S07008853WA0063800633004003015099128
B2124592023176S07008851WA0063700632004003016101126
B2125002023176S07008848WA0063700632004003016094116
B2125012023176S07008846WA0063700630004004017095111
B2125022023175S07008843WA0063700629004004022082107
B2125032023175S07008839WA0063600631004004022078101
B2125042023174S07008836WA0063400628004004023076097
B2125052023172S07008833WA0063300627004004023061103
B2125062023170S07008829WA0063300627004004026059101
B2125072023170S07008825WA0063200628004003026080089
B2125082023169S07008822WA0063000628004004025085108
B2125092023169S07008818WA0063000629004004023074102
B2125102023167S07008816WA0063000630004003021056087
B2125112023164S07008813WA0063000631004003027038062
B2125122023161S07008810WA0063000631004003035029053
B2125132023156S07008808WA0063000632004003035019030
B2125142023151S07008808WA0063000633004003035358020
B2125152023146S07008809WA0063100633004003037341348
B2125162023141S07008813WA0063100632004003042323333
B2125172023136S07008817WA0063200634004003043310319
B2125182023132S07008822WA0063200634004003042307305
B2125192023129S07008826WA0063200635004003040303301
B2125202023126S07008831WA0063200635004003034299295
B2125212023124S07008836WA0063300632004003034297287
B2125222023121S07008841WA0063300632004003038296281
B2125232023118S07008846WA0063400632004003038298288
B2125242023116S07008852WA0063400632004003040287285
B2125252023114S07008858WA0063400632004003040290272
B2125262023112S07008863WA0063400632004003037296278
B2125272023109S07008869WA0063400632004003039296276
B2125282023107S07008874WA0063400633004003037297283
B2125292023104S07008880WA0063400631004003039298288
B2125302023101S07008885WA0063400630004003039293275
B2125312023099S07008892WA0063400630004003040284272
B2125322023099S07008898WA0063400630004003040276268
B2125332023099S07008903WA0063400629004003040271252
B2125342023100S07008908WA0063400629004003034258236
B2125352023101S07008912WA0063400629004004029253218
B2125362023103S07008915WA0063300630004004026240207
B2125372023106S07008919WA0063300629004004026228202
B2125382023108S07008921WA0063300628004003024217191
B2125392023111S07008922WA0063200629004003020211193
B2125402023112S07008924WA0063200627004003019214182
B2125412023115S07008925WA0063100628004003019206187
B2125422023118S07008927WA0063100627004003020201184
B2125432023120S07008928WA0063000626004003019209182
B2125442023122S07008929WA0062900626004003019206187
B2125452023125S07008931WA0062800624004003019217177
B2125462023126S07008933WA0062800624004003015223185
B2125482023128S07008935WA0062700622004003015233178
B2125492023130S07008936WA0062600621004003015209183
B2125502023133S07008937WA0062500620004003017190177
B2125512023136S07008938WA0062500622004003021189174
B2125522023138S07008939WA0062400621004003021202177
B2125532023139S07008940WA0062300621004003017233170
B2125542023141S07008941WA0062200621004003010212189
B2125552023143S07008942WA0062200620004003015204178
B2125562023146S07008943WA0062200618004003025200183
B2125572023148S07008945WA0062100617004003023226197
B2125582023150S07008949WA0062100615004003025255206
B2125592023150S07008954WA0062100615004003028270232
B2126002023150S07008961WA0062000616004003043275249
B2126012023149S07008967WA0062000616004003043286258
B2126022023147S07008974WA0061900616004003043289270
B2126032023141S07008980WA0061900615004003043307295
B2126042023135S07008985WA0061800613004003052331315
B2126052023128S07008988WA0061800613004003054334334
B2126062023121S07008990WA0061700615004003054352351
B2126072023114S07008990WA0061700615004003051354017
B2126082023104S07008988WA0061600613004003035024061
B2126092023100S07008986WA0061500612004003030029074
B2126102023096S07008984WA0061500612004003030034084
B2126112023094S07008981WA0061500611004003026047080
B2126122023092S07008979WA0061500611004003020052101
B2126132023089S07008976WA0061400611004003020047102
B2126142023087S07008973WA0061400611004003022044100
B2126152023086S07008971WA0061400612004003022049096
B2126162023084S07008969WA0061300611004004020055099
B2126172023083S07008966WA0061300612004003017071105
B2126182023082S07008964WA0061300612004003016062109
B2126192023081S07008962WA0061300611004003014060108
B2126202023080S07008960WA0061300610004003014056113
B2126212023079S07008958WA0061300610004003012069118
B2126222023079S07008956WA0061300609004003012088116
B2126232023079S07008954WA0061200608004003014103120
B2126242023079S07008952WA0061200607004003012109127
B2126252023080S07008950WA0061100606004003012108131
B2126262023080S07008949WA0061100606004003012105134
B2126272023081S07008946WA0061100606004003012109133
B2126282023082S07008944WA0061000607004003015104123
B2126292023081S07008942WA0060900608004003016073118
B2126302023080S07008939WA0060900609004003018062115
B2126312023078S07008936WA0060900607004004018050096
B2126322023076S07008934WA0060900607004003021051091
B2126332023075S07008931WA0060900606004003021052095
B2126342023073S07008928WA0060900606004003023054093
B2126352023070S07008925WA0060900605004004026050086
B2126362023068S07008922WA0060900603004004026046080
B2126372023065S07008919WA0060800602004004027040077
B2126382023062S07008916WA0060800601004004027041077
B2126392023058S07008913WA0060700601004003031039076
B2126402023055S07008910WA0060600602004003031039073
B2126412023051S07008907WA0060500601004003031040077
B2126422023048S07008904WA0060500600004003029039081
B2126432023045S07008901WA0060400600004003029044077
B2126442023042S07008897WA0060300599004003029047089
B2126452023039S07008894WA0060300599004003030048092
B2126462023036S07008891WA0060300599004003029046093
B2126472023034S07008888WA0060200599004003028049088
B2126482023032S07008884WA0060100599004003024055105
B2126492023030S07008881WA0060100599004003022054106
B2126502023027S07008879WA0060100598004003025036116
B2126512023025S07008876WA0060000598004003022062091
B2126522023024S07008874WA0060000597004003017073107
B2126532023024S07008872WA0060000596004003017069111
B2126542023022S07008869WA0060000593004003018059109
B2126552023020S07008866WA0059900592004003022048099
B2126562023018S07008863WA0059800591004003022047085
B2126572023015S07008861WA0059700589004003023046086
B2126582023013S07008858WA0059700587004003024039086
B2126592023009S07008856WA0059500586004003028037070
B2127002023006S07008853WA0059300585004003030030067
B2127012023002S07008851WA0059100585004003028029067
B2127022022999S07008848WA0059100583004003028033073
B2127032022995S07008845WA0059000581004003027043080
B2127042022992S07008842WA0058800580004003027041086
B2127052022989S07008839WA0058700578004003030052090
B2127062022987S07008836WA0058700577004003027059097
B2127072022986S07008832WA0058500575004003025076116
B2127082022986S07008830WA0058300574004003021105131
B2127092022987S07008828WA0058100573004003014144149
B2127102022989S07008828WA0058100572004003015181175
B2127112022990S07008828WA0057900571004003014207186
B2127122022991S07008832WA0057700572004003015270207
B2127132022990S07008837WA0057600571004003030286232
B2127142022988S07008842WA0057400571004003039296257
B2127152022985S07008847WA0057400571004003040304269
B2127162022981S07008852WA0057300571004003040317292
B2127172022976S07008857WA0057200569004004042314308
B2127182022970S07008861WA0057100570004003043333318
B2127192022964S07008863WA0057100569004003046342332
B2127202022958S07008865WA0057100569004003046349352
B2127212022951S07008867WA0057100568004003046348354
B2127222022944S07008869WA0057100569004003046344349
B2127232022938S07008873WA0057000568004003047327330
B2127242022932S07008878WA0056900566004003049325314
B2127252022928S07008882WA0056800566004003049317292
B2127262022925S07008887WA0056800565004003040304277
B2127272022923S07008892WA0056800563004003033282258
B2127282022922S07008897WA0056800562004003031284242
B2127292022923S07008902WA0056700562004003031266230
B2127302022923S07008905WA0056700562004003031244219
B2127312022925S07008908WA0056700562004003020228198
B2127322022925S07008909WA0056700561004003012227193
B2127332022927S07008911WA0056600561004003012232195
B2127342022928S07008913WA0056600557004003015242200
B2127352022929S07008915WA0056500556004003018236201
B2127362022931S07008918WA0056400556004003018244204
B2127372022932S07008921WA0056300555004003021254213
B2127382022933S07008925WA0056200554004003022255219
B2127392022933S07008928WA0056000553004003019256214
B2127402022934S07008931WA0055900554004003020258220
B2127412022934S07008935WA0055800552004003020261228
B2127422022935S07008940WA0055700553004003031267234
B2127432022933S07008944WA0055600555004003031292240
B2127442022931S07008948WA0055500556004003028301252
B2127452022930S07008952WA0055500557004003028296262
B2127462022929S07008956WA0055500557004003028274249
B2127472022929S07008961WA0055600556004003028265231
B2127482022930S07008966WA0055700554004003030252229
B2127492022931S07008969WA0055700555004003023255217
B2127502022932S07008972WA0055700553004003023255208
B2127512022933S07008974WA0055700556004003015217189
B2127522022935S07008973WA0055800553004003013161179
B2127542022937S07008971WA0055800554004003014128163
B2127552022938S07008969WA0055800557004003018113156
B2127562022939S07008966WA0055800556004003018107146
B2127572022940S07008963WA0055900557004003019099144
B2127582022939S07008960WA0056000557004003020086143
B2127592022939S07008957WA0056000557004004020088133
B2128002022940S07008956WA0056100558004003015114144
B2128012022941S07008953WA0056200558004003015116150
B2128022022941S07008950WA0056200559004003015100146
B2128032022941S07008947WA0056200559004003021083138
B2128042022940S07008944WA0056300560004003021073134
B2128052022940S07008942WA0056300559004003019085130
B2128062022940S07008939WA0056200558004003016097136
B2128072022941S07008937WA0056200557004003016097134
B2128082022940S07008933WA0056200557004003020085129
B2128092022940S07008930WA0056200556004003022077123
B2128102022938S07008927WA0056100556004003020064119
B2128112022938S07008924WA0056100556004003020071120
B2128122022937S07008921WA0056000555004004020072123
B2128132022936S07008918WA0055900553004003020079124
B2128142022936S07008914WA0055900551004003020084121
B2128152022936S07008911WA0055900550004003020085125
B2128162022934S07008906WA0055800550004003025073110
B2128172022930S07008898WA0055700551004003030051087
B2128182022927S07008895WA0055600550004003032047084
B2128192022925S07008890WA0055600550004003032052080
B2128202022922S07008886WA0055500550004003033054083
B2128212022919S07008882WA0055500550004003034055097
B2128222022916S07008877WA0055400551004004033053081
B2128232022914S07008874WA0055400550004003033060094
B2128242022912S07008870WA0055400549004004025067106
B2128252022911S07008866WA0055400549004003025074111
B2128262022910S07008863WA0055400549004003025069109
B2128272022907S07008859WA0055400549004004027053103
B2128282022905S07008856WA0055400549004004027055106
B2128292022903S07008852WA0055400549004004026061101
B2128302022902S07008848WA0055400549004003026076105
B2128312022901S07008844WA0055400549004004027075112
B2128322022900S07008839WA0055400551004004030071100
B2128332022898S07008836WA0055400556004003030049103
B2128342022897S07008834WA0055400557004003019056102
B2128352022897S07008832WA0055400557004003011097126
B2128362022897S07008829WA0055500556004003011099134
B2128372022897S07008826WA0055700557004003025089120
B2128382022897S07008822WA0055800560004003025079116
B2128392022896S07008820WA0055800561004003020066113
B2128402022895S07008817WA0056000562004003016065121
B2128412022895S07008815WA0056200561004003016079111
B2128422022895S07008812WA0056300561004003020092129
B2128432022894S07008808WA0056300561004003026090126
B2128442022894S07008804WA0056400563004003025082120
B2128452022894S07008801WA0056500565004003025077122
B2128462022893S07008799WA0056600567004003019076132
B2128472022893S07008797WA0056700567004003010080139
B2128482022893S07008795WA0056700566004003010096149
B2128492022893S07008793WA0056800566004003010103147
B2128502022894S07008791WA0056900566004003015101146
B2128512022894S07008789WA0057100567004003015097145
B2128522022894S07008787WA0057100568004003010093149
B2128532022894S07008785WA0057100568004003010097149
B2128542022894S07008784WA0057200568004003010097155
B2128552022895S07008782WA0057200568004003010098150
B2128562022895S07008780WA0057300568004003011098150
B2128572022895S07008778WA0057300568004003012095148
B2128582022895S07008776WA0057300568004003014093141
B2128592022895S07008774WA0057300567004003014089138
B2129002022895S07008772WA0057400567004003015085142
B2129012022895S07008769WA0057400567004003015086149
B2129022022895S07008767WA0057400566004003009094155
B2129032022895S07008766WA0057400565004003009123163
B2129042022897S07008767WA0057300565004003009190173
B2129052022899S07008771WA0057300565004003016249190
B2129062022899S07008774WA0057200565004003021273214
B2129072022898S07008778WA0057200566004003027291232
B2129082022897S07008782WA0057100565004003030294248
B2129092022895S07008786WA0057100565004003030294259
B2129102022892S07008791WA0057000564004003031298263
B2129112022889S07008797WA0056900564004003037298266
B2129122022887S07008802WA0056900565004003035300268
B2129132022885S07008806WA0056900565004003035295261
B2129142022883S07008810WA0056900565004003030293251
B2129152022882S07008815WA0056800563004003029284244
B2129162022881S07008820WA0056800561004003029278237
B2129172022881S07008824WA0056800560004003029278230
B2129182022881S07008828WA0056700560004003029267223
B2129192022882S07008832WA0056600559004003025238209
B2129202022884S07008834WA0056600559004003022236194
B2129212022885S07008836WA0056600559004003018228191
B2129222022886S07008838WA0056400559004003013230190
B2129232022887S07008840WA0056300559004003013227183
B2129242022889S07008841WA0056300558004003012204179
B2129252022891S07008841WA0056200558004003012198175
B2129262022892S07008842WA0056200558004003012198175
B2129272022894S07008843WA0056100558004003010201172
B2129282022895S07008843WA0056100558004003010197176
B2129292022897S07008843WA0056000558004003010181175
B2129302022898S07008843WA0056000557004003011180177
B2129312022900S07008843WA0055900558004003013170175
B2129322022902S07008843WA0055900557004003010196173
B2129332022903S07008844WA0055900556004003010186180
B2129342022905S07008844WA0055800556004003010191174
B2129352022907S07008844WA0055800556004003011183173
B2129362022908S07008844WA0055800558004003012175172
B2129372022910S07008844WA0055700559004003011174172
B2129382022911S07008843WA0055600562004003011180175
B2129392022913S07008843WA0055600564004003009180163
B2129402022914S07008843WA0055600564004003008170178
B2129412022915S07008843WA0055700563004003009168169
B2129422022917S07008842WA0055800565004003014165168
B2129432022920S07008842WA0056000567004003016168164
B2129442022922S07008841WA0056000569004003014172167
B2129452022924S07008841WA0056100571004003014169163
B2129462022926S07008840WA0056300572004003014159149
B2129472022928S07008839WA0056400572004003015150146
B2129482022930S07008838WA0056400572004003015147146
B2129492022932S07008836WA0056600570004003014141140
B2129502022932S07008835WA0056700569004003010128139
B2129512022933S07008833WA0056800567004003010110122
B2129522022933S07008830WA0056800565004003020108125
B2129532022934S07008826WA0056900565004003022100122
B2129542022934S07008823WA0056900565004003022084114
B2129552022933S07008820WA0056800564004003023071106
B2129562022932S07008817WA0056800564004003023067105
B2129572022931S07008813WA0056700563004004022068101
B2129582022930S07008810WA0056600563004004022075118
B2130002022930S07008807WA0056500562004004022088121
B2130012022931S07008805WA0056500560004004018115129
B2130022022932S07008803WA0056500559004003017143150
B2130032022935S07008801WA0056500561004003017163155
B2130042022936S07008801WA0056400562004003017171162
B2130052022938S07008800WA0056400562004003012168162
B2130062022939S07008800WA0056300563004003008158165
B2130072022940S07008799WA0056300561004003012143149
B2130082022942S07008797WA0056200561004003015145151
B2130092022944S07008795WA0056200561004003015135148
B2130102022945S07008794WA0056200561004003015121144
B2130112022945S07008792WA0056200560004003013111130
B2130122022946S07008790WA0056200559004003012101125
B2130132022946S07008788WA0056200558004003015097127
B2130142022946S07008785WA0056200557004003015081111
B2130152022945S07008782WA0056200556004003020081103
B2130162022944S07008779WA0056100556004003021070107
B2130172022943S07008776WA0056100555004003022061098
B2130182022941S07008773WA0056100554004003025062094
B2130192022940S07008769WA0056000553004003025067094
B2130202022937S07008762WA0055900550004003026066098
B2130212022936S07008759WA0055700550004003022063103
B2130222022934S07008755WA0055600550004003025063101
B2130232022933S07008751WA0055600548004004025069087
B2130242022933S07008747WA0055600547004004025083108
B2130252022934S07008742WA0055500550004003028105118
B2130262022934S07008739WA0055400552004003019118129
B2130272022936S07008738WA0055400555004003019159146
B2130282022937S07008737WA0055400556004003011170167
B2130292022937S07008737WA0055400556004003005143166
B2130302022939S07008736WA0055500555004003005151171
B2130312022942S07008736WA0055700555004003023180165
B2130322022946S07008736WA0055700555004003027191189
B2130332022949S07008740WA0055800557004003027232201
B2130342022950S07008744WA0055900558004003030268219
B2130352022950S07008748WA0056000559004003031285248
B2130362022949S07008753WA0056000558004003029279255
B2130372022949S07008757WA0056000558004003029277245
B2130382022948S07008761WA0056000558004003025281237
B2130392022948S07008765WA0056000557004003025278244
B2130402022947S07008770WA0056000557004003027278245
B2130412022947S07008774WA0056100556004003030273244
B2130422022947S07008779WA0056100556004003030262239
B2130432022947S07008783WA0056100556004003027262232
B2130442022948S07008786WA0056100557004003025258229
B2130452022949S07008790WA0056100557004003023260228
B2130462022949S07008794WA0056000558004003025259227
B2130472022950S07008798WA0055900558004003028258232
B2130482022951S07008802WA0055900559004003025258225
B2130492022951S07008806WA0055900561004003025262231
B2130502022952S07008809WA0055900561004003021259234
B2130512022952S07008813WA0056000562004003023266220
B2130522022952S07008816WA0056000563004003024272232
B2130532022952S07008820WA0056000565004003023263238
B2130542022953S07008823WA0056100565004003022257228
B2130552022954S07008826WA0056300565004003021251232
B2130562022955S07008831WA0056300565004003029251230
B2130572022956S07008836WA0056400566004003033257241
B2130582022957S07008840WA0056500567004003030270252
B2130592022956S07008845WA0056500567004003030273253
B2131002022955S07008848WA0056500567004003028307238
B2131012022953S07008852WA0056700565004003026295276
B2131022022953S07008857WA0056700561004003033270258
B2131032022953S07008862WA0056800560004003033273243
B2131042022953S07008867WA0056800561004003033270238
B2131052022953S07008872WA0056800567004003031278245
B2131062022952S07008876WA0056800569004003023279239
B2131072022951S07008880WA0056800572004003024281231
B2131082022950S07008883WA0056800575004003024283229
B2131092022949S07008887WA0056900576004003025283246
B2131102022948S07008892WA0057000578004003028279249
B2131112022949S07008896WA0057200580004004026266234
B2131122022949S07008899WA0057200582004003026244228
B2131132022950S07008900WA0057500583004003017213204
B2131142022950S07008901WA0057800584004003008239182
B2131152022951S07008900WA0057900585004003007103170
B2131162022951S07008899WA0057900587004003006096144
B2131172022952S07008898WA0058100588004003008103142
B2131182022952S07008896WA0058300587004003008092143
B2131192022952S07008894WA0058400587004003013088139
B2131202022951S07008892WA0058400588004003014071123
B2131212022951S07008890WA0058600588004003007075114
B2131222022951S07008889WA0058700588004003007110132
B2131232022952S07008888WA0058800587004003007110145
B2131242022953S07008885WA0058800587004004015113137
B2131252022954S07008883WA0058800591004003015119137
B2131262022955S07008882WA0058900594004003007130147
B2131272022956S07008881WA0059000596004003008142157
B2131282022958S07008882WA0059000598004003008202162
B2131292022961S07008886WA0059100599004003017217181
B2131302022963S07008889WA0059300601004003019236199
B2131312022963S07008893WA0059500603004003028266218
B2131322022964S07008897WA0059500606004003031267244
B2131332022962S07008903WA0059800609004003031279260
B2131342022960S07008909WA0060100610004004036283285
B2131352022953S07008913WA0060300608004004043316302
B2131362022945S07008916WA0060300610004004047335339
B2131372022939S07008914WA0060500608004003048021010
B2131382022934S07008911WA0060700610004003047040041
B2131392022931S07008907WA0060800612004003042054065
B2131402022928S07008904WA0060800616004003034064085
B2131412022926S07008900WA0060900619004003024066100
B2131422022925S07008897WA0061100621004003024069110
B2131432022924S07008893WA0061200624004003023080117
B2131442022924S07008891WA0061200626004003018098128
B2131452022924S07008888WA0061500629004003016113138
B2131462022926S07008886WA0061800631004003017123148
B2131472022927S07008883WA0062200635004003017137149
B2131482022930S07008884WA0062200637004003017196161
B2131492022931S07008885WA0062500640004003019223177
B2131502022933S07008887WA0062900643004003019235195
B2131512022935S07008889WA0063200646004003015226193
B2131522022937S07008890WA0063200648004003015210184
B2131532022938S07008892WA0063600649004003013208179
B2131542022940S07008892WA0063900651004003013212178
B2131552022942S07008893WA0064200651004003013214181
B2131562022944S07008895WA0064200652004003017215183
B2131572022946S07008897WA0064500654004003018213190
B2131582022949S07008899WA0064800654004003018214189
B2131592022951S07008900WA0065000655004003020219189
B2132002022954S07008903WA0065000656004003020221197
B2132012022956S07008905WA0065300656004003024227203
B2132022022958S07008908WA0065400656004003024241210
B2132032022959S07008912WA0065500655004003024250217
B2132042022961S07008915WA0065500653004003024242220
B2132062022963S07008918WA0065600653004003026239216
B2132072022965S07008921WA0065600654004003026228214
B2132082022967S07008925WA0065600655004003026240223
B2132092022968S07008930WA0065600658004003029249221
B2132102022968S07008934WA0065600662004003025275222
B2132112022968S07008938WA0065600664004003028290246
B2132122022967S07008943WA0065700664004003028292254
B2132132022965S07008948WA0065700665004003031290255
B2132142022963S07008953WA0065900665004003036294260
B2132152022960S07008959WA0066100666004003044299262
B2132162022957S07008965WA0066200667004003044298270
B2132172022955S07008971WA0066200669004003043291263
B2132182022953S07008977WA0066400670004003039280248
B2132192022953S07008981WA0066500671004003026267233
B2132202022953S07008986WA0066600672004003026256215
B2132212022954S07008989WA0066600673004003023245202
B2132222022955S07008991WA0066800673004003020231193
B2132232022956S07008992WA0066900674004003014193171
B2132242022957S07008990WA0067100674004003012105140
B2132252022957S07008988WA0067200676004003012085124
B2132262022957S07008986WA0067300676004003012078117
B2132272022955S07008984WA0067400677004003014041119
B2132282022955S07008982WA0067400677004003018065116
B2132292022954S07008980WA0067500678004003018073119
B2132302022953S07008978WA0067600679004003018073127
B2132312022952S07008976WA0067700680004003013059131
B2132322022952S07008975WA0067700681004003008064132
B2132332022952S07008974WA0067800682004003007100139
B2132342022952S07008973WA0067900681004003007086141
B2132352022953S07008972WA0068000683004003007140151
B2132362022954S07008972WA0068000684004003007143148
B2132372022955S07008971WA0068100685004003008120154
B2132382022956S07008969WA0068200684004003010112132
B2132392022957S07008967WA0068400684004003014116125
B2132402022958S07008965WA0068400685004003014113130
B2132412022958S07008963WA0068400685004004014109123
B2132422022958S07008961WA0068500686004003014095115
B2132432022958S07008959WA0068500687004003016081110
B2132442022958S07008956WA0068500689004003016077106
B2132452022957S07008954WA0068600690004004016093109
B2132462022957S07008951WA0068600689004003015094124
B2132472022957S07008949WA0068700688004003015103128
B2132482022958S07008948WA0068700690004003010136140
B2132492022960S07008948WA0068800691004003012196151
B2132502022961S07008948WA0068800692004003012194155
B2132512022963S07008949WA0068900692004003012196153
B2132522022965S07008949WA0068900691004003012208154
B2132532022967S07008950WA0069000689004003012204150
B2132542022968S07008950WA0069100688004003014183147
B2132552022970S07008950WA0069100686004003014170144
B2132562022973S07008950WA0069100685004003014162142
B2132572022974S07008949WA0069100684004003013165152
B2132582022976S07008949WA0069000683004003010169150
B2132592022977S07008949WA0068800683004003014186148
B2133002022980S07008950WA0068600681004003014201169
B2133012022982S07008953WA0068600680004003017216166
B2133022022984S07008955WA0068400680004003020220176
B2133032022987S07008957WA0068200680004003021221178
B2133042022989S07008959WA0068100680004003021225174
B2133052022990S07008961WA0068000679004003018230184
B2133062022992S07008963WA0067900678004003016225180
B2133072022994S07008964WA0067900676004003016212181
B2133082022997S07008966WA0067800674004003026210180
B2133092023001S07008968WA0067700672004003026207177
B2133102023003S07008970WA0067600670004004026214181
B2133112023005S07008972WA0067400672004003021215173
B2133122023007S07008973WA0067300671004003016211169
B2133132023010S07008975WA0067200671004003019204172
B2133142023012S07008976WA0067100671004003019202170
B2133152023014S07008978WA0067100672004003019213160
B2133162023016S07008979WA0067100670004003017207165
B2133172023017S07008979WA0067100669004003013202153
B2133182023019S07008979WA0067000667004004009183148
B2133192023021S07008978WA0067000662004004013158144
B2133202023022S07008977WA0066900663004003013140152
B2133212023024S07008975WA0066800662004003013131134
B2133222023025S07008974WA0066700664004003013148157
B2133232023026S07008974WA0066600666004003008158147
B2133242023028S07008974WA0066500668004003010185158
B2133252023030S07008975WA0066500669004003010190156
B2133262023032S07008975WA0066500670004003011182167
B2133272023035S07008974WA0066500671004003017168165
B2133282023037S07008973WA0066600673004003017170168
B2133292023039S07008974WA0066700676004003017196169
B2133302023040S07008974WA0066700679004003010217182
B2133312023042S07008975WA0066900679004003010221189
B2133322023043S07008976WA0067100679004003011208187
B2133332023045S07008978WA0067200680004003014218191
B2133342023046S07008979WA0067400680004003014235186
B2133352023047S07008981WA0067600680004003012235190
B2133362023049S07008983WA0067600680004003012224177
B2133372023050S07008983WA0067600678004003013212180
B2133382023052S07008984WA0067600677004003014204179
B2133392023053S07008985WA0067600677004003014202173
B2133402023055S07008986WA0067600676004003012202173
B2133412023056S07008987WA0067500675004003010196163
B2133422023058S07008987WA0067500674004003010193161
B2133432023060S07008987WA0067400672004003013172150
B2133442023061S07008986WA0067300671004003013155147
B2133452023063S07008984WA0067100669004003013132132
B2133462023063S07008983WA0067000667004003012121118
B2133472023064S07008980WA0066900667004003012103123
B2133482023064S07008978WA0066700666004003015094125
B2133492023064S07008975WA0066600666004003015091128
B2133502023064S07008973WA0066600665004003012096135
B2133512023064S07008972WA0066500664004003012121142
B2133522023066S07008970WA0066400664004003012148157
B2133532023068S07008970WA0066400664004003015164159
B2133542023070S07008969WA0066400665004003015163160
B2133552023072S07008969WA0066400666004003013167158
B2133562023074S07008969WA0066400667004003012174166
B2133572023076S07008969WA0066400669004003012180167
B2133582023078S07008969WA0066400671004003013190162
B2133592023080S07008970WA0066400672004003016207168
B2134002023081S07008974WA0066500673004003016234179
B2134012023083S07008976WA0066600674004003019226204
B2134022023086S07008978WA0066800675004003020211193
B2134032023088S07008981WA0066900676004003025229191
B2134042023090S07008985WA0067100678004003025243202
B2134052023091S07008988WA0067300678004003025250211
B2134062023093S07008992WA0067500679004003025247209
B2134072023094S07008995WA0067700678004003022241202
B2134082023097S07008997WA0067800678004003022220208
B2134092023100S07008999WA0067800677004003026209194
B2134102023102S07009002WA0067900678004003026220187
B2134122023105S07009005WA0068000680004003026232183
B2134132023107S07009008WA0068000679004003019237186
B2134142023108S07009010WA0068000678004003019224172
B2134152023110S07009011WA0068000675004003015188160
B2134162023113S07009011WA0068000673004003015178156
B2134172023114S07009011WA0067900672004003015166146
B2134182023115S07009010WA0067700670004003007081134
B2134192023115S07009010WA0067600669004003007174112
B2134202023114S07009008WA0067400666004003007050117
B2134212023113S07009006WA0067100664004003012052109
B2134222023112S07009004WA0066900661004003012067101
B2134232023112S07009002WA0066700659004003010097115
B2134242023112S07009001WA0066500656004003010095124
B2134252023112S07009000WA0066200654004003008091117
B2134262023113S07009000WA0066000652004003005091122
B2134272023118S07009002WA0065700648004003025196159
B2134282023121S07009004WA0065500647004003031210163
B2134292023124S07009007WA0065300647004003031226188
B2134302023127S07009011WA0065100647004003033241202
B2134312023129S07009015WA0064900646004003033253196
B2134322023130S07009020WA0064700642004003026261214
B2134332023133S07009024WA0064600637004003033234192
B2134342023137S07009028WA0064400632004003033221194
B2134352023140S07009032WA0064200632004003033216185
B2134362023143S07009034WA0064000630004003033210191
B2134372023144S07009035WA0063600627004003011215165
B2134382023147S07009036WA0063400625004003017208164
B2134392023149S07009037WA0063100624004003017198176
B2134402023152S07009038WA0062800622004003018195173
B2134412023155S07009038WA0062600621004003019186168
B2134422023157S07009039WA0062400620004003017182158
B2134432023159S07009039WA0062200620004003017180154
B2134442023160S07009039WA0062000619004003012178150
B2134452023162S07009039WA0062000618004003006166133
B2134462023163S07009037WA0061900615004003006133133
B2134472023164S07009036WA0061800613004003016121127
B2134482023165S07009034WA0061700610004003016110124
B2134492023165S07009031WA0061500609004003016082121
B2134502023164S07009030WA0061400608004003014056107
B2134512023163S07009028WA0061200606004003012047095
B2134522023162S07009026WA0061100604004003017055091
B2134532023161S07009024WA0060900602004003022059088
B2134542023159S07009020WA0060800600004003022054084
B2134552023157S07009018WA0060600599004003022055087
B2134562023156S07009015WA0060500600004003020076106
B2134572023157S07009014WA0060300596004003008144129
B2134582023159S07009014WA0060200593004003020180152
B2134592023162S07009015WA0060000591004003020196171
B2135002023166S07009017WA0059800592004003027214180
B2135012023169S07009020WA0059800592004003027224182
B2135022023171S07009021WA0059600593004003015222190
B2135032023172S07009022WA0059500593004003015202165
B2135042023174S07009023WA0059300592004003012197157
B2135052023176S07009024WA0059200591004003012200162
B2135062023178S07009024WA0059200589004003012187160
B2135072023181S07009024WA0059100588004003018180167
B2135082023183S07009025WA0059000588004003018185158
B2135092023184S07009025WA0058900588004003013210162
B2135102023185S07009027WA0058700587004003012238177
B2135112023187S07009030WA0058600584004003012248195
B2135122023187S07009036WA0058500582004003044263225
B2135132023186S07009043WA0058400577004003052282262
B2135142023181S07009050WA0058200577004003052312290
B2135152023174S07009053WA0058000574004003059343337
B2135162023167S07009053WA0057700571004003059014011
B2135172023160S07009053WA0057500566004003046004058
B2135182023159S07009048WA0057500560004003046040091
B2135192023165S07009046WA0057200558004003039173119
B2135202023168S07009050WA0056900555004003039232181
B2135212023171S07009053WA0056600552004003039230222
B2135222023171S07009060WA0056600552004003042255232
B2135232023172S07009064WA0056200554004003042267234
B2135242023173S07009069WA0055900554004003029247213
B2135252023175S07009074WA0055700556004003029245206
B2135262023177S07009077WA0055700560004003029238207
B2135272023178S07009080WA0055600562004003013244196
B2135282023179S07009081WA0055600562004003013233186
B2135292023181S07009081WA0055800562004003011194168
B2135302023183S07009081WA0055800562004003011178174
B2135312023186S07009081WA0056000562004004019171166
B2135322023187S07009080WA0056200564004003010134166
B2135332023188S07009079WA0056300565004003010107153
B2135342023189S07009078WA0056300564004003008129136
B2135352023190S07009077WA0056400563004003008140161
B2135362023191S07009076WA0056500562004003009139158
B2135372023193S07009075WA0056500562004003011151160
B2135382023194S07009076WA0056500562004003011190170
B2135392023195S07009076WA0056500562004003008212191
B2135402023195S07009078WA0056500561004003008249198
B2135412023195S07009081WA0056500559004003014270214
B2135422023194S07009088WA0056500557004003051286231
B2135432023189S07009094WA0056300557004003058319276
B2135442023182S07009098WA0056200555004003058334325
B2135452023172S07009095WA0056100552004003059020002
B2135462023166S07009092WA0056100552004003059042058
B2135472023163S07009087WA0055900548004003038055097
B2135482023166S07009084WA0055700546004003038152131
B2135492023168S07009084WA0055400539004003032193188
B2135502023170S07009087WA0055400532004003020235222
B2135512023164S07009097WA0055200529004004020302245
B2135522023154S07009104WA0054800526004004069315276
B2135532023146S07009104WA0054400520004006069336339
B2135542023138S07009099WA0054000523004006053000008
B2135552023137S07009093WA0054000520004006049054041
B2135562023135S07009090WA0053600517006008032048100
B2135572023138S07009090WA0053200522006008003040108
B2135582023139S07009097WA0053200514004006024278169
B2135592023134S07009100WA0052900512005008024329239
B2136002023127S07009105WA0052700515004006031333290
B2136012023121S07009101WA0052500512004006041003324
B2136022023121S07009096WA0052500503004006027063025
B2136032023123S07009093WA0052300504004006027116106
B2136042023127S07009094WA0052000510004004018199138
B2136052023130S07009098WA0051800514004003018257183
B2136062023131S07009100WA0051800513004003015234207
B2136072023132S07009100WA0051600510004003008204189
B2136082023134S07009100WA0051500509004003015184177
B2136092023136S07009100WA0051500507004003010176184
B2136102023139S07009101WA0051500508004003015183182
B2136112023140S07009101WA0051400508004003010185178
B2136122023141S07009101WA0051400508004003004184186
B2136132023142S07009101WA0051400507004003007154184
B2136142023144S07009100WA0051400504004003007166176
B2136152023146S07009100WA0051300503004003010181176
B2136162023147S07009100WA0051200503004003011183185
B2136182023148S07009100WA0051100502004003004171180
B2136192023149S07009100WA0051000501004003004180168
B2136202023150S07009100WA0050900500004003004173183
B2136212023152S07009100WA0050800498004003009164171
B2136222023154S07009099WA0050700498004003011157172
B2136232023155S07009098WA0050700497004003006154169
B2136242023155S07009098WA0050600495004003006171167
B2136252023156S07009098WA0050500494004003006178174
B2136262023158S07009098WA0050400492004003007175170
B2136272023159S07009097WA0050200491004003011164168
B2136282023161S07009097WA0050100489004003011157167
B2136292023162S07009096WA0050000488004003011161174
B2136302023164S07009096WA0049800487004003011168173
B2136312023166S07009095WA0049700488004003014171170
B2136322023168S07009095WA0049600488004003014163175
B2136332023170S07009094WA0049400487004003011151173
B2136342023172S07009093WA0049400487004003011162180
B2136352023174S07009093WA0049300487004003014178181
B2136362023176S07009093WA0049300487004003014185184
B2136372023177S07009093WA0049300486004003009191185
B2136382023178S07009093WA0049200485004003009186186
B2136392023180S07009094WA0049200484004003011183183
B2136402023183S07009094WA0049100484004003016183192
B2136412023185S07009095WA0049100486004003018209188
B2136422023187S07009097WA0049000486004003016228199
B2136432023188S07009098WA0049000486004003013231196
B2136442023189S07009100WA0049000486004003013238209
B2136452023191S07009102WA0049000488004003016242208
B2136462023191S07009105WA0049000488004003016256217
B2136472023192S07009108WA0049000488004003016267233
B2136482023191S07009112WA0049000487004003021280242
B2136492023190S07009117WA0049000487004003028297256
B2136502023186S07009121WA0049000487004003041311276
B2136512023181S07009126WA0049000487004003043323291
B2136522023176S07009129WA0048900487004003043333309
B2136532023170S07009132WA0048900487004003043342328
B2136542023163S07009134WA0048900486004003046352345
B2136552023156S07009135WA0048800485004003049352359
B2136562023148S07009133WA0048800484004004052006015
B2136572023142S07009130WA0048800483004003049020034
B2136582023136S07009126WA0048800483004003048030061
B2136592023132S07009121WA0048700482004003044056076
B2137002023130S07009117WA0048700481004003029074100
B2137012023130S07009112WA0048700480004003029098128
B2137022023130S07009109WA0048600479004003024115152
B2137032023133S07009110WA0048500478004003021200165
B2137042023135S07009111WA0048500477004003018210189
B2137052023136S07009114WA0048400478004003024253209
B2137062023137S07009117WA0048300478004003024268214
B2137072023137S07009119WA0048200478004003019271222
B2137082023137S07009122WA0048200477004003018271224
B2137092023137S07009126WA0048200476004003018268223
B2137102023137S07009130WA0048200476004003025270225
B2137112023137S07009134WA0048100476004003025271223
B2137122023137S07009137WA0048100477004003025271225
B2137132023137S07009140WA0048100477004003020270218
B2137142023137S07009142WA0048100477004003016265210
B2137152023137S07009145WA0048000476004003016257210
B2137162023138S07009147WA0048000476004003016251208
B2137172023139S07009150WA0048100476004003016241207
B2137182023140S07009152WA0048100476004003016234200
B2137192023142S07009153WA0048100477004003014218196
B2137202023143S07009154WA0048100477004003009193183
B2137212023144S07009154WA0048100477004003011171181
B2137222023146S07009153WA0048100478004003011155175
B2137232023148S07009152WA0048200479004003013143168
B2137242023149S07009151WA0048200480004003013133168
B2137252023150S07009150WA0048300482004003008139160
B2137262023151S07009149WA0048400483004003008142168
B2137272023152S07009149WA0048500484004003008162170
B2137282023153S07009149WA0048500486004003008161175
B2137292023154S07009148WA0048600486004003008155173
B2137302023155S07009147WA0048700488004003009145168
B2137312023156S07009147WA0048700489004003009143158
B2137322023157S07009146WA0048800491004003008144160
B2137332023157S07009146WA0048900491004003004120153
B2137342023158S07009145WA0049000492004003004120152
B2137352023158S07009144WA0049200492004003008108159
B2137362023159S07009143WA0049300492004003011135174
B2137372023161S07009143WA0049400494004003011180193
B2137382023163S07009149WA0049400496004003015256214
B2137392023161S07009154WA0049400496004003030287242
B2137402023159S07009158WA0049500497004003039303267
B2137412023156S07009163WA0049500497004003043313288
B2137422023150S07009168WA0049500497004003043327306
B2137432023144S07009171WA0049600497004003047337320
B2137442023137S07009171WA0049700496004003051002349
B2137452023129S07009170WA0049700495004003054015010
B2137462023123S07009168WA0049700496004003054028033
B2137472023117S07009164WA0049700496004003050040053
B2137482023113S07009160WA0049800497004003042047074
B2137492023110S07009156WA0049800498004003036052091
B2137502023107S07009152WA0049800497004003030054097
B2137512023104S07009148WA0049900496004003031055102
B2137522023102S07009143WA0049900498004003031072100
B2137532023101S07009139WA0050000498004003031066107
B2137542023098S07009135WA0050000501004003030060101
B2137552023096S07009131WA0050100502004003027057100
B2137562023094S07009127WA0050100501004003028057098
B2137572023092S07009123WA0050200503004003027064103
B2137582023090S07009119WA0050300503004003028063100
B2137592023088S07009115WA0050400503004003029057091
B2138002023085S07009111WA0050500503004003030056091
B2138012023083S07009107WA0050600503004003031057085
B2138022023080S07009103WA0050700503004003031060091
B2138032023078S07009098WA0050700503004003033061092
B2138042023075S07009093WA0050700504004003033061089
B2138052023073S07009090WA0050700505004003030059102
B2138062023071S07009084WA0050800507004006036062096
B2138072023067S07009081WA0050800509004008035052095
B2138082023067S07009077WA0050900507004004035061105
B2138092023065S07009073WA0050900507004004024065107
B2138102023063S07009069WA0051000507004003026067127
B2138112023062S07009065WA0051000506004003026073133
B2138122023062S07009062WA0051100506004003025100133
B2138132023063S07009061WA0051100505004003018149160
B2138142023065S07009061WA0051000505004003014194181
B2138152023066S07009061WA0050900505004003012229195
B2138162023066S07009063WA0050800505004003012265199
B2138172023066S07009064WA0050700504004003011273205
B2138182023067S07009066WA0050600504004003011249194
B2138192023068S07009068WA0050600502004003012230199
B2138202023069S07009070WA0050500502004003016233192
B2138212023071S07009072WA0050500502004003016235195
B2138222023072S07009073WA0050400503004003015219194
B2138242023074S07009075WA0050400503004003013206189
B2138252023076S07009076WA0050300503004003014209184
B2138262023077S07009077WA0050300504004003014212185
B2138272023079S07009078WA0050400504004003013216186
B2138282023080S07009079WA0050400504004003011203172
B2138292023081S07009079WA0050500504004003009184160
B2138302023082S07009078WA0050600504004003014135152
B2138312023082S07009074WA0050600504004003019096138
B2138322023082S07009070WA0050600505004003019085115
B2138332023081S07009066WA0050700506004003025071110
B2138342023079S07009062WA0050700506004003029051086
B2138352023075S07009058WA0050700505004003034041063
B2138362023068S07009056WA0050800507004003052014041
B2138372023061S07009055WA0050800508004003051001018
B2138382023054S07009056WA0050800509004003051358358
B2138392023048S07009060WA0050800509004003051324325
B2138402023039S07009069WA0051000512004003046306285
B2138412023039S07009074WA0051000513004003038282243
B2138422023041S07009078WA0051100514004003030236222
B2138432023042S07009081WA0051200516004003023235210
B2138442023044S07009083WA0051300516004003013218185
B2138452023045S07009084WA0051400515004003013204176
B2138462023046S07009082WA0051500515004003013143166
B2138472023047S07009080WA0051500513004003013113149
B2138482023048S07009077WA0051600516004003019092137
B2138492023048S07009075WA0051700516004003018079130
B2138502023047S07009071WA0051700515004003020076119
B2138512023047S07009068WA0051800517004003020090115
B2138522023047S07009065WA0051900518004003022088122
B2138532023046S07009061WA0052000520004004022078119
B2138542023045S07009058WA0052100521004003021068115
B2138552023045S07009055WA0052100521004003021079123
B2138562023044S07009051WA0052200522004003021080132
B2138572023044S07009048WA0052300523004003021081128
B2138582023043S07009045WA0052400525004003021076135
B2138592023042S07009043WA0052500526004003015066137
B2139002023041S07009041WA0052700527004003015065143
B2139012023041S07009039WA0052800527004003015066139
B2139022023040S07009037WA0052900527004003013073127
B2139032023040S07009035WA0052900526004003010076139
B2139042023041S07009034WA0053000525004003012111139
B2139052023040S07009031WA0053000526004003014094139
B2139062023040S07009029WA0053000525004004012082135
B2139072023040S07009028WA0052900526004003012070132
B2139082023040S07009027WA0052800526004003010092143
B2139092023040S07009025WA0052800528004004010114151
B2139102023041S07009024WA0052800528004003010133165
B2139112023042S07009023WA0052800527004003010164181
B2139122023044S07009024WA0052900527004003012216197
B2139132023044S07009030WA0052900527004003015264220
B2139142023043S07009036WA0052900527004003041284239
B2139152023041S07009042WA0052800527004003041296257
B2139162023039S07009046WA0052800528004003038305267
B2139172023036S07009051WA0052700528004003033306278
B2139182023033S07009056WA0052700527004003033305272
B2139192023029S07009060WA0052700526004003040304267
B2139202023027S07009066WA0052800527004003041300266
B2139212023024S07009071WA0052800527004003040294258
B2139222023022S07009076WA0052900527004003039291246
B2139232023022S07009080WA0052900527004003031278232
B2139242023022S07009084WA0052900527004003022269208
B2139252023022S07009087WA0052900527004003022251198
B2139262023023S07009089WA0052900526004003017232189
B2139272023024S07009090WA0052900525004003013198175
B2139282023025S07009088WA0052900523004003013119165
B2139292023026S07009086WA0052800523004003018088122
B2139302023025S07009084WA0052800523004003018076115
B2139312023023S07009080WA0052800525004003018061106
B2139322023021S07009076WA0052700528004003028056099
B2139332023018S07009072WA0052700530004003031052098
B2139342023016S07009069WA0052800532004003021053101
B2139352023015S07009067WA0052900533004003021040110
B2139362023013S07009065WA0053000533004003012047131
B2139372023013S07009063WA0053200532004003012076120
B2139382023012S07009059WA0053200530004003019077121
B2139392023011S07009056WA0053300531004003024074112
B2139402023010S07009053WA0053300531004003024064116
B2139412023009S07009051WA0053300531004003019055120
B2139422023007S07009049WA0053400530004003015059106
B2139432023007S07009046WA0053400529004003015074120
B2139442023006S07009043WA0053400528004003024081121
B2139452023005S07009040WA0053400529004003024078119
B2139462023004S07009037WA0053300530004003024066117
B2139472023003S07009034WA0053300531004003019051126
B2139482023001S07009032WA0053300531004003019056113
B2139492023000S07009028WA0053300531004003021075103
B2139502023000S07009025WA0053400531004003024081131
B2139512022999S07009021WA0053400532004003023078124
B2139522022999S07009019WA0053500534004003023077129
B2139532022998S07009017WA0053600534004003014092132
B2139542022998S07009015WA0053600534004003009091138
B2139552022998S07009013WA0053600534004003016082131
B2139562022998S07009010WA0053700534004003016081122
B2139572022997S07009007WA0053800535004003022071122
B2139582022996S07009004WA0053800537004003022071120
B2139592022995S07009002WA0053900538004003014081116
B2140002022995S07008999WA0053900539004003014088131
B2140012022995S07008997WA0054000539004003014093125
B2140022022995S07008994WA0054100540004003015085126
B2140032022995S07008992WA0054200540004003016085126
B2140042022995S07008989WA0054300541004003017082122
B2140052022994S07008987WA0054300542004003017074132
B2140062022993S07008985WA0054400543004003016074126
B2140072022993S07008983WA0054500543004003014084125
B2140082022993S07008981WA0054600543004003014095141
B2140092022994S07008977WA0054600543004003023099140
B2140102022994S07008974WA0054700544004003023097118
B2140112022994S07008971WA0054800546004003023084125
B2140122022993S07008968WA0054800548004003018072119
B2140132022993S07008965WA0054800549004003018071113
B2140142022992S07008962WA0054900549004003021071110
B2140152022991S07008959WA0054900550004003023084118
B2140162022991S07008955WA0055000553004003023088121
B2140172022991S07008952WA0055100556004003023088121
B2140182022990S07008948WA0055300560004004022075125
B2140192022989S07008947WA0055400563004003012057118
B2140202022988S07008945WA0055600567004003012061132
B2140212022988S07008943WA0055900568004004012067130
B2140222022987S07008940WA0056300571004004013087130
B2140232022987S07008937WA0056600573004004017081136
B2140242022986S07008935WA0056900575004004012066132
B2140252022985S07008934WA0057100575004004012055127
B2140262022985S07008932WA0057300573004003011065135
B2140272022984S07008931WA0057500573004003011074126
B2140282022984S07008928WA0057600572004003014087133
B2140292022984S07008925WA0057600572004003019083123
B2140302022983S07008923WA0057600572004003019071127
B2140312022982S07008921WA0057600573004004014060122
B2140322022981S07008919WA0057600572004003013049126
B2140332022980S07008917WA0057600570004003012071126
B2140342022980S07008915WA0057600569004003017085114
B2140352022980S07008911WA0057600567004003025084132
B2140362022979S07008907WA0057500566004003025083116
B2140372022979S07008903WA0057400566004003026084123
B2140382022979S07008900WA0057300567004003020093131
B2140392022980S07008897WA0057200567004003020117144
B2140402022981S07008895WA0057100567004003015131150
B2140412022982S07008893WA0057100567004003015124159
B2140422022983S07008891WA0057000569004004015123152
B2140432022984S07008889WA0057000569004003015112153
B2140442022985S07008887WA0057100569004003015108147
B2140452022986S07008885WA0057100570004003012111148
B2140462022987S07008883WA0057100570004003012114148
B2140472022987S07008882WA0057100570004003012117146
B2140482022988S07008880WA0057100570004003012118140
B2140492022989S07008878WA0057200570004003012106147
B2140502022989S07008877WA0057200570004003010088143
B2140512022989S07008876WA0057200569004003009094143
B2140522022989S07008874WA0057100567004003009090142
B2140532022989S07008873WA0057100566004003011095146
B2140542022989S07008871WA0057100565004003011099142
B2140552022990S07008869WA0057000564004003013098133
B2140562022990S07008867WA0056900565004003013089133
B2140572022989S07008864WA0056800564004003018076118
B2140582022987S07008861WA0056800563004003021065114
B2140592022986S07008858WA0056700562004003021066117
B2141002022985S07008855WA0056600561004003022069114
B2141012022985S07008852WA0056500560004003022078114
B2141022022984S07008850WA0056400559004006016071123
B2141032022983S07008848WA0056300558004004016076126
B2141042022983S07008845WA0056300556004004016078114
B2141052022982S07008841WA0056200555004004018077112
B2141062022981S07008838WA0056200554004004022079117
B2141072022981S07008835WA0056000555004004018078124
B2141082022981S07008833WA0056000555004004018096136
B2141092022981S07008831WA0055900555004004012106146
B2141102022982S07008828WA0055800556004004012106145
B2141112022982S07008826WA0055700557004004012098141
B2141122022982S07008824WA0055700557004003010101146
B2141132022982S07008823WA0055700558004003010108148
B2141142022983S07008821WA0055700559004003010121154
B2141152022984S07008820WA0055800560004003010138157
B2141162022985S07008819WA0055800562004003010143165
B2141172022986S07008819WA0055900564004003007156167
B2141182022987S07008819WA0055900566004003007157169
B2141192022988S07008819WA0056000565004003005191183
B2141202022989S07008819WA0056100566004003005198174
B2141212022990S07008820WA0056300566004003007202178
B2141222022992S07008820WA0056300567004003010196186
B2141232022993S07008821WA0056400567004003010194176
B2141242022994S07008821WA0056400567004003008192175
B2141252022995S07008821WA0056500566004003006190168
B2141262022996S07008822WA0056500567004003006186167
B2141272022997S07008822WA0056600568004003011179169
B2141282022999S07008822WA0056600568004003011179164
B2141292023000S07008822WA0056600567004003009165161
B2141302023000S07008821WA0056600567004003005163160
B2141312023001S07008821WA0056600566004003005125151
B2141322023001S07008819WA0056600565004003012125158
B2141332023003S07008817WA0056500567004003013127150
B2141342023003S07008816WA0056500568004003012125160
B2141352023004S07008815WA0056500569004003005121157
B2141362023004S07008815WA0056500569004003005118154
B2141372023005S07008813WA0056600568004003013131160
B2141382023007S07008811WA0056600569004003022145168
B2141392023009S07008810WA0056600571004003017143159
B2141402023010S07008809WA0056600574004003017136165
B2141412023011S07008808WA0056600575004003008130163
B2141422023012S07008807WA0056600575004003009135181
B2141432023014S07008806WA0056800574004003015152159
B2141442023016S07008805WA0056900574004003015169165
B2141452023018S07008805WA0057100575004003015173170
B2141462023019S07008804WA0057100575004003013151167
B2141472023020S07008803WA0057200574004003013125167
B2141482023022S07008801WA0057300574004003019134148
B2141492023025S07008799WA0057300575004003019148158
B2141502023027S07008798WA0057300578004003019153160
B2141512023029S07008796WA0057400580004003018148164
B2141522023031S07008796WA0057400582004003009146171
B2141532023032S07008794WA0057400583004003012147167
B2141542023034S07008793WA0057400584004003012153164
B2141552023036S07008793WA0057600588004003014172166
B2141562023038S07008793WA0057700592004003014172173
B2141572023040S07008792WA0058000596004003012162169
B2141582023041S07008792WA0058000599004003012163168
B2141592023044S07008791WA0058300602004003012168164
B2142002023046S07008791WA0058600606004003014170170
B2142012023047S07008790WA0058900609004003014159163
B2142022023048S07008790WA0058900612004003008140169
B2142032023049S07008789WA0059300617004003009145167
B2142042023051S07008788WA0059700618004003009138156
B2142052023052S07008787WA0060100621004003010141168
B2142062023053S07008786WA0060100622004003010143166
B2142072023054S07008785WA0060500624004003012148171
B2142082023056S07008784WA0060900625004003014165177
B2142092023058S07008785WA0061200626004003014188187
B2142102023060S07008786WA0061200625004003014204186
B2142112023062S07008787WA0061500625004003013214179
B2142122023062S07008788WA0061700623004003005212175
B2142132023063S07008788WA0061800620004003009200162
B2142142023065S07008788WA0061800617004003009176169
B2142152023068S07008788WA0061800614004003015162165
B2142162023070S07008786WA0061800614004003019155160
B2142172023072S07008785WA0061700614004003014146165
B2142182023073S07008784WA0061700615004003014129158
B2142192023074S07008784WA0061500615004003008141159
B2142202023076S07008784WA0061400615004003007166164
B2142212023077S07008784WA0061300615004003007177172
B2142222023078S07008783WA0061300615004003010167163
B2142232023079S07008783WA0061300616004003010155166
B2142242023080S07008782WA0061300615004003008154160
B2142252023081S07008782WA0061300615004003007146162
B2142262023082S07008781WA0061300615004003007140159
B2142272023083S07008780WA0061300614004003010134152
B2142282023084S07008778WA0061300614004003013117155
B2142292023085S07008776WA0061200613004003013120147
B2142302023086S07008775WA0061200613004003013116145
B2142312023087S07008773WA0061100612004003011119146
B2142322023088S07008772WA0061100610004004011123149
B2142332023089S07008771WA0061000608004004011123144
B2142342023089S07008769WA0061000606004003011120144
B2142362023090S07008767WA0060900606004003013121150
B2142372023092S07008765WA0060800605004003016125153
B2142382023096S07008761WA0060700601004003016137152
B2142402023098S07008759WA0060600601004003020137157
B2142422023101S07008754WA0060400602004003017134139
B2142432023103S07008753WA0060400602004003017136150
B2142442023106S07008751WA0060300600004003017137149
B2142452023108S07008750WA0060200599004003018152150
B2142462023111S07008749WA0060200597004003022164166
B2142472023114S07008748WA0060200597004003023173171
B2142482023117S07008747WA0060000598004003022176173
B2142492023119S07008747WA0059900598004003019183174
B2142502023124S07008748WA0059900597004003014187180
B2142512023126S07008748WA0059800596004003016183178
B2142522023129S07008748WA0059800596004003016184181
B2142532023131S07008748WA0059700595004003018182173
B2142542023134S07008748WA0059700595004003019184178
B2142552023137S07008748WA0059700596004003017185183
B2142562023139S07008749WA0059600596004003017191175
B2142572023142S07008749WA0059500595004003016185174
B2142582023144S07008749WA0059500593004003016174163
B2142592023148S07008748WA0059400591004003017163169
B2143002023151S07008748WA0059300590004003022167166
B2143012023154S07008748WA0059200588004003022181175
B2143022023157S07008748WA0059100586004003022186182
B2143032023160S07008748WA0058900585004003022180179
B2143042023163S07008748WA0058800584004003018163169
B2143052023166S07008746WA0058600583004003022150173
B2143062023169S07008745WA0058500582004003022150172
B2143072023172S07008744WA0058500582004003022157163
B2143082023174S07008743WA0058400583004003019161173
B2143092023177S07008742WA0058400583004003017163186
B2143102023179S07008742WA0058400582004003015170172
B2143112023182S07008742WA0058400580004003016183184
B2143122023185S07008742WA0058400578004003016176186
B2143132023188S07008742WA0058400577004003020180179
B2143142023191S07008742WA0058400577004003021174183
B2143152023193S07008741WA0058400579004003018156180
B2143162023196S07008740WA0058300579004003018157174
B2143172023198S07008740WA0058300579004003015164176
B2143182023200S07008739WA0058300579004003015165173
B2143192023203S07008738WA0058300577004003016159169
B2143202023206S07008737WA0058300577004003020156174
B2143212023208S07008736WA0058300577004003020152171
B2143222023211S07008734WA0058300577004003020149173
B2143232023214S07008734WA0058200577004003019175178
B2143242023216S07008733WA0058200578004003018173177
B2143252023219S07008732WA0058200579004003018163180
B2143262023222S07008731WA0058200578004003019164178
B2143272023224S07008730WA0058200578004003019165177
B2143282023227S07008730WA0058300578004003020169186
B2143292023230S07008729WA0058300578004003020175186
B2143302023232S07008729WA0058300576004003017180182
B2143312023235S07008730WA0058200576004003017178176
B2143322023238S07008729WA0058200574004003017165179
B2143332023240S07008727WA0058100574004003021156171
B2143342023243S07008726WA0058100574004003021149165
B2143352023245S07008724WA0057900574004003017149165
B2143362023248S07008723WA0057900572004003017146171
B2143372023250S07008721WA0057800570004003017153169
B2143382023253S07008720WA0057600568004003020158160
B2143392023256S07008719WA0057500566004003022156170
B2143402023259S07008717WA0057400565004003021152168
B2143412023262S07008716WA0057300563004003021159163
B2143422023265S07008716WA0057100561004003020171178
B2143432023268S07008716WA0056900560004003020183175
B2143442023272S07008715WA0056700558004003021177175
B2143452023275S07008715WA0056700556004004022175176
B2143462023278S07008714WA0056600554004004022163173
B2143472023281S07008713WA0056400552004003022158169
B2143482023284S07008713WA0056200552004003022163178
B2143492023287S07008712WA0056000550004003022168172
B2143502023290S07008711WA0055800550004003021170173
B2143512023294S07008711WA0055700548004003021164175
B2143522023296S07008709WA0055500548004003020151166
B2143532023299S07008707WA0055400546004004020139165
B2143542023302S07008704WA0055300546004003022128145
B2143552023304S07008702WA0055300546004003023138149
B2143562023306S07008700WA0055200547004003023134172
B2143572023308S07008697WA0055200548004003019130163
B2143582023310S07008695WA0055200549004003019147149
B2143592023312S07008694WA0055300548004003018159166
B2144002023315S07008693WA0055300547004003023161173
B2144012023318S07008691WA0055300547004003023155171
B2144022023321S07008690WA0055300548004003023153170
B2144032023324S07008689WA0055300548004003022160170
B2144042023326S07008688WA0055300548004003018161176
B2144052023329S07008687WA0055200546004003021171178
B2144062023333S07008686WA0055200545004003024163179
B2144072023336S07008685WA0055100545004003024162174
B2144082023339S07008684WA0055100545004003024161178
B2144092023343S07008683WA0055100544004003025167176
B2144102023347S07008683WA0055000545004003023175168
B2144112023349S07008683WA0055000544004003023182178
B2144122023352S07008682WA0054900543004003017178187
B2144132023354S07008682WA0054900541004004017174184
B2144142023358S07008682WA0054800540004004017174179
B2144152023361S07008682WA0054800539004003023184174
B2144162023364S07008682WA0054700537004003023181174
B2144172023367S07008682WA0054500537004003019174178
B2144182023369S07008681WA0054400536004003018152176
B2144192023372S07008680WA0054400536004003018157169
B2144202023374S07008679WA0054300537004003017160166
B2144212023377S07008678WA0054200536004003017154173
B2144222023379S07008676WA0054200535004003017146170
B2144232023381S07008675WA0054200535004003017145168
B2144242023384S07008673WA0054200535004003020150168
B2144252023387S07008671WA0054200535004003023149173
B2144262023390S07008669WA0054100535004003023151172
B2144272023392S07008668WA0054100536004004020150168
B2144282023394S07008667WA0054100537004004018142166
B2144292023396S07008665WA0054100536004003015146167
B2144302023397S07008663WA0054100537004003016142169
B2144312023399S07008662WA0054100537004003018141169
B2144322023402S07008660WA0054200536004003018146167
B2144332023404S07008659WA0054200536004003019155167
B2144342023407S07008658WA0054200536004003019162175
B2144352023409S07008657WA0054200537004003016154174
B2144362023411S07008656WA0054100537004003016148171
B2144372023413S07008654WA0054100537004003016145170
B2144382023415S07008653WA0054100537004003018146171
B2144392023418S07008651WA0054100537004003019151167
B2144402023420S07008649WA0054100536004003020149174
B2144422023423S07008648WA0054100537004003020144170
B2144432023425S07008646WA0054100538004003020147158
B2144442023427S07008645WA0054100538004003020153161
B2144452023429S07008644WA0054100539004003012158164
B2144462023431S07008643WA0054100539004003014155164
B2144472023434S07008642WA0054100539004003014157168
B2144482023437S07008641WA0054200538004003018167163
B2144492023440S07008640WA0054200539004003023173181
B2144502023443S07008640WA0054300540004003023172166
B2144512023446S07008639WA0054300541004003020168173
B2144522023449S07008639WA0054300543004003020171175
B2144532023451S07008639WA0054300544004004019182175
B2144542023454S07008639WA0054300545004003017183182
B2144552023457S07008638WA0054400546004003017163175
B2144562023458S07008638WA0054400546004003013153171
B2144572023460S07008636WA0054500545004003013142164
B2144582023464S07008635WA0054600544004003012179175
B2144592023466S07008636WA0054700544004004012206187
B2145002023467S07008637WA0054700544004004009215194
B2145012023468S07008637WA0054700543004004009194189
B2145022023470S07008637WA0054800542004003011185183
B2145032023473S07008638WA0054800540004003017192191
B2145042023476S07008639WA0054800539004003018200181
B2145052023478S07008640WA0054700539004004018207197
B2145062023481S07008642WA0054600539004003019216190
B2145072023483S07008644WA0054400539004003019219203
B2145082023486S07008645WA0054300538004003021210196
B2145092023488S07008646WA0054200537004003021195189
B2145102023491S07008647WA0054100536004003018186185
B2145112023493S07008647WA0054100535004003016174179
B2145122023495S07008647WA0054100535004003015168183
B2145132023497S07008646WA0054000534004003014166185
B2145142023499S07008645WA0053900533004003018166187
B2145152023503S07008644WA0053800534004003018168185
B2145162023506S07008644WA0053800534004003022163179
B2145172023509S07008643WA0053700535004003022165180
B2145182023512S07008642WA0053600535004004017159181
B2145192023514S07008641WA0053600534004003018158176
B2145202023517S07008640WA0053600533004004018158179
B2145212023520S07008638WA0053700533004003020156180
B2145222023524S07008637WA0053700533004003024153174
B2145232023527S07008635WA0053700534004003022151172
B2145242023529S07008634WA0053700535004003022155173
B2145252023532S07008633WA0053700536004004020169176
B2145262023535S07008633WA0053700537004004019173182
B2145272023538S07008632WA0053700534004004019168182
B2145282023541S07008631WA0053800535004003023161175
B2145292023544S07008630WA0053800535004003023159173
B2145302023547S07008629WA0053800535004003023162166
B2145312023550S07008628WA0053800536004003022166163
B2145322023553S07008627WA0053800537004003021155167
B2145332023556S07008625WA0053800537004003019145161
B2145342023558S07008623WA0053800537004003019130158
B2145352023560S07008622WA0053900536004003017141152
B2145362023561S07008620WA0053900535004003015156170
B2145372023564S07008620WA0053900533004003015167169
B2145382023568S07008618WA0053900531004003024161168
B2145392023570S07008617WA0053900531004003024158174
B2145402023573S07008617WA0053700532004003020166172
B2145412023574S07008616WA0053600532004003014178174
B2145422023576S07008616WA0053600532004003011177182
B2145432023578S07008616WA0053500531004003014160179
B2145442023579S07008615WA0053500531004003014143178
B2145452023581S07008614WA0053500531004003013138163
B2145462023582S07008612WA0053500530004003012144164
B2145472023584S07008611WA0053500528004003012146181
B2145482023587S07008609WA0053500527004003019149171
B2145492023589S07008608WA0053400525004004019152164
B2145502023592S07008607WA0053300524004003019158166
B2145512023594S07008605WA0053200521004003020151165
B2145522023596S07008604WA0053000520004004020143160
B2145532023598S07008602WA0052900520004003020137166
B2145542023601S07008600WA0052700518004003020140167
B2145552023603S07008598WA0052500517004003019145164
B2145562023605S07008597WA0052400516004003017146162
B2145572023607S07008595WA0052200515004003016141161
B2145582023608S07008594WA0052100514004003013135158
B2145592023610S07008592WA0052000512004003013132155
B2146002023612S07008590WA0051900511004003013136160
B2146012023614S07008588WA0051800508004003018137161
B2146022023617S07008585WA0051700507004003023135153
B2146032023619S07008583WA0051700507004003022132159
B2146042023621S07008580WA0051500507004003022124160
B2146052023623S07008578WA0051400506004003020131142
B2146062023625S07008576WA0051200505004003019141149
B2146072023628S07008574WA0051100502004003019145153
B2146082023630S07008571WA0051000500004003026136155
B2146092023633S07008568WA0050900497004003026135151
B2146102023636S07008566WA0050800497004003026145158
B2146112023639S07008564WA0050600495004003025153164
B2146122023642S07008563WA0050400494004003023157171
B2146132023645S07008561WA0050200491004003022158171
B2146142023649S07008560WA0050000490004003024154169
B2146152023652S07008558WA0049800489004003024150165
B2146162023654S07008556WA0049700488004003024144163
B2146172023657S07008554WA0049500487004003022139162
B2146182023659S07008551WA0049400485004003022137163
B2146192023662S07008549WA0049200483004003025143165
B2146202023666S07008547WA0049200481004003025151163
B2146212023669S07008545WA0049100481004003026156165
B2146222023673S07008543WA0049000481004003026152164
B2146232023675S07008541WA0048800480004003023141160
B2146242023678S07008539WA0048700479004003023130155
B2146252023680S07008536WA0048600478004003023131165
B2146262023683S07008532WA0048500476004003025130156
B2146272023686S07008529WA0048500476004003026136156
B2146282023688S07008527WA0048400475004003022136164
B2146292023690S07008524WA0048300474004003023133165
B2146302023693S07008521WA0048200472004003022130166
B2146312023695S07008519WA0048100472004003023135167
B2146322023697S07008517WA0048000471004003023143169
B2146332023700S07008515WA0047900469004003021149170
B2146342023703S07008513WA0047700469004003022147172
B2146352023705S07008511WA0047600468004003021142166
B2146362023708S07008509WA0047500468004003022144165
B2146372023711S07008507WA0047400468004003025150160
B2146382023714S07008506WA0047400468004004020159164
B2146392023716S07008505WA0047300470004004020167165
B2146402023717S07008505WA0047300471004003011157165
B2146412023718S07008504WA0047300471004003008156163
B2146422023720S07008503WA0047400470004003008162165
B2146432023721S07008503WA0047500468004003012156166
B2146442023724S07008501WA0047600467004003019148163
B2146452023727S07008500WA0047600466004003019150169
B2146462023730S07008499WA0047500463004003022158169
B2146482023733S07008499WA0047400463004003020181170
B2146492023735S07008499WA0047200462004003020189174
B2146502023737S07008498WA0047000461004003018175177
B2146512023739S07008498WA0046900460004003014155182
B2146522023742S07008497WA0046800459004003014158175
B2146532023744S07008496WA0046700458004003020165173
B2146542023747S07008495WA0046700458004003020165180
B2146552023750S07008494WA0046600459004003020158177
B2146562023752S07008493WA0046600461004003020146177
B2146572023754S07008492WA0046500462004003017152174
B2146582023755S07008491WA0046500462004003007159178
B2146592023757S07008491WA0046500461004003009187185
B2147002023758S07008491WA0046500460004003009176194
B2147012023760S07008491WA0046500459004004013168181
B2147022023763S07008490WA0046500459004004014169180
B2147032023764S07008490WA0046500459004004010165183
B2147042023766S07008489WA0046500458004003010165181
B2147052023768S07008489WA0046400457004003010164190
B2147062023770S07008488WA0046400456004003012164177
B2147072023772S07008487WA0046400455004003019154169
B2147082023775S07008485WA0046300455004003017137171
B2147092023778S07008483WA0046200455004003013149169
B2147102023779S07008483WA0046200454004003012175174
B2147112023781S07008482WA0046100454004003012169181
B2147122023783S07008481WA0046100453004003018158173
B2147132023786S07008480WA0046100452004003018146170
B2147142023788S07008479WA0046000451004003017148175
B2147152023789S07008477WA0045900450004003015159169
B2147162023791S07008477WA0045800449004003013158180
B2147172023793S07008476WA0045700447004003013149179
B2147182023795S07008474WA0045600446004003018140167
B2147192023798S07008472WA0045500444004003018146164
B2147202023801S07008471WA0045300444004003023150166
B2147212023804S07008469WA0045200445004003023157176
B2147222023807S07008468WA0045000446004003019162172
B2147232023809S07008467WA0044900449004003019158173
B2147242023810S07008466WA0044900450004003010132173
B2147252023811S07008465WA0045000451004003009130175
B2147262023813S07008464WA0045100449004003009146165
B2147272023815S07008462WA0045300449004003018155167
B2147282023818S07008462WA0045400450004003022165175
B2147292023820S07008461WA0045500451004003018158173
B2147302023822S07008460WA0045500451004003016152183
B2147312023824S07008459WA0045500451004003014159181
B2147322023826S07008459WA0045500450004003015179178
B2147332023828S07008459WA0045600451004003016181188
B2147342023831S07008459WA0045600451004003016174192
B2147352023834S07008458WA0045700450004003017171183
B2147362023835S07008458WA0045700451004003017153179
B2147372023837S07008458WA0045700451004003010169176
B2147382023838S07008457WA0045700450004004011171186
B2147392023841S07008457WA0045700449004003011166183
B2147402023843S07008456WA0045700449004003015164171
B2147412023845S07008456WA0045600450004003015165173
B2147422023847S07008455WA0045600450004003012168178
B2147432023849S07008455WA0045600451004003014167178
B2147442023851S07008454WA0045600451004003014156173
B2147452023853S07008452WA0045600451004003016147163
B2147462023855S07008451WA0045600450004003016143169
B2147472023856S07008449WA0045600450004003015146179
B2147482023858S07008448WA0045600449004003017146177
B2147492023861S07008446WA0045600447004003017145166
B2147502023863S07008445WA0045500447004003018149172
B2147512023865S07008443WA0045500446004003018143181
B2147522023867S07008441WA0045400445004003020136171
B2147532023869S07008439WA0045300445004003020140159
B2147542023871S07008437WA0045200445004003019143173
B2147552023874S07008436WA0045100445004003018143173
B2147562023875S07008434WA0045100446004003018131167
B2147572023876S07008433WA0045100446004003011138167
B2147582023878S07008432WA0045100445004003012150180
B2147592023879S07008431WA0045100444004003011148180
B2148002023880S07008430WA0045100443004003009159178
B2148012023882S07008429WA0045100441004003009154184
B2148022023884S07008429WA0045100440004003014162176
B2148032023886S07008428WA0045000438004004014157174
B2148042023887S07008427WA0045000438004004013149178
B2148052023888S07008426WA0044900436004004011151181
B2148062023890S07008426WA0044700435004003010153177
B2148072023891S07008425WA0044600432004003012153183
B2148082023893S07008424WA0044500429004003015154171
B2148092023895S07008423WA0044400426004003015153174
B2148102023898S07008421WA0044200424004003017147176
B2148112023900S07008420WA0044000423004004018153166
B2148122023902S07008419WA0043800421004003015161172
B2148132023905S07008418WA0043500420004003016167182
B2148142023907S07008417WA0043200418004003016161181
B2148152023910S07008416WA0043000417004003016159165
B2148162023912S07008416WA0042800415004003015169170
B2148172023915S07008415WA0042600413004003020172181
B2148182023918S07008415WA0042500410004003022172173
B2148192023922S07008415WA0042200408004003022180178
B2148202023925S07008414WA0042000408004003022177181
B2148212023928S07008414WA0041800407004003021176177
B2148222023930S07008414WA0041800406004003011164181
B2148232023932S07008413WA0041600404004003014155178
B2148242023934S07008412WA0041400402004003014156177
B2148252023938S07008411WA0041300399004003019159175
B2148262023941S07008410WA0041200397004003024163176
B2148272023944S07008409WA0041000396004003022163174
B2148282023947S07008408WA0040800394004003022167178
B2148292023950S07008407WA0040600392004003021155189
B2148302023953S07008406WA0040400391004004020160189
B2148312023956S07008405WA0040200390004006021158186
B2148322023959S07008404WA0040000389004004022163185
B2148332023961S07008403WA0039900389004004022159179
B2148342023963S07008401WA0039800389004004020154178
B2148352023965S07008400WA0039600388004004014154177
B2148362023968S07008399WA0039500384004003014156184
B2148372023971S07008398WA0039500382004003021158169
B2148382023974S07008397WA0039300381004003022159172
B2148392023977S07008396WA0039300380004003022168181
B2148402023980S07008395WA0039200378004003023175180
B2148412023983S07008395WA0039100378004003023180187
B2148422023987S07008395WA0038900379004004020179187
B2148432023989S07008395WA0038800378004003020173187
B2148442023992S07008394WA0038600378004004018170183
B2148452023995S07008394WA0038600377004003018178188
B2148462023998S07008394WA0038500376004003019184189
B2148472024002S07008395WA0038400375004004026183193
B2148482024006S07008395WA0038400375004004028185186
B2148492024010S07008395WA0038300377004003026195183
B2148502024012S07008397WA0038200378004003022209182
B2148512024014S07008397WA0038200380004003018201176
B2148522024016S07008398WA0038200380004003009170196
B2148542024018S07008397WA0038300381004003013156194
B2148552024021S07008399WA0038600383004004013225180
B2148562024022S07008400WA0038600382004004008216205
B2148572024024S07008402WA0038800384004004018226203
B2148582024026S07008403WA0038800386004004012188192
B2148592024027S07008403WA0038900387004003012156184
B2149002024027S07008403WA0038900389004003003182186
B2149012024027S07008403WA0039000389004003000182191
B2149022024027S07008404WA0039100388004003003264200
B2149032024028S07008405WA0039300386004003008237199
B2149042024029S07008406WA0039400384004004012215197
B2149052024031S07008406WA0039400382004004012162194
B2149062024032S07008405WA0039400382004004012129180
B2149072024033S07008404WA0039300382004004011136164
B2149082024034S07008403WA0039100381004004008155165
B2149092024036S07008403WA0039000379004003011188174
B2149102024037S07008403WA0039000377004004011173178
B2149112024040S07008402WA0038900373004003011164174
B2149122024043S07008401WA0038700371004003019164166
B2149132024047S07008400WA0038500372004003026164169
B2149142024050S07008399WA0038500373004003026164162
B2149152024053S07008399WA0038300376004003023170169
B2149162024055S07008398WA0038200378004003018173170
B2149172024057S07008398WA0038100379004003014181185
B2149182024058S07008398WA0038100379004003008192175
B2149192024059S07008399WA0038200379004003009187174
B2149202024061S07008399WA0038400377004003009169174
B2149212024064S07008398WA0038500377004003014156168
B2149222024066S07008396WA0038600376004003018150173
B2149232024068S07008395WA0038600378004003018156161
B2149242024070S07008395WA0038500379004003018165163
B2149252024072S07008394WA0038500381004003014162186
B2149262024074S07008394WA0038500383004003011172179
B2149272024076S07008394WA0038600385004004011187194
B2149282024078S07008395WA0038700385004004019215187
B2149292024080S07008398WA0038800388004003021240201
B2149302024081S07008400WA0039000391004003019240212
B2149312024082S07008401WA0039000392004003014241201
B2149322024082S07008403WA0039200393004003010245201
B2149332024083S07008404WA0039400393004004013240201
B2149342024084S07008406WA0039500393004004013232197
B2149352024085S07008408WA0039700393004006013238189
B2149362024087S07008406WA0039800390004003015152188
B2149372024089S07008407WA0039900389004003016175172
B2149382024092S07008407WA0039900387004003017184177
B2149392024094S07008408WA0039800387004003017211180
B2149402024096S07008409WA0039700388004003014205183
B2149412024097S07008408WA0039600388004003011142191
B2149422024098S07008407WA0039500389004003011148168
B2149432024099S07008406WA0039500391004003011120157
B2149442024100S07008404WA0039500392004004011118174
B2149452024101S07008403WA0039600394004003010150186
B2149462024102S07008402WA0039700396004003008142176
B2149472024103S07008401WA0039800397004003007139173
B2149482024104S07008400WA0039900398004003008126173
B2149492024105S07008399WA0039900398004003011136178
B2149502024106S07008398WA0040100398004003011141178
B2149512024108S07008397WA0040200398004003013145172
B2149522024109S07008396WA0040300398004003014144177
B2149532024111S07008394WA0040300398004003017146174
B2149542024114S07008393WA0040400400004003018145168
B2149552024115S07008392WA0040400401004003017126170
B2149562024116S07008390WA0040400402004003015123163
B2149572024118S07008388WA0040400403004004014121156
B2149582024119S07008386WA0040500400004003010131168
B2149592024120S07008385WA0040600400004003012140169
B2150002024122S07008383WA0040600399004003012148167
B2150012024124S07008381WA0040600399004003018142167
B2150022024126S07008379WA0040600400004003018130164
B2150032024127S07008377WA0040600401004003016121158
B2150042024128S07008375WA0040600402004003016118169
B2150052024130S07008373WA0040600402004003016121172
B2150062024131S07008371WA0040600402004003015124169
B2150072024132S07008370WA0040600402004004015135170
B2150082024134S07008369WA0040700401004003011156167
B2150092024136S07008368WA0040700400004003012138177
B2150102024137S07008366WA0040800400004004012128167
B2150112024138S07008364WA0040800401004004015124158
B2150122024139S07008362WA0040700401004004015122151
B2150132024140S07008360WA0040700401004004014100164
B2150142024141S07008357WA0040700400004004019108152
B2150152024142S07008354WA0040700400004004019104145
B2150162024142S07008350WA0040700399004004022104140
B2150172024142S07008346WA0040700400004004027088139
B2150182024142S07008341WA0040700400004003031079135
B2150192024141S07008337WA0040600400004003031080132
B2150202024141S07008334WA0040600400004003027090141
B2150212024142S07008330WA0040700400004004022117155
B2150222024143S07008328WA0040700400004004019120162
B2150232024144S07008325WA0040700401004006019114166
B2150242024145S07008323WA0040700402004006019106156
B2150252024145S07008320WA0040700402004006017096154
B2150262024146S07008317WA0040700404004004017102148
B2150272024147S07008313WA0040800405004004019097141
B2150282024147S07008310WA0040800406004004020099142
B2150292024147S07008307WA0040900407004006021096148
B2150302024148S07008304WA0041000408004004021096158
B2150312024148S07008301WA0041100409004004021106153
B2150322024150S07008299WA0041200411004003018131150
B2150332024151S07008297WA0041400413004004011131166
B2150342024151S07008296WA0041500415004004011124173
B2150352024151S07008295WA0041700417004004007094169
B2150362024151S07008294WA0041900418004004007076159
B2150372024152S07008293WA0042100419004004007107170
B2150382024152S07008292WA0042300420004003007120172
B2150392024152S07008291WA0042400422004003007120176
B2150402024152S07008291WA0042600423004003001120183
B2150412024153S07008291WA0042600423004003002120187
B2150422024153S07008291WA0042700425004003002167184
B2150432024154S07008291WA0042700426004003007149184
B2150442024155S07008290WA0042800427004004010161178
B2150452024157S07008290WA0042900429004004008167175
B2150462024158S07008290WA0042900430004004009178194
B2150472024159S07008290WA0043000431004004008184200
B2150482024161S07008290WA0043100431004004010199190
B2150492024162S07008291WA0043200431004003010217199
B2150502024163S07008293WA0043400431004003010237192
B2150512024163S07008294WA0043500430004003009220199
B2150522024164S07008295WA0043500430004003009209184
B2150532024166S07008294WA0043600431004003016152166
B2150542024167S07008292WA0043600432004003016129169
B2150552024168S07008291WA0043600432004003011121162
B2150562024169S07008290WA0043700432004003011140183
B2150572024170S07008289WA0043700432004003011154175
B2150582024172S07008288WA0043700432004004015145166
B2151002024173S07008285WA0043800432004003018124167
B2151012024172S07008281WA0043800432004003018097142
B2151022024174S07008275WA0043900432004003023104145
B2151042024175S07008271WA0043900433004003023095139
B2151062024174S07008265WA0043900433004004021073126
B2151072024174S07008262WA0043900433004004020086131
B2151082024176S07008255WA0043900430004004024110141
B2151102024177S07008251WA0043900430004006024114145
B2151112024178S07008244WA0043700432004004021100155
B2151132024179S07008242WA0043700433004004021100150
B2151142024181S07008240WA0043600431004003012142175
B2151152024182S07008238WA0043600432004004012137176
B2151162024183S07008236WA0043600433004004011122169
B2151172024184S07008235WA0043700433004004011111169
B2151182024184S07008233WA0043700433004004009124174
B2151192024186S07008233WA0043800434004004009144178
B2151202024187S07008232WA0043900434004004010140178
B2151212024188S07008231WA0043900435004006009157174
B2151222024189S07008231WA0044000436004004009146175
B2151232024190S07008230WA0044100437004004008159182
B2151242024191S07008230WA0044200437004003008163188
B2151252024193S07008229WA0044200437004003008172190
B2151262024195S07008229WA0044300437004004017165180
B2151272024197S07008228WA0044300439004004017153176
B2151282024198S07008227WA0044400442004003014143171
B2151292024199S07008226WA0044400443004003010135182
B2151302024200S07008224WA0044500444004003010129177
B2151312024201S07008223WA0044600443004004012129171
B2151322024202S07008221WA0044800442004003017133177
B2151332024204S07008219WA0044800442004003017135169
B2151342024206S07008217WA0044800443004003017131168
B2151352024207S07008215WA0044900446004003017120169
B2151362024208S07008212WA0044900448004003014111160
B2151372024209S07008210WA0045000449004003014114165
B2151382024210S07008208WA0045100450004003014127175
B2151392024211S07008206WA0045200451004003016133170
B2151402024213S07008203WA0045300454004003019116162
B2151412024214S07008201WA0045400455004003017102157
B2151422024214S07008198WA0045500456004003017099154
B2151432024215S07008196WA0045600456004003017113161
B2151442024217S07008193WA0045700456004003017120159
B2151452024218S07008190WA0045800458004003018116162
B2151462024219S07008188WA0045900459004003021114159
B2151472024220S07008185WA0046000461004004021103146
B2151482024221S07008182WA0046000462004004020097146
B2151492024221S07008179WA0046100463004003020095148
B2151502024222S07008176WA0046200463004003019113159
B2151512024223S07008174WA0046400464004003012127177
B2151522024225S07008175WA0046400464004003012183188
B2151532024226S07008175WA0046500465004003012225202
B2151542024226S07008177WA0046600465004003012277220
B2151552024224S07008180WA0046600464004003016301235
B2151562024221S07008183WA0046600464004003036317255
B2151572024217S07008187WA0046600463004004038319273
B2151582024212S07008189WA0046600461004004037328282
B2151592024208S07008192WA0046600462004003037336291
B2152002024204S07008194WA0046600461004003030331283
B2152012024200S07008197WA0046600460004004035327272
B2152022024195S07008200WA0046600459004004035324280
B2152032024191S07008203WA0046600461004004035320273
B2152042024188S07008207WA0046600463004004033308261
B2152052024186S07008211WA0046600464004004031306259
B2152062024184S07008214WA0046700465004004024291251
B2152072024184S07008218WA0046700467004003024264238
B2152082024184S07008220WA0046700468004003019264225
B2152092024184S07008221WA0046800468004003012264213
B2152102024184S07008222WA0046900468004003005194202
B2152112024186S07008222WA0047100468004003012187183
B2152122024187S07008223WA0047100468004003012186183
B2152132024189S07008223WA0047200472004004011162176
B2152142024190S07008221WA0047200474004004011134171
B2152152024190S07008219WA0047300474004004011088161
B2152162024191S07008216WA0047400474004004019100139
B2152172024192S07008213WA0047500473004004023111145
B2152182024193S07008210WA0047600472004004021104147
B2152192024193S07008206WA0047700472004004023088138
B2152202024191S07008201WA0047700470004004027075124
B2152212024190S07008197WA0047600469004006028072111
B2152222024191S07008194WA0047600471004004028102131
B2152232024191S07008192WA0047600470004004017144161
B2152242024193S07008194WA0047600473004003017226185
B2152252024194S07008195WA0047600475004004013252203
B2152262024192S07008198WA0047600478004004029299232
B2152272024189S07008202WA0047600479004003033311255
B2152282024185S07008206WA0047700481004003033317267
B2152292024181S07008209WA0047800484004003036330280
B2152302024177S07008210WA0047900486004003036343303
B2152312024172S07008213WA0048100487004004033332324
B2152322024166S07008214WA0048300485004004041350309
B2152332024159S07008216WA0048400484004004041343323
B2152342024153S07008218WA0048600485004004045342318
B2152352024146S07008220WA0048700486004004045347312
B2152362024140S07008221WA0048700486004003040351322
B2152372024133S07008223WA0048700486004003043343321
B2152382024127S07008225WA0048700486004003043344304
B2152392024121S07008228WA0048700490004003043326312
B2152402024117S07008232WA0048800492004003043325282
B2152412024116S07008235WA0048900492004003023286263
B2152422024115S07008237WA0049000492004003023255230
B2152432024116S07008239WA0049000493004003015239206
B2152442024117S07008240WA0049200495004003012191192
B2152452024119S07008241WA0049400495004004011217177
B2152462024120S07008238WA0049600496004004018107168
B2152472024120S07008235WA0049700497004004021094139
B2152482024120S07008231WA0049800495004004020088130
B2152492024119S07008228WA0049800494004003021076127
B2152502024119S07008224WA0049900495004003022088126
B2152512024119S07008221WA0050000494004003023082129
B2152522024118S07008216WA0050000496004003029087128
B2152532024118S07008212WA0050100496004003029088123
B2152542024118S07008207WA0050100498004003029094139
B2152552024119S07008204WA0050100499004003026099144
B2152562024121S07008201WA0050100500004003020127152
B2152572024122S07008199WA0050200502004003020121163
B2152582024123S07008196WA0050300505004003020119151
B2152592024125S07008193WA0050400506004004018117152
B2153002024126S07008190WA0050600508004004019105150
B2153012024126S07008188WA0050800510004004015089139
B2153022024126S07008184WA0051000510004003018097141
B2153032024127S07008181WA0051200510004003018103152
B2153042024128S07008178WA0051400511004004019111151
B2153062024129S07008175WA0051500513004003019109146
B2153072024130S07008172WA0051600513004004019101151
B2153082024130S07008167WA0051700518004004017103151
B2153102024131S07008166WA0051800519004003015129164
B2153112024134S07008165WA0052000523004003012219194
B2153122024135S07008167WA0052200525004003012254204
B2153132024135S07008169WA0052300527004003015281222
B2153142024133S07008172WA0052500529004003020299238
B2153152024132S07008175WA0052600529004003024304247
B2153162024128S07008178WA0052700530004003035315265
B2153172024124S07008182WA0052800530004003035314268
B2153182024121S07008187WA0052900531004003035309268
B2153192024118S07008190WA0053000532004003035306255
B2153202024115S07008194WA0053000532004003027303249
B2153212024114S07008198WA0053000530004003027286224
B2153222024114S07008201WA0053000528004003022268232
B2153232024114S07008202WA0053000527004003017211208
B2153242024115S07008202WA0053000526004003014133183
B2153252024116S07008199WA0053000524004003022102161
B2153262024117S07008196WA0052900524004004027101144
B2153272024119S07008192WA0052800523004004023115143
B2153282024120S07008190WA0052700521004003023136153
B2153292024123S07008189WA0052600521004003017175161
B2153302024125S07008189WA0052500521004003014165175
B2153312024126S07008188WA0052400521004003014133169
B2153322024128S07008186WA0052400520004003014119162
B2153332024129S07008185WA0052400519004003013134167
B2153342024131S07008184WA0052400520004004014151182
B2153352024133S07008184WA0052300519004003017202189
B2153362024135S07008185WA0052300520004004017222196
B2153372024136S07008186WA0052300521004003011217218
B2153382024137S07008187WA0052300521004003011219219
B2153392024138S07008189WA0052300522004004011243198
B2153402024139S07008191WA0052300524004004018237209
B2153412024141S07008194WA0052400525004004018247213
B2153422024141S07008196WA0052400526004004015250212
B2153432024141S07008197WA0052500527004004011256208
B2153442024142S07008199WA0052700523004003011251221
B2153452024143S07008201WA0052800522004003020236223
B2153462024144S07008203WA0052900521004003020238212
B2153472024145S07008206WA0052900519004004018247223
B2153482024146S07008208WA0052800519004004018253225
B2153492024147S07008211WA0052700519004004018264226
B2153502024147S07008214WA0052600518004003020266222
B2153512024147S07008218WA0052500519004003023261229
B2153522024148S07008221WA0052400521004003023260227
B2153532024148S07008225WA0052400522004003023268227
B2153542024147S07008228WA0052400524004003022285227
B2153552024146S07008232WA0052500526004003021296231
B2153562024145S07008234WA0052600527004003021292239
B2153572024144S07008238WA0052800527004003021287230
B2153582024143S07008242WA0052800526004003023283232
B2153592024143S07008245WA0052900528004003023269224
B2154002024142S07008248WA0053000529004003015285220
B2154012024142S07008250WA0053100530004003015298210
B2154022024142S07008252WA0053200530004003013288213
B2154032024142S07008252WA0053200530004003008225204
B2154042024144S07008253WA0053300529004003008198188
B2154052024145S07008253WA0053300529004003010172183
B2154062024146S07008251WA0053300530004003015118165
B2154072024147S07008250WA0053400531004006013119150
B2154082024147S07008245WA0053400531004004015090149
B2154092024148S07008242WA0053400530004003021111147
B2154102024149S07008238WA0053400531004004027104157
B2154112024150S07008237WA0053400532004004027127150
B2154122024151S07008234WA0053400531004004020104158
B2154132024152S07008230WA0053400530004004020108147
B2154142024153S07008226WA0053300529004006025115149
B2154152024155S07008223WA0053300530004004023128143
B2154162024157S07008221WA0053300530004003023130155
B2154172024158S07008219WA0053200529004003015118156
B2154182024159S07008217WA0053100529004003015114159
B2154192024160S07008214WA0053000529004003017112145
B2154202024161S07008212WA0053000528004003018111140
B2154212024162S07008209WA0052900528004003019090142
B2154222024161S07008205WA0052900528004003019085137
B2154232024161S07008202WA0053000527004003022081122
B2154242024161S07008199WA0053000526004003022091131
B2154252024161S07008195WA0052900523004004024096142
B2154262024163S07008192WA0052900524004003024122149
B2154272024164S07008191WA0052900525004003018162165
B2154282024166S07008192WA0052800525004003014224187
B2154292024167S07008193WA0052800525004003014245209
B2154302024166S07008196WA0052700524004003027284228
B2154312024164S07008200WA0052700523004003028306248
B2154322024160S07008204WA0052700521004003028322271
B2154332024153S07008207WA0052600522004003046340296
B2154342024146S07008210WA0052600523004003050343317
B2154352024138S07008209WA0052600524004003054356335
B2154362024131S07008209WA0052600528004004054001003
B2154372024124S07008209WA0052600529004004048003341
B2154382024117S07008209WA0052700530004004043002339
B2154392024111S07008210WA0052800527004003043351321
B2154402024105S07008213WA0053000525004003047328308
B2154412024100S07008216WA0053000523004003047326283
B2154422024098S07008221WA0053000521004004042304269
B2154432024100S07008225WA0053000521004004033220251
B2154442024103S07008227WA0052900523004004024196196
B2154452024105S07008224WA0052800525004004023127176
B2154462024106S07008222WA0052700528004004023115154
B2154472024108S07008220WA0052700528004004019116158
B2154482024108S07008218WA0052800528004004015116151
B2154492024110S07008216WA0052900528004004015124162
B2154502024112S07008213WA0052900529004004023126147
B2154512024113S07008210WA0053000531004004023112153
B2154522024114S07008207WA0053100533004004022105144
B2154532024114S07008205WA0053200534004003018097143
B2154542024115S07008203WA0053300533004003012123150
B2154552024116S07008201WA0053400533004004014117159
B2154562024118S07008199WA0053500532004004019127154
B2154572024119S07008197WA0053700534004004016114148
B2154582024120S07008194WA0053700535004004019103144
B2154592024120S07008191WA0053800537004004017093155
B2155002024121S07008189WA0053900538004004016105140
B2155012024122S07008186WA0053900539004004019124152
B2155022024124S07008184WA0054000541004006018137155
B2155032024127S07008183WA0054100543004006019146163
B2155042024128S07008181WA0054200544004006018132155
B2155052024129S07008179WA0054300547004004013115152
B2155062024131S07008177WA0054400547004006014125152
B2155072024132S07008175WA0054600547004006014117159
B2155082024133S07008173WA0054600546004004014133157
B2155092024135S07008172WA0054700546004004015136158
B2155102024137S07008170WA0054800547004004016134164
B2155112024138S07008168WA0054900547004003020122164
B2155122024139S07008165WA0054900546004003018114151
B2155132024140S07008163WA0054900546004003018112154
B2155142024141S07008162WA0054900546004003010124158
B2155152024142S07008160WA0054900545004003015131162
B2155162024144S07008157WA0054900544004003015121160
B2155172024145S07008154WA0054800544004003021108157
B2155182024145S07008152WA0054800544004003021103147
B2155192024147S07008150WA0054700545004003010116154
B2155202024148S07008148WA0054700545004003010144174
B2155212024149S07008146WA0054600544004003010145169
B2155222024151S07008145WA0054600544004003016137158
B2155232024152S07008143WA0054500544004003016118153
B2155242024153S07008141WA0054500544004003016112146
B2155252024154S07008138WA0054500543004003016099146
B2155262024155S07008136WA0054500542004003016113144
B2155272024156S07008134WA0054500542004003016117148
B2155282024157S07008132WA0054400542004003016124150
B2155292024159S07008129WA0054400541004003017127150
B2155302024160S07008127WA0054400541004003017121156
B2155312024161S07008124WA0054400540004003017111148
B2155322024162S07008121WA0054300540004003022102135
B2155332024163S07008117WA0054300541004004025097138
B2155342024163S07008114WA0054200540004004025101144
B2155352024164S07008110WA0054200540004003024108142
B2155362024166S07008108WA0054200541004003022114150
B2155372024167S07008105WA0054200541004003018120150
B2155382024168S07008103WA0054200542004003018123154
B2155392024170S07008100WA0054200542004003019123147
B2155402024171S07008098WA0054300542004003018122142
B2155412024172S07008095WA0054300543004003019112142
B2155422024174S07008092WA0054300542004004018108135
B2155432024174S07008090WA0054300544004004016095133
B2155442024175S07008088WA0054300545004003016115139
B2155452024176S07008087WA0054400545004003012176159
B2155462024178S07008087WA0054500545004003012204184
B2155472024180S07008089WA0054600544004003018239197
B2155482024181S07008093WA0054700544004003029271216
B2155492024179S07008097WA0054700544004003041299244
B2155502024176S07008102WA0054700542004003039309267
B2155512024171S07008106WA0054700545004003041326279
B2155522024167S07008110WA0054600545004003039326288
B2155532024162S07008113WA0054600545004003034326287
B2155542024158S07008116WA0054600544004003037324292
B2155552024153S07008120WA0054600543004003037330302
B2155562024146S07008123WA0054500543004003045341312
B2155572024139S07008125WA0054500543004003047350325
B2155582024133S07008127WA0054400542004003045350338
B2155592024126S07008129WA0054400542004003045343329
B2156002024120S07008131WA0054400540004003045341311
B2156012024114S07008134WA0054300540004003044324298
B2156022024109S07008138WA0054200540004003044318289
B2156032024105S07008143WA0054200540004003036309274
B2156042024102S07008147WA0054200540004003036297257
B2156052024101S07008150WA0054100540004003029283239
B2156062024101S07008154WA0054000539004003024265224
B2156072024101S07008156WA0054000538004003020246207
B2156082024102S07008158WA0054000537004003011214197
B2156092024103S07008158WA0053900536004003012156181
B2156102024105S07008156WA0053900534004003012122161
B2156112024105S07008153WA0053900534004003018099146
B2156122024106S07008150WA0053800533004004023095132
B2156132024106S07008146WA0053600533004004025084124
B2156142024105S07008143WA0053500533004004025081127
B2156152024106S07008139WA0053500531004006023096133
B2156162024106S07008135WA0053400529004004023100137
B2156172024108S07008132WA0053300530004004023115146
B2156182024108S07008129WA0053200529004004023107146
B2156192024110S07008126WA0053200530004004023110146
B2156202024111S07008123WA0053200530004006021114155
B2156212024113S07008121WA0053100529004004017151160
B2156222024115S07008119WA0053100529004004017151177
B2156232024117S07008118WA0053100529004003018147183
B2156242024119S07008116WA0053000529004004018145179
B2156252024121S07008116WA0053000528004004015176181
B2156262024123S07008117WA0052900528004004015211179
B2156272024125S07008118WA0052900528004004017217209
B2156282024127S07008119WA0052900527004003017210190
B2156292024129S07008120WA0052800526004003017194189
B2156302024130S07008121WA0052700526004004013183176
B2156312024132S07008120WA0052700525004003013158177
B2156322024135S07008120WA0052700526004003016172170
B2156332024137S07008120WA0052600527004003015180178
B2156342024139S07008120WA0052600528004003015174181
B2156352024141S07008119WA0052600528004003013160190
B2156362024143S07008119WA0052600527004003013163177
B2156372024146S07008119WA0052600527004003016185182
B2156382024149S07008119WA0052600528004003018182187
B2156392024151S07008119WA0052600531004003018184193
B2156402024153S07008119WA0052600533004003018180181
B2156412024154S07008118WA0052600532004003012178170
B2156422024156S07008118WA0052800531004003012180199
B2156432024159S07008118WA0052800531004003022184179
B2156442024162S07008118WA0052900531004003022185190
B2156452024164S07008119WA0053000535004003019181187
B2156462024166S07008119WA0053100537004003014182188
B2156472024166S07008119WA0053100538004003007197186
B2156482024167S07008120WA0053200539004003009198189
B2156492024170S07008120WA0053400539004003017195190
B2156502024171S07008121WA0053500542004004014185180
B2156512024174S07008120WA0053500545004003016158177
B2156522024176S07008120WA0053700548004003014147171
B2156532024177S07008119WA0053900547004003006148172
B2156542024178S07008118WA0054100548004003010156186
B2156552024180S07008118WA0054100547004003010168177
B2156562024182S07008117WA0054300546004003015149171
B2156572024184S07008116WA0054400546004003015151159
B2156582024186S07008114WA0054600545004003017135141
B2156592024186S07008110WA0054600545004003020110133
B2157002024187S07008106WA0054700545004003020095135
B2157012024188S07008102WA0054800545004003027101122
B2157022024188S07008097WA0054800545004003028098125
B2157032024189S07008093WA0054800547004003030094127
B2157042024189S07008088WA0054900548004003030094122
B2157052024189S07008084WA0054900548004004027092134
B2157062024190S07008081WA0054900547004004027099131
B2157072024190S07008078WA0054900548004003019111141
B2157082024192S07008075WA0055000550004004020119153
B2157092024195S07008072WA0055100551004004025134150
B2157102024196S07008069WA0055100552004003025116151
B2157112024197S07008065WA0055100552004003025102141
B2157122024198S07008062WA0055200553004003023100133
B2157132024199S07008059WA0055300552004003019112142
B2157142024200S07008056WA0055400552004003021114147
B2157152024202S07008053WA0055400553004003021109144
B2157162024202S07008049WA0055400553004003024098138
B2157172024203S07008046WA0055500554004003025095130
B2157182024203S07008042WA0055500555004003025092142
B2157192024203S07008037WA0055500555004003025096136
B2157202024204S07008035WA0055600556004003025111147
B2157212024206S07008032WA0055600558004004021118160
B2157222024207S07008030WA0055700559004004021131160
B2157232024208S07008029WA0055700562004004014163173
B2157242024210S07008029WA0055800565004004012192194
B2157252024211S07008030WA0055900566004003012242205
B2157262024211S07008032WA0056000568004003020279220
B2157272024209S07008035WA0056000568004003026303245
B2157282024207S07008038WA0056200569004003026312260
B2157292024204S07008041WA0056300569004003028315269
B2157302024202S07008044WA0056400569004003024316266
B2157312024199S07008047WA0056400570004003024309263
B2157322024197S07008051WA0056500569004003024313263
B2157332024194S07008055WA0056600569004003028307265
B2157342024191S07008058WA0056700569004003030319271
B2157352024186S07008061WA0056700570004003038331286
B2157362024181S07008063WA0056700571004003040340301
B2157372024176S07008066WA0056700572004003038342304
B2157382024170S07008068WA0056800573004003038337305
B2157392024165S07008070WA0056800572004003036336293
B2157402024160S07008073WA0056800571004003036334300
B2157412024156S07008075WA0056800571004003037333298
B2157422024150S07008077WA0056900571004003037339294
B2157432024146S07008080WA0056900570004003037336298
B2157442024141S07008082WA0056900570004003034335285
B2157452024136S07008085WA0056900569004003037326291
B2157462024131S07008089WA0056900569004003042324292
B2157472024126S07008092WA0056900569004003042327291
B2157482024121S07008096WA0056900570004003042330293
B2157492024117S07008099WA0056900570004003037327295
B2157502024113S07008102WA0056900569004003032319274
B2157512024110S07008106WA0056900568004003032306268
B2157522024108S07008110WA0056900567004003031304254
B2157532024107S07008113WA0056900567004003027283245
B2157542024107S07008115WA0056900564004003019243223
B2157552024108S07008116WA0056900564004003014190199
B2157562024110S07008116WA0056900563004004014169182
B2157572024111S07008115WA0056800562004003014128170
B2157582024113S07008112WA0056700562004004020114150
B2157592024114S07008109WA0056700560004004021104141
B2158002024114S07008105WA0056500558004004025091127
B2158012024115S07008101WA0056400558004004025094139
B2158022024115S07008098WA0056300557004004022092133
B2158032024115S07008094WA0056200556004004022095138
B2158042024115S07008090WA0056200556004004024097137
B2158052024116S07008086WA0056200557004004025098140
B2158062024116S07008083WA0056100558004004025093148
B2158072024117S07008080WA0056100559004003022110148
B2158082024118S07008077WA0056100560004004017121164
B2158092024120S07008076WA0056100559004004016146166
B2158102024121S07008075WA0056100559004006012150179
B2158112024122S07008074WA0056100560004004012137175
B2158122024123S07008073WA0056100561004004009126160
B2158132024124S07008073WA0056100560004004009146179
B2158142024126S07008072WA0056100558004004009166176
B2158152024129S07008071WA0056100556004004021168174
B2158162024132S07008070WA0056100557004004021157174
B2158172024134S07008069WA0056000557004004017143172
B2158182024134S07008068WA0055900558004003015121161
B2158192024135S07008066WA0055900557004003011129160
B2158202024136S07008065WA0055900557004003011140162
B2158212024138S07008064WA0055800557004003015145166
B2158222024140S07008062WA0055800556004004015142159
B2158232024142S07008060WA0055800557004004017131161
B2158242024144S07008057WA0055800557004004019127159
B2158252024145S07008055WA0055800558004003018121158
B2158262024146S07008053WA0055800559004003018120159
B2158272024148S07008050WA0055800560004003017124161
B2158282024149S07008048WA0055800560004003017132161
B2158292024151S07008047WA0055800560004003015139168
B2158302024152S07008045WA0055800561004003015135170
B2158312024154S07008043WA0055900561004004015132165
B2158322024155S07008042WA0055900560004003013133161
B2158332024157S07008041WA0055900560004003013136168
B2158342024159S07008039WA0056000560004003014140166
B2158352024160S07008037WA0056000561004003016140167
B2158362024162S07008036WA0056000561004004016126163
B2158372024163S07008033WA0056000562004004016122160
B2158382024165S07008031WA0056000562004004017125159
B2158392024166S07008028WA0056000563004003017112158
B2158402024168S07008026WA0056000562004003017118151
B2158412024169S07008023WA0056000562004004017116155
B2158422024171S07008022WA0056100564004003017138163
B2158432024173S07008021WA0056200565004003013149171
B2158442024174S07008020WA0056200567004003013177175
B2158452024175S07008021WA0056200568004003009202196
B2158462024177S07008021WA0056300568004003012215188
B2158472024178S07008022WA0056400569004003010228197
B2158482024179S07008023WA0056400569004003011209197
B2158492024181S07008024WA0056500570004003011203183
B2158502024182S07008025WA0056700570004003012213186
B2158512024184S07008026WA0056800570004003012205188
B2158522024186S07008027WA0056800570004003012205188
B2158532024188S07008027WA0056800569004003012197183
B2158542024189S07008028WA0056900569004003012195182
B2158552024191S07008028WA0056900569004003012194188
B2158562024193S07008029WA0056900569004003013195184
B2158572024195S07008029WA0056900569004003013191188
B2158582024197S07008030WA0056900569004003013188185
B2158592024199S07008030WA0056900571004004013189188
B2159002024201S07008030WA0056900571004006013191178
B2159012024203S07008030WA0056900572004004015177167
B2159022024204S07008027WA0056900572004004015124154
B2159032024206S07008025WA0056900572004003019112146
B2159042024207S07008022WA0056900570004003020113145
B2159052024209S07008020WA0056900570004003019125153
B2159062024212S07008019WA0056900568004003019155170
B2159072024214S07008018WA0056900567004003018165178
B2159082024217S07008018WA0056900569004003018189184
B2159092024219S07008019WA0056900568004003017225196
B2159102024220S07008023WA0056900568004003026262224
B2159112024219S07008027WA0056800568004003032278237
B2159122024217S07008031WA0056800572004003032298250
B2159132024213S07008035WA0056800573004003033323268
B2159142024208S07008039WA0056800575004003041332290
B2159152024203S07008042WA0056800577004003039336305
B2159162024198S07008044WA0056800579004003039336309
B2159172024193S07008047WA0056900580004003037337314
B2159182024188S07008049WA0057100582004003037341326
B2159192024181S07008050WA0057200583004003039349319
B2159202024176S07008052WA0057200585004003038348337
B2159212024171S07008053WA0057400584004004038349337
B2159222024164S07008054WA0057600587004003038350330
B2159232024158S07008055WA0057800589004003041348314
B2159242024152S07008056WA0057800591004003038347312
B2159252024148S07008059WA0058000591004003038317304
B2159262024145S07008062WA0058200592004003031321276
B2159272024143S07008066WA0058400594004003030283274
B2159282024142S07008070WA0058400597004003028279252
B2159292024142S07008074WA0058600599004003024277237
B2159302024141S07008077WA0058800602004003024279242
B2159312024141S07008080WA0059000604004003020263237
B2159322024141S07008083WA0059000606004003018267218
B2159332024142S07008086WA0059200606004003019255218
B2159342024143S07008088WA0059500609004003019242215
B2159352024144S07008089WA0059700609004003016211210
B2159362024145S07008089WA0059700609004003012151195
B2159372024147S07008088WA0060000608004003012137168
B2159382024149S07008085WA0060200609004003023125161
B2159392024150S07008082WA0060400609004003023116141
B2159402024151S07008078WA0060400608004003023104131
B2159412024152S07008074WA0060500608004004029093129
B2159422024153S07008070WA0060600608004003029104128
B2159432024154S07008066WA0060600608004003023113141
B2159442024157S07008064WA0060600609004003023147150
B2159452024158S07008063WA0060600611004003019152154
B2159462024160S07008062WA0060700611004003016159169
B2159472024162S07008061WA0060700611004003015151174
B2159482024164S07008060WA0060700610004003015161172
B2159492024167S07008059WA0060800610004003016173181
B2159502024169S07008060WA0060800609004004016195198
B2159512024170S07008062WA0060800606004003016249208
B2159522024171S07008064WA0060800605004004016262230
B2159532024169S07008068WA0060800605004004029299255
B2159542024166S07008072WA0060800606004004030304268
B2159552024162S07008076WA0060700607004004030312278
B2159562024159S07008079WA0060700608004004030318294
B2159572024155S07008082WA0060700607004003031319293
B2159582024151S07008086WA0060700606004003035315292
B2159592024148S07008090WA0060700607004003038312281
B2200002024144S07008093WA0060700608004003035321267
B2200012024141S07008097WA0060700610004003034312273
B2200022024139S07008100WA0060700610004003029288267
B2200032024138S07008104WA0060700610004004021280231
B2200042024139S07008106WA0060700608004003021230221
B2200052024140S07008108WA0060700608004004017233200
B2200062024142S07008109WA0060700607004003017187201
B2200072024144S07008109WA0060700606004003016171194
B2200082024145S07008107WA0060700606004003017124168
B2200092024147S07008105WA0060600605004003021120161
B2200102024148S07008102WA0060600604004003021121143
B2200112024150S07008099WA0060500604004004022110138
B2200122024151S07008094WA0060500602004004026106133
B2200132024152S07008089WA0060500601004004036098115
B2200142024151S07008084WA0060500600004006036091108
B2200152024151S07008078WA0060500601004004036084109
B2200162024149S07008072WA0060500603004004037065089
B2200172024147S07008067WA0060400605004004037065084
B2200182024145S07008062WA0060400606004003033070097
B2200192024144S07008057WA0060500605004003033079111
B2200202024144S07008052WA0060500608004003033089119
B2200212024143S07008048WA0060500609004003032087120
B2200222024143S07008043WA0060600610004004029089127
B2200232024143S07008039WA0060700611004004029087125
B2200242024143S07008035WA0060700611004003029085118
B2200252024143S07008032WA0060900611004004023095132
B2200262024144S07008028WA0061000613004003023112148
B2200272024146S07008025WA0061100615004004023124144
B2200282024148S07008023WA0061100618004003015133143
B2200292024149S07008022WA0061200619004004015154159
B2200302024150S07008021WA0061300620004003011174189
B2200312024153S07008021WA0061400620004003011170177
B2200322024155S07008021WA0061400619004003019179174
B2200332024158S07008021WA0061400619004004015193174
B2200342024159S07008022WA0061500621004004015201187
B2200352024161S07008023WA0061600619004003014223180
B2200362024163S07008024WA0061600617004003014206190
B2200372024165S07008025WA0061600618004003018193191
B2200382024168S07008025WA0061600617004003017176179
B2200392024169S07008025WA0061600618004003017136173
B2200402024171S07008024WA0061600617004003009164139
B2200412024172S07008022WA0061600614004003009118146
B2200422024174S07008019WA0061500612004004017123145
B2200432024176S07008015WA0061500613004003033119137
B2200442024177S07008011WA0061500613004003033106135
B2200452024177S07008008WA0061300615004004023090121
B2200462024177S07008005WA0061300615004004021087121
B2200472024178S07008001WA0061300614004003020101133
B2200482024179S07007999WA0061300614004003017132154
B2200492024181S07007999WA0061300613004003017187173
B2200502024183S07008001WA0061300612004003017234206
B2200512024184S07008005WA0061300611004003025264228
B2200522024183S07008010WA0061300612004003032294251
B2200532024179S07008014WA0061300611004003043320275
B2200542024173S07008018WA0061300611004003048335302
B2200552024167S07008020WA0061200612004003043337316
B2200562024162S07008021WA0061200614004003042344328
B2200572024157S07008023WA0061100613004003034354334
B2200582024151S07008023WA0061100611004003037356324
B2200592024146S07008024WA0061100610004003039350338
B2201002024140S07008025WA0061100610004003039352325
B2201012024134S07008026WA0061000609004003039352324
B2201022024128S07008027WA0061000608004003037347325
B2201032024123S07008029WA0061000607004003037344321
B2201042024118S07008031WA0061000604004004040338320
B2201052024112S07008034WA0060900603004004040333292
B2201062024107S07008037WA0060700601004004040331292
B2201072024103S07008040WA0060500603004003038324287
B2201082024099S07008044WA0060500602004004034318272
B2201092024096S07008048WA0060400600004004037313272
B2201102024092S07008052WA0060300603004003037316277
B2201112024087S07008055WA0060100604004003037331292
B2201122024082S07008058WA0060100604004003037338308
B2201132024077S07008061WA0060100605004003037338311
B2201142024072S07008063WA0060100604004003039336323
B2201152024067S07008066WA0060100604004003039333295
B2201162024061S07008069WA0060100603004003042332303
B2201172024055S07008072WA0060100603004003043331305
B2201182024050S07008075WA0060100602004003039331301
B2201192024045S07008078WA0060100601004003039330294
B2201202024040S07008081WA0060100600004003037324296
B2201212024035S07008085WA0060100598004003037320287
B2201222024030S07008089WA0060000597004003042319292
B2201232024025S07008094WA0059900597004003043319278
B2201242024021S07008098WA0059900598004003043321279
B2201252024017S07008102WA0059800599004003035311275
B2201262024014S07008106WA0059700598004003033304262
B2201272024011S07008110WA0059600597004003033304262
B2201282024008S07008114WA0059600597004003033303248
B2201292024006S07008118WA0059600596004003033288253
B2201312024006S07008123WA0059600596004003032265231
B2201332024008S07008128WA0059600594004004014222194
B2201342024010S07008127WA0059600594004004014145178
B2201352024011S07008126WA0059500594004004013111160
B2201362024011S07008124WA0059500594004004013114136
B2201372024012S07008122WA0059400595004003014104153
B2201382024012S07008120WA0059400595004004014098145
B2201392024013S07008118WA0059300594004003012109147
B2201402024014S07008117WA0059300594004003012118158
B2201412024015S07008114WA0059300594004003017116154
B2201422024016S07008112WA0059300595004003018122152
B2201432024017S07008110WA0059300596004003018116157
B2201442024018S07008108WA0059300597004003018098151
B2201452024018S07008105WA0059300598004003014079143
B2201462024019S07008103WA0059300597004003015100155
B2201472024021S07008099WA0059500598004003017133174
B2201482024022S07008098WA0059500601004004017128154
B2201492024023S07008097WA0059500603004003008129167
B2201502024023S07008097WA0059600604004003002129173
B2201512024023S07008098WA0059800601004003006129185
B2201522024024S07008098WA0059900601004003006185177
B2201532024025S07008098WA0059900599004003006151173
B2201542024026S07008097WA0060000600004003010152168
B2201552024027S07008096WA0060100602004003012140160
B2201562024028S07008095WA0060200603004003012131154
B2201572024029S07008093WA0060200603004004012122155
B2201582024030S07008092WA0060200600004003010113154
B2201592024030S07008090WA0060200600004003010111155
B2202002024031S07008089WA0060200599004003011121163
B2202012024032S07008088WA0060200598004003013138168
B2202022024034S07008086WA0060200597004004013146162
B2202032024036S07008085WA0060200596004004014146159
B2202042024037S07008083WA0060100597004003015131151
B2202052024038S07008081WA0060100599004003017119145
B2202062024039S07008077WA0060100599004003018108146
B2202072024039S07008075WA0060000600004003017101154
B2202082024040S07008073WA0060000601004003016112151
B2202092024041S07008071WA0060000601004003015116164
B2202102024042S07008070WA0060000602004003010141166
B2202112024043S07008069WA0060100602004003010155164
B2202122024044S07008068WA0060200603004003010156175
B2202132024045S07008068WA0060200602004003010155172
B2202142024047S07008067WA0060200602004003010152163
B2202152024048S07008066WA0060300602004003011149163
B2202162024049S07008065WA0060300603004003012151166
B2202172024051S07008065WA0060300603004003011191175
B2202182024053S07008066WA0060300603004003012219196
B2202192024054S07008071WA0060300603004003012259215
B2202202024053S07008076WA0060300604004003037280238
B2202212024051S07008081WA0060300605004003037295246
B2202222024048S07008085WA0060200605004003037313257
B2202232024044S07008089WA0060200605004003037315283
B2202242024038S07008093WA0060300604004003039325303
B2202252024033S07008097WA0060300603004003044330308
B2202262024027S07008100WA0060300604004003044331324
B2202272024022S07008104WA0060300606004003044329303
B2202282024017S07008107WA0060300606004003041322283
B2202292024013S07008112WA0060300607004003038306285
B2202302024010S07008117WA0060300609004003036287260
B2202312024009S07008121WA0060400611004003036273237
B2202322024009S07008124WA0060500612004003026271219
B2202332024009S07008126WA0060500612004003017245205
B2202342024011S07008127WA0060600613004003012203193
B2202352024012S07008128WA0060700612004003009189175
B2202362024014S07008127WA0060800612004003013149168
B2202372024015S07008125WA0060800611004003013126155
B2202382024016S07008122WA0060900611004003018105146
B2202392024016S07008119WA0060900611004004021092132
B2202402024016S07008116WA0060900610004003020084134
B2202412024017S07008114WA0060900610004003020088134
B2202422024017S07008111WA0060900610004003016104136
B2202432024018S07008108WA0060900609004003016109152
B2202442024018S07008105WA0060900608004003018110141
B2202452024019S07008103WA0060900609004003018113143
B2202462024020S07008100WA0060800610004003018105142
B2202472024021S07008098WA0060800609004003015107149
B2202482024021S07008095WA0060800609004003015105149
B2202492024022S07008093WA0060800608004003017111146
B2202502024023S07008091WA0060800607004003015112153
B2202512024023S07008089WA0060800608004003015113155
B2202522024024S07008087WA0060800608004003014116152
B2202532024026S07008085WA0060800607004003014123149
B2202542024028S07008082WA0060800607004003016130155
B2202552024029S07008079WA0060700609004003021121154
B2202562024031S07008077WA0060700610004003021117144
B2202572024031S07008075WA0060700612004003017103153
B2202582024032S07008073WA0060800613004003011113165
B2202592024033S07008071WA0060900613004003011123150
B2203002024035S07008070WA0061000614004003018140159
B2203012024037S07008068WA0061000614004003021145165
B2203022024039S07008066WA0061100614004003018136151
B2203032024041S07008065WA0061200614004003017136151
B2203042024043S07008063WA0061300614004003014141155
B2203052024045S07008062WA0061300613004003017142171
B2203062024047S07008060WA0061400614004003021141156
B2203072024049S07008058WA0061400614004003017135162
B2203082024051S07008056WA0061400615004004018129165
B2203092024052S07008055WA0061400616004003017137160
B2203102024054S07008053WA0061500617004003015146161
B2203112024056S07008052WA0061500617004003015153156
B2203122024058S07008051WA0061500617004003015139167
B2203132024060S07008049WA0061500617004003016129149
B2203142024062S07008046WA0061600617004003019119145
B2203152024063S07008043WA0061600617004003020118146
B2203162024064S07008040WA0061700617004003020118151
B2203172024066S07008038WA0061700617004003017126154
B2203182024067S07008036WA0061700618004003016138164
B2203192024069S07008035WA0061700616004003016143160
B2203202024071S07008033WA0061700615004003019139158
B2203212024073S07008030WA0061700615004003022130155
B2203222024075S07008028WA0061600615004003020125152
B2203232024077S07008025WA0061500616004003020132161
B2203242024079S07008023WA0061500617004003020137157
B2203252024081S07008021WA0061500619004003019136159
B2203262024084S07008019WA0061500622004003019136169
B2203272024085S07008017WA0061500624004003019137169
B2203282024087S07008016WA0061600626004003016158174
B2203292024090S07008015WA0061600626004003016151184
B2203302024092S07008013WA0061800627004003022150178
B2203312024095S07008011WA0061900630004003022136162
B2203322024096S07008009WA0062100631004003019124168
B2203332024098S07008007WA0062100632004003018145156
B2203342024101S07008007WA0062300632004003018172174
B2203362024104S07008006WA0062500635004003018184177
B2203372024106S07008006WA0062600636004003018179182
B2203382024108S07008006WA0062600638004003015174199
B2203392024110S07008006WA0062800640004003012175172
B2203402024112S07008006WA0063000640004003012196186
B2203412024114S07008007WA0063100641004003013202192
B2203422024115S07008008WA0063100642004003013203186
B2203432024117S07008008WA0063200642004003013202193
B2203442024119S07008009WA0063300643004003013200185
B2203452024121S07008009WA0063500644004003015188189
B2203462024124S07008010WA0063500645004003015184183
B2203472024126S07008010WA0063600646004003015176176
B2203482024128S07008009WA0063700646004003013165178
B2203492024129S07008009WA0063800647004003013174177
B2203502024132S07008009WA0063800648004003015177183
B2203512024134S07008009WA0064000648004003015185183
B2203522024136S07008009WA0064100648004003015189189
B2203532024138S07008010WA0064100647004003014192184
B2203542024140S07008010WA0064100646004003014190182
B2203552024143S07008011WA0064200645004003016185177
B2203562024149S07008010WA0064200643004003019170183
B2203572024151S07008010WA0064200643004003019164172
B2203582024153S07008009WA0064200642004003015171181
B2203592024156S07008009WA0064200640004003015179186
B2204002024157S07008010WA0064100640004003015208181
B2204012024159S07008010WA0064100640004003014197198
B2204022024161S07008011WA0064100640004003013201189
B2204032024162S07008012WA0064000640004003013213192
B2204042024164S07008014WA0064000640004003018235202
B2204052024166S07008016WA0064000640004003017228210
B2204062024167S07008018WA0064000639004003018230207
B2204072024169S07008021WA0064000639004003018233204
B2204082024171S07008023WA0063900638004003019227207
B2204092024173S07008025WA0063900638004003020229202
B2204102024175S07008028WA0063900637004003020229202
B2204112024177S07008029WA0063800635004003020210202
B2204122024179S07008031WA0063800634004003017210199
B2204132024181S07008032WA0063800635004003014199186
B2204142024183S07008032WA0063700634004003015196194
B2204152024185S07008033WA0063700634004004015197193
B2204162024188S07008033WA0063600633004003015191191
B2204172024190S07008033WA0063600633004003015181188
B2204182024192S07008033WA0063500631004003015176182
B2204192024194S07008033WA0063400631004003015177184
B2204202024196S07008033WA0063400631004003015178178
B2204212024199S07008033WA0063400630004003015184180
B2204222024201S07008034WA0063300629004003016183193
B2204232024203S07008034WA0063200630004004012180192
B2204242024205S07008034WA0063100628004004015178194
B2204252024208S07008033WA0063100626004003015182185
B2204262024212S07008034WA0063000623004003020179190
B2204272024216S07008034WA0062900622004003026178185
B2204282024219S07008034WA0062700623004003023178197
B2204292024222S07008034WA0062700624004003023198177
B2204302024225S07008035WA0062600627004003019197195
B2204312024228S07008036WA0062400628004003019197203
B2204322024231S07008037WA0062400629004003022196199
B2204332024235S07008039WA0062400630004003028204209
B2204342024239S07008041WA0062400631004003028203211
B2204352024242S07008043WA0062400634004003027207210
B2204362024246S07008044WA0062500635004003025199202
B2204372024250S07008045WA0062500637004003025190199
B2204382024254S07008045WA0062700637004003026183189
B2204392024257S07008045WA0062800637004003026182185
B2204402024262S07008046WA0062900637004003026183187
B2204412024266S07008046WA0062900637004003027187185
B2204422024269S07008047WA0063000638004003027185180
B2204432024273S07008047WA0063100637004003022185181
B2204442024276S07008048WA0063200636004003022194178
B2204452024279S07008049WA0063200635004003022202193
B2204462024283S07008051WA0063300634004003024200200
B2204472024287S07008052WA0063300633004003027196195
B2204482024291S07008053WA0063200632004003024190184
B2204492024293S07008052WA0063200634004003024172183
B2204502024296S07008053WA0063100634004003020180173
B2204512024300S07008053WA0063100633004003020182179
B2204522024304S07008053WA0063100633004003023188187
B2204532024308S07008054WA0063100633004003029190186
B2204542024312S07008054WA0063100634004003029187192
B2204552024316S07008055WA0063100635004003029187195
B2204562024319S07008056WA0063100637004003026193191
B2204572024322S07008057WA0063100638004003023208202
B2204582024325S07008060WA0063100640004003023233202
B2204592024327S07008062WA0063200641004004023230216
B2205002024330S07008064WA0063400640004004022213214
B2205012024333S07008066WA0063500640004004022203207
B2205022024336S07008067WA0063600638004004025203196
B2205032024340S07008069WA0063600638004004023197194
B2205042024343S07008070WA0063600637004004023201190
B2205052024346S07008071WA0063500636004003021190192
B2205062024349S07008072WA0063500633004003021191186
B2205072024353S07008072WA0063400632004003025189189
B2205082024357S07008073WA0063400631004003024194179
B2205092024360S07008074WA0063400629004003024194180
B2205102024363S07008075WA0063300628004003021185181
B2205112024366S07008075WA0063200628004003021180187
B2205122024369S07008075WA0063000625004004020178180
B2205132024372S07008075WA0062900627004003022190187
B2205142024375S07008075WA0062800626004003022195189
B2205152024378S07008076WA0062700625004003019190186
B2205162024381S07008076WA0062600623004003019177181
B2205172024384S07008076WA0062600621004004020179178
B2205182024388S07008076WA0062500620004004024180171
B2205192024391S07008076WA0062400617004004024182176
B2205202024395S07008076WA0062200620004003024178170
B2205212024398S07008076WA0062100619004003023175169
B2205222024402S07008075WA0062000619004003023158173
B2205232024405S07008075WA0062000618004004025174170
B2205242024410S07008075WA0061900616004004026174171
B2205252024413S07008074WA0061800615004004026170165
B2205262024417S07008073WA0061800614004004026166164
B2205272024421S07008072WA0061800615004003025171169
B2205282024424S07008072WA0061600614004004023175173
B2205292024428S07008072WA0061500613004004024191184
B2205302024431S07008072WA0061500613004003024177189
B2205312024435S07008073WA0061400611004004024189179
B2205322024438S07008073WA0061300609004004023186181
B2205332024441S07008073WA0061200609004004022184180
B2205342024445S07008074WA0061100608004004023184177
B2205352024449S07008074WA0061000607022004023178180
B2205362024453S07008074WA0060900606022003027180182
B2205372024457S07008073WA0060800606022003028176175
B2205382024461S07008073WA0060700606022003026173177
B2205392024465S07008073WA0060600607022003026172174
B2205402024469S07008073WA0060500608022004026175181
B2205422024473S07008072WA0060500609022004026172201
B2205432024476S07008071WA0060500610004004021165189
B2205442024478S07008071WA0060600609004004021168207
B2205452024481S07008071WA0060600608004004016180220
B2205462024483S07008069WA0060600607004004016150220
E220546PEVBackground
B2205472024485S07008069WA0060700603005006015162207
B2205482024491S07008071WA0060700605004004038198194
B2205492024495S07008072WA0060600606004003038187180
B2205502024498S07008073WA0060400607004004024184177
B2205512024500S07008074WA0060300605004004020210174
B2205522024501S07008076WA0060200603004004017222172
B2205532024504S07008077WA0060100600004004016224170
B2205542024508S07008078WA0060100597004003029185169
B2205552024516S07008080WA0059900597004003028191167
B2205562024519S07008080WA0059700596004003022190152
B2205572024523S07008081WA0059500594004003021184155
B2205582024526S07008081WA0059400592004003025179149
B2205592024530S07008081WA0059200591004003025184146
B2206002024534S07008082WA0059100588004004025187144
B2206012024537S07008082WA0059100590004004025176145
B2206022024541S07008082WA0059000589004004020175143
B2206032024544S07008081WA0058900589004004020171142
B2206042024547S07008081WA0058900588004003020177142
B2206052024550S07008081WA0058800587004004020184143
B2206062024554S07008081WA0058800586004003021176143
B2206072024557S07008081WA0058700585004003023175140
B2206082024560S07008081WA0058600584004003023173135
B2206092024563S07008080WA0058600583004003023170143
B2206102024567S07008079WA0058400582004003023171144
B2206112024570S07008080WA0058300582004003023182145
B2206122024574S07008080WA0058200581004003019190141
B2206132024576S07008081WA0058200580004003019195149
B2206142024578S07008081WA0058100579004003015185145
B2206152024581S07008081WA0058000576004004015183129
B2206162024584S07008080WA0058000572004003016168144
B2206172024587S07008080WA0057800571004003025165143
B2206182024591S07008079WA0057700569004003028170146
B2206192024594S07008079WA0057700569004003025178150
B2206202024598S07008078WA0057400569004003025181153
B2206212024600S07008077WA0057200569004003021169153
B2206222024602S07008077WA0057000569004003010141148
B2206232024604S07008076WA0056900567004003011158149
B2206242024606S07008076WA0056900566004003011175152
B2206252024609S07008076WA0056900565004003018180154
B2206262024612S07008076WA0056900565004004020185149
B2206272024616S07008076WA0056900566004004023179153
B2206282024618S07008076WA0056800567004006023178151
B2206292024620S07008076WA0056700567004006017191140
B2206302024623S07008076WA0056600565004004017189147
B2206312024626S07008077WA0056600563004004017182156
B2206322024630S07008076WA0056500562004004027172151
B2206332024634S07008076WA0056500562004004027180161
B2206342024637S07008077WA0056400562004004025187147
B2206352024641S07008077WA0056300562004004025186181
B2206362024645S07008077WA0056200561004004025180189
B2206372024650S07008077WA0056200561004004027179181
B2206382024654S07008076WA0056200562004004027165184
B2206392024657S07008076WA0056200562004004027163174
B2206402024661S07008074WA0056200564004004024162175
B2206412024664S07008073WA0056200563004004024158174
B2206422024667S07008072WA0056200562004006021154180
B2206432024670S07008071WA0056200559004006021163180
B2206442024673S07008070WA0056300565004006020169188
B2206452024676S07008070WA0056300565004006020180190
B2206462024679S07008070WA0056400565004004020179182
B2206472024682S07008070WA0056400564004004023181188
B2206482024686S07008070WA0056400565004004023182189
B2206492024689S07008070WA0056300564004004023184189
B2206502024692S07008070WA0056300564004003021187193
B2206512024695S07008071WA0056300562004004019188190
B2206522024698S07008071WA0056200561004004021187189
B2206532024702S07008071WA0056200560004004025185193
B2206542024705S07008072WA0056200559004003025185193
B2206552024709S07008073WA0056100560004003025192189
B2206562024712S07008074WA0056000560004003024199186
B2206572024715S07008074WA0055900559004003020197182
B2206582024718S07008075WA0055800559004003021193181
B2206592024721S07008076WA0055700556004003021187180
B2207002024725S07008076WA0055700556004003024182182
B2207012024729S07008076WA0055600555004003026185180
B2207022024733S07008077WA0055500554004003024189181
B2207032024736S07008078WA0055400553004003024193182
B2207042024739S07008078WA0055300551004003022190186
B2207052024742S07008078WA0055200549004003022183185
B2207062024746S07008079WA0055100546004003022183184
B2207072024750S07008079WA0055000544004003027174186
B2207082024754S07008079WA0054800544004003027185175
B2207092024757S07008079WA0054600544004003025180183
B2207102024760S07008079WA0054400541004003020176180
B2207112024763S07008078WA0054400539004003020166174
B2207122024767S07008078WA0054300537004003024171175
B2207132024770S07008077WA0054100535004003024171173
B2207142024773S07008077WA0054000534004003024178177
B2207152024777S07008077WA0053900533004003022178174
B2207162024780S07008077WA0053700530004003022178182
B2207172024784S07008077WA0053500528004003026178177
B2207182024788S07008077WA0053300526004003027181180
B2207192024792S07008077WA0053100523004003027178181
B2207202024796S07008077WA0052900521004003028175175
B2207212024800S07008077WA0052600519004003029172176
B2207222024805S07008076WA0052300518004003028174173
B2207232024808S07008076WA0052100518004003028177175
B2207242024812S07008076WA0051900517004003025175189
B2207252024815S07008075WA0051700516004003024171177
B2207262024819S07008074WA0051600515004003024173182
B2207272024823S07008074WA0051500513004003028172179
B2207282024827S07008073WA0051400512004004028175186
B2207292024831S07008074WA0051400512004003027181193
B2207302024835S07008074WA0051300512004003027184183
B2207312024839S07008074WA0051200510004003026184187
B2207322024843S07008074WA0051100509004004026177186
B2207332024847S07008074WA0051100507004003027176186
B2207342024851S07008075WA0051000506004003027192184
B2207352024855S07008076WA0050900504004004027189192
B2207362024859S07008076WA0050800503004004028187187
B2207372024864S07008077WA0050700501004006029186188
B2207382024868S07008077WA0050600498004004030171183
B2207392024872S07008077WA0050400497004004029182186
B2207402024875S07008077WA0050300495004006025184185
B2207412024878S07008077WA0050100494004006023182188
B2207422024882S07008077WA0050000490004004024186176
B2207432024887S07008076WA0049800489004004028168190
B2207442024891S07008076WA0049700489004004028172195
B2207452024895S07008076WA0049500488004004028180181
B2207462024899S07008077WA0049500486004003029199188
B2207472024903S07008078WA0049200485004003027196193
B2207482024907S07008079WA0049000483004003027190187
B2207492024910S07008079WA0048800482004003024177183
B2207502024913S07008079WA0048600481022003023175173
B2207512024917S07008079WA0048500482022003023185176
B2207522024921S07008080WA0048400482022003031182182
B2207532024926S07008079WA0048300482022004031175182
B2207542024929S07008079WA0048300484022003028170182
B2207552024933S07008078WA0048300484022004024175184
B2207562024936S07008079WA0048300485022004024187184
B2207572024941S07008080WA0048400487022004030185188
B2207582024944S07008080WA0048500490022003027180189
B2207592024948S07008079WA0048600492022003027180178
B2208002024951S07008080WA0048700493004003018194175
B2208012024954S07008081WA0048900494004003018205187
B2208022024956S07008081WA0049000494004003018195185
B2208032024959S07008082WA0049200493004004018199180
B2208042024962S07008083WA0049200489005006020195174
B2208052024966S07008081WA0049300492004004025164177
B2208062024970S07008081WA0049300491004004025174181
B2208072024973S07008081WA0049300491004003022175180
B2208082024975S07008081WA0049300491004003020176179
B2208092024979S07008080WA0049200491004003020175179
B2208102024982S07008080WA0049100491004003025178184
B2208112024986S07008080WA0049100491004003025177187
B2208122024989S07008079WA0049100492004003025175184
B2208132024992S07008079WA0049000492004003022181187
B2208142024994S07008078WA0049000491004003019163192
B2208152024997S07008079WA0049000492004003019193185
B2208162025000S07008079WA0049000491004003019184187
B2208172025003S07008079WA0049000490004003019189186
B2208182025006S07008080WA0049000490004003020198188
B2208192025008S07008081WA0049000489004003020204192
B2208202025011S07008082WA0048900489004003017205188
B2208212025013S07008084WA0048900487004003020209184
B2208222025016S07008085WA0048900487004004020205180
B2208232025019S07008086WA0048800485004006020203180
E220825PEVForeground
B2208242025021S07008089WA0048800480005006020214175
B2208252025024S07008089WA0048700483004006020202202
B2208262025027S07008090WA0048600482004004020207198
B2208272025030S07008092WA0048600480004004020200198
B2208282025033S07008092WA0048500478004004021192198
B2208292025037S07008094WA0048300478004004025197193
B2208302025040S07008093WA0048200478004004023173188
B2208312025043S07008094WA0048100477004003023184182
B2208322025047S07008094WA0047900476004003023192192
B2208332025051S07008095WA0047800476004003025190196
B2208342025054S07008096WA0047600477004003025191194
B2208352025057S07008096WA0047600477004003020186196
B2208362025060S07008096WA0047500477004003020184193
B2208372025063S07008097WA0047500476004003018186194
B2208382025065S07008097WA0047500475004003018180188
B2208392025069S07008098WA0047500474004004020192184
B2208402025072S07008097WA0047500473004003024173183
B2208412025076S07008097WA0047500472004003024174182
B2208422025079S07008097WA0047500472004003024170179
B2208432025083S07008097WA0047400471004003021176178
B2208442025086S07008096WA0047300469004003021176179
B2208452025089S07008096WA0047200468004003022179182
B2208462025092S07008096WA0047200467004003022177181
B2208472025095S07008095WA0047100467004003022164183
B2208482025099S07008095WA0047000466004003022165180
B2208492025102S07008095WA0046900466004003022183185
B2208502025105S07008095WA0046700465004003020199188
B2208512025108S07008096WA0046600464004003021198196
B2208522025111S07008096WA0046600464004003021188196
B2208532025114S07008097WA0046500463004003023183190
B2208542025117S07008097WA0046400462004003023179189
B2208552025120S07008097WA0046300461004003019178185
B2208562025123S07008098WA0046300461004003020181185
B2208572025127S07008098WA0046200458004003020181187
B2208582025131S07008098WA0046200457004003025184184
B2208592025135S07008099WA0046100458004003027181186
B2209002025139S07008099WA0046000457004003024181185
B2209012025142S07008098WA0045900457004003024175181
B2209022025145S07008098WA0045900458004003022173185
B2209032025148S07008098WA0045800458004003020183181
B2209042025151S07008098WA0045800458004003018181189
B2209052025154S07008098WA0045800456004004018175186
B2209062025157S07008098WA0045800455004003020187184
B2209072025160S07008098WA0045800453004003020184185
B2209082025164S07008098WA0045700453004003022173186
B2209092025167S07008097WA0045600452004003022169182
B2209102025170S07008097WA0045500451004003020171187
B2209112025173S07008096WA0045400451004003020175192
B2209122025176S07008096WA0045300449004004020180187
B2209132025180S07008096WA0045300449004003021185188
B2209142025183S07008096WA0045100449004004023181188
B2209152025186S07008097WA0045000449004004020179189
B2209162025189S07008097WA0044900449004004020180187
B2209172025191S07008097WA0044800448004004016188190
B2209182025193S07008097WA0044700445004003016186189
B2209192025196S07008098WA0044700443004003017185191
B2209202025200S07008098WA0044600441004003024180186
B2209212025203S07008097WA0044500440004003024172182
B2209222025206S07008097WA0044300439004003022167181
B2209232025209S07008096WA0044200438004003020167185
B2209242025211S07008096WA0044000436004004018170184
B2209252025214S07008096WA0043800435004003016176187
B2209262025216S07008096WA0043700433004003016173192
B2209272025218S07008095WA0043600432004004016173189
B2209282025221S07008095WA0043500429004004016178192
B2209292025223S07008095WA0043300428004003017175183
B2209302025226S07008095WA0043200427004003015177179
B2209312025228S07008095WA0043200425004003015172191
B2209322025231S07008094WA0043000423004003015171189
B2209332025234S07008094WA0042900421004003019176181
B2209342025237S07008094WA0042700420004003020179189
B2209352025240S07008094WA0042600420004003019177188
B2209362025243S07008094WA0042400418004003020172192
B2209372025246S07008093WA0042300417004003020171188
B2209382025250S07008093WA0042100415004003022174185
B2209392025253S07008093WA0042000414004003025181188
B2209402025257S07008093WA0041800414004003024181190
B2209412025261S07008093WA0041600414004003024182188
B2209422025263S07008093WA0041500414004003020187195
B2209432025266S07008094WA0041300412004003015192194
B2209442025268S07008095WA0041200409004003015194205
B2209452025271S07008096WA0041200408004003024197201
B2209462025275S07008097WA0041100407004003027199198
B2209472025278S07008098WA0041000408004003025198201
B2209482025281S07008099WA0041000408004003025192202
B2209492025284S07008099WA0040900406004003020191195
B2209502025287S07008100WA0040800406004004017196199
B2209512025290S07008101WA0040700403004003020203202
B2209522025293S07008102WA0040700400004003020200200
B2209532025295S07008103WA0040700398004003022201203
B2209542025299S07008104WA0040600394004004023194199
B2209552025302S07008105WA0040400393004004023187202
B2209562025305S07008106WA0040200390004004022196203
B2209582025308S07008107WA0040000388004003022194200
B2210002025316S07008109WA0039500384004004024189199
B2210012025319S07008109WA0039200382004003024181200
B2210022025322S07008109WA0039000381004003024175200
B2210032025325S07008109WA0038700380004004021183201
B2210042025328S07008110WA0038500378004004021192192
B2210052025332S07008110WA0038400378004003021189201
B2210062025335S07008111WA0038200377004004023185200
B2210072025338S07008111WA0038200376004004023185205
B2210082025341S07008112WA0038100376004004023206198
B2210092025345S07008116WA0038000374004003018222211
B2210102025348S07008117WA0037900373004004017207210
B2210112025350S07008118WA0037900371004004016192206
B2210122025352S07008118WA0037800368004006016196206
B2210132025353S07008118WA0037700362007006014179205
B2210142025358S07008120WA0037600364005006014198198
B2210152025361S07008120WA0037400363004006022183198
B2210162025363S07008121WA0037300361005006018184198
B2210172025367S07008121WA0037100361004006023178196
B2210182025370S07008121WA0036900361004006021183191
B2210192025374S07008121WA0036700360004006021182189
B2210202025377S07008121WA0036500358004004021179197
B2210212025381S07008121WA0036400357004004025167194
B2210222025385S07008121WA0036200355004004025175193
B2210232025388S07008120WA0036200353004004025176190
B2210242025392S07008120WA0036100352004004024186196
B2210252025396S07008120WA0035900350004004024174188
B2210262025400S07008119WA0035800349004004027169185
B2210272025404S07008119WA0035600348004004029169177
B2210282025409S07008117WA0035400347004004029167182
B2210292025413S07008116WA0035300347004004031167176
B2210302025416S07008115WA0035200348004004031162175
B2210312025418S07008114WA0035100348004004013163182
B2210322025421S07008114WA0035000346004003014184185
B2210332025422S07008114WA0035000344004004014188198
B2210342025425S07008114WA0035000343004006015182197
B2210352025429S07008114WA0034900342004006019175186
B2210362025431S07008114WA0034800341004004017166185
B2210372025433S07008113WA0034700340004004017171190
B2210382025435S07008113WA0034600339004004011181201
B2210392025437S07008113WA0034500338004004011193197
B2210402025439S07008113WA0034500337004003013178190
B2210412025441S07008113WA0034400336004004017171192
B2210422025444S07008112WA0034300335004004019154178
B2210432025446S07008110WA0034200333004003017155182
B2210442025448S07008110WA0034100331004003015169182
B2210452025451S07008111WA0034000331004003015198186
B2210462025453S07008112WA0033900330004003019196197
B2210472025456S07008112WA0033700329004003019183189
B2210482025459S07008113WA0033600329004003019194188
B2210492025461S07008114WA0033500328004003019200203
B2210502025463S07008115WA0033400328004003018226200
B2210512025465S07008116WA0033400327004003013206198
B2210522025467S07008117WA0033300326004003017196201
B2210532025469S07008117WA0033300325004003017192199
B2210542025471S07008118WA0033200325004003017203193
B2210552025473S07008119WA0033200326004003016210191
B2210562025475S07008120WA0033200327004003011205193
B2210572025478S07008121WA0033200328004003016186197
B2210582025479S07008121WA0033200328004003013179187
B2210592025481S07008121WA0033200328004003014201193
B2211002025483S07008122WA0033200329004004013203194
B2211012025485S07008123WA0033300327004003008200199
B2211022025486S07008123WA0033300327004003017194196
B2211032025490S07008123WA0033300327004003017187189
B2211042025492S07008123WA0033300328004003017185186
B2211052025494S07008123WA0033200329004003015182189
B2211062025496S07008123WA0033200329004003014152203
B2211072025497S07008122WA0033200328004004014157187
B2211082025499S07008122WA0033300327004004012164188
B2211092025501S07008122WA0033300326004004012194198
B2211102025503S07008122WA0033300324004004013187202
B2211112025505S07008123WA0033300324004003013196202
B2211122025506S07008123WA0033200323004003013198198
B2211132025508S07008124WA0033100323004003013208205
B2211142025510S07008126WA0033100323004003013210209
B2211152025512S07008127WA0033100325004003015191206
B2211162025515S07008127WA0033000326004003014197201
B2211172025517S07008127WA0033000326004003014190208
B2211182025518S07008128WA0033000327004003012196203
B2211192025518S07008128WA0033100328004004006212209
B2211202025519S07008129WA0033100325004003006220212
B2211212025521S07008131WA0033200324004003016215200
B2211222025523S07008131WA0033300324004003018189199
B2211232025525S07008131WA0033300324004003016184187
B2211242025527S07008131WA0033200324004003015172188
B2211252025529S07008131WA0033200323004003013176183
B2211262025532S07008130WA0033100322004003016175186
B2211272025535S07008130WA0033100323004003022179194
B2211282025538S07008130WA0033000324004003020176186
B2211292025540S07008129WA0033000325004004020164189
B2211302025541S07008130WA0033000325004003012175194
B2211312025543S07008129WA0033000324004003012180204
B2211322025545S07008130WA0033000324004003015184194
B2211332025547S07008130WA0033100324004003015190196
B2211342025549S07008130WA0033100324004003015196203
B2211352025550S07008131WA0033200323004003014213204
B2211362025552S07008132WA0033200323004003013206206
B2211372025554S07008133WA0033100322004003016215211
B2211382025556S07008135WA0033100321004003016222211
B2211392025558S07008137WA0033100321004003018234214
B2211402025559S07008140WA0033100321004003018249216
B2211412025560S07008142WA0033000322004003014244221
B2211422025560S07008143WA0033000324004004014291219
B2211432025560S07008145WA0033000324004004010274216
B2211442025559S07008146WA0033100321004003010287214
B2211452025560S07008147WA0033100320004003010258218
B2211462025560S07008149WA0033200319004003014245218
B2211472025562S07008151WA0033200320004003014220213
B2211482025563S07008152WA0033100322004003013206198
B2211492025564S07008152WA0033100322004003010207197
B2211502025565S07008153WA0033100322004003007222210
B2211512025565S07008154WA0033000321004003011243206
B2211522025566S07008156WA0033000321004003012235209
B2211532025568S07008157WA0033000320004003011230204
B2211542025569S07008158WA0033000319004003011220201
B2211552025570S07008159WA0033000320004003009214198
B2211562025571S07008160WA0032900320004003010210207
B2211572025573S07008161WA0032900320004003011206198
B2211582025574S07008161WA0032900321004003010201198
B2212002025575S07008162WA0032800321004003009203194
B2212012025579S07008163WA0032800320004003015195187
B2212022025581S07008163WA0032800318004004014189200
B2212032025583S07008164WA0032800319004004013205198
B2212042025586S07008165WA0032800321004004013192196
B2212052025589S07008165WA0032800325004004013198199
B2212062025591S07008165WA0032800328004003013200208
B2212072025591S07008166WA0032800328004003007203195
B2212082025592S07008167WA0032800328004003007221206
B2212092025594S07008168WA0032900327004003015201197
B2212102025596S07008168WA0033000326004003015191190
B2212112025599S07008168WA0033100326004003015174182
B2212122025602S07008167WA0033200326004003019169185
B2212132025604S07008166WA0033200329004003019162191
B2212142025605S07008166WA0033200330004003007194184
B2212152025606S07008167WA0033300329004003007227202
B2212162025607S07008168WA0033300330004003006220205
B2212172025608S07008168WA0033400328004003006202197
B2212182025609S07008169WA0033400327004003007199198
B2212192025610S07008169WA0033400326004003010201197
B2212202025612S07008170WA0033400326004003011200195
B2212212025613S07008170WA0033300326004003010188196
B2212222025614S07008170WA0033200326004003009188191
B2212232025616S07008170WA0033100326004003008183194
B2212242025616S07008170WA0033100326004003005173193
B2212252025617S07008170WA0033100324004003007174179
B2212262025619S07008170WA0033000322004003007173171
B2212272025621S07008170WA0033000320004003012173181
B2212282025624S07008170WA0032900319004003017167181
B2212292025627S07008169WA0032800318004003018171183
B2212302025629S07008169WA0032600318004003018172186
B2212312025632S07008168WA0032400318004003016169182
B2212322025634S07008168WA0032300318004003015165182
B2212332025636S07008167WA0032200317004003015162181
B2212342025638S07008167WA0032100317004003017166184
B2212352025641S07008166WA0032100315004003020174189
B2212362025645S07008165WA0032000315004003020169185
B2212372025647S07008165WA0032000314004003020172187
B2212382025651S07008164WA0031900316004003021170187
B2212392025653S07008164WA0031800317004003016175195
B2212402025655S07008163WA0031800317004003016176196
B2212412025657S07008164WA0031800318004003013182196
B2212422025660S07008164WA0031800317004003013182201
B2212432025662S07008163WA0031800317004003013176188
B2212442025663S07008163WA0031900318004003009162196
B2212452025664S07008163WA0031900319004003009170198
B2212462025665S07008163WA0032000318004003008195200
B2212472025666S07008164WA0032000317004003008203198
B2212482025668S07008165WA0032000317004003009201198
B2212492025669S07008165WA0032000316004003009189193
B2212502025670S07008165WA0032000315004003009195195
B2212512025672S07008166WA0032000314004003009192210
B2212522025674S07008166WA0031900313004003009198205
B2212532025676S07008167WA0031900312004003015204204
B2212542025678S07008169WA0031800312004003015212201
B2212552025679S07008170WA0031700314004003015217208
B2212562025680S07008171WA0031700314004003010189196
B2212572025682S07008171WA0031700313004003010187185
B2212582025684S07008171WA0031800314004003011175189
B2212592025686S07008170WA0031800313004003020170189
B2213002025689S07008169WA0031800313004003021163183
B2213012025692S07008168WA0031800315004003020156187
B2213022025693S07008168WA0031800317004003018152177
B2213032025695S07008167WA0031800317004003013156184
B2213042025698S07008166WA0031900317004003016153199
B2213052025700S07008164WA0031900318004003017158182
B2213062025702S07008164WA0032000319004003016168188
B2213072025703S07008164WA0032100319004003011168198
B2213082025703S07008163WA0032200319004003006146194
B2213092025704S07008163WA0032300321004003007154203
B2213102025706S07008162WA0032300320004003012165195
B2213112025708S07008162WA0032300320004003012181187
B2213122025710S07008163WA0032400322004003012195187
B2213132025711S07008163WA0032400322004003009188189
B2213142025711S07008163WA0032400322004003006190190
B2213152025712S07008164WA0032400321004003008187186
B2213162025714S07008164WA0032400321004003008182182
B2213172025715S07008164WA0032400321004003009177181
B2213182025716S07008164WA0032400320004003009174185
B2213192025718S07008163WA0032400319004003009172180
B2213202025719S07008163WA0032400319004003010175183
B2213212025721S07008163WA0032400319004003010181185
B2213222025723S07008163WA0032300319004003012185183
B2213232025725S07008163WA0032300319004003012180187
B2213242025726S07008163WA0032300319004003010165181
B2213252025727S07008162WA0032300318004003011151174
B2213262025729S07008162WA0032300317004003011152177
B2213272025731S07008161WA0032300317004003012164183
B2213282025734S07008161WA0032300318004003016179179
B2213292025736S07008161WA0032300320004003015179178
B2213302025738S07008161WA0032300322004003015171183
B2213312025739S07008160WA0032300325004003009148184
B2213322025740S07008159WA0032400326004003009133189
B2213332025741S07008158WA0032500327004003009130181
B2213342025742S07008157WA0032500325004003006134184
B2213352025744S07008156WA0032700324004003010159189
B2213362025747S07008156WA0032800323004003010178194
B2213372025749S07008155WA0032800324004003018169183
B2213382025751S07008155WA0032800326004003018168182
B2213392025753S07008155WA0032800328004003010174180
B2213402025755S07008154WA0032800329004003010170192
B2213412025756S07008154WA0032800330004003010169192
B2213422025759S07008154WA0032800331004003012170183
B2213432025761S07008153WA0033000332004003015163181
B2213442025762S07008152WA0033100332004003008135187
B2213452025763S07008151WA0033300332004003009121187
B2213462025764S07008150WA0033400331004003008152183
B2213472025766S07008150WA0033400330004003009182191
B2213482025768S07008150WA0033400328004003014178186
B2213492025770S07008150WA0033400330004003017173187
B2213502025772S07008150WA0033400329004003017172189
B2213512025774S07008149WA0033400331004003011155185
B2213522025775S07008149WA0033300331004003008155187
B2213532025776S07008148WA0033300329004003008177188
B2213542025777S07008148WA0033300329004003012175194
B2213552025779S07008148WA0033300329004003013179187
B2213562025781S07008148WA0033300329004003012176187
B2213572025782S07008147WA0033300329004003012178186
B2213582025783S07008147WA0033300329004003007178188
B2213592025785S07008147WA0033300329004003011172186
B2214002025787S07008147WA0033200329004003014165182
B2214012025789S07008146WA0033200330004003014169181
B2214022025791S07008146WA0033200330004003014155178
B2214032025792S07008145WA0033200330004003010144185
B2214042025794S07008144WA0033200329004003013149176
B2214062025796S07008143WA0033200328004003018155178
B2214072025799S07008142WA0033200328004003017158175
B2214082025800S07008141WA0033200328004003017159182
B2214092025802S07008140WA0033100327004003011151182
B2214102025804S07008139WA0033100325004003015150175
B2214112025806S07008138WA0033100325004003015143169
B2214122025808S07008136WA0033100325004003018137160
B2214132025810S07008133WA0033000326004003019119166
B2214142025812S07008130WA0032900325004003020122160
B2214152025814S07008128WA0032900324004003020130168
B2214162025816S07008125WA0032900323004003020135168
B2214172025818S07008123WA0032800323004003021141165
B2214182025821S07008121WA0032700323004003021129168
B2214192025822S07008117WA0032700323004003025123167
B2214202025825S07008114WA0032700322004003026123164
B2214212025827S07008111WA0032600324004003026129167
B2214222025829S07008108WA0032600324004003026131161
B2214232025831S07008106WA0032500326004003022126171
B2214242025832S07008104WA0032500328004003013132183
B2214252025835S07008101WA0032600333004003011131181
B2214262025835S07008101WA0032800334004003010151174
B2214272025837S07008100WA0033000335004003010188185
B2214282025838S07008100WA0033100337004003012173191
B2214292025840S07008099WA0033300341004003016146182
B2214302025842S07008098WA0033500344004003013144189
B2214312025844S07008097WA0033700346004003013154176
B2214322025846S07008097WA0034000347004003013180181
B2214332025848S07008097WA0034200350004003016175196
B2214342025850S07008096WA0034500352004003016173174
B2214352025852S07008096WA0034500354004003013142183
B2214362025852S07008095WA0034700352004003006143181
B2214372025852S07008095WA0034900350004003004143185
B2214382025854S07008095WA0035100348004003016181194
B2214392025857S07008094WA0035200347004003024175186
B2214402025859S07008094WA0035200349004003018160177
B2214412025861S07008093WA0035100350004003018142175
B2214422025862S07008092WA0035000352004003011143179
B2214432025864S07008091WA0035000350004003008151179
B2214442025866S07008090WA0034900349004003016152177
B2214452025868S07008088WA0034900349004003016148176
B2214462025870S07008087WA0035000350004003017144168
B2214472025871S07008085WA0035000352004003017125164
B2214482025873S07008083WA0035000352004003015127162
B2214492025875S07008081WA0035100352004003018133166
B2214502025877S07008079WA0035100351004003018143171
B2214512025879S07008077WA0035100351004003021147169
B2214522025881S07008076WA0035200351004003021147173
B2214532025883S07008075WA0035200352004003012149180
B2214542025885S07008074WA0035200352004003012147182
B2214552025886S07008073WA0035100350004003011159183
B2214562025888S07008073WA0035100349004003011172182
B2214572025890S07008072WA0035100350004003012174185
B2214582025892S07008071WA0035100349004003017159179
B2214592025894S07008070WA0035100350004003018140169
B2215002025896S07008068WA0035000350004003017133166
B2215012025898S07008066WA0035000351004003017132170
B2215022025900S07008064WA0035000350004003017130165
B2215032025901S07008062WA0035000351004003014119163
B2215042025902S07008060WA0035000350004003014122156
B2215052025904S07008058WA0035000350004003014125171
B2215062025906S07008055WA0035100349004003018132159
B2215072025908S07008053WA0035100350004003024133161
B2215082025910S07008050WA0035100352004003018124156
B2215092025911S07008048WA0035100354004003018104161
B2215102025912S07008046WA0035200354004003015105154
B2215112025913S07008043WA0035200353004003015119158
B2215122025914S07008041WA0035200353004003019119159
B2215132025916S07008038WA0035300354004003026125149
B2215142025918S07008034WA0035300355004003026108148
B2215152025918S07008030WA0035300356004003024095144
B2215162025919S07008027WA0035400357004003024098139
B2215172025920S07008023WA0035500357004003024111142
B2215182025922S07008020WA0035500358004003024123154
B2215192025924S07008017WA0035500359004003024126161
B2215202025926S07008014WA0035600363004003022122162
B2215212025927S07008011WA0035700365004003021109157
B2215222025927S07008009WA0035900367004003019104160
B2215232025928S07008006WA0035900368004003019116158
B2215242025930S07008003WA0036000368004003021128159
B2215252025932S07008002WA0036200368004003019143165
B2215262025934S07008000WA0036400368004003016146177
B2215272025936S07007999WA0036400368004003015156168
B2215282025937S07007998WA0036500369004003011155165
B2215292025939S07007997WA0036600370004003011126170
B2215302025939S07007994WA0036700370004003011102168
B2215312025940S07007992WA0036700369004003017104150
B2215322025941S07007989WA0036700369004003017121151
B2215332025943S07007987WA0036700368004003018120153
B2215342025944S07007984WA0036800368004003020110150
B2215352025944S07007981WA0036800367004003020098149
B2215362025945S07007977WA0036800366004003021091139
B2215372025945S07007974WA0036700366004003022095140
B2215382025946S07007972WA0036700365004003015119155
B2215392025948S07007969WA0036700365004003019136168
B2215402025950S07007969WA0036600365004003015177181
B2215412025951S07007968WA0036600364004003015171199
B2215422025952S07007971WA0036500362004003015259221
B2215432025950S07007976WA0036500364004003036297243
B2215442025947S07007980WA0036400362004003036315267
B2215452025943S07007984WA0036400363004003036324285
B2215462025938S07007986WA0036400363004003039343301
B2215472025932S07007989WA0036400363004003041348320
B2215482025926S07007991WA0036400364004003038345317
B2215492025920S07007992WA0036300364004003039345311
B2215502025915S07007994WA0036300363004003039346312
B2215512025909S07007995WA0036400363004003039348308
B2215522025903S07007997WA0036400364004003040343316
B2215532025897S07007999WA0036400363004003042346312
B2215542025891S07008000WA0036400364004003042348317
B2215552025886S07008002WA0036400366004003041345318
B2215562025881S07008003WA0036400365004003036343306
B2215572025876S07008005WA0036400365004003032335303
B2215582025872S07008008WA0036500363004003036323295
B2215592025867S07008011WA0036500363004003042318287
B2216002025863S07008015WA0036500362004003037321281
B2216012025859S07008018WA0036500364004003037325279
B2216022025856S07008021WA0036600365004003031324280
B2216032025852S07008024WA0036600364004003027318282
B2216042025849S07008027WA0036600363004003032310269
B2216052025846S07008031WA0036600362004003032311269
B2216062025842S07008036WA0036600363004003035308272
B2216072025839S07008039WA0036600363004003035320279
B2216082025834S07008043WA0036500363004003035330288
B2216092025830S07008046WA0036500361004003038329301
B2216102025825S07008049WA0036400361004003038329303
B2216122025819S07008052WA0036400361004003041333297
B2216132025814S07008055WA0036300362004003040342310
B2216142025808S07008056WA0036300361004003040350314
B2216152025802S07008058WA0036300362004003040350331
B2216162025795S07008059WA0036300363004003040344324
B2216172025790S07008061WA0036300363004004039343314
B2216182025784S07008065WA0036300368004003041335303
B2216192025780S07008067WA0036300370004003041328297
B2216202025775S07008069WA0036400370004003029324276
B2216212025772S07008072WA0036400371004003029318274
B2216222025769S07008076WA0036600371004003029306268
B2216232025766S07008079WA0036700371004003022303253
B2216242025767S07008082WA0036900371004003022255237
B2216252025768S07008084WA0036900371004003021230217
B2216262025770S07008085WA0037100371004003015190194
B2216272025773S07008084WA0037200374004003011148176
B2216282025774S07008084WA0037300375004003011137168
B2216292025775S07008082WA0037300377004003011134164
B2216302025777S07008081WA0037400376004003011143164
B2216312025779S07008079WA0037500377004003014127162
B2216322025780S07008077WA0037600377004003015125159
B2216332025781S07008075WA0037600378004003015122151
B2216342025782S07008073WA0037700377004003014128164
B2216352025784S07008072WA0037800377004003012147168
B2216362025785S07008071WA0037800378004004012145171
B2216372025787S07008070WA0037800379004003014144165
B2216382025788S07008068WA0037900382004003014138170
B2216392025789S07008067WA0038000384004003012121175
B2216402025790S07008065WA0038100385004003011128174
B2216412025792S07008065WA0038300383004003011156177
B2216422025793S07008064WA0038400383004003012161179
B2216432025795S07008063WA0038500382004003014156176
B2216442025797S07008062WA0038600382004003014149164
B2216452025798S07008060WA0038600383004003016133165
B2216462025800S07008058WA0038600382004003016116145
B2216472025800S07008055WA0038600381004003014108148
B2216482025800S07008052WA0038600379004003018118173
B2216492025802S07008050WA0038500378004003018126153
B2216502025804S07008048WA0038500379004003019142164
B2216512025805S07008046WA0038500381004003019132165
B2216522025807S07008044WA0038400383004003015131164
B2216532025809S07008042WA0038400383004003015128180
B2216542025810S07008041WA0038400385004003014129176
B2216552025811S07008041WA0038400384004003009170178
B2216562025812S07008041WA0038500383004003009191193
B2216572025814S07008041WA0038600383004003013199194
B2216582025816S07008042WA0038600383004003017193199
B2216592025819S07008042WA0038700383004003017189197
B2217002025821S07008043WA0038700385004003017206200
B2217012025822S07008044WA0038700385004003013230207
B2217022025823S07008046WA0038700386004003012254216
B2217032025824S07008048WA0038700385004003015244220
B2217042025825S07008050WA0038700383004003015233215
B2217052025827S07008053WA0038700383004003018229210
B2217062025829S07008054WA0038700383004003018220207
B2217072025831S07008056WA0038700382004003015220211
B2217082025832S07008058WA0038700381004003015220205
B2217092025834S07008059WA0038600381004003014220205
B2217102025835S07008060WA0038600382004003013220209
B2217112025837S07008061WA0038600382004003011216202
B2217122025838S07008063WA0038500382004003013213201
B2217132025840S07008064WA0038500382004003016207199
B2217142025842S07008065WA0038500382004003016205196
B2217152025845S07008066WA0038500384004003016200197
B2217162025847S07008066WA0038500387004003016197189
B2217172025848S07008066WA0038500390004003007185182
B2217182025849S07008066WA0038500390004003007177180
B2217192025850S07008065WA0038600390004003007155190
B2217202025851S07008065WA0038800389004003008168184
B2217212025853S07008065WA0038900388004003010184184
B2217222025855S07008065WA0038900387004003011183188
B2217232025856S07008065WA0039000387004003011173188
B2217242025857S07008064WA0039100386004003011168185
B2217252025859S07008064WA0039100386004003010186182
B2217262025860S07008065WA0039100385004003010202188
B2217272025862S07008065WA0039000384004003010198195
B2217282025863S07008066WA0038900383004003013212208
B2217292025865S07008068WA0038800382004003013228219
B2217302025866S07008071WA0038800382004003016245228
B2217312025865S07008075WA0038700382004003017284241
B2217322025864S07008078WA0038600381004003024292251
B2217332025862S07008081WA0038500379004003024316266
B2217342025859S07008085WA0038500378004003024313280
B2217352025855S07008088WA0038400377004003035325287
B2217362025849S07008091WA0038300376004003042340308
B2217372025842S07008093WA0038200376004003048356323
B2217382025835S07008093WA0038200375004003049010344
B2217392025828S07008091WA0038100374004003048010007
B2217402025822S07008089WA0038000372004004047019024
B2217412025815S07008085WA0037900371004006047027045
B2217422025813S07008079WA0037900370004003042067071
B2217432025811S07008074WA0037800369004003042079099
B2217442025810S07008068WA0037700368004003037079117
B2217452025812S07008064WA0037600368004003034122134
B2217462025813S07008061WA0037600368004003025130157
B2217472025814S07008059WA0037500368004003015136164
B2217482025816S07008057WA0037300367004003015143177
B2217492025817S07008056WA0037200367004003013143173
B2217502025819S07008055WA0037200365004003013147169
B2217512025821S07008054WA0037100363004003013149175
B2217522025823S07008052WA0037000361004003018153174
B2217532025825S07008051WA0036900360004003019149167
B2217542025827S07008049WA0036800363004003019136163
B2217552025829S07008046WA0036700362004003019113166
B2217562025830S07008044WA0036600362004003019101162
B2217572025831S07008041WA0036600362004003017118162
B2217582025833S07008039WA0036600361004003020149171
B2217592025836S07008038WA0036600360004003020154173
B2218002025838S07008035WA0036600360004003023133176
B2218012025840S07008032WA0036600360004003024117159
B2218022025842S07008029WA0036600361004003024119160
B2218032025844S07008026WA0036500360004003024123162
B2218042025846S07008024WA0036500361004003018132170
B2218052025848S07008022WA0036500361004003018132169
B2218062025850S07008019WA0036500360004003020130163
B2218072025852S07008016WA0036500360004003022126157
B2218082025854S07008013WA0036500360004003022120159
B2218092025855S07008011WA0036500360004003022117161
B2218102025857S07008008WA0036400359004003020116162
B2218112025859S07008005WA0036400359004003020128163
B2218122025861S07008003WA0036400359004003020150170
B2218132025863S07008002WA0036400358004003020146176
B2218142025865S07007999WA0036300358004003020144166
B2218152025867S07007997WA0036300357004003019137172
B2218162025869S07007996WA0036200357004003018150170
B2218182025871S07007994WA0036100357004003017148177
B2218192025874S07007993WA0036100356004003021152176
B2218202025877S07007990WA0036100357004003021147168
B2218212025880S07007989WA0036000357004003021145161
B2218222025882S07007987WA0036000359004003016139165
B2218232025883S07007986WA0036000359004003016127165
B2218242025885S07007984WA0036000359004003015130168
B2218252025890S07007980WA0036000356004003020149169
B2218262025893S07007979WA0036000355004003024154169
B2218272025896S07007977WA0036000354004003024148165
B2218282025898S07007975WA0036000355004003023148169
B2218292025901S07007974WA0035900356004003020156158
B2218302025904S07007973WA0035800356004003018165172
B2218312025906S07007972WA0035800357004003020144179
B2218322025908S07007969WA0035800358004003020136155
B2218332025911S07007966WA0035800359004003022126152
B2218342025914S07007962WA0035900360004003025124170
B2218352025916S07007959WA0036000362004003027125162
B2218362025918S07007956WA0036000364004003027129171
B2218372025920S07007955WA0036100366004003021142178
B2218382025921S07007953WA0036200367004003014133201
B2218392025923S07007952WA0036400368004003014152180
B2218402025926S07007951WA0036400369004003018160186
B2218412025928S07007950WA0036600371004003018149190
B2218422025929S07007948WA0036800373004003016131186
B2218432025931S07007946WA0037000375004003016123171
B2218442025932S07007944WA0037200375004003016131166
B2218452025935S07007942WA0037400375004003020151172
B2218462025938S07007941WA0037600375004003025157175
B2218472025941S07007938WA0037800377004003025142174
B2218482025943S07007936WA0037900380004003025122156
B2218492025944S07007933WA0038000380004003019103155
B2218502025945S07007931WA0038100381004003015109170
B2218512025946S07007929WA0038100381004003018124158
B2218522025949S07007926WA0038200380004003018140164
B2218532025952S07007924WA0038300382004003025140172
B2218542025954S07007921WA0038400385004003025127161
B2218552025955S07007919WA0038400387004003014113171
B2218562025956S07007917WA0038500388004003014121155
B2218572025957S07007915WA0038600388004003014135169
B2218582025960S07007913WA0038700388004003016137168
B2218592025963S07007910WA0038800389004003024132170
B2219002025965S07007907WA0039000392004003028129158
B2219012025967S07007904WA0039100394004003028128154
B2219022025969S07007902WA0039200395004003019116170
B2219032025970S07007899WA0039300395004003017111177
B2219042025972S07007897WA0039400394004003017124157
B2219052025974S07007894WA0039600394004003021134156
B2219062025976S07007892WA0039700395004003021132169
B2219072025977S07007890WA0039800395004003019127163
B2219082025979S07007888WA0039800395004003017132164
B2219092025981S07007885WA0039800395004003017133162
B2219102025983S07007883WA0039800395004003023123164
B2219112025985S07007879WA0039700396004003027117151
B2219122025986S07007876WA0039700397004003023115145
B2219132025988S07007872WA0039700398004003023117150
B2219142025990S07007869WA0039800399004003023121153
B2219152025992S07007866WA0039800400004003024131176
B2219162025994S07007864WA0039800402004003024137172
B2219172025996S07007862WA0039900402004003018140171
B2219182025998S07007861WA0040000401004003017156181
B2219192026000S07007860WA0040100400004003014162188
B2219202026002S07007859WA0040200399004003019165199
B2219212026004S07007859WA0040200398004003019190196
B2219222026006S07007860WA0040200398004003015229218
B2219232026005S07007863WA0040100399004003015280239
B2219242026005S07007867WA0040000397004003022285259
B2219252026003S07007869WA0040000397004003024308281
B2219262025998S07007871WA0040000398004003039346299
B2219272025993S07007873WA0039900399004003035350304
B2219282025989S07007874WA0039900400004003035340315
B2219292025985S07007876WA0040000400004003028321287
B2219302025982S07007880WA0040000399004003028306273
B2219312025979S07007883WA0040100400004003028309273
B2219322025977S07007887WA0040100399004003028305261
B2219332025974S07007891WA0040100398004003032307260
B2219342025970S07007896WA0040100402004003032315265
B2219352025968S07007899WA0040100403004003029311265
B2219362025966S07007903WA0040100405004003029295249
B2219372025964S07007905WA0040100406004003020301253
B2219382025962S07007908WA0040200407004003020315253
B2219392025959S07007911WA0040400406004003022317256
B2219402025956S07007914WA0040600406004003029309262
B2219412025954S07007918WA0040700406004003029296249
B2219422025953S07007921WA0040800406004003028284248
B2219432025952S07007925WA0040800407004003026286245
B2219442025950S07007928WA0040800408004003022293250
B2219452025949S07007931WA0040800408004003023301251
B2219462025947S07007935WA0040800408004003026301249
B2219472025945S07007938WA0040800409004003026299256
B2219482025943S07007942WA0040800409004003026294250
B2219492025942S07007946WA0040900412004004027294244
B2219502025941S07007949WA0040900416004003022291257
B2219512025939S07007953WA0041000416004003025288244
B2219522025938S07007958WA0041100418004003025288246
B2219532025936S07007962WA0041200420004003028286257
B2219542025935S07007966WA0041300422004003028287241
B2219552025933S07007970WA0041500423004003026292252
B2219562025932S07007974WA0041600425004003026296243
B2219572025929S07007977WA0041800424004003026308246
B2219582025927S07007981WA0042000423004003026307251
B2219592025924S07007985WA0042100422004003028301257
B2220002025922S07007989WA0042100421004003034300260
B2220012025919S07007993WA0042200422004003034305266
B2220022025917S07007997WA0042200421004003033311270
B2220032025913S07008000WA0042200421004003030315273
B2220042025910S07008004WA0042200420004003030314278
B2220052025906S07008008WA0042200419004003038315284
B2220062025902S07008012WA0042200419004003038323287
B2220072025897S07008015WA0042200419004003038331303
B2220082025891S07008017WA0042100419004003039345319
B2220092025885S07008019WA0042100418004003041349327
B2220102025878S07008020WA0042100418004003047352331
B2220112025871S07008021WA0042000417004003047352338
B2220122025865S07008021WA0042000419004003047358343
B2220132025858S07008021WA0042000420004003045001344
B2220142025852S07008022WA0042000420004003044357338
B2220152025846S07008022WA0042000421004003040352327
B2220162025840S07008024WA0042000420004003040344316
B2220172025834S07008026WA0042100420004003040335303
B2220182025830S07008029WA0042100420004003037323288
B2220192025826S07008032WA0042100420004003034307271
B2220202025824S07008036WA0042100419004003026287252
B2220212025824S07008039WA0042200419004003026267235
B2220222025824S07008042WA0042200419004003022240221
B2220232025825S07008042WA0042100419004003016182200
B2220242025827S07008042WA0042100419004003017144177
B2220252025829S07008040WA0042000419004003017129153
B2220262025831S07008037WA0042000419004004017115143
B2220272025832S07008033WA0042000419004003020100136
B2220282025832S07008029WA0042000419004003028099127
B2220292025833S07008025WA0042000419004003030097126
B2220302025833S07008021WA0042000419004003028096126
B2220312025834S07008016WA0042000418004003030096130
B2220322025834S07008012WA0042000418004003030095135
B2220332025836S07008007WA0042000419004003030105135
B2220342025837S07008003WA0042000418004003028109141
B2220352025839S07007999WA0042000418004003028112140
B2220362025840S07007995WA0042000419004003026114135
B2220372025842S07007991WA0042000419004003027112128
B2220382025844S07007987WA0042000419004003026116133
B2220392025846S07007983WA0042000418004003027121141
B2220402025849S07007980WA0042000419004003027130139
B2220412025851S07007977WA0042000419004003025129150
B2220422025853S07007973WA0042000420004003025124151
B2220432025856S07007971WA0042000421004003025135151
B2220442025858S07007969WA0042000422004003021149156
B2220452025860S07007968WA0042000423004003017159166
B2220462025862S07007968WA0042100422004003015175172
B2220472025865S07007967WA0042100422004003023169177
B2220482025868S07007966WA0042200422004003023157182
B2220492025871S07007964WA0042200425004003023152164
B2220502025873S07007964WA0042200428004003023163174
B2220512025876S07007963WA0042300429004003013174178
B2220522025877S07007963WA0042300429004003013184179
B2220532025880S07007963WA0042500428004003013175172
B2220542025883S07007962WA0042600429004004016165172
B2220552025886S07007961WA0042800432004004019166177
B2220562025888S07007960WA0042900435004004015170175
B2220572025889S07007959WA0043000436004004015161172
B2220582025891S07007959WA0043100436004003010145181
B2220592025893S07007957WA0043200436004004010145166
B2221002025896S07007956WA0043200434004003015165166
B2221012025899S07007956WA0043300434004003024172170
B2221022025902S07007955WA0043400434004004024171166
B2221032025904S07007954WA0043500435004004020149169
B2221042025906S07007953WA0043500434004004015150157
B2221052025909S07007952WA0043500432004004015159160
B2221062025913S07007951WA0043500431004004025162160
B2221072025916S07007950WA0043500431004006025159165
B2221082025919S07007948WA0043500435004004025158159
B2221092025922S07007947WA0043500438004004020161158
B2221102025924S07007946WA0043500439004004016151170
B2221112025927S07007945WA0043500440004004021150165
B2221122025930S07007943WA0043600440004004025152167
B2221132025933S07007942WA0043700441004004021164168
B2221142025935S07007941WA0043900441004003021178168
B2221152025937S07007941WA0044100442004003013188181
B2221162025939S07007940WA0044200441004003014159171
B2221172025941S07007938WA0044300440004003022142157
B2221182025944S07007936WA0044300438004003022132148
B2221192025945S07007932WA0044300440004003025117146
B2221202025947S07007930WA0044300441004003025112143
B2221212025948S07007927WA0044300441004003017116152
B2221222025950S07007924WA0044300440004003019124150
B2221232025951S07007922WA0044300440004003019124146
B2221242025953S07007919WA0044200440004003022120149
B2221252025950S07007920WA0044200431010019022118149
B2221262025951S07007916WA0044200430010019023117140
B2221272025953S07007913WA0044300428010019023115143
B2221282025954S07007910WA0044300427010019021115146
B2221292025956S07007907WA0044200426010019020119154
B2221302025957S07007904WA0044200425010019022122144
B2221312025959S07007900WA0044200424010019026121142
B2221322025962S07007897WA0044100422010019026118151
B2221332025963S07007893WA0044100421010019024116146
B2221342025965S07007890WA0044100419010019021116167
B2221352025967S07007887WA0044100418010019018123167
B2221362025968S07007885WA0044100416010019019131170
B2221372025971S07007883WA0044100415010019021137166
B2221382025973S07007881WA0044100414010019021144175
B2221392025976S07007879WA0044100412010019019144174
B2221402025978S07007877WA0044100411010019016139165
B2221412025980S07007875WA0044100410010019015135171
B2221422025981S07007874WA0044100408010019016139172
B2221432025983S07007872WA0044200407010019017143163
B2221442025985S07007871WA0044200406010019017144175
B2221452025987S07007869WA0044200405010019016140161
B2221462025989S07007867WA0044300403010019018136165
B2221472025991S07007865WA0044400402010019020133157
B2221482025993S07007863WA0044600401010019019131159
B2221492025995S07007861WA0044600400010019018133163
B2221502025997S07007859WA0044700398010019019126167
B2221512025998S07007856WA0044900397010019019119152
B2221522026000S07007854WA0045100396010019018123166
B2221532026001S07007852WA0045100395010019017136160
B2221542026004S07007850WA0045300394010019016151159
B2221552026006S07007849WA0045500393010019017153160
B2221562026008S07007848WA0045600391010019019143143
B2221572026011S07007846WA0045600391010019020143150
B2221582026013S07007844WA0045600391010019018142146
B2221592026015S07007842WA0045600391010019019129156
B2222002026017S07007839WA0045600392010019018127156
B2222012026018S07007837WA0045600392010019018127145
B2222022026020S07007834WA0045600392010019018127150
B2222032026021S07007832WA0045700393010019019126152
B2222042026023S07007829WA0045800393010019020123141
B2222052026025S07007827WA0045800394010019021123144
B2222062026027S07007824WA0046000394010019023125146
B2222072026029S07007821WA0046100395010019023127141
B2222082026031S07007818WA0046200395010019021125145
B2222092026032S07007816WA0046200395010019018126156
B2222102026034S07007813WA0046400395010019018128141
B2222112026036S07007811WA0046500396010019022127135
B2222122026038S07007807WA0046700396010019025124139
B2222132026041S07007804WA0046700397010019025129150
B2222142026043S07007802WA0046800397010019021136168
B2222152026045S07007799WA0047000398010019019140148
B2222162026048S07007797WA0047200398010019020138155
B2222172026050S07007795WA0047200399010019023138148
B2222182026053S07007792WA0047400399010019023139160
B2222192026055S07007790WA0047600399010019022136150
B2222202026060S07007785WA0047800400010019022133154
B2222212026063S07007782WA0048000400010019023133161
B2222222026065S07007780WA0048000401010019021130152
B2222232026067S07007777WA0048200401010019017129155
B2222242026068S07007775WA0048400401010019016131157
B2222252026070S07007774WA0048600402010019013136153
B2222262026072S07007772WA0048600402010019018135154
B2222272026074S07007770WA0048700402010019017132150
B2222282026075S07007768WA0048700403010019014121158
B2222292026076S07007766WA0048700403010019014118151
B2222302026078S07007764WA0048700403010019017125150
B2222312026079S07007762WA0048700403010019020128151
B2222322026082S07007759WA0048600403010019022128154
B2222332026084S07007756WA0048500404010019021126145
B2222342026086S07007754WA0048500404010019021128157
B2222352026087S07007752WA0048500404010019014134158
B2222362026089S07007750WA0048400404010019014144157
B2222372026091S07007749WA0048300405010019016149158
B2222382026094S07007748WA0048300405010019018152156
B2222392026096S07007747WA0048300405010019019153161
B2222402026099S07007745WA0048300405010019020150160
B2222412026101S07007744WA0048400405010019021145161
B2222422026104S07007741WA0048400406010019024141156
B2222432026107S07007739WA0048400406010019024136160
B2222442026109S07007736WA0048500406010019022133156
B2222452026111S07007734WA0048600406010019020133159
B2222462026113S07007732WA0048600406010019017132166
B2222472026115S07007730WA0048800406010019017132168
B2222482026117S07007727WA0048900407010019017132164
B2222492026119S07007725WA0049100407010019018138158
B2222502026121S07007724WA0049100407010019019145169
B2222512026123S07007722WA0049300407010019019146163
B2222522026126S07007720WA0049500408010019019146157
B2222532026128S07007718WA0049700408010019019142158
B2222542026130S07007717WA0049900408010019016144151
B2222552026133S07007715WA0049900408010019023147161
B2222562026136S07007713WA0050000408010019024148161
B2222572026138S07007711WA0050200409010019021140153
B2222582026141S07007709WA0050300409010019020147155
B2222592026143S07007707WA0050300409010019016137149
B2223002026145S07007705WA0050400409010019019138154
B2223012026147S07007703WA0050400411010019024143153
B2223022026151S07007701WA0050400414010019029142150
B2223032026154S07007697WA0050400416010019032137145
B2223042026158S07007694WA0050400418010019029132145
B2223052026161S07007690WA0050300420010019025132147
B2223062026164S07007688WA0050100422010019023137149
B2223072026166S07007686WA0050000424010019021143145
B2223082026169S07007684WA0049900426010019022142145
B2223092026172S07007681WA0049800427010019024136147
B2223102026175S07007679WA0049800429010019024131150
B2223112026177S07007676WA0049700431010019026130152
B2223122026180S07007673WA0049600432010019025136149
B2223132026183S07007670WA0049500434010019024144155
B2223142026186S07007668WA0049400435010019024146156
B2223152026190S07007666WA0049400436010019024144155
B2223162026193S07007664WA0049300436010019025145153
B2223172026196S07007662WA0049200438010019024151155
B2223182026200S07007660WA0049000438010019024152159
B2223192026203S07007658WA0049000439010019026151156
B2223212026207S07007656WA0048900439010019028150163
B2223222026210S07007654WA0048700439010019027152162
B2223232026214S07007652WA0048600440010019024154165
B2223242026217S07007650WA0048600440010019023155164
B2223252026221S07007648WA0048500440010019024155156
B2223262026225S07007650WA0048400455010019025153157
B2223272026228S07007650WA0048300460010019024151159
B2223282026232S07007649WA0048300463010019019149159
B2223292026234S07007647WA0048300466010019018149157
B2223302026237S07007646WA0048300467010019020149161
B2223312026240S07007644WA0048300468010019023150160
B2223322026243S07007642WA0048300470010019028143156
B2223332026247S07007639WA0048300470010019027142157
B2223342026250S07007636WA0048300471010019026141159
B2223352026253S07007634WA0048300472010019025139148
B2223362026256S07007631WA0048400473010019021139158
B2223372026258S07007629WA0048500474010019019140161
B2223382026260S07007627WA0048600475010019017142165
B2223392026263S07007626WA0048700476010019019144158
B2223402026265S07007624WA0048900477010019022146169
B2223412026268S07007622WA0048900478010019023146171
B2223422026271S07007620WA0049000479010019021144158
B2223432026274S07007618WA0049100479010019020143166
B2223442026276S07007615WA0049300480010019020145169
B2223452026279S07007614WA0049500481010019019151164
B2223462026281S07007612WA0049600481010019019154164
B2223472026284S07007611WA0049600482010019020156163
B2223482026287S07007610WA0049800483010019022159158
B2223492026290S07007608WA0050000484010019023162168
B2223502026293S07007608WA0050100486010019019164166
B2223512026296S07007607WA0050100487010019016166170
B2223522026299S07007606WA0050200487010019017168171
B2223532026301S07007606WA0050200488010019017167168
B2223542026304S07007605WA0050300489010019019162162
B2223552026307S07007604WA0050300490010019020157156
B2223562026310S07007602WA0050400490010019020148155
B2223572026312S07007601WA0050500491010019020138142
B2223582026314S07007599WA0050500493010019021132135
B2223592026317S07007597WA0050600495010019022126135
B2224002026319S07007594WA0050700496010019025119124
B2224012026320S07007590WA0050800497010019028114113
B2224022026322S07007585WA0050800498010019031102105
B2224032026322S07007580WA0050800499010019031092106
B2224042026323S07007575WA0050800501010019032084107
B2224052026322S07007569WA0050800502010019033078099
B2224062026321S07007564WA0050900503010019031077109
B2224072026320S07007559WA0051000504010019029080127
B2224082026319S07007555WA0051000505010019029086130
B2224092026320S07007550WA0051100505010019030097136
B2224102026321S07007545WA0051200506010019030112152
B2224112026323S07007541WA0051200507010019027119149
B2224122026325S07007538WA0051200509010019022128160
B2224132026327S07007535WA0051300510010019018139163
B2224142026330S07007534WA0051300511010019017155166
B2224152026332S07007533WA0051400512010019016167169
B2224162026335S07007533WA0051500513010019015174169
B2224172026337S07007533WA0051500514010019014176177
B2224182026339S07007533WA0051600515010019016177172
B2224192026342S07007532WA0051600516010019019177172
B2224202026345S07007532WA0051600516010019019172174
B2224212026348S07007532WA0051600517010019020167171
B2224222026351S07007531WA0051500518010019019168177
B2224232026354S07007530WA0051400518010019020168188
B2224242026357S07007530WA0051400519010019016182176
B2224252026359S07007530WA0051300520010019016187182
B2224262026361S07007530WA0051300520010019016187191
B2224272026364S07007530WA0051200521010019018183178
B2224282026366S07007531WA0051200521010019018184185
B2224292026369S07007531WA0051200522010019017191184
B2224302026372S07007532WA0051200522010019018194190
B2224312026375S07007532WA0051200523010019019192181
B2224322026377S07007533WA0051300524010019018182177
B2224332026380S07007532WA0051300524010019019174178
B2224342026383S07007532WA0051400525010019018171180
B2224352026386S07007531WA0051400525010019019172181
B2224362026388S07007531WA0051400526010019019175181
B2224372026391S07007531WA0051400526010019020175175
B2224382026394S07007530WA0051400527010019021172179
B2224392026398S07007530WA0051400527010019022168175
B2224402026401S07007529WA0051300528010019021171182
B2224412026404S07007529WA0051300529010019021175183
B2224422026407S07007529WA0051300529010019021177184
B2224432026413S07007529WA0051200530010019024180184
B2224442026417S07007529WA0051100531010019025168178
B2224452026421S07007528WA0051000531010019023170182
B2224462026424S07007528WA0050900532010019019176191
B2224472026426S07007528WA0050900533010019019181180
B2224482026429S07007528WA0050900533010019019190188
B2224492026432S07007529WA0050900534010019021194187
B2224502026435S07007530WA0050900534010019018203199
B2224512026437S07007531WA0051000535010019017196195
B2224522026440S07007531WA0051100536010019016190191
B2224532026442S07007532WA0051100536010019017189196
B2224542026445S07007532WA0051200537010019019192195
B2224552026448S07007533WA0051200537010019023193197
B2224562026451S07007534WA0051200537010019020201195
B2224572026454S07007535WA0051200537010019017199191
B2224582026456S07007536WA0051100537010019016199193
B2224592026458S07007537WA0051100538010019015195189
B2225002026460S07007538WA0051100538010019016188190
B2225012026462S07007538WA0051100538010019016185187
B2225022026465S07007539WA0051100538010019016192188
B2225032026467S07007539WA0051000538010019018191186
B2225042026470S07007540WA0051000539010019016197195
B2225052026472S07007541WA0051000539010019016198187
B2225062026475S07007541WA0050900539010019016188176
B2225072026478S07007542WA0050900539010019021176168
B2225082026481S07007541WA0050900539010019020164156
B2225092026485S07007539WA0050900539010019022140147
B2225102026488S07007536WA0050800538010019024124142
B2225112026490S07007533WA0050800537010019026117133
B2225122026492S07007529WA0050700537010019030115133
B2225132026494S07007525WA0050700536010019030114136
B2225142026496S07007521WA0050700536010019029115137
B2225152026497S07007517WA0050600535010019026114138
B2225162026499S07007513WA0050500535010019024116140
B2225172026501S07007510WA0050500534010019025117144
B2225182026503S07007506WA0050500534010019028119143
B2225192026505S07007502WA0050400533010019027118147
B2225202026506S07007499WA0050300532010019025115150
B2225212026508S07007495WA0050300532010019022116153
B2225222026510S07007492WA0050200532010019019126157
B2225232026511S07007490WA0050100531010019020138161
B2225242026514S07007488WA0050000531010019021138165
B2225252026516S07007486WA0050000530010019020138170
B2225262026518S07007484WA0050000530010019019148168
B2225272026520S07007483WA0050000529010019019164176
B2225282026523S07007482WA0050000529010019019173188
B2225292026525S07007482WA0050000528010019019179185
B2225302026527S07007482WA0049900528010019018181190
B2225312026530S07007482WA0049900528010019017184189
B2225322026532S07007483WA0050000528010019018193188
B2225332026535S07007484WA0050000528010019019200196
B2225342026537S07007485WA0050000527010019019205195
B2225352026539S07007486WA0050000527010019019203195
B2225362026541S07007487WA0050000526010019018198195
B2225372026544S07007488WA0050000526010019018196194
B2225382026546S07007489WA0049900525010019019198197
B2225392026548S07007490WA0049800525010019020201198
B2225402026550S07007491WA0049800524010019020201201
B2225412026553S07007492WA0049700524010019020198194
B2225422026555S07007493WA0049700524010019017198191
B2225432026557S07007494WA0049700524010019014198196
B2225442026559S07007495WA0049700524010019014194187
B2225452026561S07007495WA0049800524010019016190195
B2225462026564S07007495WA0050000524010019017190194
B2225472026566S07007496WA0050200524010019020189192
B2225482026569S07007497WA0050400524010019016203203
B2225492026571S07007498WA0050600524010019014207202
B2225502026572S07007499WA0050600524010019012210191
B2225512026573S07007499WA0050700524010019011202187
B2225522026575S07007500WA0050800524010019014183186
B2225532026577S07007500WA0050800524010019014185192
B2225542026579S07007500WA0050800524010019014194193
B2225552026581S07007501WA0050800524010019015204193
B2225562026583S07007502WA0050800524010019015208193
B2225572026585S07007503WA0050700524010019015208191
B2225582026586S07007505WA0050700524010019015204188
B2225592026588S07007506WA0050600524010019015202187
B2226002026590S07007506WA0050500524010019012201187
B2226012026592S07007506WA0050300523010019014192189
B2226022026595S07007506WA0050200523010019013191185
B2226032026597S07007506WA0050200522010019012190186
B2226042026599S07007506WA0050200522010019013189184
B2226052026601S07007506WA0050100522010019014181186
B2226062026603S07007506WA0050100521010019014171174
B2226072026605S07007506WA0050100521010019012167176
B2226082026607S07007505WA0050100521010019012167167
B2226092026609S07007505WA0050100520010019012163175
B2226102026611S07007504WA0050100520010019014156173
B2226112026613S07007503WA0050100520010019016146163
B2226122026616S07007502WA0050100520010019017145169
B2226132026618S07007500WA0050200520010019017148162
B2226142026620S07007499WA0050300520010019017152169
B2226152026622S07007498WA0050400520010019019149177
B2226162026625S07007496WA0050400520010019020144157
B2226172026627S07007494WA0050500520010019017137156
B2226182026629S07007492WA0050600520010019016131167
B2226192026630S07007491WA0050800521010019016130160
B2226202026632S07007489WA0050800521010019020136157
B2226212026635S07007486WA0050900521010019023141160
B2226222026637S07007484WA0051000521010019022143163
B2226232026640S07007482WA0051100521010019019142174
B2226242026642S07007480WA0051100521010019019149168
B2226252026645S07007479WA0051200522010019021155174
B2226262026647S07007478WA0051400522010019020158170
B2226272026650S07007477WA0051500522010019019159178
B2226282026653S07007476WA0051700523010019019158179
B2226292026656S07007474WA0051900524010019020159171
B2226302026659S07007473WA0052000524010019021160177
B2226312026661S07007472WA0052100525010019021164174
B2226322026665S07007472WA0052200525010019021163172
B2226332026667S07007471WA0052300525010019015169168
B2226342026669S07007471WA0052400526010019015167175
B2226352026671S07007470WA0052400526010019016161166
B2226362026674S07007469WA0052400526010019021157167
B2226372026677S07007468WA0052400526010019022155163
B2226382026680S07007466WA0052400526010019022140162
B2226392026682S07007464WA0052300526010019019132160
B2226402026684S07007461WA0052200527010019018129160
B2226412026686S07007459WA0052200527010019018134161
B2226422026688S07007457WA0052200527010019019140156
B2226432026690S07007455WA0052300528010019019142161
B2226442026692S07007454WA0052300528010019016137158
B2226452026693S07007452WA0052400529010019013133156
B2226462026694S07007450WA0052500529010019014133163
B2226472026696S07007449WA0052600529010019017145161
B2226482026698S07007447WA0052600530010019020148161
B2226492026701S07007446WA0052600530010019021148157
B2226502026703S07007444WA0052600530010019019144157
B2226512026706S07007442WA0052500530010019018139153
B2226522026708S07007440WA0052400530010019018140155
B2226532026710S07007438WA0052400530010019022146157
B2226542026713S07007436WA0052400530010019025148157
B2226552026716S07007434WA0052300530010019021142161
B2226562026718S07007432WA0052300530010019017131164
B2226572026720S07007430WA0052300531010019014124160
B2226582026721S07007429WA0052400531010019013127167
B2226592026722S07007427WA0052500531010019013133166
B2227002026724S07007425WA0052600532010019014133165
B2227012026725S07007424WA0052700532010019015127164
B2227022026726S07007422WA0052900532010019014121154
B2227032026727S07007420WA0053000533010019012129162
B2227042026729S07007419WA0053100533010019012144172
B2227052026730S07007418WA0053200534010019013150173
B2227062026732S07007417WA0053300534010019014148170
B2227072026734S07007415WA0053400535010019014151168
B2227082026736S07007414WA0053400535010019016151171
B2227092026738S07007413WA0053500535010019021150165
B2227102026741S07007411WA0053500536010019025148164
B2227112026745S07007409WA0053500536010019025147166
B2227122026748S07007407WA0053500536010019023150164
B2227132026751S07007405WA0053500537010019018158175
B2227142026753S07007404WA0053500538010019016164179
B2227152026756S07007404WA0053600538010019017169178
B2227162026759S07007403WA0053700539010019019171184
B2227172026761S07007403WA0053800540010019016175173
B2227182026764S07007403WA0054000541010019018179185
B2227192026766S07007403WA0054100542010019021178189
B2227202026770S07007403WA0054200543010019023182188
B2227212026773S07007404WA0054400544010019021190183
B2227222026775S07007404WA0054500545010019019205185
B2227232026778S07007406WA0054700546010019022202201
B2227242026782S07007407WA0054800546010019027198193
B2227252026786S07007409WA0054800547010019024196192
B2227262026789S07007410WA0054800548010019027191181
B2227272026793S07007410WA0054700548010019027189185
B2227282026797S07007411WA0054600547010019024189187
B2227292026801S07007412WA0054600547010019021187185
B2227302026804S07007412WA0054500547010019023183187
B2227312026807S07007412WA0054400547010019020182188
B2227322026810S07007412WA0054400547010019021179182
B2227332026813S07007412WA0054300547010019021175176
B2227342026816S07007411WA0054300546010019021168175
B2227352026819S07007411WA0054200546010019020162165
B2227362026821S07007410WA0054100546010019018156162
B2227372026824S07007408WA0054000546010019016153159
B2227382026826S07007407WA0053900546010019016144153
B2227392026828S07007405WA0053900545010019018131131
B2227402026829S07007402WA0053800545010019023110128
B2227412026829S07007398WA0053600545010019032084104
B2227422026828S07007392WA0053500544010019040061080
B2227432026824S07007387WA0053200544010019046043053
B2227442026818S07007382WA0053000543010019049031029
B2227452026811S07007379WA0052800542010019049022018
B2227462026805S07007376WA0052700541010019047016359
B2227472026798S07007374WA0052700540010019045012357
B2227482026791S07007373WA0052600539010019045007351
B2227492026784S07007372WA0052500538010019046002349
B2227502026777S07007372WA0052400537010019046359333
B2227512026770S07007372WA0052400537010019045358343
B2227522026763S07007373WA0052400536010019043356335
B2227532026757S07007373WA0052400535010019043353333
B2227542026750S07007374WA0052400535010019045350335
B2227552026743S07007376WA0052400534010019048349332
B2227562026736S07007377WA0052400533010019050350331
B2227572026729S07007378WA0052300533010019049351337
B2227582026721S07007379WA0052300532010019049354339
B2227592026714S07007380WA0052300531010019051357344
B2228002026706S07007381WA0052200531010019051355342
B2228012026698S07007381WA0052200530010019054355337
B2228022026690S07007382WA0052200529010019053356341
B2228032026682S07007382WA0052100529010019054001339
B2228042026674S07007382WA0052100529010019052002346
B2228052026666S07007382WA0052100528010019050003348
B2228062026659S07007381WA0052200529010019049002339
B2228072026652S07007381WA0052200529010019048002348
B2228082026645S07007381WA0052400529010019046003001
B2228092026638S07007380WA0052500529010019045008006
B2228102026631S07007378WA0052600529010019045015007
B2228112026625S07007376WA0052700529010019049021009
B2228122026618S07007374WA0052800530010019049020003
B2228132026611S07007371WA0052900530010019046015002
B2228142026605S07007370WA0053000531010019042009356
B2228152026599S07007369WA0053000532010019042006345
B2228162026592S07007368WA0053100532010019044006349
B2228172026586S07007368WA0053200533010019044006350
B2228182026580S07007367WA0053200533010019039003343
B2228192026574S07007367WA0053200533010019036000342
B2228202026569S07007367WA0053200534010019038357341
B2228212026563S07007368WA0053200534010019038353343
B2228222026557S07007368WA0053200534010019040351335
B2228232026551S07007370WA0053200534010019041349330
B2228242026546S07007371WA0053100534010019036347333
B2228252026541S07007372WA0053100534010019032345326
B2228262026536S07007374WA0053100534010019032337315
B2228272026532S07007377WA0053200535010019034329305
B2228282026527S07007380WA0053200535010019036327301
B2228292026523S07007383WA0053300535010019033329303
B2228302026518S07007385WA0053300536010019034339304
B2228312026514S07007387WA0053300536010019034340311
B2228322026509S07007389WA0053200536010019034340311
B2228332026504S07007391WA0053200536010019035337304
B2228342026499S07007393WA0053200536010019035337302
B2228352026494S07007395WA0053200537010019038336304
B2228362026489S07007397WA0053200537010019036340295
B2228372026484S07007399WA0053300538010019036343302
B2228382026478S07007401WA0053400539010019034341306
B2228392026474S07007403WA0053400540010019034336296
B2228402026469S07007405WA0053500541010019033335299
B2228412026464S07007407WA0053700542010019033337302
B2228422026460S07007409WA0053800543010019034343305
B2228432026455S07007410WA0054000544010019035344320
B2228442026450S07007412WA0054200545010019036343302
B2228452026444S07007413WA0054300546010019034342306
B2228462026440S07007415WA0054400548010019031340304
B2228472026436S07007417WA0054600549010019030337298
B2228482026432S07007419WA0054700550010019031335297
B2228492026427S07007421WA0054800550010019034336300
B2228502026422S07007423WA0054900551010019035337307
B2228512026417S07007425WA0054900552010019035339305
B2228522026412S07007427WA0054900553010019033342310
B2228532026408S07007429WA0054900554010019031341314
B2228542026403S07007430WA0054900554010019032337311
B2228552026399S07007433WA0054900555010019037336305
B2228562026393S07007435WA0054900556010019039339311
B2228572026388S07007437WA0054900556010019037340313
B2228582026383S07007439WA0054800557010019035340313
B2228592026378S07007441WA0054800557010019034338312
B2229002026373S07007443WA0054700558010019034337311
B2229012026368S07007445WA0054700558010019039342315
B2229022026362S07007447WA0054700558010019040344320
B2229032026356S07007449WA0054700559010019039343311
B2229042026351S07007451WA0054700559010019036341308
B2229052026345S07007453WA0054700559010019036340310
B2229062026340S07007455WA0054600559010019037340309
B2229072026335S07007457WA0054500559010019039341307
B2229082026329S07007459WA0054400559010019039340303
B2229092026323S07007461WA0054400559010019037339301
B2229102026319S07007463WA0054400559010019034336293
B2229112026314S07007465WA0054300558010019033334295
B2229122026310S07007468WA0054200558010019034331296
B2229132026305S07007471WA0054200557010019035328297
B2229142026301S07007474WA0054200557010019035329296
B2229152026296S07007477WA0054100556010019034332299
B2229162026292S07007479WA0054100556010019034334305
B2229172026287S07007482WA0054100555010019036332303
B2229182026282S07007484WA0054000554010019037332304
B2229192026277S07007487WA0053900554010019037335305
B2229202026272S07007489WA0053900553010019036338303
B2229212026267S07007491WA0053900553010019033341316
B2229222026262S07007493WA0053900552010019033338303
B2229232026257S07007495WA0053900552010019035338302
B2229242026253S07007497WA0053900551010019037333300
B2229252026247S07007500WA0053900550010019041336308
B2229262026242S07007502WA0053900550010019039340315
B2229272026236S07007504WA0053800550010019039340311
B2229282026231S07007506WA0053800550010019036341322
B2229292026225S07007508WA0053800549010019035341317
B2229302026220S07007510WA0053800549010019037343319
B2229312026215S07007511WA0053800549010019037347327
B2229322026209S07007512WA0053900549010019036346330
B2229332026204S07007514WA0053900548010019034342307
B2229342026200S07007516WA0054000548010019033341318
B2229352026195S07007517WA0054100549010019035339310
B2229362026190S07007520WA0054100549010019037334304
B2229372026185S07007523WA0054100549010019036330292
B2229382026180S07007525WA0054200549010019035331294
B2229392026176S07007528WA0054300550010019035333306
B2229402026171S07007531WA0054400550010019033331309
B2229412026167S07007533WA0054400550010019035328291
B2229422026162S07007536WA0054500550010019036326297
B2229432026157S07007539WA0054600550010019036325295
B2229442026153S07007543WA0054600550010019034324289
B2229452026149S07007546WA0054600551010019032322289
B2229462026145S07007549WA0054700551010019034324298
B2229472026141S07007552WA0054700552010019034326298
B2229482026136S07007555WA0054700552010019037327307
B2229492026131S07007558WA0054700552010019038334305
B2229502026126S07007560WA0054700552010019037338303
B2229512026121S07007562WA0054700553010019035335298
B2229522026117S07007565WA0054700553010019031330280
B2229532026113S07007568WA0054700554010019031322274
B2229542026109S07007571WA0054700554010019032321287
B2229552026106S07007574WA0054800555010019033319282
B2229562026102S07007577WA0054900555010019033322289
B2229572026098S07007580WA0055000556010019033330291
B2229582026094S07007582WA0055000556010019033336295
B2229592026089S07007584WA0055200557010019033338300
B2230002026085S07007587WA0055300558010019036333291
B2230012026080S07007589WA0055400558010019035330287
B2230022026075S07007592WA0055400558010019034327282
B2230032026071S07007595WA0055400559010019031324270
B2230042026068S07007598WA0055500559010019031322267
B2230052026064S07007601WA0055600560010019032319272
B2230062026061S07007605WA0055600561010019032316272
B2230072026057S07007608WA0055600561010019031314277
B2230082026054S07007612WA0055700562010019030315282
B2230092026051S07007615WA0055800562010019031318286
B2230102026047S07007619WA0055800563010019033320293
B2230112026043S07007622WA0055900564010019034324291
B2230122026039S07007625WA0056000564010019035327296
B2230132026034S07007628WA0056000565010019035325295
B2230142026030S07007631WA0056000565010019033321281
B2230152026027S07007635WA0056100566010019034317286
B2230162026023S07007638WA0056100566010019037314280
B2230172026019S07007643WA0056100567010019037318286
B2230182026014S07007646WA0056100567010019037326287
B2230192026010S07007649WA0056100568010019035330298
B2230202026005S07007652WA0056200569010019035328275
B2230212026001S07007656WA0056200569010019036320279
B2230222025997S07007659WA0056200570010019033312282
B2230232025994S07007663WA0056300570010019031312275
B2230242025991S07007666WA0056500571010019030325275
B2230252025987S07007669WA0056700572010019030331288
B2230262025983S07007671WA0056900573010019030329283
B2230272025980S07007674WA0057100574010019025319270
B2230282025977S07007677WA0057300575010019026310268
B2230292025974S07007680WA0057600576010019029306274
B2230302025972S07007683WA0057700577010019028311280
B2230312025969S07007686WA0057800578010019029315286
B2230322025965S07007689WA0057800579010019033330280
B2230332025961S07007692WA0058000580010019033327293
B2230342025957S07007695WA0058100581010019034317280
B2230352025954S07007699WA0058300582010019034314286
B2230362025950S07007703WA0058400583010019036322295
B2230372025945S07007706WA0058500584010019036333317
B2230382025940S07007708WA0058600585010019036341327
B2230392025934S07007710WA0058600585010019035349327
B2230402025929S07007711WA0058700586010019037351315
B2230412025923S07007712WA0058800587010019040349323
B2230422025917S07007713WA0058900588010019042349320
B2230432025911S07007714WA0059000589010019041348313
B2230442025905S07007715WA0059200590010019037348312
B2230452025899S07007717WA0059300591010019036345309
B2230462025895S07007719WA0059500592010019034325291
B2230472025890S07007722WA0059600593010019039319295
B2230482025886S07007726WA0059700594010019038320300
B2230492025881S07007730WA0059800594010019037323303
B2230502025877S07007734WA0059800595010019035329316
B2230512025872S07007736WA0059800596010019033329306
B2230522025868S07007739WA0059900597010019035326317
B2230532025863S07007742WA0060100598010019039326299
B2230542025858S07007746WA0060200599010019040327311
B2230552025853S07007749WA0060200599010019038331302
B2230562025848S07007752WA0060300600010019034331306
B2230572025844S07007754WA0060400601010019032330311
B2230582025839S07007756WA0060400602010019034330303
B2230592025835S07007759WA0060400602010019037330311
B2231002025830S07007762WA0060500602010019039330308
B2231012025824S07007765WA0060500602010019038331298
B2231022025819S07007768WA0060500602010019037332293
B2231032025815S07007771WA0060400603010019036331298
B2231042025810S07007774WA0060400603010019037328291
B2231052025805S07007777WA0060500604010019038322294
B2231062025801S07007781WA0060500604010019037320285
B2231072025797S07007784WA0060500604010019036322295
B2231082025793S07007788WA0060500605010019035324288
B2231092025788S07007791WA0060600605010019035325305
B2231102025784S07007794WA0060600606010019036323303
B2231112025780S07007798WA0060600606010019039319285
B2231122025775S07007802WA0060600606010019039320296
B2231132025771S07007806WA0060600606010019038325305
B2231142025766S07007809WA0060600606010019036329307
B2231152025762S07007812WA0060500607010019034328294
B2231162025757S07007815WA0060500607010019036324294
B2231172025753S07007818WA0060600608010019036323297
B2231182025749S07007822WA0060600608010019035322288
B2231192025744S07007825WA0060700609010019036325288
B2231202025740S07007828WA0060800610010019037326302
B2231212025735S07007832WA0061000610010019036325290
B2231222025731S07007835WA0061100611010019037322290
B2231232025726S07007839WA0061200612010019037322287
B2231242025722S07007842WA0061400613010019036323290
B2231252025718S07007846WA0061500614010019035324283
B2231262025713S07007849WA0061500615010019034324282
B2231272025709S07007852WA0061700616010019033321279
B2231282025706S07007856WA0061800617010019031319274
B2231292025702S07007859WA0061900618010019031317281
B2231302025699S07007862WA0062100618010019029313276
B2231312025696S07007866WA0062100619010019030311276
B2231322025693S07007869WA0062200620010019031313269
B2231342025690S07007873WA0062300621010019030315269
B2231352025687S07007876WA0062300622010019030313264
B2231362025684S07007880WA0062400622010019029308252
B2231372025681S07007883WA0062500623010019028307260
B2231382025678S07007887WA0062700624010019029308274
B2231392025675S07007890WA0062800625010019031314281
B2231402025672S07007894WA0062800625010019032319284
B2231412025668S07007897WA0062900626010019033322280
B2231422025664S07007900WA0062900627010019032319274
B2231432025661S07007904WA0062900628010019033315271
B2231442025657S07007907WA0063000628010019034312269
B2231452025654S07007911WA0063000629010019034313269
B2231462025651S07007915WA0063100629010019035312273
B2231472025647S07007919WA0063100630010019035308265
B2231482025644S07007924WA0063100630010019035305268
B2231492025641S07007928WA0063000631010019036307275
B2231502025638S07007933WA0063000631005010037306275
B2231512025634S07007938WA0062900632005010038306280
B2231522025631S07007942WA0062800632005010037308276
B2231532025627S07007946WA0062700632005010036312279
B2231542025624S07007950WA0062600633005010036316276
B2231552025619S07007954WA0062600633005010036318286
B2231562025615S07007958WA0062600634005010037316282
B2231572025611S07007963WA0062600634005010037312283
B2231582025607S07007967WA0062600634005010038312298
B2231592025603S07007972WA0062500635005010039318313
B2232002025598S07007975WA0062500635005010039325319
B2232012025593S07007979WA0062500635005010039329318
B2232022025588S07007982WA0062500636005010040333327
B2232032025582S07007984WA0062500636005010040334321
B2232042025576S07007987WA0062600636005010041336326
B2232052025571S07007989WA0062600637005010042336317
B2232062025565S07007992WA0062600637005010043335323
B2232072025559S07007995WA0062500637005010044334318
B2232082025552S07007998WA0062400637005010046336323
B2232092025546S07008000WA0062400637005010046337321
B2232102025539S07008003WA0062300637005010045338320
B2232112025533S07008006WA0062100637005010043338315
B2232122025527S07008008WA0061900637005010042338321
B2232132025521S07008010WA0061900636005010042338324
B2232142025515S07008013WA0061700636005010042339320
B2232152025509S07008015WA0061600636005010042339320
B2232162025497S07008019WA0061500634005010041336315
B2232172025491S07008022WA0061500634005010041335315
B2232182025486S07008024WA0061300633005010041335318
B2232192025480S07008027WA0061100632005010041336319
B2232202025475S07008029WA0060900631005010042337321
B2232212025469S07008031WA0060700630005010043338320
B2232222025463S07008034WA0060500630005010043339323
B2232232025456S07008036WA0060300629005010043341327
B2232242025450S07008038WA0060100628005010043344326
B2232252025444S07008039WA0060100626005010042345328
B2232262025438S07008041WA0059900625005010041345329
B2232272025432S07008042WA0059800624005010041346331
B2232282025426S07008043WA0059600623005010041346333
B2232292025420S07008045WA0059600622005010040347338
B2232302025414S07008046WA0059500620005010040349337
B2232312025409S07008047WA0059400619005010039349342
B2232322025403S07008048WA0059200618005010039350347
B2232332025397S07008049WA0059000617005010040351346
B2232342025391S07008049WA0058900615005010040353354
B2232352025385S07008050WA0058700613005010041356356
B2232362025379S07008050WA0058500612005010041000001
B2232372025373S07008049WA0058300609005010041003007
B2232382025366S07008049WA0058100607005010041005002
B2232392025359S07008048WA0058000604005010042005003
B2232402025352S07008047WA0057800601005010044005001
B2232412025345S07008046WA0057600599005010047007357
B2232422025338S07008045WA0057400598005010048008001
B2232432025330S07008044WA0057200595005010047009359
B2232442025323S07008042WA0057100593005010045008356
B2232452025315S07008041WA0056900591005010044005346
B2232462025308S07008041WA0056800589005010046002347
B2232472025301S07008040WA0056700587005010047001349
B2232482025293S07008040WA0056600586005010049359345
B2232492025286S07008040WA0056600584005010049358347
B2232502025278S07008041WA0056400582005010048357346
B2232512025270S07008041WA0056300580005010046359351
B2232522025263S07008041WA0056100578005010046001359
B2232532025255S07008040WA0056000576005010047003001
B2232552025248S07008040WA0055900574005010048005001
B2232562025240S07008039WA0055800572005010048006005
B2232572025233S07008038WA0055600570005010048006007
B2232582025225S07008037WA0055500568005010047008010
B2232592025218S07008036WA0055300566005010046009018
B2233002025211S07008035WA0055200564005010047010016
B2233012025204S07008033WA0055000561005010047012017
B2233022025197S07008032WA0054800559005010048013017
B2233032025189S07008030WA0054600557005010048014017
B2233042025182S07008028WA0054400555005010047014015
B2233052025175S07008027WA0054200553005010047013011
B2233062025168S07008025WA0054000552005010047010002
B2233072025161S07008024WA0053900550005010048007000
B2233082025153S07008023WA0053700548005010049004000
B2233092025146S07008023WA0053500546005010051005005
B2233102025138S07008021WA0053300544005010051010012
B2233112025130S07008020WA0053100542005010051013012
B2233122025123S07008018WA0052900540005010050014006
B2233132025116S07008016WA0052900538005010049013011
B2233142025109S07008014WA0052800537005010049013006
B2233152025102S07008012WA0052700535005010048014008
B2233162025095S07008010WA0052600533005010048015014
B2233172025088S07008008WA0052500531005010048015012
B2233182025081S07008006WA0052400529005010049014006
B2233192025074S07008003WA0052400527005010050015011
B2233202025066S07008001WA0052200525005010051015008
B2233212025059S07007999WA0052000523005010051014005
B2233222025052S07007997WA0051800521005010050013008
B2233232025044S07007995WA0051500520005010050012010
B2233242025037S07007993WA0051500518005010050012007
B2233252025029S07007991WA0051300516005010051013006
B2233262025022S07007990WA0051100514005010051012002
B2233272025014S07007988WA0050900512005010050011008
B2233282025000S07007985WA0050900509005010046012012
B2233292024994S07007983WA0050800507005010044015023
B2233302024987S07007981WA0050600506005010044016020
B2233312024981S07007979WA0050500504005010044016020
B2233322024975S07007977WA0050500503005010045015016
B2233332024968S07007975WA0050300501005010046014016
B2233342024962S07007974WA0050100499005010045014017
B2233352024955S07007972WA0049900498005010044015022
B2233362024949S07007970WA0049700496005010042017027
B2233372024943S07007967WA0049500495005010043019027
B2233382024937S07007965WA0049400493005010044020020
B2233392024931S07007962WA0049200491005010045021021
B2233402024924S07007960WA0049000489005010046022025
B2233412024918S07007956WA0048800488005010047024026
B2233422024911S07007953WA0048700486005010046025027
B2233432024905S07007950WA0048500485005010047025022
B2233442024898S07007947WA0048400483005010046025016
B2233452024892S07007944WA0048300482005010046023017
B2233462024886S07007941WA0048300481005010045020009
B2233472024879S07007938WA0048200479005010045017010
B2233482024872S07007937WA0048100478005010046014004
B2233492024866S07007935WA0048100476005010047013014
B2233502024859S07007933WA0047900475005010047013007
B2233512024852S07007932WA0047800474005010045014013
B2233522024846S07007930WA0047700472005010044014016
B2233532024840S07007929WA0047600471005010042013004
B2233542024834S07007927WA0047400470005010042011006
B2233552024827S07007926WA0047300468005010044009354
B2233562024821S07007925WA0047200467005010045006349
B2233582024814S07007925WA0047000465005010045005349
B2233592024807S07007924WA0046800464005010044005345
B2234002024801S07007924WA0046600462005010043003345
B2234012024795S07007924WA0046500461005010043001338
B2234022024788S07007924WA0046300459005010043358343
B2234032024782S07007924WA0046100458005010043357348
B2234042024775S07007925WA0046000456005010044357347
B2234052024768S07007925WA0045800455005010044357349
B2234062024762S07007925WA0045600453005010046358347
B2234072024754S07007925WA0045400452005010048000348
B2234082024747S07007925WA0045200451005010048002340
B2234092024740S07007925WA0045200449005010047003354
B2234102024733S07007924WA0045200448005010045003332
B2234112024726S07007924WA0045200447005010042004334
B2234122024719S07007923WA0045300446005010042005351
B2234132024713S07007922WA0045300445005010042004345
B2234142024707S07007922WA0045300444005010042004337
B2234152024701S07007921WA0045300443005010041004348
B2234162024694S07007921WA0045300442005010041003341
B2234172024688S07007921WA0045300441005010041001343
B2234182024682S07007921WA0045300440005010041358333
B2234192024676S07007921WA0045200439005010042355332
B2234202024669S07007922WA0045200438005010041354344
B2234212024663S07007922WA0045200437005010040355343
B2234222024657S07007923WA0045100436005010039356343
B2234232024652S07007923WA0045100436005010039358350
B2234242024646S07007923WA0045100435005010039000349
B2234252024640S07007923WA0045100434005010040001348
B2234262024634S07007923WA0045000433005010041002355
B2234272024628S07007923WA0045000432005010041002347
B2234282024622S07007923WA0044900431005010041003351
B2234292024616S07007922WA0044900431005010040004358
B2234302024610S07007922WA0044900430005010040004353
B2234312024604S07007922WA0044900430005010039002350
B2234322024598S07007922WA0044900429005010039001348
B2234332024592S07007922WA0044800428005010039001352
B2234342024586S07007922WA0044800428005010039000349
B2234352024580S07007922WA0044800427005010040359338
B2234362024574S07007923WA0044700427005010040357339
B2234372024568S07007923WA0044600426005010041355331
B2234382024562S07007924WA0044500425005010041352324
B2234392024556S07007925WA0044400424005010040348325
B2234402024550S07007927WA0044300424005010041341311
B2234412024544S07007929WA0044200423005010041339307
B2234422024533S07007935WA0044000421005010043334308
B2234432024527S07007938WA0043900420005010043332304
B2234442024521S07007941WA0043800419005010042331307
B2234452024515S07007945WA0043600418005010042331310
B2234462024510S07007948WA0043500417005010041333315
B2234472024504S07007951WA0043400416005010041335317
B2234482024499S07007953WA0043300415005010041336312
B2234492024493S07007956WA0043200414005010041338317
B2234502024487S07007958WA0043200413005010040339314
B2234512024481S07007960WA0043100413005010039339306
B2234522024476S07007962WA0043100412005010039338301
B2234532024470S07007965WA0043100411005010040336309
B2234542024465S07007967WA0043100410005010040333303
B2234552024460S07007970WA0043100409005010039331299
B2234562024454S07007973WA0043100409005010039330301
B2234582024449S07007976WA0043000408005010039330301
B2234592024439S07007983WA0042900407005010039328290
B2235002024435S07007986WA0042900406005010039327294
B2235012024430S07007989WA0042900406005010038325290
B2235022024425S07007993WA0042800405005010038324286
B2235032024421S07007997WA0042800404005010037323287
B2235042024416S07008000WA0042800404005010037321285
B2235052024412S07008004WA0042800404005010037318286
B2235062024409S07008008WA0042700403005010037315282
B2235072024405S07008012WA0042700403005010037314282
B2235082024401S07008017WA0042700402005010036315281
B2235092024398S07008021WA0042600401005010036314278
B2235102024394S07008025WA0042500401005010036311277
B2235122024391S07008029WA0042400400005010036309281
B2235132024387S07008033WA0042400399005010036310281
B2235142024384S07008038WA0042400399005010036312286
B2235152024381S07008042WA0042300398005010036314283
B2235162024377S07008046WA0042300398005010035314283
B2235172024374S07008050WA0042300397005010035313285
B2235182024370S07008054WA0042300397005010036311283
B2235192024367S07008058WA0042300396005010036311280
B2235202024363S07008063WA0042200396005010036313287
B2235212024360S07008067WA0042200395005010036314285
B2235222024356S07008071WA0042200395005010036313280
B2235232024353S07008075WA0042200395005010036311288
B2235242024349S07008079WA0042100394005010037312291
B2235252024345S07008084WA0042100394005010038316294
B2235262024341S07008088WA0042100394005010037322298
B2235272024337S07008091WA0042200394005010036326293
B2235282024332S07008094WA0042300394005010035326282
B2235292024328S07008097WA0042300394005010034321277
B2235302024324S07008101WA0042300394005010034317277
B2235312024321S07008104WA0042400394005010034314267
B2235322024317S07008108WA0042400394005010033309250
B2235332024315S07008112WA0042400394005010031298242
B2235342024313S07008117WA0042400395005010028284232
B2235352024313S07008121WA0042400395005010024274226
B2235362024313S07008124WA0042400395005010021267215
B2235372024313S07008127WA0042400395005010016267209
B2235382024313S07008129WA0042400395005010010276205
B2235392024314S07008129WA0042500394005010005328203
B2235402024314S07008126WA0042600393005010014076192
B2235412024314S07008122WA0042700392010019019086151
B2235422024314S07008118WA0042900392010019023090147
B2235432024315S07008113WA0042900391010019026088143
B2235442024315S07008109WA0043100391010019026088146
B2235452024316S07008104WA0043200391010019026091151
B2235462024317S07008099WA0043300390010019022101160
B2235472024318S07008095WA0043400390010019020114158
B2235482024320S07008091WA0043400391010019020115159
B2235492024321S07008086WA0043500392010019022110160
B2235502024323S07008081WA0043500392010019023100147
B2235512024324S07008077WA0043600394010019022100152
B2235522024326S07008072WA0043600394010019021110156
B2235532024327S07008069WA0043600395010019021120166
B2235542024329S07008065WA0043700396010019023121158
B2235552024330S07008061WA0043700397010019024110163
B2235562024332S07008057WA0043700398010019020100143
B2235572024333S07008053WA0043800399010019016104165
B2235582024334S07008050WA0043900400010019015119155
B2235592024336S07008048WA0044100401010019020130162
B2236002024338S07008045WA0044200402010019020125157
B2236012024340S07008042WA0044200403010019020115149
B2236022024342S07008039WA0044300404010019021111139
B2236032024344S07008036WA0044400405010019023102145
B2236042024344S07008032WA0044500407010019026101146
B2236052024346S07008027WA0044500408010019026101149
B2236062024347S07008022WA0044600410010019025101161
B2236072024348S07008018WA0044600411010019023114163
B2236082024351S07008015WA0044700412010019021131175
B2236092024353S07008013WA0044800413010019019158191
B2236102024356S07008012WA0044900414010019017185215
B2236122024359S07008013WA0045000415010019017212216
B2236132024361S07008015WA0045100415010019018213230
B2236142024363S07008016WA0045200416010019017223239
B2236152024364S07008019WA0045300416010019016263240
B2236162024363S07008021WA0045400416010019023308252
B2236172024359S07008024WA0045600416010019031330283
B2236182024354S07008027WA0045700417010019035345313
B2236192024348S07008029WA0045900418010019037345322
B2236202024342S07008031WA0046000419010019037344312
B2236212024337S07008034WA0046200421010019036337308
B2236222024332S07008037WA0046300422010019030317297
B2236232024329S07008042WA0046400424010019026294273
B2236242024329S07008045WA0046400425010019020259249
B2236252024330S07008048WA0046400426010019017208224
B2236262024332S07008047WA0046500427010019016147192
B2236272024334S07008045WA0046500430010019022124159
B2236282024336S07008042WA0046600431010019024109140
B2236292024337S07008039WA0046800433010019024101140
B2236302024337S07008035WA0046900435010019023103139
B2236312024337S07008030WA0047100436010019024101135
B2236322024338S07008027WA0047200438010019026095124
B2236332024337S07008018WA0047300440010019029081119
B2236342024336S07008013WA0047400442010019028081115
B2236352024336S07008009WA0047500443010019026090128
B2236362024336S07008005WA0047500443010019026095142
B2236372024336S07008001WA0047600444010019024112153
B2236382024338S07007998WA0047600445010019021128163
B2236392024340S07007996WA0047600446010019021166185
B2236402024343S07007997WA0047500447010019019210205
B2236412024345S07007999WA0047400447010019024240231
B2236422024347S07008003WA0047400448010019028264255
B2236432024347S07008008WA0047300448010019029276275
B2236442024344S07008012WA0047300449010019032319273
B2236452024340S07008016WA0047300449010019033316291
B2236462024336S07008020WA0047300450010019033314284
B2236472024332S07008024WA0047400450010019034311283
B2236482024328S07008029WA0047400451010019033310286
B2236492024325S07008034WA0047400452010019033305268
B2236502024322S07008038WA0047400453010019032302267
B2236512024320S07008043WA0047400455010019029289248
B2236522024319S07008047WA0047400455010019029282247
B2236532024318S07008052WA0047500456010019024277247
B2236542024317S07008055WA0047500457010019022277231
B2236552024317S07008059WA0047500458010019023273244
B2236562024316S07008063WA0047500459010019025289261
B2236572024315S07008066WA0047500459010019027294269
B2236582024313S07008071WA0047500460010019028300282
B2236592024310S07008075WA0047400461010019036308286
B2237002024306S07008079WA0047300461010019036309297
B2237012024302S07008084WA0047300462010019038322292
B2237022024297S07008087WA0047300463010019039327297
B2237032024292S07008091WA0047300464010019038331301
B2237042024287S07008094WA0047300465010019037334302
B2237052024282S07008097WA0047400466010019035328299
B2237062024277S07008100WA0047500467010019036326294
B2237072024272S07008103WA0047600468010019041326297
B2237082024267S07008106WA0047700469010019041329305
B2237092024262S07008110WA0047700471010019039329296
B2237102024257S07008113WA0047800472010019035328287
B2237112024253S07008116WA0047800473010019032325292
B2237122024249S07008119WA0047900474010019034319284
B2237132024245S07008123WA0048000475010019035315286
B2237142024241S07008127WA0048000476010019035315286
B2237152024237S07008130WA0047900476010019034317287
B2237162024234S07008134WA0047900477010019034318288
B2237172024230S07008138WA0047900478010019031318286
B2237182024226S07008141WA0047900478010019032320291
B2237192024222S07008144WA0047900479010019034322294
B2237202024218S07008147WA0047800479010019035327300
B2237212024214S07008150WA0047800479010019037327304
B2237222024209S07008154WA0047700480010019036327293
B2237232024204S07008157WA0047600480010019034327288
B2237242024200S07008160WA0047600481010019032326290
B2237252024197S07008163WA0047600481010019030320289
B2237262024193S07008166WA0047600481010019031320288
B2237272024189S07008169WA0047500481010019034321297
B2237282024185S07008173WA0047500481010019036323287
B2237292024181S07008176WA0047500481010019033325302
B2237302024177S07008179WA0047500481010019030325292
B2237312024173S07008182WA0047500481010019031323300
B2237322024169S07008185WA0047500481010019033324300
B2237332024165S07008188WA0047500481010019035327299
B2237342024160S07008191WA0047500481010019035330294
B2237352024156S07008193WA0047500481010019033332298
B2237362024152S07008196WA0047500481010019033329290
B2237372024147S07008199WA0047500482010019033324285
B2237382024143S07008202WA0047600482010019033323292
B2237392024139S07008205WA0047600482010019034323287
B2237402024135S07008208WA0047700482010019035324298
B2237412024131S07008211WA0047700482010019035323298
B2237422024127S07008215WA0047700482010019035325294
B2237432024122S07008218WA0047800482010019037326299
B2237442024117S07008222WA0047800482010019038325298
B2237452024112S07008225WA0047800482010019038323293
B2237462024108S07008229WA0047800481010019037322292
B2237472024103S07008233WA0047800481010019037322296
B2237482024099S07008236WA0047700481010019036322300
B2237492024094S07008240WA0047600480010019038322294
B2237502024090S07008244WA0047600479010019039324300
B2237512024085S07008247WA0047500479010019039324295
B2237522024080S07008251WA0047400478010019039324293
B2237532024075S07008255WA0047300477010019038323292
B2237542024071S07008258WA0047300476010019039321294
B2237552024066S07008262WA0047200475010019039320296
B2237562024061S07008266WA0047100475010019040319295
B2237572024057S07008271WA0046900474010019041319301
B2237582024052S07008275WA0046800473010019043320302
B2237592024047S07008279WA0046600472010019044321303
B2238002024041S07008284WA0046400470010019044323304
B2238012024036S07008288WA0046300469010019043323305
B2238022024031S07008292WA0046100468010019043323305
B2238032024025S07008296WA0046000467010019042323313
B2238052024020S07008300WA0045800466010019042324304
B2238062024015S07008304WA0045700465010019043325307
B2238072024010S07008308WA0045700464010019043324299
B2238082024005S07008312WA0045500463010019041323299
B2238092024000S07008316WA0045400461010019042322304
B2238102023995S07008320WA0045200460010019043322310
B2238112023990S07008324WA0044900458010019046327317
B2238122023984S07008328WA0044700456010019047331315
B2238132023977S07008331WA0044700455010019049334311
B2238142023971S07008335WA0044500454010019049334310
B2238152023964S07008338WA0044300452010019049333319
B2238162023958S07008341WA0044000451010019048335324
B2238172023951S07008344WA0044000449010019048340332
B2238182023944S07008347WA0043900448010019049343329
B2238192023937S07008349WA0043700446010019048343334
B2238202023930S07008351WA0043600445010019048343329
B2238212023923S07008353WA0043500444010019047344336
B2238222023916S07008355WA0043400442010019046349348
B2238232023909S07008356WA0043300441010019045354352
B2238242023903S07008356WA0043200440010019043358004
B2238252023896S07008356WA0043100438010019043002008
B2238262023889S07008356WA0043000437010019045008009
B2238272023882S07008355WA0042900436010019047011004
B2238282023875S07008353WA0042900435010019047012002
B2238292023868S07008352WA0042800434010019045012359
B2238302023862S07008350WA0042700433010019043010000
B2238312023855S07008349WA0042700432010019041008359
B2238322023849S07008348WA0042700431010019042005001
B2238332023842S07008347WA0042700430010019043005359
B2238342023835S07008347WA0042600428010019045006001
B2238352023828S07008346WA0042600427010019050006349
B2238362023821S07008345WA0042500426010019047002348
B2238372023806S07008345WA0042400424010019048357351
B2238382023799S07008346WA0042300423010019050358349
B2238392023791S07008346WA0042100423010019047001345
B2238402023784S07008345WA0042000422010019046003355
B2238412023777S07008345WA0041900421010019044359001
B2238422023771S07008345WA0041900421010019038001349
B2238432023766S07008345WA0041900420010019036358350
B2238442023760S07008345WA0042000420010019041002350
B2238452023754S07008344WA0042000419010019047007353
B2238462023747S07008343WA0042000419010019045005350
B2238472023741S07008343WA0042000418010019040000342
B2238482023735S07008343WA0042000418010019038356336
B2238492023729S07008343WA0042000418010019038357338
B2238502023723S07008344WA0042000418010019039359344
B2238512023717S07008343WA0042000418010019039002353
B2238522023711S07008343WA0042100418010019039005350
B2238532023706S07008342WA0042100418010019037006355
B2238542023700S07008342WA0042100418010019035005355
B2238552023695S07008341WA0042100418010019036006351
B2238562023689S07008341WA0042100418010019037006347
B2238572023684S07008340WA0042100418010019038008352
B2238582023678S07008339WA0042000418010019039004345
B2238592023672S07008339WA0042000418010019039001341
B2239002023666S07008339WA0042000417010019039358337
B2239012023661S07008339WA0041900417010019040357340
B2239022023655S07008339WA0041900417010019040359343
B2239032023648S07008340WA0041900417010019040358336
B2239042023642S07008340WA0041800417010019039355334
B2239052023637S07008341WA0041800416010019038349333
B2239062023631S07008342WA0041800416010019037346327
B2239072023626S07008344WA0041700416010019036348331
B2239082023621S07008345WA0041700416010019035350334
B2239092023616S07008346WA0041700415010019036351325
B2239102023610S07008347WA0041600415010019037350328
B2239112023605S07008348WA0041600415010019037349321
B2239122023599S07008349WA0041600415010019037346312
B2239132023594S07008351WA0041600414010019037341320
B2239142023589S07008353WA0041500414010019037339303
B2239152023584S07008355WA0041500414010019036343305
B2239162023579S07008356WA0041500415010019033346309
B2239172023574S07008357WA0041500415010019031347320
B2239182023570S07008358WA0041600415010019031346317
B2239192023565S07008360WA0041700415010019035347318
B2239202023559S07008361WA0041700415010019039350322
B2239212023554S07008361WA0041800416010019039354321
B2239222023548S07008362WA0041900416010019037354318
B2239232023543S07008363WA0042000416010019036352323
B2239242023537S07008364WA0042000416010019035346325
B2239252023532S07008365WA0042100416010019036345324
B2239262023527S07008366WA0042100417010019039347330
B2239272023521S07008368WA0042200417010019039349329
B2239282023515S07008369WA0042200417010019038353324
B2239292023510S07008369WA0042200417010019039352324
B2239302023504S07008370WA0042200417010019037349324
B2239312023499S07008371WA0042200417010019037347323
B2239322023493S07008373WA0042200417010019037347327
B2239332023488S07008374WA0042200418010019037347331
B2239342023482S07008375WA0042200418010019041344322
B2239352023476S07008377WA0042200418010019042345324
B2239362023470S07008379WA0042200418010019042347324
B2239372023464S07008380WA0042200418010019040352338
B2239382023458S07008381WA0042200419010019039352338
B2239392023452S07008382WA0042200419010019039351336
B2239402023447S07008383WA0042200419010019041350335
B2239412023441S07008384WA0042300420010019042349332
B2239422023434S07008385WA0042300420010019040346325
B2239432023429S07008387WA0042400420010019037342323
B2239442023424S07008389WA0042400420010019036338319
B2239452023419S07008391WA0042400420010019037334323
B2239462023413S07008394WA0042400420010019039336317
B2239472023408S07008396WA0042300420010019039338324
B2239482023402S07008398WA0042300420010019039345334
B2239492023397S07008399WA0042200421010019038344321
B2239502023391S07008401WA0042200421010019037343324
B2239512023386S07008403WA0042100421010019037341320
B2239522023381S07008404WA0042100421010019038343324
B2239532023375S07008406WA0042100421010019039344330
B2239542023369S07008408WA0042100421010019039343324
B2239552023364S07008409WA0042000421010019037339315
B2239562023359S07008412WA0042000421010019037336313
B2239572023354S07008414WA0042000421010019038334311
B2239582023349S07008417WA0041900420010019038334311
B2239592023344S07008419WA0041800420010019037334308
B2240002023339S07008422WA0041700420010019036335313
B2240012023334S07008424WA0041700420010019035334316
B2240022023329S07008426WA0041700420010019036337316
B2240032023324S07008428WA0041700420010019036340322
B2240042023319S07008430WA0041800420010019037341330
B2240052023314S07008432WA0041800420010019037343319
B2240062023308S07008433WA0041800420010019036345328
B2240072023303S07008435WA0041800420010019034347330
B2240082023298S07008436WA0041800420010019035345322
B2240092023293S07008437WA0041800420010019036341324
B2240102023288S07008439WA0041800419010019038338317
B2240112023282S07008442WA0041800419010019038339317
B2240122023277S07008444WA0041700419010019037340314
B2240132023272S07008446WA0041600418010019035338308
B2240142023267S07008448WA0041600418010019034332294
B2240152023263S07008451WA0041500418010019033322290
B2240162023260S07008454WA0041500417010019035314279
B2240172023256S07008458WA0041400417010019034316290
B2240182023253S07008462WA0041300417010019034317285
B2240192023249S07008466WA0041300417010019034318290
B2240202023245S07008469WA0041300417010019033318302
B2240212023241S07008473WA0041300416010019034319295
B2240222023238S07008477WA0041300416010019034321297
B2240232023233S07008480WA0041300416010019034325303
B2240242023229S07008483WA0041300416010019033327306
B2240252023225S07008485WA0041300416010019032325301
B2240262023221S07008488WA0041400415010019030321296
B2240272023218S07008492WA0041400415010019034318299
B2240282023214S07008495WA0041300414010019034320283
B2240292023210S07008499WA0041300414010019036316295
B2240302023206S07008503WA0041200413010019036314278
B2240312023202S07008507WA0041200413010019035311281
B2240322023199S07008511WA0041100412010019031307276
B2240332023197S07008515WA0041100412010019032311279
B2240342023193S07008519WA0041100411010019032311291
B2240352023190S07008523WA0041100411010019032311284
B2240362023187S07008526WA0041100410010019031312283
B2240372023184S07008530WA0041200410010019030316284
B2240382023181S07008533WA0041200410010019029316285
B2240392023178S07008537WA0041200410010019030313280
B2240402023175S07008540WA0041200409010019030309278
B2240412023172S07008544WA0041200409010019031309279
B2240422023169S07008548WA0041200409010019031313287
B2240432023166S07008552WA0041200408010019033315284
B2240442023162S07008555WA0041200408010019032316286
B2240452023159S07008559WA0041200408010019031314286
B2240462023156S07008563WA0041200407010019031311277
B2240472023153S07008566WA0041100407010019030310281
B2240482023150S07008570WA0041100407010019030309281
B2240492023147S07008574WA0041100407010019030306277
B2240502023145S07008578WA0041000406010019031302284
B2240512023142S07008582WA0041000406010019033301278
B2240522023139S07008587WA0041000406010019038310268
B2240532023135S07008591WA0041100406010019036312282
B2240542023132S07008595WA0041100406010019034309264
B2240552023129S07008599WA0041300407010019030301265
B2240562023127S07008603WA0041400407010019027297266
B2240572023126S07008607WA0041500407010019026300275
B2240582023123S07008610WA0041600407010019026302284
B2240592023121S07008614WA0041600407010019027306292
B2241002023118S07008617WA0041700407010019033320296
B2241012023114S07008620WA0041800407010019034323292
B2241022023110S07008623WA0041800407010019033324297
B2241032023106S07008626WA0041900407010019031320291
B2241042023103S07008629WA0041900408010019030314280
B2241052023099S07008633WA0041900408010019031312288
B2241062023096S07008637WA0042000408010019031311282
B2241072023093S07008640WA0042000409010019031311283
B2241082023090S07008644WA0042000409010019032310281
B2241092023087S07008648WA0042000409010019031305282
B2241102023085S07008652WA0042000409010019029299276
B2241112023082S07008656WA0042000410010019028298273
B2241122023080S07008660WA0042000410010019029300279
B2241132023078S07008664WA0042000410010019030303289
B2241142023075S07008668WA0042000410010019031305292
B2241152023072S07008672WA0042000411010019035312289
B2241162023068S07008676WA0042000411010019035318302
B2241172023064S07008680WA0042000412010019034325308
B2241182023060S07008683WA0042100412010019032324299
B2241192023056S07008686WA0042100413010019031320300
B2241202023053S07008689WA0042200413010019031316296
B2241212023050S07008692WA0042300414010019030315286
B2241222023046S07008696WA0042300414010019030312286
B2241232023044S07008699WA0042400415010019030304280
B2241242023041S07008703WA0042400415010019031291270
B2241252023040S07008708WA0042400416010019031286270
B2241262023039S07008713WA0042400416010019032284274
B2241272023037S07008718WA0042400417010019029297281
B2241282023035S07008722WA0042400417010019028305278
B2241292023033S07008726WA0042400418010019030302284
B2241302023030S07008730WA0042500419010019032295275
B2241312023029S07008735WA0042500419010019033291275
B2241322023027S07008740WA0042500419010019032295273
B2241332023025S07008744WA0042600420010019030300280
B2241342023022S07008748WA0042600420010019029300276
B2241352023021S07008752WA0042600421010019029292269
B2241362023019S07008756WA0042600421010019031289257
B2241372023018S07008761WA0042600422010019027276240
B2241382023018S07008764WA0042700422010019023244221
B2241392023020S07008767WA0042700422010019019218193
B2241402023023S07008767WA0042700423010019022153172
B2241412023026S07008764WA0042700423010019028121148
B2241422023027S07008760WA0042600423010019027098136
B2241432023027S07008755WA0042600424010019026087113
B2241442023027S07008751WA0042600424010019024081119
B2241452023026S07008747WA0042600424010019024091127
B2241462023026S07008743WA0042600425010019026093129
B2241472023026S07008739WA0042600425010019029089126
B2241482023026S07008734WA0042700425010019029083124
B2241492023025S07008730WA0042700425010019025084131
B2241502023025S07008726WA0042700425010019023090140
B2241512023026S07008722WA0042700426010019023100142
B2241522023026S07008719WA0042700426010019022107140
B2241532023028S07008716WA0042700426010019021114148
B2241552023029S07008713WA0042800426010019020124158
B2241562023031S07008711WA0042700426010019019131163
B2241572023033S07008709WA0042700426010019021130156
B2241582023035S07008706WA0042700426010019022128160
B2241592023037S07008704WA0042700427010019022126160
B2242002023039S07008701WA0042700427010019022125157
B2242012023041S07008699WA0042700427010019022127155
B2242022023043S07008696WA0042700427010019021129160
B2242032023045S07008693WA0042600427010019021123144
B2242042023046S07008691WA0042600427010019021115147
B2242052023047S07008688WA0042600428010019020112145
B2242062023048S07008685WA0042600428010019019101143
B2242072023049S07008682WA0042700428010019016107153
B2242082023049S07008680WA0042700428010019013115159
B2242092023050S07008678WA0042800428010019013119156
B2242102023052S07008674WA0042800429010019018120153
B2242112023054S07008672WA0042800429010019018126162
B2242122023055S07008669WA0042700429010019017128162
B2242132023057S07008667WA0042700429010019016124157
B2242142023058S07008665WA0042700429010019017119151
B2242152023059S07008663WA0042600429010019016123154
B2242162023061S07008662WA0042600430010019014132161
B2242172023062S07008661WA0042600430010019012142150
B2242182023063S07008660WA0042500430010019010147155
B2242192023064S07008660WA0042500430010019006157161
B2242202023065S07008660WA0042400430010019006168166
B2242212023066S07008660WA0042400431010019002146166
B2242222023066S07008660WA0042400432010019001067162
B2242232023066S07008660WA0042300432010019000000160
B2242242023066S07008660WA0042300432010019000000164
B2242252023066S07008660WA0042300432010019000000163
B2242262023066S07008660WA0042300432010019001292164
B2242272023066S07008660WA0042300432010019001273165
B2242282023066S07008660WA0042300432010019001281166
B2242292023066S07008660WA0042300432010019001215166
B2242302023066S07008660WA0042300432010019001215166
B2242312023066S07008660WA0042300432010019001211167
B2242322023066S07008660WA0042300432010019001227167
B2242332023066S07008660WA0042300432010019000253167
B2242342023066S07008660WA0042300432010019000000167
B2242352023066S07008660WA0042300432010019000000167
B2242362023066S07008660WA0042300432010019001196168
B2242372023066S07008660WA0042300432010019001188168
B2242382023066S07008660WA0042300432010019000170168
B2242392023066S07008660WA0042300432010019000000168
B2242402023066S07008660WA0042300432010019000000168
B2242412023066S07008660WA0042300432010019000000168
B2242422023066S07008660WA0042300432010019001239167
B2242432023066S07008660WA0042300432010019001318171
B2242442023066S07008660WA0042300432010019000338176
B2242452023066S07008660WA0042300432010019000092189
B2242462023066S07008660WA0042300432010019001066149
B2242472023066S07008660WA0042300432010019001074154
B2242482023066S07008660WA0042300432010019001076154
B2242492023066S07008660WA0042300432010019001067158
B2242502023066S07008660WA0042300432010019001040178
B2242512023066S07008660WA0042300432010019001028161
Gry6ITyDylcgFO2IRfMtObti3ooEcQ7KlcYdgVGkavaet8onZciuS39RfWfYDLMBF
GNp2LxUXsFzmf5DlX2sjIK7k5GlP8qPiTG/hePS22qpk0XFXe9CHVMAf2Li28w2Yt
G1D46xk7LIT7JwBLQmuCDM4zgIJYJpg0SJoWPq1i10nU=

