AXFH000
HFDTE020926
HFPLTPILOT:Scott O’Brien
HFGTYGLIDERTYPE:Ozone Swift 6
HFDTM100GPSDATUM:WGS84
HFRFWFIRMWAREVERSION:9.7.1
HFRHWHARDWAREVERSION:iPhone 15
HFFTYFRTYPE:Flyskyhy,9.7.1
HFGPS:Bluetooth vario
HFPRSVARIO:Bluetooth vario
HFCCLCOMPETITIONCLASS:Paraglider,EN-B
HFTZNTIMEZONE:-7
HFSITSITE:Ed Levin 600ft,US
I053638FXA3941VXA4244GSP4547CCO4850HDT
E191837PEVBackground
B1918373727680N12151593WA0035800357001100000310070
B1918383727680N12151593WA0035800357001100000310070
B1918393727680N12151593WA0035800357001100000310069
B1918403727679N12151593WA0035800357001100000310050
B1918413727679N12151594WA0035800357001100001310001
B1918423727679N12151594WA0035800357001100002225006
B1918433727679N12151594WA0035700357001100003338023
B1918443727680N12151594WA0035700357001100004357009
B1918453727681N12151594WA0035700357001100004022018
B1918463727681N12151594WA0035700357001100003025030
B1918473727681N12151594WA0035800357001100000025048
B1918483727681N12151594WA0035800357001100002229350
B1918493727680N12151594WA0035700357001100004148203
B1918503727680N12151594WA0035700357001100001148196
B1918513727680N12151594WA0035700357001100001148191
B1918523727680N12151594WA0035600357001100000148195
B1918533727680N12151594WA0035700357001100002238195
B1918543727680N12151594WA0035700357001100001238188
B1918553727680N12151594WA0035700357001100001167200
B1918563727679N12151594WA0035700357001100003192193
B1918573727679N12151594WA0035700357001100004205178
B1918583727678N12151595WA0035700357001100004198187
B1918593727677N12151595WA0035600356001100006194179
B1919003727676N12151595WA0035500356001100009197180
B1919013727674N12151596WA0035500356001100013193113
B1919023727672N12151596WA0035500356001100014194157
B1919033727670N12151597WA0035600356001100015191208
B1919043727668N12151598WA0035700356001100011186022
B1919053727667N12151598WA0035700356001100011185215
B1919063727665N12151598WA0035600355001100012195223
B1919073727663N12151599WA0035500354001100014203208
B1919083727661N12151600WA0035500353001100018202230
B1919093727658N12151601WA0035500354001100019192114
B1919103727655N12151602WA0035600354001100019176089
B1919113727653N12151601WA0035600354001100019156066
B1919133727647N12151596WA0035600354001100022142046
B1919143727645N12151594WA0035500355001100022148038
B1919153727642N12151591WA0035500355001100023151030
B1919163727638N12151589WA0035600355001100026146021
B1919173727635N12151586WA0035700356001100026145018
B1919183727632N12151582WA0035900357001100026129018
B1919193727630N12151579WA0036000358001100022130345
B1919203727628N12151576WA0036000359001100018147350
B1919213727626N12151576WA0035900359001100016182353
B1919223727624N12151578WA0035900359001100021243356
B1919233727624N12151583WA0035900359001100022288357
B1919243727626N12151587WA0035900359001100025311358
B1919253727630N12151590WA0035700358001100030331358
B1919263727634N12151593WA0035700358001100031336358
B1919273727638N12151595WA0035700356001100032334358
B1919283727643N12151598WA0035700356001100034332359
B1919293727648N12151601WA0035600355001100034330358
B1919303727652N12151605WA0035600355001100032322358
B1919313727655N12151608WA0035700355001100028313359
B1919323727658N12151612WA0035700355001100026299359
B1919333727659N12151616WA0035800356001100024294359
B1919343727660N12151620WA0036000358001100022295359
B1919353727662N12151624WA0036200359001100020301359
B1919363727664N12151627WA0036100358001100021306359
B1919373727665N12151630WA0036100358001100021294359
B1919383727666N12151634WA0036100358001100018270359
B1919393727665N12151637WA0035900357001100016242000
B1919403727663N12151639WA0035900357001100016206000
B1919413727660N12151638WA0035900357001100016174000
B1919423727658N12151636WA0036100358001100018133000
B1919433727656N12151632WA0036100358001100020117000
B1919443727655N12151625WA0036000358001100034096000
B1919453727655N12151618WA0036000357001100036096000
B1919463727654N12151611WA0036000358001100037099000
B1919473727653N12151604WA0036000358001100035099000
B1919483727652N12151598WA0035900357001100034104000
B1919493727650N12151592WA0035800357001100035107000
B1919503727648N12151585WA0035800357001100036108000
B1919513727647N12151579WA0035800357001100034109000
B1919523727644N12151573WA0035700356001100033118000
B1919533727642N12151568WA0035500355001100033129000
B1919543727638N12151563WA0035500355001100035132000
B1919553727635N12151557WA0035600356001100035129000
B1919563727632N12151552WA0035900357001100034126000
B1919573727629N12151547WA0036100359001100029124000
B1919583727627N12151543WA0036300361001100023118000
B1919593727625N12151539WA0036400361001100023117000
B1920003727624N12151536WA0036300361001100026124000
B1920013727621N12151531WA0036300361001100030129000
B1920023727618N12151527WA0036200361001100032132000
B1920033727615N12151523WA0036200361001100032131000
B1920043727612N12151518WA0036300362001100028133000
B1920053727609N12151515WA0036300362001100027137000
B1920063727606N12151512WA0036400364001100025145000
B1920073727603N12151509WA0036600365001100024141000
B1920083727600N12151506WA0036900367001100022137000
B1920093727599N12151503WA0037000368001100017120000
B1920103727598N12151501WA0037000369001100011118000
B1920113727598N12151500WA0036700369001100007143000
B1920123727597N12151500WA0036800369001100011193000
B1920133727595N12151501WA0036900370001100012204000
B1920143727594N12151502WA0036900371001100007213000
B1920153727593N12151503WA0037000372001100006221000
B1920163727592N12151504WA0037000372001100006219000
B1920173727591N12151505WA0037100372001100009230000
B1920183727591N12151507WA0037100372001100009240000
B1920193727590N12151509WA0037200373001100009245000
B1920203727589N12151510WA0037300373001100008241000
B1920213727589N12151511WA0037300374001100007236000
B1920223727588N12151512WA0037400375001100007214000
B1920233727587N12151513WA0037600375001100010200000
B1920243727585N12151514WA0037600376001100014196000
B1920253727583N12151515WA0037700377001100015208000
B1920263727581N12151517WA0037900378001100015231000
B1920273727580N12151519WA0037900379001100013238000
B1920283727579N12151521WA0037900378001100011217000
B1920293727578N12151522WA0037800378001100009187000
B1920303727575N12151520WA0037700378001100019141000
B1920313727573N12151515WA0037500377001100031117000
B1920323727571N12151507WA0037300377001100041095000
B1920333727573N12151497WA0037100375001100051071001
B1920343727577N12151488WA0037000372001100057054000
B1920353727584N12151480WA0037000371001100053038348
B1920363727591N12151476WA0037000370001100047021349
B1920373727598N12151474WA0037000369001100045012346
B1920383727604N12151473WA0036800367001100044005346
B1920393727610N12151473WA0036600365001100042356344
B1920403727615N12151476WA0036500364001100035341344
B1920413727618N12151480WA0036500363001100022307345
B1920423727617N12151484WA0036400361001100016268346
B1920433727615N12151486WA0036500361001100012233011
B1920443727613N12151487WA0036600361001100010193008
B1920453727611N12151486WA0036700364001100007155007
B1920463727610N12151485WA0036700364001100007134006
B1920473727610N12151484WA0036700363001100007133354
B1920483727608N12151483WA0036500362001100010153004
B1920493727607N12151483WA0036100361001100014175003
B1920503727604N12151483WA0036200360001100018185002
B1920513727601N12151483WA0036300359001100018185002
B1920523727598N12151483WA0036400360001100015179001
B1920533727596N12151483WA0036300360001100010176358
B1920543727595N12151483WA0036300360001100010184358
B1920553727592N12151483WA0036100358001100016183001
B1920563727589N12151483WA0035900357001100021177000
B1920573727586N12151483WA0035800356001100021171359
B1920583727583N12151482WA0035800356001100017167359
B1920593727581N12151482WA0035900357001100014169359
B1921003727579N12151481WA0035900356001100012175359
E192100PEVForeground
B1921013727577N12151481WA0035700356001100013180359
B1921023727575N12151481WA0035600354001100016181185
B1921033727573N12151481WA0035400353001100019183187
B1921043727570N12151482WA0035400352001100020190192
B1921053727567N12151482WA0035500352001100020190192
B1921063727564N12151483WA0035400352001100019192190
B1921073727561N12151484WA0035400352001100018190194
B1921083727558N12151485WA0035400352001100018188191
B1921093727555N12151485WA0035300351001100020188189
B1921103727553N12151486WA0035300351001100019188189
B1921113727550N12151486WA0035300351001100016185194
B1921123727548N12151486WA0035200351001100015177191
B1921133727545N12151486WA0035100350001100017172195
B1921143727543N12151486WA0035000348001100019176200
B1921153727540N12151486WA0034900347001100020184209
B1921163727537N12151486WA0034900347001100020196215
B1921173727534N12151488WA0034800347001100019211223
B1921183727532N12151490WA0034800346001100018231231
B1921193727531N12151493WA0034700346001100018250254
B1921203727531N12151497WA0034600345001100020275268
B1921213727532N12151501WA0034500344001100024298288
B1921223727536N12151505WA0034400342001100035329313
B1921233727542N12151508WA0034100341001100038340343
B1921243727549N12151507WA0033900339001100043008356
B1921253727555N12151501WA0033800337001100047035023
B1921263727560N12151493WA0033700336001100049056049
B1921273727561N12151483WA0033600334001100042082069
B1921283727561N12151475WA0033600333001100040092097
B1921293727560N12151469WA0033700332001100034105108
B1921303727557N12151464WA0033600332001100028118124
B1921313727554N12151461WA0033500331001100022136140
B1921323727551N12151460WA0033300330001100020172163
B1921333727548N12151461WA0033200330001100019193192
B1921343727545N12151463WA0033200329001100018211208
B1921353727543N12151465WA0033100329001100016221220
B1921363727542N12151467WA0033100328001100014227227
B1921373727540N12151469WA0033000327001100014239235
B1921383727540N12151472WA0032900326001100017253245
B1921393727539N12151475WA0032700325001100020266257
B1921403727539N12151480WA0032500323001100024279267
B1921413727540N12151484WA0032500322001100027285266
B1921423727541N12151490WA0032300321001100029286258
B1921433727542N12151495WA0032300320001100030283261
B1921443727543N12151500WA0032200320001100029283271
B1921453727545N12151506WA0032200319001100030291279
B1921463727547N12151511WA0032200319001100032303289
B1921473727550N12151516WA0032200318001100034310285
B1921483727553N12151521WA0032100317001100036309282
B1921493727556N12151527WA0032100317001100039303279
B1921503727560N12151533WA0032200317001100041301278
B1921513727563N12151539WA0032300318001100038303282
B1921523727566N12151545WA0032400319001100034305273
B1921533727569N12151550WA0032300319001100033304268
B1921543727571N12151555WA0032200319001100030300264
B1921553727573N12151559WA0031900319001100030298276
B1921563727575N12151564WA0031600317001100030299272
B1921573727577N12151569WA0031700316001100037291266
B1921583727579N12151576WA0031600315001100038293265
B1921593727582N12151583WA0031700315001100038294257
B1922003727584N12151589WA0032000315001100036291265
B1922013727586N12151594WA0032200317001100029297253
B1922023727588N12151598WA0032300318001100023296265
B1922033727589N12151602WA0032400319001100023287265
B1922043727590N12151606WA0032400320001100024288280
B1922053727591N12151610WA0032600322001100025292280
B1922063727593N12151614WA0032700323001100025304286
B1922073727595N12151617WA0033100326001100025313275
B1922083727598N12151621WA0033300328001100022308254
B1922093727600N12151624WA0033400330001100020305233
B1922103727601N12151627WA0033500332001100017291222
B1922113727600N12151630WA0033500333001100017245216
B1922123727596N12151632WA0033700334001100019208202
B1922133727593N12151632WA0033700335001100019180191
B1922143727590N12151632WA0033900337001100021166188
B1922153727586N12151630WA0034000338001100020161171
B1922163727584N12151629WA0034100339001100021151159
B1922173727581N12151626WA0034200340001100026141146
B1922183727577N12151622WA0034300341001100034132132
B1922193727574N12151616WA0034400341001100038121122
B1922203727573N12151609WA0034500342001100037091108
B1922213727575N12151601WA0034400342001100040064082
B1922223727580N12151596WA0034300342001100036034053
B1922233727587N12151596WA0034400342001100038005015
B1922243727593N12151599WA0034700344001100037343336
B1922253727597N12151603WA0035100345001100029336316
B1922263727601N12151607WA0035400348001100026335299
B1922273727603N12151609WA0035400350001100024336294
B1922283727606N12151611WA0035300351001100024339293
B1922293727609N12151614WA0035300351001100024330291
B1922303727611N12151617WA0035300351001100027316290
B1922313727614N12151621WA0035300351001100027318286
B1922323727617N12151625WA0035300350001100024319278
B1922333727620N12151628WA0035100349001100022314262
B1922343727621N12151631WA0034900348001100019306261
B1922353727622N12151634WA0034700346001100020291250
B1922363727622N12151639WA0034400344001100025265258
B1922373727622N12151644WA0034300342001100025268269
B1922383727622N12151649WA0034300342001100025279288
B1922393727623N12151653WA0034400341001100025296281
B1922403727626N12151657WA0034300341001100028316289
B1922413727630N12151660WA0034400341001100029328302
B1922423727634N12151662WA0034400341001100029331308
B1922433727638N12151664WA0034500342001100030337321
B1922443727642N12151666WA0034400341001100033342332
B1922453727648N12151668WA0034500342001100038344324
B1922463727653N12151670WA0034500343001100040344316
B1922473727659N12151673WA0034700344001100038340299
B1922483727664N12151675WA0034800345001100034331291
B1922493727668N12151679WA0034900346001100030318275
B1922503727670N12151683WA0035000347001100026299260
B1922513727671N12151687WA0035100348001100022278245
B1922523727670N12151690WA0035200348001100019247231
B1922533727667N12151692WA0035300348001100022204226
B1922543727663N12151692WA0035500350001100023183202
B1922553727659N12151692WA0035700352001100019184210
B1922563727657N12151692WA0035800353001100013189206
B1922573727654N12151692WA0035900354001100013187193
B1922583727652N12151692WA0035800355001100021171165
B1922593727648N12151690WA0036000356001100033147145
B1923003727643N12151684WA0036100356001100044123120
B1923013727641N12151675WA0036100357001100041097099
B1923023727644N12151666WA0036100357001100047072074
B1923033727649N12151659WA0036400358001100037052051
B1923043727656N12151658WA0036700360001100034013031
B1923053727661N12151660WA0036900362001100026355340
B1923063727664N12151663WA0037200365001100018336314
B1923073727667N12151665WA0037400366001100015328290
B1923083727668N12151667WA0037500368001100012312277
B1923093727669N12151670WA0037400369001100013303262
B1923103727669N12151673WA0037400369001100018267250
B1923113727667N12151678WA0037300370001100023230241
B1923123727664N12151681WA0037400371001100026204216
B1923133727659N12151681WA0037500371001100030173198
B1923143727654N12151678WA0037900373001100037141175
B1923153727650N12151671WA0038100375001100036122147
B1923163727651N12151663WA0038400376001100038079130
B1923173727656N12151655WA0038700378001100042055081
B1923183727662N12151650WA0038900380001100036025047
B1923193727668N12151651WA0039100383001100032355005
B1923203727672N12151653WA0039300385001100026340327
B1923213727675N12151657WA0039300387001100023322308
B1923223727677N12151662WA0039300389001100023287291
B1923233727677N12151667WA0039500391001100024261268
B1923243727675N12151672WA0039500393001100022240250
B1923253727673N12151675WA0039600394001100020224237
B1923263727669N12151675WA0039600395001100025171227
B1923273727664N12151672WA0039600396001100033141191
B1923283727660N12151666WA0039700397001100039127162
B1923293727659N12151658WA0039700397001100045095145
B1923303727661N12151649WA0039800397001100048068106
B1923313727665N12151642WA0040000398001100044046071
B1923323727671N12151638WA0040300399001100043013040
B1923333727678N12151638WA0040600401001100043000357
B1923343727684N12151639WA0040600402001100040351342
B1923353727687N12151644WA0040800404001100024312332
B1923363727687N12151649WA0040800405001100021275288
B1923373727686N12151653WA0040800406001100021247262
B1923383727683N12151656WA0040900407001100020227244
B1923393727681N12151659WA0040900407001100018207232
B1923403727678N12151659WA0040800406001100018186221
B1923413727675N12151658WA0040800406001100026158208
B1923423727671N12151656WA0040900407001100028153180
B1923433727667N12151653WA0041000409001100027149170
B1923443727664N12151650WA0041100411001100021136174
B1923453727662N12151647WA0041200411001100022132168
B1923463727659N12151643WA0041100411001100024136181
B1923473727656N12151641WA0041100411001100026156190
B1923483727652N12151640WA0041300411001100025172204
B1923493727649N12151641WA0041300411001100024198219
B1923503727646N12151643WA0041400412001100021219228
B1923513727644N12151646WA0041400413001100017235242
B1923523727643N12151649WA0041400414001100016253258
B1923533727643N12151652WA0041400413001100018271274
B1923543727644N12151655WA0041300413001100021298288
B1923553727647N12151659WA0041100412001100026319305
B1923563727652N12151661WA0041000411001100033350320
B1923573727659N12151658WA0040800410001100046021345
B1923583727666N12151653WA0040800409001100045033019
B1923593727671N12151647WA0040900409001100041044030
B1924003727674N12151641WA0040700408001100040054042
B1924013727677N12151634WA0040500406001100040060059
B1924023727679N12151626WA0040300404001100043065072
B1924033727681N12151618WA0040200401001100047076075
B1924043727681N12151608WA0040300400001100048087090
B1924053727681N12151599WA0040300400001100048095100
B1924063727679N12151590WA0040400401001100049096097
B1924073727678N12151581WA0040700403001100047097106
B1924083727676N12151572WA0041100407001100045103124
B1924093727674N12151564WA0041400410001100041111151
B1924103727672N12151558WA0041500413001100037118169
B1924113727669N12151552WA0041600415001100033124163
B1924123727665N12151551WA0041600416001100028163177
B1924133727661N12151550WA0041900417001100026184205
B1924143727657N12151553WA0042200419001100022215223
B1924153727656N12151556WA0042100420001100019237243
B1924163727658N12151561WA0042000421001100024308257
B1924173727662N12151565WA0042100421001100029333297
B1924183727668N12151565WA0042300422001100034004318
B1924193727673N12151563WA0042400424001100039032350
B1924203727678N12151558WA0042700425001100040041023
B1924213727681N12151552WA0042800427001100041060039
B1924223727684N12151545WA0043000430001100045060062
B1924233727688N12151537WA0043300433001100045061077
B1924243727690N12151530WA0043500435001100043071086
B1924253727692N12151522WA0043500437001100041081096
B1924263727690N12151516WA0043500438001100034099110
B1924273727687N12151512WA0043500439001100027134132
B1924283727682N12151511WA0043700440001100025169171
B1924293727678N12151513WA0044000441001100021187197
B1924303727676N12151514WA0044200443001100016212212
B1924313727674N12151517WA0044200443001100016226237
B1924323727672N12151519WA0044200443001100017233250
B1924333727671N12151522WA0044300442001100018253249
B1924343727671N12151526WA0044300442001100018282265
B1924353727674N12151530WA0044100441001100028317277
B1924363727678N12151533WA0044100441001100031328304
B1924373727683N12151535WA0044300441001100035340316
B1924383727689N12151536WA0044500441001100037356328
B1924393727695N12151534WA0044700442001100041014342
B1924403727702N12151529WA0045000444001100043031003
B1924413727707N12151524WA0045300447001100041039024
B1924423727711N12151518WA0045600450001100037052034
B1924433727714N12151513WA0045800452001100037056050
B1924443727715N12151506WA0045900454001100035072056
B1924453727715N12151500WA0046100457001100032091081
B1924463727712N12151494WA0046200459001100029114109
B1924473727709N12151491WA0046500462001100024137142
B1924483727706N12151489WA0046700464001100021154174
B1924493727703N12151488WA0046800466001100018179192
B1924503727701N12151489WA0046900466001100017194209
B1924513727699N12151490WA0046800466001100015213227
B1924523727697N12151492WA0046900467001100015239242
B1924533727697N12151495WA0046900467001100017275275
B1924543727698N12151498WA0047100468001100020296292
B1924553727701N12151500WA0047200469001100027337301
B1924563727707N12151501WA0047300470001100034352323
B1924573727713N12151500WA0047300472001100041002342
B1924583727720N12151499WA0047700474001100043008002
B1924593727727N12151497WA0047900476001100046020010
B1925003727733N12151491WA0048000478001100048039026
B1925013727736N12151484WA0048400481001100043061046
B1925023727737N12151476WA0048500483001100038083072
B1925033727737N12151469WA0048600485001100033096100
B1925043727735N12151463WA0048800487001100032104122
B1925053727734N12151458WA0049000488001100030116141
B1925063727732N12151453WA0049100490001100027125156
B1925073727729N12151450WA0049200491001100022147164
B1925083727726N12151450WA0049200492001100019179187
B1925093727723N12151451WA0049300493001100018202218
B1925103727721N12151453WA0049500495001100014218225
B1925113727720N12151455WA0050000497001100012235232
B1925123727719N12151457WA0050100499001100012223238
B1925133727718N12151458WA0050200501001100014207234
B1925143727715N12151459WA0050200502001100016202238
B1925153727713N12151461WA0050300503001100019214241
B1925163727711N12151463WA0050700504001100016236253
B1925173727711N12151466WA0050900506001100013261265
B1925183727713N12151469WA0050900507001100025326278
B1925193727718N12151471WA0051200509001100029340312
B1925203727723N12151472WA0051300512001100035351326
B1925213727729N12151471WA0052000514001100039010339
B1925223727736N12151468WA0052100517001100040023005
B1925233727740N12151464WA0052400520001100036037020
B1925243727742N12151457WA0052600523001100035066035
B1925253727742N12151449WA0052700525001100039083081
B1925263727742N12151440WA0052900527001100045092098
B1925273727741N12151432WA0053200529001100044092117
B1925283727740N12151423WA0053500532001100043101115
B1925293727738N12151415WA0053700534001100041111133
B1925303727735N12151409WA0053600536001100038122141
B1925313727731N12151404WA0053700538001100033138159
B1925323727727N12151401WA0053900540001100029151177
B1925333727724N12151400WA0053900541001100024162189
B1925343727721N12151399WA0054000542001100020179197
B1925353727718N12151400WA0054000543001100021199213
B1925363727715N12151402WA0054100543001100024219222
B1925373727713N12151406WA0054100543001100026237252
B1925383727712N12151411WA0054200544001100025256253
B1925393727713N12151416WA0054500546001100023290266
B1925403727716N12151419WA0054500547001100024310279
B1925413727719N12151422WA0054500547001100027316284
B1925423727723N12151426WA0054200545001100033317308
B1925433727727N12151430WA0054400545001100035329323
B1925443727732N12151433WA0054600545001100035343349
B1925453727739N12151431WA0054600545001100041015350
B1925463727746N12151426WA0054600546001100053032018
B1925473727753N12151420WA0054700547001100054037039
B1925483727759N12151414WA0055000549001100049044050
B1925493727763N12151407WA0055400551001100047052055
B1925503727767N12151400WA0055400553001100046058062
B1925513727771N12151392WA0055500555001100048051055
B1925523727776N12151386WA0055600557001100047042044
B1925533727781N12151380WA0055900560001100044044055
B1925543727785N12151373WA0056300562001100044054070
B1925553727788N12151366WA0056400565001100044065077
B1925563727790N12151358WA0056600566001100043077080
B1925573727791N12151350WA0056700569001100042082099
B1925583727791N12151342WA0056900571001100041085120
B1925593727791N12151334WA0057000573001100038094135
B1926003727790N12151328WA0057100574001100037102138
B1926013727787N12151322WA0056900575001100032126152
B1926023727783N12151321WA0057100575001100031170165
B1926033727778N12151322WA0057200576001100027180205
B1926043727775N12151323WA0057300577001100016194206
B1926053727773N12151324WA0057300578001100011195215
B1926063727771N12151325WA0057200577001100013195220
B1926073727769N12151327WA0057300576001100018214225
B1926083727767N12151329WA0057200577001100019229251
B1926093727766N12151333WA0057500577001100018243252
B1926103727766N12151337WA0057800578001100020271257
B1926113727767N12151342WA0057800580001100022287273
B1926123727769N12151346WA0058200582001100022307262
B1926133727772N12151349WA0058300583001100021312265
B1926143727775N12151352WA0058400585001100022311262
B1926153727777N12151355WA0058400585001100023301261
B1926163727779N12151359WA0058300586001100021294274
B1926173727780N12151363WA0058300586001100020292267
B1926183727782N12151366WA0058400585001100024306286
B1926193727785N12151370WA0058400585001100029316297
B1926203727789N12151374WA0058200584001100038331311
B1926213727794N12151377WA0058300584001100039329312
B1926223727801N12151381WA0058400585001100044332325
B1926233727807N12151385WA0058900586001100044335333
B1926243727814N12151387WA0059100588001100041343335
B1926253727820N12151387WA0059400590001100041354330
B1926263727826N12151388WA0059700593001100039355313
B1926273727832N12151388WA0059900596001100042349324
B1926283727839N12151390WA0060200599001100045349302
B1926293727845N12151391WA0060400602001100044347285
B1926303727851N12151393WA0060900606001100038341289
B1926313727856N12151396WA0061000608001100031334276
B1926323727858N12151399WA0061000610001100026324273
B1926333727857N12151403WA0061000612001100018272270
B1926343727855N12151406WA0061200615001100018241235
B1926353727852N12151408WA0061500617001100020194220
B1926363727848N12151406WA0061700619001100025149193
B1926373727845N12151401WA0061900622001100035114164
B1926383727844N12151393WA0062200624001100041090127
B1926393727847N12151384WA0062400626001100049062097
B1926403727852N12151377WA0062600629001100052043059
B1926413727858N12151371WA0062800631001100052028036
B1926423727866N12151369WA0063000633001100048008016
B1926433727872N12151369WA0063300636001100043352351
B1926443727878N12151371WA0063400638001100039340333
B1926453727883N12151374WA0063600641001100034328319
B1926463727886N12151379WA0063800643001100029314304
B1926473727887N12151383WA0063900644001100024295289
B1926483727887N12151387WA0063900645001100019260272
B1926493727885N12151390WA0064100646001100016228247
B1926503727880N12151388WA0064200647001100028157229
B1926513727875N12151384WA0064500649001100031145179
B1926523727872N12151379WA0064800651001100030125168
B1926533727871N12151372WA0065200652001100031092151
B1926543727875N12151364WA0065100653001100042063114
B1926553727880N12151355WA0065300655001100052046068
B1926563727887N12151349WA0065700658001100052037044
B1926573727895N12151345WA0066100661001100048009031
B1926583727902N12151346WA0066300665001100043350355
B1926593727907N12151348WA0066600668001100036338331
B1927003727911N12151352WA0066800672001100027325315
B1927013727913N12151355WA0067100674001100020304298
B1927023727914N12151359WA0067300676001100018291276
B1927033727914N12151361WA0067400678001100015255266
B1927043727912N12151364WA0067600680001100019223244
B1927053727909N12151366WA0067800682001100021208225
B1927063727906N12151368WA0068200686001100021195216
B1927073727903N12151367WA0068600690001100018170208
B1927083727900N12151366WA0068900693001100019142194
B1927093727899N12151362WA0069200696001100022119176
B1927103727898N12151357WA0069400698001100028097155
B1927113727898N12151351WA0069600701001100035087124
B1927123727900N12151344WA0069800703001100040073104
B1927133727904N12151336WA0070000705001100048056082
B1927143727910N12151329WA0070200707001100053035056
B1927153727918N12151325WA0070300709001100052014028
B1927163727926N12151325WA0070600711001100048357001
B1927173727932N12151327WA0071000714001100042341340
B1927183727937N12151331WA0071300718001100033327321
B1927193727939N12151335WA0071600721001100026311302
B1927203727941N12151339WA0071900723001100019293284
B1927213727941N12151342WA0072000724001100017277267
B1927223727940N12151345WA0072200725001100017255255
B1927233727939N12151348WA0072400727001100022245238
B1927243727938N12151352WA0072700731001100022248236
B1927253727937N12151356WA0073000735001100017251234
B1927263727936N12151358WA0073300737001100016239228
B1927273727934N12151361WA0073400740001100017224226
B1927283727932N12151363WA0073600742001100020221221
B1927293727930N12151366WA0074000745001100017233211
B1927303727929N12151368WA0074400749001100011236211
B1927313727928N12151369WA0074600752001100006221211
B1927323727928N12151368WA0074700752001100009105205
B1927333727927N12151363WA0074600753001100026093176
B1927343727927N12151355WA0074900754001100035083117
B1927353727930N12151346WA0075200756001100044063094
B1927363727935N12151338WA0075500758001100047050064
B1927373727942N12151333WA0075700760001100047026046
B1927383727949N12151330WA0076000763001100047012014
B1927393727956N12151329WA0076300766001100046005357
B1927403727963N12151328WA0076500768001100045359347
B1927413727970N12151329WA0076500770001100043351340
B1927423727975N12151332WA0076600772001100040338330
B1927433727978N12151339WA0076800774001100034308315
B1927443727980N12151344WA0077100776001100029294285
B1927453727980N12151349WA0077300779001100023269271
B1927463727979N12151353WA0077500781001100017248252
B1927473727977N12151355WA0077700783001100013222237
B1927483727975N12151356WA0078000786001100010192223
B1927493727973N12151356WA0078100788001100012165212
B1927503727971N12151355WA0078200790001100018139198
B1927513727969N12151352WA0078300791001100023125177
B1927523727968N12151345WA0078300792001100037095160
B1927533727970N12151337WA0078500792001100047067117
B1927543727975N12151328WA0078500793001100059043077
B1927553727983N12151321WA0078900795001100061031042
B1927563727993N12151319WA0079400798001100059008027
B1927573728001N12151320WA0079800801001100054352357
B1927583728008N12151325WA0080300806001100043332338
B1927593728012N12151329WA0080600811001100035328311
B1928003728016N12151333WA0080800814001100033329303
B1928013728021N12151336WA0080900817001100033329303
B1928023728025N12151339WA0080800818001100033328302
B1928033728029N12151344WA0080800819001100036316301
B1928043728032N12151350WA0080800820001100034301292
B1928053728033N12151357WA0081000821001100031288279
B1928063728033N12151362WA0081100822001100024272267
B1928073728031N12151365WA0081400823001100016236253
B1928083728029N12151367WA0081500824001100013218229
B1928093728027N12151368WA0081500825001100013213220
B1928103728025N12151369WA0081600825001100015198218
B1928113728023N12151370WA0081700826001100017181210
B1928123728020N12151369WA0081800828001100017160200
B1928133728018N12151367WA0082000829001100019131190
B1928143728018N12151362WA0082300830001100027089171
B1928153728019N12151356WA0082300831001100032071126
B1928163728022N12151350WA0082600834001100036061096
B1928173728026N12151344WA0082900836001100036046076
B1928183728031N12151340WA0082900837001100037036048
B1928193728037N12151337WA0082800838001100039025028
B1928203728044N12151334WA0082700837001100045019006
B1928213728053N12151334WA0082800837001100053002356
B1928223728061N12151336WA0082700837001100056339338
B1928233728069N12151342WA0083000837001100053328313
B1928243728075N12151348WA0083200838001100048322304
B1928253728078N12151355WA0083400841001100032305298
B1928263728081N12151360WA0083500840001100032306272
B1928273728083N12151364WA0083400841001100031304270
B1928283728086N12151368WA0083000841001100032304262
B1928293728088N12151373WA0082900839001100032288260
B1928303728088N12151379WA0082900839001100030270252
B1928313728087N12151384WA0082900839001100024262241
B1928323728087N12151388WA0082800837001100020270242
B1928333728087N12151392WA0082600836001100020285247
B1928343728088N12151395WA0082500833001100020285238
B1928353728088N12151399WA0082200831001100018279246
B1928363728088N12151402WA0082000828001100016271226
B1928373728088N12151405WA0081600826001100017260232
B1928383728087N12151409WA0081400822001100021249220
B1928393728086N12151413WA0081100820001100025234199
B1928403728083N12151416WA0080900818001100026218199
B1928413728080N12151419WA0080700815001100024202199
B1928423728076N12151420WA0080600814001100024197198
B1928433728073N12151422WA0080400812001100024200193
B1928443728070N12151423WA0080400811001100024197186
B1928453728066N12151424WA0080200809001100026187185
B1928463728062N12151424WA0080100809001100028177175
B1928473728058N12151424WA0080300809001100026173199
B1928483728054N12151423WA0080400809001100022173183
B1928493728051N12151423WA0080500810001100018176203
B1928503728049N12151422WA0080500811001100019179188
B1928513728045N12151423WA0080400810001100024182178
B1928523728041N12151423WA0080500811001100029182185
B1928533728037N12151423WA0080700811001100027179187
B1928543728033N12151423WA0081000812001100024178196
B1928553728030N12151422WA0081200814001100018174205
B1928563728028N12151422WA0081300816001100017181204
B1928573728025N12151422WA0081500818001100023194203
B1928583728022N12151424WA0081800820001100025200194
B1928593728018N12151426WA0082400822001100023206204
B1929003728016N12151427WA0083000826001100020210223
B1929013728014N12151430WA0083600831001100015234232
B1929023728014N12151432WA0084000836001100017258238
B1929033728013N12151436WA0084100840001100019261245
B1929043728013N12151440WA0084400845001100022257273
B1929053728013N12151444WA0084800849001100021279284
B1929063728014N12151448WA0084900852001100024288297
B1929073728017N12151452WA0085000855001100030314305
B1929083728024N12151454WA0085200858001100042349324
B1929093728032N12151452WA0085600861001100048014002
B1929103728039N12151446WA0085900864001100050041029
B1929113728044N12151438WA0086000867001100047059056
B1929123728046N12151430WA0086300870001100044072083
B1929133728048N12151422WA0086700873001100040079108
B1929143728048N12151416WA0087200877001100034092118
B1929153728047N12151410WA0087400880001100031111136
B1929163728045N12151405WA0087700884001100032125150
B1929173728042N12151400WA0088000888001100030131171
B1929183728038N12151397WA0088600892001100026140175
B1929193728035N12151395WA0089000897001100020159184
B1929203728033N12151395WA0089500901001100019195191
B1929213728030N12151397WA0089900906001100018211209
B1929223728028N12151399WA0090600913001100015221217
B1929233728027N12151401WA0091100919001100013226215
B1929243728026N12151403WA0091500923001100013231219
B1929253728024N12151405WA0092000927001100018234223
B1929263728022N12151408WA0092200930001100024230237
B1929273728020N12151412WA0092600934001100024238250
B1929283728019N12151416WA0093200939001100024264258
B1929293728021N12151421WA0093500943001100027291273
B1929303728024N12151426WA0093900947001100034311286
B1929313728029N12151431WA0094500951001100037327301
B1929323728034N12151433WA0094900956001100040342318
B1929333728041N12151434WA0095300960001100043002333
B1929343728048N12151432WA0095700965001100045015358
B1929353728054N12151428WA0096000969001100047029017
B1929363728060N12151422WA0096500973001100046044037
B1929373728063N12151414WA0096800977001100044065057
B1929383728064N12151406WA0097200981001100041078089
B1929393728064N12151399WA0097700985001100038091108
B1929403728062N12151393WA0098200989001100032105123
B1929413728060N12151388WA0098500993001100027122142
B1929423728057N12151385WA0098700996001100025139159
B1929433728054N12151383WA0099000999001100027142163
B1929443728050N12151380WA0099201002001100027151181
B1929453728046N12151378WA0099601005001100025164183
B1929463728043N12151378WA0100001008001100020186199
B1929473728041N12151379WA0100401012001100016210212
B1929483728040N12151381WA0100601016001100012234227
B1929493728039N12151383WA0100801019001100011241232
B1929503728038N12151385WA0101101022001100011250219
B1929513728038N12151387WA0101201024001100016260214
B1929523728038N12151391WA0101401025001100020268233
B1929533728038N12151395WA0101401027001100021267213
B1929543728037N12151399WA0101601029001100023256228
B1929553728036N12151403WA0101801030001100023252236
B1929563728036N12151407WA0102101033001100024266252
B1929573728036N12151412WA0102301034001100026281266
B1929583728038N12151417WA0102401036001100029298281
B1929593728041N12151421WA0102501037001100031311292
B1930003728044N12151426WA0102601037001100032317299
B1930013728048N12151430WA0102501037001100036322302
B1930023728053N12151434WA0102501037001100040327322
B1930033728058N12151438WA0102601037001100045335328
B1930043728065N12151440WA0102501037001100048345356
B1930053728072N12151442WA0102501038001100049353002
B1930063728080N12151441WA0102501038001100051007011
B1930073728088N12151437WA0102601038001100055027027
B1930083728094N12151431WA0102901038001100053038045
B1930093728099N12151424WA0103101041001100049045061
B1930103728102N12151416WA0103601044001100041059068
B1930113728104N12151410WA0103901048001100034064086
B1930123728106N12151404WA0104101051001100030067095
B1930133728108N12151400WA0104201054001100029072102
B1930143728109N12151395WA0104201056001100029078109
B1930153728109N12151389WA0104301057001100029087115
B1930163728108N12151384WA0104501059001100025105125
B1930173728106N12151381WA0104701061001100018128143
B1930183728104N12151380WA0104801063001100012158171
B1930193728102N12151380WA0105001064001100010184188
B1930203728100N12151382WA0105201066001100013205198
B1930213728098N12151383WA0105201067001100015205212
B1930223728096N12151385WA0105401068001100015221219
B1930233728094N12151387WA0105601069001100017240231
B1930243728093N12151391WA0105601070001100022258250
B1930253728093N12151396WA0105701071001100026277255
B1930263728095N12151401WA0105801071001100030292268
B1930273728097N12151407WA0105801072001100031303288
B1930283728100N12151411WA0106001072001100033313295
B1930293728104N12151416WA0105801072001100037320318
B1930303728109N12151420WA0105701072001100044332327
B1930313728116N12151423WA0105701072001100047343338
B1930323728124N12151424WA0106001072001100054000344
B1930333728133N12151422WA0106001073001100057009003
B1930343728141N12151420WA0106201075001100054015016
B1930353728149N12151417WA0106501077001100051020029
B1930363728156N12151413WA0106701079001100049025041
B1930373728162N12151408WA0106801080001100050032048
B1930383728168N12151403WA0106801081001100050041059
B1930393728173N12151396WA0106901082001100047050068
B1930403728177N12151389WA0107201084001100044056077
B1930413728180N12151382WA0107501087001100041063082
B1930423728182N12151375WA0107901091001100036069097
B1930433728184N12151370WA0108201094001100030076110
B1930443728184N12151365WA0108501096001100025087119
B1930453728184N12151361WA0108601099001100022102139
B1930463728182N12151357WA0108701100001100019123147
B1930473728181N12151355WA0108801102001100017144175
B1930483728178N12151354WA0109001103001100014164177
B1930493728176N12151354WA0109101104001100015188187
B1930503728174N12151355WA0109201106001100016207210
B1930513728172N12151357WA0109401107001100018228225
B1930523728171N12151360WA0109601109001100021246242
B1930533728170N12151364WA0109801111001100025263258
B1930543728170N12151370WA0109901112001100030278270
B1930553728174N12151376WA0109901113001100042304281
B1930563728178N12151382WA0110201114001100043312288
B1930573728183N12151388WA0110301116001100041318291
B1930583728188N12151393WA0110501117001100038319297
B1930593728192N12151397WA0110501117001100037322314
B1931003728197N12151401WA0110501117001100039326318
B1931013728203N12151404WA0110401117001100049337339
B1931023728211N12151407WA0110501117001100056345354
B1931033728220N12151408WA0110801119001100055353002
B1931043728228N12151406WA0111101122001100050009011
B1931053728235N12151403WA0111301125001100045019022
B1931063728241N12151400WA0111501128001100043025029
B1931073728247N12151396WA0111701130001100046030040
B1931083728253N12151391WA0112001133001100046038052
B1931093728258N12151385WA0112201135001100045048064
B1931103728261N12151378WA0112601138001100040067075
B1931113728262N12151371WA0113001141001100035077099
B1931123728262N12151365WA0113201144001100026089111
B1931133728261N12151361WA0113501148001100021094134
B1931143728261N12151357WA0113701152001100021098142
B1931153728260N12151354WA0113901154001100018109152
B1931163728258N12151352WA0113901155001100015129170
B1931173728256N12151351WA0113901157001100012171186
B1931183728254N12151353WA0114001158001100017207206
B1931193728251N12151357WA0114301160001100021238225
B1931203728250N12151361WA0114501162001100022258241
B1931213728251N12151366WA0114701164001100025278248
B1931223728252N12151372WA0114701165001100030289261
B1931233728255N12151378WA0114901166001100035300274
B1931243728258N12151384WA0115001167001100039311296
B1931253728263N12151389WA0115101168001100044320313
B1931263728269N12151394WA0115301169001100048331316
B1931273728276N12151398WA0115501171001100053343332
B1931283728284N12151400WA0115601173001100054351352
B1931293728292N12151400WA0115901176001100055359005
B1931303728301N12151400WA0116201178001100055007019
B1931313728309N12151396WA0116301180001100057021028
B1931323728316N12151391WA0116501181001100057031040
B1931333728323N12151385WA0116501182001100057040050
B1931343728328N12151377WA0116701183001100051052060
B1931353728332N12151369WA0116901185001100048065083
B1931363728333N12151361WA0117401188001100043072096
B1931373728334N12151354WA0117701191001100035076109
B1931383728334N12151349WA0118001195001100025082114
B1931393728334N12151345WA0118201197001100025088131
B1931403728334N12151340WA0118401199001100025093137
B1931413728333N12151336WA0118701201001100021105150
B1931423728332N12151333WA0118801203001100017133171
B1931433728330N12151332WA0118901205001100015167182
B1931443728328N12151333WA0119301207001100013214208
B1931453728327N12151336WA0119601210001100018255225
B1931463728327N12151341WA0120101214001100024279243
B1931473728329N12151346WA0120201217001100031299264
B1931483728333N12151352WA0120601220001100034308279
B1931493728338N12151357WA0120501223001100036318287
B1931503728344N12151360WA0120501225001100040328301
B1931513728352N12151363WA0120601227001100047341313
B1931523728361N12151363WA0120701228001100057002333
B1931533728370N12151361WA0120701228001100061016002
B1931543728379N12151355WA0120801229001100063029021
B1931553728387N12151348WA0121001230001100063038040
B1931563728393N12151340WA0121201232001100059045054
B1931573728399N12151332WA0121601235001100052052068
B1931583728403N12151324WA0122001237001100048058075
B1932003728409N12151309WA0122301240001100048068078
B1932013728411N12151300WA0122501242001100048071095
B1932023728413N12151292WA0122601244001100046075100
B1932033728415N12151284WA0122901246001100044079104
B1932043728416N12151276WA0123201249001100042080099
B1932053728417N12151268WA0123501252001100039080086
B1932063728418N12151261WA0124001256001100036080121
B1932073728419N12151255WA0124301259001100036082103
B1932083728419N12151248WA0124501262001100037084104
B1932093728420N12151241WA0124901265001100039085104
B1932103728421N12151233WA0125101268001100041083102
B1932113728421N12151225WA0125501272001100039084111
B1932123728421N12151218WA0125801275001100036090129
B1932133728421N12151212WA0126101278001100033098137
B1932143728420N12151206WA0126501281001100031102116
B1932153728419N12151200WA0126801285001100029101131
B1932163728419N12151195WA0127001288001100027097131
B1932173728418N12151190WA0127301291001100028098120
B1932183728417N12151185WA0127601294001100029106156
B1932193728415N12151180WA0127801296001100028119142
B1932203728413N12151176WA0128101299001100024129155
B1932213728411N12151173WA0128501302001100019132149
B1932223728409N12151170WA0128601304001100019126153
B1932233728408N12151167WA0128801306001100024123156
B1932243728406N12151163WA0129001308001100025127176
B1932253728403N12151160WA0129201309001100023141178
B1932263728400N12151158WA0129301311001100023157171
B1932273728397N12151156WA0129501313001100023161176
B1932283728394N12151155WA0129701315001100025152158
B1932293728391N12151152WA0129801317001100026145168
B1932303728387N12151149WA0130001319001100025143172
B1932313728385N12151147WA0130301321001100023144165
B1932323728382N12151144WA0130301323001100022144171
B1932333728379N12151142WA0130501324001100019143179
B1932343728377N12151140WA0130501324001100017148173
B1932353728375N12151139WA0130401324001100017151180
B1932363728373N12151137WA0130201323001100019147177
B1932373728370N12151135WA0130101322001100022149174
B1932383728367N12151133WA0130001321001100023159184
B1932393728364N12151132WA0130001320001100023168182
B1932403728361N12151131WA0130101321001100021172179
B1932413728358N12151131WA0130101321001100019166179
B1932423728355N12151129WA0130201322001100019153174
B1932433728353N12151127WA0130101321001100022148168
B1932443728350N12151125WA0130001320001100027149171
B1932453728346N12151123WA0129901320001100026156186
B1932463728343N12151121WA0129901320001100023163174
B1932473728340N12151120WA0129801319001100021168182
B1932483728337N12151119WA0129901319001100020165169
B1932493728334N12151118WA0129701318001100020161164
B1932503728331N12151117WA0129601316001100019163178
B1932513728328N12151117WA0129401315001100018176198
B1932523728326N12151117WA0129301313001100018199222
B1932533728323N12151119WA0129001311001100019219231
B1932543728322N12151123WA0128901309001100023247234
B1932553728322N12151128WA0128701308001100027269250
B1932563728322N12151134WA0128501306001100029277265
B1932573728324N12151140WA0128601305001100031292273
B1932583728328N12151145WA0128601304001100033315285
B1932593728333N12151148WA0128501303001100035332297
B1933003728339N12151150WA0128201302001100041342310
B1933013728346N12151152WA0128201300001100045349323
B1933023728353N12151153WA0128001300001100044352336
B1933033728359N12151154WA0127901298001100044356344
B1933043728366N12151154WA0127801297001100046003354
B1933053728373N12151153WA0127701295001100049009358
B1933063728381N12151151WA0127501294001100052015015
B1933073728389N12151148WA0127201293001100056021010
B1933083728397N12151143WA0127101291001100059027021
B1933093728405N12151138WA0127101291001100057028002
B1933103728412N12151133WA0127001290001100054026001
B1933113728420N12151129WA0127001289001100052022010
B1933123728427N12151125WA0126801288001100052021003
B1933133728435N12151122WA0126601285001100056022015
B1933143728443N12151117WA0126301283001100053026013
B1933153728452N12151112WA0126201281001100064027004
B1933163728460N12151106WA0126201279001100062026003
B1933173728468N12151102WA0126201279001100058016352
B1933183728476N12151102WA0126201278001100052359349
B1933193728484N12151103WA0126101278001100052351340
B1933203728492N12151106WA0125901277001100055349338
B1933213728500N12151107WA0126001276001100056353347
B1933223728508N12151108WA0125901277001100052355322
B1933233728515N12151109WA0125801277001100046352326
B1933243728522N12151111WA0125701276001100043349318
B1933253728528N12151113WA0125301274001100042345317
B1933263728534N12151117WA0125101272001100046330309
B1933273728539N12151122WA0124901270001100047327293
B1933283728544N12151128WA0125001269001100039316290
B1933293728546N12151133WA0125001269001100031304279
B1933303728547N12151138WA0124901268001100023292265
B1933313728548N12151142WA0124801267001100024290255
B1933323728549N12151147WA0124601265001100030290252
B1933333728551N12151152WA0124701265001100034294255
B1933343728553N12151159WA0124901265001100037298263
B1933353728556N12151164WA0125001265001100033306258
B1933363728560N12151168WA0125001264001100030314266
B1933373728562N12151172WA0125101264001100029306256
B1933383728565N12151177WA0125001264001100033297279
B1933393728568N12151183WA0125101265001100037298293
B1933403728571N12151189WA0125401266001100040300279
B1933413728575N12151195WA0125701267001100039309295
B1933423728579N12151199WA0125901270001100036323272
B1933433728584N12151203WA0126001271001100035323266
B1933443728588N12151207WA0126001272001100034318268
B1933453728592N12151211WA0126001273001100037311275
B1933463728596N12151216WA0126201275001100039314277
B1933473728600N12151221WA0126501277001100039315277
B1933483728604N12151226WA0126901279001100036318272
B1933493728609N12151229WA0127201282001100032327275
B1933503728613N12151231WA0127401285001100030327265
B1933513728616N12151235WA0127401287001100031317260
B1933523728620N12151239WA0127501289001100033313257
B1933533728623N12151243WA0127701291001100035309256
B1933543728626N12151248WA0128001294001100033309254
B1933553728630N12151253WA0128301297001100031314257
B1933563728633N12151256WA0128401299001100029319254
B1933573728637N12151260WA0128501301001100029321263
B1933583728640N12151263WA0128301303001100028322244
B1933593728643N12151266WA0128201303001100029319263
B1934003728647N12151271WA0128001302001100033320257
B1934013728651N12151276WA0127901301001100038311270
B1934023728655N12151283WA0127801299001100043311268
B1934033728660N12151289WA0127801298001100043314265
B1934043728664N12151295WA0127701298001100041314260
B1934053728668N12151300WA0127701297001100038312266
B1934063728672N12151306WA0127701296001100036309267
B1934073728676N12151311WA0127501295001100037312273
B1934083728680N12151316WA0127301294001100040316277
B1934093728685N12151322WA0127201292001100043319276
B1934103728689N12151327WA0127101291001100043317268
B1934113728694N12151332WA0127001290001100041313264
B1934123728698N12151338WA0127001290001100039313263
B1934133728702N12151343WA0127001290001100036316263
B1934143728706N12151347WA0126901289001100034321268
B1934153728710N12151351WA0126801288001100031322267
B1934163728714N12151355WA0126501287001100029321266
B1934173728717N12151359WA0126101284001100031316276
B1934183728720N12151364WA0126001282001100038311277
B1934193728724N12151369WA0126001281001100040313272
B1934203728729N12151375WA0125901280001100039316263
B1934213728733N12151380WA0125901279001100035317266
B1934223728736N12151384WA0125801277001100032314275
B1934233728740N12151388WA0125501275001100033314280
B1934243728744N12151393WA0125201273001100039324287
B1934253728749N12151397WA0125001271001100042326272
B1934263728754N12151402WA0124901269001100038321270
B1934273728758N12151406WA0124801268001100032315272
B1934283728762N12151410WA0124601265001100030317286
B1934293728766N12151414WA0124201262001100033322289
B1934303728770N12151418WA0123801258001100040328287
B1934313728776N12151422WA0123401255001100045327279
B1934323728781N12151427WA0123201252001100043322260
B1934333728786N12151432WA0122901250001100038318273
B1934343728790N12151436WA0122801248001100035318278
B1934353728794N12151441WA0122501245001100038323281
B1934363728799N12151445WA0122201241001100042326282
B1934373728805N12151450WA0122001238001100043325273
B1934383728810N12151455WA0121801236001100041320277
B1934393728814N12151459WA0121501234001100039317277
B1934403728819N12151464WA0121301232001100039321282
B1934413728824N12151469WA0121001229001100040325276
B1934423728829N12151473WA0120701226001100039322275
B1934433728833N12151478WA0120401223001100039316276
B1934443728838N12151483WA0120101219001100041314275
B1934453728842N12151489WA0119801216001100045319291
B1934463728848N12151494WA0119501214001100048324291
B1934473728854N12151499WA0119301212001100049328283
B1934483728860N12151504WA0119201211001100046325282
B1934493728866N12151509WA0119101209001100042321279
B1934503728871N12151514WA0118901207001100041320282
B1934513728876N12151519WA0118601204001100043322282
B1934523728881N12151524WA0118301202001100046322285
B1934533728887N12151530WA0118101199001100047320277
B1934543728892N12151535WA0117901197001100046318284
B1934553728897N12151541WA0117801196001100045319289
B1934563728902N12151546WA0117501194001100044323284
B1934573728907N12151551WA0117301192001100042324278
B1934583728912N12151555WA0117001189001100041323277
B1934593728917N12151560WA0116801186001100042322303
B1935003728922N12151565WA0116301182001100043321277
B1935013728928N12151570WA0115901178001100044320288
B1935023728933N12151576WA0115401174001100044316274
B1935033728937N12151582WA0115201171001100045314279
B1935043728942N12151588WA0115001169001100045318282
B1935053728947N12151593WA0114801167001100045324279
B1935063728953N12151598WA0114601165001100045325275
B1935073728959N12151603WA0114501163001100043321271
B1935083728963N12151608WA0114101160001100041315268
B1935093728968N12151613WA0113901157001100039313278
B1935103728972N12151618WA0113701154001100040316281
B1935113728976N12151623WA0113401151001100042322278
B1935123728982N12151628WA0113101149001100042327271
B1935133728987N12151632WA0112701145001100039325278
B1935143728991N12151637WA0112301141001100038318277
B1935153728995N12151642WA0111701136001100041311278
B1935163728999N12151648WA0111601133001100043308277
B1935173729004N12151655WA0111401130001100044310276
B1935183729008N12151662WA0111301127001100045310269
B1935193729012N12151668WA0111201125001100040311271
B1935203729016N12151673WA0111101123001100035311271
B1935213729019N12151678WA0110801121001100035310277
B1935223729023N12151684WA0110401118001100041315283
B1935233729028N12151689WA0110101116001100045318278
B1935243729033N12151694WA0110001114001100044318274
B1935253729038N12151700WA0109901112001100042316277
B1935263729043N12151705WA0109601110001100042314273
B1935273729047N12151711WA0109201107001100044315279
B1935283729052N12151717WA0108901104001100047316278
B1935293729057N12151724WA0108701102001100048314266
B1935303729062N12151730WA0108601100001100045309258
B1935313729066N12151737WA0108701100001100042305263
B1935323729070N12151743WA0108701101001100039306265
B1935333729073N12151749WA0108701101001100037309265
B1935343729077N12151754WA0108601101001100037312259
B1935353729081N12151759WA0108501100001100040310268
B1935363729085N12151765WA0108501099001100044307264
B1935373729089N12151772WA0108501099001100047309266
B1935383729094N12151779WA0108501100001100050313231
B1935393729099N12151785WA0108801102001100048317263
B1935403729104N12151791WA0109101104001100042313272
B1935413729108N12151796WA0109301106001100038308270
B1935423729112N12151802WA0109501108001100035307262
B1935433729115N12151807WA0109601110001100037311265
B1935443729119N12151812WA0109701112001100038312267
B1935453729123N12151818WA0109901114001100035311264
B1935463729126N12151822WA0110101115001100033316276
B1935473729130N12151826WA0110001116001100032321272
B1935483729134N12151830WA0110001116001100032328276
B1935493729138N12151833WA0109901116001100033328265
B1935503729142N12151837WA0109701114001100035323268
B1935513729146N12151841WA0109601114001100034319270
B1935523729150N12151845WA0109501113001100031321269
B1935533729154N12151848WA0109301111001100031326271
B1935543729158N12151852WA0109001108001100032327271
B1935553729162N12151856WA0108701105001100036323269
B1935563729166N12151860WA0108401101001100036318263
B1935573729170N12151865WA0108101098001100035313262
B1935583729174N12151870WA0107801096001100032310264
B1935593729177N12151874WA0107501093001100029306258
B1936003729179N12151878WA0107501091001100026305265
B1936013729182N12151882WA0107101088001100025311263
B1936023729184N12151886WA0106701085001100027315251
B1936033729187N12151890WA0106401081001100032313254
B1936043729191N12151895WA0106201078001100033302255
B1936053729193N12151901WA0106001075001100033293250
B1936063729195N12151906WA0105801072001100034293256
B1936073729197N12151912WA0105701071001100035300277
B1936083729200N12151918WA0105701070001100036311270
B1936093729204N12151923WA0105401068001100036311270
B1936103729207N12151928WA0105201066001100035306261
B1936113729210N12151934WA0104901063001100037299263
B1936123729213N12151940WA0104601061001100040301276
B1936133729216N12151946WA0104501059001100043307272
B1936143729220N12151953WA0104401058001100043311271
B1936153729225N12151959WA0104401057001100040312275
B1936163729229N12151964WA0104201055001100039311265
B1936173729232N12151970WA0104001053001100041309268
B1936183729236N12151977WA0103801051001100044304266
B1936193729240N12151984WA0103601050001100044299256
B1936203729243N12151991WA0103601050001100043300269
B1936213729246N12151997WA0103501050001100039304280
B1936223729250N12152003WA0103401049001100037310283
B1936233729253N12152008WA0103201047001100037311277
B1936243729257N12152013WA0102901045001100042313280
B1936253729262N12152019WA0102701043001100046313287
B1936263729267N12152026WA0102401042001100049315292
B1936273729273N12152032WA0102501041001100048320286
B1936283729278N12152037WA0102601041001100046326296
B1936293729284N12152041WA0102301040001100046331295
B1936303729291N12152045WA0102101037001100047335301
B1936313729298N12152049WA0102001035001100047335300
B1936323729305N12152053WA0101801033001100054334290
B1936333729312N12152057WA0101701031001100051334290
B1936343729319N12152061WA0101701031001100049336298
B1936353729326N12152065WA0101601031001100048338295
B1936363729332N12152068WA0101501030001100047341300
B1936373729339N12152071WA0101401028001100046341295
B1936383729345N12152074WA0101001026001100045337289
B1936393729352N12152077WA0100901024001100045335297
B1936403729358N12152081WA0100701022001100048336298
B1936413729365N12152084WA0100301020001100046339298
B1936423729372N12152088WA0100101018001100052340296
B1936433729380N12152091WA0100001016001100050340298
B1936443729387N12152094WA0100001015001100051339302
B1936453729393N12152097WA0099801013001100049340306
B1936463729401N12152100WA0099501011001100050342304
B1936473729408N12152103WA0099401010001100051344305
B1936483729415N12152106WA0099201008001100050343308
B1936493729422N12152109WA0099101006001100050340310
B1936503729429N12152112WA0098801004001100048336310
B1936513729436N12152116WA0098701002001100048335305
B1936523729442N12152119WA0098401000001100048334300
B1936533729449N12152123WA0098300999001100048333296
B1936543729455N12152128WA0098200997001100047332294
B1936553729462N12152132WA0098100996001100048333296
B1936563729468N12152135WA0097900994001100049335297
B1936573729475N12152139WA0097700992001100049336295
B1936583729481N12152143WA0097600991001100049336291
B1936593729488N12152147WA0097500989001100048334293
B1937003729494N12152151WA0097300988001100047333296
B1937013729501N12152154WA0097200987001100047334294
B1937023729507N12152158WA0097000985001100048336296
B1937033729514N12152162WA0096800983001100048337293
B1937043729520N12152165WA0096700981001100048335291
B1937053729527N12152169WA0096500980001100048334290
B1937063729533N12152173WA0096400978001100047333289
B1937073729540N12152177WA0096200976001100047334293
B1937083729546N12152181WA0096000975001100048335295
B1937093729553N12152185WA0095900973001100048334292
B1937103729560N12152189WA0095800971001100048332285
B1937113729567N12152193WA0095500970001100053332287
B1937123729574N12152198WA0095400969001100053332287
B1937133729581N12152203WA0095400968001100052334292
B1937143729588N12152206WA0095300967001100052336292
B1937153729595N12152210WA0095200965001100051335292
B1937163729602N12152215WA0095000964001100050331289
B1937173729608N12152219WA0094800962001100050328289
B1937183729614N12152224WA0094700961001100050328281
B1937193729621N12152229WA0094600960001100049332299
B1937203729628N12152233WA0094400959001100049334296
B1937213729635N12152237WA0094400958001100050334290
B1937223729641N12152242WA0094300957001100049332293
B1937233729648N12152246WA0094200955001100051334311
B1937243729655N12152249WA0094000954001100053340306
B1937253729663N12152253WA0093800953001100051341295
B1937263729670N12152256WA0093700951001100048338294
B1937273729676N12152259WA0093500949001100047334298
B1937283729683N12152263WA0093400947001100048335304
B1937293729689N12152267WA0093100945001100051340305
B1937303729697N12152270WA0092900943001100051342294
B1937313729704N12152273WA0092600941001100047339293
B1937323729710N12152276WA0092500939001100045336302
B1937333729716N12152280WA0092200936001100046334301
B1937343729723N12152284WA0091900934001100046337298
B1937353729730N12152288WA0091600931001100051338297
B1937363729737N12152291WA0091500930001100048339295
B1937373729744N12152294WA0091500929001100048337294
B1937383729750N12152298WA0091400928001100045338274
B1937393729756N12152300WA0091400928001100043342314
B1937403729762N12152302WA0091300928001100041348317
B1937413729768N12152304WA0091200927001100042349324
B1937423729774N12152305WA0091200926001100041342324
B1937433729780N12152308WA0091200926001100040339315
B1937443729785N12152310WA0091300926001100032337309
B1937453729789N12152312WA0091300926001100026342300
B1937463729792N12152313WA0091200925001100022344288
B1937473729795N12152314WA0091000924001100022343281
B1937483729798N12152316WA0090800923001100027328279
B1937493729802N12152319WA0090700921001100032322270
B1937503729805N12152323WA0090500919001100032322271
B1937513729808N12152326WA0090600919001100025320273
B1937523729811N12152329WA0090800920001100019321286
B1937533729813N12152331WA0090600919001100019328275
B1937543729816N12152333WA0090500918001100024338285
B1937553729819N12152334WA0090400916001100025337275
B1937563729822N12152336WA0090300914001100023333276
B1937573729825N12152338WA0090300914001100023333275
B1937583729829N12152340WA0090100913001100027334267
B1937593729833N12152343WA0090000913001100031328270
B1938003729836N12152346WA0090200913001100028321255
B1938013729839N12152349WA0090300914001100024322262
B1938023729841N12152351WA0090500915001100016328246
B1938033729843N12152352WA0090600916001100012342258
B1938043729845N12152353WA0090400916001100014343257
B1938053729847N12152354WA0090200916001100017344263
B1938063729849N12152357WA0090200915001100027305247
B1938073729852N12152361WA0090100914001100026300256
B1938083729854N12152366WA0090600914001100026302248
B1938093729855N12152370WA0090900916001100023301250
B1938103729857N12152372WA0091100918001100016322270
B1938113729859N12152373WA0091100921001100016325258
B1938123729861N12152375WA0090900921001100020328276
B1938133729863N12152378WA0090800921001100023318251
B1938143729866N12152382WA0090900921001100025307268
B1938153729868N12152386WA0090900921001100028301263
B1938163729870N12152391WA0091000921001100032301271
B1938173729873N12152397WA0091300922001100032302279
B1938183729875N12152402WA0091700924001100031298246
B1938193729878N12152405WA0091900925001100022317257
B1938203729880N12152407WA0091900926001100018327257
B1938213729882N12152408WA0091800927001100019319283
B1938223729885N12152411WA0092000927001100025317268
B1938233729888N12152413WA0091900927001100027327238
B1938243729891N12152416WA0091800927001100025329255
B1938253729894N12152418WA0091900927001100023319267
B1938263729897N12152421WA0091700927001100024311264
B1938273729900N12152425WA0091700927001100030318307
B1938283729904N12152428WA0091500927001100036328301
B1938293729909N12152431WA0091600927001100040339292
B1938303729915N12152433WA0091800928001100038344294
B1938313729920N12152434WA0092000929001100031351280
B1938323729923N12152435WA0092000930001100022353283
B1938333729926N12152435WA0092000930001100016353273
B1938343729928N12152436WA0091900930001100016320253
B1938353729929N12152439WA0092000933001100018303247
B1938363729930N12152442WA0092100933001100013297234
B1938373729931N12152443WA0092100932001100008289231
B1938383729930N12152444WA0092000932001100007246233
B1938393729929N12152446WA0092000931001100016251238
B1938403729928N12152449WA0091900931001100016255234
B1938413729928N12152453WA0092400931001100016245229
B1938423729927N12152456WA0092700932001100013246219
B1938433729926N12152457WA0093100935001100010217217
B1938443729924N12152458WA0093200937001100008204236
B1938463729923N12152460WA0093100939001100008233219
B1938473729922N12152461WA0093200940001100014224221
B1938483729920N12152463WA0093300940001100015225216
B1938493729918N12152465WA0093500941001100016225230
B1938503729917N12152467WA0093700943001100016230225
B1938513729915N12152469WA0094100947001100014243227
B1938523729914N12152471WA0094400952001100012240215
B1938533729913N12152473WA0094700956001100012227219
B1938543729912N12152474WA0095000959001100012230230
B1938553729911N12152476WA0095200961001100012236225
B1938563729910N12152478WA0095300962001100012237218
B1938573729909N12152479WA0095400963001100011222191
B1938583729907N12152481WA0095300964001100011204186
B1938593729906N12152481WA0095300964001100014182214
B1939003729904N12152481WA0095300964001100011171203
B1939013729902N12152481WA0095200964001100008200231
B1939023729901N12152482WA0095100964001100011228227
B1939033729900N12152484WA0095300965001100015241239
B1939043729899N12152487WA0095500967001100015253227
B1939053729898N12152489WA0095600969001100013259238
B1939063729898N12152491WA0095800971001100010249234
B1939073729897N12152493WA0095800971001100011230225
B1939083729896N12152495WA0095900971001100015227242
B1939093729894N12152498WA0095900972001100016247260
B1939103729894N12152500WA0096100973001100016280271
B1939113729896N12152504WA0096100974001100022318286
B1939123729900N12152506WA0096100974001100028334300
B1939133729906N12152506WA0096200975001100035357319
B1939143729913N12152502WA0096200976001100049027355
B1939153729920N12152495WA0096200975001100056052043
B1939163729923N12152485WA0096100975001100056067077
B1939173729923N12152473WA0096000975001100053098097
B1939183729920N12152465WA0096300975001100039118130
B1939193729916N12152460WA0096400976001100032130154
B1939203729913N12152458WA0096500977001100021144166
B1939213729910N12152457WA0096600978001100018149188
B1939223729908N12152456WA0096500976001100021153196
B1939233729905N12152454WA0096500976001100022165204
B1939243729902N12152454WA0096500976001100020182206
B1939253729899N12152455WA0096600977001100016190206
B1939263729897N12152455WA0096600978001100015183220
B1939273729895N12152455WA0096600978001100015183212
B1939283729892N12152456WA0096600978001100014201236
B1939293729891N12152457WA0096600978001100013227241
B1939303729890N12152459WA0096700978001100013246245
B1939313729889N12152462WA0096700979001100013251248
B1939323729888N12152464WA0097000981001100012240239
B1939333729887N12152466WA0097100982001100009242252
B1939343729887N12152467WA0097300984001100007250250
B1939353729886N12152468WA0097300984001100006270248
B1939363729886N12152470WA0097300985001100009276266
B1939373729887N12152472WA0097300985001100014281273
B1939383729887N12152474WA0097500986001100016295288
B1939393729889N12152477WA0097700987001100019310296
B1939403729892N12152480WA0097900989001100023330290
B1939413729895N12152482WA0098000991001100024337290
B1939423729898N12152483WA0098200992001100021329280
B1939433729901N12152486WA0098400995001100020325278
B1939443729903N12152488WA0098600997001100020332284
B1939453729906N12152489WA0098901000001100019337278
B1939463729908N12152490WA0099101002001100014327285
B1939473729910N12152492WA0099201003001100012307266
B1939483729911N12152494WA0099401005001100014291293
B1939493729912N12152497WA0099401006001100017306306
B1939503729914N12152499WA0099601008001100019328304
B1939513729917N12152500WA0099501009001100021347315
B1939523729922N12152499WA0099501010001100032006312
B1939533729929N12152497WA0099401010001100042013336
B1939543729936N12152494WA0099401011001100046018352
B1939553729943N12152490WA0099601012001100046027017
B1939563729950N12152485WA0099601013001100048035024
B1939573729955N12152478WA0099601013001100053050036
B1939583729959N12152469WA0099701013001100057062058
B1939593729963N12152459WA0099901014001100056069081
B1940003729964N12152449WA0100101015001100057086089
B1940013729962N12152440WA0100201016001100043104110
B1940023729959N12152433WA0100401018001100041117135
B1940033729956N12152426WA0100601020001100041116156
B1940043729953N12152420WA0100701021001100038121166
B1940053729950N12152414WA0100901023001100035128177
B1940063729947N12152411WA0100801024001100029149194
B1940073729943N12152409WA0101101025001100023166203
B1940083729940N12152410WA0101301027001100016191224
B1940093729939N12152411WA0101301029001100008203234
B1940103729938N12152412WA0101401030001100006202244
B1940113729938N12152413WA0101301029001100007245253
B1940123729938N12152415WA0101201029001100011261255
B1940133729938N12152417WA0101201030001100013266248
B1940143729938N12152419WA0101301030001100010287253
B1940153729939N12152421WA0101301030001100008305257
B1940163729939N12152422WA0101201030001100007302247
B1940173729940N12152424WA0101101029001100010275244
B1940183729940N12152426WA0101101028001100012269254
B1940193729940N12152428WA0101201028001100013274270
B1940203729940N12152431WA0101301029001100014282269
B1940213729941N12152433WA0101301029001100014308297
B1940223729942N12152435WA0101201029001100016322293
B1940233729945N12152437WA0101101029001100020328300
B1940243729949N12152439WA0100901028001100026337311
B1940253729953N12152441WA0100801026001100034349324
B1940263729959N12152441WA0100601025001100038358339
B1940273729966N12152440WA0100401024001100043014347
B1940283729972N12152436WA0100301022001100047025004
B1940293729979N12152430WA0100201020001100052038012
B1940303729984N12152422WA0100001018001100056049030
B1940313729990N12152413WA0099901016001100058057050
B1940323729994N12152403WA0099801014001100057065066
B1940333729996N12152393WA0099701012001100060074075
B1940343729998N12152383WA0099501010001100061082092
B1940353729998N12152373WA0099401009001100051092106
B1940363729997N12152364WA0099301008001100049101130
B1940373729996N12152355WA0099301007001100045110141
B1940383729993N12152348WA0099401006001100042119146
B1940393729989N12152342WA0099301006001100039125169
B1940403729986N12152336WA0099201006001100035130174
B1940413729983N12152332WA0099101005001100030139193
B1940423729979N12152329WA0099001004001100024153202
B1940433729976N12152328WA0098901002001100019167216
B1940443729974N12152328WA0098801002001100012192222
B1940453729973N12152329WA0098901002001100008232239
B1940463729972N12152331WA0098801001001100009252251
B1940473729972N12152333WA0098701000001100011268260
B1940483729973N12152335WA0098801000001100012284267
B1940493729973N12152337WA0098901001001100011303256
B1940503729974N12152338WA0099001002001100009320259
B1940513729975N12152339WA0099001001001100006324255
B1940523729976N12152340WA0098701000001100004324244
B1940533729976N12152341WA0098600999001100006284258
B1940543729976N12152343WA0098500998001100010270248
B1940553729976N12152345WA0098400998001100013271232
B1940563729976N12152348WA0098500998001100013258227
B1940573729975N12152351WA0098700999001100013241233
B1940583729974N12152353WA0098901001001100012234242
B1940593729973N12152355WA0099101002001100011245246
B1941003729973N12152357WA0099201003001100010249244
B1941013729972N12152359WA0099101004001100010250222
B1941023729971N12152360WA0098901004001100011232236
B1941033729970N12152362WA0098701004001100012220263
B1941043729968N12152362WA0098501002001100012214245
B1941053729967N12152364WA0098301000001100011250255
B1941063729967N12152366WA0098200998001100012262233
B1941073729966N12152369WA0098100996001100012256224
B1941083729966N12152371WA0098000995001100012239227
B1941093729965N12152372WA0097900994001100013226223
B1941103729963N12152374WA0097900993001100013228223
B1941113729962N12152376WA0097900993001100012236220
B1941123729961N12152378WA0097700991001100012248220
B1941133729961N12152380WA0097600990001100012249232
B1941143729960N12152382WA0097600990001100012243226
B1941153729959N12152384WA0097600990001100011239237
B1941163729959N12152385WA0097700991001100011247232
B1941173729958N12152387WA0097900992001100012269225
B1941183729959N12152389WA0098100994001100011298241
B1941193729960N12152391WA0098200995001100008319238
B1941203729961N12152391WA0098200996001100006329248
B1941213729962N12152392WA0098300996001100010317264
B1941223729963N12152394WA0098100996001100015313281
B1941233729966N12152396WA0098100996001100023322299
B1941243729969N12152400WA0098000996001100030330322
B1941253729976N12152402WA0098000996001100044349338
B1941263729984N12152402WA0097900996001100054007003
B1941273729993N12152399WA0097700995001100058019022
B1941283730001N12152392WA0097500993001100064041037
B1941293730007N12152382WA0097300992001100062054059
B1941303730010N12152372WA0097100989001100056079075
B1941313730010N12152362WA0097000987001100047097105
B1941323730008N12152354WA0096900986001100038108134
B1941333730006N12152349WA0096800983001100029116153
B1941343730004N12152345WA0096700982001100022132177
B1941353730001N12152343WA0096600980001100018162201
B1941363729999N12152343WA0096600979001100017179215
B1941373729996N12152344WA0096700978001100016192207
B1941383729995N12152346WA0096900979001100008202207
B1941393729994N12152346WA0097000981001100005202218
B1941403729994N12152346WA0096900980001100007170223
B1941413729993N12152347WA0096800979001100011214221
B1941423729991N12152348WA0096600979001100016232231
B1941433729990N12152351WA0096700979001100016241218
B1941443729989N12152354WA0096800980001100012233226
B1941453729988N12152355WA0096800981001100009212226
B1941463729987N12152356WA0096800981001100011203230
B1941473729985N12152358WA0096700980001100014215223
B1941483729984N12152360WA0096700979001100015235229
B1941493729983N12152362WA0096500978001100014248223
B1941503729982N12152365WA0096500978001100013260240
B1941513729982N12152367WA0096500978001100009281218
B1941523729982N12152368WA0096500978001100008296246
B1941533729983N12152369WA0096400976001100008307240
B1941543729984N12152371WA0096200974001100010299238
B1941553729984N12152373WA0095900971001100013279231
B1941563729985N12152376WA0095700969001100016267233
B1941573729984N12152378WA0095700969001100012246229
B1941583729982N12152380WA0095700968001100009218247
B1941593729982N12152381WA0095700968001100006228257
B1942003729981N12152382WA0095500967001100010261259
B1942013729981N12152385WA0095200966001100016282263
B1942023729982N12152388WA0095300965001100018288285
B1942033729984N12152391WA0095600965001100020314279
B1942043729988N12152393WA0095600966001100023338283
B1942053729991N12152394WA0095500966001100022343282
B1942063729995N12152396WA0095400965001100023331281
B1942073729998N12152398WA0095400965001100028325284
B1942083730002N12152401WA0095400965001100032328299
B1942093730006N12152405WA0095600965001100032329283
B1942103730011N12152407WA0095700966001100029339281
B1942113730015N12152408WA0095800967001100025342286
B1942123730018N12152409WA0095800967001100025341297
B1942133730023N12152412WA0095600966001100030335300
B1942143730027N12152414WA0095500966001100035336301
B1942153730032N12152417WA0095700965001100036337272
B1942163730038N12152419WA0095900966001100037337272
B1942173730042N12152422WA0096100968001100031333278
B1942183730045N12152424WA0096200969001100022330276
B1942193730048N12152426WA0096200970001100020327268
B1942203730050N12152428WA0096100970001100023319266
B1942213730052N12152431WA0096200971001100023310265
B1942223730054N12152434WA0096200971001100022305266
B1942233730056N12152437WA0096200972001100021306257
B1942243730058N12152440WA0096300973001100018307245
B1942253730059N12152443WA0096300973001100016305236
B1942263730060N12152445WA0096200972001100013285224
B1942273730060N12152447WA0096200971001100011253222
B1942283730059N12152449WA0096100971001100013217212
B1942293730057N12152450WA0096000971001100015189207
B1942303730054N12152450WA0096100970001100016175206
B1942313730052N12152449WA0096000971001100011162212
B1942323730051N12152449WA0096000971001100010174218
B1942333730049N12152449WA0095900971001100011202235
B1942343730048N12152450WA0095800971001100012241247
B1942353730048N12152453WA0095900970001100015278263
B1942363730050N12152456WA0095700970001100022310272
B1942373730053N12152459WA0095700969001100028326282
B1942383730057N12152462WA0095600969001100031336295
B1942393730061N12152464WA0095500968001100033341294
B1942403730066N12152466WA0095400966001100035344297
B1942413730072N12152468WA0095200964001100037343288
B1942423730077N12152470WA0095000963001100039339290
B1942433730083N12152473WA0094900962001100039337283
B1942443730088N12152475WA0095000962001100035337282
B1942453730093N12152478WA0094900962001100034339284
B1942463730097N12152480WA0094900961001100034338281
B1942473730102N12152482WA0094700961001100033335273
B1942483730106N12152485WA0094700959001100031333277
B1942493730110N12152488WA0094500958001100030330277
B1942503730114N12152491WA0094200955001100032329281
B1942513730119N12152494WA0093900952001100036327285
B1942523730123N12152498WA0093700950001100039325278
B1942533730128N12152502WA0093600948001100038323275
B1942543730132N12152506WA0093500947001100034323275
B1942553730136N12152510WA0093500947001100030326282
B1942563730140N12152513WA0093500946001100031333290
B1942573730144N12152515WA0093300946001100034337295
B1942583730149N12152518WA0093300945001100036336287
B1942593730154N12152520WA0093100943001100038337282
B1943003730160N12152523WA0093000942001100038336288
B1943013730165N12152526WA0092900942001100038336283
B1943023730170N12152529WA0092800941001100037337280
B1943033730175N12152532WA0092700940001100037337282
B1943043730180N12152534WA0092700939001100035335280
B1943053730185N12152537WA0092500938001100034336248
B1943063730190N12152539WA0092500937001100035338285
B1943073730195N12152542WA0092200936001100036339289
B1943083730200N12152544WA0092000934001100038337288
B1943093730205N12152547WA0091900932001100042334290
B1943103730211N12152551WA0091600930001100043334288
B1943113730217N12152554WA0091400929001100043336278
B1943123730223N12152557WA0091400929001100037337276
B1943133730228N12152560WA0091400927001100034339285
B1943143730232N12152562WA0091100926001100031338285
B1943153730236N12152564WA0090700923001100031335283
B1943163730241N12152567WA0090200920001100036332287
B1943173730246N12152571WA0089900917001100043330285
B1943183730252N12152575WA0089700914001100042331273
B1943193730258N12152580WA0089600911001100043330276
B1943203730263N12152584WA0089500910001100036328272
B1943213730268N12152587WA0089400908001100033328274
B1943223730272N12152591WA0089100905001100033324267
B1943233730276N12152595WA0088900902001100036316266
B1943243730280N12152601WA0088700900001100041310261
B1943253730284N12152607WA0088600898001100043312263
B1943263730288N12152613WA0088800896001100042316252
B1943273730292N12152618WA0089000895001100038315259
B1943283730295N12152621WA0089000895001100026317265
B1943293730297N12152624WA0088900894001100022316268
B1943303730299N12152626WA0088700894001100022316265
B1943313730301N12152629WA0088300892001100026313264
B1943323730303N12152633WA0088100891001100030303261
B1943333730305N12152638WA0088200890001100030300258
B1943343730308N12152643WA0088300889001100030301262
B1943353730310N12152648WA0088300890001100025303264
B1943363730312N12152651WA0088300890001100024311276
B1943373730314N12152655WA0088200889001100026311270
B1943383730317N12152659WA0088200889001100028310268
B1943393730319N12152663WA0088100889001100028309263
B1943403730322N12152667WA0088100889001100029315275
B1943413730326N12152670WA0088100889001100029323276
B1943423730329N12152673WA0088100890001100028330279
B1943433730332N12152676WA0088000890001100024325266
B1943443730335N12152678WA0088000890001100022314267
B1943453730337N12152682WA0087900889001100025301278
B1943463730339N12152686WA0087800889001100028308282
B1943473730342N12152690WA0087800890001100028312264
B1943483730345N12152694WA0087800890001100025307250
B1943493730347N12152698WA0087800890001100023298263
B1943503730348N12152702WA0087700889001100024301274
B1943513730351N12152706WA0087500888001100027310269
B1943523730353N12152710WA0087400887001100027311257
B1943533730356N12152714WA0087400886001100025304248
B1943543730358N12152717WA0087300885001100021296257
B1943553730359N12152721WA0087200884001100021298269
B1943563730361N12152725WA0087000882001100024307277
B1943573730363N12152729WA0086700880001100029309267
B1943583730366N12152733WA0086600879001100030306257
B1943593730369N12152737WA0086500878001100026299250
B1944003730370N12152741WA0086600878001100024294263
B1944013730372N12152745WA0086500877001100024298271
B1944023730374N12152749WA0086300876001100027305269
B1944033730377N12152754WA0086300875001100032308268
B1944043730380N12152758WA0086200874001100033309259
B1944053730383N12152763WA0086100874001100031305258
B1944063730385N12152768WA0086200873001100030300261
B1944073730387N12152773WA0086100872001100031300269
B1944083730390N12152778WA0086000871001100034303272
B1944093730393N12152784WA0086000871001100037307273
B1944103730397N12152789WA0086000871001100036307257
B1944113730399N12152795WA0085900871001100032301255
B1944123730402N12152800WA0086100871001100029296274
B1944133730404N12152804WA0086100871001100029302283
B1944143730407N12152809WA0086100871001100033314283
B1944153730411N12152813WA0086000871001100039323272
B1944163730416N12152818WA0086000871001100041320260
B1944173730420N12152823WA0086100872001100037312263
B1944183730423N12152828WA0086400874001100033307302
B1944193730426N12152833WA0086600875001100031315293
B1944203730430N12152836WA0086600876001100032326299
B1944213730435N12152840WA0086600877001100037333302
B1944223730440N12152843WA0086700877001100043333286
B1944233730446N12152847WA0086900879001100043331291
B1944243730452N12152850WA0087100881001100040335293
B1944253730457N12152853WA0087200883001100039341305
B1944263730463N12152855WA0087300884001100039344306
B1944273730469N12152857WA0087400886001100041343306
B1944283730475N12152860WA0087600887001100045342302
B1944293730481N12152862WA0087800890001100045346305
B1944303730488N12152863WA0088000892001100042351294
B1944313730494N12152864WA0088300894001100038351293
B1944323730499N12152866WA0088400896001100035344279
B1944333730504N12152868WA0088500897001100035334277
B1944343730509N12152871WA0088700899001100035329278
B1944353730513N12152874WA0089000902001100031331262
B1944363730516N12152876WA0089300905001100024330248
B1944373730519N12152878WA0089400907001100020328240
B1944383730520N12152880WA0089400908001100013317244
B1944393730520N12152882WA0089300908001100011285238
B1944403730519N12152883WA0089200908001100011235227
B1944413730518N12152884WA0089300908001100012191218
B1944423730515N12152884WA0089300907001100017162208
B1944433730512N12152882WA0089200907001100023148195
B1944443730509N12152879WA0089200907001100025138186
B1944453730506N12152876WA0089300906001100024131181
B1944463730504N12152872WA0089300907001100023128179
B1944473730501N12152869WA0089400907001100021142178
B1944483730499N12152868WA0089300907001100021160178
B1944493730496N12152866WA0089400907001100021152179
B1944503730493N12152864WA0089400907001100023143176
B1944513730491N12152859WA0089200906001100032115170
B1944523730490N12152851WA0089000905001100043094148
B1944533730490N12152843WA0089000904001100043085122
B1944543730491N12152835WA0089100905001100041077111
B1944553730493N12152828WA0089100905001100040067103
B1944563730496N12152821WA0089200905001100040061090
B1944573730499N12152814WA0089100905001100043056077
B1944583730503N12152807WA0089200905001100047050066
B1944593730509N12152801WA0089200905001100048040052
B1945003730515N12152796WA0089100905001100050029035
B1945013730522N12152792WA0089100904001100052019018
B1945023730530N12152790WA0089200904001100053013001
B1945033730537N12152789WA0089400906001100047005353
B1945043730543N12152789WA0089600907001100039357341
B1945053730549N12152790WA0089600908001100034351325
B1945063730553N12152791WA0089600906001100031346312
B1945073730558N12152793WA0089500905001100035346305
B1945083730563N12152795WA0089500905001100037344301
B1945093730568N12152796WA0089500906001100035341298
B1945103730573N12152799WA0089600907001100031336291
B1945113730577N12152801WA0089600907001100029331284
B1945123730580N12152804WA0089800908001100029329288
B1945133730584N12152807WA0089800908001100032331285
B1945143730589N12152810WA0090000909001100033330277
B1945153730593N12152812WA0090200911001100031332276
B1945163730597N12152815WA0090600915001100027336275
B1945173730600N12152817WA0090900918001100021329264
B1945183730602N12152819WA0091100920001100017314241
B1945193730604N12152821WA0091400923001100016302258
B1945203730605N12152824WA0091500925001100016305256
B1945213730607N12152826WA0091700927001100015303250
B1945223730607N12152829WA0091800929001100014284234
B1945233730607N12152831WA0091900930001100013258206
B1945243730605N12152833WA0092100932001100016208191
B1945253730602N12152833WA0092200933001100024171172
B1945263730597N12152829WA0092300935001100037132147
B1945273730594N12152821WA0092400936001100044108124
B1945283730595N12152812WA0092500937001100049078100
B1945293730599N12152803WA0092400938001100052053067
B1945303730607N12152797WA0092500937001100053023037
B1945313730615N12152795WA0092600938001100049006000
B1945323730622N12152796WA0092900940001100049359338
B1945333730629N12152797WA0093300942001100042357331
B1945343730634N12152798WA0093500944001100035357324
B1945353730639N12152798WA0093600945001100034355318
B1945363730641N12152800WA0093400946001100022335315
B1945373730642N12152803WA0093500947001100021298282
B1945383730641N12152808WA0093600948001100020266263
B1945393730640N12152811WA0093600949001100017231246
B1945403730637N12152813WA0093800950001100015208229
B1945413730635N12152813WA0093900951001100014182216
B1945423730633N12152813WA0094100954001100013166204
B1945433730631N12152812WA0094300954001100016162188
B1945443730628N12152810WA0094200955001100022143180
B1945453730626N12152806WA0094400956001100029127169
B1945463730623N12152801WA0094500957001100035115151
B1945473730621N12152794WA0094600959001100040101136
B1945483730621N12152785WA0094900960001100044086120
B1945493730623N12152777WA0095100962001100045078101
B1945503730625N12152769WA0095300964001100045064089
B1945513730630N12152762WA0095500966001100045049069
B1945523730635N12152756WA0095600967001100045041045
B1945533730640N12152751WA0095700968001100047030032
B1945543730646N12152748WA0095800970001100045018015
B1945553730653N12152746WA0095900971001100042004356
B1945563730659N12152748WA0095900971001100038347336
B1945573730664N12152751WA0096000973001100032334316
B1945583730666N12152754WA0096200975001100023315299
B1945593730667N12152757WA0096300976001100016294277
B1946003730667N12152759WA0096200976001100010253258
B1946013730666N12152761WA0096400977001100010227232
B1946023730665N12152762WA0096400977001100012206221
B1946033730663N12152763WA0096300978001100015185208
B1946043730660N12152762WA0096500978001100019163199
B1946053730657N12152760WA0096600979001100024147187
B1946063730654N12152757WA0096700980001100029138175
B1946073730651N12152752WA0097000982001100032126167
B1946083730649N12152746WA0097200984001100034114153
B1946093730647N12152740WA0097300986001100037107137
B1946103730646N12152732WA0097600988001100040095125
B1946113730646N12152724WA0097700989001100043081109
B1946123730649N12152716WA0097800990001100047064091
B1946133730653N12152709WA0097900992001100049048065
B1946143730659N12152703WA0098100994001100048033042
B1946153730666N12152699WA0098200995001100046025020
B1946163730672N12152696WA0098400996001100043013007
B1946173730678N12152696WA0098500997001100040358349
B1946183730684N12152697WA0098600998001100036342330
B1946193730688N12152700WA0098601000001100031328311
B1946203730691N12152704WA0098801001001100027318294
B1946213730694N12152707WA0098901003001100023315278
B1946223730696N12152710WA0099101004001100019306273
B1946233730697N12152713WA0099101005001100014290261
B1946243730697N12152715WA0099101005001100011255251
B1946253730697N12152717WA0099201005001100013226231
B1946263730695N12152719WA0099201006001100013219216
B1946273730694N12152720WA0099301007001100011192207
B1946283730692N12152720WA0099301008001100012165202
B1946293730690N12152718WA0099201008001100019143190
B1946303730687N12152714WA0099101008001100032124173
B1946313730685N12152708WA0099301007001100037112146
B1946323730684N12152700WA0099201007001100039097132
B1946333730686N12152691WA0099301007001100048066116
B1946343730690N12152683WA0099301008001100050052071
B1946353730695N12152675WA0099501009001100048047051
B1946363730700N12152669WA0099701011001100047039042
B1946373730706N12152664WA0099801012001100047030030
B1946383730713N12152661WA0099901012001100047016017
B1946393730719N12152660WA0099801012001100044003357
B1946403730726N12152661WA0099901012001100040350339
B1946413730731N12152663WA0099901013001100034340323
B1946423730735N12152666WA0100001013001100028329309
B1946433730738N12152669WA0100101014001100024321293
B1946443730740N12152672WA0100101014001100020313279
B1946453730742N12152674WA0100001014001100016303271
B1946463730743N12152677WA0099901013001100014283261
B1946473730742N12152679WA0099701012001100014243251
B1946483730740N12152681WA0099601012001100016208233
B1946493730738N12152682WA0099501011001100018179217
B1946503730735N12152681WA0099601011001100018159201
B1946513730732N12152680WA0099501010001100018156190
B1946523730730N12152679WA0099401008001100019169192
B1946533730727N12152678WA0099301007001100021174183
B1946543730724N12152677WA0099201006001100023161176
B1946553730721N12152675WA0099101005001100024144165
B1946563730718N12152671WA0098901004001100032123157
B1946573730716N12152665WA0098701003001100037113140
B1946583730715N12152656WA0098601001001100043098129
B1946593730715N12152648WA0098400999001100045084111
B1947003730717N12152639WA0098400998001100046073096
B1947013730719N12152631WA0098200997001100046065078
B1947023730722N12152623WA0098100995001100048059068
B1947033730727N12152616WA0098000994001100050051060
B1947043730732N12152609WA0098000994001100051041046
B1947053730738N12152603WA0098000993001100051030032
B1947063730745N12152600WA0098000993001100048018015
B1947073730752N12152598WA0097900993001100046003358
B1947083730759N12152599WA0098000993001100045353340
B1947093730766N12152601WA0098000993001100041347327
B1947103730771N12152602WA0098000992001100034343319
B1947113730776N12152604WA0097900991001100030342310
B1947123730779N12152606WA0097700990001100027334305
B1947133730783N12152609WA0097400988001100027326293
B1947143730786N12152613WA0097400987001100027311287
B1947153730787N12152617WA0097100986001100024291276
B1947163730787N12152621WA0097000984001100018261263
B1947173730786N12152624WA0096900983001100014235241
B1947183730785N12152626WA0096700981001100011233231
B1947193730784N12152628WA0096400978001100011247230
B1947203730784N12152630WA0096000976001100013244198
B1947213730782N12152632WA0095700972001100018224225
B1947223730780N12152634WA0095400969001100022208216
B1947233730777N12152637WA0095200966001100025209218
B1947243730774N12152639WA0095000963001100024222224
B1947253730771N12152643WA0094700961001100024236231
B1947263730770N12152647WA0094500959001100023246225
B1947273730768N12152651WA0094500957001100020240224
B1947283730767N12152654WA0094300955001100019229226
B1947293730765N12152657WA0094000952001100020235238
B1947303730764N12152660WA0093700949001100023250239
B1947313730763N12152665WA0093200946001100025259235
B1947323730762N12152669WA0093200944001100025260234
B1947333730761N12152674WA0093000941001100024261241
B1947343730761N12152678WA0092800939001100024267247
B1947353730761N12152683WA0092400936001100026276252
B1947363730762N12152688WA0092300934001100028283249
B1947373730763N12152693WA0092100932001100029280244
B1947383730763N12152699WA0091900930001100028276241
B1947393730763N12152704WA0091700928001100027276249
B1947403730764N12152709WA0091500926001100027282257
B1947413730765N12152714WA0091200923001100028289255
B1947423730767N12152719WA0091100921001100029291252
B1947433730768N12152724WA0090800919001100027285244
B1947443730769N12152729WA0090700917001100025275247
B1947453730769N12152733WA0090400914001100024270252
B1947463730769N12152738WA0090300912001100024280260
B1947473730770N12152742WA0090000910001100025291258
B1947483730772N12152747WA0089800908001100025293249
B1947493730773N12152751WA0089600906001100025288243
B1947503730774N12152756WA0089500904001100025284253
B1947513730776N12152760WA0089400904001100024293263
B1947523730777N12152764WA0089300903001100025303261
B1947533730779N12152768WA0089100901001100024303264
B1947543730781N12152772WA0088800898001100024299256
B1947553730783N12152776WA0088700896001100025284251
B1947563730783N12152781WA0088300894001100025272236
B1947573730783N12152785WA0088300892001100024271253
B1947583730784N12152790WA0088100891001100021276262
B1947593730784N12152793WA0088000890001100019286263
B1948003730785N12152797WA0087900889001100020290262
B1948013730786N12152800WA0087700887001100020284247
B1948023730786N12152804WA0087600886001100020275246
B1948033730787N12152807WA0087500885001100019273250
B1948043730787N12152811WA0087500885001100018280255
B1948053730788N12152814WA0087500884001100018290250
B1948063730789N12152817WA0087400883001100020293256
B1948073730790N12152821WA0087300882001100023291247
B1948083730792N12152825WA0087300881001100025295264
B1948093730793N12152829WA0087200881001100027301270
B1948103730796N12152834WA0087300881001100027306264
B1948113730798N12152838WA0087200880001100025307252
B1948123730801N12152841WA0087100879001100025303251
B1948133730803N12152846WA0086900878001100026296256
B1948143730805N12152850WA0086800876001100029297260
B1948153730807N12152855WA0086600876001100030302255
B1948163730809N12152860WA0086600875001100029303244
B1948173730811N12152864WA0086500874001100027299249
B1948183730813N12152869WA0086400873001100027292251
B1948193730815N12152874WA0086300872001100029287249
B1948203730816N12152879WA0086200872001100030288253
B1948213730817N12152884WA0086000871001100029289250
B1948223730819N12152889WA0086000870001100026287249
B1948233730820N12152894WA0085900868001100025281243
B1948243730820N12152899WA0085800867001100026277249
B1948253730821N12152903WA0085600866001100028280249
B1948263730822N12152908WA0085500866001100028287246
B1948273730824N12152913WA0085500865001100028293249
B1948283730825N12152918WA0085400864001100027295274
B1948293730827N12152922WA0085200863001100023289242
B1948303730827N12152926WA0085000861001100019278244
B1948313730828N12152929WA0084800858001100018280250
B1948323730829N12152933WA0084400855001100020283253
B1948333730829N12152937WA0084200852001100021279239
B1948343730829N12152941WA0084000849001100023264245
B1948353730829N12152945WA0083700847001100027257236
B1948363730828N12152951WA0083700845001100028256241
B1948373730827N12152956WA0083900844001100028261246
B1948383730827N12152962WA0084400844001100026269247
B1948393730827N12152966WA0084800845001100022270248
B1948403730827N12152969WA0085100846001100017265239
B1948413730827N12152971WA0085400850001100016254236
B1948423730826N12152973WA0085800856001100013241242
B1948433730825N12152974WA0086000860001100011242235
B1948443730825N12152976WA0086100863001100011245231
B1948453730824N12152978WA0086300865001100014239240
B1948463730822N12152980WA0086600868001100018231223
B1948473730820N12152983WA0086900871001100021234236
B1948483730819N12152986WA0087100876001100022242211
B1948493730818N12152990WA0087500881001100018249238
B1948503730817N12152992WA0088000885001100012240218
B1948513730816N12152993WA0088300889001100011224234
B1948523730815N12152994WA0088400893001100009224239
B1948533730814N12152995WA0088400896001100011220233
B1948543730813N12152997WA0088400898001100014234242
B1948553730811N12153000WA0088600900001100020239227
B1948563730810N12153003WA0088800902001100018238216
B1948573730809N12153006WA0089000904001100014231225
B1948583730807N12153008WA0089200906001100013214214
B1948593730805N12153009WA0089400908001100014210231
B1949003730804N12153011WA0089700910001100014228231
B1949013730803N12153013WA0089900912001100015252236
B1949023730802N12153016WA0090100914001100017262230
B1949033730802N12153019WA0090500916001100017242214
B1949043730800N12153022WA0090500918001100018219188
B1949053730797N12153023WA0090500919001100018202189
B1949063730793N12153021WA0090500920001100030164184
B1949073730787N12153018WA0090700921001100038153161
B1949083730782N12153013WA0090900922001100038141150
B1949093730778N12153007WA0091200923001100040128137
B1949103730776N12152999WA0091300925001100044104128
B1949113730777N12152990WA0091400926001100048077105
B1949123730781N12152981WA0091400927001100049060073
B1949133730786N12152975WA0091600928001100047037052
B1949143730793N12152971WA0091700928001100042014020
B1949153730799N12152971WA0091800929001100039002348
B1949163730805N12152972WA0092100930001100037340333
B1949173730809N12152975WA0092300931001100035331310
B1949183730812N12152979WA0092600933001100023320302
B1949193730814N12152982WA0092900935001100017309286
B1949203730814N12152984WA0093000937001100011293269
B1949213730813N12152987WA0093000937001100016276260
B1949223730813N12152990WA0093200939001100018275257
B1949233730813N12152994WA0093300941001100016275253
B1949243730814N12152996WA0093500944001100010283254
B1949253730814N12152998WA0093600945001100007288253
B1949263730814N12152999WA0093600945001100009275253
B1949273730814N12153001WA0093600945001100015260248
B1949283730813N12153004WA0093600945001100017252242
B1949293730812N12153007WA0093600946001100017256246
B1949303730812N12153011WA0093700947001100019267256
B1949313730812N12153015WA0093900948001100021269258
B1949323730812N12153019WA0094000950001100022273264
B1949333730812N12153023WA0094300952001100025278264
B1949343730813N12153028WA0094700955001100030278261
B1949353730813N12153034WA0095000959001100029274231
B1949363730814N12153039WA0095400963001100025274260
B1949373730814N12153043WA0095800967001100019282247
B1949383730815N12153046WA0096100971001100016288245
B1949393730816N12153049WA0096400974001100016286253
B1949403730816N12153052WA0096600977001100017276239
B1949413730817N12153055WA0096900980001100017272251
B1949423730817N12153059WA0097200983001100015268233
B1949433730816N12153061WA0097500986001100014261233
B1949443730816N12153064WA0097700988001100012245232
B1949453730815N12153066WA0097700989001100013236229
B1949463730814N12153068WA0097800990001100016221212
B1949473730811N12153070WA0097700991001100019208202
B1949483730808N12153070WA0097800992001100026182192
B1949493730804N12153070WA0097800992001100029168178
B1949503730799N12153067WA0097800993001100033148167
B1949513730795N12153062WA0097900994001100038132153
B1949523730792N12153056WA0098000994001100040119137
B1949533730790N12153048WA0098000994001100044099124
B1949543730790N12153039WA0098000995001100047088101
B1949553730791N12153030WA0098200996001100048076087
B1949563730794N12153021WA0098600998001100047070072
B1949573730798N12153015WA0098901001001100040047062
B1949583730803N12153010WA0099201003001100037037032
B1949593730808N12153007WA0099401005001100037031013
B1950003730813N12153004WA0099601007001100039023007
B1950013730819N12153001WA0099901009001100041011353
B1950023730825N12153001WA0100101012001100040000339
B1950033730831N12153002WA0100401014001100040353328
B1950043730837N12153004WA0100701017001100037343322
B1950053730841N12153007WA0100901020001100031334312
B1950063730844N12153010WA0100901022001100026327301
B1950073730847N12153013WA0100901023001100023321295
B1950083730847N12153017WA0101101025001100020289289
B1950093730846N12153022WA0101001025001100021266266
B1950103730845N12153026WA0100901024001100022250253
B1950113730843N12153030WA0100901024001100021236244
B1950123730839N12153030WA0100601023001100020181236
B1950133730835N12153028WA0100301021001100028150206
B1950143730830N12153023WA0100001020001100033140179
B1950153730826N12153019WA0099801017001100037136160
B1950163730822N12153013WA0099701014001100039132157
B1950173730818N12153007WA0099501012001100039130151
B1950183730814N12153002WA0099401010001100040133157
B1950193730810N12152996WA0099301008001100041130141
B1950203730806N12152990WA0099201007001100042122140
B1950213730803N12152983WA0099301007001100042116138
B1950223730800N12152975WA0099401007001100043116135
B1950233730797N12152968WA0099701008001100040119128
B1950243730794N12152962WA0099901009001100039122121
B1950253730791N12152956WA0100401011001100038124135
B1950263730787N12152950WA0100701015001100041127140
B1950273730783N12152944WA0100901019001100036128114
B1950283730780N12152939WA0101401023001100033121120
B1950293730778N12152933WA0101701026001100036109108
B1950303730777N12152925WA0101801029001100041097090
B1950313730778N12152916WA0101801031001100048079083
B1950323730782N12152907WA0102001032001100052060069
B1950333730788N12152898WA0102101034001100052048044
B1950343730794N12152891WA0102301036001100053043030
B1950353730800N12152884WA0102601039001100052038027
B1950363730806N12152879WA0102901042001100048032010
B1950373730812N12152874WA0103101045001100046027004
B1950383730818N12152871WA0103401048001100046021358
B1950393730825N12152869WA0103301050001100043009349
B1950403730830N12152870WA0103301051001100039350339
B1950413730835N12152874WA0103501052001100035326322
B1950423730838N12152879WA0103701053001100028315305
B1950433730840N12152883WA0103901055001100022313298
B1950443730841N12152886WA0103801055001100019309296
B1950453730844N12152890WA0103901054001100027308288
B1950463730846N12152894WA0104201055001100028308289
B1950473730849N12152899WA0104401057001100028308286
B1950483730852N12152903WA0104901059001100026316281
B1950493730855N12152906WA0105101061001100023319269
B1950503730858N12152908WA0105001063001100023321245
B1950513730860N12152911WA0104901063001100021316258
B1950523730860N12152913WA0104801063001100016293251
B1950533730858N12152914WA0104701063001100010228242
B1950543730855N12152914WA0104601061001100013191227
B1950553730852N12152913WA0104301059001100020172208
B1950563730848N12152912WA0104201058001100026166186
B1950573730844N12152910WA0104301057001100025165183
B1950583730840N12152909WA0104301058001100021163191
B1950593730837N12152908WA0104401058001100019164188
B1951003730834N12152907WA0104301058001100021167191
B1951013730831N12152906WA0104401058001100026167188
B1951023730827N12152904WA0104501059001100030168180
B1951033730822N12152904WA0104701061001100027173181
B1951043730819N12152903WA0104701062001100022167174
B1951053730816N12152902WA0104701063001100020157177
B1951063730813N12152900WA0104501063001100020154148
B1951073730811N12152897WA0104101062001100022145164
B1951083730809N12152893WA0103901060001100025135151
B1951093730805N12152887WA0103601058001100039123131
B1951103730802N12152880WA0103501057001100042108112
B1951113730802N12152871WA0103401055001100045081104
B1951123730805N12152862WA0103201053001100043069076
B1951133730808N12152855WA0103001051001100039056063
B1951143730812N12152850WA0102801048001100039047040
B1951153730816N12152845WA0102501044001100041037020
B1951163730822N12152841WA0102101039001100047024003
B1951173730829N12152838WA0101901036001100047018354
B1951183730837N12152838WA0102001035001100048358341
B1951193730844N12152839WA0102101036001100044355328
B1951203730849N12152840WA0102401037001100037350330
B1951213730854N12152841WA0102501038001100031351311
B1951223730859N12152842WA0102501038001100030351309
B1951233730863N12152843WA0102401037001100033348302
B1951243730868N12152846WA0102301036001100036333294
B1951253730872N12152849WA0102301036001100033320284
B1951263730875N12152854WA0102401037001100028309283
B1951273730877N12152858WA0102401037001100021299276
B1951283730878N12152861WA0102301037001100018304269
B1951293730880N12152864WA0102201036001100018309265
B1951303730881N12152867WA0102101034001100018301265
B1951313730882N12152870WA0101901033001100018279249
B1951323730882N12152874WA0101701031001100019254262
B1951333730881N12152877WA0101601030001100017255256
B1951343730881N12152880WA0101401028001100014274239
B1951353730881N12152882WA0101201025001100013278231
B1951363730881N12152885WA0100801022001100013257226
B1951373730880N12152887WA0100501019001100014233214
B1951383730877N12152889WA0100201016001100020197209
B1951393730873N12152889WA0099901014001100023179204
B1951403730870N12152889WA0099601012001100021177200
B1951413730867N12152889WA0099301009001100020184196
B1951423730863N12152889WA0099001005001100021185197
B1951433730860N12152889WA0098701001001100023177186
B1951443730856N12152889WA0098300997001100029168181
B1951453730851N12152888WA0097900993001100033170191
B1951463730846N12152887WA0097500990001100032177197
B1951473730842N12152887WA0097300987001100029183189
B1951483730837N12152887WA0097100984001100027179193
B1951493730833N12152887WA0096800981001100027175194
B1951503730829N12152886WA0096400978001100028176196
B1951513730824N12152886WA0096100975001100030181191
B1951523730820N12152886WA0095800972001100031183197
B1951533730815N12152886WA0095600970001100031179199
B1951543730810N12152886WA0095400968001100031173183
B1951553730806N12152885WA0095400966001100028169194
B1951563730802N12152884WA0095200964001100023170215
B1951573730799N12152884WA0094700961001100023173206
B1951583730795N12152884WA0094500959001100024183202
B1951593730791N12152885WA0094200956001100032187196
B1952003730786N12152886WA0094100953001100033186218
B1952013730782N12152887WA0094300952001100029187193
B1952023730778N12152887WA0094300951001100022190219
B1952033730776N12152888WA0094100950001100016193207
B1952043730774N12152889WA0093800949001100017192197
B1952053730772N12152890WA0093500946001100022190191
B1952063730769N12152891WA0093500944001100022194205
B1952073730765N12152892WA0093600943001100023192180
B1952083730761N12152893WA0093600943001100020195198
B1952093730759N12152893WA0093400942001100015194208
B1952103730757N12152894WA0093300941001100015193208
B1952113730754N12152895WA0093000939001100021194210
B1952123730750N12152896WA0092600938001100027202221
B1952133730746N12152899WA0092800937001100028205219
B1952143730743N12152901WA0092700938001100025214250
B1952153730740N12152904WA0092800938001100020230248
B1952163730739N12152907WA0092800938001100018244246
B1952173730738N12152910WA0092600937001100020243246
B1952183730736N12152914WA0092500936001100022242245
B1952193730735N12152918WA0092400935001100025250269
B1952203730734N12152922WA0092300934001100026260270
B1952213730733N12152927WA0092200934001100025269274
B1952223730733N12152932WA0092200933001100024275276
B1952233730734N12152936WA0092200933001100025279280
B1952243730735N12152941WA0092000932001100027283275
B1952253730736N12152946WA0091800931001100029286279
B1952263730737N12152951WA0091800930001100030287275
B1952273730738N12152957WA0091600930001100028287264
B1952283730739N12152961WA0091700929001100024287262
B1952293730740N12152965WA0091700929001100019285278
B1952303730741N12152968WA0091700928001100016288272
B1952313730742N12152971WA0091600927001100020297289
B1952323730744N12152975WA0091500926001100025309275
B1952333730747N12152978WA0091400925001100023320246
B1952343730749N12152980WA0091300925001100018333264
B1952353730751N12152981WA0091100924001100013335269
B1952363730753N12152982WA0090700923001100013334280
B1952373730755N12152983WA0090300920001100016333285
B1952383730757N12152986WA0090100918001100024316289
B1952393730760N12152990WA0090000916001100029319279
B1952403730764N12152993WA0089900915001100031325266
B1952413730768N12152997WA0090000916001100028324255
B1952423730770N12153000WA0090000915001100023317281
B1952433730773N12153003WA0089900913001100023309279
B1952443730775N12153007WA0089700911001100026305276
B1952453730777N12153012WA0089400909001100031297274
B1952463730779N12153017WA0089400907001100030296258
B1952473730781N12153023WA0089500905001100028296267
B1952483730783N12153028WA0089600904001100026296267
B1952493730785N12153031WA0089600905001100023302259
B1952503730787N12153035WA0089600907001100023302259
B1952513730788N12153039WA0089800907001100021298256
B1952523730790N12153042WA0089900908001100017295253
B1952533730791N12153045WA0089900909001100014298264
B1952543730792N12153047WA0089900909001100014305265
B1952553730793N12153049WA0089800908001100015306264
B1952563730795N12153052WA0089700907001100017300260
B1952573730796N12153055WA0089700907001100018295258
B1952583730797N12153058WA0089600907001100017292263
B1952593730798N12153061WA0089600907001100016295270
B1953003730799N12153064WA0089600907001100015302264
B1953013730801N12153066WA0089500906001100015310267
B1953023730802N12153069WA0089400905001100018311266
B1953033730804N12153071WA0089200904001100020305262
B1953043730806N12153075WA0089200903001100021302264
B1953053730807N12153078WA0089200903001100022299260
B1953063730809N12153082WA0089200903001100023301263
B1953073730811N12153085WA0089300904001100021306260
B1953083730813N12153088WA0089400905001100019311252
B1953093730815N12153091WA0089500906001100019312261
B1953103730817N12153094WA0089600906001100020309261
B1953113730819N12153097WA0089600907001100023302262
B1953123730820N12153101WA0089700907001100024296264
B1953133730822N12153105WA0089700908001100024288260
B1953143730823N12153109WA0089800908001100023285259
B1953153730824N12153113WA0089900909001100023286256
B1953163730825N12153117WA0089900910001100023287256
B1953173730826N12153121WA0090200912001100023293251
B1953183730828N12153126WA0090300914001100024297268
B1953193730829N12153130WA0090600916001100027299270
B1953203730831N12153134WA0090900919001100023299240
B1953213730833N12153137WA0091200921001100016298260
B1953223730834N12153139WA0091300923001100013294260
B1953233730834N12153141WA0091300925001100012296275
B1953243730835N12153143WA0091100925001100014295262
B1953253730836N12153147WA0091200925001100022290263
B1953263730837N12153151WA0091300926001100023293263
B1953273730839N12153155WA0091500927001100024297254
B1953283730841N12153159WA0091800930001100024301252
B1953293730843N12153163WA0092000933001100021300259
B1953303730844N12153166WA0092200936001100020286254
B1953313730845N12153170WA0092500938001100019276256
B1953323730845N12153173WA0092800941001100016276249
B1953333730845N12153176WA0093100944001100012280254
B1953343730846N12153178WA0093300946001100012273251
B1953353730846N12153180WA0093400947001100013265251
B1953363730845N12153183WA0093400948001100018262262
B1953373730845N12153187WA0093900950001100020267265
B1953383730845N12153192WA0094300953001100021269265
B1953393730845N12153196WA0094800955001100024272284
B1953403730846N12153201WA0095500959001100022281274
B1953413730847N12153204WA0095900964001100014306265
B1953423730849N12153205WA0096100967001100012308252
B1953433730850N12153207WA0096200969001100012292257
B1953443730851N12153210WA0096400971001100015284265
B1953453730851N12153213WA0096600974001100018277248
B1953463730852N12153216WA0096900977001100018268245
B1953473730851N12153219WA0097200981001100017257232
B1953483730851N12153222WA0097600981001100014243242
B1953493730850N12153224WA0097900989001100012226240
B1953503730849N12153225WA0098200992001100012221243
B1953513730847N12153227WA0098400995001100011223247
B1953523730846N12153228WA0098700997001100012229249
B1953533730845N12153230WA0098901000001100013229247
B1953543730844N12153232WA0099201003001100012228249
B1953553730843N12153233WA0099501006001100011227247
B1953563730841N12153235WA0099801010001100012229249
B1953573730840N12153237WA0100101013001100013230241
B1953583730839N12153239WA0100401015001100013228243
B1953593730838N12153240WA0100601018001100013227247
B1954003730837N12153242WA0100701020001100013231249
B1954013730835N12153244WA0101001022001100014235246
B1954023730834N12153247WA0101201024001100016237236
B1954033730833N12153249WA0101401027001100015237236
B1954043730832N12153251WA0101801030001100012227242
B1954053730831N12153252WA0102001032001100009216244
B1954063730830N12153253WA0102101034001100006216250
B1954073730829N12153254WA0102101034001100005236243
B1954083730829N12153255WA0102201035001100007249245
B1954093730828N12153257WA0102101035001100012243229
B1954103730827N12153259WA0102001034001100016237247
B1954113730826N12153262WA0101901034001100015236252
B1954123730825N12153264WA0101901034001100013257285
B1954133730825N12153267WA0101701034001100015270296
B1954143730826N12153270WA0101601033001100017297292
B1954153730829N12153273WA0101301032001100023321300
B1954163730833N12153275WA0101201030001100031336299
B1954173730838N12153277WA0101101029001100032337312
B1954183730843N12153280WA0101001029001100033339261
B1954193730848N12153282WA0101001028001100034342304
B1954203730853N12153284WA0101001027001100034343307
B1954213730858N12153286WA0100901026001100035343307
B1954223730864N12153288WA0100701024001100037339302
B1954233730869N12153291WA0100401022001100040330292
B1954243730873N12153297WA0100101020001100039313277
B1954253730876N12153303WA0100001018001100037297266
B1954263730878N12153310WA0099801016001100034286265
B1954273730880N12153315WA0099501014001100032292275
B1954283730882N12153321WA0099501013001100032298281
B1954293730884N12153326WA0099301011001100034296273
B1954303730886N12153332WA0099401010001100035290274
B1954313730888N12153338WA0099401009001100034289281
B1954323730890N12153344WA0099501009001100030292281
B1954333730892N12153348WA0099501009001100023302276
B1954343730893N12153351WA0099401008001100021302264
B1954353730895N12153355WA0099201007001100023298272
B1954363730896N12153359WA0098901005001100026296292
B1954373730898N12153364WA0098701003001100032302298
B1954383730901N12153369WA0098701001001100034310284
B1954393730904N12153374WA0098601001001100032318292
B1954403730908N12153377WA0098701001001100033326300
B1954413730912N12153381WA0098501001001100036330294
B1954423730917N12153384WA0098701003001100038332233
B1954433730922N12153387WA0099001004001100035333272
B1954443730926N12153390WA0099501005001100028332283
B1954453730929N12153391WA0099601007001100023338283
B1954463730932N12153392WA0099601008001100019347298
B1954473730934N12153392WA0099401008001100018350300
B1954483730937N12153393WA0099501008001100029342299
B1954493730942N12153394WA0099601009001100031342297
B1954503730946N12153395WA0099801011001100029349296
B1954513730950N12153396WA0099901013001100027353294
B1954523730954N12153396WA0100101013001100027354295
B1954533730959N12153397WA0100201014001100027353291
B1954543730962N12153397WA0100201014001100026346290
B1954553730966N12153399WA0100201015001100023334284
B1954563730968N12153401WA0100401016001100016318271
B1954573730969N12153402WA0100501017001100008284255
B1954583730968N12153403WA0100601018001100007193237
B1954593730966N12153402WA0100701018001100018153212
B1955003730962N12153398WA0100701019001100030133182
B1955013730959N12153393WA0100901020001100038119150
B1955023730957N12153385WA0101001021001100044110129
B1955033730956N12153375WA0101101022001100056092115
B1955043730957N12153364WA0101301023001100062078093
B1955053730961N12153353WA0101401025001100060066075
B1955063730965N12153343WA0101501027001100057055060
B1955073730971N12153336WA0101601028001100053047048
B1955083730976N12153329WA0101601029001100050037036
B1955093730983N12153325WA0101501028001100048025021
B1955103730989N12153322WA0101601028001100044014002
B1955113730995N12153321WA0101601029001100039007346
B1955123731000N12153321WA0101701030001100032356334
B1955133731004N12153322WA0101901032001100027353310
B1955143731008N12153323WA0102001034001100022356297
B1955153731011N12153323WA0102201035001100020353289
B1955163731014N12153324WA0102201035001100017338279
B1955173731016N12153325WA0102401036001100018325276
B1955183731018N12153327WA0102601038001100018327271
B1955193731020N12153329WA0102701040001100015341273
B1955203731022N12153330WA0102901042001100013344269
B1955213731024N12153331WA0103101043001100014336277
B1955223731026N12153332WA0103001043001100017333271
B1955233731029N12153334WA0103001044001100022332280
B1955243731032N12153336WA0103201045001100022332273
B1955253731034N12153337WA0103301047001100017333263
B1955263731036N12153338WA0103501048001100011323245
B1955273731037N12153340WA0103601049001100006288239
B1955283731037N12153341WA0103701049001100006224218
B1955293731036N12153341WA0103801050001100012181202
B1955303731033N12153340WA0103901051001100019160181
B1955313731030N12153337WA0103901052001100035132160
B1955323731026N12153331WA0103901052001100042123140
B1955333731023N12153321WA0104001052001100055104123
B1955343731023N12153309WA0104101053001100063083098
B1955353731025N12153297WA0104201053001100060071073
B1955363731030N12153287WA0104101054001100057057058
B1955373731036N12153281WA0104101053001100053035040
B1955383731043N12153277WA0103901052001100048020008
B1955393731050N12153275WA0103901052001100044010348
B1955403731056N12153274WA0103901052001100040001332
B1955413731061N12153275WA0104001051001100034352321
B1955423731065N12153276WA0103901052001100026340307
B1955433731068N12153278WA0104001052001100017324291
B1955443731069N12153280WA0104001053001100012296277
B1955453731070N12153283WA0104201054001100014295263
B1955463731071N12153285WA0104301056001100017310263
B1955473731073N12153287WA0104501058001100016315262
B1955483731074N12153289WA0104701060001100012309256
B1955493731075N12153291WA0104901061001100010293257
B1955503731076N12153293WA0105001063001100013282253
B1955513731076N12153296WA0105201065001100016281257
B1955523731076N12153298WA0105301067001100013274247
B1955533731076N12153300WA0105701070001100008262258
B1955543731076N12153302WA0105801071001100006263258
B1955553731076N12153303WA0105901072001100009270260
B1955563731076N12153305WA0105901073001100014270250
B1955573731076N12153308WA0106001074001100016269247
B1955583731076N12153312WA0106301077001100016266236
B1955593731076N12153314WA0106601079001100011273259
B1956003731076N12153316WA0106801079001100007283262
B1956013731077N12153318WA0106901083001100010299281
B1956023731078N12153320WA0107001083001100014300269
B1956033731079N12153322WA0107001085001100019300295
B1956043731081N12153325WA0107201087001100022317311
B1956053731084N12153328WA0107201088001100024329326
B1956063731089N12153328WA0107201089001100032358330
B1956073731096N12153325WA0107201089001100051025352
B1956083731104N12153318WA0107201090001100063043028
B1956093731110N12153308WA0107401091001100064061051
B1956103731113N12153296WA0107501091001100061076077
B1956113731113N12153285WA0107601092001100055084099
B1956123731113N12153276WA0107801093001100045096111
B1956133731110N12153270WA0107901094001100037115133
B1956143731107N12153265WA0108001095001100032127161
B1956153731104N12153261WA0108101095001100027145181
B1956163731101N12153259WA0108201096001100023157198
B1956173731098N12153259WA0108501098001100016176207
B1956183731096N12153259WA0108601100001100011200226
B1956193731095N12153260WA0108801101001100008230238
B1956203731094N12153262WA0108901102001100008255240
B1956213731094N12153263WA0108901103001100009261255
B1956223731094N12153265WA0109001105001100010267265
B1956233731094N12153268WA0109201106001100013290273
B1956243731095N12153270WA0109301106001100018305282
B1956253731097N12153273WA0109401108001100022317288
B1956263731100N12153275WA0109601110001100023325290
B1956273731103N12153278WA0109801112001100022329291
B1956283731105N12153280WA0109901114001100019325288
B1956293731108N12153282WA0110001114001100018312283
B1956303731109N12153285WA0110001115001100018302276
B1956313731111N12153288WA0110001115001100020303289
B1956323731113N12153291WA0110001115001100022310285
B1956333731115N12153294WA0110101116001100024314291
B1956343731117N12153298WA0110101117001100023316300
B1956353731120N12153301WA0110101118001100024325307
B1956363731124N12153303WA0110201118001100028337311
B1956373731128N12153304WA0110101118001100033347317
B1956383731134N12153305WA0110101118001100039359323
B1956393731140N12153304WA0110201118001100041007341
B1956403731146N12153300WA0110401119001100048031351
B1956413731152N12153295WA0110401119001100052042018
B1956423731157N12153286WA0110301119001100057055037
B1956433731161N12153276WA0110301118001100059069060
B1956443731162N12153265WA0110401119001100057085083
B1956453731161N12153254WA0110601119001100051099108
B1956463731159N12153245WA0110601120001100045108132
B1956473731157N12153239WA0110701120001100037118147
B1956483731154N12153233WA0110801122001100032124170
B1956493731151N12153229WA0110601122001100028127185
B1956503731149N12153226WA0110601122001100022139194
B1956513731146N12153225WA0110701122001100018169208
B1956523731143N12153225WA0110701123001100016187228
B1956533731141N12153226WA0110801124001100013208234
B1956543731140N12153228WA0111001124001100012237244
B1956553731139N12153230WA0111001124001100013257249
B1956563731139N12153233WA0110901123001100013255249
B1956573731138N12153235WA0110801123001100015248250
B1956583731138N12153238WA0110801122001100017250257
B1956593731137N12153242WA0110801122001100017260262
B1957003731137N12153245WA0110701122001100015265255
B1957013731136N12153247WA0110801122001100014266266
B1957023731136N12153250WA0110701122001100015268263
B1957033731136N12153253WA0110601121001100018273270
B1957043731137N12153257WA0110501120001100021283274
B1957053731138N12153261WA0110501119001100023297264
B1957063731140N12153264WA0110401119001100022303265
B1957073731141N12153267WA0110401119001100018292249
B1957083731142N12153271WA0110501119001100017269248
B1957093731141N12153274WA0110301118001100017254256
B1957103731141N12153277WA0110401119001100015260264
B1957113731141N12153279WA0110501119001100013279266
B1957123731141N12153282WA0110501119001100012300259
B1957133731142N12153284WA0110401119001100010290254
B1957143731142N12153285WA0110301118001100011257248
B1957153731141N12153288WA0110201117001100016242259
B1957163731140N12153291WA0110101116001100018246260
B1957173731139N12153295WA0110401117001100019253261
B1957183731139N12153298WA0110601118001100018264256
B1957193731139N12153301WA0110801120001100013282238
B1957203731139N12153303WA0110901120001100012271240
B1957213731139N12153306WA0110901120001100014259242
B1957223731139N12153309WA0110901121001100016254244
B1957233731138N12153312WA0110901121001100019249242
B1957243731137N12153315WA0110901122001100016248229
B1957253731136N12153317WA0111001123001100011251237
B1957263731136N12153319WA0111001123001100009256246
B1957273731136N12153321WA0110901122001100010256238
B1957283731136N12153323WA0110801121001100015261242
B1957293731135N12153326WA0110701120001100020266234
B1957303731135N12153330WA0110601120001100022268237
B1957313731135N12153334WA0110701121001100019265237
B1957323731135N12153337WA0110701121001100017257233
B1957333731134N12153340WA0110801121001100016254255
B1957343731134N12153343WA0110801122001100015260268
B1957353731133N12153346WA0110901124001100016272270
B1957363731134N12153349WA0111001125001100016280273
B1957373731134N12153352WA0111101125001100015279254
B1957383731135N12153355WA0111101125001100014284246
B1957393731135N12153358WA0111101125001100015287259
B1957403731136N12153360WA0110901124001100017283289
B1957413731137N12153364WA0110901123001100019292284
B1957423731139N12153367WA0110701122001100024310304
B1957433731142N12153370WA0110601121001100028329309
B1957443731146N12153372WA0110701120001100031343317
B1957453731152N12153372WA0110501120001100034359326
B1957463731157N12153371WA0110601120001100037012329
B1957473731163N12153369WA0110601120001100037015336
B1957483731168N12153367WA0110501120001100040017343
B1957493731174N12153364WA0110501119001100044017341
B1957503731181N12153362WA0110201117001100045015340
B1957513731187N12153360WA0110201117001100044014351
B1957523731194N12153357WA0110201116001100046018001
B1957533731200N12153354WA0110201116001100049025005
B1957543731207N12153350WA0110101116001100051028005
B1957553731214N12153345WA0110201116001100051026350
B1957563731221N12153341WA0110201116001100051025350
B1957573731227N12153337WA0110201117001100046026358
B1957583731233N12153333WA0110201116001100046027004
B1957593731240N12153329WA0110001116001100047027016
B1958003731247N12153324WA0110101115001100046031030
B1958013731254N12153318WA0110101116001100056038037
B1958023731260N12153310WA0110301117001100055046050
B1958033731265N12153303WA0110301118001100051050043
B1958043731270N12153296WA0110401118001100048051038
B1958053731275N12153288WA0110401118001100052048037
B1958063731280N12153281WA0110301118001100058043047
B1958073731287N12153274WA0110401118001100058042042
B1958083731293N12153266WA0110601120001100055042042
B1958093731299N12153259WA0110901122001100052044062
B1958103731304N12153253WA0110901123001100050047057
B1958113731309N12153245WA0111001124001100050050058
B1958123731314N12153238WA0110901124001100050054069
B1958133731318N12153230WA0110801122001100048058069
B1958143731321N12153222WA0110801121001100048064076
B1958153731324N12153213WA0110801121001100052067076
B1958163731327N12153204WA0110801122001100049070094
B1958173731329N12153195WA0111001123001100045071075
B1958183731331N12153187WA0111001123001100045071085
B1958193731333N12153179WA0111001123001100046071078
B1958203731336N12153171WA0111001123001100047072098
B1958213731337N12153163WA0110901124001100045074088
B1958223731339N12153155WA0111001124001100043078105
B1958233731340N12153146WA0110901124001100044082093
B1958243731341N12153138WA0110801123001100046086098
B1958253731341N12153129WA0110701123001100048086097
B1958263731342N12153120WA0110801122001100047086116
B1958273731342N12153112WA0110701122001100045091115
B1958283731341N12153103WA0110701122001100045097121
B1958293731340N12153095WA0110601121001100046102130
B1958303731338N12153086WA0110601121001100046106129
B1958313731336N12153078WA0110601121001100044106113
B1958323731335N12153070WA0110601122001100042104122
B1958333731333N12153063WA0110801123001100040101122
B1958343731332N12153055WA0111001124001100042099121
B1958353731331N12153047WA0111001126001100043099137
B1958363731330N12153039WA0111201127001100042100134
B1958373731329N12153032WA0111401129001100041106143
B1958383731327N12153025WA0111601131001100040113159
B1958393731324N12153018WA0111801132001100038122176
B1958403731321N12153013WA0111801133001100033133205
B1958413731317N12153010WA0112101135001100028152201
B1958423731313N12153009WA0112101136001100022179221
B1958433731311N12153010WA0112101137001100016200239
B1958443731309N12153011WA0112301139001100010240246
B1958453731309N12153013WA0112401140001100009278257
B1958463731310N12153015WA0112301140001100013295263
B1958473731313N12153018WA0112201139001100022311270
B1958483731315N12153022WA0112201138001100029321284
B1958493731319N12153025WA0112301138001100033330295
B1958503731325N12153027WA0112301139001100036342307
B1958513731330N12153028WA0112401139001100036000316
B1958523731337N12153025WA0112501140001100046024331
B1958533731343N12153020WA0112501140001100049035007
B1958543731348N12153014WA0112601141001100048047025
B1958553731352N12153006WA0112801142001100045064043
B1958563731353N12152998WA0112801142001100044080071
B1958573731353N12152989WA0112901142001100041097100
B1958583731352N12152982WA0113001143001100036105130
B1958593731349N12152976WA0113001144001100033119145
B1959003731347N12152971WA0113001144001100030129165
B1959013731344N12152968WA0113001144001100028142180
B1959023731340N12152966WA0112901144001100024166192
B1959033731337N12152966WA0113001144001100022185209
B1959043731334N12152968WA0113001144001100017209221
B1959053731332N12152970WA0113001144001100016221238
B1959063731330N12152972WA0113001145001100017231247
B1959073731329N12152975WA0113201145001100021246252
B1959083731328N12152979WA0113301147001100022263255
B1959093731328N12152983WA0113601148001100021278258
B1959103731329N12152987WA0113801151001100016285268
B1959113731330N12152989WA0113801153001100014285267
B1959123731330N12152992WA0114001153001100016275271
B1959133731330N12152996WA0113901153001100019284285
B1959143731332N12152999WA0113901153001100022307293
B1959153731335N12153002WA0113901153001100028324301
B1959163731339N12153005WA0113901153001100035340313
B1959173731345N12153006WA0113701153001100039356333
B1959183731351N12153004WA0113801154001100044019344
B1959193731357N12152999WA0113801153001100047038014
B1959203731362N12152992WA0113701153001100047050037
B1959213731366N12152985WA0113701153001100046062053
B1959223731368N12152977WA0113701153001100046075075
B1959233731369N12152968WA0113701153001100045086093
B1959243731368N12152960WA0113701153001100043102109
B1959253731366N12152953WA0113801152001100040118130
B1959263731361N12152950WA0113701152001100031150148
B1959273731356N12152949WA0113801152001100030184181
B1959283731352N12152951WA0113901154001100027196208
B1959293731349N12152953WA0114101155001100022218220
B1959303731347N12152956WA0114201156001100019234236
B1959313731346N12152959WA0114301156001100019248246
B1959323731345N12152963WA0114301156001100023258252
B1959333731345N12152968WA0114101156001100025266256
B1959353731344N12152976WA0114301157001100020266246
B1959363731344N12152980WA0114301157001100020265266
B1959373731344N12152984WA0114301157001100021269255
B1959383731344N12152988WA0114301157001100023278266
B1959393731345N12152993WA0114201157001100024280261
B1959403731345N12152997WA0114101156001100023280259
B1959413731346N12153002WA0113901155001100023281249
B1959423731347N12153006WA0113801153001100024276261
B1959433731347N12153011WA0113601152001100025265253
B1959443731346N12153015WA0113501151001100024263255
B1959453731346N12153020WA0113501150001100023271266
B1959463731346N12153024WA0113301148001100024275258
B1959473731347N12153028WA0113301147001100025272252
B1959483731347N12153033WA0113301146001100027270256
B1959503731348N12153042WA0113201146001100021287258
B1959513731349N12153046WA0113001145001100021287263
B1959523731349N12153050WA0112801143001100021279266
B1959533731350N12153055WA0112601141001100027272266
B1959543731350N12153060WA0112401140001100029275263
B1959553731351N12153065WA0112401140001100027283261
B1959563731352N12153070WA0112301138001100024287256
B1959573731353N12153074WA0112001137001100022288249
B1959583731353N12153078WA0111601133001100021278251
B1959593731354N12153082WA0111401131001100024269248
B2000003731354N12153086WA0111301128001100023271259
B2000013731354N12153090WA0111201127001100019280256
B2000023731354N12153093WA0111001125001100015283252
B2000033731355N12153096WA0110701122001100014267237
B2000043731354N12153099WA0110401119001100018259243
B2000053731354N12153103WA0110201116001100019263251
B2000063731354N12153106WA0109901114001100018276275
B2000073731355N12153109WA0109601112001100018287277
B2000083731355N12153113WA0109501110001100020277245
B2000093731355N12153117WA0109301108001100021260237
B2000103731354N12153120WA0109301107001100019242251
B2000113731353N12153123WA0109201106001100015233246
B2000123731352N12153125WA0109201105001100011242270
B2000133731351N12153127WA0109001103001100010252241
B2000143731351N12153128WA0108601102001100010259239
B2000153731351N12153130WA0108201099001100012249234
B2000163731350N12153133WA0107801096001100018244255
B2000173731349N12153137WA0107501093001100021255265
B2000183731349N12153141WA0107201089001100023272271
B2000193731349N12153145WA0107001087001100022280256
B2000203731349N12153149WA0106801084001100020276262
B2000213731349N12153153WA0106501081001100020269258
B2000223731350N12153157WA0106401079001100019271278
B2000233731350N12153160WA0106101077001100019288276
B2000243731351N12153164WA0105901074001100021297275
B2000253731353N12153167WA0105601071001100021296270
B2000263731354N12153171WA0105301068001100020283267
B2000273731354N12153174WA0105001065001100020275267
B2000283731355N12153178WA0104901063001100021281278
B2000293731356N12153182WA0104601061001100021298278
B2000303731357N12153185WA0104501060001100021307272
B2000313731359N12153188WA0104301058001100021300267
B2000323731361N12153192WA0104101056001100021289263
B2000333731362N12153196WA0104001054001100022291275
B2000343731363N12153199WA0103801053001100022306275
B2000353731366N12153202WA0103701052001100024318278
B2000363731368N12153206WA0103401050001100024317275
B2000373731371N12153209WA0103301048001100024307266
B2000383731373N12153213WA0103101045001100025298274
B2000393731375N12153217WA0102901043001100027301285
B2000403731377N12153221WA0102601042001100029310287
B2000413731380N12153225WA0102401040001100030313277
B2000423731384N12153230WA0102301039001100030308278
B2000433731386N12153234WA0102201037001100028301275
B2000443731388N12153238WA0102201036001100026302287
B2000453731390N12153242WA0102001034001100025311297
B2000463731393N12153246WA0101701032001100028322295
B2000473731397N12153249WA0101501030001100031324281
B2000483731401N12153253WA0101401027001100031319277
B2000493731404N12153256WA0101201025001100029311275
B2000503731407N12153261WA0101001023001100029309289
B2000513731410N12153265WA0100701021001100031316292
B2000523731413N12153269WA0100401018001100033322293
B2000533731417N12153272WA0100201016001100035326293
B2000543731422N12153276WA0100001014001100034324281
B2000553731426N12153279WA0099801012001100031321283
B2000563731429N12153283WA0099701009001100029320282
B2000573731433N12153286WA0099301007001100028325286
B2000583731436N12153289WA0099101004001100029326289
B2000593731440N12153292WA0099001003001100030326293
B2001003731444N12153295WA0098801001001100030327295
B2001013731447N12153298WA0098500998001100030328283
B2001023731451N12153302WA0098100995001100031328275
B2001033731455N12153305WA0097800992001100033325290
B2001043731460N12153308WA0097500989001100035328294
B2001053731465N12153311WA0097200987001100037338287
B2001063731470N12153314WA0097200986001100037338275
B2001073731475N12153316WA0097100984001100031338238
B2001083731478N12153318WA0096900982001100024333249
B2001093731480N12153321WA0096800980001100015304271
B2001103731479N12153324WA0096700978001100015255254
B2001113731479N12153327WA0096300975001100017261249
B2001123731478N12153330WA0096000973001100018268247
B2001133731478N12153334WA0095900970001100018254239
B2001143731476N12153337WA0095700967001100019236230
B2001153731474N12153340WA0095400965001100021223226
B2001163731472N12153342WA0095200963001100019216223
B2001173731470N12153344WA0095100961001100017215221
B2001183731468N12153346WA0094800958001100015217223
B2001193731466N12153348WA0094400955001100016221224
B2001203731464N12153351WA0094000951001100021222221
B2001213731461N12153354WA0093600947001100027218215
B2001223731458N12153357WA0093300944001100026219209
B2001233731454N12153360WA0093300942001100025218214
B2001243731451N12153362WA0093300940001100024211213
B2001253731448N12153364WA0093200939001100020197216
B2001263731445N12153365WA0093000937001100019195211
B2001273731442N12153365WA0092500934001100019190207
B2001283731439N12153365WA0092200931001100024188202
B2001293731434N12153366WA0091600928001100033192195
B2001303731429N12153367WA0091500926001100034196210
B2001313731424N12153369WA0091500925001100032196210
B2001323731419N12153370WA0091600925001100028196211
B2001333731416N12153372WA0091500924001100026196212
B2001343731412N12153373WA0091300922001100026198211
B2001353731408N12153375WA0091000920001100027202212
B2001363731404N12153377WA0090900919001100027203211
B2001373731400N12153379WA0090700918001100030200211
B2001383731396N12153381WA0090900918001100029196213
B2001393731392N12153382WA0090700917001100028195212
B2001403731388N12153383WA0090600916001100026194211
B2001413731384N12153384WA0090500914001100026191217
B2001423731380N12153385WA0090200911001100029189213
B2001433731375N12153386WA0089900908001100033188207
B2001443731370N12153387WA0089600906001100035191206
B2001453731365N12153389WA0089500904001100034196207
B2001463731361N12153391WA0089400903001100032201210
B2001473731356N12153393WA0089300902001100031202210
B2001483731352N12153395WA0089100902001100029198208
B2001493731348N12153396WA0089100901001100029189202
B2001503731343N12153396WA0089100901001100030178196
B2001513731339N12153396WA0089000900001100031173202
B2001533731329N12153395WA0089000899001100031178202
B2001543731325N12153394WA0088800899001100029179205
B2001553731320N12153394WA0088900898001100026175200
B2001563731317N12153394WA0088700897001100027170196
B2001573731313N12153393WA0088700896001100029167198
B2001583731308N12153391WA0088400894001100029168198
B2001593731304N12153391WA0088200893001100028174227
B2002003731300N12153391WA0087900891001100028182216
B2002013731296N12153391WA0087900889001100029194221
B2002023731292N12153393WA0087800888001100029203227
B2002033731288N12153396WA0087800887001100028209214
B2002043731285N12153399WA0087800887001100024217222
B2002053731282N12153402WA0087800887001100024219219
B2002063731279N12153405WA0087700886001100027214216
B2002073731275N12153407WA0087400886001100031204208
B2002083731270N12153409WA0087600885001100034193209
B2002093731265N12153410WA0087700885001100034186213
B2002103731260N12153411WA0087700886001100029185222
B2002113731256N12153412WA0087900887001100025191223
B2002123731253N12153413WA0087900888001100025193223
B2002133731249N12153413WA0088000889001100029183195
B2002143731244N12153413WA0088200890001100030173168
B2002153731240N12153412WA0088400892001100030164178
B2002163731236N12153409WA0088600894001100025152195
B2002173731233N12153407WA0088800895001100022155207
B2002183731230N12153406WA0088700896001100023162195
B2002193731227N12153405WA0088700896001100028169195
B2002203731222N12153404WA0088900897001100030172192
B2002213731218N12153403WA0089300898001100029170197
B2002223731213N12153401WA0089700901001100028166226
B2002233731210N12153399WA0089900904001100022162200
B2002243731207N12153398WA0090100907001100019166206
B2002253731204N12153397WA0090400910001100019158194
B2002263731202N12153395WA0090500912001100021148187
B2002273731199N12153393WA0090600914001100024142200
B2002283731196N12153390WA0090700915001100025145201
B2002293731193N12153387WA0090800916001100025153200
B2002303731190N12153386WA0090900917001100023164183
B2002313731186N12153385WA0090900919001100021166188
B2002323731183N12153383WA0091100921001100022158187
B2002333731180N12153381WA0091200922001100025151185
B2002343731177N12153379WA0091400924001100026150199
B2002353731173N12153377WA0091600925001100026150190
B2002363731170N12153374WA0091800928001100025152205
B2002373731167N12153372WA0091800930001100025152208
B2002383731163N12153370WA0091800931001100024150207
B2002393731161N12153368WA0091700931001100022154196
B2002403731158N12153367WA0091500930001100023158179
B2002413731154N12153365WA0091200929001100028155174
B2002423731150N12153362WA0091000926001100032149133
B2002433731145N12153359WA0090800924001100034152160
B2002443731141N12153356WA0090700922001100031153179
B2002453731137N12153354WA0090500920001100032151182
B2002463731132N12153350WA0090200917001100037149179
B2002473731127N12153346WA0090000914001100043146174
B2002483731121N12153341WA0090000913001100045144176
B2002493731115N12153335WA0090000912001100047142178
B2002503731109N12153329WA0089900911001100039143177
B2002513731105N12153325WA0089900910001100037143172
B2002523731100N12153321WA0089600908001100039142174
B2002533731095N12153315WA0089400905001100045141168
B2002543731089N12153310WA0089200903001100047144177
B2002553731083N12153305WA0088900901001100048149192
B2002563731077N12153301WA0089000900001100044151188
B2002573731072N12153297WA0088600899001100041155191
B2002583731066N12153294WA0088800897001100040160194
B2002593731060N12153292WA0088600897001100040164193
B2003003731055N12153290WA0088500897001100040163190
B2003013731049N12153287WA0088800897001100039158186
B2003023731044N12153284WA0088800898001100037152189
B2003033731039N12153281WA0088900899001100036148189
B2003043731035N12153277WA0088900899001100037148187
B2003053731030N12153274WA0088800898001100038155191
B2003063731024N12153271WA0088800898001100040160197
B2003073731019N12153269WA0088800898001100038160167
B2003083731014N12153266WA0089400899001100036153179
B2003093731009N12153262WA0090300901001100033148188
B2003103731007N12153257WA0090800905001100027112181
B2003113731007N12153252WA0090900908001100026108161
B2003123731006N12153248WA0090900910001100024117156
B2003133731006N12153246WA0091000912001100009140166
B2003143731006N12153246WA0091300915001100004140211
B2003153731006N12153246WA0091700916001100004140227
B2003163731009N12153246WA0091800918001100023005227
B2003173731016N12153246WA0091700920001100039006322
B2003183731024N12153245WA0091900923001100046010348
B2003193731033N12153242WA0092400926001100052022359
B2003203731040N12153237WA0092700929001100056031013
B2003213731047N12153229WA0092600930001100056039025
B2003223731052N12153219WA0092500931001100061056037
B2003233731056N12153208WA0092600932001100062064071
B2003243731059N12153196WA0092500933001100060074083
B2003253731058N12153185WA0092500933001100058100098
B2003263731055N12153175WA0092600934001100050117125
B2003273731051N12153168WA0092800935001100041125146
B2003283731047N12153164WA0093300939001100028135155
B2003293731044N12153160WA0093700943001100023126172
B2003303731043N12153156WA0094100948001100022105171
B2003313731043N12153152WA0094400952001100022101157
B2003323731042N12153148WA0094500954001100022107155
B2003333731041N12153145WA0094800956001100018119160
B2003343731040N12153142WA0095100959001100013114177
B2003353731039N12153140WA0095300962001100012113187
B2003363731038N12153138WA0095600965001100011124197
B2003373731037N12153137WA0095700968001100008136197
B2003383731037N12153136WA0096100971001100000136215
B2003393731037N12153136WA0096400973001100001136206
B2003403731037N12153135WA0096700974001100007068216
B2003413731038N12153133WA0096700974001100009091216
B2003423731037N12153131WA0096700975001100010121215
B2003433731036N12153130WA0096700976001100011146220
B2003443731034N12153129WA0096900978001100010152222
B2003453731033N12153128WA0097000979001100008148223
B2003463731032N12153127WA0097200981001100007146228
B2003473731031N12153127WA0097400982001100008145225
B2003483731030N12153125WA0097500984001100012147220
B2003493731028N12153124WA0097700985001100014151218
B2003503731026N12153123WA0097800986001100013164214
B2003513731024N12153123WA0097900988001100011177208
B2003523731022N12153123WA0098200991001100011166196
B2003533731021N12153122WA0098400993001100014149204
B2003543731019N12153120WA0098500995001100016142206
B2003553731017N12153118WA0098600996001100017145205
B2003563731014N12153116WA0098800997001100020150196
B2003573731011N12153114WA0098900999001100022147186
B2003583731009N12153112WA0099001001001100024140178
B2003593731006N12153109WA0099101002001100024135188
B2004003731003N12153106WA0099201004001100023133188
B2004013731001N12153103WA0099401005001100021132181
B2004023730999N12153100WA0099401005001100018131165
B2004033730997N12153097WA0099201004001100021131191
B2004043730995N12153094WA0099401005001100026130190
B2004053730992N12153090WA0099401006001100027132209
B2004063730990N12153087WA0099701008001100020130211
B2004073730989N12153084WA0099801010001100013124205
B2004083730988N12153083WA0099901011001100009113212
B2004093730987N12153081WA0100001011001100010136208
B2004103730986N12153080WA0099901011001100014164202
B2004113730983N12153080WA0099801011001100017178207
B2004123730981N12153080WA0100001013001100016172200
B2004133730978N12153079WA0100001014001100016158185
B2004143730977N12153078WA0100101014001100016146200
B2004153730975N12153076WA0100101014000100016144192
B2004163730973N12153074WA0100001013000100016150194
B2004173730970N12153073WA0099901012000100016154187
B2004183730968N12153072WA0099901012000100017153194
B2004193730966N12153070WA0099801011001100018153190
B2004203730964N12153069WA0099601010000100017155195
B2004213730961N12153068WA0099401008000100016155193
B2004223730959N12153066WA0099201006000100019155196
B2004233730956N12153065WA0099001004001100026160191
B2004243730952N12153063WA0098701001000100032164187
B2004253730947N12153062WA0098900999000100034165185
B2004263730942N12153060WA0099200998000100033162189
B2004273730937N12153058WA0099300997000100029164199
B2004283730934N12153057WA0099600999000100023166206
B2004293730932N12153056WA0099501000000100016156185
B2004303730930N12153055WA0099501000000100019148192
B2004313730927N12153053WA0099501000000100024147197
B2004323730924N12153050WA0099501001000100025144187
B2004333730922N12153047WA0099701004000100023142206
B2004343730919N12153045WA0099901006000100019139213
B2004353730918N12153043WA0100201009000100012142229
B2004363730917N12153043WA0100601011000100004142231
B2004373730917N12153044WA0100701012000100004142234
B2004383730916N12153044WA0100801014000100004142221
B2004393730915N12153044WA0100901015000100011165203
B2004403730913N12153043WA0100901016000100015152235
B2004413730911N12153042WA0101101017000100013155222
B2004423730910N12153041WA0101201019000100008169217
B2004433730909N12153041WA0101401020000100008193205
B2004443730907N12153042WA0101301021000100009184199
B2004453730906N12153041WA0101501022000100011153206
B2004463730904N12153039WA0101601024000100017132213
B2004473730902N12153037WA0101701025000100016134212
B2004483730901N12153035WA0101701025000100012140207
B2004493730900N12153035WA0101701026001100009168206
B2004503730898N12153034WA0101701027001100011161193
B2004513730897N12153033WA0101901028000100012140201
B2004523730895N12153031WA0101801028000100013125186
B2004533730894N12153030WA0101801027000100011131192
B2004543730893N12153028WA0101701026000100013149211
B2004553730891N12153027WA0101801026000100014152195
B2004563730889N12153025WA0102001027000100016154197
B2004573730886N12153024WA0102301028000100017150191
B2004583730884N12153022WA0102701032000100016146182
B2004593730882N12153020WA0102901034000100016146184
B2005003730880N12153018WA0103001036000100017150190
B2005013730877N12153017WA0103001037000100018159188
B2005023730875N12153016WA0103101039000100018173191
B2005033730872N12153015WA0103301041000100021173178
B2005043730868N12153014WA0103701043001100024163169
B2005053730865N12153012WA0103901045000100025148139
B2005063730862N12153008WA0104101048000100028127136
B2005073730861N12153001WA0104201050000100033109129
B2005083730861N12152993WA0104301051000100042093115
B2005093730863N12152983WA0104401053000100051073088
B2005103730868N12152974WA0104701055000100054052061
B2005113730874N12152967WA0104801056000100055038036
B2005123730883N12152963WA0104901057000100055013017
B2005133730891N12152962WA0104901059000100052003347
B2005143730898N12152963WA0105201060000100044353336
B2005153730903N12152965WA0105401062000100031337322
B2005163730906N12152968WA0105401063001100025318297
B2005173730907N12152971WA0105501066000100018300279
B2005183730906N12152974WA0105801069000100008264262
B2005193730906N12152975WA0105901069000100007217239
B2005203730904N12152975WA0105901069000100011191222
B2005213730902N12152976WA0106201071000100014197215
B2005223730900N12152976WA0106401073001100013191203
B2005233730899N12152977WA0106701076000100010181202
B2005243730897N12152976WA0106901078000100010167197
B2005253730896N12152976WA0107001079001100012167189
B2005263730894N12152975WA0107101080001100016154182
B2005273730891N12152973WA0107201081001100022142176
B2005283730888N12152969WA0107101083000100027130163
B2005293730885N12152963WA0107001083000100033120158
B2005303730883N12152957WA0106901083000100038111142
B2005313730881N12152949WA0106701082000100042105134
B2005323730880N12152940WA0106501080000100046100123
B2005333730879N12152930WA0106401078000100052094115
B2005343730879N12152920WA0106101076000100055084105
B2005353730881N12152910WA0106001074000100057074093
B2005363730884N12152900WA0105801072000100059059077
B2005373730890N12152891WA0105601070000100059045058
B2005383730897N12152885WA0105601068000100055035037
B2005393730904N12152880WA0105501067000100050025021
B2005403730911N12152878WA0105501066000100041008003
B2005413730916N12152879WA0105301065000100035354332
B2005423730921N12152881WA0105101064000100033338309
B2005433730924N12152885WA0105001063000100029321295
B2005443730926N12152889WA0105401062001100023307280
B2005453730926N12152892WA0105401061000100012269266
B2005463730924N12152893WA0105401060000100008202242
B2005473730922N12152892WA0105201058000100011166222
B2005483730921N12152892WA0105001056000100012164216
B2005493730918N12152892WA0104801053000100014185210
B2005503730916N12152892WA0104501051001100014195210
B2005513730914N12152893WA0104401050000100014190211
B2005523730912N12152893WA0104401050001100016188210
B2005533730910N12152894WA0104301050001100012201226
B2005543730908N12152895WA0104301050001100008234239
B2005553730908N12152896WA0104301050000100008246225
B2005563730907N12152897WA0104201049000100008234236
B2005573730906N12152898WA0104201049000100010224236
B2005583730905N12152900WA0104101049000100010241246
B2005593730905N12152901WA0104101049000100009262232
B2006003730904N12152903WA0104101049000100009282230
B2006013730905N12152905WA0104201049000100007288231
B2006023730905N12152906WA0104101049000100007286233
B2006033730905N12152907WA0104001048000100010292236
B2006043730906N12152909WA0103901048000100014297235
B2006053730907N12152912WA0103801047000100015292219
B2006063730908N12152914WA0103801047000100013278224
B2006073730908N12152916WA0103701048001100010267234
B2006083730908N12152917WA0103701049000100009291255
B2006093730909N12152919WA0103801050000100015310267
B2006103730910N12152921WA0103801050000100022308267
B2006113730913N12152925WA0103601050000100026304271
B2006123730915N12152929WA0103601051000100029307282
B2006133730918N12152933WA0103701052000100030315280
B2006143730921N12152937WA0103701052000100032322292
B2006153730925N12152941WA0103601052000100035326278
B2006163730930N12152945WA0103701052000100038325278
B2006173730935N12152949WA0103801052000100039323274
B2006183730939N12152954WA0104101053000100040322296
B2006193730944N12152958WA0104501055000100038325337
B2006203730949N12152962WA0104601057000100037337353
B2006213730954N12152963WA0104601059000100038347351
B2006223730961N12152962WA0104301060000100042359346
B2006233730970N12152957WA0104201060000100059019352
B2006243730979N12152952WA0104201060000100063025016
B2006253730988N12152946WA0104301061000100061030027
B2006263730995N12152939WA0104401061000100058036028
B2006273731002N12152932WA0104301060000100057040040
B2006283731009N12152925WA0104301059000100058042044
B2006293731015N12152917WA0104301058000100057047050
B2006303731020N12152909WA0104201057000100054055056
B2006313731024N12152900WA0104301057000100053066070
B2006323731026N12152891WA0104301056000100050077088
B2006333731027N12152882WA0104501056000100043085106
B2006343731026N12152875WA0104801056000100036096122
B2006353731024N12152871WA0105101059000100017116143
B2006363731023N12152870WA0105301060000100005116188
B2006373731023N12152871WA0105301061000100006286218
B2006383731024N12152874WA0105101062000100020307239
B2006393731028N12152879WA0105301064000100032325264
B2006403731035N12152882WA0105401067000100049347287
B2006413731044N12152883WA0105501069000100054000320
B2006423731054N12152879WA0105501071000100065020336
B2006433731063N12152873WA0105601072000100067030008
B2006443731071N12152866WA0105701073000100064040023
B2006453731077N12152857WA0105801074000100059050039
B2006463731081N12152848WA0105801074000100053066055
B2006473731082N12152839WA0105901073000100046081083
B2006483731082N12152831WA0106001073000100041095110
B2006493731080N12152824WA0106101074000100036101131
B2006503731078N12152821WA0106301075000100025115143
B2006513731075N12152819WA0106501076000100017133173
B2006523731074N12152818WA0106801080000100014138191
B2006533731072N12152817WA0107001082000100012148208
B2006543731071N12152816WA0107301085000100010171213
B2006553731069N12152816WA0107601088000100008206226
B2006563731069N12152817WA0107901091000100008251237
B2006573731069N12152819WA0108101094000100014275255
B2006583731069N12152823WA0108301096000100019285268
B2006593731072N12152827WA0108101098000100024302286
B2007003731077N12152831WA0108201099000100038331296
B2007013731085N12152833WA0108401101000100055353322
B2007023731095N12152832WA0108601102000100064010349
B2007033731105N12152828WA0108701104000100064023009
B2007043731114N12152823WA0108601104000100062028025
B2007053731121N12152816WA0108601102000100060035030
B2007063731127N12152807WA0108501101000100059049040
B2007073731131N12152798WA0108401099000100056061062
B2007083731134N12152788WA0108501099000100053073082
B2007093731135N12152779WA0108601099000100043091101
B2007103731134N12152772WA0108801101000100037094135
B2007113731133N12152765WA0109001104000100032090141
B2007123731133N12152760WA0109101106000100030089155
B2007133731133N12152755WA0109101107000100027098159
B2007143731132N12152751WA0109201107000100022117169
B2007153731130N12152748WA0109401108000100019124183
B2007163731128N12152746WA0109701110000100014127189
B2007173731127N12152745WA0109901113000100006130196
B2007183731127N12152745WA0110001114000100000130209
B2007193731128N12152746WA0110101114000100000130207
B2007203731129N12152747WA0110101115000100010297209
B2007213731129N12152750WA0110201116000100018288240
B2007223731130N12152754WA0110301117000100021295249
B2007233731132N12152758WA0110601119000100020306244
B2007243731134N12152760WA0110901121000100013307236
B2007253731134N12152762WA0111001123000100007294228
B2007263731134N12152762WA0111101123000100006178216
B2007273731132N12152761WA0111101123000100013145193
B2007283731130N12152758WA0111201125000100018124178
B2007293731129N12152755WA0111401127000100024109167
B2007303731128N12152750WA0111301127000100028101151
B2007313731128N12152743WA0111201127000100037083136
B2007323731129N12152735WA0111301128000100038075119
B2007333731132N12152728WA0111501129000100041060107
B2007343731136N12152722WA0111401130000100042050083
B2007353731141N12152716WA0111401129000100044040065
B2007363731147N12152711WA0111401129000100049027043
B2007373731154N12152708WA0111501130000100052017015
B2007383731162N12152706WA0111701131000100052011358
B2007393731170N12152706WA0111901133000100048008348
B2007403731177N12152705WA0112001135000100044010339
B2007413731183N12152703WA0112301137000100044009334
B2007423731189N12152702WA0112401139000100041003324
B2007433731195N12152703WA0112501140000100037355313
B2007443731201N12152704WA0112501141000100033346299
B2007453731205N12152706WA0112601142000100029331286
B2007463731208N12152709WA0112701143000100024320270
B2007473731210N12152711WA0112901144000100015322257
B2007483731212N12152713WA0113101146000100008330245
B2007493731212N12152713WA0113101146000100004330227
B2007503731213N12152713WA0113101147000100003330218
B2007513731213N12152712WA0113101146000100000330216
B2007523731213N12152712WA0113101147000100000330221
B2007533731213N12152712WA0113001146000100000330224
B2007543731213N12152713WA0113001146000100000330233
B2007553731213N12152713WA0112801145000100000330245
B2007563731212N12152715WA0112801144000100009261237
B2007573731212N12152716WA0112801144000100011273252
B2007583731213N12152719WA0112901145000100012289252
B2007593731213N12152721WA0112901145000100013304256
B2008003731215N12152723WA0112901146000100013309257
B2008013731216N12152725WA0113001146000100013297246
B2008023731217N12152727WA0113001146000100015289263
B2008033731217N12152730WA0113001146000100014288253
B2008043731218N12152732WA0113101147000100015296267
B2008053731219N12152735WA0113001146000100018306242
B2008063731221N12152738WA0112901146000100023313260
B2008073731224N12152741WA0112601144000100026315262
B2008083731227N12152745WA0112501142000100028308255
B2008093731229N12152750WA0112201140000100028299238
B2008103731231N12152754WA0112001138000100026293235
B2008113731232N12152758WA0111801135000100025289246
B2008123731233N12152763WA0111601133000100025287246
B2008133731235N12152767WA0111401131000100026290249
B2008143731236N12152772WA0111201129000100026295252
B2008153731238N12152776WA0111001128000100025296249
B2008163731239N12152780WA0110901126000100023284240
B2008173731239N12152784WA0110801124000100021265230
B2008183731238N12152788WA0110401122000100021244230
B2008193731237N12152792WA0110401120000100020231232
B2008203731234N12152794WA0110401119000100021222225
B2008213731232N12152797WA0110301118000100021217222
B2008223731230N12152800WA0110301118000100020225225
B2008233731228N12152802WA0110201118000100020230223
B2008243731226N12152805WA0110501119000100018236223
B2008253731225N12152808WA0110401119000100016239224
B2008263731223N12152811WA0110301119000100018242223
B2008273731222N12152814WA0110401118000100021243223
B2008283731221N12152818WA0110401118000100022243225
B2008293731219N12152822WA0110701119000100022242225
B2008303731218N12152825WA0110801121000100018243224
B2008313731216N12152828WA0111101123000100014237222
B2008323731215N12152830WA0111001124000100014223220
B2008333731213N12152831WA0111301125000100017215216
B2008343731211N12152834WA0111401126000100021223220
B2008353731209N12152837WA0111501128000100022234229
B2008363731207N12152840WA0111901131000100018236216
B2008373731207N12152842WA0112201133000100010245212
B2008383731206N12152843WA0112301135000100008238208
B2008393731206N12152844WA0112301136000100007218209
B2008403731205N12152845WA0112301137000100014226222
B2008413731203N12152847WA0112501139000100016243231
B2008423731202N12152850WA0112901142000100015244217
B2008433731201N12152852WA0113001144000100012241228
B2008443731201N12152853WA0113101145000100010221226
B2008453731199N12152855WA0113301147000100012223217
B2008463731198N12152857WA0113301147000100016231215
B2008473731197N12152859WA0113501149000100016234217
B2008483731195N12152861WA0113701151000100015240215
B2008493731195N12152864WA0113701152000100012253222
B2008503731194N12152866WA0113801153000100011264238
B2008513731194N12152868WA0113901154000100012251224
B2008523731193N12152870WA0113901154000100013250225
B2008533731193N12152873WA0113901155000100015251225
B2008543731192N12152876WA0113901155000100016256224
B2008553731191N12152878WA0114001156000100014253226
B2008563731191N12152880WA0114101157000100010247222
B2008573731190N12152882WA0114101157000100008247229
B2008583731190N12152883WA0114001156000100010249228
B2008593731190N12152886WA0114001155000100014252222
B2009003731189N12152888WA0113901155000100016249211
B2009013731188N12152891WA0113901155000100014239205
B2009023731187N12152893WA0114001155000100014227224
B2009033731185N12152895WA0114001155000100013228231
B2009043731184N12152897WA0113901155000100013241233
B2009053731183N12152899WA0113901154000100014250235
B2009063731182N12152902WA0114001154000100015248224
B2009073731181N12152904WA0113801153000100015245222
B2009083731180N12152907WA0113801153000100014248237
B2009093731180N12152909WA0113801153000100014258241
B2009103731179N12152912WA0113801152000100016261227
B2009113731179N12152915WA0113801153000100017259225
B2009123731179N12152918WA0113801153000100015257213
B2009133731178N12152921WA0114001154000100015257244
B2009143731178N12152924WA0114201155000100016261225
B2009153731177N12152927WA0114101156000100016258230
B2009163731177N12152929WA0114101156000100013247223
B2009173731176N12152931WA0114101155000100011233215
B2009183731175N12152932WA0113901155000100010225202
B2009193731174N12152934WA0113801155000100009230212
B2009203731173N12152935WA0113701154000100009224199
B2009213731172N12152936WA0113701153000100012215199
B2009223731171N12152938WA0113601152000100009216195
B2009233731170N12152939WA0113601152000100006222207
B2009243731169N12152939WA0113401151000100006225195
B2009253731169N12152940WA0113201150000100008215211
B2009263731167N12152941WA0113001147000100013208201
B2009273731165N12152943WA0112701145000100019213209
B2009283731163N12152946WA0112301142000100023227217
B2009293731161N12152950WA0112201140000100024239220
B2009303731160N12152954WA0112101139000100023253209
B2009313731159N12152958WA0112101138000100020260213
B2009323731158N12152962WA0111901136000100017254208
B2009333731157N12152965WA0111401134000100016240208
B2009343731156N12152967WA0111301130000100020217203
B2009353731153N12152969WA0110901127000100024202202
B2009363731149N12152971WA0110901125000100024195205
B2009373731145N12152972WA0110801124000100021195199
B2009383731143N12152973WA0110701123000100016198198
B2009393731141N12152974WA0110601122000100014195194
B2009403731138N12152974WA0110401120000100016195198
B2009413731136N12152975WA0110201118000100020194187
B2009423731133N12152976WA0110001116000100023195194
B2009433731129N12152977WA0110001114000100024192131
B2009443731125N12152978WA0110201113000100026185180
B2009453731122N12152978WA0110201113000100020181192
B2009463731120N12152978WA0110201113000100013174194
B2009473731118N12152978WA0110001112000100012170187
B2009483731116N12152977WA0109701110000100016171192
B2009493731113N12152977WA0109501109000100024170181
B2009503731110N12152976WA0109501108000100024169185
B2009513731106N12152974WA0109601107000100024163206
B2009523731103N12152972WA0109701108000100017158188
B2009533731101N12152971WA0109601107000100011153184
B2009543731100N12152970WA0109601106000100015154184
B2009553731097N12152969WA0109301105000100022163188
B2009563731094N12152968WA0109301104000100024173196
B2009573731091N12152968WA0109301104000100022180211
B2009583731088N12152968WA0109501106000100018187196
B2009593731085N12152968WA0109601107000100013176182
B2010003731084N12152968WA0109601108000100013159184
B2010013731082N12152967WA0109501108000100014159186
B2010023731080N12152966WA0109301108000100015159187
B2010033731078N12152965WA0108901107000100018165168
B2010043731074N12152964WA0108701105000100026166186
B2010053731070N12152962WA0108401103000100031162183
B2010063731065N12152961WA0108601102000100032167196
B2010073731060N12152960WA0108301100000100031175194
B2010083731056N12152959WA0108401100000100029180191
B2010093731051N12152959WA0108201100000100029177191
B2010103731047N12152959WA0108501100000100027173199
B2010113731043N12152958WA0108401101000100023176207
B2010123731040N12152958WA0108401101000100020180200
B2010133731037N12152958WA0108501100000100021182195
B2010143731034N12152959WA0108401099000100022184193
B2010153731030N12152959WA0108401099000100024191202
B2010163731027N12152961WA0108301099000100024202209
B2010173731024N12152962WA0108301100000100021209195
B2010183731021N12152964WA0108501100000100018207195
B2010193731019N12152966WA0108601101000100018201194
B2010203731016N12152967WA0108601102000100019196148
B2010213731013N12152968WA0108901104000100019202199
B2010223731011N12152969WA0109201107000100015206205
B2010233731009N12152970WA0109501110000100008201197
B2010243731008N12152971WA0109701111000100005201197
B2010253731008N12152970WA0109701112000100004201188
B2010263731007N12152970WA0109601111000100010165191
B2010273731005N12152969WA0109601111000100016164178
B2010283731002N12152968WA0109701112000100019160178
B2010293730999N12152967WA0109901113000100020156184
B2010303730997N12152965WA0110101114000100019143151
B2010313730995N12152962WA0110201116000100019125146
B2010323730994N12152959WA0110201116000100022114137
B2010333730993N12152953WA0110101116000100036102135
B2010343730992N12152945WA0109901115000100042093112
B2010353730993N12152936WA0109901115000100044082106
B2010363730995N12152927WA0109901114000100046072094
B2010373730999N12152919WA0109801114000100049056087
B2010383731005N12152912WA0109801113000100051048069
B2010393731010N12152904WA0109701113000100052050055
B2010403731015N12152896WA0109801112000100053053057
B2010413731020N12152888WA0109801113000100054054058
B2010423731025N12152880WA0109901113000100053055057
B2010433731029N12152872WA0109901114000100050057050
B2010443731033N12152864WA0110001114000100048055056
B2010453731038N12152856WA0110001114000100050051056
B2010463731043N12152849WA0109901113000100055046045
B2010473731049N12152841WA0109901113000100057041047
B2010483731056N12152835WA0109801113000100057038035
B2010493731062N12152828WA0109801113000100058039031
B2010503731069N12152821WA0109901113000100056040027
B2010513731075N12152815WA0110001114000100058037023
B2010523731081N12152809WA0109901113000100050032019
B2010533731088N12152805WA0109801112000100050025021
B2010543731095N12152801WA0109601111000100052023016
B2010553731102N12152797WA0109501109000100054025012
B2010563731109N12152792WA0109601109000100053027009
B2010573731116N12152788WA0109601110000100048026003
B2010583731122N12152784WA0109601110000100043025003
B2010593731128N12152781WA0109501110000100043023355
B2011003731134N12152778WA0109401108000100046019354
B2011013731141N12152776WA0109101106000100043011338
B2011023731148N12152774WA0109201105000100043004329
B2011033731156N12152774WA0109001105000100046001318
B2011043731162N12152773WA0109001105000100042005327
B2011053731168N12152772WA0108901104000100040008322
B2011063731174N12152772WA0108701103000100041002317
B2011073731181N12152772WA0108401101000100042355323
B2011083731187N12152773WA0108101099000100044351333
B2011093731194N12152774WA0108201098000100046351331
B2011103731201N12152775WA0108201097000100048357338
B2011113731208N12152775WA0108201098000100049003335
B2011123731215N12152774WA0108201098000100048005331
B2011133731222N12152773WA0108201097000100046004332
B2011143731229N12152773WA0108201097000100048004343
B2011153731237N12152772WA0108101096000100048005341
B2011163731245N12152771WA0108001095000100057004332
B2011173731253N12152770WA0108001095000100057002327
B2011183731262N12152770WA0108001095000100054359328
B2011193731270N12152770WA0108001095000100053358330
B2011203731278N12152771WA0108101095000100054000341
B2011213731286N12152771WA0108101095000100053000320
B2011223731293N12152771WA0108101095000100052357324
B2011233731301N12152772WA0108101095000100047351329
B2011243731307N12152773WA0108001094000100043350347
B2011253731313N12152774WA0107801093000100040354335
B2011263731319N12152774WA0107501090000100040357334
B2011273731326N12152774WA0107101087000100043358341
B2011283731332N12152775WA0106801084000100047354323
B2011293731340N12152776WA0106501081000100049352334
B2011303731347N12152777WA0106301078000100048353328
B2011313731354N12152778WA0106101076000100045355334
B2011323731361N12152779WA0105901074000100044357338
B2011333731367N12152779WA0105601071000100045356328
B2011343731374N12152780WA0105301068000100046354329
B2011353731381N12152781WA0105101066000100047354342
B2011363731388N12152781WA0105001065000100046357344
B2011373731395N12152782WA0104901063000100046001347
B2011383731402N12152781WA0104601060000100047003340
B2011393731409N12152781WA0104301057000100049002338
B2011403731417N12152780WA0104001054000100050002349
B2011413731424N12152780WA0103701051000100047005348
B2011423731431N12152779WA0103401049000100046009349
B2011433731438N12152777WA0103101045000100046010354
B2011443731445N12152775WA0102601041000100048011355
B2011453731452N12152774WA0102201037000100047012004
B2011463731459N12152772WA0101901033000100052012358
B2011473731467N12152769WA0101701030000100052014008
B2011483731474N12152766WA0101501028000100050020022
B2011493731480N12152763WA0101101025000100045027011
B2011503731486N12152759WA0100701021000100044029014
B2011513731492N12152755WA0100401017000100046024354
B2011523731499N12152752WA0099901012000100051018015
B2011533731507N12152749WA0099501008000100052018014
B2011543731514N12152745WA0099301005000100049021022
B2011553731520N12152742WA0098901002000100048025012
B2011563731527N12152738WA0098700999000100049025359
B2011573731533N12152734WA0098600996000100050026028
B2011583731540N12152729WA0098500995000100049034043
B2011593731545N12152723WA0098400994000100047046072
B2012003731549N12152716WA0098200993000100045057037
B2012013731553N12152708WA0097900991000100045060040
B2012023731556N12152701WA0097800988000100045055047
B2012033731560N12152694WA0097400986000100046044034
B2012043731566N12152689WA0097300983000100044035032
B2012053731571N12152684WA0097100981000100041029022
B2012063731576N12152681WA0096700978000100041030020
B2012073731582N12152677WA0096300974000100044032021
B2012083731588N12152672WA0095900970000100048031014
B2012093731594N12152668WA0095600967000100052028005
B2012103731601N12152663WA0095300964000100050027006
B2012113731607N12152659WA0095100962000100046029015
B2012123731613N12152654WA0094800960000100044033022
B2012133731618N12152650WA0094400956000100043035015
B2012143731624N12152645WA0093900952000100045035016
B2012153731630N12152640WA0093500947000100043033017
B2012163731636N12152634WA0093000943000100053034039
B2012173731643N12152627WA0093000940000100056037068
B2012183731648N12152620WA0093200939000100050051069
B2012193731650N12152612WA0093100940000100044071060
B2012203731652N12152604WA0093000939000100043073067
B2012213731654N12152596WA0092800937000100047065066
B2012223731658N12152588WA0092600935000100051058064
B2012233731662N12152580WA0092500934000100050051055
B2012243731667N12152573WA0092500934000100044045048
B2012253731671N12152568WA0092300933000100038041045
B2012263731675N12152564WA0092000931000100039038041
B2012273731680N12152559WA0091600929000100042035033
B2012283731686N12152554WA0091100925000100048035029
B2012293731692N12152548WA0090900922000100053037033
B2012303731699N12152542WA0090700920000100050039039
B2012313731704N12152536WA0090500918000100046042034
B2012323731709N12152530WA0090200915000100045044033
B2012333731714N12152524WA0089900911000100048044035
B2012343731720N12152517WA0089500906000100047042033
B2012353731726N12152510WA0089200903000100058042035
B2012363731733N12152502WA0089100900000100058044035
B2012373731738N12152495WA0089100899000100053045024
B2012383731744N12152489WA0089000898000100045044028
B2012393731748N12152483WA0088600897000100045043030
B2012403731753N12152477WA0088200893000100047042037
B2012413731759N12152471WA0087600890000100052042037
B2012423731765N12152463WA0087300886000100065044041
B2012433731773N12152454WA0087200882000100067044035
B2012443731780N12152445WA0087200881000100064047041
B2012453731785N12152436WA0087200881000100057050035
B2012463731791N12152428WA0087000881000100053051040
B2012473731796N12152420WA0086900878000100054049032
B2012483731801N12152412WA0086500875000100059049047
B2012493731807N12152403WA0086100872000100054054055
B2012503731812N12152392WA0086200871000100066058049
B2012513731817N12152381WA0086200870000100063060046
B2012523731821N12152372WA0086200870000100056058043
B2012533731825N12152363WA0086100869000100052058057
B2012543731829N12152355WA0085900868000100053059054
B2012553731833N12152346WA0085500865000100059061060
B2012563731838N12152335WA0085100862000100054059043
B2012573731843N12152324WA0085100860000100066060050
B2012583731847N12152314WA0085300860000100061062046
B2012593731851N12152305WA0085200860000100051064052
B2013003731854N12152296WA0085100859000100050065063
B2013013731857N12152287WA0084800857000100052063058
B2013023731861N12152278WA0084600854000100057061059
B2013033731865N12152269WA0084300852000100059060056
B2013043731869N12152259WA0084300851000100057061055
B2013053731873N12152250WA0084300851000100059061055
B2013063731877N12152241WA0084000849000100050062059
B2013073731881N12152233WA0083800847000100050062055
B2013083731884N12152225WA0083500844000100054062069
B2013093731888N12152215WA0083300841000100058062060
B2013103731892N12152205WA0083100839000100059063059
B2013113731896N12152195WA0083100838000100058064057
B2013123731899N12152186WA0082900837000100060064053
B2013133731903N12152177WA0082900837000100052064053
B2013143731906N12152168WA0082800837000100053065061
B2013153731909N12152159WA0082800836000100054067062
B2013163731912N12152149WA0082600835000100056070063
B2013173731915N12152139WA0082600835000100056070065
B2013183731918N12152130WA0082600834000100055069055
B2013193731921N12152120WA0082500833000100056066061
B2013203731925N12152111WA0082400833000100055063054
B2013213731928N12152102WA0082500833000100055061057
B2013223731932N12152093WA0082600833000100053063062
B2013233731935N12152084WA0082500833000100051066050
B2013243731938N12152075WA0082600833000100047070064
B2013253731940N12152067WA0082600833000100042069069
B2013263731943N12152060WA0082400832000100041065074
B2013273731946N12152054WA0082100830000100042060074
B2013283731950N12152047WA0081700827000100048051069
B2013293731955N12152040WA0081700825000100049044052
B2013303731960N12152034WA0081500824000100047039040
B2013313731966N12152029WA0081600824000100044034038
B2013323731971N12152024WA0081600824000100042038019
B2013333731976N12152019WA0081600824000100043040019
B2013343731981N12152014WA0081600824000100042038019
B2013353731986N12152010WA0081500823000100043033023
B2013363731992N12152005WA0081300822000100046031027
B2013373731998N12152001WA0081300821000100048032025
B2013383732004N12151996WA0081300820000100048035032
B2013393732010N12151991WA0081200820000100047035025
B2013403732016N12151986WA0081000819000100046032029
B2013413732022N12151981WA0080800818000100046030033
B2013423732028N12151977WA0080800817000100046034044
B2013433732033N12151971WA0080600815000100047041049
B2013443732039N12151965WA0080600813000100047046038
B2013453732044N12151958WA0080400812000100051043026
B2013463732050N12151952WA0080300811000100048039025
B2013473732055N12151947WA0080200810000100045036037
B2013483732061N12151942WA0080100808000100046039053
B2013493732066N12151935WA0079900806000100046045058
B2013503732071N12151928WA0079700804000100054051055
B2013513732076N12151920WA0079600803000100055053042
B2013523732081N12151911WA0079500803000100053052041
B2013533732086N12151904WA0079500802000100051051049
B2013543732090N12151896WA0079300800000100052054055
B2013553732095N12151887WA0079100799000100055058058
B2013563732099N12151878WA0078900797000100058061055
B2013573732103N12151868WA0078800795000100059061046
B2013583732107N12151859WA0078700794000100058061053
B2013593732112N12151849WA0078600793000100057063060
B2014003732115N12151839WA0078400791000100057065063
B2014013732119N12151829WA0078200789000100057067058
B2014023732122N12151820WA0078100787000100057067054
B2014033732126N12151810WA0077900786000100057066056
B2014043732129N12151800WA0077800784000100056067059
B2014053732132N12151790WA0077600783000100057068059
B2014063732135N12151780WA0077400781000100056069057
B2014073732138N12151770WA0077200779000100057069057
B2014083732141N12151760WA0077000777000100059068047
B2014093732144N12151749WA0076800775000100059068063
B2014103732148N12151739WA0076700773000100059069065
B2014113732151N12151729WA0076400771000100059070064
B2014123732154N12151718WA0076100768000100060071068
B2014133732157N12151707WA0075900766000100060069066
B2014143732160N12151696WA0075600763000100065069065
B2014153732163N12151684WA0075600762000100064070075
B2014163732166N12151673WA0075500761000100062074078
B2014173732168N12151662WA0075400761000100064078073
B2014183732170N12151651WA0075300760000100059080072
B2014193732171N12151640WA0075200758000100059079069
B2014203732173N12151628WA0075000757000100060077070
B2014213732175N12151617WA0074900755000100063077074
B2014223732177N12151606WA0074600753000100063078070
B2014233732179N12151594WA0074500751000100062078075
B2014243732181N12151583WA0074400750000100057077076
B2014253732183N12151573WA0074200748000100055075081
B2014263732185N12151563WA0074000745000100056074082
B2014273732187N12151552WA0073600742000100062076083
B2014283732190N12151540WA0073400739000100069077086
B2014293732192N12151527WA0073300737000100070080073
B2014303732193N12151514WA0073600736000100067083092
B2014313732193N12151503WA0073700737000100057084095
B2014323732193N12151493WA0073600737000100047086100
B2014333732194N12151486WA0073500736000100046083107
B2014343732194N12151477WA0073100734000100049083105
B2014353732195N12151467WA0073000732000100058082098
B2014363732197N12151456WA0072700731000100060081090
B2014373732198N12151444WA0072900731000100059077083
B2014383732201N12151434WA0072900731000100055073091
B2014393732203N12151425WA0072900731000100051072097
B2014403732205N12151416WA0072700731000100051076099
B2014413732207N12151406WA0072500729000100051081092
B2014423732208N12151396WA0072300728000100049082082
B2014433732209N12151385WA0072200727000100057077075
B2014443732211N12151375WA0072100726000100057073074
B2014453732214N12151364WA0072000725000100057071073
B2014463732216N12151354WA0071900724000100056070073
B2014473732219N12151344WA0071700722000100056070068
B2014483732222N12151334WA0071600721000100056069074
B2014493732226N12151325WA0071400719000100057065059
B2014503732229N12151315WA0071200717000100057061069
B2014513732234N12151306WA0071000714000100057060066
B2014523732238N12151296WA0070700712000100059062071
B2014533732242N12151286WA0070400709000100061064065
B2014543732246N12151276WA0070200707000100063064057
B2014553732250N12151265WA0070000704000100063064052
B2014563732254N12151254WA0069900703000100064064058
B2014573732258N12151243WA0069600701000100062065057
B2014583732262N12151233WA0069400699000100064066058
B2014593732266N12151222WA0069300697000100064064042
B2015003732270N12151211WA0069000696000100062062052
B2015013732274N12151201WA0068900695000100059061051
B2015023732278N12151192WA0068900694000100055060049
B2015033732283N12151183WA0068800693000100055060061
B2015043732287N12151174WA0068700691000100055061059
B2015053732290N12151164WA0068500690000100053062050
B2015063732294N12151155WA0068400688000100057061055
B2015073732299N12151146WA0068200687000100054059046
B2015083732303N12151138WA0068200686000100050056049
B2015093732307N12151130WA0068000685000100049054043
B2015103732311N12151123WA0067700683000100049052048
B2015113732316N12151116WA0067400679000100053047036
B2015123732322N12151109WA0067000676000100050043024
B2015133732328N12151102WA0066900674000100050041028
B2015143732334N12151095WA0067000673000100050039031
B2015153732339N12151090WA0066900673000100045038028
B2015163732345N12151085WA0066700671000100043039041
B2015173732350N12151079WA0066500669000100044040029
B2015183732355N12151074WA0066300667000100048041041
B2015193732360N12151068WA0066200665000100051042026
B2015203732366N12151061WA0066100664000100048042022
B2015213732371N12151055WA0065900663000100047040018
B2015223732377N12151050WA0065800662000100046037019
B2015233732382N12151045WA0065700660000100046034026
B2015243732388N12151040WA0065500658000100046030029
B2015253732394N12151036WA0065300657000100047029044
B2015263732400N12151032WA0065400656000100046031030
B2015273732406N12151027WA0065300656000100045033031
B2015283732411N12151022WA0065200656000100044037055
B2015293732416N12151017WA0065100655000100042043037
B2015303732420N12151011WA0065000653000100041045044
B2015313732425N12151006WA0064700651000100042042039
B2015323732430N12151001WA0064400649000100046039038
B2015333732435N12150995WA0064300647000100050042049
B2015343732441N12150988WA0064000645000100052047052
B2015353732446N12150980WA0064000644000100052054042
B2015363732450N12150973WA0064000643000100044053045
B2015373732454N12150966WA0063700641000100046052049
B2015383732459N12150959WA0063400639000100047051051
B2015393732464N12150951WA0063300637000100053050047
B2015403732469N12150943WA0063400636000100052050064
B2015413732474N12150936WA0063500637000100047051067
B2015423732477N12150929WA0063600637000100043059094
B2015433732480N12150922WA0063400637000100044064102
B2015443732482N12150914WA0063100636000100046072102
B2015453732483N12150905WA0062900635000100049082101
B2015463732483N12150895WA0063000634000100049089090
B2015473732483N12150886WA0063000634000100043090134
B2015483732482N12150878WA0063100634000100035094148
B2015493732481N12150872WA0062900633000100034101164
B2015503732479N12150867WA0062600633000100034114171
B2015513732474N12150862WA0062500631000100038145178
B2015523732469N12150859WA0062500630000100038148194
B2015533732463N12150857WA0062600631000100033153198
B2015543732460N12150856WA0062700630000100021154195
B2015553732457N12150855WA0062400629000100020154201
B2015563732455N12150854WA0062100626000100016160201
B2015573732452N12150854WA0061800623000100017179206
B2015583732450N12150856WA0061600620000100022211213
B2015593732447N12150860WA0061600619000100022223228
B2016003732446N12150865WA0061600618000100020280234
B2016013732448N12150869WA0061500618000100019311258
B2016023732451N12150871WA0061300616000100022335272
B2016033732456N12150871WA0061100615000100029358289
B2016043732461N12150871WA0061000613000100033008320
B2016053732466N12150869WA0060800611000100036017338
B2016063732472N12150866WA0060500608000100038023354
B2016073732478N12150862WA0060200606000100044032007
B2016083732484N12150858WA0059900603000100049028018
B2016093732491N12150853WA0059900601000100049021018
B2016103732498N12150850WA0059900602000100046022026
B2016113732504N12150846WA0059900601000100046030027
B2016123732510N12150841WA0059700600000100047033032
B2016133732515N12150834WA0059700599000100050049029
B2016143732519N12150826WA0059500598000100049050041
B2016153732524N12150819WA0059500597000100049047043
B2016163732529N12150812WA0059400596000100050049050
B2016173732533N12150804WA0059200594000100050056061
B2016183732537N12150796WA0059000593000100051060058
B2016193732541N12150788WA0059000592000100051059054
B2016203732546N12150780WA0059000592000100051055045
B2016213732550N12150772WA0058900592000100048054057
B2016223732554N12150765WA0058900591000100047057067
B2016233732558N12150757WA0058700589000100047062071
B2016243732561N12150749WA0058500587000100047065067
B2016253732564N12150740WA0058400585000100047065059
B2016263732567N12150731WA0058300584000100052063064
B2016273732571N12150723WA0058200583000100051061063
B2016283732574N12150714WA0058000581000100049063067
B2016293732577N12150706WA0057800580000100048065071
B2016303732580N12150698WA0057700578000100050066066
B2016313732583N12150689WA0057500576000100050065066
B2016323732586N12150680WA0057400574000100049064068
B2016333732590N12150672WA0057300573000100048062065
B2016343732593N12150664WA0057200573000100045058057
B2016353732597N12150657WA0057100571000100045056061
B2016363732601N12150650WA0056800569000100047054075
B2016373732605N12150643WA0056700567000100048059091
B2016383732608N12150635WA0056400565000100046068101
B2016393732609N12150627WA0056300563000100044080108
B2016403732610N12150619WA0056000561000100042093120
B2016413732608N12150611WA0055900559000100039105131
B2016423732606N12150605WA0055600558000100036118145
B2016433732602N12150601WA0055400556000100031134158
B2016443732598N12150599WA0055300554000100026156172
B2016453732595N12150597WA0055100552000100025171193
B2016463732591N12150597WA0054800551000100025184211
B2016473732587N12150598WA0054700549000100023197218
B2016483732584N12150600WA0054700548000100021213228
B2016493732582N12150602WA0054500546000100020238243
B2016503732581N12150606WA0054400545000100021254250
B2016513732581N12150610WA0054200543000100022269256
B2016523732581N12150614WA0053800540000100023281267
B2016533732582N12150619WA0053600537000100025283271
B2016543732583N12150623WA0053300534000100026279274
B2016553732584N12150629WA0052900530000100029280277
B2016563732585N12150634WA0052500526000100032286280
B2016573732586N12150640WA0052200524000100033284273
B2016583732588N12150646WA0052400523000100033284259
B2016593732589N12150652WA0052400523000100031282259
B2017003732590N12150657WA0052500522000100026283247
B2017013732591N12150661WA0052500522000100021286251
B2017023732591N12150665WA0052600523000100017286253
B2017033732592N12150668WA0052600523000100012280244
B2017043732592N12150670WA0052700523000100010250225
B2017053732591N12150671WA0052500522000100010214211
B2017063732588N12150672WA0052300521000100017186198
B2017073732584N12150670WA0052100520000100030151181
B2017083732580N12150666WA0052100520000100033137153
B2017093732577N12150661WA0052100520000100035123143
B2017103732575N12150654WA0052100520000100037105132
B2017113732574N12150647WA0052000519000100040094112
B2017123732574N12150639WA0051900518000100044089098
B2017133732574N12150630WA0051900518000100044084089
B2017143732575N12150622WA0052000519000100044076079
B2017153732577N12150614WA0052000519000100044071075
B2017163732579N12150606WA0052000519000100041069065
B2017173732582N12150599WA0051900518000100042065054
B2017183732584N12150592WA0051800518000100042060048
B2017193732588N12150586WA0051600516000100043055035
B2017203732593N12150580WA0051300515000100046043029
B2017213732599N12150575WA0051000513000100047029013
B2017223732606N12150572WA0050900511000100043007000
B2017233732613N12150572WA0050700509000100037356338
B2017243732617N12150574WA0050400507000100032344328
B2017253732622N12150577WA0050200505000100031333313
B2017263732626N12150581WA0050200504000100033326301
B2017273732630N12150585WA0050100504000100032322288
B2017283732633N12150589WA0050000503000100028313254
B2017293732636N12150592WA0050000503000100026310290
B2017303732638N12150596WA0049800501000100025312291
B2017313732641N12150600WA0049800499000100026312294
B2017323732644N12150604WA0049600496000100030308285
B2017333732646N12150609WA0049300494000100034303283
B2017343732649N12150615WA0049300492000100034302285
B2017353732652N12150620WA0049500491000100032298284
B2017363732654N12150625WA0049500490000100027297277
B2017373732655N12150629WA0049600490000100021299281
B2017383732657N12150632WA0049300489000100020299279
B2017393732658N12150636WA0049100487000100022296265
B2017403732660N12150640WA0048800485000100027292268
B2017413732661N12150645WA0048500483000100031290268
B2017423732663N12150650WA0048200482000100031293276
B2017433732665N12150656WA0048300480000100028293267
B2017443732666N12150660WA0048100479000100024287262
B2017453732667N12150664WA0047900477000100021279262
B2017463732667N12150668WA0047700475000100021277263
B2017473732668N12150672WA0047200472000100022284263
B2017483732669N12150676WA0046700468000100024281257
B2017493732669N12150681WA0046500465000100025269248
B2017503732669N12150685WA0046300461000100026260253
B2017513732668N12150690WA0046000459000100024260184
B2017523732667N12150695WA0045900457000100020264247
B2017533732667N12150698WA0045800455000100013257244
B2017543732666N12150700WA0045500453000100010232231
B2017553732665N12150700WA0045100450000100012195222
B2017563732662N12150700WA0044700447000100020170204
B2017573732658N12150697WA0044500445000100028150182
B2017583732654N12150693WA0044300442000100032137165
B2017593732652N12150688WA0044200440000100034118153
B2018003732650N12150681WA0044000438000100036106137
B2018013732648N12150674WA0043700436000100036100120
B2018023732647N12150667WA0043500433000100040097117
B2018033732647N12150659WA0043200430000100043093116
B2018043732646N12150651WA0043000428000100045092106
B2018053732646N12150643WA0042800426000100045091103
B2018063732646N12150634WA0042600424000100045089108
B2018073732646N12150626WA0042400422000100045090114
B2018083732646N12150617WA0042100420000100045096120
B2018093732644N12150609WA0041800417000100045102121
B2018103732643N12150600WA0041700415000100046104120
B2018113732641N12150592WA0041400412000100046102121
B2018123732640N12150584WA0041200410000100045101135
B2018133732638N12150575WA0040900407000100044104137
B2018143732636N12150567WA0040600404000100046109135
B2018153732634N12150559WA0040200401000100050111143
B2018163732631N12150550WA0040100399000100052112134
B2018173732628N12150541WA0040100399000100051113158
B2018183732625N12150533WA0040300399000100044115152
B2018193732622N12150526WA0040200399000100041121151
B2018203732618N12150519WA0040100398000100044126155
B2018213732614N12150512WA0040100397000100043128150
B2018223732609N12150504WA0040200398000100050127170
B2018233732605N12150498WA0040400399000100042126182
B2018243732602N12150492WA0040500401000100034129174
B2018253732599N12150488WA0040500401000100031131183
B2018263732596N12150486WA0040200401000100027148183
B2018273732592N12150486WA0040000401001100025172201
B2018283732588N12150487WA0039900400001100024194217
B2018293732586N12150491WA0039800399000100018230231
B2018303732586N12150495WA0039800398001100016273245
B2018313732588N12150498WA0039700397001100018302259
B2018323732591N12150501WA0039500396001100020321280
B2018333732594N12150504WA0039500395001100020324300
B2018343732597N12150506WA0039500394001100024332298
B2018353732601N12150508WA0039400394001100029339317
B2018363732605N12150511WA0039500394001100032337309
B2018373732610N12150513WA0039800394001100032339313
B2018383732613N12150515WA0039900395001100028340304
B2018393732616N12150517WA0040000396001100016336291
B2018403732618N12150518WA0039900396001100015336281
B2018413732619N12150519WA0039700394001100016318278
B2018423732620N12150522WA0039500392001100020294289
B2018433732621N12150527WA0039400391001100026284290
B2018443732622N12150532WA0039300390001100027296306
B2018453732624N12150537WA0039300389001100028307300
B2018463732627N12150541WA0039300389001100030321304
B2018473732631N12150544WA0039300389001100030333309
B2018483732634N12150546WA0039200389001100027339300
B2018493732638N12150548WA0039100388001100024325294
B2018503732640N12150551WA0038900387001100025309273
B2018513732642N12150555WA0038700385001100024290265
B2018523732642N12150559WA0038500384001100022271184
B2018533732642N12150563WA0038500382001100018250211
B2018543732641N12150566WA0038300380001100015235225
B2018553732639N12150567WA0038000378001100016217210
B2018563732636N12150569WA0037800375001100022200206
B2018573732632N12150570WA0037600373001100025189190
B2018583732628N12150569WA0037500372001100026167184
B2018593732624N12150567WA0037600371001100026153172
B2019003732621N12150564WA0037700370001100024135169
B2019013732619N12150561WA0037600369001100021121157
B2019023732618N12150557WA0037300367001100021128165
B2019033732615N12150554WA0036900366001100024144166
B2019043732610N12150552WA0036800363001100036162170
B2019053732605N12150550WA0036800362001100036162166
B2019063732599N12150548WA0036900361001100034158169
B2019073732595N12150546WA0036900362001100026154182
B2019083732592N12150544WA0036700360001100026159207
B2019093732589N12150544WA0036400358001100024186217
B2019103732586N12150547WA0036100356001100034217218
B2019113732582N12150551WA0036300356001100035216225
B2019123732578N12150556WA0036400356001100032217225
B2019133732576N12150559WA0036600356001100022221223
B2019143732574N12150561WA0036400355001100019227239
B2019153732573N12150564WA0036200354001100021233261
B2019163732572N12150569WA0036200353001100032253258
B2019173732571N12150575WA0036200352001100032258266
B2019183732571N12150581WA0036400353001100030262276
B2019193732571N12150587WA0036500356001100026272250
B2019203732572N12150592WA0036700357001100028272275
B2019213732572N12150598WA0036700358001100030273276
B2019223732573N12150603WA0036800360001100029279284
B2019233732574N12150609WA0036800361001100027282280
B2019243732575N12150614WA0036800362001100031282287
B2019253732576N12150620WA0037000363001100035289299
B2019263732579N12150626WA0036900364001100036301312
B2019273732583N12150631WA0036900364001100034314321
B2019283732587N12150634WA0036900364001100034332320
B2019293732593N12150635WA0036800364001100034345330
B2019303732598N12150637WA0036700363001100035346333
B2019313732603N12150638WA0036600361000100036354335
B2019323732609N12150638WA0036600361000100034000343
B2019333732614N12150637WA0036700360000100031014346
B2019343732618N12150634WA0036600360000100030029000
B2019353732622N12150631WA0036500359000100031035016
B2019363732626N12150627WA0036300357000100032038027
B2019373732630N12150623WA0036200356000100034037031
B2019383732634N12150619WA0036100354000100035035022
B2019393732638N12150616WA0035800353000100034027019
B2019403732643N12150613WA0035600352000100034016003
B2019413732648N12150612WA0035400350001100033006358
B2019423732653N12150612WA0035400349001100033358357
B2019433732658N12150613WA0035200347000100033353351
B2019443732664N12150614WA0035100345000100036351349
B2019453732669N12150615WA0034800343001100040350350
B2019463732675N12150617WA0034700342001100043344349
B2019473732682N12150619WA0034600341001100044344348
B2019483732688N12150622WA0034800340001100042343346
B2019493732692N12150625WA0034700341001100034338332
B2019503732696N12150627WA0034900341001100029338313
B2019513732700N12150629WA0034700340001100024335320
B2019523732702N12150632WA0034500338001100022321304
B2019533732704N12150635WA0034200336001100024313314
B2019543732706N12150638WA0034300334001100021320286
B2019553732708N12150639WA0034200333001100013340288
B2019563732708N12150640WA0034200331001100008343285
B2019573732708N12150640WA0034200331001100005343266
B2019583732708N12150640WA0034300332001100000343253
B2019593732708N12150640WA0034300332001100000343251
B2020003732707N12150640WA0034300333001100000343251
B2020013732707N12150640WA0034300333001100000343251
B2020023732707N12150640WA0034300333001100000343251
B2020033732707N12150640WA0034400333001100000343251
B2020043732707N12150640WA0034300333001100000343251
B2020053732707N12150640WA0034300333001100000343251
B2020063732707N12150640WA0034300333001100000343251
B2020073732707N12150640WA0034300333001100000343251
B2020083732707N12150640WA0034300333001100000343251
B2020093732707N12150640WA0034300333001100000343251
B2020103732707N12150640WA0034300333001100000343251
B2020113732707N12150640WA0034300333001100000343251
B2020123732707N12150640WA0034400333001100000343251
B2020133732707N12150640WA0034400333001100000343251
B2020143732707N12150640WA0034300333001100000343251
B2020153732707N12150640WA0034400333001100000343251
B2020163732707N12150640WA0034300333001100000343251
B2020173732707N12150640WA0034300333001100000343251
B2020183732707N12150640WA0034300333001100000343251
B2020193732707N12150640WA0034400333001100000343251
B2020203732707N12150640WA0034400333001100000343251
B2020213732707N12150640WA0034300333001100000343251
B2020223732707N12150640WA0034400333001100000343251
B2020233732707N12150640WA0034300333001100000343251
B2020243732707N12150640WA0034300333001100000343251
B2020253732707N12150640WA0034400333001100000343251
B2020263732707N12150640WA0034400333001100000343251
B2020273732705N12150640WA0034400337001100002343251
B2020283732705N12150641WA0034400337001100000343251
GrcYmWcUrLO/rwifvEIVnyJaQsVPe0vlc8fECvd4+swuPKVITwnpjGTEsUBp2JS5R
GXoCUWYVESJoqqj77/pTUZEtUnzGZeCDzBrGTx/dmpaSrTi5xBiYIbUDLRiCVDATy
GYBl7/8Q5S0293W1KvO3RZbw6up+d6BovwJLPozb2KVw=

