AXFH000
HFDTE130425
HFPLTPILOT:Scott O’Brien
HFGTYGLIDERTYPE:Ozone Swift 6
HFDTM100GPSDATUM:WGS84
HFRFWFIRMWAREVERSION:8.2.6
HFRHWHARDWAREVERSION:iPhone 15
HFFTYFRTYPE:Flyskyhy,8.2.6
HFGPS:Bluetooth vario
HFPRSVARIO:Bluetooth vario
HFCCLCOMPETITIONCLASS:Paraglider
HFTZNTIMEZONE:-7
HFSITSITE:Dunlap,US
I053638FXA3941VXA4244GSP4547CCO4850HDT
C130425182726130425000105TASK
C0000000N00000000ETAKEOFF
C3645916N11905906W00004009999999000000360000STARTAREA DNLNCH
C3645293N11905304W00000000000400000000360000TURNAREA Ridge
C3645916N11905906W00000000000400000000360000TURNAREA DNLNCH
C3644816N11904600W00000000000400000000360000TURNAREA SONTAG
C3644084N11907030W00000000000400000000360000TURNAREA Dunlap School
C3644216N11905233W00000000000400000000360000TURNAREA LASTCH 2
C3644130N11906308W00000000000400000000360000FINISHAREA DAN
C0000000N00000000ELANDING
B1827573645900N11905880WA0000000000000000000240355
B1827583645900N11905880WA0000000000000000000240347
B1827593645900N11905880WA0000000000000000000240355
B1828003645900N11905880WA0000000000000000000240004
B1828013645900N11905880WA0000000000000000000240017
B1828023645900N11905880WA0000000000000000000240003
B1828033645900N11905880WA0000000000000000000240012
B1828043645900N11905880WA0000000000000000000240023
B1828053645900N11905880WA0000000000000000000240039
B1828063645900N11905880WA0000000000000000000240044
B1828073645900N11905880WA0000000000000000000240039
B1828083645900N11905880WA0000000000000000000240262
B1828093645900N11905880WA0000000000000000000240214
B1828103645900N11905880WA0000000000000000000240197
B1828113645900N11905880WA-000100000000000001240206
B1828123645900N11905880WA-000100000000000002248208
B1828133645900N11905880WA-000200000000000004244187
B1828143645900N11905880WA-000400000000000006243193
B1828153645900N11905890WA-000600000000000010245200
B1828163645900N11905890WA-000300000000000014242193
B1828173645890N11905890WA-000400000000000021233171
B1828183645890N11905900WA-000200000000000024231194
B1828193645890N11905900WA-000300000000000024226173
B1828203645890N11905900WA-000300000000000022214174
B1828213645880N11905900WA-000400000000000021197166
B1828223645880N11905900WA-000500000000000022186160
B1828233645870N11905900WA-000600000000000024174156
B1828243645870N11905900WA-000600000000000026170174
B1828253645870N11905900WA-000600000000000026171161
B1828263645860N11905900WA-000700000000000029177168
B1828273645860N11905900WA-000700000000000031179159
B1828283645850N11905900WA-000800000000000034175145
B1828293645850N11905900WA-000800000000000033166141
B1828303645840N11905900WA-000900000000000032158150
B1828313645840N11905890WA-001000000000000032152149
B1828323645830N11905890WA-001100000000000033150156
B1828333645830N11905890WA-001100000000000033156171
B1828343645820N11905890WA-001100000000000031162182
B1828353645820N11905890WA-001100000000000031172194
B1828363645810N11905890WA-001100000000000031180199
B1828373645810N11905900WA-001100000000000032213208
B1828383645810N11905900WA-001000000000000030230230
B1828393645810N11905910WA-000800000000000029236227
B1828403645810N11905910WA-000600000000000027269243
B1828413645810N11905920WA-000400000000000024277240
B1828423645810N11905920WA-000200000000000025289275
B1828433645820N11905930WA-000100000000000027309278
B1828443645820N11905930WA0000000000000000030316292
B1828453645830N11905930WA0000000000000000030320284
B1828463645830N11905940WA0000000000000000028319306
B1828473645830N11905940WA0000000000000000029319297
B1828483645840N11905940WA-000100000000000032316296
B1828493645840N11905950WA-000100000000000036318292
B1828503645840N11905950WA-000100000000000035320294
B1828513645850N11905960WA-000200000000000031317297
B1828523645850N11905960WA-000200000000000030310300
B1828533645850N11905970WA-000200000000000032306306
B1828543645860N11905970WA-000100000000000034301294
B1828553645860N11905980WA-000100000000000034306287
B1828563645860N11905980WA0000000000000000036310294
B1828573645870N11905990WA0000000000000000035308291
B1828583645870N11905990WA0000200000000000036303313
B1828593645870N11906000WA0000300000000000038303314
B1829003645880N11906010WA0000600000000000039310317
B1829013645880N11906010WA0001000000000000040311314
B1829023645880N11906020WA0001300000000000039310302
B1829033645890N11906020WA0001400000000000037312322
B1829043645890N11906020WA0001400000000000033309305
B1829053645890N11906030WA0001200000000000030313315
B1829063645900N11906030WA0001000000000000027311307
B1829073645900N11906040WA0000800000000000030313292
B1829083645900N11906040WA0000700000000000030315295
B1829093645910N11906040WA0000400000000000033318283
B1829103645910N11906050WA0000300000000000034315290
B1829113645910N11906050WA0000100000000000033313289
B1829123645920N11906060WA-000100000000000034309291
B1829133645920N11906060WA-000300000000000035305295
B1829143645920N11906070WA-000400000000000035303287
B1829153645920N11906080WA-000500000000000034301290
B1829163645930N11906080WA-000600000000000033298284
B1829173645930N11906090WA-000700000000000034294285
B1829183645930N11906090WA-000700000000000035292267
B1829193645930N11906100WA-000800000000000034292278
B1829203645930N11906100WA-001000000000000032290276
B1829213645930N11906110WA-001100000000000030286275
B1829223645940N11906110WA-001300000000000030282277
B1829233645940N11906120WA-001300000000000032278271
B1829243645940N11906130WA-001300000000000034277273
B1829253645940N11906130WA-001300000000000034280286
B1829263645940N11906140WA-001200000000000031280278
B1829273645940N11906140WA-001100000000000028278259
B1829283645940N11906150WA-001000000000000026277287
B1829293645940N11906150WA-000900000000000027279287
B1829303645940N11906160WA-000800000000000030284304
B1829313645940N11906160WA-000700000000000031291304
B1829323645950N11906170WA-000800000000000034300298
B1829333645950N11906170WA-000900000000000033313307
B1829343645960N11906170WA-000900000000000033319299
E182934TPCWaypoint DNLNCH reached
B1829353645960N11906180WA-001000000000000033319290
B1829363645960N11906180WA-001000000000000035310297
B1829373645970N11906190WA-000800000000000037308282
B1829383645970N11906200WA-000500000000000039307275
B1829393645970N11906200WA-000400000000000037309274
B1829403645970N11906210WA-000200000000000026291279
B1829413645970N11906210WA-000100000000000024284269
B1829423645970N11906210WA0000000000000000021269272
B1829433645970N11906220WA0000000000000000019253273
B1829443645960N11906220WA0000000000000000022247237
B1829453645960N11906220WA0000100000000000026239236
B1829463645960N11906230WA0000300000000000027234238
B1829473645960N11906230WA0000500000000000026231230
B1829483645950N11906230WA0000500000000000024227239
B1829493645950N11906240WA0000500000000000019221242
B1829503645950N11906240WA0000500000000000022228243
B1829513645950N11906240WA0000500000000000025232240
B1829523645950N11906250WA0000500000000000027241230
B1829533645950N11906250WA0000500000000000026252242
B1829543645950N11906260WA0000800000000000026265245
B1829553645950N11906270WA0001100000000000027274261
B1829563645950N11906270WA0001200000000000028272262
B1829573645940N11906280WA0001300000000000028259276
B1829583645940N11906280WA0001500000000000025256282
B1829593645940N11906280WA0001700000000000022264285
B1830003645950N11906290WA0001600000000000023271289
B1830013645950N11906290WA0001700000000000032311294
B1830023645960N11906300WA0001700000000000032322296
B1830033645960N11906290WA0001600000000000030334339
B1830043645970N11906290WA0001500000000000032007349
B1830053645970N11906290WA0001400000000000034017018
B1830063645970N11906280WA0001000000000000034033022
B1830073645970N11906280WA0000900000000000032043043
B1830083645970N11906270WA0000700000000000029058046
B1830093645970N11906270WA0000800000000000031087071
B1830103645970N11906260WA0001000000000000039107071
B1830113645970N11906250WA0001100000000000036106115
B1830123645970N11906250WA0001400000000000034112115
B1830133645960N11906240WA0001500000000000031111119
B1830143645960N11906240WA0001600000000000031116128
B1830153645960N11906230WA0001700000000000033120126
B1830163645960N11906230WA0002000000000000036122136
B1830173645950N11906220WA0002300000000000034124139
B1830183645950N11906220WA0002400000000000031124141
B1830193645950N11906210WA0002500000000000029123143
B1830203645950N11906210WA0002500000000000028128149
B1830213645940N11906210WA0002600000000000026132149
B1830223645940N11906200WA0002800000000000027144154
B1830233645930N11906200WA0003100000000000027157163
B1830243645930N11906200WA0003600000000000027154173
B1830253645930N11906210WA0003800000000000023166174
B1830263645930N11906210WA0004000000000000016192179
B1830273645930N11906220WA0004100000000000015252178
B1830283645930N11906220WA0004400000000000018259243
B1830293645930N11906230WA0004800000000000017267243
B1830303645930N11906230WA0005000000000000024307257
B1830313645940N11906230WA0005100000000000032329257
B1830323645950N11906230WA0005400000000000035341324
B1830333645950N11906230WA0005900000000000038355339
B1830343645960N11906230WA0006100000000000035004339
B1830353645960N11906230WA0006200000000000034033005
B1830363645960N11906220WA0006400000000000037040005
B1830373645970N11906210WA0006700000000000039051045
B1830383645960N11906200WA0007000000000000037078057
B1830393645960N11906200WA0007200000000000040095087
B1830403645960N11906190WA0007400000000000037101087
B1830413645960N11906190WA0007600000000000033108111
B1830423645960N11906180WA0007600000000000026111111
B1830433645950N11906190WA0007800000000000020116125
B1830443645950N11906190WA0007900000000000015149134
B1830453645950N11906190WA0008300000000000017208134
B1830463645940N11906200WA0008900000000000019226134
B1830473645940N11906200WA0009200000000000019219215
B1830483645940N11906200WA0009500000000000015199211
B1830493645930N11906200WA0009700000000000015184209
B1830503645930N11906200WA0010100000000000019153186
B1830513645930N11906190WA0010500000000000023148183
B1830523645920N11906190WA0010600000000000026137169
B1830533645920N11906180WA0010600000000000026132164
B1830543645920N11906180WA0010500000000000026120170
B1830553645910N11906180WA0010500000000000029128175
B1830563645910N11906170WA0010600000000000031133177
B1830573645910N11906170WA0010700000000000025158180
B1830583645900N11906170WA0010800000000000026183174
B1830593645900N11906180WA0011100000000000023182205
B1831003645900N11906180WA0011300000000000018189202
B1831013645900N11906180WA0011400000000000015211200
B1831023645900N11906190WA0011400000000000015235200
B1831033645900N11906190WA0011400000000000017255234
B1831043645900N11906200WA0011300000000000019263233
B1831053645900N11906200WA0011400000000000020290253
B1831063645900N11906200WA0011600000000000020301252
B1831073645910N11906210WA0011600000000000021313252
B1831083645910N11906210WA0011600000000000021328293
B1831093645910N11906210WA0011600000000000021339293
B1831103645920N11906210WA0011400000000000025345293
B1831113645920N11906210WA0011600000000000029338331
B1831123645920N11906220WA0011900000000000029326339
B1831133645930N11906220WA0012100000000000029335320
B1831143645930N11906220WA0012100000000000028357331
B1831153645940N11906210WA0012300000000000032014326
B1831163645940N11906210WA0012500000000000032022015
B1831173645950N11906210WA0012700000000000033020021
B1831183645950N11906210WA0012700000000000035023026
B1831193645960N11906200WA0013000000000000038034027
B1831203645960N11906190WA0013400000000000040043044
B1831213645960N11906190WA0014000000000000045049053
B1831223645960N11906180WA0014300000000000037068053
B1831233645960N11906170WA0014500000000000032077081
B1831243645960N11906170WA0014500000000000029093091
B1831253645960N11906160WA0014600000000000029102091
B1831263645960N11906160WA0014900000000000034113119
B1831273645950N11906150WA0015000000000000034120120
B1831283645950N11906150WA0015100000000000031131135
B1831293645950N11906150WA0015200000000000027144136
B1831303645940N11906150WA0015300000000000026152136
B1831313645940N11906150WA0015300000000000022162169
B1831323645930N11906150WA0015400000000000020182169
B1831333645930N11906150WA0015600000000000023208195
B1831343645930N11906160WA0015700000000000024220195
B1831353645930N11906170WA0015900000000000023236222
B1831363645930N11906170WA0016300000000000020268234
B1831373645930N11906170WA0016500000000000022283234
B1831383645930N11906180WA0016700000000000022294234
B1831393645940N11906180WA0016900000000000023311278
B1831403645940N11906180WA0017000000000000025332292
B1831413645950N11906180WA0017000000000000034354292
B1831423645950N11906180WA0017300000000000034006341
B1831433645960N11906180WA0017500000000000036013341
B1831443645960N11906170WA0017700000000000036028004
B1831453645970N11906170WA0017900000000000036033022
B1831463645970N11906160WA0018100000000000036039028
B1831473645970N11906150WA0018300000000000036055037
B1831483645970N11906150WA0018500000000000033071057
B1831493645970N11906140WA0018600000000000034095057
B1831503645960N11906130WA0018600000000000035105107
E183150TPCWaypoint DNLNCH reached
B1831513645960N11906130WA0018700000000000035117117
B1831523645960N11906130WA0018700000000000031139117
B1831533645950N11906130WA0018800000000000029149117
B1831543645950N11906130WA0018800000000000026161164
B1831553645940N11906130WA0018900000000000027177164
B1831563645940N11906130WA0019100000000000026189189
B1831573645930N11906140WA0019100000000000026189189
B1831583645930N11906140WA0019200000000000025220199
B1831593645930N11906150WA0019300000000000027232199
B1832003645930N11906150WA0019500000000000027242232
B1832013645930N11906160WA0019600000000000025257232
B1832023645930N11906160WA0019600000000000028286250
B1832033645940N11906170WA0019600000000000028309250
B1832043645940N11906170WA0019600000000000031323294
B1832053645950N11906170WA0019600000000000031347294
B1832063645950N11906160WA0019600000000000034009333
B1832073645960N11906160WA0019600000000000035019359
B1832083645960N11906160WA0019600000000000036029010
B1832093645970N11906150WA0019700000000000036043010
B1832103645970N11906140WA0019900000000000038049047
B1832113645970N11906140WA0020000000000000037052059
B1832123645970N11906130WA0020000000000000034061062
B1832133645970N11906130WA0020100000000000034070075
B1832143645980N11906120WA0020200000000000035075074
B1832153645970N11906110WA0020200000000000034081087
B1832163645970N11906110WA0020200000000000033090095
B1832173645970N11906100WA0020400000000000034103094
B1832183645970N11906090WA0020500000000000034110118
B1832193645970N11906090WA0020500000000000032117126
B1832203645960N11906090WA0020400000000000029121126
B1832213645960N11906090WA0020400000000000029133139
B1832223645950N11906090WA0020300000000000027152139
B1832233645950N11906090WA0020400000000000027168167
B1832243645940N11906090WA0020300000000000028183168
B1832253645940N11906090WA0020300000000000026196193
B1832263645940N11906100WA0020400000000000026207193
B1832273645930N11906100WA0020300000000000027215213
B1832283645930N11906110WA0020500000000000029221219
B1832293645930N11906110WA0020600000000000029221223
B1832303645930N11906120WA0020500000000000027239223
B1832313645920N11906120WA0020400000000000027252238
B1832323645920N11906130WA0020400000000000026263248
B1832333645930N11906130WA0020300000000000027275257
B1832343645930N11906140WA0020200000000000028283266
B1832353645930N11906140WA0020100000000000030300273
B1832363645930N11906140WA0020100000000000030313273
B1832373645940N11906150WA0020000000000000027323273
B1832383645940N11906150WA0019700000000000028326313
B1832393645950N11906150WA0019400000000000027319313
B1832403645950N11906150WA0019000000000000028327311
B1832413645960N11906150WA0018700000000000030340310
B1832423645960N11906150WA0018500000000000032352331
B1832433645970N11906150WA0018300000000000033002331
B1832443645970N11906150WA0018000000000000033013354
B1832453645980N11906140WA0018000000000000035026354
B1832463645980N11906140WA0017900000000000033032026
B1832473645980N11906130WA0017800000000000032039029
B1832483645990N11906130WA0017700000000000033050047
B1832493645990N11906120WA0017600000000000037059058
B1832503645990N11906110WA0017500000000000041067070
B1832513645990N11906100WA0017400000000000042069087
B1832523646000N11906100WA0017600000000000042068083
B1832533646000N11906090WA0017700000000000044066102
B1832543646000N11906080WA0017800000000000043070095
B1832553646000N11906070WA0017800000000000042075100
B1832563646000N11906060WA0017900000000000042089105
B1832573645990N11906060WA0017800000000000042104115
B1832583645990N11906050WA0017900000000000040109126
B1832593645980N11906050WA0018000000000000038123131
B1833003645980N11906050WA0018000000000000036136142
B1833013645970N11906040WA0018200000000000036146142
B1833023645970N11906040WA0018200000000000035152163
B1833033645960N11906040WA0018100000000000030167162
B1833043645960N11906040WA0018200000000000029171181
B1833053645950N11906050WA0018000000000000030185182
B1833063645950N11906050WA0017900000000000034209197
B1833073645940N11906050WA0018000000000000031215197
B1833083645940N11906060WA0018100000000000031220221
B1833093645940N11906060WA0017900000000000023234225
B1833103645940N11906070WA0017700000000000020257225
B1833113645940N11906070WA0017500000000000022268253
B1833123645940N11906080WA0017300000000000023279253
B1833133645940N11906080WA0017100000000000025286274
B1833143645950N11906090WA0017000000000000026277271
B1833153645950N11906090WA0016800000000000027276268
B1833163645950N11906100WA0016700000000000027272270
B1833173645950N11906100WA0016400000000000025271265
B1833183645950N11906100WA0016200000000000023263274
B1833193645950N11906110WA0015900000000000022255279
B1833203645940N11906110WA0015900000000000025261270
B1833213645940N11906120WA0015700000000000027263270
B1833223645940N11906120WA0015800000000000028263269
B1833233645940N11906130WA0015800000000000027267268
B1833243645940N11906130WA0015800000000000023260271
B1833253645940N11906140WA0015700000000000022248284
B1833263645940N11906140WA0015700000000000025253283
B1833273645940N11906150WA0015600000000000025268287
B1833283645940N11906150WA0015600000000000025276292
B1833293645940N11906160WA0015500000000000025287292
B1833303645950N11906160WA0015500000000000024300304
B1833313645950N11906160WA0015400000000000028327310
B1833323645960N11906160WA0015300000000000030342308
B1833333645960N11906160WA0015600000000000034351338
B1833343645970N11906160WA0015300000000000035000336
B1833353645970N11906160WA0015300000000000037007353
B1833363645980N11906160WA0015200000000000034007359
B1833373645990N11906160WA0015000000000000034009014
B1833383645990N11906150WA0015000000000000036015012
B1833393646000N11906150WA0014700000000000038023020
B1833403646000N11906150WA0014600000000000039029028
B1833413646010N11906140WA0014500000000000041037030
B1833423646010N11906130WA0014500000000000043044043
B1833433646010N11906120WA0014400000000000042050050
B1833443646010N11906120WA0014500000000000044068054
B1833453646010N11906110WA0014500000000000044072055
B1833463646010N11906100WA0014500000000000043082077
B1833473646010N11906090WA0014600000000000041089093
B1833483646010N11906080WA0014500000000000039095105
B1833493646010N11906080WA0014400000000000035098111
B1833503646010N11906070WA0014000000000000033104114
B1833513646000N11906060WA0013500000000000036107124
B1833523646000N11906060WA0013200000000000040112128
B1833533646000N11906050WA0013000000000000046111137
B1833543645990N11906040WA0012900000000000046113140
B1833553645990N11906040WA0012700000000000041114141
B1833563645990N11906030WA0012400000000000036113147
B1833573645990N11906030WA0012200000000000032117148
B1833583645980N11906020WA0012000000000000034124155
B1833593645980N11906020WA0012000000000000038131163
B1834003645970N11906010WA0011900000000000038136167
B1834013645970N11906010WA0011900000000000037144170
B1834023645970N11906010WA0011900000000000031149169
B1834033645960N11906010WA0011900000000000023159161
B1834043645960N11906010WA0011800000000000018167184
B1834053645960N11906020WA0011900000000000016190183
B1834063645960N11906020WA0011900000000000017207211
B1834073645960N11906020WA0011900000000000017230213
B1834083645960N11906030WA0012000000000000017247211
B1834093645960N11906030WA0012000000000000016256254
B1834103645960N11906030WA0011900000000000016257254
B1834113645960N11906040WA0011800000000000015267259
B1834123645960N11906040WA0011600000000000019276267
B1834133645960N11906050WA0011600000000000025277260
B1834143645960N11906050WA0011600000000000029276263
B1834153645960N11906060WA0011800000000000028267265
B1834163645960N11906060WA0011800000000000027258252
B1834173645960N11906070WA0011900000000000024254260
B1834183645950N11906070WA0011800000000000023257250
B1834193645950N11906070WA0011800000000000024254244
B1834203645950N11906080WA0011800000000000024247242
B1834213645950N11906080WA0011700000000000022239252
B1834223645950N11906090WA0011600000000000021235241
B1834233645950N11906090WA0011500000000000022232239
B1834243645940N11906090WA0011400000000000026236237
B1834253645940N11906100WA0011500000000000030238235
B1834263645940N11906100WA0011500000000000030237241
B1834273645940N11906110WA0011600000000000025235232
B1834283645930N11906110WA0011500000000000021231236
B1834293645930N11906110WA0011400000000000022227244
B1834303645930N11906120WA0011300000000000025230241
B1834313645930N11906120WA0011300000000000027234252
B1834323645930N11906130WA0011300000000000026242260
B1834333645930N11906130WA0011100000000000022257262
B1834343645930N11906140WA0010900000000000024267262
B1834353645930N11906140WA0010800000000000028267269
B1834363645930N11906150WA0010800000000000031265286
B1834373645930N11906150WA0010700000000000028265277
B1834383645930N11906160WA0010600000000000025270294
B1834393645930N11906160WA0010500000000000026279288
B1834403645930N11906170WA0010600000000000029287290
B1834413645930N11906170WA0011000000000000028288284
B1834423645930N11906180WA0011500000000000030291284
B1834433645940N11906180WA0011800000000000036284290
B1834443645940N11906190WA0011900000000000021315294
B1834453645940N11906190WA0011800000000000018313285
B1834463645940N11906190WA0011900000000000028288304
B1834473645940N11906200WA0011900000000000030294299
B1834483645950N11906200WA0012000000000000034299304
B1834493645950N11906210WA0012200000000000034310314
B1834503645950N11906210WA0012400000000000030314323
B1834513645960N11906220WA0012400000000000028316329
B1834523645960N11906220WA0012300000000000026309324
B1834533645960N11906220WA0012200000000000026302334
B1834543645970N11906220WA0012200000000000027321337
B1834553645970N11906220WA0012300000000000032343332
B1834563645980N11906220WA0012400000000000039003333
B1834573645980N11906220WA0012400000000000036009006
B1834583645990N11906220WA0012400000000000034019008
B1834593646000N11906210WA0012300000000000035028028
B1835003646000N11906210WA0012200000000000036035038
B1835013646010N11906200WA0012200000000000042041049
B1835023646010N11906190WA0012200000000000049050060
B1835033646010N11906180WA0012300000000000049053067
B1835043646020N11906180WA0012500000000000046064074
B1835053646020N11906170WA0012500000000000040071081
B1835063646020N11906160WA0012500000000000036084089
B1835073646020N11906160WA0012500000000000038093099
B1835083646010N11906150WA0012500000000000040102100
B1835093646010N11906140WA0012700000000000040114117
B1835103646010N11906140WA0012800000000000037121129
B1835113646000N11906130WA0012900000000000034129129
B1835123646000N11906130WA0012900000000000033139145
B1835133646000N11906130WA0013100000000000033150145
B1835143645990N11906130WA0013100000000000032161146
B1835153645990N11906130WA0013300000000000031173176
B1835163645980N11906130WA0013400000000000029185176
B1835173645980N11906130WA0013600000000000025200198
B1835183645980N11906140WA0013800000000000023219198
B1835193645980N11906140WA0013900000000000023233229
B1835203645980N11906150WA0014100000000000024239230
B1835213645980N11906150WA0014200000000000027251245
B1835223645980N11906160WA0014400000000000025263244
B1835233645980N11906160WA0014500000000000023274264
B1835243645980N11906160WA0014500000000000022281268
B1835253645980N11906170WA0014500000000000022285274
B1835263645980N11906170WA0014500000000000023289290
B1835273645980N11906180WA0014400000000000025296292
B1835283645990N11906180WA0014500000000000032311300
B1835293645990N11906180WA0014600000000000035317317
B1835303646000N11906190WA0014700000000000035337320
B1835313646000N11906190WA0014800000000000032343339
B1835323646010N11906190WA0014700000000000034357342
B1835333646010N11906190WA0014500000000000035359358
B1835343646020N11906180WA0014400000000000036011358
B1835353646020N11906180WA0014500000000000038022011
B1835363646020N11906170WA0014700000000000041043009
B1835373646030N11906170WA0014500000000000035047047
B1835383646030N11906160WA0014400000000000035058050
B1835393646030N11906150WA0014200000000000041077064
B1835403646030N11906140WA0014000000000000044082087
B1835413646030N11906130WA0013900000000000050089091
B1835423646020N11906130WA0013800000000000051097098
B1835433646020N11906120WA0014100000000000043121107
B1835443646020N11906120WA0014300000000000036133133
B1835453646010N11906120WA0014400000000000034140132
B1835463646010N11906110WA0014400000000000029149159
B1835473646000N11906110WA0014300000000000029157171
B1835483646000N11906110WA0014300000000000032162180
B1835493645990N11906110WA0014400000000000035166179
B1835503645990N11906110WA0014600000000000036168187
B1835513645980N11906110WA0014700000000000032168185
B1835523645980N11906110WA0014600000000000027166178
B1835533645970N11906110WA0014600000000000028166172
B1835543645970N11906100WA0014500000000000034162165
B1835553645960N11906100WA0014700000000000038159151
B1835563645960N11906090WA0015000000000000044152144
B1835573645950N11906090WA0015200000000000040144129
B1835583645950N11906080WA0015300000000000037128127
B1835593645950N11906080WA0015400000000000039109107
B1836003645950N11906070WA0015400000000000041104107
B1836013645960N11906060WA0015700000000000046081082
B1836023645960N11906050WA0016000000000000048069067
B1836033645960N11906040WA0016200000000000047062052
B1836043645970N11906040WA0016400000000000038054044
B1836053645970N11906040WA0016500000000000032033038
B1836063645970N11906040WA0016500000000000025016038
B1836073645980N11906040WA0016600000000000022351040
B1836083645980N11906040WA0016700000000000024341326
B1836093645990N11906050WA0017100000000000028335326
B1836103645990N11906050WA0017200000000000027329314
B1836113645990N11906050WA0017200000000000022313315
B1836123645990N11906060WA0017200000000000019295315
B1836133645990N11906060WA0017300000000000020264280
B1836143645980N11906070WA0017600000000000023240280
B1836153645980N11906070WA0017700000000000023222235
B1836163645980N11906070WA0017700000000000021205233
B1836173645970N11906070WA0017700000000000019189234
B1836183645970N11906070WA0017700000000000020183197
B1836193645960N11906070WA0017800000000000027173197
B1836203645960N11906060WA0018000000000000032166179
B1836213645950N11906060WA0018200000000000039152170
B1836223645950N11906050WA0018100000000000036147155
B1836233645950N11906050WA0018000000000000037115151
B1836243645950N11906040WA0018100000000000038106151
B1836253645950N11906030WA0018200000000000041080109
B1836263645960N11906020WA0018400000000000045072079
B1836273645960N11906010WA0018600000000000043065070
B1836283645970N11906010WA0018800000000000039053062
B1836293645970N11906010WA0018900000000000034034048
B1836303645980N11906010WA0018900000000000031022048
B1836313645980N11906010WA0018800000000000030014008
B1836323645980N11906010WA0018800000000000028005008
B1836333645990N11906010WA0018900000000000025359008
B1836343645990N11906010WA0019000000000000027329340
B1836353645990N11906020WA0019200000000000024323340
B1836363645990N11906020WA0019200000000000023307306
B1836373645990N11906020WA0019200000000000019275306
B1836383645990N11906030WA0019100000000000019246306
B1836393645980N11906030WA0019100000000000026206246
B1836403645980N11906030WA0019300000000000030183215
B1836413645970N11906020WA0019400000000000033162215
B1836423645970N11906020WA0019500000000000037146175
B1836433645970N11906010WA0019500000000000040122175
B1836443645970N11906000WA0019500000000000043104132
B1836453645970N11905990WA0019400000000000048087111
B1836463645970N11905980WA0019400000000000048063091
B1836473645980N11905980WA0019500000000000049055062
B1836483645980N11905980WA0019600000000000044043052
B1836493645990N11905970WA0019600000000000039023052
B1836503645990N11905970WA0019600000000000032012014
B1836513646000N11905970WA0019600000000000029002014
B1836523646000N11905970WA0019600000000000031350344
B1836533646000N11905980WA0019600000000000031344340
B1836543646010N11905980WA0019600000000000027331322
B1836553646010N11905980WA0019500000000000023318309
B1836563646010N11905990WA0019500000000000019309305
B1836573646010N11905990WA0019400000000000019308291
B1836583646010N11905990WA0019200000000000018298286
B1836593646010N11905990WA0019100000000000018290293
B1837003646020N11906000WA0019000000000000020284303
B1837013646020N11906000WA0018800000000000023291291
B1837023646020N11906010WA0018900000000000025301290
B1837033646020N11906010WA0018800000000000027312279
B1837043646020N11906010WA0018700000000000023310256
B1837053646020N11906020WA0018400000000000023303247
B1837063646020N11906020WA0018200000000000021283241
B1837073646020N11906020WA0018200000000000021256240
B1837083646020N11906020WA0018300000000000021240252
B1837093646010N11906020WA0018400000000000019220254
B1837103646010N11906020WA0018500000000000023172216
B1837113646000N11906020WA0018400000000000027161220
B1837123646000N11906010WA0018200000000000025157179
B1837133645990N11906010WA0018000000000000028153176
B1837143645990N11906010WA0017900000000000030153171
B1837153645980N11906000WA0017800000000000034156176
B1837163645970N11906000WA0017900000000000041155179
B1837173645970N11905990WA0017900000000000041150168
B1837183645960N11905990WA0017800000000000036147158
B1837193645960N11905990WA0017700000000000033148153
B1837203645950N11905980WA0017500000000000035147149
B1837213645950N11905980WA0017600000000000040144143
B1837223645940N11905970WA0017600000000000043138164
B1837233645940N11905960WA0017700000000000044135162
B1837243645940N11905960WA0017500000000000039136168
B1837253645930N11905960WA0017300000000000037140173
B1837263645930N11905950WA0017000000000000036144166
B1837273645920N11905950WA0016800000000000036148171
B1837283645920N11905950WA0016700000000000035153174
B1837293645910N11905940WA0016600000000000037155166
B1837303645910N11905940WA0016400000000000037155165
B1837313645900N11905940WA0016200000000000036150162
B1837323645900N11905930WA0016100000000000036145166
B1837333645890N11905930WA0015900000000000039143160
B1837343645890N11905930WA0015900000000000038145167
B1837353645880N11905920WA0015700000000000036148162
B1837363645880N11905920WA0015600000000000033148171
B1837373645880N11905920WA0015400000000000033148176
B1837383645870N11905910WA0015300000000000035152171
B1837393645870N11905910WA0015200000000000038156167
B1837403645860N11905910WA0015100000000000040159178
B1837413645850N11905910WA0015000000000000039160164
B1837423645850N11905900WA0014900000000000037158167
B1837433645850N11905900WA0014800000000000035155143
B1837443645840N11905900WA0014700000000000034149124
B1837453645840N11905890WA0014500000000000035140107
B1837463645840N11905890WA0014200000000000034127097
B1837473645840N11905880WA0013800000000000035110094
B1837483645840N11905870WA0013800000000000038086074
B1837493645850N11905870WA0013800000000000036066057
B1837503645850N11905870WA0014100000000000032046039
B1837513645860N11905870WA0014200000000000026030044
B1837523645860N11905870WA0014200000000000026359005
B1837533645860N11905870WA0014000000000000024353007
B1837543645870N11905870WA0013800000000000023348008
B1837553645870N11905880WA0013700000000000024340322
B1837563645880N11905880WA0013700000000000028328317
B1837573645880N11905890WA0013700000000000029325315
B1837583645880N11905890WA0013600000000000031321310
B1837593645890N11905890WA0013200000000000028316316
B1838003645890N11905900WA0013100000000000023310308
B1838013645890N11905900WA0012800000000000026307304
B1838023645900N11905910WA0012800000000000030309305
B1838033645900N11905910WA0012600000000000034307305
B1838043645900N11905920WA0012400000000000031301309
B1838053645900N11905920WA0012000000000000029298314
B1838063645910N11905930WA0011900000000000032300317
B1838073645910N11905930WA0011800000000000037310314
B1838083645920N11905940WA0011700000000000039309310
B1838093645920N11905940WA0011700000000000036314308
B1838103645920N11905950WA0011400000000000032309305
B1838113645930N11905950WA0011000000000000031309309
B1838123645930N11905950WA0010800000000000028309308
B1838133645930N11905960WA0010500000000000027310303
B1838143645940N11905960WA0010400000000000031307303
B1838153645940N11905970WA0010500000000000033305298
B1838163645940N11905970WA0010500000000000035307306
B1838173645950N11905980WA0010400000000000036311300
B1838183645950N11905980WA0010200000000000033310291
B1838193645950N11905990WA0010100000000000031303293
B1838203645950N11905990WA0010200000000000032301291
B1838213645960N11906000WA0010100000000000035305299
B1838223645960N11906000WA0010100000000000034311288
B1838233645970N11906010WA0009900000000000031312299
B1838243645970N11906010WA0009800000000000029310296
B1838253645970N11906010WA0009700000000000027311294
B1838263645980N11906020WA0009600000000000028318306
B1838273645980N11906020WA0009500000000000033323305
B1838283645980N11906020WA0009600000000000037327307
B1838293645990N11906030WA0009600000000000038329303
B1838303645990N11906030WA0009600000000000035331297
B1838313646000N11906030WA0009600000000000031326288
B1838323646000N11906040WA0009600000000000029317293
B1838333646000N11906040WA0009600000000000032307290
B1838343646010N11906050WA0009700000000000034305287
B1838353646010N11906060WA0009900000000000033303277
B1838363646010N11906060WA0010000000000000030300286
B1838373646010N11906060WA0009900000000000027295284
B1838383646010N11906070WA0010000000000000025285269
B1838393646010N11906080WA0010100000000000027280266
B1838403646010N11906080WA0010300000000000030274261
B1838413646010N11906090WA0010600000000000029272255
B1838423646010N11906090WA0010900000000000027273242
B1838433646010N11906100WA0011100000000000032274254
B1838443646010N11906100WA0011100000000000025267235
B1838453646010N11906100WA0011100000000000021274237
B1838463646010N11906110WA0010900000000000018249231
B1838473646010N11906110WA0011300000000000020235221
B1838483646000N11906110WA0011500000000000020225233
B1838493646000N11906110WA0011800000000000022223217
B1838503646000N11906110WA0012000000000000022224213
B1838513646000N11906110WA0011900000000000017203214
B1838523645990N11906110WA0011800000000000020183215
B1838533645990N11906100WA0011800000000000024169193
B1838543645980N11906100WA0012100000000000035141180
B1838553645980N11906090WA0012400000000000037137146
B1838563645980N11906080WA0012700000000000037120139
B1838573645980N11906080WA0012700000000000036105125
B1838583645980N11906070WA0012800000000000037096124
B1838593645980N11906060WA0012800000000000041087095
B1839003645980N11906050WA0012900000000000042079086
B1839013645980N11906050WA0013100000000000045062075
B1839023645990N11906040WA0013200000000000046055076
B1839033645990N11906040WA0013300000000000041044047
B1839043646000N11906030WA0013300000000000037030047
B1839053646000N11906030WA0013200000000000035025014
B1839063646010N11906030WA0013000000000000033023013
B1839073646010N11906030WA0012900000000000032015005
B1839083646020N11906030WA0013100000000000038350005
B1839093646020N11906030WA0013200000000000040346331
B1839103646030N11906040WA0013400000000000044341325
B1839113646040N11906040WA0013600000000000044336320
B1839123646040N11906040WA0013700000000000043343309
B1839133646040N11906050WA0013900000000000036340311
B1839143646040N11906050WA0014000000000000026313312
B1839153646050N11906060WA0013900000000000030284314
B1839163646050N11906060WA0013900000000000034281268
B1839173646050N11906070WA0014000000000000036279270
B1839183646050N11906080WA0014300000000000027299262
B1839193646040N11906080WA0014500000000000020274269
B1839203646040N11906080WA0014700000000000019258257
B1839213646040N11906090WA0014600000000000021254253
B1839223646040N11906090WA0014600000000000028245242
B1839233646040N11906100WA0014600000000000026245233
B1839243646040N11906100WA0014800000000000032239227
B1839253646030N11906110WA0014900000000000032239224
B1839263646030N11906110WA0014800000000000024234216
B1839273646030N11906110WA0014600000000000016228216
B1839283646030N11906110WA0014500000000000014212229
B1839293646020N11906110WA0014400000000000021204223
B1839303646020N11906120WA0014600000000000022203215
B1839313646010N11906120WA0014600000000000025201218
B1839323646010N11906120WA0015000000000000026208217
B1839333646010N11906130WA0015200000000000029215215
B1839343646000N11906130WA0015400000000000030218213
B1839353646000N11906130WA0015500000000000027218210
B1839363646000N11906130WA0015500000000000024211212
B1839373646000N11906130WA0015700000000000024203202
B1839383645990N11906130WA0015900000000000026200201
B1839393645990N11906140WA0016200000000000027195188
B1839403645980N11906140WA0016500000000000029193196
B1839413645980N11906140WA0016700000000000028183199
B1839423645970N11906140WA0016800000000000028175209
B1839433645970N11906140WA0016800000000000028182202
B1839443645960N11906140WA0017100000000000033189199
B1839453645960N11906140WA0017400000000000034189184
B1839463645950N11906140WA0017700000000000033182183
B1839473645950N11906140WA0018000000000000030172171
B1839483645950N11906130WA0018300000000000028160160
B1839493645940N11906130WA0018300000000000027148153
B1839503645940N11906130WA0018200000000000028137157
B1839513645940N11906120WA0018200000000000032138138
B1839523645930N11906120WA0018200000000000038138139
B1839533645930N11906110WA0018200000000000041135123
B1839543645920N11906100WA0018200000000000043126115
B1839553645920N11906090WA0018300000000000045117110
B1839563645920N11906090WA0018400000000000047111097
B1839573645920N11906080WA0018500000000000046107093
B1839583645920N11906070WA0018500000000000042101078
B1839593645920N11906060WA0018500000000000041096076
B1840003645920N11906060WA0018500000000000041089069
B1840013645920N11906050WA0018400000000000040079083
B1840023645920N11906050WA0018300000000000036066066
B1840033645930N11906040WA0018300000000000035051065
B1840043645930N11906040WA0018200000000000034042039
B1840053645940N11906030WA0018000000000000035037039
B1840063645940N11906030WA0017800000000000035028023
B1840073645950N11906030WA0017800000000000036009025
B1840083645960N11906030WA0017800000000000036354352
B1840093645960N11906040WA0017700000000000033353337
B1840103645970N11906040WA0017700000000000033355332
B1840113645970N11906040WA0017600000000000033353333
B1840123645970N11906040WA0017400000000000032345326
B1840133645980N11906040WA0017300000000000032333328
B1840143645980N11906050WA0017200000000000035329321
B1840153645990N11906050WA0017200000000000038336321
B1840163645990N11906050WA0017200000000000037338313
B1840173646000N11906060WA0017200000000000035334306
B1840183646000N11906060WA0017200000000000033324306
B1840193646000N11906060WA0017300000000000031309298
B1840203646010N11906070WA0017400000000000029309299
B1840213646010N11906070WA0017500000000000029302281
B1840223646010N11906080WA0017600000000000027298269
B1840233646010N11906080WA0017900000000000026302267
B1840243646010N11906090WA0018000000000000023301265
B1840253646010N11906090WA0018200000000000018287273
B1840263646010N11906090WA0018300000000000018260264
B1840273646010N11906100WA0018300000000000016244262
B1840283646010N11906100WA0018200000000000013256251
B1840293646010N11906100WA0018200000000000013266245
B1840303646010N11906110WA0018100000000000018250223
B1840313646000N11906110WA0018100000000000023240225
B1840323646000N11906110WA0018100000000000029228213
B1840333645990N11906120WA0018300000000000032205218
B1840343645990N11906120WA0018400000000000031203206
B1840353645990N11906120WA0018700000000000030200207
B1840363645980N11906120WA0018800000000000031198197
B1840373645970N11906120WA0018900000000000031188187
B1840383645970N11906120WA0019000000000000034183182
B1840393645960N11906120WA0019100000000000037179184
B1840403645960N11906120WA0019300000000000039175173
B1840413645950N11906120WA0019600000000000039170175
B1840423645950N11906120WA0019800000000000033167167
B1840433645940N11906110WA0019800000000000028160163
B1840443645940N11906110WA0019800000000000026154157
B1840453645940N11906110WA0019600000000000029150146
B1840463645930N11906100WA0019400000000000035149154
B1840473645930N11906100WA0019500000000000039146152
B1840483645920N11906090WA0019700000000000042140143
B1840493645920N11906090WA0019500000000000039136131
B1840503645910N11906080WA0019300000000000036135134
B1840513645910N11906080WA0019100000000000035129121
B1840523645910N11906070WA0018800000000000038128118
B1840533645900N11906060WA0018700000000000042127114
B1840543645900N11906050WA0018500000000000044120113
B1840553645900N11906050WA0018300000000000049107112
B1840563645900N11906040WA0018100000000000048103118
B1840573645900N11906030WA0017800000000000047104119
B1840583645900N11906020WA0017300000000000046107115
B1840593645890N11906010WA0017200000000000047111117
B1841003645890N11906000WA0016900000000000047114120
B1841013645890N11906000WA0016800000000000047112119
B1841023645890N11905990WA0016900000000000047107112
B1841033645880N11905980WA0016800000000000046104115
B1841043645880N11905970WA0016700000000000041108109
B1841053645880N11905970WA0016600000000000038111104
B1841063645880N11905960WA0016400000000000037105088
B1841073645880N11905950WA0016100000000000039096058
B1841083645880N11905950WA0015800000000000039087059
B1841093645880N11905940WA0015500000000000040079051
B1841103645890N11905940WA0015200000000000037065038
B1841113645890N11905930WA0015100000000000035043034
B1841123645900N11905930WA0015200000000000037022011
B1841133645910N11905940WA0015200000000000035011358
B1841143645910N11905940WA0015200000000000032345352
B1841153645910N11905940WA0015100000000000027338351
B1841163645920N11905950WA0014800000000000023331353
B1841173645920N11905950WA0014700000000000023316313
B1841183645920N11905950WA0014800000000000030319316
B1841193645930N11905960WA0015000000000000034321321
B1841203645930N11905960WA0015200000000000038334317
B1841213645940N11905960WA0015200000000000035339320
B1841223645940N11905960WA0015200000000000030340319
B1841233645950N11905970WA0015000000000000029338328
B1841243645950N11905970WA0014900000000000024335321
B1841253645950N11905970WA0014900000000000030330324
B1841263645960N11905970WA0014800000000000034334326
B1841273645960N11905980WA0014900000000000035337317
B1841283645970N11905980WA0014800000000000034337321
B1841293645970N11905980WA0014600000000000032333313
B1841303645980N11905980WA0014500000000000032331315
B1841313645980N11905990WA0014400000000000033329313
B1841323645990N11905990WA0014300000000000035330310
B1841333645990N11905990WA0014300000000000038328315
B1841343646000N11906000WA0014400000000000040326308
B1841353646000N11906000WA0014400000000000036323307
B1841363646000N11906010WA0014300000000000031318310
B1841373646010N11906010WA0014300000000000027311308
B1841383646010N11906010WA0014200000000000027308314
B1841393646010N11906020WA0014200000000000026316312
B1841403646020N11906020WA0014100000000000026325330
B1841413646020N11906020WA0014100000000000031331330
B1841423646030N11906020WA0014100000000000034336331
B1841433646030N11906020WA0014300000000000034345333
B1841443646040N11906020WA0014300000000000034355338
B1841453646040N11906030WA0014300000000000035357317
B1841463646050N11906030WA0014400000000000036348324
B1841473646050N11906030WA0014400000000000037340299
B1841483646050N11906030WA0014500000000000035331296
B1841493646060N11906040WA0014400000000000030325302
B1841503646060N11906040WA0014400000000000025313283
B1841513646060N11906050WA0014400000000000023299288
B1841523646060N11906050WA0014400000000000024285274
B1841533646060N11906060WA0014500000000000024275274
B1841543646060N11906060WA0014700000000000024264262
B1841553646060N11906060WA0014800000000000021256262
B1841563646060N11906070WA0015000000000000023255256
B1841573646060N11906070WA0015200000000000026258250
B1841583646060N11906080WA0015400000000000026252245
B1841593646050N11906080WA0015500000000000027240235
B1842003646050N11906080WA0015500000000000028230252
B1842013646050N11906090WA0015500000000000026220241
B1842023646040N11906090WA0015300000000000023217242
B1842033646040N11906090WA0014800000000000021214238
B1842043646040N11906090WA0014500000000000020219228
B1842053646040N11906100WA0014100000000000020224209
B1842063646030N11906100WA0014000000000000025224205
B1842073646030N11906100WA0013900000000000030218211
B1842083646020N11906100WA0013700000000000034204211
B1842093646020N11906100WA0013800000000000034191203
B1842103646010N11906100WA0013600000000000032187205
B1842113646010N11906110WA0013600000000000032190198
B1842123646000N11906110WA0013500000000000035188209
B1842133646000N11906110WA0013400000000000036188214
B1842143645990N11906110WA0013300000000000032195219
B1842153645990N11906110WA0013100000000000028204227
B1842163645990N11906120WA0013000000000000025213220
B1842173645980N11906120WA0012700000000000024214227
B1842183645980N11906120WA0012500000000000026212223
B1842193645980N11906130WA0012300000000000030216223
B1842203645970N11906130WA0012200000000000032221224
B1842213645970N11906130WA0012000000000000033218224
B1842223645960N11906140WA0011900000000000034213231
B1842233645960N11906140WA0011700000000000034214239
B1842243645960N11906150WA0011500000000000033220242
B1842253645950N11906150WA0011200000000000033226227
B1842263645950N11906150WA0010900000000000033225231
B1842273645940N11906160WA0010500000000000034220235
B1842283645940N11906160WA0010300000000000037216247
B1842293645940N11906170WA0010200000000000039222243
B1842303645930N11906170WA0010200000000000041223243
B1842313645930N11906180WA0010300000000000043225235
B1842323645920N11906190WA0010300000000000042229237
B1842333645920N11906190WA0010300000000000040229241
B1842343645920N11906200WA0010200000000000034227245
B1842353645910N11906200WA0010000000000000031229246
B1842363645910N11906210WA0009800000000000034232242
B1842373645910N11906210WA0009900000000000038232243
B1842383645900N11906220WA0009800000000000040231253
B1842393645900N11906220WA0009800000000000039235253
B1842403645900N11906230WA0009700000000000036241258
B1842413645900N11906230WA0009500000000000034247260
B1842423645890N11906240WA0009500000000000034250260
B1842433645890N11906250WA0009400000000000034247253
B1842443645890N11906250WA0009500000000000035243248
B1842453645890N11906260WA0009500000000000035242251
B1842463645880N11906260WA0009600000000000035246252
B1842473645880N11906270WA0009600000000000037246237
B1842483645880N11906280WA0009900000000000040245233
B1842493645880N11906280WA0010100000000000041243242
B1842503645870N11906290WA0010300000000000037242252
B1842513645870N11906300WA0010400000000000035240256
B1842523645870N11906300WA0010600000000000036241244
B1842533645870N11906310WA0010600000000000035242252
B1842543645860N11906310WA0010600000000000029241264
B1842553645860N11906320WA0010500000000000029236240
B1842563645860N11906320WA0010100000000000029235254
B1842573645860N11906330WA0010100000000000028233233
B1842583645850N11906330WA0010200000000000029231245
B1842593645850N11906330WA0010400000000000030226238
B1843003645850N11906340WA0010600000000000031226238
B1843013645840N11906340WA0010700000000000030227242
B1843023645840N11906340WA0010700000000000026222243
B1843033645840N11906350WA0010700000000000026215239
B1843043645830N11906350WA0010700000000000028212227
B1843053645830N11906350WA0010800000000000028213237
B1843063645830N11906360WA0010900000000000026215230
B1843073645820N11906360WA0010900000000000024214226
B1843083645820N11906360WA0010700000000000023207222
B1843093645820N11906360WA0010600000000000024199218
B1843103645810N11906360WA0010500000000000026195214
B1843113645810N11906360WA0010300000000000028196219
B1843123645810N11906370WA0010100000000000028199216
B1843133645800N11906370WA0009900000000000030199216
B1843143645800N11906370WA0009800000000000032199212
B1843153645790N11906370WA0009800000000000035198219
B1843163645790N11906370WA0009700000000000035196203
B1843173645780N11906370WA0009600000000000032191198
B1843183645780N11906380WA0009400000000000027188205
B1843193645770N11906380WA0009300000000000028190207
B1843203645770N11906380WA0009100000000000032190203
B1843213645760N11906380WA0009200000000000033188211
B1843223645760N11906380WA0009200000000000038190201
B1843233645750N11906380WA0009200000000000036189200
B1843243645750N11906380WA0009200000000000032188201
B1843253645740N11906380WA0009200000000000034187200
B1843263645740N11906380WA0009300000000000038186197
B1843273645730N11906380WA0009500000000000041187205
B1843283645730N11906380WA0009700000000000041187201
B1843293645720N11906380WA0009800000000000039186201
B1843303645710N11906380WA0010100000000000038182200
B1843313645710N11906380WA0010300000000000036182166
B1843323645700N11906380WA0010400000000000036174148
B1843333645700N11906380WA0010400000000000038167137
B1843343645690N11906370WA0010400000000000041148128
B1843353645690N11906360WA0010500000000000040140111
B1843363645690N11906360WA0010600000000000034124107
B1843373645690N11906350WA0010800000000000030090109
B1843383645700N11906340WA0010900000000000034068071
B1843393645700N11906340WA0010900000000000030058051
B1843403645700N11906330WA0011000000000000026048052
B1843413645710N11906330WA0010900000000000024033033
B1843423645710N11906330WA0010900000000000028019010
B1843433645720N11906330WA0010900000000000033010005
B1843443645720N11906330WA0010900000000000030003343
B1843453645730N11906330WA0010900000000000025354344
B1843463645730N11906330WA0010900000000000025345324
B1843473645730N11906330WA0010800000000000027335320
B1843483645740N11906340WA0011000000000000027326322
B1843493645740N11906340WA0010900000000000025318300
B1843503645740N11906350WA0011300000000000025309298
B1843513645740N11906350WA0011500000000000024293292
B1843523645740N11906350WA0011600000000000023278286
B1843533645740N11906360WA0011600000000000020260285
B1843543645740N11906360WA0011500000000000020249257
B1843553645730N11906360WA0011300000000000019244249
B1843563645730N11906370WA0011100000000000019223242
B1843573645730N11906370WA0010800000000000020216225
B1843583645720N11906370WA0010600000000000023209219
B1843593645710N11906370WA0010400000000000034193208
B1844003645710N11906360WA0010500000000000044175192
B1844013645700N11906360WA0010700000000000048167176
B1844023645690N11906350WA0010900000000000053156163
B1844033645690N11906350WA0011000000000000047151151
B1844043645680N11906340WA0011000000000000044146150
B1844053645680N11906340WA0010800000000000043135142
B1844063645680N11906330WA0010700000000000045122141
B1844073645670N11906320WA0010600000000000052111116
B1844083645670N11906310WA0010900000000000052105103
B1844093645670N11906300WA0011100000000000051098097
B1844103645680N11906290WA0011100000000000042077088
B1844113645680N11906280WA0011300000000000039070058
B1844123645680N11906280WA0011300000000000036070047
B1844133645680N11906270WA0011200000000000035065040
B1844143645690N11906270WA0011200000000000034059031
B1844153645690N11906260WA0011200000000000033049023
B1844163645700N11906260WA0011300000000000033037013
B1844173645700N11906260WA0011200000000000030025009
B1844183645700N11906260WA0010900000000000030021012
B1844193645710N11906260WA0010600000000000027016010
B1844203645710N11906250WA0010400000000000030016002
B1844213645720N11906250WA0010300000000000034014006
B1844223645730N11906250WA0010300000000000039014008
B1844233645730N11906250WA0010500000000000040012003
B1844243645740N11906250WA0010400000000000036012004
B1844253645740N11906250WA0010100000000000031011356
B1844263645740N11906250WA0010000000000000029006357
B1844273645750N11906250WA0009700000000000028004356
B1844283645760N11906250WA0009700000000000032003352
B1844293645760N11906250WA0009800000000000036002346
B1844303645770N11906250WA0009700000000000037356350
B1844313645770N11906250WA0009500000000000031356353
B1844323645780N11906250WA0009200000000000027357356
B1844333645780N11906250WA0008900000000000026002358
B1844343645790N11906250WA0008600000000000028003339
B1844353645790N11906250WA0008300000000000035002346
B1844363645800N11906250WA0008100000000000039357345
B1844373645800N11906250WA0008000000000000039352353
B1844383645810N11906250WA0007800000000000037352353
B1844393645810N11906250WA0007600000000000036354354
B1844403645820N11906250WA0007500000000000038355352
B1844413645830N11906250WA0007400000000000040354350
B1844423645830N11906250WA0007300000000000039350343
B1844433645840N11906260WA0007100000000000037345346
B1844443645840N11906260WA0006900000000000035342346
B1844453645850N11906260WA0006800000000000036347345
B1844463645850N11906260WA0006600000000000039350345
B1844473645860N11906260WA0006600000000000042350341
B1844483645870N11906260WA0006500000000000043348332
B1844493645870N11906260WA0006500000000000043348335
B1844503645880N11906270WA0006600000000000038343336
B1844513645880N11906270WA0006500000000000037344331
B1844523645890N11906270WA0006600000000000036340331
B1844533645890N11906270WA0006700000000000035335334
B1844543645900N11906280WA0006700000000000032332336
B1844553645900N11906280WA0006700000000000029332332
B1844563645900N11906280WA0007000000000000030338312
B1844573645910N11906280WA0007100000000000031333303
B1844583645910N11906290WA0007300000000000031326298
B1844593645910N11906290WA0007500000000000025312312
B1845003645910N11906300WA0007600000000000023304317
B1845013645920N11906300WA0007800000000000023308326
B1845023645920N11906300WA0008200000000000024315307
B1845033645920N11906310WA0008500000000000025319302
B1845043645920N11906310WA0008800000000000028320281
B1845053645930N11906310WA0009000000000000025317309
B1845063645930N11906320WA0009100000000000023311291
B1845073645930N11906320WA0009300000000000025300279
B1845083645930N11906320WA0009500000000000025290290
B1845093645930N11906330WA0009600000000000022288286
B1845103645930N11906330WA0009700000000000019287269
B1845113645930N11906340WA0009700000000000016289265
B1845123645930N11906340WA0009600000000000015282267
B1845133645930N11906340WA0009500000000000017264254
B1845143645930N11906350WA0009400000000000020254269
B1845153645930N11906350WA0009600000000000025256248
B1845163645930N11906360WA0009700000000000028254258
B1845173645930N11906360WA0009800000000000029246235
B1845183645930N11906360WA0010000000000000025237242
B1845193645920N11906370WA0010000000000000023227248
B1845203645920N11906370WA0010100000000000023221229
B1845213645910N11906370WA0010100000000000026213237
B1845223645910N11906370WA0010100000000000029202225
B1845233645900N11906380WA0010200000000000032191226
B1845243645900N11906370WA0010100000000000034183205
B1845253645890N11906370WA0010000000000000036175197
B1845263645890N11906370WA0009900000000000036175188
B1845273645880N11906370WA0009800000000000039163190
B1845283645880N11906360WA0009600000000000042157177
B1845293645870N11906360WA0009500000000000042152170
B1845303645870N11906350WA0009400000000000041146164
B1845313645870N11906350WA0009400000000000041136158
B1845323645860N11906340WA0009200000000000040131158
B1845333645860N11906330WA0009100000000000041124138
B1845343645860N11906330WA0009000000000000042115129
B1845353645860N11906320WA0009000000000000043109129
B1845363645860N11906310WA0009000000000000041098107
B1845373645860N11906300WA0008900000000000042080093
B1845383645860N11906300WA0008800000000000040072064
B1845393645870N11906290WA0008600000000000040068059
B1845403645870N11906280WA0008700000000000040061041
B1845413645870N11906280WA0008700000000000042054035
B1845423645880N11906270WA0008900000000000043048037
B1845433645880N11906270WA0008900000000000042044022
B1845443645890N11906260WA0009000000000000039042034
B1845453645890N11906260WA0009100000000000035044026
B1845463645890N11906250WA0009100000000000034041026
B1845473645900N11906250WA0009200000000000034040026
B1845483645900N11906250WA0009300000000000034043036
B1845493645910N11906240WA0009300000000000035044026
B1845503645910N11906240WA0009400000000000034042029
B1845513645910N11906230WA0009400000000000034038029
B1845523645920N11906230WA0009500000000000036035036
B1845533645920N11906220WA0009600000000000039035042
B1845543645930N11906220WA0009800000000000039038030
B1845553645930N11906220WA0009900000000000036042032
B1845563645930N11906210WA0009800000000000030042026
B1845573645940N11906210WA0009600000000000027040022
B1845583645940N11906210WA0009600000000000030037005
B1845593645950N11906200WA0009600000000000034027345
B1846003645950N11906200WA0009800000000000035014335
B1846013645960N11906210WA0009900000000000033358330
B1846023645960N11906210WA0010000000000000031338315
B1846033645970N11906210WA0010200000000000032334315
B1846043645970N11906220WA0010400000000000033328299
B1846053645970N11906220WA0010700000000000032322285
B1846063645970N11906230WA0010700000000000027303283
B1846073645970N11906230WA0010700000000000026287272
B1846083645970N11906230WA0010700000000000026287273
B1846093645960N11906240WA0010900000000000020245278
B1846103645960N11906240WA0010700000000000018222248
B1846113645960N11906240WA0010500000000000019201251
B1846123645950N11906240WA0010400000000000021196253
B1846133645950N11906240WA0010200000000000026195219
B1846143645940N11906240WA0010200000000000031195219
B1846153645940N11906240WA0010100000000000031198207
B1846163645930N11906250WA0010200000000000031200198
B1846173645930N11906250WA0010300000000000035195208
B1846183645920N11906250WA0010400000000000037189193
B1846193645920N11906250WA0010600000000000037184189
B1846203645910N11906250WA0010800000000000039177189
B1846213645900N11906240WA0010900000000000041170182
B1846223645900N11906240WA0010900000000000037165171
B1846233645900N11906240WA0010800000000000034157172
B1846243645890N11906230WA0010700000000000033152172
B1846253645890N11906220WA0010500000000000032144160
B1846263645890N11906210WA0010400000000000033126152
B1846273645890N11906200WA0010400000000000042097130
B1846283645900N11906190WA0010600000000000046072093
B1846293645900N11906190WA0010600000000000042065063
B1846303645900N11906180WA0010500000000000039066063
B1846313645900N11906180WA0010400000000000029055050
B1846323645910N11906170WA0010300000000000028046047
B1846333645910N11906170WA0010200000000000031037022
B1846343645920N11906170WA0010200000000000032031012
B1846353645920N11906170WA0010100000000000033024357
B1846363645930N11906170WA0010000000000000032013353
B1846373645930N11906170WA0009900000000000032000345
B1846383645940N11906170WA0009800000000000031348339
B1846393645940N11906170WA0009700000000000030344324
B1846403645950N11906170WA0009700000000000031345320
B1846413645950N11906180WA0009900000000000031339315
B1846423645950N11906180WA0009900000000000033329313
B1846433645960N11906180WA0010000000000000031322304
B1846443645960N11906190WA0010000000000000026315303
B1846453645960N11906190WA0010000000000000023311302
B1846463645960N11906190WA0009800000000000022305287
B1846473645960N11906200WA0009700000000000022301293
B1846483645960N11906200WA0009600000000000024290308
B1846493645970N11906210WA0009500000000000026280306
B1846503645970N11906210WA0009400000000000028284309
B1846513645970N11906220WA0009400000000000030296300
B1846523645970N11906220WA0009400000000000033305290
B1846533645980N11906230WA0009500000000000036305301
B1846543645980N11906240WA0009700000000000035302299
B1846553645980N11906240WA0010000000000000033303286
B1846563645980N11906240WA0010000000000000028299293
B1846573645980N11906250WA0010000000000000023292269
B1846583645980N11906250WA0009900000000000021283263
B1846593645980N11906260WA0009800000000000022271257
B1847003645980N11906260WA0009900000000000025264250
B1847013645980N11906270WA0010000000000000029255248
B1847023645970N11906270WA0009800000000000031243235
B1847033645970N11906280WA0009700000000000032235231
B1847043645960N11906280WA0009700000000000036214226
B1847053645960N11906280WA0009800000000000036198209
B1847063645950N11906280WA0009800000000000035190217
B1847073645950N11906280WA0009700000000000035178193
B1847083645940N11906280WA0009600000000000035170193
B1847093645940N11906270WA0009600000000000034158172
B1847103645930N11906270WA0009500000000000035149155
B1847113645930N11906260WA0009300000000000037139148
B1847123645930N11906260WA0009100000000000040134139
B1847133645920N11906250WA0008900000000000043130137
B1847143645920N11906240WA0009000000000000047126127
B1847153645920N11906230WA0009000000000000052110122
B1847163645920N11906220WA0009200000000000051093106
B1847173645920N11906210WA0009200000000000053086081
B1847183645920N11906200WA0009300000000000045077076
B1847193645930N11906190WA0009300000000000043073062
B1847203645930N11906190WA0009400000000000041066053
B1847213645930N11906180WA0009300000000000042058050
B1847223645940N11906180WA0009400000000000041048033
B1847233645940N11906170WA0009600000000000037032028
B1847243645950N11906170WA0009700000000000035023007
B1847253645950N11906170WA0009900000000000035014000
B1847263645950N11906170WA0009900000000000032002002
B1847273645960N11906170WA0009900000000000027355001
B1847283645960N11906180WA0010000000000000023345331
B1847293645960N11906180WA0009900000000000021333317
B1847303645970N11906180WA0009800000000000020318319
B1847313645970N11906190WA0010000000000000024298298
B1847323645970N11906190WA0010100000000000027293276
B1847333645970N11906200WA0010400000000000026286276
B1847343645970N11906200WA0010600000000000022280263
B1847353645960N11906200WA0010600000000000021260260
B1847363645960N11906200WA0010600000000000018215242
B1847373645950N11906190WA0010700000000000024167245
B1847383645950N11906190WA0010900000000000036134175
B1847393645950N11906180WA0011000000000000036129176
B1847403645950N11906170WA0011100000000000036097129
B1847413645950N11906170WA0011100000000000037070090
B1847423645950N11906160WA0011200000000000038064090
B1847433645960N11906160WA0011300000000000037052051
B1847443645960N11906150WA0011400000000000031041036
B1847453645970N11906150WA0011400000000000026022023
B1847463645970N11906160WA0011400000000000025345001
B1847473645970N11906160WA0011600000000000028332328
B1847483645980N11906160WA0011800000000000027327328
B1847493645980N11906170WA0012000000000000024320314
B1847503645980N11906170WA0012100000000000016301308
B1847513645980N11906170WA0011900000000000017279308
B1847523645980N11906170WA0011700000000000017233308
B1847533645970N11906170WA0011600000000000019217308
B1847543645970N11906170WA0011700000000000025175235
B1847553645960N11906160WA0011900000000000037143235
B1847563645960N11906150WA0012000000000000046133153
B1847573645950N11906150WA0012100000000000046123139
B1847583645950N11906140WA0012200000000000042116126
B1847593645950N11906130WA0012200000000000041102118
B1848003645950N11906120WA0012200000000000041088101
B1848013645960N11906120WA0012300000000000039068083
B1848023645960N11906110WA0012500000000000041055058
B1848033645970N11906110WA0012700000000000038047044
B1848043645970N11906110WA0012800000000000027020034
B1848053645980N11906110WA0012800000000000029005034
B1848063645980N11906110WA0012900000000000026353344
B1848073645980N11906120WA0013000000000000025341343
B1848083645990N11906120WA0013200000000000026329320
B1848093645990N11906120WA0013300000000000026316309
B1848103645990N11906130WA0013600000000000025307307
B1848113645990N11906130WA0013600000000000019301293
B1848123645990N11906130WA0013400000000000016298287
B1848133645990N11906140WA0013200000000000012280283
B1848143645990N11906140WA0013000000000000019257264
B1848153645990N11906150WA0012800000000000030258255
B1848163645990N11906150WA0012900000000000030248249
B1848173645990N11906150WA0012800000000000026232231
B1848183645980N11906160WA0012700000000000024223230
B1848193645980N11906160WA0012800000000000026208214
B1848203645970N11906160WA0013000000000000028196217
B1848213645970N11906150WA0013100000000000029183200
B1848223645960N11906150WA0013100000000000032165188
B1848233645960N11906150WA0013100000000000035149173
B1848243645960N11906140WA0013100000000000037135170
B1848253645950N11906130WA0013200000000000042123138
B1848263645950N11906120WA0013400000000000046118119
B1848273645950N11906120WA0013500000000000046113110
B1848283645950N11906110WA0013600000000000042103110
B1848293645950N11906100WA0013700000000000040094095
B1848303645950N11906090WA0013600000000000034082084
B1848313645950N11906090WA0013400000000000034075068
B1848323645960N11906080WA0013400000000000033066069
B1848333645960N11906080WA0013400000000000037043050
B1848343645970N11906080WA0013400000000000037034049
B1848353645970N11906080WA0013600000000000034024018
B1848363645980N11906080WA0013700000000000029356018
B1848373645980N11906080WA0013800000000000027342336
B1848383645980N11906080WA0013900000000000025339335
B1848393645990N11906090WA0014000000000000024331336
B1848403645990N11906090WA0013900000000000026321312
B1848413645990N11906090WA0014100000000000029313308
B1848423645990N11906100WA0014000000000000025314305
B1848433646000N11906100WA0013900000000000015305283
B1848443646000N11906100WA0013600000000000013290285
B1848453646000N11906110WA0013300000000000014273285
B1848463646000N11906110WA0013100000000000016265273
B1848473645990N11906120WA0013100000000000021262278
B1848483645990N11906120WA0013200000000000028263275
B1848493645990N11906130WA0013300000000000031260279
B1848503645990N11906130WA0013400000000000028273271
B1848513645990N11906140WA0013300000000000028272265
B1848523645990N11906140WA0013100000000000030261262
B1848533645990N11906150WA0013000000000000033252269
B1848543645990N11906160WA0012900000000000035255277
B1848553645990N11906170WA0012700000000000037261270
B1848563645990N11906170WA0012800000000000037263259
B1848573645990N11906180WA0012700000000000034259259
B1848583645980N11906180WA0012600000000000030254257
B1848593645980N11906190WA0012500000000000028249259
B1849003645980N11906190WA0012600000000000029248262
B1849013645980N11906200WA0012600000000000030249261
B1849023645980N11906200WA0012800000000000031254265
B1849033645980N11906210WA0012900000000000030259275
B1849043645980N11906210WA0013000000000000027264276
B1849053645980N11906220WA0013000000000000024269277
B1849063645980N11906220WA0012900000000000025275277
B1849073645980N11906230WA0012700000000000024273274
B1849083645980N11906230WA0012500000000000027275262
B1849093645980N11906240WA0012500000000000028267262
B1849103645980N11906240WA0012400000000000027258259
B1849113645980N11906250WA0012300000000000026249254
B1849123645970N11906250WA0012200000000000025240243
B1849133645970N11906250WA0012000000000000026235239
B1849143645970N11906260WA0011800000000000028230233
B1849153645960N11906260WA0011700000000000032226240
B1849163645960N11906270WA0011600000000000035222234
B1849173645960N11906270WA0011700000000000033219231
B1849183645950N11906270WA0011500000000000030219216
B1849193645950N11906270WA0011300000000000027208207
B1849203645950N11906270WA0011000000000000024198205
B1849213645940N11906270WA0010700000000000026192198
B1849223645940N11906280WA0010600000000000032186198
B1849233645930N11906270WA0010500000000000036184173
B1849243645920N11906270WA0010300000000000039175183
B1849253645920N11906270WA0010100000000000036167184
B1849263645910N11906270WA0009800000000000034162195
B1849273645910N11906270WA0009600000000000034169203
B1849283645900N11906270WA0009400000000000033174208
B1849293645900N11906270WA0009300000000000036183214
B1849303645890N11906270WA0009300000000000035194213
B1849313645890N11906280WA0009100000000000035205222
B1849323645890N11906280WA0008900000000000029218226
B1849333645890N11906290WA0008700000000000030229226
B1849343645880N11906290WA0008700000000000034236244
B1849353645880N11906300WA0008800000000000036240252
B1849363645880N11906310WA0008800000000000033243258
B1849373645880N11906310WA0008800000000000029250267
B1849383645880N11906320WA0008700000000000030253266
B1849393645880N11906320WA0008800000000000035254276
B1849403645880N11906330WA0009000000000000036255280
B1849413645880N11906340WA0009300000000000039265278
B1849423645880N11906340WA0009400000000000034270281
B1849433645880N11906350WA0009400000000000028275289
B1849443645880N11906350WA0009500000000000023277284
B1849453645880N11906360WA0009600000000000025281292
B1849463645880N11906360WA0009900000000000024279301
B1849473645880N11906370WA0010200000000000028293293
B1849483645880N11906370WA0010500000000000027300293
B1849493645890N11906370WA0010700000000000022309290
B1849503645890N11906380WA0010700000000000018313304
B1849513645890N11906380WA0010800000000000018304306
B1849523645890N11906380WA0010800000000000024303326
B1849533645900N11906390WA0011000000000000029314335
B1849543645900N11906390WA0011300000000000035319330
B1849553645910N11906390WA0011800000000000037339338
B1849563645910N11906390WA0012000000000000032349357
B1849573645910N11906390WA0012100000000000028357359
B1849583645920N11906390WA0012100000000000028003002
B1849593645920N11906390WA0012100000000000029008015
B1850003645930N11906380WA0012200000000000034025015
B1850013645930N11906380WA0012500000000000039042032
B1850023645930N11906370WA0012700000000000040055030
B1850033645930N11906360WA0012900000000000038076057
B1850043645930N11906350WA0013100000000000038091077
B1850053645930N11906350WA0013200000000000034106094
B1850063645930N11906340WA0013400000000000032113093
B1850073645920N11906340WA0013600000000000031132119
B1850083645920N11906340WA0013700000000000033145142
B1850093645910N11906330WA0013900000000000032153141
B1850103645910N11906330WA0013900000000000029167165
B1850113645900N11906330WA0014200000000000027178165
B1850123645900N11906340WA0014300000000000029188198
B1850133645890N11906340WA0014500000000000033197212
B1850143645890N11906340WA0014700000000000035203218
B1850153645890N11906350WA0015000000000000032212215
B1850163645880N11906350WA0015300000000000029223232
B1850173645880N11906350WA0015400000000000027237243
B1850183645880N11906360WA0015500000000000028246249
B1850193645880N11906370WA0015700000000000030250268
B1850203645880N11906370WA0015900000000000033254266
B1850213645870N11906380WA0016500000000000035255271
B1850223645870N11906380WA0016900000000000033256270
B1850233645870N11906390WA0017100000000000028257268
B1850243645870N11906390WA0017200000000000025255282
B1850253645870N11906400WA0017200000000000022254283
B1850263645870N11906400WA0017100000000000025256280
B1850273645870N11906410WA0017100000000000029257288
B1850283645870N11906410WA0017100000000000027275293
B1850293645880N11906420WA0017100000000000028288295
B1850303645880N11906420WA0016800000000000026298314
B1850313645880N11906420WA0016700000000000019323313
B1850323645890N11906420WA0016700000000000020352311
B1850333645890N11906410WA0016900000000000023032352
B1850343645900N11906400WA0017100000000000026039027
B1850353645900N11906400WA0017300000000000032055034
B1850363645900N11906390WA0017500000000000033064032
B1850373645910N11906380WA0017600000000000034065057
B1850383645910N11906380WA0017600000000000034060055
B1850393645910N11906370WA0017700000000000036051053
B1850403645920N11906370WA0017700000000000040043058
B1850413645920N11906360WA0017800000000000041036043
B1850423645930N11906360WA0017900000000000038037039
B1850433645930N11906350WA0017800000000000033043054
B1850443645930N11906350WA0017800000000000033049037
B1850453645940N11906340WA0017900000000000036050033
B1850463645940N11906340WA0018300000000000036047018
B1850473645950N11906330WA0018700000000000046039021
B1850483645950N11906330WA0019000000000000041027017
B1850493645960N11906330WA0019200000000000038020027
B1850503645960N11906320WA0019200000000000037023038
B1850513645970N11906320WA0019000000000000033021036
B1850523645970N11906320WA0018900000000000032027035
B1850533645980N11906310WA0018900000000000034034030
B1850543645980N11906310WA0019000000000000042043042
B1850553645980N11906300WA0019200000000000043048042
B1850563645990N11906300WA0019400000000000039050058
B1850573645990N11906290WA0019300000000000035056062
B1850583645990N11906280WA0019300000000000034061069
B1850593645990N11906270WA0019400000000000041079070
B1851003645990N11906270WA0019600000000000043082092
B1851013645990N11906260WA0019700000000000042086090
B1851023645990N11906250WA0019800000000000041093098
B1851033645990N11906240WA0020000000000000041102113
B1851043645990N11906230WA0020300000000000040110121
B1851053645980N11906230WA0020500000000000038115124
B1851063645980N11906230WA0020600000000000030120132
B1851073645980N11906220WA0020500000000000023124131
B1851083645970N11906220WA0020300000000000023139141
B1851093645970N11906220WA0020400000000000028141155
B1851103645970N11906210WA0020600000000000030145155
B1851113645960N11906210WA0020700000000000031157159
B1851123645960N11906210WA0020900000000000030167170
B1851133645950N11906220WA0021100000000000028175170
B1851143645950N11906220WA0021200000000000023191187
B1851153645950N11906220WA0021300000000000019206187
B1851163645950N11906220WA0021300000000000019222187
B1851173645950N11906230WA0021500000000000020235187
B1851183645950N11906230WA0021500000000000021254242
B1851193645950N11906240WA0021600000000000023271242
B1851203645950N11906240WA0021800000000000023278275
B1851213645950N11906250WA0022000000000000026284275
B1851223645950N11906250WA0022100000000000026292285
B1851233645950N11906260WA0022200000000000027298284
B1851243645960N11906260WA0022300000000000024300296
B1851253645960N11906270WA0022300000000000024308297
B1851263645960N11906270WA0022300000000000026317303
B1851273645970N11906270WA0022400000000000028323303
B1851283645970N11906270WA0022500000000000028336317
B1851293645980N11906270WA0022400000000000027356317
B1851303645980N11906270WA0022100000000000027004348
B1851313645990N11906270WA0021900000000000026020348
B1851323645990N11906260WA0021900000000000035036011
B1851333645990N11906250WA0021800000000000041057030
B1851343645990N11906240WA0021900000000000041076054
B1851353645990N11906240WA0021900000000000038091075
B1851363645990N11906230WA0022000000000000037098075
B1851373645990N11906220WA0022100000000000039104104
B1851383645990N11906210WA0022300000000000039115110
B1851393645980N11906210WA0022400000000000039126125
B1851403645980N11906200WA0022500000000000036130135
B1851413645970N11906200WA0022600000000000033137141
B1851423645970N11906200WA0022600000000000033145148
B1851433645960N11906200WA0022600000000000034154148
B1851443645960N11906200WA0022600000000000034165164
B1851453645950N11906200WA0022700000000000033178165
B1851463645950N11906200WA0022800000000000032189188
B1851473645940N11906200WA0022800000000000031195188
B1851483645940N11906200WA0022900000000000030199204
B1851493645940N11906210WA0023000000000000029207204
B1851503645930N11906210WA0023100000000000030216215
B1851513645930N11906220WA0023400000000000032229223
B1851523645930N11906220WA0023600000000000032243234
B1851533645930N11906230WA0023900000000000030251234
B1851543645930N11906230WA0024100000000000024259253
B1851553645930N11906240WA0024000000000000022267253
B1851563645930N11906240WA0024100000000000024273267
B1851573645930N11906250WA0024100000000000027279267
B1851583645930N11906250WA0024200000000000032292278
B1851593645940N11906260WA0024400000000000034303278
B1852003645940N11906260WA0024500000000000031310299
B1852013645950N11906260WA0024500000000000027317299
B1852023645950N11906260WA0024600000000000022342310
B1852033645960N11906260WA0024600000000000024008310
B1852043645960N11906250WA0024800000000000033032356
B1852053645960N11906250WA0024900000000000034043026
B1852063645970N11906240WA0025000000000000032049026
B1852073645970N11906240WA0025100000000000032059047
B1852083645970N11906230WA0025000000000000032070047
B1852093645970N11906220WA0024900000000000034086072
B1852103645970N11906220WA0024700000000000039096095
B1852113645970N11906210WA0024600000000000044101095
B1852123645970N11906200WA0024400000000000046108114
B1852133645960N11906190WA0024600000000000048115132
B1852143645960N11906190WA0024700000000000049116131
B1852153645950N11906180WA0024900000000000048132133
B1852163645950N11906180WA0025100000000000039142149
B1852173645940N11906180WA0025100000000000033153146
B1852183645940N11906180WA0025100000000000033161173
B1852193645930N11906180WA0025200000000000032172176
B1852203645930N11906180WA0025200000000000031187192
B1852213645930N11906180WA0025300000000000029201191
B1852223645920N11906190WA0025600000000000030212188
B1852233645920N11906190WA0025800000000000026212227
B1852243645920N11906190WA0025900000000000021210227
B1852253645920N11906190WA0025800000000000018216228
B1852263645910N11906200WA0025700000000000017216229
B1852273645910N11906200WA0025700000000000019240236
B1852283645920N11906210WA0025700000000000022270236
B1852293645920N11906210WA0025700000000000027293275
B1852303645920N11906220WA0025700000000000027303275
B1852313645920N11906220WA0025700000000000030310301
B1852323645930N11906220WA0025700000000000028326301
B1852333645930N11906220WA0025800000000000025346321
B1852343645940N11906210WA0025900000000000031021321
B1852353645940N11906210WA0025900000000000038036012
B1852363645950N11906200WA0025900000000000038051012
B1852373645950N11906200WA0025900000000000039065046
B1852383645950N11906190WA0025800000000000040074046
B1852393645950N11906180WA0025800000000000041082072
B1852403645950N11906170WA0025800000000000044094083
B1852413645950N11906160WA0026000000000000045103096
B1852423645950N11906160WA0026100000000000046106108
B1852433645940N11906150WA0026200000000000042117108
B1852443645940N11906150WA0026200000000000039125126
B1852453645930N11906140WA0026200000000000035134127
B1852463645930N11906140WA0026000000000000034137149
B1852473645930N11906140WA0025900000000000035142148
B1852483645920N11906130WA0025700000000000036150151
B1852493645910N11906130WA0025700000000000037158164
B1852503645910N11906130WA0025800000000000039166174
B1852513645900N11906130WA0025800000000000040172175
B1852523645900N11906130WA0025700000000000035176190
B1852533645890N11906130WA0025700000000000031176187
B1852543645890N11906130WA0025600000000000033177192
B1852553645880N11906130WA0025600000000000037178198
B1852563645880N11906130WA0025800000000000040179185
B1852573645870N11906130WA0026000000000000042178185
B1852583645860N11906130WA0026100000000000039175185
B1852593645860N11906130WA0026000000000000035170182
B1853003645850N11906130WA0025900000000000034169181
B1853013645850N11906120WA0025700000000000032161170
B1853023645840N11906120WA0025700000000000035161174
B1853033645840N11906120WA0025800000000000041164164
B1853043645830N11906120WA0026000000000000041160163
B1853053645830N11906110WA0026000000000000038155166
B1853063645820N11906110WA0025900000000000034150181
B1853073645820N11906110WA0025600000000000034153167
B1853083645810N11906110WA0025300000000000034157177
B1853093645810N11906110WA0025200000000000035162181
B1853103645800N11906100WA0025100000000000038162159
B1853113645800N11906100WA0025000000000000042163174
B1853123645790N11906100WA0025000000000000043164189
B1853133645780N11906100WA0024900000000000041166180
B1853143645780N11906100WA0024800000000000037168184
B1853153645770N11906100WA0024600000000000034170177
B1853163645770N11906090WA0024300000000000036170173
B1853173645760N11906090WA0024100000000000039166175
B1853183645760N11906090WA0024000000000000043164178
B1853193645750N11906090WA0023900000000000044163183
B1853203645740N11906090WA0023700000000000041165172
B1853213645740N11906080WA0023600000000000040168154
B1853223645730N11906080WA0023300000000000042167150
B1853233645720N11906080WA0023200000000000042160153
B1853243645720N11906070WA0023000000000000044154161
B1853253645710N11906070WA0022800000000000043147172
B1853263645710N11906070WA0022500000000000042148175
B1853273645700N11906060WA0022300000000000041155172
B1853283645700N11906060WA0022100000000000043162167
B1853293645690N11906060WA0021800000000000044164170
B1853303645680N11906060WA0021500000000000044162169
B1853313645680N11906050WA0021100000000000044159171
B1853323645670N11906050WA0020800000000000046160171
B1853333645660N11906050WA0020500000000000046160173
B1853343645660N11906040WA0020200000000000051160179
B1853353645650N11906040WA0020000000000000052163185
B1853363645640N11906040WA0019900000000000051166180
B1853373645630N11906040WA0019800000000000048166171
B1853383645630N11906030WA0019500000000000046160176
B1853393645620N11906030WA0019300000000000045157184
B1853403645620N11906030WA0019000000000000044157191
B1853413645610N11906030WA0018800000000000044163188
B1853423645600N11906020WA0018600000000000044167193
B1853433645600N11906020WA0018500000000000045168188
B1853443645590N11906020WA0018300000000000044165189
B1853453645580N11906020WA0018100000000000043163190
B1853463645580N11906020WA0017800000000000042164194
B1853473645570N11906010WA0017600000000000042167200
B1853483645560N11906010WA0017400000000000044170191
B1853493645560N11906010WA0017300000000000046170188
B1853503645550N11906010WA0017200000000000045166189
B1853513645550N11906010WA0017100000000000044164193
B1853523645540N11906010WA0017000000000000040167193
B1853533645530N11906010WA0016900000000000039170190
B1853543645530N11906000WA0016700000000000039171187
B1853553645520N11906000WA0016600000000000041167189
B1853563645520N11906000WA0016500000000000042165195
B1853573645510N11906000WA0016300000000000042167201
B1853583645500N11906000WA0016200000000000041173199
B1853593645500N11906000WA0016100000000000041177202
B1854003645490N11906000WA0015900000000000040176200
B1854013645480N11906000WA0015700000000000040172215
B1854023645480N11906000WA0015500000000000038171219
B1854033645470N11906000WA0015300000000000036175222
B1854043645470N11906000WA0015200000000000035180226
B1854053645470N11906000WA0014800000000000033185223
B1854063645460N11906000WA0014600000000000030192219
B1854073645460N11906000WA0014400000000000026198226
B1854083645460N11906010WA0014200000000000023205224
B1854093645460N11906010WA0014000000000000019216232
B1854103645460N11906020WA0013800000000000017246231
B1854113645460N11906020WA0013700000000000019272260
B1854123645460N11906030WA0013500000000000021288260
B1854133645470N11906030WA0013500000000000023295289
B1854143645470N11906030WA0013500000000000023307296
B1854153645470N11906040WA0013400000000000022321295
B1854163645480N11906040WA0013400000000000021338314
B1854173645480N11906040WA0013300000000000022351331
B1854183645490N11906040WA0013100000000000022358335
B1854193645490N11906040WA0013000000000000024001350
B1854203645490N11906040WA0012900000000000026005355
B1854213645500N11906030WA0012900000000000027013358
B1854223645500N11906030WA0012800000000000027017009
B1854233645510N11906030WA0012600000000000027022014
B1854243645510N11906030WA0012300000000000029029023
B1854253645510N11906020WA0012000000000000031036013
B1854263645520N11906020WA0011800000000000033041012
B1854273645520N11906010WA0011600000000000035042014
B1854283645530N11906010WA0011500000000000031037019
B1854293645530N11906010WA0011300000000000028036018
B1854303645530N11906000WA0011100000000000027041024
B1854313645540N11906000WA0010700000000000029043023
B1854323645540N11905990WA0010400000000000031043008
B1854333645540N11905990WA0010200000000000035038013
B1854343645550N11905990WA0010100000000000038033019
B1854353645550N11905980WA0009900000000000038030009
B1854363645560N11905980WA0009800000000000030038008
B1854373645560N11905970WA0009500000000000028038011
B1854383645560N11905970WA0009100000000000028036001
B1854393645570N11905970WA0008800000000000031031359
B1854403645570N11905970WA0008500000000000034026010
B1854413645580N11905960WA0008300000000000036019359
B1854423645580N11905960WA0008200000000000035013000
B1854433645590N11905960WA0008000000000000034008000
B1854443645590N11905960WA0007900000000000031011003
B1854453645600N11905960WA0007800000000000029011001
B1854463645600N11905960WA0007700000000000029005356
B1854473645610N11905960WA0007700000000000033358359
B1854483645610N11905960WA0007700000000000036358359
B1854493645620N11905960WA0007800000000000037001002
B1854503645620N11905960WA0007900000000000037004357
B1854513645630N11905960WA0008000000000000038002351
B1854523645630N11905960WA0008200000000000036000358
B1854533645640N11905960WA0008200000000000033359351
B1854543645640N11905960WA0008300000000000033356342
B1854553645650N11905960WA0008300000000000034355349
B1854563645650N11905960WA0008500000000000035354345
B1854573645660N11905960WA0008500000000000034351353
B1854583645660N11905960WA0008500000000000030352359
B1854593645670N11905960WA0008600000000000030357000
B1855003645670N11905960WA0008500000000000031003359
B1855013645680N11905960WA0008500000000000031005004
B1855023645680N11905960WA0008500000000000031004004
B1855033645690N11905960WA0008500000000000032008020
B1855043645690N11905950WA0008500000000000032015019
B1855053645700N11905950WA0008400000000000036023022
B1855063645700N11905950WA0008500000000000038033028
B1855073645710N11905940WA0008800000000000043030024
B1855083645710N11905940WA0009100000000000043036029
B1855093645710N11905940WA0009200000000000040024031
B1855103645720N11905930WA0009300000000000029040031
B1855113645720N11905930WA0009400000000000028047032
B1855123645720N11905920WA0009600000000000030060032
B1855133645720N11905910WA0009700000000000032081053
B1855143645710N11905900WA0009900000000000034089079
B1855153645710N11905900WA0010000000000000036113090
B1855163645710N11905890WA0010100000000000036119090
B1855173645700N11905890WA0010200000000000033128131
B1855183645700N11905890WA0010200000000000030131144
B1855193645690N11905890WA0010100000000000028141144
B1855203645690N11905890WA0010200000000000026166165
B1855213645680N11905890WA0010300000000000027203165
B1855223645680N11905900WA0010400000000000026209224
B1855233645680N11905900WA0010300000000000021226229
B1855243645680N11905900WA0010200000000000020236229
B1855253645680N11905910WA0010100000000000020244229
B1855263645680N11905910WA0010100000000000020254256
B1855273645680N11905920WA0010000000000000022272256
B1855283645680N11905920WA0010000000000000026291274
B1855293645690N11905930WA0010000000000000027304274
B1855303645690N11905930WA0009800000000000026311301
B1855313645690N11905930WA0009800000000000026317301
B1855323645700N11905940WA0009700000000000029323302
B1855333645700N11905940WA0009600000000000031329318
B1855343645710N11905940WA0009500000000000032339322
B1855353645710N11905940WA0009600000000000035347334
B1855363645720N11905940WA0009600000000000035349339
B1855373645720N11905940WA0009700000000000033350340
B1855383645730N11905940WA0009700000000000031353348
B1855393645730N11905940WA0009500000000000028353347
B1855403645740N11905950WA0009300000000000025352346
B1855413645740N11905950WA0009000000000000026350340
B1855423645750N11905950WA0008800000000000026347344
B1855433645750N11905950WA0008800000000000030346349
B1855443645760N11905950WA0008700000000000036346353
B1855453645760N11905950WA0008600000000000034350357
B1855463645770N11905950WA0008300000000000033357357
B1855473645770N11905950WA0008200000000000033005005
B1855483645780N11905950WA0008100000000000036009007
B1855493645780N11905950WA0008000000000000039011021
B1855503645790N11905940WA0007900000000000039018032
B1855513645790N11905940WA0007800000000000039022034
B1855523645800N11905940WA0007700000000000037030032
B1855533645800N11905930WA0007800000000000036041038
B1855543645800N11905920WA0007800000000000035055045
B1855553645800N11905910WA0007800000000000037069057
B1855563645800N11905900WA0007800000000000037079074
B1855573645800N11905900WA0007600000000000037088085
B1855583645800N11905890WA0007600000000000037095085
B1855593645800N11905880WA0007600000000000038103106
B1856003645790N11905880WA0007600000000000037110118
B1856013645790N11905870WA0007500000000000035116130
B1856023645790N11905870WA0007300000000000034123139
B1856033645780N11905860WA0007400000000000036130141
B1856043645780N11905860WA0007500000000000037136155
B1856053645780N11905850WA0007700000000000036142156
B1856063645770N11905850WA0007800000000000034148164
B1856073645770N11905850WA0007800000000000030147167
B1856083645770N11905840WA0007800000000000027138171
B1856093645760N11905840WA0007700000000000028134165
B1856103645760N11905840WA0007700000000000032139182
B1856113645750N11905830WA0007800000000000034148180
B1856123645750N11905830WA0008100000000000034152184
B1856133645740N11905830WA0008300000000000034157186
B1856143645740N11905830WA0008300000000000030162190
B1856153645740N11905830WA0008400000000000028171189
B1856163645730N11905830WA0008500000000000027185184
B1856173645730N11905830WA0008500000000000028194214
B1856183645730N11905830WA0008500000000000025205216
B1856193645720N11905840WA0008500000000000021216212
B1856203645720N11905840WA0008500000000000021227238
B1856213645720N11905840WA0008600000000000022236237
B1856223645720N11905850WA0008600000000000022244236
B1856233645720N11905850WA0008600000000000021251258
B1856243645720N11905860WA0008600000000000020259256
B1856253645720N11905860WA0008600000000000019269266
B1856263645720N11905870WA0008500000000000021277264
B1856273645720N11905870WA0008400000000000023289275
B1856283645720N11905870WA0008300000000000026299275
B1856293645730N11905880WA0008200000000000026305274
B1856303645730N11905880WA0008100000000000025310297
B1856313645730N11905880WA0008000000000000023318296
B1856323645740N11905880WA0007800000000000022332296
B1856333645740N11905890WA0007700000000000023344314
B1856343645750N11905880WA0007600000000000026357326
B1856353645750N11905880WA0007300000000000029000339
B1856363645760N11905880WA0007000000000000027357334
B1856373645760N11905890WA0006800000000000026354330
B1856383645770N11905890WA0006700000000000033348324
B1856393645770N11905890WA0006900000000000038345317
B1856403645780N11905890WA0007000000000000039343318
B1856413645790N11905890WA0006900000000000037336325
B1856423645790N11905900WA0006600000000000034335326
B1856433645800N11905900WA0006200000000000035332329
B1856443645800N11905900WA0006200000000000036332330
B1856453645810N11905910WA0006100000000000040338324
B1856463645820N11905910WA0006000000000000043342315
B1856473645820N11905910WA0006100000000000043336316
B1856483645830N11905920WA0006100000000000041330320
B1856493645830N11905920WA0006100000000000036324323
B1856503645830N11905920WA0005900000000000035321321
B1856513645840N11905930WA0005800000000000035324307
B1856523645840N11905930WA0005600000000000040327303
B1856533645850N11905940WA0005900000000000043323302
B1856543645860N11905940WA0006100000000000046322307
B1856553645860N11905950WA0006200000000000046322327
B1856563645860N11905950WA0006100000000000040323295
B1856573645870N11905960WA0005900000000000035319288
B1856583645870N11905960WA0005500000000000030314296
B1856593645870N11905960WA0005300000000000027311299
B1857003645880N11905970WA0005000000000000027309294
B1857013645880N11905970WA0004800000000000033310295
B1857023645880N11905980WA0004700000000000038311294
B1857033645890N11905980WA0004700000000000041308294
B1857043645890N11905990WA0004900000000000045305303
B1857053645900N11906000WA0005100000000000045307300
B1857063645900N11906000WA0005200000000000047309304
B1857073645900N11906010WA0005100000000000041313304
B1857083645910N11906010WA0004900000000000036317304
B1857093645910N11906020WA0004900000000000036314281
B1857103645910N11906020WA0004900000000000040310295
B1857113645920N11906030WA0005000000000000043307284
B1857123645920N11906040WA0005200000000000041307287
B1857133645920N11906040WA0005200000000000037305281
B1857143645920N11906040WA0005300000000000033302272
B1857153645920N11906050WA0005200000000000030294272
B1857163645930N11906050WA0005400000000000028283279
B1857173645930N11906060WA0005400000000000029284272
B1857183645930N11906070WA0005500000000000030288272
B1857193645930N11906070WA0005500000000000030286274
B1857203645930N11906080WA0005500000000000027280274
B1857213645930N11906080WA0005400000000000025274280
B1857223645930N11906080WA0005200000000000025275286
B1857233645930N11906090WA0005100000000000027280289
B1857243645930N11906100WA0005000000000000031287286
B1857253645930N11906100WA0005100000000000036286279
B1857263645940N11906110WA0005400000000000036290300
B1857273645940N11906120WA0005900000000000037291300
B1857283645940N11906120WA0006200000000000043302295
B1857293645950N11906130WA0006500000000000041307291
B1857303645950N11906130WA0006600000000000037305286
B1857313645950N11906130WA0006600000000000035301297
B1857323645950N11906140WA0006700000000000032293280
B1857333645950N11906140WA0006800000000000030283285
B1857343645950N11906150WA0007000000000000032279280
B1857353645950N11906150WA0007100000000000029275258
B1857363645950N11906160WA0007300000000000024269250
B1857373645950N11906160WA0007200000000000023259235
B1857383645940N11906160WA0007200000000000024249245
B1857393645940N11906170WA0007100000000000024236235
B1857403645940N11906170WA0006900000000000025223240
B1857413645930N11906170WA0006800000000000026220243
B1857423645930N11906170WA0006500000000000029217247
B1857433645930N11906180WA0006500000000000032221232
B1857443645920N11906180WA0006500000000000035226229
B1857453645920N11906190WA0006500000000000037232235
B1857463645910N11906200WA0006600000000000040235241
B1857473645910N11906200WA0006800000000000042236249
B1857483645910N11906210WA0006800000000000040239248
B1857493645900N11906210WA0006900000000000038241248
B1857503645900N11906220WA0007000000000000040240258
B1857513645900N11906230WA0007300000000000039244258
B1857523645900N11906230WA0007500000000000037249262
B1857533645900N11906240WA0007700000000000033260257
B1857543645890N11906240WA0007800000000000029260264
B1857553645890N11906250WA0008000000000000028252267
B1857563645890N11906250WA0008000000000000028248272
B1857573645890N11906260WA0008100000000000029255267
B1857583645890N11906260WA0008200000000000029264282
B1857593645890N11906270WA0008300000000000029272284
B1858003645890N11906270WA0008400000000000027277300
B1858013645890N11906280WA0008500000000000026287304
B1858023645900N11906280WA0008600000000000026297308
B1858033645900N11906280WA0008700000000000025310318
B1858043645900N11906280WA0008800000000000025322322
B1858053645910N11906280WA0008800000000000025344321
B1858063645920N11906280WA0008800000000000030009351
B1858073645920N11906270WA0008700000000000034028015
B1858083645920N11906270WA0008700000000000034035035
B1858093645930N11906260WA0008700000000000032041034
B1858103645930N11906260WA0008700000000000029053048
B1858113645920N11906250WA0008800000000000029064046
B1858123645920N11906240WA0008800000000000025098074
B1858133645920N11906240WA0008900000000000022110119
B1858143645910N11906240WA0008800000000000023127119
B1858153645910N11906240WA0008800000000000025136151
B1858163645900N11906240WA0008800000000000023150150
B1858173645900N11906240WA0008900000000000020166168
B1858183645890N11906240WA0008900000000000020182168
B1858193645890N11906250WA0008900000000000021215191
B1858203645880N11906250WA0009200000000000026228212
B1858213645880N11906260WA0009300000000000026226224
B1858223645870N11906260WA0009300000000000026224222
B1858233645870N11906260WA0009300000000000026226219
B1858243645870N11906270WA0009400000000000026235219
B1858253645870N11906270WA0009600000000000026244227
B1858263645870N11906280WA0009600000000000026250227
B1858273645860N11906280WA0009400000000000023253238
B1858283645860N11906290WA0009200000000000022252240
B1858293645860N11906290WA0009100000000000021256238
B1858303645860N11906290WA0009200000000000022265238
B1858313645870N11906300WA0009300000000000021269238
B1858323645870N11906300WA0009600000000000021279252
B1858333645870N11906300WA0009700000000000018295252
B1858343645880N11906290WA0009800000000000016346251
B1858353645890N11906290WA0009900000000000027019346
B1858363645900N11906290WA0010100000000000035020017
B1858373645910N11906290WA0010600000000000041017017
B1858383645920N11906280WA0010900000000000041008013
B1858393645920N11906280WA0011200000000000038003007
B1858403645920N11906280WA0011300000000000033006008
B1858413645930N11906290WA0011500000000000029358010
B1858423645930N11906290WA0011700000000000027347355
B1858433645930N11906290WA0011900000000000025336007
B1858443645940N11906290WA0012100000000000025338012
B1858453645940N11906290WA0012300000000000026349003
B1858463645950N11906290WA0012300000000000030011006
B1858473645950N11906290WA0012500000000000030022030
B1858483645950N11906280WA0012500000000000029037029
B1858493645950N11906280WA0012700000000000028048060
B1858503645950N11906270WA0012900000000000031061066
B1858513645950N11906260WA0013100000000000034073088
B1858523645950N11906250WA0013200000000000037088097
B1858533645950N11906240WA0013400000000000042105113
B1858543645940N11906240WA0013700000000000040118124
B1858553645940N11906230WA0014100000000000036126136
B1858563645940N11906230WA0014500000000000030133143
B1858573645930N11906230WA0014900000000000024138143
B1858583645930N11906230WA0015100000000000018178154
B1858593645930N11906240WA0015300000000000014189154
B1859003645930N11906240WA0015400000000000010221193
B1859013645930N11906240WA0015500000000000010250193
B1859023645930N11906240WA0015600000000000011273193
B1859033645930N11906240WA0016000000000000012287193
B1859043645930N11906250WA0016200000000000024320193
B1859053645940N11906250WA0016400000000000025320306
B1859063645940N11906250WA0016400000000000022351307
B1859073645940N11906250WA0016400000000000025003307
B1859083645950N11906250WA0016600000000000026010307
B1859093645950N11906250WA0016800000000000027028010
B1859103645950N11906240WA0017000000000000027036010
B1859113645950N11906240WA0017100000000000025043043
B1859123645950N11906230WA0017000000000000023051043
B1859133645950N11906230WA0017300000000000023062064
B1859143645950N11906220WA0017400000000000023069063
B1859153645950N11906220WA0017600000000000022080085
B1859163645950N11906220WA0017900000000000019091085
B1859173645950N11906210WA0018100000000000015094085
B1859183645950N11906210WA0018200000000000012092120
B1859193645940N11906210WA0018300000000000009091120
B1859203645940N11906210WA0018400000000000008101132
B1859213645940N11906210WA0018400000000000006083132
B1859223645940N11906210WA0018500000000000009017132
B1859233645940N11906210WA0019000000000000010013132
B1859243645940N11906220WA0019500000000000012011132
B1859253645950N11906220WA0019700000000000011022358
B1859263645950N11906210WA0019900000000000021060020
B1859273645950N11906210WA0019900000000000023065074
B1859283645950N11906210WA0019900000000000022074074
B1859293645950N11906200WA0019800000000000022081074
B1859303645950N11906190WA0020100000000000024104097
B1859313645950N11906190WA0020300000000000027111119
B1859323645940N11906180WA0020400000000000030116119
B1859333645940N11906180WA0020500000000000032123128
B1859343645930N11906170WA0020500000000000030133128
B1859353645930N11906170WA0020400000000000024145144
B1859363645920N11906180WA0020500000000000020163144
B1859373645920N11906180WA0020600000000000021210173
B1859383645920N11906190WA0020700000000000024221173
B1859393645920N11906190WA0020700000000000021242219
B1859403645920N11906200WA0020700000000000022255219
B1859413645920N11906200WA0020800000000000023262245
B1859423645920N11906210WA0021100000000000025272245
B1859433645920N11906210WA0021400000000000031303261
B1859443645920N11906220WA0021700000000000033309261
B1859453645930N11906220WA0021700000000000030313301
B1859463645930N11906230WA0021600000000000030318305
B1859473645930N11906230WA0021500000000000029318320
B1859483645940N11906240WA0021300000000000027315321
B1859493645940N11906240WA0021500000000000030317325
B1859503645940N11906240WA0022000000000000032319326
B1859513645950N11906240WA0022300000000000031326323
B1859523645950N11906240WA0022600000000000025335335
B1859533645960N11906240WA0022900000000000024346333
B1859543645960N11906240WA0023200000000000025000349
B1859553645970N11906230WA0023500000000000029016347
B1859563645970N11906220WA0023600000000000030031023
B1859573645970N11906220WA0023700000000000026042039
B1859583645970N11906210WA0023700000000000025061039
B1859593645970N11906200WA0023800000000000026072075
B1900003645960N11906190WA0024100000000000028080088
B1900013645960N11906190WA0024200000000000028083094
B1900023645960N11906180WA0024500000000000026084086
B1900033645960N11906180WA0024900000000000023089092
B1900043645960N11906180WA0025200000000000019090093
B1900053645960N11906190WA0025200000000000013090093
B1900063645960N11906190WA0025100000000000004090111
B1900073645960N11906200WA0025200000000000011305112
B1900083645960N11906210WA0025200000000000019303279
B1900093645960N11906220WA0025200000000000025319288
B1900103645970N11906220WA0025600000000000025327307
B1900113645970N11906220WA0025800000000000026331308
B1900123645970N11906230WA0026000000000000028322309
B1900133645970N11906230WA0026000000000000027307310
B1900143645980N11906240WA0026000000000000026303319
B1900153645980N11906240WA0026000000000000024310310
B1900163645990N11906250WA0026000000000000028319307
B1900173645990N11906250WA0026100000000000033318311
B1900183645990N11906260WA0026100000000000034310311
B1900193646000N11906260WA0026000000000000035308312
B1900203646000N11906270WA0025800000000000034309310
B1900213646000N11906270WA0025800000000000036309309
B1900223646010N11906280WA0025800000000000042312313
B1900233646010N11906290WA0026100000000000040312314
B1900243646020N11906290WA0026400000000000042311313
B1900253646020N11906300WA0026600000000000042314316
B1900263646020N11906300WA0026400000000000039316318
B1900273646030N11906310WA0026300000000000036320316
B1900283646030N11906310WA0026100000000000035322319
B1900293646040N11906310WA0026100000000000036323311
B1900303646040N11906320WA0026000000000000035326311
B1900313646040N11906320WA0025800000000000032325313
B1900323646050N11906320WA0025600000000000029323313
B1900333646050N11906330WA0025300000000000028320307
B1900343646060N11906330WA0025100000000000035318303
B1900353646060N11906340WA0025000000000000038313308
B1900363646060N11906340WA0025000000000000036311319
B1900373646070N11906350WA0024900000000000033316320
B1900383646070N11906350WA0024600000000000031322309
B1900393646070N11906350WA0024400000000000033320311
B1900403646080N11906360WA0024200000000000036314308
B1900413646080N11906360WA0024200000000000039310311
B1900423646090N11906370WA0024300000000000038311310
B1900433646090N11906370WA0024400000000000038314307
B1900443646090N11906380WA0024300000000000035314305
B1900453646100N11906380WA0024100000000000031310307
B1900463646100N11906390WA0024000000000000031308306
B1900473646100N11906390WA0023900000000000034309309
B1900483646110N11906400WA0023900000000000034312302
B1900493646110N11906400WA0023900000000000033313295
B1900503646110N11906410WA0023800000000000031310298
B1900513646110N11906410WA0023700000000000030304298
B1900523646120N11906420WA0023600000000000031303287
B1900533646120N11906420WA0023500000000000034304294
E190132PEVVario Device disconnected
E190134CGDSwitched location to Internal
B1901343646242N11906607WA0020201596004003037315304
B1901353646246N11906612WA0020101593004003035316302
B1901363646249N11906616WA0019901590004003034311296
B1901373646252N11906622WA0019701589004003034305300
B1901383646256N11906627WA0019501586004003038306301
B1901393646259N11906632WA0019501585004003038309303
B1901403646262N11906638WA0019201585004003038305298
B1901413646265N11906643WA0019101584004003032304296
B1901423646268N11906647WA0018901583004003032303294
B1901433646270N11906652WA0018701581004003028306299
B1901443646273N11906656WA0018601579004003028311301
B1901453646277N11906661WA0018501578004003035315302
B1901463646281N11906665WA0018401576004003038318306
B1901473646285N11906669WA0018301575004003038322313
B1901483646290N11906673WA0018201575004003038328313
B1901493646294N11906676WA0018101574004003033333318
B1901503646299N11906680WA0017901573004003035330315
B1901513646303N11906684WA0017801570004003035319308
B1901523646308N11906689WA0017701568004003039318308
B1901533646311N11906694WA0017601569004003037312309
B1901543646315N11906699WA0017501569004003037319310
B1901553646318N11906702WA0017401569004003031318308
B1901563646322N11906706WA0017301567004003029316307
B1901573646325N11906710WA0017201566004003029314308
B1901583646329N11906715WA0017101564004003035314310
B1901593646332N11906720WA0017001562004003036312307
B1902003646336N11906724WA0017001561004003036312306
B1902013646340N11906729WA0017001558004003036312308
B1902023646344N11906734WA0016801558004004036313309
B1902033646347N11906739WA0016701556004006037313306
B1902043646351N11906743WA0016601552004003037316308
B1902053646355N11906748WA0016401550004003037316307
B1902063646359N11906753WA0016301549004003039316305
B1902073646363N11906758WA0016101548004003040318302
B1902083646368N11906763WA0015901548004003041319303
B1902093646373N11906768WA0015701547004003042322303
B1902103646377N11906774WA0015601546004003042316298
B1902113646381N11906779WA0015401547004003042314294
B1902123646385N11906783WA0015301544004003035311291
B1902133646388N11906788WA0015201543004003034310291
B1902143646391N11906792WA0015101543004003034308296
B1902153646395N11906797WA0015001543004003034312295
B1902163646398N11906802WA0014901542004003034316292
B1902173646402N11906806WA0014901543004003035311288
B1902183646405N11906811WA0014801544004003033306290
B1902193646408N11906816WA0014701545004003033307291
B1902203646411N11906819WA0014701546004003030314295
B1902213646414N11906823WA0014701547004003029323291
B1902223646417N11906826WA0014801547004003029322291
B1902233646419N11906829WA0014901547004003017305275
B1902243646420N11906832WA0015101547004003020293273
B1902253646423N11906835WA0015101547004003020307307
B1902263646424N11906838WA0015201548004003020311273
B1902273646426N11906840WA0015201548004003019313288
B1902283646428N11906842WA0015301546004003017301286
B1902293646430N11906846WA0015301544004003021300283
B1902303646432N11906850WA0015301540004003021304298
B1902313646435N11906855WA0015301537004003030311288
B1902323646440N11906860WA0015101537004003037322289
B1902333646444N11906864WA0014901539004003036322296
B1902343646447N11906868WA0014701540004003036317299
B1902353646450N11906872WA0014501540004003028314293
B1902363646452N11906874WA0014401536004003026314297
B1902373646455N11906878WA0014301533004003026321297
B1902383646459N11906881WA0014301531004003033321292
B1902393646463N11906885WA0014301528004003034320298
B1902403646467N11906889WA0014201529004003034320305
B1902413646470N11906893WA0014001528004003034325299
B1902423646473N11906895WA0013801526004003030327304
B1902433646477N11906900WA0013601523004003032316297
B1902443646481N11906904WA0013401520004003039311288
B1902453646485N11906910WA0013201517004003039308288
B1902463646489N11906916WA0013001516004003041309297
B1902473646493N11906921WA0012701515004003041312297
B1902483646497N11906926WA0012501514004003035313294
B1902493646500N11906931WA0012201513004003035306290
B1902503646503N11906936WA0012101514004003035310287
B1902513646505N11906942WA0012001512004003035299288
B1902523646508N11906948WA0011901510004003035299295
B1902533646511N11906953WA0011901507004003035303292
B1902543646514N11906958WA0011701504004003037306288
B1902553646517N11906964WA0011601503004003037302287
B1902563646520N11906970WA0011401501004003037300289
B1902573646522N11906976WA0011201500004003037300292
B1902583646526N11906981WA0010901499004003034304292
B1902593646529N11906986WA0010701498004003034309290
B1903003646531N11906990WA0010501496004003032306288
B1903013646534N11906996WA0010401495004003032299280
B1903023646536N11907001WA0010301492004003032300281
B1903033646539N11907006WA0010101489004003034295281
B1903043646541N11907012WA0010001487004003034289271
B1903053646542N11907019WA0009901484004003034278254
B1903063646542N11907026WA0009701482004003035268255
B1903073646541N11907032WA0009501481004003037253244
B1903083646539N11907038WA0009201480004003037242241
B1903093646536N11907044WA0009001478004003037229228
B1903103646532N11907048WA0008801477004003036219217
B1903113646528N11907052WA0008601476004003036211212
B1903123646523N11907055WA0008401474004003036202200
B1903133646517N11907057WA0008301472004003042191191
B1903143646511N11907058WA0008101470004003046184186
B1903153646504N11907058WA0008001468004003046175177
B1903163646497N11907057WA0007801468004003046172163
B1903173646491N11907056WA0007601467004003046170165
B1903183646485N11907055WA0007501464004003041166162
B1903193646478N11907053WA0007501459004003046163164
B1903203646471N11907050WA0007301455004003046163160
B1903213646463N11907048WA0007201451004003052163150
B1903223646455N11907044WA0007001447004003055162143
B1903233646447N11907039WA0006601446004003059152143
B1903243646440N11907035WA0006301444004003059151144
B1903253646433N11907030WA0006001443004003054151147
B1903263646425N11907027WA0005701441004003054162154
B1903273646419N11907025WA0005401441004003049163154
B1903283646412N11907022WA0005201439004003044159155
B1903293646406N11907018WA0005001439004003044150144
B1903303646401N11907013WA0004901438004003043145168
B1903313646395N11907009WA0004701436004003043148186
B1903323646389N11907006WA0004701434004003044155182
B1903333646383N11907002WA0004601433004003048160166
B1903343646377N11906999WA0004501434004003048157164
B1903353646371N11906996WA0004401434004003043158162
B1903363646365N11906993WA0004301433004003041157160
B1903373646360N11906991WA0004201432004003039161154
B1903383646354N11906990WA0004101430004003041163154
B1903393646348N11906987WA0004001428004003045162155
B1903403646341N11906983WA0003901424004003045159155
B1903413646335N11906980WA0003801426004003046152156
B1903423646330N11906977WA0003601425004003046158150
B1903433646324N11906975WA0003401424004003035168153
B1903443646318N11906973WA0003301423004003038165158
B1903453646313N11906970WA0003301422004003038156155
B1903463646307N11906966WA0003201420004003042148145
B1903473646301N11906961WA0003101421004003053144137
B1903483646294N11906955WA0003001423004003054145142
B1903493646289N11906950WA0003001426004003053145145
B1903503646284N11906946WA0003001429004003046142151
B1903513646282N11906941WA0003001428004003032133143
B1903523646278N11906936WA0003101429004003037129131
B1903533646273N11906931WA0003301429004003037137130
B1903543646268N11906927WA0003501431004003042151136
B1903553646263N11906927WA0003701431004003034188152
B1903563646259N11906929WA0003801432004003034216191
B1903573646256N11906932WA0003901435004003030231224
B1903583646257N11906936WA0004001436004003028291244
B1903593646260N11906940WA0004101437004003029315313
B1904003646263N11906943WA0004201437004003032333339
B1904013646269N11906942WA0004301438004003032013358
B1904023646274N11906940WA0004401438004003041015032
B1904033646278N11906933WA0004501439004003044060037
B1904043646280N11906926WA0004601441004003044076068
B1904053646281N11906919WA0004601441004003044087083
B1904063646281N11906910WA0004701441004003044087093
B1904073646278N11906903WA0004801443004003045106094
B1904083646272N11906898WA0004801441004003047147115
B1904093646267N11906895WA0004901442004003040168157
B1904103646261N11906894WA0004901443004003040189180
B1904113646257N11906894WA0004901442004003035185201
B1904123646254N11906897WA0004901444004003030224200
B1904133646252N11906900WA0004901444004003024243239
B1904143646252N11906905WA0005001444004003027264258
B1904153646253N11906909WA0005001443004003029294277
B1904163646254N11906914WA0005101444004003028294299
B1904173646255N11906918WA0005101446004003028283300
B1904183646255N11906920WA0005201447004003023268300
B1904193646256N11906923WA0005301449004003013292297
B1904203646258N11906925WA0005301449004003020320307
B1904213646261N11906927WA0005401450004003020335330
B1904223646265N11906926WA0005601449004003022013337
B1904233646270N11906924WA0005601450004003034030007
B1904243646273N11906919WA0005701452004003041053026
B1904253646276N11906912WA0005801453004003044072054
B1904263646277N11906903WA0005901455004003044090074
B1904273646275N11906896WA0005901455004003049111094
B1904283646271N11906890WA0006001456004003049140120
B1904293646267N11906884WA0006001455004003044132152
B1904303646261N11906887WA0006101454004003044176146
B1904313646256N11906888WA0006101455004003043202193
B1904323646253N11906890WA0006101454004003032221222
B1904333646251N11906894WA0006101454004003024232243
B1904343646251N11906898WA0006001454004003025279256
B1904353646251N11906902WA0006001454004003025289291
B1904363646253N11906906WA0006001454004003025294304
B1904373646254N11906909WA0006001455004003020299306
B1904383646255N11906913WA0006001455004003020294300
B1904393646256N11906917WA0006001454004003024289307
B1904403646257N11906921WA0006001454004003027282305
B1904413646258N11906926WA0006001454004003027286306
B1904423646260N11906930WA0006001455004003027304312
B1904433646263N11906934WA0006001455004003026326321
B1904443646266N11906935WA0006001456004003026348334
B1904453646270N11906935WA0006001457004003026005345
B1904463646274N11906934WA0006101458004003026015000
B1904473646278N11906931WA0006201459004003029034006
B1904483646281N11906927WA0006301459004003029055023
B1904493646283N11906922WA0006401459004003035074041
B1904503646284N11906915WA0006501458004003043085063
B1904513646282N11906907WA0006501459004003043104078
B1904523646279N11906900WA0006601460004003044131101
B1904533646274N11906897WA0006601459004003044165137
B1904543646269N11906896WA0006601461004003038167185
B1904553646265N11906900WA0006601461004003038221190
B1904563646262N11906903WA0006601463004003036234245
B1904573646260N11906906WA0006601463004003025245259
B1904583646259N11906910WA0006701462004003022257276
B1904593646260N11906915WA0006701460004003028283288
B1905003646262N11906919WA0006701459004003028293301
B1905013646263N11906924WA0006701460004003028299309
B1905023646268N11906927WA0006701458004003030328310
B1905033646273N11906929WA0006701461004003031349328
B1905043646277N11906932WA0006701461004003031331343
B1905053646281N11906935WA0006701463004003034322332
B1905063646285N11906939WA0006701463004003034324330
B1905073646290N11906941WA0006801464004003034332342
B1905083646295N11906942WA0006901463004003034347348
B1905093646300N11906942WA0007001466004003033001353
B1905103646304N11906942WA0007001467004003033002359
B1905113646307N11906943WA0007101468004003024340001
B1905123646310N11906944WA0007201468004003024344347
B1905133646313N11906945WA0007301469004003022340345
B1905143646317N11906946WA0007301467004003028350343
B1905153646322N11906946WA0007401467004003031356347
B1905163646326N11906947WA0007501467004003029355357
B1905173646330N11906947WA0007501467004003029359352
B1905183646334N11906947WA0007501468004003026004359
B1905193646337N11906944WA0007601469004003024031002
B1905203646338N11906939WA0007601466004003034072019
B1905213646340N11906933WA0007601467004003032082061
B1905223646338N11906925WA0007601465004003034110069
B1905233646336N11906918WA0007501464004003041109109
B1905243646330N11906911WA0007401462004003054134106
B1905253646327N11906903WA0007301465004003054115134
B1905263646325N11906896WA0007201467004003047105116
B1905273646322N11906891WA0007101469004003040121109
B1905283646319N11906886WA0007101467004003032135126
B1905293646314N11906881WA0007101465004003041141136
B1905303646310N11906874WA0007201464004003052131140
B1905313646305N11906866WA0007301466004003052125139
B1905323646300N11906859WA0007301471004003052130141
B1905333646296N11906855WA0007301474004003047137159
B1905343646292N11906852WA0007401475004003024160160
B1905353646289N11906850WA0007401475004003024149167
B1905363646286N11906847WA0007601473004003024139159
B1905373646282N11906842WA0007801470004003027135155
B1905383646278N11906837WA0008001469004003038138160
B1905393646273N11906833WA0008101471004003042139164
B1905403646269N11906828WA0008101472004003042136157
B1905413646266N11906824WA0008001473004003034137160
B1905423646263N11906820WA0008001473004003031133153
B1905433646259N11906815WA0008001473004003031134149
B1905443646254N11906810WA0008001473004003044137146
B1905453646249N11906805WA0008001474004003044139150
B1905463646245N11906800WA0008001475004003043134155
B1905473646242N11906795WA0008101477004003036131150
B1905483646239N11906789WA0008101477004003036127143
B1905493646236N11906784WA0008201473004003032124145
B1905503646232N11906779WA0008201471004003037128139
B1905513646229N11906773WA0008101469004003037126138
B1905523646224N11906766WA0008101467004003045127135
B1905543646220N11906759WA0007901467004003047131133
B1905553646216N11906753WA0007901466004003047131138
B1905563646212N11906748WA0007701466004003041135137
B1905573646208N11906743WA0007601464004003038132144
B1905583646204N11906736WA0007401463004003046128141
B1905593646200N11906730WA0007301462004003048126137
B1906003646195N11906723WA0007201462004003046126133
B1906013646191N11906716WA0007101461004003046125134
B1906023646188N11906709WA0007001462004003046123135
B1906033646184N11906702WA0006901462004003045122130
B1906043646181N11906696WA0006901463004003045125128
B1906053646177N11906689WA0006801464004003044123132
B1906063646173N11906683WA0006801465004003041124127
B1906073646170N11906677WA0006901467004003041125135
B1906083646167N11906672WA0007001470004003035126133
B1906093646160N11906665WA0007301472004003029160151
B1906103646156N11906664WA0007501470004003029183182
B1906113646151N11906666WA0007601470004003032205208
B1906123646147N11906669WA0007701470004003035207230
B1906133646145N11906676WA0007801474004003037241233
B1906143646145N11906681WA0007901475004003035292261
B1906153646148N11906684WA0007901475004003031322302
B1906163646152N11906686WA0008001475004003031352328
B1906173646156N11906686WA0008101475004003034008353
B1906183646161N11906685WA0008301476004003036019010
B1906193646166N11906682WA0008301476004003036031021
B1906203646170N11906678WA0008301476004003036046032
B1906213646172N11906672WA0008401476004003036067046
B1906223646173N11906665WA0008401475004003043085067
B1906233646173N11906656WA0008401476004003047103084
B1906243646171N11906649WA0008401477004003043119103
B1906253646167N11906645WA0008401480004003040140121
B1906263646164N11906642WA0008501481004003035159148
B1906273646160N11906641WA0008501482004003028180174
B1906283646155N11906639WA0008601485004003030170203
B1906293646151N11906642WA0008701484004003030210194
B1906303646148N11906645WA0008801486004003030226236
B1906313646147N11906649WA0008901486004003026256252
B1906323646147N11906654WA0009001486004003028284277
B1906333646149N11906658WA0009101486004003031306299
B1906343646152N11906662WA0009201487004003031325320
B1906353646156N11906664WA0009301487004003031349337
B1906363646161N11906664WA0009301488004003032008353
B1906373646166N11906661WA0009401487004003038027011
B1906383646170N11906657WA0009401487004003040043030
B1906393646173N11906652WA0009401488004003040059045
B1906403646176N11906645WA0009401487004003040068058
B1906413646177N11906637WA0009401487004003041082068
B1906423646177N11906630WA0009401487004003044095082
B1906433646176N11906622WA0009401488004003044112096
B1906443646173N11906616WA0009401489004003043132118
B1906453646169N11906612WA0009401489004003040147142
B1906463646165N11906609WA0009401490004003036157161
B1906473646161N11906607WA0009401491004003026163175
B1906483646157N11906607WA0009401490004003026175191
B1906493646152N11906606WA0009501491004003026182207
B1906503646148N11906606WA0009601490004003033172209
B1906513646144N11906610WA0009601492004003035226205
B1906523646141N11906614WA0009701494004003028243245
B1906533646140N11906619WA0009701494004003028268262
B1906543646140N11906623WA0009801494004003026281283
B1906553646142N11906627WA0009901495004003026304292
B1906563646146N11906630WA0009901492004003026330307
B1906573646149N11906634WA0009901494004003032317332
B1906583646155N11906632WA0009901491004003041000326
B1906593646160N11906629WA0009901492004003041030000
B1907003646165N11906625WA0009801491004003044034026
B1907013646168N11906618WA0009801494004003044052033
B1907023646168N11906606WA0009701490004003059091049
B1907033646169N11906597WA0009601490004003059087093
B1907043646170N11906589WA0009501492004003049076088
B1907053646172N11906581WA0009501494004003043074083
B1907063646173N11906573WA0009501494004003040085086
B1907073646173N11906565WA0009501494004003045095102
B1907083646172N11906556WA0009601493004003050098110
B1907093646171N11906547WA0009701494004003046098107
B1907103646170N11906539WA0009801495004003046095110
B1907113646170N11906531WA0009901496004003042094114
B1907123646169N11906524WA0009901494004003043097111
B1907133646168N11906516WA0009901493004003045098110
B1907143646167N11906507WA0010001492004003045101116
B1907153646165N11906499WA0010001491004003046103116
B1907163646164N11906491WA0010001490004003046106120
B1907173646162N11906483WA0009901489004003045108124
B1907183646160N11906475WA0009801487004003046109122
B1907193646157N11906466WA0009701487004003046109122
B1907203646155N11906458WA0009601486004003046113124
B1907213646152N11906451WA0009501486004003046117126
B1907223646149N11906444WA0009401486004003041121133
B1907233646146N11906437WA0009301485004003041117130
B1907243646143N11906430WA0009201484004003041113132
B1907253646141N11906423WA0009201482004003041112135
B1907263646138N11906416WA0009101481004003043117134
B1907273646135N11906409WA0009001480004003041121141
B1907283646132N11906402WA0008901479004003041119144
B1907293646129N11906396WA0008801477004003038117139
B1907303646127N11906390WA0008701474004003038118148
B1907313646123N11906384WA0008601471004003038128154
B1907323646118N11906378WA0008401468004003042140163
B1907333646113N11906375WA0008201467004003042153166
B1907343646109N11906371WA0008001467004003042142162
B1907353646105N11906366WA0007701464004003035133163
B1907363646102N11906361WA0007501461004003033127164
B1907373646099N11906357WA0007501458004003033133162
B1907383646095N11906353WA0007301455004003035137164
B1907393646091N11906348WA0007101455004003035136161
B1907403646086N11906342WA0006901455004003040132165
B1907413646083N11906337WA0006701456004003040133155
B1907423646080N11906333WA0006501457004003028124161
B1907433646077N11906328WA0006301457004003029126157
B1907443646075N11906324WA0006301458004003029126157
B1907453646072N11906319WA0006301460004003029129155
B1907463646070N11906315WA0006301461004003029118165
B1907473646068N11906310WA0006401461004003027119151
B1907483646066N11906306WA0006501461004003028129150
B1907493646063N11906302WA0006601460004003028133168
B1907503646059N11906298WA0006601460004003028137160
B1907513646056N11906294WA0006701460004003031135167
B1907523646053N11906290WA0006701460004003032131168
B1907533646050N11906286WA0006701460004003032130158
B1907543646048N11906282WA0006601458004003028128164
B1907553646045N11906278WA0006601456004003028127159
B1907563646042N11906273WA0006501454004003030129157
B1907573646038N11906268WA0006501454004003037129155
B1907583646035N11906263WA0006401453004003037128157
B1907593646033N11906258WA0006201452004003031124156
B1908003646030N11906253WA0006101451004003031124160
B1908013646027N11906248WA0006001450004003037125156
B1908023646023N11906242WA0005901450004003037127153
B1908033646020N11906237WA0005901451004003036131151
B1908043646017N11906232WA0005801451004003036124144
B1908053646013N11906226WA0005801452004003039126156
B1908063646010N11906221WA0005801453004003039130165
B1908073646007N11906218WA0005801454004003034137175
B1908083646004N11906214WA0005801454004003027140175
B1908093646001N11906211WA0005901453004003026137173
B1908103645997N11906208WA0005901451004003034148169
B1908113645993N11906204WA0006001450004003034148172
B1908123645988N11906201WA0006001451004003036153172
B1908133645982N11906200WA0005901456004003036161179
B1908143645978N11906198WA0005901457004003027159183
B1908153645974N11906196WA0006001459004003027159184
B1908163645970N11906194WA0006101460004003027163184
B1908173645967N11906194WA0006201462004003027175189
B1908183645964N11906196WA0006401463004003024214200
B1908193645963N11906199WA0006601462004003023264232
B1908203645962N11906203WA0006801462004003023263269
B1908213645965N11906207WA0006901463004003023307271
B1908223645968N11906209WA0007001465004003029340302
B1908233645972N11906209WA0007101465004003030009331
B1908243645977N11906208WA0007101466004003037021358
B1908253645982N11906206WA0007201467004003040025014
B1908263645987N11906202WA0007301468004003040035019
B1908273645992N11906196WA0007301468004003041049029
B1908283645995N11906189WA0007301468004003043063044
B1908293645998N11906181WA0007401468004003049074061
B1908303645998N11906172WA0007501470004003049088074
B1908313645997N11906165WA0007501472004003047108091
B1908323645995N11906160WA0007601474004003041131115
B1908333645991N11906156WA0007701475004003034154145
B1908343645988N11906154WA0007801477004003026161175
B1908353645985N11906153WA0007901479004003026176192
B1908363645982N11906154WA0008101479004003021213208
B1908373645981N11906157WA0008201480004003021257237
B1908383645982N11906162WA0008401480004003024293266
B1908393645984N11906165WA0008501483004003034326293
B1908403645987N11906169WA0008601485004003034316319
B1908413645993N11906168WA0008701486004004034347313
B1908423645998N11906160WA0008901489004003039050337
B1908433646002N11906155WA0009001491004003043045046
B1908443646006N11906148WA0009201491004003044062043
B1908453646009N11906140WA0009301493004003049078064
B1908463646010N11906131WA0009501492004003049079084
B1908473646008N11906123WA0009601495004003049112085
B1908483646005N11906116WA0009701497004003048120125
B1908493646003N11906111WA0009801500004003028134136
B1908503646000N11906109WA0010001501004003028157161
B1908513645997N11906108WA0010101501004003022192183
B1908523645995N11906110WA0010301501004003022228218
B1908533645993N11906113WA0010401501004003021252241
B1908543645994N11906116WA0010401501004003024287257
B1908553645994N11906121WA0010501501004003024289281
B1908563645998N11906122WA0010601502004003024341281
B1908573646001N11906125WA0010701502004003028331323
B1908583646007N11906126WA0010701504004003029354319
B1908593646012N11906127WA0010701505004003031350341
B1909003646018N11906122WA0010801507004003048034340
B1909013646023N11906117WA0010901509004003048041032
B1909023646028N11906110WA0011001511004003050054040
B1909033646031N11906101WA0011201515004003052062056
B1909043646033N11906093WA0011401517004003048071066
B1909053646031N11906085WA0011601521004003048108077
B1909063646030N11906079WA0011801523004003045118122
B1909073646027N11906074WA0012101523004003034129138
B1909083646024N11906070WA0012301524004003033139155
B1909093646020N11906067WA0012501525004003028149167
B1909103646017N11906065WA0012701524004003028165179
B1909113646014N11906064WA0012801523004003025182195
B1909123646011N11906065WA0012901523004003021195209
B1909133646010N11906067WA0012901521004003018253219
B1909143646010N11906071WA0012801520004003024278256
B1909153646010N11906075WA0012801520004003024280273
B1909163646012N11906078WA0012701520004003023302281
B1909173646013N11906082WA0012701520004003022293287
B1909183646015N11906085WA0012601521004003020294295
B1909193646016N11906088WA0012601522004003017301297
B1909203646017N11906090WA0012601522004003017322303
B1909213646020N11906092WA0012601522004003017329308
B1909223646024N11906094WA0012701520004003019347313
B1909233646030N11906095WA0012701519004003035351328
B1909243646037N11906094WA0012701521004003050005345
B1909253646043N11906091WA0012701523004003050025003
B1909263646049N11906085WA0012701526004003050051025
B1909273646054N11906080WA0012801530004003048042055
B1909283646055N11906073WA0012801528004004045056045
B1909293646052N11906061WA0013001531004003055093061
B1909303646050N11906053WA0013101533004003055101105
B1909313646048N11906047WA0013301536004003043124114
B1909323646046N11906041WA0013501538004003034118149
B1909333646044N11906036WA0013601540004003031118151
B1909343646042N11906034WA0013801539004003017152155
B1909353646039N11906034WA0014001539004003020198203
B1909363646036N11906036WA0014201539004003020213226
B1909373646034N11906037WA0014401542004003020206235
B1909383646032N11906038WA0014501545004003018207245
B1909393646032N11906039WA0014601545004003006207249
B1909403646034N11906040WA0014701542004003018330251
B1909413646036N11906043WA0014801539004003018308295
B1909423646037N11906047WA0014801536004003025287283
B1909433646039N11906051WA0014801535004003028287290
B1909443646042N11906056WA0014701537004003033306297
B1909453646046N11906059WA0014701539004003035340309
B1909463646052N11906059WA0014501538004003035002338
B1909473646059N11906060WA0014401541004003046359349
B1909483646065N11906058WA0014301544004003046018356
B1909493646070N11906055WA0014301544004003039029017
B1909503646073N11906046WA0014401543004003057076030
B1909513646073N11906037WA0014601543004003056096088
B1909523646070N11906028WA0014701545004003056118113
B1909533646068N11906022WA0014801548004003051135137
B1909543646064N11906019WA0014901551004003024148156
B1909553646063N11906016WA0015001553004003024130183
B1909563646061N11906012WA0015101553004003019119177
B1909573646059N11906010WA0015301553004003019134184
B1909583646056N11906008WA0015501551004003020155190
B1909593646052N11906006WA0015701551004003030168209
B1910003646048N11906005WA0015701554004003030160205
B1910013646045N11906003WA0015801557004003029152208
B1910023646041N11906001WA0015801558004003024157199
B1910033646038N11906000WA0015801559004003024165205
B1910043646034N11905999WA0015901559004003030165206
B1910053646029N11905997WA0016001559004003036163205
B1910063646024N11905994WA0016101561004003036158196
B1910073646020N11905992WA0016201563004003036156201
B1910083646015N11905990WA0016301565004003029157207
B1910093646011N11905988WA0016401565004003030164208
B1910103646007N11905987WA0016501565004003030177207
B1910113646003N11905988WA0016501565004003030189222
B1910123646000N11905989WA0016601566004003022206227
B1910133645997N11905990WA0016701566004003022207231
B1910143645994N11905991WA0016701566004003018188224
B1910153645991N11905991WA0016801564004003018185220
B1910163645987N11905992WA0016901562004003024182213
B1910173645981N11905991WA0016901562004003044176213
B1910183645975N11905991WA0016901562004003044170202
B1910193645969N11905989WA0016801562004003041159209
B1910203645964N11905987WA0016801562004003037163201
B1910213645959N11905985WA0016701561004003035161187
B1910223645954N11905983WA0016601560004003034168200
B1910233645950N11905981WA0016601558004003034157190
B1910243645945N11905977WA0016601557004003034151192
B1910253645939N11905974WA0016501556004003040153194
B1910263645934N11905971WA0016501555004003040154185
B1910273645930N11905969WA0016401552004003030159197
B1910283645926N11905967WA0016201549004003030159169
B1910293645921N11905965WA0016101544004003030158194
B1910303645916N11905962WA0015901540004003036161190
B1910313645910N11905959WA0015601537004003038158196
B1910323645904N11905958WA0015301536004003041168196
B1910333645898N11905956WA0015001533004003041171195
B1910343645893N11905955WA0014601532004003038170198
B1910353645888N11905953WA0014301530004003035166198
B1910363645882N11905952WA0014301527004003035166200
B1910373645876N11905951WA0014101525004003041170210
B1910383645870N11905950WA0013901524004003041175210
B1910393645865N11905949WA0013701523004003040177207
B1910403645859N11905948WA0013501522004003038172208
B1910413645853N11905947WA0013301521004003038169200
B1910423645847N11905946WA0013101520004003042168203
B1910433645841N11905945WA0012901519004003042172206
B1910443645836N11905944WA0012801519004003038172206
B1910453645831N11905943WA0012701517004003035176205
B1910463645825N11905942WA0012601515004003035172210
B1910473645820N11905941WA0012501513004003035170212
B1910483645815N11905941WA0012401511004003035171217
B1910493645809N11905942WA0012301514004003035183224
B1910503645805N11905942WA0012201514004003032188226
B1910513645800N11905944WA0012101516004003035190216
B1910523645795N11905944WA0012101515004003032182221
B1910533645790N11905944WA0012101516004003032181220
B1910543645785N11905945WA0012101515004003032185223
B1910553645780N11905946WA0012201513004003032189222
B1910563645775N11905947WA0012201511004003036188226
B1910573645770N11905947WA0012101510004003036178209
B1910583645765N11905947WA0012001510004003036175222
B1910593645760N11905946WA0011901509004003034174210
B1911003645754N11905946WA0011801507004003034178216
B1911013645749N11905946WA0011601504004003034180207
B1911023645743N11905946WA0011601502004003040182211
B1911033645737N11905946WA0011501501004003040182190
B1911043645731N11905947WA0011301501004003039186209
B1911053645725N11905948WA0011201500004003039183219
B1911063645720N11905946WA0011001500004003039167191
B1911073645714N11905944WA0010801499004003042161181
B1911083645708N11905942WA0010701498004003042159181
B1911093645702N11905941WA0010701496004003041170192
B1911103645696N11905940WA0010601494004003041173199
B1911113645689N11905940WA0010601492004003043177195
B1911123645682N11905939WA0010501491004003048175190
B1911133645675N11905938WA0010401490004003048168192
B1911143645668N11905937WA0010201489004003048170195
B1911153645662N11905936WA0010001488004003046169192
B1911163645656N11905935WA0009801486004003042178200
B1911173645649N11905935WA0009601484004003045181204
B1911183645642N11905935WA0009501482004003045176203
B1911193645636N11905934WA0009301481004003045172200
B1911203645629N11905933WA0009101479004003044177203
B1911213645623N11905934WA0009001477004003043188211
B1911223645616N11905934WA0008801476004003045180211
B1911233645611N11905936WA0008601474004003045196211
B1911243645605N11905936WA0008501473004003040186201
B1911253645599N11905937WA0008401471004003040185207
B1911263645593N11905938WA0008201470004003040188208
B1911273645587N11905940WA0008201468004003042188205
B1911283645580N11905940WA0008101466004003045181207
B1911293645573N11905940WA0007901464004003045177201
B1911303645566N11905940WA0007701462004003047178209
B1911313645559N11905941WA0007601461004003048188203
B1911323645552N11905943WA0007401460004003047187206
B1911333645546N11905943WA0007201460004003047186203
B1911343645539N11905943WA0007101459004003043179193
B1911353645533N11905944WA0006901457004003043182201
B1911363645526N11905942WA0006801455004003043175202
B1911373645519N11905943WA0006701455004003045182205
B1911383645513N11905943WA0006701455004003045183202
B1911393645506N11905943WA0006601454004003045177199
B1911403645499N11905942WA0006501454004003045168194
B1911413645493N11905941WA0006401454004003045170192
B1911423645486N11905939WA0006301453004003043170194
B1911433645480N11905939WA0006201452004003043173189
B1911443645473N11905937WA0006201452004003043169192
B1911453645467N11905936WA0006101451004003044170187
B1911463645460N11905934WA0006001451004003045165185
B1911473645454N11905932WA0006001451004003045170190
B1911483645447N11905932WA0005901451004003045175192
B1911493645441N11905931WA0005801450004003044175189
B1911503645434N11905930WA0005801450004003043172195
B1911513645428N11905928WA0005801450004003043167198
B1911523645422N11905927WA0005701449004003043172202
B1911533645415N11905927WA0005701448004003044181206
B1911543645409N11905928WA0005701447004003044184206
B1911553645402N11905927WA0005701446004003044177204
B1911563645396N11905926WA0005601445004003044175198
B1911573645389N11905926WA0005601445004003044175205
B1911583645383N11905927WA0005501444004003044187212
B1911593645376N11905929WA0005401443004003044196211
B1912003645370N11905930WA0005301443004003044194212
B1912013645363N11905931WA0005201445004003044183205
B1912023645358N11905930WA0005201446004003037172207
B1912033645353N11905930WA0005101447004003037174215
B1912043645349N11905930WA0005101447004003031183221
B1912053645344N11905931WA0005201447004003029189223
B1912063645339N11905932WA0005301446004003029193231
B1912073645334N11905934WA0005301446004003035197233
B1912083645330N11905936WA0005401446004003035205239
B1912093645325N11905939WA0005401446004003035210246
B1912103645321N11905942WA0005401447004003034210246
B1912113645317N11905945WA0005401448004003031208251
B1912123645313N11905948WA0005401448004003031209243
B1912133645309N11905951WA0005501449004003031218251
B1912143645305N11905955WA0005501449004003031222258
B1912153645302N11905959WA0005601450004003031220253
B1912163645298N11905963WA0005701451004003033226258
B1912173645295N11905966WA0005701451004003031218265
B1912183645292N11905969WA0005701450004003026230265
B1912193645290N11905974WA0005801450004003026240265
B1912203645288N11905978WA0005801449004003030238263
B1912213645284N11905983WA0005801449004003033230256
B1912223645281N11905987WA0005801449004003031223249
B1912233645278N11905991WA0005801450004003031221252
B1912243645275N11905995WA0005801450004003029222255
B1912253645272N11905998WA0005801449004003029221254
B1912263645268N11906002WA0005801448004003029221250
B1912273645265N11906006WA0005801448004003030223250
B1912283645262N11906010WA0005801447004003030225252
B1912293645258N11906014WA0005801446004003032226247
B1912303645255N11906018WA0005801445004003032228250
B1912313645252N11906022WA0005701444004003032225243
B1912323645248N11906026WA0005601444004003031219242
B1912333645245N11906030WA0005601444004003031215234
B1912343645241N11906033WA0005501443004003032215230
B1912353645237N11906037WA0005501442004003033216233
B1912363645233N11906040WA0005401441004003033215232
B1912373645229N11906043WA0005301441004003035204213
B1912383645224N11906045WA0005201442004003035195221
B1912393645220N11906047WA0005101442004003029194221
B1912403645216N11906049WA0005001441004003029203226
B1912413645212N11906051WA0005001439004003029207222
B1912423645208N11906054WA0005001437004003029205226
B1912433645203N11906056WA0004901435004003031203232
B1912443645199N11906058WA0004901435004003031197250
B1912453645195N11906060WA0004801435004003031198243
B1912463645192N11906061WA0004601435004003025203238
B1912473645188N11906063WA0004501435004003025200231
B1912483645184N11906065WA0004401433004003025193230
B1912493645179N11906066WA0004301432004003035189225
B1912503645174N11906067WA0004301433004003035189237
B1912513645170N11906068WA0004301433004003034190238
B1912523645166N11906069WA0004201433004003030195239
B1912533645162N11906070WA0004101432004003026198244
B1912543645158N11906072WA0004101431004003024208243
B1912553645155N11906074WA0004101430004003024209248
B1912563645152N11906077WA0004001430004003024219252
B1912573645149N11906080WA0004001430004003027215246
B1912583645146N11906083WA0004001430004003027217246
B1912593645143N11906086WA0003901430004003025216246
B1913003645140N11906089WA0003901429004003027216246
B1913013645136N11906093WA0003801429004003027217243
B1913023645132N11906096WA0003801429004003030218244
B1913033645128N11906100WA0003801430004003032220244
B1913043645125N11906104WA0003801431004003029221235
B1913053645122N11906107WA0003801431004003029221244
B1913063645119N11906111WA0003801430004003028218242
B1913073645115N11906114WA0003801430004003028219240
B1913083645112N11906118WA0003801430004003028221246
B1913093645108N11906121WA0003801431004003032218250
B1913103645104N11906125WA0003801431004003032218252
B1913113645101N11906128WA0003801431004003031226265
B1913123645099N11906132WA0003801431004003027242274
B1913133645098N11906137WA0003901431004003027261284
B1913143645098N11906142WA0003901430004003028277292
B1913153645098N11906146WA0003901430004003028284306
B1913163645100N11906150WA0003901430004003028311311
B1913173645103N11906153WA0003901430004003024313316
B1913183645106N11906154WA0003901428004003023339317
B1913193645109N11906156WA0003901427004003024347330
B1913203645113N11906156WA0003901424004003024358331
B1913213645117N11906156WA0003801423004003024003336
B1913223645121N11906156WA0003701421004003028007341
B1913233645125N11906153WA0003601420004003029026346
B1913243645129N11906150WA0003501419004003029043002
B1913253645133N11906146WA0003301417004003034039018
B1913263645135N11906140WA0003201416004003034063019
B1913273645138N11906133WA0003001416004003039067048
B1913283645140N11906126WA0002901418004003043076055
B1913293645140N11906118WA0002801419004003043093071
B1913303645139N11906111WA0002701420004003043108097
B1913313645138N11906105WA0002701421004003037107118
B1913323645135N11906099WA0002801420004003037124121
B1913333645131N11906093WA0002901420004003037125137
B1913343645128N11906087WA0003001419004003042130140
B1913353645123N11906081WA0003001419004003042134146
B1913363645119N11906076WA0003001420004003040139151
B1913373645115N11906072WA0003001420004003039139155
B1913383645110N11906067WA0003001420004003039140161
B1913393645106N11906063WA0002901419004003037146167
B1913403645101N11906059WA0002901418004003039153171
B1913413645095N11906056WA0002901417004003039159178
B1913423645089N11906054WA0002901416004003040160185
B1913433645084N11906052WA0002801416004003040165190
B1913443645079N11906049WA0002801417004003038162203
B1913453645074N11906051WA0002701414004003038180212
B1913463645069N11906052WA0002601413004003034198223
B1913473645064N11906055WA0002601412004003034212237
B1913483645061N11906058WA0002501412004003033222245
B1913493645057N11906062WA0002401412004003030230252
B1913503645055N11906066WA0002301412004003030231262
B1913513645052N11906070WA0002301412004003026230258
B1913523645050N11906073WA0002301412004003025239263
B1913533645048N11906078WA0002201411004003025243269
B1913543645046N11906083WA0002201410004003029248273
B1913553645045N11906088WA0002201409004003030249276
B1913563645043N11906093WA0002201407004003029248278
B1913573645042N11906097WA0002101407004003029248279
B1913583645040N11906102WA0002101406004003027251281
B1913593645039N11906106WA0002001405004003022252275
B1914003645039N11906109WA0002001403004003022261285
B1914013645037N11906114WA0001701399004003022249281
B1914023645036N11906119WA0001701397004003027244270
B1914033645034N11906125WA0001601395004003034244269
B1914043645032N11906130WA0001401394004003028247270
B1914053645030N11906134WA0001201394004003028240269
B1914063645028N11906137WA0001001391004003023217256
B1914073645026N11906140WA0000801386004003021228245
B1914083645021N11906144WA0000601385004003023213248
B1914093645017N11906148WA0000401383004003032223257
B1914103645015N11906152WA0000201384004003032229254
B1914113645011N11906155WA0000001382004003027223250
B1914123645008N11906158WA-000101381004003026209248
B1914133645005N11906161WA-000201379004003026214247
B1914143645001N11906165WA-000301378004003032220250
B1914153644998N11906169WA-000401378004003032228252
B1914163644995N11906173WA-000501378004003030226250
B1914173644992N11906176WA-000601379004003029223258
B1914183644988N11906180WA-000701378004003034221253
B1914193644984N11906184WA-000701377004003035219250
B1914203644980N11906188WA-000701378004003034217259
B1914213644977N11906192WA-000801379004003033218254
B1914223644974N11906196WA-000801379004003030221249
B1914233644970N11906200WA-000801377004003032221250
B1914243644966N11906204WA-000801375004003032217240
B1914253644961N11906208WA-000901376004003037211230
B1914263644956N11906210WA-000901376004003035195208
B1914273644951N11906214WA-000901376004003044205200
B1914283644946N11906210WA-001001376004003040151180
B1914293644940N11906208WA-001001375004003040159166
B1914303644935N11906205WA-001001375004003039153159
B1914313644930N11906201WA-001101373004003039146144
B1914323644926N11906197WA-001101371004003038132129
B1914333644923N11906191WA-001201370004003038117122
B1914343644920N11906184WA-001301369004003041115125
B1914353644918N11906177WA-001401367004003041114124
B1914363644915N11906170WA-001601364004003041114125
B1914373644911N11906163WA-001701364004003041120116
B1914383644908N11906155WA-001901364004003047117118
B1914393644905N11906148WA-002001365004003047115115
B1914403644902N11906140WA-002201365004003044114117
B1914413644900N11906133WA-002301364004003044112113
B1914423644897N11906125WA-002401362004003043113111
B1914433644895N11906117WA-002401360004003043111110
B1914443644893N11906108WA-002501358004003046103113
B1914453644891N11906100WA-002601357004003047104098
B1914463644890N11906093WA-002701355004003047105101
B1914473644888N11906086WA-002901352004003039112114
B1914483644885N11906079WA-003001348004003039112116
B1914493644883N11906071WA-003201346004003044110118
B1914503644880N11906062WA-003401345004003049110118
B1914513644878N11906054WA-003401343004003049110115
B1914523644876N11906048WA-003601343004003045116118
B1914533644873N11906041WA-003901342004003040115117
B1914543644870N11906034WA-004101340004003040114117
B1914553644868N11906026WA-004301338004003045111118
B1914563644865N11906018WA-004401337004003048110116
B1914573644863N11906010WA-004601336004003047111122
B1914583644860N11906002WA-004701334004003047113120
B1914593644858N11905994WA-004901333004003046114115
B1915003644855N11905986WA-005101333004003047114119
B1915013644851N11905979WA-005201332004003047116114
B1915023644849N11905971WA-005301330004003047113112
B1915033644847N11905962WA-005401330004003047108096
B1915043644846N11905953WA-005601330004003047101102
B1915053644845N11905946WA-005701330004003044099103
B1915063644844N11905938WA-005801329004003044100108
B1915073644843N11905931WA-005801328004003042100099
B1915083644842N11905923WA-005901326004003040092094
B1915093644842N11905916WA-005901323004003040090095
B1915103644842N11905908WA-006001321004003040089098
B1915113644842N11905901WA-006101320004003040089093
B1915123644842N11905893WA-006301318004003040087088
B1915133644843N11905885WA-006401316004003041086084
B1915143644843N11905877WA-006601313004003044086086
B1915153644843N11905869WA-006801310004003045087098
B1915163644844N11905860WA-007001308004003045087093
B1915173644844N11905852WA-007001306004003045091098
B1915183644843N11905844WA-007301304004003045094092
B1915193644843N11905836WA-007501302004003044094095
B1915203644843N11905827WA-007701301004003045093094
B1915213644842N11905819WA-007901299004003048097096
B1915223644841N11905810WA-008101298004003048096084
B1915233644841N11905801WA-008301297004003048089073
B1915243644842N11905793WA-008501295004003045071068
B1915253644844N11905785WA-008601294004003044066074
B1915263644846N11905777WA-008801292004003046069075
B1915273644848N11905769WA-008901292004003046073078
B1915283644850N11905761WA-009101293004003046075094
B1915293644851N11905754WA-009201293004003044081093
B1915303644851N11905746WA-009301294004003039093098
B1915313644851N11905739WA-009301293004003040099106
B1915323644850N11905731WA-009301293004003040097112
B1915333644849N11905724WA-009301294004003040098100
B1915343644848N11905717WA-009301294004003040098115
B1915353644847N11905709WA-009201294004003040099112
B1915363644846N11905702WA-009201295004003040103115
B1915373644845N11905695WA-009201296004003039104118
B1915383644843N11905687WA-009101296004003039104110
B1915393644841N11905680WA-009101297004003040106127
B1915403644839N11905674WA-009001297004003038113136
B1915413644836N11905668WA-009001297004003038127141
B1915423644832N11905663WA-008901295004003037145155
B1915433644827N11905660WA-008901295004003037160171
B1915443644821N11905657WA-008901296004003042159182
B1915453644816N11905654WA-008901298004003037159184
B1915463644811N11905652WA-008901298004003037152181
B1915473644807N11905649WA-008901298004003035155186
B1915483644802N11905647WA-008901297004003034158180
B1915493644797N11905644WA-008901296004003034156190
B1915503644792N11905640WA-008801296004003042144180
B1915513644787N11905635WA-008801297004003042137179
B1915523644783N11905631WA-008801298004003041138165
B1915533644779N11905629WA-008901298004003035154161
B1915543644775N11905626WA-008901297004003027150177
B1915553644771N11905623WA-008901296004003032150180
B1915563644766N11905619WA-008901294004003040147177
B1915573644761N11905614WA-009001294004003040145169
B1915583644756N11905610WA-009001295004003041148177
B1915593644751N11905607WA-009101296004003041147174
B1916003644747N11905603WA-009201295004003035143173
B1916013644743N11905599WA-009201294004003039143167
B1916023644737N11905594WA-009201293004003039146174
B1916033644732N11905590WA-009301293004003042150173
B1916043644726N11905587WA-009301293004003044155178
B1916053644720N11905583WA-009301295004003046158177
B1916063644714N11905580WA-009201299004003046156180
B1916073644709N11905576WA-009201303004003043152194
B1916083644705N11905572WA-009201307004003038131183
B1916093644702N11905569WA-009001309004003031146177
B1916103644698N11905568WA-008801309004003027173193
B1916113644694N11905568WA-008501311004003029184217
B1916123644689N11905569WA-008101314004003029189231
B1916133644688N11905572WA-007901311004003029249239
B1916143644689N11905577WA-007701315004003021285277
B1916153644694N11905579WA-007501313004003039336301
B1916163644701N11905578WA-007401315004003048009336
B1916173644707N11905578WA-007301318004003042007007
B1916183644712N11905571WA-007201318004003048053008
B1916193644714N11905563WA-007101318004003049076051
B1916203644715N11905553WA-006901318004003061094082
B1916213644713N11905543WA-006801321004003061109105
B1916223644710N11905535WA-006701324004003060122126
B1916233644706N11905529WA-006501327004003047135140
B1916243644702N11905524WA-006401329004003033146161
B1916253644698N11905521WA-006201331004003033157181
B1916263644693N11905519WA-006001332004003033168196
B1916273644689N11905517WA-005801333004003033164206
B1916283644686N11905519WA-005601332004003032183210
B1916293644685N11905524WA-005401335004003028260224
B1916303644688N11905528WA-005301334004003029309270
B1916313644691N11905530WA-005201336004003029338302
B1916323644695N11905531WA-005101338004003029003323
B1916333644700N11905530WA-005101338004003039020341
B1916343644705N11905526WA-005001339004003045036003
B1916353644710N11905520WA-004901339004003045054022
B1916363644713N11905511WA-004801339004003050072049
B1916373644714N11905502WA-004701341004003052085079
B1916383644713N11905493WA-004601343004003053100097
B1916393644711N11905484WA-004501345004003052111121
B1916403644708N11905478WA-004401347004003046126137
B1916413644705N11905472WA-004301348004003041138158
B1916423644700N11905468WA-004201348004003037155179
B1916433644695N11905466WA-004101349004003037168202
B1916443644691N11905466WA-003901350004003035187206
B1916453644687N11905467WA-003801351004003029205230
B1916463644685N11905469WA-003701352004003022222240
B1916473644683N11905471WA-003601353004003014236254
B1916483644682N11905473WA-003501354004003014255266
B1916493644682N11905476WA-003401355004003014277272
B1916503644684N11905478WA-003301355004003016309283
B1916513644687N11905481WA-003201356004003021332297
B1916523644691N11905482WA-003101357004003031346311
B1916533644695N11905482WA-003101360004003031007328
B1916543644698N11905482WA-003001362004003029004344
B1916553644701N11905483WA-002901363004003018348331
B1916563644704N11905484WA-002801363004003018349330
B1916573644708N11905484WA-002701362004003033000335
B1916583644714N11905483WA-002601363004003039010348
B1916593644719N11905481WA-002601365004003037011000
B1917003644723N11905480WA-002501368004003037020354
B1917013644726N11905479WA-002401369004003026011354
B1917023644730N11905478WA-002301369004003024006354
B1917033644735N11905477WA-002201368004003034013002
B1917043644740N11905473WA-002101367004003034029016
B1917053644746N11905467WA-002001368004003048048031
B1917063644750N11905460WA-002001369004003050052061
B1917073644749N11905450WA-001901370004003055097066
B1917083644748N11905442WA-001901371004003055108115
B1917093644746N11905434WA-001901371004003044104135
B1917103644743N11905427WA-001801370004003044115131
B1917113644738N11905422WA-001801372004003043142147
B1917123644733N11905417WA-001701373004003042151174
B1917133644728N11905416WA-001701375004003042171194
B1917143644725N11905415WA-001701376004003032172218
B1917153644723N11905417WA-001601378004003023226224
B1917163644721N11905419WA-001501376004003015249258
B1917173644720N11905421WA-001401376004003015256277
B1917183644720N11905423WA-001301376004003015275288
B1917193644721N11905425WA-001201377004003014315299
B1917203644724N11905427WA-001101375004003014346314
B1917213644728N11905427WA-001101375004003025356326
B1917223644733N11905427WA-001101375004003037005337
B1917233644738N11905425WA-001101375004003038017354
B1917243644743N11905421WA-001101378004003038041006
B1917253644747N11905416WA-001101379004003041054026
B1917263644750N11905409WA-001101379004003043063046
B1917273644753N11905401WA-001101378004003050070064
B1917283644755N11905393WA-001001379004003052077078
B1917293644757N11905384WA-001001377004003050071091
B1917303644756N11905375WA-000901378004003049102091
B1917313644754N11905367WA-000901377004003048107115
B1917323644751N11905359WA-000901377004003047118130
B1917333644748N11905352WA-001001378004003047129149
B1917343644743N11905346WA-001001380004003046136164
B1917353644739N11905341WA-000901381004003042144173
B1917363644735N11905337WA-000901381004003037143183
B1917373644730N11905334WA-000901382004003037160189
B1917383644725N11905332WA-000801382004003037168212
B1917393644721N11905332WA-000701383004003033181216
B1917403644718N11905332WA-000601384004003025193237
B1917413644715N11905333WA-000601384004003021201246
B1917423644712N11905335WA-000501384004003018209247
B1917433644710N11905336WA-000401384004003018211263
B1917443644709N11905340WA-000401385004003018239272
B1917453644709N11905343WA-000401383004003020281282
B1917463644710N11905346WA-000401382004003020312301
B1917473644712N11905349WA-000401381004003020309318
B1917483644718N11905349WA-000401381004003040000310
B1917493644723N11905349WA-000501381004003039004349
B1917503644728N11905349WA-000501382004003039001348
B1917513644733N11905349WA-000501384004003036357348
B1917523644737N11905349WA-000501387004003023007351
B1917533644740N11905347WA-000501389004003027024344
B1917543644744N11905345WA-000401392004003027024010
B1917553644748N11905344WA-000301393004003027021002
B1917563644752N11905342WA-000101391004003027020349
B1917573644756N11905340WA0000001390004003029016354
B1917583644760N11905339WA0000101389004003031017357
B1917593644765N11905336WA0000101388004003031019007
B1918003644769N11905334WA0000101388004003033027006
B1918013644774N11905330WA0000101387004003036032011
B1918023644779N11905327WA0000001387004003036031010
B1918033644783N11905324WA0000001387004003036027007
B1918043644788N11905321WA0000001387004003034024009
B1918053644792N11905318WA0000001386004003032031011
B1918063644796N11905315WA0000001387004003032030025
B1918073644800N11905311WA-000101385004003036034002
B1918083644806N11905307WA-000101383004003042031015
B1918093644811N11905303WA-000201383004003042027003
B1918103644817N11905299WA-000201384004003043028018
B1918113644823N11905296WA-000301385004003043027013
B1918123644827N11905293WA-000301386004003035024012
B1918133644833N11905290WA-000301386004003036024010
B1918143644838N11905287WA-000301386004003036024009
B1918153644843N11905285WA-000201387004003037021357
B1918163644848N11905282WA-000201388004003037020358
B1918173644853N11905280WA-000201389004003036018009
B1918183644858N11905278WA-000101391004003036017000
B1918193644863N11905276WA0000001392004003035016352
B1918203644868N11905274WA0000001393004003033013002
B1918213644873N11905273WA0000101393004003033010356
B1918223644879N11905272WA0000201393004003038008349
B1918233644884N11905271WA0000301393004003038007350
B1918243644889N11905270WA0000401396004003037007341
B1918253644893N11905269WA0000501397004003031005358
B1918263644898N11905269WA0000501399004003030358347
B1918273644903N11905269WA0000601400004003034002000
B1918283644908N11905267WA0000701400004003040017020
B1918293644913N11905263WA0000801402004003040042037
B1918303644917N11905255WA0000901403004003048065054
B1918313644918N11905245WA0001001405004003056092083
B1918323644915N11905237WA0001101406004003056119114
B1918333644911N11905231WA0001201406004003052142147
B1918343644906N11905228WA0001301407004003047163175
B1918353644901N11905226WA0001501409004003041179200
B1918363644896N11905227WA0001601409004003031186223
B1918373644894N11905231WA0001701409004003031242239
B1918383644893N11905235WA0001801411004003025263271
B1918393644893N11905239WA0001901413004003024278285
B1918403644894N11905242WA0002001415004003018304303
B1918413644896N11905244WA0002001418004003021315310
B1918423644900N11905246WA0002101417004003021349323
B1918433644905N11905246WA0002201419004003034001334
B1918443644911N11905244WA0002401420004003038021353
B1918453644917N11905238WA0002501423004003048047012
B1918463644920N11905232WA0002701425004003048065043
B1918473644922N11905224WA0002801427004003044072063
B1918483644924N11905217WA0003001428004003044082077
B1918493644924N11905208WA0003201429004003044095091
B1918503644922N11905201WA0003401430004003046114110
B1918513644918N11905194WA0003601430004003046133141
B1918523644913N11905189WA0003701431004003044147167
B1918533644908N11905186WA0003901432004003041161180
B1918543644904N11905185WA0004001434004003037181202
B1918553644900N11905186WA0004101435004003026203227
B1918563644896N11905188WA0004201436004003026208241
B1918573644895N11905192WA0004301436004003024259269
B1918583644895N11905196WA0004401437004003024275281
B1918593644895N11905200WA0004601439004003024284302
B1919003644897N11905203WA0004701439004003022310311
B1919013644902N11905205WA0004701440004003034332319
B1919023644907N11905206WA0004801440004003033346339
B1919033644912N11905203WA0004901443004003034023344
B1919043644917N11905200WA0005001446004003038039012
B1919053644921N11905195WA0005201447004003039052029
B1919063644924N11905188WA0005301449004003047069043
B1919073644925N11905179WA0005301449004003047086067
B1919083644924N11905171WA0005501451004003047106091
B1919093644921N11905164WA0005601452004003047125122
B1919103644917N11905159WA0005801455004003038139151
B1919113644913N11905155WA0005901456004003038156170
B1919123644907N11905153WA0006001456004003036167190
B1919133644903N11905152WA0006101457004003035166207
B1919143644899N11905154WA0006301459004003032207220
B1919153644896N11905156WA0006401461004003023219247
B1919163644894N11905158WA0006501462004003023225244
B1919173644891N11905161WA0006701464004003021225255
B1919183644889N11905163WA0006801465004003021223258
B1919193644887N11905166WA0007001466004003021223268
B1919203644885N11905169WA0007201468004003019228266
B1919213644884N11905171WA0007401467004003019236268
B1919223644883N11905175WA0007501468004003019248277
B1919233644882N11905178WA0007701469004003020254287
B1919243644881N11905181WA0007801470004003020257280
B1919253644882N11905183WA0007901471004003013313286
B1919263644883N11905186WA0008001471004003014303306
B1919273644884N11905189WA0008101471004003014294285
B1919283644885N11905193WA0008201472004003018282305
B1919293644886N11905197WA0008301474004003023288283
B1919303644888N11905200WA0008301478004003023320314
B1919313644891N11905202WA0008401482004003025338331
B1919323644893N11905204WA0008401487004003023341322
B1919333644896N11905206WA0008501493004003021334320
B1919343644897N11905206WA0008701495004003017333308
B1919353644897N11905209WA0009001495004003015291309
B1919363644900N11905211WA0009401495004003024319309
B1919373644903N11905213WA0009701496004003024335328
B1919383644907N11905215WA0009901499004003029341333
B1919393644911N11905217WA0010201501004003029342335
B1919403644914N11905218WA0010301504004003024345332
B1919413644918N11905218WA0010501506004003024358351
B1919423644921N11905218WA0010701506004003024009355
B1919433644925N11905218WA0011001508004003026007359
B1919443644931N11905213WA0011201509004003027037000
B1919453644935N11905209WA0011401511004003042039024
B1919463644937N11905201WA0011601514004003046076034
B1919473644939N11905194WA0011701516004003042073075
B1919483644939N11905185WA0011801518004003046092078
B1919493644939N11905175WA0012001521004003049087097
B1919503644939N11905166WA0012201523004003050089095
B1919513644939N11905158WA0012301525004003050098097
B1919523644937N11905150WA0012601527004003044113122
B1919533644933N11905142WA0012801527004003044121132
B1919543644930N11905134WA0013001528004003048117143
B1919553644925N11905127WA0013201531004003047130127
B1919563644921N11905121WA0013301533004003047132139
B1919573644917N11905114WA0013501534004003046129157
B1919583644913N11905111WA0013501534004003041135150
B1919593644909N11905106WA0013701534004003043139149
B1920003644904N11905101WA0013801534004003042142177
B1920013644898N11905099WA0014001534004003042161174
B1920023644892N11905097WA0014101534004003042163199
B1920033644886N11905097WA0014101536004003042185214
B1920043644880N11905097WA0014201538004003040181220
B1920053644876N11905098WA0014201541004003030186238
B1920063644871N11905099WA0014201544004003030192247
B1920073644872N11905102WA0014401542004003029279255
B1920083644872N11905105WA0014501542004003022281287
B1920093644873N11905109WA0014701543004003022292298
B1920103644874N11905113WA0014901545004003023293301
B1920113644875N11905117WA0015001546004003023299308
B1920123644877N11905119WA0015101548004003018318306
B1920133644879N11905121WA0015201550004003018337318
B1920143644882N11905123WA0015301552004003021342327
B1920153644886N11905123WA0015401556004003028356334
B1920163644890N11905124WA0015601560004003028355346
B1920173644893N11905123WA0015901564004003026012345
B1920183644897N11905123WA0016101567004003022006338
B1920193644899N11905123WA0016401570004003022354332
B1920203644902N11905123WA0016701572004003014346326
B1920213644905N11905124WA0017001573004003017348332
B1920223644909N11905123WA0017001572004003017008358
B1920233644914N11905120WA0017301572004003030023003
B1920243644920N11905115WA0017501574004003048045030
B1920253644922N11905106WA0017701577004003056078055
B1920263644922N11905097WA0017801579004003056103088
B1920273644921N11905089WA0018001583004003052098124
B1920283644917N11905083WA0018101584004003044133115
B1920293644914N11905077WA0018301587004003040120134
B1920303644911N11905071WA0018501586004003033124134
B1920313644908N11905066WA0018701585004003036125140
B1920323644903N11905061WA0018901583004003036135154
B1920333644897N11905057WA0019101586004003041150170
B1920343644892N11905054WA0019201586004003041160198
B1920353644887N11905053WA0019201588004003033178207
B1920363644882N11905054WA0019301587004003033202233
B1920373644878N11905056WA0019301588004003030209250
B1920383644876N11905062WA0019301591004003030249257
B1920393644877N11905066WA0019401593004003026283280
B1920403644879N11905069WA0019501594004003030327298
B1920413644883N11905071WA0019601597004003030349326
B1920423644886N11905073WA0019801601004003030352338
B1920433644890N11905073WA0020001604004003022352344
B1920443644894N11905073WA0020201606004003023010349
B1920453644898N11905071WA0020501607004003023026002
B1920463644902N11905066WA0020801608004003032043016
B1920473644906N11905062WA0021001611004003038045034
B1920483644907N11905053WA0021301613004003047069044
B1920493644907N11905045WA0021301613004003039083069
B1920503644905N11905039WA0021401615004004039099084
B1920513644902N11905033WA0021601616004004038116111
B1920523644899N11905027WA0021701615004003038121131
B1920533644896N11905021WA0021801615004003040131143
B1920543644891N11905016WA0021901613004003040148160
B1920553644885N11905013WA0022001612004003043163185
B1920563644878N11905012WA0022001615004003045172202
B1920573644872N11905013WA0022001615004003043180217
B1920583644866N11905015WA0022001617004003043192225
B1920593644864N11905019WA0022001620004004038210232
B1921003644863N11905022WA0022101621004003028254241
B1921013644862N11905025WA0022201621004003019245272
B1921023644861N11905029WA0022401620004003019259275
B1921033644861N11905032WA0022601621004003020270284
B1921043644863N11905036WA0022701619004003020306298
B1921053644865N11905040WA0022801621004003024311305
B1921063644867N11905042WA0022801622004003024310310
B1921073644868N11905045WA0022801622004003015296312
B1921083644869N11905047WA0022901621004003015303313
B1921093644871N11905050WA0022901621004003015320319
B1921103644875N11905051WA0022901618004003023349328
B1921113644879N11905050WA0022901617004003026014343
B1921123644883N11905048WA0022801618004003031029359
B1921133644887N11905045WA0022801619004003031049014
B1921143644890N11905041WA0022701620004003031053039
B1921153644894N11905037WA0022701619004003032041048
B1921163644895N11905030WA0022701621004003037063042
B1921173644896N11905022WA0022701620004003044086066
B1921183644896N11905014WA0022701621004003044098089
B1921193644895N11905007WA0022701621004003040106101
B1921203644893N11905000WA0022701620004003039111113
B1921213644891N11904993WA0022701620004003039111114
B1921223644887N11904986WA0022801619004003044124128
B1921233644883N11904979WA0022801619004003047129128
B1921243644878N11904973WA0022701619004003047136144
B1921253644873N11904967WA0022601621004003047140150
B1921263644868N11904963WA0022601621004003043147173
B1921273644863N11904959WA0022601623004003039153164
B1921283644858N11904956WA0022601624004003042159182
B1921293644852N11904953WA0022701626004003042159174
B1921303644846N11904951WA0022801627004003042157188
B1921313644841N11904948WA0022901630004003038156192
B1921323644837N11904946WA0023001630004003031157193
B1921333644832N11904944WA0023101628004003035166190
B1921343644826N11904942WA0023201625004003035166187
B1921353644820N11904940WA0023201621004003042162183
B1921363644813N11904935WA0023101619004003042153173
B1921373644806N11904931WA0023001617004003051152173
B1921383644800N11904928WA0022801617004003051157182
B1921393644794N11904926WA0022601616004003044165187
B1921403644789N11904924WA0022601614004003040170188
B1921413644783N11904923WA0022401612004003038170193
B1921423644777N11904921WA0022301609004003041170188
B1921433644771N11904920WA0022101604004003044170192
B1921443644764N11904920WA0022001602004003044177189
B1921453644757N11904918WA0021801600004003044170182
B1921463644751N11904916WA0021501597004003046158180
B1921473644745N11904912WA0021301593004003048153182
B1921483644738N11904909WA0021001589004003049158181
B1921493644731N11904907WA0020701584004003049166189
B1921503644723N11904906WA0020401580004003051176196
B1921513644716N11904905WA0020001576004003051175198
B1921523644709N11904905WA0019701575004003046177197
B1921533644702N11904903WA0019301573004003047172197
B1921543644695N11904901WA0018901570004003046164196
B1921553644689N11904899WA0018601566004003045169197
B1921563644682N11904899WA0018201562004003044181209
B1921573644676N11904899WA0017901558004003043184206
B1921583644669N11904899WA0017601555004003046179197
B1921593644662N11904898WA0017301552004003045172195
B1922003644655N11904897WA0017001549004003046167199
B1922013644648N11904896WA0016601547004003045175203
B1922023644642N11904896WA0016301544004003044181210
B1922033644635N11904896WA0016001542004003044184203
B1922043644629N11904896WA0016001539004003043182208
B1922053644622N11904896WA0015701536004003043178206
B1922063644616N11904897WA0015401534004003044183211
B1922073644609N11904897WA0015101531004003041183221
B1922083644604N11904900WA0014901530004003041204222
B1922093644598N11904902WA0014601527004003039200220
B1922103644592N11904904WA0014401525004003039191215
B1922113644586N11904905WA0014101523004003040185212
B1922123644580N11904906WA0013901520004003043191216
B1922133644574N11904909WA0013701518004003043198218
B1922143644568N11904911WA0013501517004003043195209
B1922153644561N11904912WA0013301516004003043183200
B1922163644555N11904912WA0013101515004003043178198
B1922173644549N11904913WA0012901514004003038188205
B1922183644543N11904915WA0012801513004003040197209
B1922193644537N11904916WA0012601511004003040191206
B1922203644531N11904917WA0012501510004003043186202
B1922213644524N11904918WA0012401509004003043187212
B1922223644518N11904920WA0012301508004003041194210
B1922233644513N11904922WA0012101507004003041201211
B1922243644507N11904925WA0012001506004003040198211
B1922253644500N11904926WA0011901504004003040191205
B1922263644494N11904928WA0011801502004003044186209
B1922273644487N11904929WA0011701500004003045189207
B1922283644481N11904931WA0011501501004003045193208
B1922293644475N11904933WA0011401500004003042193204
B1922303644469N11904934WA0011201499004003039189201
B1922313644463N11904935WA0011201497004003039186199
B1922323644457N11904936WA0011101495004003044187198
B1922333644450N11904938WA0011001493004003047190200
B1922343644443N11904939WA0010901491004003047189197
B1922353644436N11904940WA0010801491004003048185198
B1922363644429N11904941WA0010601490004003048184201
B1922373644423N11904942WA0010401490004003044188211
B1922383644417N11904944WA0010301489004003044192216
B1922393644411N11904945WA0010201487004003041190215
B1922403644405N11904947WA0010101487004003041194213
B1922413644398N11904949WA0010001486004003042191219
B1922433644392N11904951WA0009901485004003043198225
E192243TPCWaypoint LASTCH reached
B1922443644381N11904957WA0009801484004003042205231
B1922463644376N11904960WA0009701485004003037203231
B1922483644365N11904965WA0009601484004003036205239
B1922493644361N11904968WA0009601483004003035210240
B1922503644351N11904976WA0009501481004003037209237
B1922523644346N11904979WA0009501481004003037205235
B1922533644337N11904985WA0009301480004003035207241
B1922543644332N11904988WA0009301479004003033209239
B1922553644328N11904991WA0009201479004003033210239
B1922563644324N11904994WA0009201478004003033213246
B1922573644320N11904998WA0009201477004003033215260
B1922583644316N11905002WA0009101477004003033220255
B1922593644313N11905006WA0009001475004003032222262
B1923003644310N11905009WA0008901472004003030221251
B1923013644305N11905013WA0008701472004003033214251
B1923023644302N11905017WA0008601470004003032223259
B1923033644299N11905022WA0008501469004003032233263
B1923043644296N11905026WA0008301467004003031234260
B1923053644293N11905030WA0008201467004003028227257
B1923063644290N11905033WA0008101465004003029219254
B1923073644287N11905037WA0008001465004003029217254
B1923083644283N11905041WA0007801463004003030224259
B1923093644280N11905045WA0007701461004003030229257
B1923103644277N11905049WA0007501460004003031228254
B1923113644274N11905053WA0007401459004003031221255
B1923123644270N11905057WA0007201458004003031219260
B1923133644267N11905061WA0007101457004003031225264
B1923143644265N11905065WA0007001455004003029233260
B1923153644262N11905069WA0006801454004003029234264
B1923163644259N11905073WA0006701453004003030229259
B1923173644256N11905078WA0006601452004003030227260
B1923183644253N11905082WA0006401452004003030228264
B1923193644251N11905086WA0006301451004003028235267
B1923203644249N11905090WA0006201449004003027241271
B1923213644247N11905095WA0006201449004003028245265
B1923223644245N11905099WA0006201448004003028240272
B1923233644243N11905104WA0006101447004003028241275
B1923243644241N11905109WA0006001446004003030246272
B1923253644240N11905114WA0005901446004003028254286
B1923263644239N11905119WA0005801446004003028264278
B1923273644238N11905124WA0005701446004003028267278
B1923283644238N11905129WA0005701445004003025264280
B1923293644237N11905133WA0005601445004003025261280
B1923303644237N11905138WA0005601445004003026258278
B1923313644236N11905143WA0005601444004003027258279
B1923323644235N11905148WA0005601444004003027259277
B1923333644234N11905153WA0005601443004003028258277
B1923343644233N11905158WA0005601442004003028256278
B1923353644233N11905163WA0005501441004003027258281
B1923363644232N11905168WA0005501440004003028259282
B1923373644231N11905174WA0005401440004003028258281
B1923383644230N11905179WA0005301438004003030266280
B1923393644230N11905185WA0005201437004003031266283
B1923403644230N11905191WA0005201436004003032263275
B1923413644229N11905197WA0005101437004003032260274
B1923423644228N11905202WA0005001437004003031258278
B1923433644228N11905207WA0004901436004003028267277
B1923443644227N11905212WA0004901434004003028255273
B1923453644226N11905218WA0004801433004003032258274
B1923463644225N11905224WA0004801432004003034256273
B1923473644223N11905230WA0004801432004003033254272
B1923483644222N11905235WA0004701432004003033252271
B1923493644221N11905241WA0004601431004003031249271
B1923503644219N11905246WA0004501430004003029247271
B1923513644217N11905251WA0004401429004003030248270
B1923523644216N11905256WA0004401428004003030250268
B1923533644214N11905262WA0004301428004003031250267
B1923543644213N11905267WA0004301426004003031249268
B1923553644211N11905273WA0004201426004003033249268
B1923563644209N11905279WA0004101425004003034247264
B1923573644207N11905284WA0004001425004003033243269
B1923583644205N11905289WA0003801425022003031242260
B1923593644203N11905294WA0003801425022003030241263
B1924003644200N11905299WA0003701425022003029236264
B1924013644198N11905303WA0003701423022003031234257
B1924023644195N11905308WA0003601422022003031235259
B1924033644192N11905313WA0003601421022003033235259
B1924043644190N11905319WA0003501421004003033236259
B1924053644187N11905323WA0003501421004003032234251
B1924063644184N11905328WA0003401421004003032233254
B1924073644180N11905333WA0003301419004003032226246
B1924083644177N11905338WA0003201418004003035226244
B1924093644173N11905342WA0003201416004003035225249
B1924103644168N11905348WA0003101416004004045223244
B1924113644165N11905352WA0003001417004003045225239
B1924123644161N11905356WA0002901416004003034220244
B1924133644157N11905360WA0002901416004003034217235
B1924143644153N11905364WA0002901414004003035209233
B1924153644148N11905368WA0002801413004003039215240
B1924163644143N11905373WA0002801412004003041221245
B1924173644139N11905378WA0002701411004003040230251
B1924183644136N11905383WA0002701411004003040237253
B1924193644133N11905389WA0002601411004003035232253
B1924203644129N11905393WA0002501411004003031228253
B1924213644126N11905398WA0002401411004003032228257
B1924223644123N11905402WA0002301409004003032232257
B1924233644121N11905407WA0002301408004003032239256
B1924243644119N11905412WA0002201407004003032244255
B1924253644117N11905418WA0002101404004003032246265
B1924263644114N11905423WA0002001402004003035242263
B1924273644112N11905428WA0001901405004003032244268
B1924283644111N11905433WA0001801404004003030246260
B1924293644109N11905437WA0001701403004003027248262
B1924303644108N11905442WA0001701400004003028252266
B1924313644106N11905448WA0001601398004003033250259
B1924323644105N11905455WA0001501398004003033253276
B1924333644104N11905460WA0001401399004003033260277
B1924343644103N11905466WA0001301398004003030268270
B1924353644103N11905471WA0001201399004003030263275
B1924363644102N11905477WA0001101398004003032264262
B1924373644101N11905483WA0001101398004003032252261
B1924383644099N11905488WA0001101398004003032247268
B1924393644098N11905494WA0001001398004003030251264
B1924403644097N11905498WA0001001397004003026259267
B1924413644096N11905503WA0001001396004003029257269
B1924423644095N11905509WA0000901395004003029249263
B1924433644093N11905514WA0000901395004003031245264
B1924443644091N11905520WA0000901395004003031249265
B1924453644091N11905525WA0000801395004003027262270
B1924463644090N11905529WA0000701394004003027259268
B1924483644089N11905534WA0000701393004003025262268
B1924493644088N11905538WA0000601392004003025256274
B1924503644087N11905544WA0000501390004003033249270
B1924513644085N11905550WA0000501390004003033251270
B1924523644084N11905555WA0000401390004003031252265
B1924533644082N11905560WA0000301389004003031250259
B1924543644081N11905565WA0000201388004003028247263
B1924553644079N11905570WA0000101386004003029242257
B1924563644077N11905575WA0000101384004003030244259
B1924573644075N11905580WA0000001383004003030246252
B1924583644073N11905585WA0000001381004003030245256
B1924593644071N11905591WA-000201380004003031241256
B1925003644069N11905596WA-000301380004003031246256
B1925013644067N11905601WA-000401378004003032238259
B1925023644065N11905606WA-000601378004003031247254
B1925033644063N11905611WA-000701376004003032248253
B1925043644061N11905617WA-000901375004003032246256
B1925053644059N11905622WA-000901375004003033241253
B1925063644056N11905627WA-001001374004003033236250
B1925073644051N11905637WA-001201372004003031235253
B1925083644049N11905642WA-001301369004003031237258
B1925093644047N11905647WA-001401367004003031245258
B1925103644044N11905651WA-001501366004003031234248
B1925113644042N11905658WA-001601364004003031250256
B1925123644040N11905664WA-001801364004003036237249
B1925133644037N11905669WA-002001363004003036232251
B1925143644034N11905674WA-002101362004003031234251
B1925153644031N11905678WA-002301360004003031237251
B1925163644029N11905683WA-002401358004003031236249
B1925173644026N11905689WA-002501356004003031234245
B1925183644023N11905694WA-002601354004003036231245
B1925193644019N11905699WA-002801354004003035228249
B1925203644016N11905704WA-002901353004003035232251
B1925213644014N11905709WA-003101351004003030237251
B1925223644011N11905713WA-003201350004003030237253
B1925233644008N11905718WA-003401347004003030233243
B1925243644005N11905723WA-003501346004003037228242
B1925253644002N11905728WA-003701345004003037225244
B1925263643998N11905732WA-003801344004003035225243
B1925273643995N11905736WA-004001343004003032224247
B1925283643992N11905740WA-004101341004003029229240
B1925293643989N11905745WA-004301339004003034229243
B1925303643986N11905750WA-004301337004003035227243
B1925313643982N11905755WA-004401335004003035228239
B1925323643978N11905760WA-004601335004003036227241
B1925333643975N11905765WA-004701333004003036236247
B1925343643973N11905770WA-004901332004003031240251
B1925353643971N11905775WA-005001331004003031240254
B1925363643968N11905780WA-005201331004003031236249
B1925373643965N11905785WA-005301329004003031232251
B1925383643962N11905789WA-005401328004003032233251
B1925393643959N11905794WA-005501327004003033235253
B1925403643957N11905800WA-005601324004003033245257
B1925413643955N11905806WA-005801323004003033241253
B1925423643952N11905811WA-005901322004003033236256
B1925433643950N11905816WA-006101323004003032236256
B1925443643948N11905820WA-006201322004003026241259
B1925453643946N11905824WA-006301320004003028248266
B1925463643944N11905829WA-006401319004003028249261
B1925473643943N11905834WA-006501317004003028247255
B1925483643941N11905838WA-006601317004003027235259
B1925493643939N11905843WA-006601317004003026240261
B1925503643937N11905847WA-006701317004003026256265
B1925513643937N11905852WA-006701317004003026271266
B1925523643937N11905858WA-006801317004003028264263
B1925533643936N11905864WA-006801316004003032257262
B1925543643934N11905870WA-006801316004003034250258
B1925553643933N11905876WA-006801318004003034256266
B1925563643932N11905881WA-006901319004003029261264
B1925573643932N11905885WA-006901320004003027257257
B1925583643930N11905890WA-006901320004003027247255
B1925593643928N11905894WA-006801321004003028235242
B1926003643926N11905898WA-006701321004003029240227
B1926013643922N11905901WA-006701323004003029207227
B1926023643918N11905903WA-006601324004003030191198
B1926033643913N11905902WA-006401325004003032168188
B1926043643907N11905900WA-006301325004003042151168
B1926053643902N11905897WA-006201328004003042154146
B1926063643898N11905889WA-006001327004003042133140
B1926073643895N11905882WA-005901328004003045123114
B1926083643895N11905873WA-005901326004003046083106
B1926093643895N11905864WA-005801326004003048088061
B1926103643897N11905858WA-005801328004003048074062
B1926113643899N11905853WA-005801330004003039066046
B1926123643902N11905848WA-005801329004003028043036
B1926133643906N11905845WA-005801329004003028029012
B1926143643911N11905842WA-005701327004003038023002
B1926153643916N11905839WA-005701328004003038018356
B1926163643921N11905837WA-005701330004003038020355
B1926173643924N11905838WA-005701331004003032007340
B1926183643928N11905838WA-005601332004003025342331
B1926193643931N11905839WA-005601332004003022347330
B1926203643934N11905839WA-005601332004003024348322
B1926213643937N11905842WA-005601333004003024320314
B1926223643940N11905846WA-005501332004003026310300
B1926233643941N11905850WA-005401332004003026282279
B1926243643942N11905854WA-005401332004003024268264
B1926253643940N11905859WA-005401334004003029234249
B1926263643937N11905862WA-005301334004003026211218
B1926273643934N11905865WA-005301335004003029206199
B1926283643928N11905864WA-005201333004003029184186
B1926293643922N11905861WA-005101334004003046156171
B1926303643916N11905858WA-005101333004003046155142
B1926313643913N11905851WA-005101335004003043132136
B1926323643911N11905843WA-005101334004003043110117
B1926333643910N11905836WA-005101336004003043104096
B1926343643912N11905828WA-005101337004003042069089
B1926353643914N11905822WA-005001339004003042069046
B1926363643916N11905817WA-005001341004003034062046
B1926373643920N11905814WA-004901340004003031034036
B1926383643925N11905813WA-004801340004003031007005
B1926393643929N11905812WA-004801339004003029010345
B1926403643933N11905813WA-004701340004003029347336
B1926413643937N11905815WA-004701340004003027324321
B1926423643939N11905818WA-004701341004003026313307
B1926433643942N11905822WA-004701341004003026311301
B1926443643944N11905826WA-004601341004003027291283
B1926453643944N11905831WA-004601341004003027266268
B1926463643943N11905835WA-004601339004003027240253
B1926473643940N11905839WA-004601338004003027224231
B1926483643936N11905843WA-004601336004003031206218
B1926493643932N11905845WA-004601334004003035203208
B1926503643926N11905846WA-004701332004003039190190
B1926513643920N11905845WA-004801331004003039168170
B1926523643914N11905844WA-004901331004003041168169
B1926543643909N11905841WA-005101331004003040160165
B1926553643904N11905838WA-005201332004003040158165
B1926563643899N11905836WA-005301331004003037154167
B1926573643894N11905833WA-005301331004003037157185
B1926583643888N11905831WA-005401330004003043164187
B1926593643882N11905830WA-005401329004003043171200
B1927003643876N11905830WA-005401331004003041180219
B1927013643871N11905832WA-005401330004003038191223
B1927023643868N11905837WA-005401331004003033215231
B1927033643865N11905843WA-005401331004003034232241
B1927043643862N11905847WA-005401331004003034234250
B1927053643860N11905852WA-005401333004003031233255
B1927063643858N11905856WA-005301336004003031235257
B1927073643856N11905859WA-005201337004003021240260
B1927083643855N11905862WA-005201338004003020242266
B1927093643853N11905866WA-005101336004003024241267
B1927103643851N11905870WA-005001334004003024240271
B1927113643850N11905875WA-005001332004003027247270
B1927123643848N11905882WA-005101330004003035254272
B1927133643847N11905889WA-005201333004003035259273
B1927143643845N11905894WA-005201333004003035244268
B1927153643843N11905898WA-005301333004003028232265
B1927163643841N11905902WA-005501331004003027231262
B1927173643839N11905907WA-005501328004003027242261
B1927183643837N11905913WA-005601327004003038247260
B1927193643834N11905920WA-005601326004003038243260
B1927203643832N11905926WA-005601326004003038244263
B1927213643826N11905933WA-005801326004003029235258
B1927223643824N11905938WA-005901324004003029238256
B1927233643822N11905943WA-006001323004003034236257
B1927243643819N11905949WA-006001323004003034236256
B1927253643816N11905954WA-006001322004003036239262
B1927263643814N11905959WA-006101322004003036242264
B1927273643811N11905964WA-006201322004003027239257
B1927283643809N11905968WA-006301321004003028235256
B1927293643807N11905973WA-006301320004003028238254
B1927303643805N11905979WA-006401319004003031245257
B1927313643803N11905984WA-006401319004003034248255
B1927323643800N11905989WA-006401318004003030243252
B1927333643798N11905994WA-006501319004003030240252
B1927343643796N11905998WA-006501318004003028232252
B1927353643794N11906003WA-006601317004003028242247
B1927363643792N11906008WA-006601314004003028245243
B1927373643790N11906014WA-006701313004003036240247
B1927383643787N11906019WA-006801313004003036227245
B1927393643783N11906023WA-006801314004003035217241
B1927403643780N11906026WA-006901314004003031222241
B1927413643778N11906030WA-007001314004003026236245
B1927423643776N11906035WA-007001314004003027241243
B1927433643773N11906039WA-007001314004003030236247
B1927443643771N11906044WA-007001314004003029234250
B1927453643768N11906048WA-007001313004003029238256
B1927463643766N11906053WA-007001311004003029239259
B1927473643764N11906058WA-007101308004003032244254
B1927483643762N11906064WA-007101305004003034243255
B1927493643759N11906070WA-007301304004003034239254
B1927503643757N11906075WA-007401303004003034239256
B1927513643754N11906080WA-007601302004003034239258
B1927523643752N11906086WA-007701301004003032245261
B1927533643750N11906091WA-007901300004003033245262
B1927543643748N11906098WA-008001299004003033245262
B1927553643745N11906103WA-008201297004003036240265
B1927563643743N11906109WA-008301296004003036247266
B1927573643741N11906116WA-008401296004003040245264
B1927583643739N11906121WA-008601294004003040245264
B1927593643736N11906126WA-008701292004003034240262
B1928003643734N11906132WA-008801290004003034240262
B1928013643731N11906138WA-009001288004003036241260
B1928023643729N11906144WA-009101287004003037242259
B1928033643726N11906150WA-009201285004003037238259
B1928043643723N11906155WA-009201285004003037236262
B1928053643721N11906162WA-009401285004003037243265
B1928063643718N11906166WA-009501284004003034241262
B1928073643717N11906171WA-009701282004003029246262
B1928083643715N11906176WA-009801281004003030246269
B1928093643713N11906181WA-009901280004003030245266
B1928103643711N11906186WA-010001278004003031246263
B1928113643709N11906191WA-010101277004003031249267
B1928123643707N11906196WA-010201275004003028247267
B1928133643706N11906201WA-010401274004003028243262
B1928143643704N11906206WA-010501274004003028243264
B1928153643702N11906210WA-010601272004003028244262
B1928163643700N11906216WA-010701272004003028242269
B1928173643699N11906221WA-010801271004003026254266
B1928183643697N11906225WA-010901269004003026247266
B1928193643695N11906229WA-011001268004003026241272
B1928203643693N11906233WA-011101267004003026239267
B1928213643692N11906239WA-011201267004003028247273
B1928223643690N11906244WA-011301266004003028248270
B1928233643689N11906249WA-011401267004003028249266
B1928243643687N11906253WA-011501267004003028243263
B1928253643685N11906258WA-011501266004003027242268
B1928263643684N11906262WA-011601266004003027243266
B1928273643682N11906267WA-011601266004003027242263
B1928283643679N11906271WA-011601267004003027239267
B1928293643678N11906275WA-011601268004003026238262
B1928303643676N11906279WA-011601267004003024237269
B1928313643675N11906283WA-011601267004003024260285
B1928323643675N11906287WA-011601267004003023272285
B1928333643676N11906292WA-011601268004003026285298
B1928343643677N11906296WA-011601267004003023290292
B1928353643678N11906300WA-011601268004003023285295
B1928363643679N11906304WA-011601268004003022286299
B1928373643680N11906307WA-011601268004003019301304
B1928383643682N11906310WA-011601269004003021315315
B1928393643685N11906312WA-011601269004003021331331
B1928403643688N11906313WA-011601269004003022351343
B1928413643691N11906314WA-011601268004003022352353
B1928423643695N11906312WA-011501269004003031013009
B1928433643699N11906309WA-011501268004003034040023
B1928443643702N11906304WA-011501267004003034055037
B1928453643705N11906299WA-011501267004003035068056
B1928463643706N11906292WA-011501267004003036083071
B1928473643706N11906285WA-011601267004003040099084
B1928483643704N11906278WA-011601266004003041109102
B1928493643701N11906270WA-011601265004003041120117
B1928503643697N11906263WA-011601266004003048123129
B1928513643691N11906258WA-011601266004003048149151
B1928523643685N11906255WA-011601265004003047162170
B1928533643678N11906254WA-011701266004003047179187
B1928543643672N11906254WA-011701265004003045179209
B1928553643667N11906257WA-011701265004003040196221
B1928563643663N11906259WA-011701265004003036214236
B1928573643659N11906263WA-011701265004003031224246
B1928583643656N11906267WA-011701265004003031237262
B1929003643654N11906272WA-011701265004003027248268
B1929013643653N11906276WA-011701266004003027257276
B1929023643652N11906281WA-011701267004003026260293
B1929033643652N11906285WA-011701268004003026275287
B1929043643652N11906288WA-011701267004003021284301
B1929053643654N11906291WA-011701265004003017296305
B1929063643655N11906294WA-011701263004003017302311
B1929073643657N11906298WA-011701262004003024304321
B1929083643660N11906301WA-011701262004003025312327
B1929093643663N11906304WA-011801262004003025331331
B1929103643666N11906306WA-011901262004003025333335
B1929113643669N11906308WA-012001261004003023332332
B1929123643671N11906310WA-012101261004003022334325
B1929133643674N11906312WA-012101260004003023326326
B1929143643677N11906314WA-012201261004003022324303
B1929153643679N11906317WA-012201261004003023298307
B1929163643681N11906321WA-012201259004003023303303
B1929173643682N11906325WA-012201259004003026286297
B1929183643684N11906329WA-012201259004003026291292
B1929193643685N11906333WA-012201259004003024284290
B1929203643685N11906338WA-012301258004003024268286
B1929213643684N11906342WA-012301258004003025263280
B1929223643684N11906347WA-012301258004003026261281
B1929233643683N11906357WA-012301257004003026263282
B1929243643683N11906362WA-012301257004003027265280
B1929253643683N11906367WA-012401255004003027267290
B1929263643682N11906372WA-012401255004003027270284
B1929273643683N11906377WA-012501256004003028272280
B1929283643682N11906383WA-012501256004003028267288
B1929293643682N11906388WA-012601256004003028262273
B1929303643682N11906392WA-012601256004003027259271
B1929313643681N11906397WA-012601257004003024270275
B1929323643682N11906402WA-012501257004003026278283
B1929333643682N11906407WA-012501257004003026279274
B1929343643682N11906412WA-012501258004003028270276
B1929353643682N11906417WA-012401259004003028259264
B1929363643681N11906423WA-012401259004003033256272
B1929373643680N11906428WA-012401260004003033259279
B1929383643680N11906434WA-012401260004003032264270
B1929393643679N11906439WA-012301262004003029263277
B1929403643678N11906444WA-012301262004003029264276
B1929413643678N11906450WA-012201261004003030260274
B1929423643678N11906456WA-012201260004003033269275
B1929433643678N11906461WA-012101261004003032282290
B1929443643678N11906468WA-012101260004003033265287
B1929453643680N11906471WA-012101262004003032307283
B1929463643681N11906475WA-012101262004003021284280
B1929473643682N11906479WA-012101262004003025272270
B1929483643680N11906484WA-012001262004003025256261
B1929493643679N11906489WA-012001262004003027247260
B1929503643677N11906492WA-012001262004003027237244
B1929513643674N11906495WA-012001261004003028209228
B1929523643670N11906498WA-012001260004003034197211
B1929533643665N11906499WA-012001258004003034191200
B1929543643659N11906500WA-012001256004003040180172
B1929553643653N11906498WA-012001255004003040172150
B1929563643647N11906493WA-012101254004003053139144
B1929573643642N11906487WA-012201253004003053137105
B1929583643642N11906478WA-012401254004003051082102
B1929593643642N11906471WA-012501252004003045095051
B1930003643645N11906467WA-012601254004003038065060
B1930013643647N11906463WA-012701254004003026046033
B1930023643650N11906460WA-012701253004003026030013
B1930033643654N11906458WA-012701252004003026024003
B1930043643658N11906456WA-012701252004003030012352
B1930053643662N11906456WA-012701252004003030357338
B1930063643667N11906455WA-012801252004003033000331
B1930073643669N11906460WA-012801251004003033330323
B1930083643672N11906462WA-012901250004003027316306
B1930093643674N11906466WA-013001249004004026307298
B1930103643673N11906471WA-013101246004003026284292
B1930113643674N11906477WA-013101245004003032280289
B1930123643676N11906483WA-013201244004003034288296
B1930133643677N11906488WA-013201244004003032289296
B1930143643679N11906493WA-013301244004003031283290
B1930153643679N11906499WA-013401244004003031281286
B1930163643679N11906505WA-013501244004003034265291
B1930173643679N11906512WA-013601245004003034270291
B1930183643679N11906516WA-013601245004003033270285
B1930193643680N11906520WA-013701245004003025272281
B1930203643679N11906525WA-013701244004003021264283
B1930213643679N11906529WA-013701242004003025259276
B1930223643678N11906533WA-013701240004003025262275
B1930233643679N11906540WA-013801239004003025270275
B1930243643677N11906545WA-013801238004003033256269
B1930253643676N11906551WA-014001236004003033253273
B1930263643676N11906556WA-014101235004003027259276
B1930273643676N11906561WA-014301233004003027268284
B1930283643676N11906566WA-014501229004003027283288
B1930293643678N11906572WA-014701225004003030287294
B1930303643679N11906578WA-014901223004003031282286
B1930313643680N11906585WA-015101221004003035281290
B1930323643681N11906591WA-015301220004003035283290
B1930333643683N11906597WA-015601219004003034290283
B1930343643685N11906603WA-015801219004003034295289
B1930353643687N11906609WA-015901219004003034291283
B1930363643688N11906614WA-016001220004003031289279
B1930373643689N11906619WA-016001220004003031287277
B1930383643690N11906625WA-016001220004003030284272
B1930393643691N11906630WA-016001220004003030278267
B1930403643691N11906636WA-016001221004003030278262
B1930413643691N11906640WA-016001220004003025270277
B1930423643691N11906645WA-016001217004003025260277
B1930433643691N11906651WA-016001213004003025270274
B1930443643693N11906658WA-016101210004003032288290
B1930453643696N11906664WA-016201207004003040302294
B1930463643699N11906670WA-016401209004003035301286
B1930473643699N11906675WA-016601210004003035275280
B1930483643699N11906680WA-016901209004003027259278
B1930493643699N11906686WA-017001208004003027266278
B1930503643699N11906692WA-017101206004003029273276
B1930513643700N11906698WA-017201205004003033280278
B1930523643700N11906704WA-017201205004003034266277
B1930533643699N11906710WA-017301207004003033263280
B1930543643700N11906715WA-017401207004003031287289
B1930553643703N11906719WA-017501206004003031317306
B1930563643707N11906723WA-017501205004003034331315
B1930573643711N11906726WA-017501206004003034327317
B1930583643714N11906729WA-017501207004003028319313
B1930593643716N11906731WA-017501207004003024313323
B1931003643719N11906732WA-017501205004003022343333
B1931013643722N11906734WA-017501205004003025337339
B1931023643728N11906734WA-017601202004003040357338
B1931033643733N11906735WA-017601202004003037353343
B1931043643738N11906736WA-017601202004003037357344
B1931063643743N11906735WA-017701201004003033006352
B1931073643748N11906733WA-017901200004003034017001
B1931083643753N11906732WA-018001198004003034018002
B1931093643758N11906730WA-018201197004003035017002
B1931103643764N11906728WA-018201196004003040018003
B1931113643770N11906724WA-018301196004003042027018
B1931123643775N11906720WA-018401196004003042032013
B1931133643781N11906716WA-018501197004003042040027
B1931143643785N11906710WA-018501197004003042045017
B1931153643789N11906706WA-018601196004003033041026
B1931163643793N11906702WA-018601195004003033039018
B1931173643797N11906698WA-018601194004003033036021
B1931183643802N11906693WA-018601193004003037039028
B1931193643806N11906689WA-018601194004003039040015
B1931203643811N11906685WA-018701195004003035031011
B1931213643815N11906682WA-018701195004003035031003
B1931223643819N11906680WA-018701194004003030013352
B1931233643828N11906676WA-018701193004003030019002
B1931243643832N11906674WA-018701191004003036021358
B1931253643837N11906672WA-018701191004003036020352
B1931263643842N11906670WA-018801190004003035015010
B1931273643847N11906669WA-018901188004003035008352
B1931283643852N11906667WA-018901187004003033010349
B1931293643857N11906667WA-019001187004003032005349
B1931303643862N11906667WA-019101185004003034002354
B1931313643867N11906666WA-019201184004003034005347
B1931323643873N11906665WA-019401183004003037005349
B1931333643878N11906665WA-019501183004003037007001
B1931343643883N11906664WA-019601181004003035002341
B1931353643889N11906664WA-019701180004003038357344
B1931363643895N11906664WA-019801179004003038358345
B1931373643901N11906665WA-019901178004003038356338
B1931383643906N11906665WA-019901179004003038000334
B1931393643912N11906665WA-020001180004003035354331
B1931403643917N11906665WA-020101181004003035358339
B1931413643922N11906666WA-020101181004003032356337
B1931423643927N11906666WA-020101182004003032354332
B1931433643932N11906667WA-020001182004003033355338
B1931443643936N11906668WA-019901181004003033351340
B1931453643941N11906669WA-019901181004003033346334
B1931463643946N11906671WA-019801181004003033338325
B1931473643950N11906674WA-019801180004003033327320
B1931483643954N11906678WA-019901178004003033316310
B1931493643957N11906682WA-020001178004003028305309
B1931503643959N11906686WA-020001179004003028306304
B1931513643961N11906690WA-020101179004003026292290
B1931523643961N11906693WA-020201178004003019281280
B1931533643961N11906697WA-020201176004003019265267
B1931543643960N11906702WA-020301174004003029245254
B1931553643959N11906706WA-020301174004003029247236
B1931563643954N11906709WA-020301173004003029207232
B1931573643950N11906712WA-020401173004003033194209
B1931583643945N11906713WA-020501172004003034185196
B1931593643941N11906713WA-020601173004003034174183
B1932003643936N11906712WA-020701172004003034164166
B1932013643931N11906710WA-020801171004003034148152
B1932023643927N11906706WA-020901171004003034141133
B1932033643924N11906700WA-021001169004003036123118
B1932043643922N11906693WA-021101167004003041103095
B1932053643922N11906686WA-021101167004003042087085
B1932063643923N11906678WA-021201167004003042075074
B1932073643925N11906671WA-021301167004003044066056
B1932083643927N11906664WA-021401168004003044060055
B1932093643931N11906658WA-021401169004003041049038
B1932103643935N11906652WA-021401168004003041043027
B1932113643939N11906647WA-021401167004003039045017
B1932123643944N11906643WA-021401164004003039032024
B1932133643949N11906639WA-021401163004003040034015
B1932143643955N11906636WA-021401162004003040026015
B1932153643960N11906633WA-021501161004003040020023
B1932163643964N11906630WA-021601160004003034021006
B1932173643969N11906628WA-021701160004003033023008
B1932183643974N11906625WA-021901158004003033021009
B1932193643979N11906625WA-021901157004003032014351
B1932203643983N11906624WA-022001156004003032000348
B1932213643987N11906624WA-022001156004003031000347
B1932223643992N11906624WA-022101156004003029358342
B1932233643995N11906625WA-022201153004003026345338
B1932243643999N11906626WA-022301150004003030348347
B1932253644004N11906627WA-022401149004003031346343
B1932263644008N11906628WA-022501147004003030353340
B1932273644012N11906629WA-022701146004003030352342
B1932283644016N11906630WA-022801145004003028350337
B1932293644020N11906631WA-023001144004003029346337
B1932303644024N11906632WA-023201143004003029342332
B1932313644028N11906634WA-023301143004003027343337
B1932323644032N11906635WA-023501141004003027341334
B1932333644036N11906637WA-023601139004003027338325
B1932343644039N11906638WA-023701137004003027342337
B1932353644043N11906640WA-023901136004003027337326
B1932363644047N11906641WA-024001136004003027337333
B1932373644049N11906643WA-024201135004003023330328
B1932383644052N11906645WA-024301133004003022346340
B1932393644056N11906644WA-024401131004003029010359
B1932403644061N11906642WA-024501128004003037024006
B1932413644066N11906639WA-024601127004003037031015
B1932423644071N11906636WA-024801126004003039031011
B1932433644076N11906632WA-025001125004003039029011
B1932443644080N11906630WA-025101124004003030029011
B1932453644084N11906627WA-025101122004003031030009
B1932463644088N11906623WA-025301120004003031031012
B1932473644093N11906620WA-025401118004003035033019
B1932483644097N11906616WA-025601116004003039035021
B1932493644101N11906611WA-025701115004003038050043
B1932503644103N11906604WA-025901113004003039074065
B1932513644105N11906597WA-026001111004003039071106
B1932523644104N11906591WA-026201102004003039094122
B1932533644097N11906583WA-026401100004003040145145
B1932543644091N11906581WA-026701092004003042159194
B1932553644085N11906582WA-027001085004003042179223
B1932563644083N11906589WA-027301074004003042235251
B1932573644085N11906594WA-027801058004004033278182
B1932583644090N11906592WA-028401046004004025358238
B1932593644096N11906586WA-029001035005006030042317
B1933003644093N11906579WA-029801025005006030098013
B1933013644091N11906581WA-030701019004006025155086
B1933023644096N11906586WA-031701007004006025332164
B1933033644100N11906579WA-032700996004006025044310
B1933043644096N11906573WA-033800984004006028111022
B1933053644091N11906576WA-034900970005006028184108
B1933063644094N11906582WA-036100959005006023287193
B1933073644097N11906579WA-037200947006008017024281
B1933083644093N11906573WA-038500939006008017134000
B1933093644090N11906573WA-039700925006008014126146
B1933103644094N11906574WA-039700908005006014349142
B1933113644100N11906566WA-040900905005006014046333
B1933123644101N11906556WA-042000913004006039088022
B1933133644091N11906553WA-043000926004004057178087
B1933143644089N11906550WA-043700929004003057149185
B1933153644087N11906546WA-044100926004003018113156
B1933163644085N11906542WA-044300921004003018129128
B1933173644080N11906538WA-044400915004003043153148
E193317TPCWaypoint DNLPLZ reached
B1933183644073N11906536WA-044400910004003054169172
B1933193644066N11906533WA-044600906004003045162166
B1933203644061N11906529WA-045000911004003045144154
B1933213644058N11906524WA-045400909004003038117137
B1933223644055N11906517WA-045700908004003041109118
B1933233644052N11906511WA-046000905004003040118120
B1933243644048N11906504WA-046300902004003041129134
B1933253644044N11906498WA-046400899004003044130124
B1933263644041N11906491WA-046600897004003043118112
B1933273644038N11906484WA-046800895004003044104109
B1933283644037N11906476WA-047100892004003043098101
B1933293644036N11906468WA-047300890004003043101101
B1933303644034N11906461WA-047600887004003042105105
B1933313644033N11906453WA-047800885004003044104098
B1933323644031N11906444WA-048000882004003046098095
B1933333644030N11906436WA-048300880004003045094094
B1933343644030N11906428WA-048500878004003045095086
B1933353644030N11906421WA-048800877004003043090084
B1933363644030N11906413WA-049000874004003040090092
B1933373644030N11906405WA-049300871004003044088091
B1933383644030N11906397WA-049500867004003042087096
B1933393644031N11906388WA-049700867004003044088096
B1933403644031N11906380WA-049900865004003042087094
B1933413644031N11906372WA-050200864004003040085089
B1933423644032N11906365WA-050400862004003041081079
B1933433644033N11906357WA-050600861004003041079077
B1933443644034N11906350WA-050700860004003041078076
B1933453644035N11906343WA-050900859004003040078075
B1933463644036N11906336WA-051000859004003038075076
B1933473644038N11906329WA-051200857004003040073069
B1933483644040N11906321WA-051300857004003040071058
B1933493644042N11906314WA-051400858004003043069066
B1933503644044N11906307WA-051400859004003043071073
B1933513644046N11906300WA-051400860004003040068071
B1933523644046N11906293WA-051400859004003040088070
B1933533644047N11906286WA-051400857004003039084078
B1933543644048N11906279WA-051400855004003039078063
B1933553644050N11906271WA-051400853004003041067063
B1933563644053N11906263WA-051500851004003046065060
B1933573644056N11906255WA-051500850004003046062059
B1933583644059N11906248WA-051700848004003046065065
B1933593644062N11906240WA-051900846004003045064066
B1934003644065N11906232WA-052100844004003045062054
B1934013644068N11906224WA-052300843004003050062044
B1934023644072N11906216WA-052500842004003050061051
B1934033644075N11906210WA-052700841004003047057041
B1934043644079N11906203WA-052800839004003042055037
B1934053644083N11906196WA-053000836004003042054034
B1934063644087N11906189WA-053100833004003051052046
B1934073644092N11906181WA-053300830004003052048041
B1934083644097N11906175WA-053400828004003051042034
B1934093644102N11906169WA-053700826004003048045042
B1934103644106N11906163WA-053900822004003044047041
B1934113644111N11906156WA-054200818004003050050058
B1934123644116N11906148WA-054500815004003056052049
B1934133644121N11906140WA-054800814004003055053051
B1934143644126N11906134WA-055100815004003055047031
B1934153644130N11906129WA-055100815004003044043039
B1934163644134N11906124WA-055400812004003036042040
B1934173644138N11906119WA-055600810004003043039034
B1934183644144N11906113WA-055700807004003043039038
B1934193644150N11906107WA-055800806004003051037039
B1934203644155N11906102WA-056000806004003051037035
B1934213644160N11906098WA-056100805004003033035028
B1934223644164N11906095WA-056300803004003033034030
B1934233644169N11906091WA-056400800004003033030035
B1934243644174N11906087WA-056600796004003037028020
B1934253644180N11906083WA-056700794004003044030020
B1934263644185N11906079WA-056900792004003038029013
B1934273644190N11906076WA-057100790004003038026005
B1934283644195N11906073WA-057300787004003037018345
B1934293644200N11906072WA-057600785004003037006346
B1934303644205N11906072WA-057800783004003036351338
B1934313644210N11906074WA-058100781004003032340328
B1934323644214N11906075WA-058300779004003032342334
B1934333644218N11906076WA-058500777004003028351331
B1934343644223N11906076WA-058800774004003028352321
B1934353644227N11906078WA-059000771004003029338312
B1934363644230N11906082WA-059200768004003031312294
B1934373644232N11906086WA-059400765004003031284273
B1934383644232N11906091WA-059600764004003031254252
B1934393644230N11906094WA-059900763004003025208230
B1934403644228N11906095WA-060100761004003021189213
B1934413644226N11906095WA-060100759004003021172204
B1934423644223N11906095WA-060400757004003023175191
B1934433644219N11906095WA-060600756004003023179191
B1934443644215N11906095WA-060700755004003026177186
B1934453644212N11906095WA-060900755004003026172186
B1934463644208N11906094WA-061100754004003021165185
B1934473644205N11906093WA-061300752004003021166177
B1934483644202N11906092WA-061400750004003021171184
B1934493644199N11906092WA-061500748004003021174185
B1934503644195N11906093WA-061700745004003022187188
B1934513644192N11906094WA-061800745004003026194194
B1934523644188N11906095WA-062000743004003026197194
B1934533644185N11906096WA-062200743004003025188199
B1934543644181N11906096WA-062400742004003025180196
B1934553644178N11906097WA-062500742004003024185198
B1934563644175N11906098WA-062600741004003019203203
B1934573644172N11906099WA-062700739004003021208202
B1934583644169N11906102WA-062800738004003021210203
B1934593644166N11906103WA-062900737004003023202205
B1935003644163N11906105WA-062900736004003023203206
B1935013644160N11906107WA-063000736004003023217216
B1935023644157N11906110WA-063100735004003024219232
B1935033644154N11906114WA-063200736004003024231260
B1935043644153N11906119WA-063300736004003031261262
B1935053644154N11906125WA-063300735004003032292282
B1935063644157N11906130WA-063300734004003039317323
B1935073644161N11906134WA-063300733004003039329319
B1935083644166N11906137WA-063300733004003039334326
B1935093644170N11906140WA-063400732004003034337336
B1935103644176N11906142WA-063400732004003034343343
B1935113644181N11906144WA-063500732004003041354353
B1935123644187N11906143WA-063500732004003041009008
B1935133644193N11906141WA-063600732004003041018011
B1935143644199N11906139WA-063600732004003040020011
B1935153644204N11906137WA-063700731004003039018007
B1935163644210N11906135WA-063700732004003038014359
B1935173644215N11906134WA-063700732004003038011001
B1935183644221N11906132WA-063700733004003037008345
B1935193644226N11906132WA-063700733004003037003342
B1935203644231N11906132WA-063600733004003035351332
B1935213644236N11906134WA-063600733004003035340332
B1935223644241N11906135WA-063600734004003031342333
B1935233644245N11906136WA-063600735004003030350319
B1935243644250N11906137WA-063500735004003032352333
B1935253644254N11906138WA-063500734004003033344322
B1935263644259N11906141WA-063500734004003033330307
B1935273644263N11906144WA-063400734004003033322316
B1935283644266N11906147WA-063400734004003031326310
B1935293644270N11906149WA-063400733004003028335310
B1935303644274N11906152WA-063400732004003029337317
B1935313644278N11906155WA-063500731004003029324299
B1935323644282N11906159WA-063500730004003033313295
B1935333644285N11906164WA-063500729004003031306289
B1935343644287N11906168WA-063600730004003031303290
B1935353644289N11906172WA-063700729004003025293284
B1935363644290N11906176WA-063700728004003024278273
B1935373644290N11906181WA-063800728004003024263253
B1935383644289N11906185WA-063800729004003027247248
B1935393644287N11906189WA-063900729004003027225230
B1935403644284N11906191WA-063900730004003025206207
B1935413644281N11906193WA-063900731004003025196201
B1935423644277N11906194WA-063900732004003025183182
B1935433644273N11906193WA-063800733004003030168167
B1935443644269N11906191WA-063800733004003036148154
B1935453644265N11906186WA-063700734004003036135141
B1935463644261N11906182WA-063600734004003036126149
B1935473644258N11906177WA-063600734004003036125145
B1935483644254N11906172WA-063600733004003036133158
B1935493644250N11906167WA-063500733004003038139160
B1935503644246N11906163WA-063500732004003037139165
B1935513644242N11906158WA-063500733004003037133162
B1935523644239N11906153WA-063600733004003035133169
B1935533644235N11906150WA-063600732004003026139186
B1935543644233N11906150WA-063600728004003026188201
B1935553644231N11906149WA-063700724004003019165232
B1935563644229N11906155WA-063700722004003019260234
B1935573644231N11906160WA-063800721004003030305275
B1935583644235N11906163WA-063900719004003041337308
B1935593644240N11906166WA-064100719004003041348322
B1936003644243N11906168WA-064300720004003035333307
B1936013644243N11906171WA-064500716004003024264291
B1936023644242N11906174WA-064600713004003024227241
B1936033644239N11906177WA-064800711004003031203214
B1936043644235N11906177WA-064900710004003033176203
B1936053644231N11906178WA-065100709004003031184183
B1936063644227N11906173WA-065200711004003031134177
B1936073644224N11906171WA-065400709004003031139170
B1936083644221N11906168WA-065500707004003026146174
B1936093644217N11906165WA-065700705004003030150178
B1936103644213N11906162WA-065700703004003030150172
B1936113644209N11906159WA-065900701004003031147178
B1936123644205N11906157WA-066000700004003031149186
B1936133644202N11906155WA-066200697004003026159186
B1936143644198N11906154WA-066500694004003027179198
B1936153644194N11906155WA-066700693004003027197214
B1936163644191N11906157WA-066900693004003027221237
B1936173644189N11906160WA-067100691004003025235252
B1936183644188N11906164WA-067300692004003021271270
B1936193644189N11906168WA-067400691004003021283287
B1936203644190N11906171WA-067500690004003021310298
B1936213644193N11906175WA-067600689004003025316314
B1936223644196N11906178WA-067600692004003027326322
B1936233644201N11906179WA-067700693004003032346323
B1936243644204N11906181WA-067700692004003032343320
B1936253644207N11906182WA-067800691004003022344301
B1936263644210N11906183WA-067800688004003018339295
B1936273644213N11906185WA-067800686004003018317282
B1936283644214N11906189WA-067800682004003023283262
B1936293644213N11906193WA-067900680004003028249243
B1936303644211N11906197WA-068000679004003024221229
B1936313644209N11906198WA-068200679004003024195214
B1936323644207N11906198WA-068500678004003018166203
B1936333644204N11906198WA-068600675004003020168195
B1936343644200N11906197WA-068800673004003026172188
B1936353644196N11906197WA-068900672004003026173187
B1936363644191N11906196WA-069100673004003033173190
B1936373644187N11906195WA-069200673004003033173184
B1936383644183N11906195WA-069300673004003026171201
B1936393644179N11906195WA-069400673004003026184215
B1936403644176N11906196WA-069400673004003022200234
B1936413644174N11906200WA-069500670004003022248250
B1936423644174N11906205WA-069500668004003029277280
B1936433644177N11906210WA-069500668004003034313296
B1936443644181N11906212WA-069600667004003036344320
B1936453644185N11906213WA-069700667004003036001339
B1936463644189N11906213WA-069700667004003036357334
B1936473644193N11906215WA-069800666004003028327318
B1936483644196N11906218WA-069900664004003022319288
B1936493644196N11906223WA-069900664004003030288273
B1936503644195N11906227WA-070000663004003026249254
B1936513644192N11906230WA-070100664004003029209224
B1936523644189N11906231WA-070200664004003029183209
B1936533644184N11906232WA-070300664004003031172187
B1936543644180N11906232WA-070300664004003031182200
B1936553644176N11906232WA-070400665004003029184207
B1936563644171N11906232WA-070400665004003029175186
B1936573644166N11906231WA-070400666004003031165179
B1936583644162N11906229WA-070300667004003032160196
B1936593644158N11906227WA-070300668004003032154190
B1937003644154N11906226WA-070200669004003031162178
B1937013644149N11906224WA-070200668004003031158204
B1937023644146N11906226WA-070100667004003026217216
B1937033644144N11906228WA-070000665004003022238249
B1937043644144N11906233WA-070000663004003025283269
B1937053644145N11906236WA-070000661004003025300296
B1937063644150N11906239WA-070100658004003025335308
B1937073644154N11906241WA-070300656004003034353332
B1937083644159N11906240WA-070500655004003030010352
B1937093644163N11906240WA-070700653004003030012348
B1937103644167N11906240WA-071000650004003025351331
B1937113644170N11906243WA-071200647004003025325308
B1937123644172N11906246WA-071200642004003027298283
B1937133644172N11906251WA-071400641004003029258263
B1937143644171N11906255WA-071600640004003029234248
B1937153644169N11906259WA-071800639004003027222244
B1937163644167N11906262WA-072100638004003023233246
B1937173644165N11906266WA-072300636004003023240250
B1937183644164N11906270WA-072500635004003024244249
B1937193644162N11906274WA-072700634004003024243252
B1937203644160N11906278WA-072800632004003024240247
B1937213644158N11906282WA-073000630004003025241249
B1937223644157N11906287WA-073200629004003026247251
B1937233644155N11906291WA-073400628004003024247255
B1937243644154N11906294WA-073600626004003024241251
B1937253644152N11906298WA-073800626004003023239246
B1937263644150N11906302WA-073900625004003023237238
B1937273644148N11906305WA-074000625004003023229240
B1937283644146N11906308WA-074100625004003023218230
B1937293644144N11906309WA-074100624004003016219239
B1937303644143N11906312WA-074200621004003016241247
B1937313644142N11906316WA-074200618004003020255263
B1937323644142N11906318WA-074300617004003020274251
B1937333644143N11906318WA-074500618004003015253270
B1937343644142N11906319WA-074600618004003005252241
B1937353644143N11906319WA-074700617004003002252238
B1937363644143N11906320WA-074700617004003002252237
B1937373644143N11906320WA-074800617004003002252238
B1937383644143N11906320WA-074800617004003002252243
B1937393644144N11906320WA-074800617004003000252242
B1937403644144N11906319WA-074800617004003000252236
B1937413644144N11906319WA-074800617004003000252236
B1937423644144N11906319WA-074800617004003000252237
B1937433644144N11906319WA-074800618004003000252237
B1937443644144N11906319WA-074800618004003000252239
B1937453644144N11906320WA-074800618004003000252237
B1937463644144N11906320WA-074800618004003000252237
B1937473644144N11906320WA-074800618004003000252238
B1937483644144N11906320WA-074800618004003000252238
B1937493644144N11906319WA-074800618004003001252238
B1937503644145N11906319WA-074800619004003003066240
B1937513644145N11906318WA-074800619004003003252235
B1937523644145N11906318WA-074800619004003003063242
B1937533644145N11906318WA-074800618004003002077238
B1937543644145N11906317WA-074800619004003003076232
B1937553644145N11906317WA-074800619004003000076228
B1937563644145N11906317WA-074800619004003000076236
B1937573644145N11906317WA-074800620004003000076236
B1937583644145N11906317WA-074800620004003000076235
B1937593644145N11906317WA-074800620004003000076234
B1938003644145N11906317WA-074800619004003000076233
B1938013644145N11906317WA-074800619004003000076233
B1938023644145N11906317WA-074800618004003000076233
B1938033644144N11906317WA-074800618004003000076233
B1938043644144N11906317WA-074800618004003000076233
B1938053644144N11906317WA-074800617004003000076233
Gj4UUAsfYx24+ks/BkxxIbj1YYEfGmw7vbDixy7qXP3vkV97zz1SWo2cBym5/vY3D
GjNlPqA4AhevXj+NzUXcEKVpog+fNmMWc/SSXXS57s0Q1mblt4n8tMov36IIEOSnu
GMPtVdcEcVdKISzw6w3hE9rH3prJrqDzFgscs7zo9TI0=

