AXFH000
HFDTE151124
HFPLTPILOT:Scott O’Brien
HFGTYGLIDERTYPE:Ozone Swift 6
HFDTM100GPSDATUM:WGS84
HFRFWFIRMWAREVERSION:8.2.5
HFRHWHARDWAREVERSION:iPhone 15
HFFTYFRTYPE:Flyskyhy,8.2.5
HFGPS:Internal
HFPRSVARIO:Internal Vario
HFCCLCOMPETITIONCLASS:Paraglider
HFTZNTIMEZONE:-3
HFSITSITE:Alto Hospicio,CL
I053638FXA3941VXA4244GSP4547CCO4850HDT
C151124140415151124000105TASK
C0000000N00000000ETAKEOFF
C3832449N11204411W00000000001000000000360000STARTAREA T04
C3832449N11204411W00030009999999000000360000TURNAREA T04
C3833533N11148217W00000000002000000000360000TURNAREA P30
C3845304N11125100W00000000006000000000360000TURNAREA S08
C3913309N11109083W00000000002000000000360000TURNAREA F04
C3935774N11050460W00000000003000000000360000TURNAREA G14
C3935774N11050460W00000000000400000000360000FINISHAREA G14
C0000000N00000000ELANDING
B1404462016419S07006623WA0054400545005010001123065
B1404472016419S07006623WA0054500545005010001221077
B1404482016419S07006623WA0054500545005010002284092
B1404492016419S07006623WA0054500545005010001171073
B1404502016419S07006623WA0054500545005010001118071
B1404512016419S07006623WA0054500545005010001095064
B1404522016419S07006623WA0054500545005010001101064
B1404532016419S07006623WA0054500545005010001077064
B1404542016419S07006623WA0054500545005010001090090
B1404552016419S07006623WA0054500545005010001090103
B1404562016419S07006623WA0054500545005010003026048
B1404572016419S07006623WA0054500545005010002352028
B1404582016419S07006623WA0054500545005010003311040
B1404592016419S07006623WA0054500545005010002280040
B1405002016419S07006623WA0054500545005010002283240
B1405012016419S07006623WA0054500545005010003254236
B1405022016420S07006624WA0054500545005010005239237
B1405032016420S07006626WA0054500546005010007234246
B1405042016421S07006627WA0054400546005010009240238
B1405052016422S07006629WA0054500546005010013254252
B1405062016422S07006632WA0054400546005010017259230
B1405072016423S07006634WA0054500547005010017259246
B1405082016424S07006637WA0054500547005010016232232
B1405092016425S07006639WA0054500547005010019220215
B1405102016428S07006641WA0054500547005010021217221
B1405112016430S07006643WA0054600548005010022218217
B1405122016433S07006645WA0054600548005010024211205
B1405132016437S07006647WA0054600548005010027203210
B1405142016441S07006648WA0054600548005010029199196
B1405152016445S07006650WA0054600548005010030202200
B1405162016449S07006652WA0054600548005010029199202
B1405172016453S07006653WA0054500548005010030191195
B1405182016458S07006654WA0054500548005010032185189
B1405192016463S07006654WA0054500548005010032182192
B1405202016467S07006654WA0054400547005010033182197
B1405212016473S07006655WA0054400547005010034183197
B1405222016478S07006655WA0054300546005010035184195
B1405232016483S07006655WA0054300546005010036186190
B1405242016489S07006656WA0054300546005010036185190
B1405252016494S07006656WA0054300546005010031179187
B1405262016498S07006656WA0054300547005010028165177
B1405272016502S07006654WA0054400547005010030158167
B1405282016507S07006653WA0054500548005010035164168
B1405292016512S07006651WA0054600548005010040169181
B1405302016518S07006650WA0054700548005010041170183
B1405312016524S07006649WA0054700549005010040170176
B1405322016530S07006648WA0054800549005010039165170
B1405332016535S07006646WA0054800549005010036161175
B1405342016540S07006644WA0054800550005010037160164
B1405352016546S07006642WA0054900550005010041161166
B1405362016552S07006640WA0054900550005010044158164
B1405372016557S07006637WA0054800551005010043155153
B1405382016563S07006634WA0054800551005010041152156
B1405392016568S07006631WA0054800551005010038150155
B1405402016573S07006628WA0054800552005010037151160
B1405412016578S07006625WA0054900552005010037155165
B1405422016583S07006623WA0054900553005010036159170
B1405432016587S07006621WA0054900553005010035159170
B1405442016592S07006619WA0055000553005010034158164
B1405452016597S07006617WA0055100554005010032151165
B1405462016601S07006614WA0055100554005010035151159
B1405472016606S07006611WA0055100555005010036151163
B1405482016611S07006609WA0055100555005010036152165
B1405492016615S07006606WA0055100555005010036151165
B1405502016620S07006603WA0055100555005010035150163
B1405512016624S07006601WA0055100555005010035151167
B1405522016629S07006598WA0055100555005010036154165
B1405532016634S07006596WA0055100555005010038155164
B1405542016639S07006593WA0055100555005010041153162
B1405552016645S07006590WA0055100555005010042152157
B1405562016650S07006587WA0055000555005010039151164
B1405572016655S07006584WA0055000555005010036152163
B1405582016660S07006582WA0055100555005010037152173
B1405592016666S07006579WA0055100556005010042156158
B1406002016672S07006576WA0055100556005010047157171
B1406012016679S07006574WA0055200556005010048162174
B1406022016686S07006571WA0055200557005010047163178
B1406032016692S07006569WA0055200557005010044160179
B1406042016698S07006567WA0055200558005010033156167
B1406052016702S07006565WA0055300559005010030157172
B1406062016706S07006564WA0055500560005010027160183
B1406072016709S07006563WA0055800561005010019174211
B1406082016711S07006563WA0056100562005010015213223
B1406092016713S07006565WA0056300563005010017213248
B1406102016715S07006567WA0056500564005010014238259
B1406112016716S07006568WA0056500564005010014248271
B1406122016715S07006571WA0056500565005010012300284
B1406132016714S07006572WA0056400566005010014324307
B1406142016711S07006574WA0056400567005010009318328
B1406152016710S07006575WA0056400567005010001291327
B1406162016708S07006572WA0056400568005010010066262
B1406172016705S07006565WA0056400569010019028118008
B1406182016706S07006558WA0056500570010019035136125
B1406192016709S07006552WA0056600571010019034136152
B1406202016713S07006548WA0056800572005010027143157
B1406212016716S07006546WA0056900572010019022156167
B1406222016719S07006544WA0057100572010019021167189
B1406232016722S07006544WA0057100572010019020175201
B1406242016725S07006544WA0057100573005010020180211
B1406252016727S07006544WA0057000573010019019186216
B1406262016730S07006545WA0056900573010019016186221
B1406272016730S07006544WA0056800573010019014193226
B1406282016731S07006544WA0056800572010019014208231
B1406292016732S07006545WA0056800571010019013217238
B1406302016732S07006546WA0056800571010019012226243
B1406312016732S07006547WA0056800570010019011233248
B1406322016732S07006549WA0056900570005010011244256
B1406332016732S07006550WA0057000570005010013251261
B1406342016732S07006553WA0057000569005010014252265
B1406352016731S07006555WA0057100569005010014270271
B1406362016730S07006558WA0057300568005010015283277
B1406372016728S07006561WA0057400568005010018285283
B1406382016725S07006565WA0057600567005010021286280
B1406392016723S07006568WA0057700567005010021288291
B1406402016717S07006575WA0057700566005010024299292
B1406412016712S07006581WA0057700566005010026307286
B1406422016702S07006587WA0057700567005010026308285
B1406432016698S07006591WA0057700567005010025306281
B1406442016695S07006595WA0057700567005010024306279
B1406452016692S07006599WA0057700566005010024308280
B1406462016686S07006604WA0057700567005010022307287
B1406472016680S07006609WA0057700567005010021307282
B1406482016674S07006614WA0057800568005010020306282
B1406492016669S07006618WA0057800569005010020304280
B1406502016666S07006621WA0057800569005010019304288
B1406512016662S07006625WA0057800569005010018313297
B1406522016659S07006627WA0057700570005010019327306
B1406532016655S07006629WA0057700570005010018340314
B1406542016652S07006630WA0057700570005010019344315
B1406552016647S07006632WA0057700570005010021351318
B1406562016642S07006633WA0057600571005010024356327
B1406572016637S07006634WA0057500571005010026004336
B1406582016631S07006634WA0057500571005010028012345
B1406592016625S07006634WA0057400571005010030018337
B1407002016620S07006633WA0057300572005010031021338
B1407012016615S07006631WA0057300572005010031020343
B1407022016609S07006630WA0057200571005010033017342
B1407032016604S07006628WA0057100572005010032025351
B1407042016599S07006626WA0057000572005010032030358
B1407052016594S07006623WA0057000571005010033039356
B1407062016590S07006620WA0056900571005010033039352
B1407072016586S07006617WA0056900571005010032034353
B1407082016581S07006614WA0056900571005010031025353
B1407092016577S07006612WA0056800571005010029022348
B1407102016573S07006611WA0056800570005010025012346
B1407112016569S07006611WA0056700570005010023000338
B1407122016565S07006611WA0056600570005010023354330
B1407132016562S07006612WA0056600569005010021330323
B1407142016560S07006614WA0056500569005010022305306
B1407152016558S07006618WA0056400568005010026277286
B1407162016559S07006622WA0056300568005010028254267
B1407172016562S07006626WA0056200568005010034210250
B1407182016567S07006628WA0056100568005010035187214
B1407192016572S07006628WA0056000568005010035175195
B1407202016577S07006627WA0055900568005010036168182
B1407212016583S07006626WA0055900568005010036166172
B1407222016588S07006625WA0055900567005010037164171
B1407232016594S07006623WA0056000567005010038163163
B1407242016600S07006622WA0056000567005010039159159
B1407252016605S07006619WA0056000566005010041157152
B1407262016611S07006617WA0056000566005010040155148
B1407272016617S07006614WA0056000565005010040156156
B1407282016623S07006612WA0055900565005010041160157
B1407292016629S07006610WA0055800564005010041160159
B1407302016634S07006607WA0055800564005010039159154
B1407312016640S07006605WA0055700563005010036155151
B1407322016645S07006602WA0055700563005010036146150
B1407332016649S07006599WA0055700563005010037141135
B1407342016653S07006595WA0055800562005010040140146
B1407352016658S07006591WA0055800562005010042140161
B1407362016663S07006586WA0055900562005010042135151
B1407372016667S07006581WA0055900562005010041132143
B1407382016671S07006576WA0056100562005010036126157
B1407392016674S07006571WA0056200562005010033132162
B1407402016677S07006568WA0056400562005010034149168
B1407412016682S07006565WA0056600562005010038156173
B1407422016687S07006563WA0056700562005010036156177
B1407432016691S07006560WA0056700562005010035153176
B1407442016696S07006558WA0056800562005010033152176
B1407452016700S07006556WA0056800563005010030153193
B1407462016704S07006554WA0057000563005010027157199
B1407472016707S07006552WA0057100563005010026167197
B1407482016711S07006552WA0057300563005010025182211
B1407492016714S07006553WA0057500563005010024196223
B1407502016718S07006554WA0057600563005010024198231
B1407512016721S07006556WA0057700563005010022213235
B1407522016723S07006558WA0057800563005010019230249
B1407532016725S07006561WA0058000563005010016235263
B1407542016726S07006563WA0058100563005010016241269
B1407552016727S07006565WA0058200563005010014247274
B1407562016728S07006567WA0058300563005010014238246
B1407572016728S07006569WA0058300563005010015230245
B1407582016729S07006572WA0058300563010019016219242
B1407592016694S07006541WA0058400562010019040124236
B1408002016696S07006537WA0058400562010019039126131
B1408012016700S07006533WA0058400562010019034129133
B1408022016703S07006529WA0058600561030057034131137
B1408032016706S07006528WA0058700561030057019232139
B1408042016708S07006532WA0058900561050095022249251
B1408052016709S07006536WA0059000561050095024260264
B1408062016714S07006543WA0059200570010019022293272
B1408072016715S07006552WA0059300581010019021299299
B1408082016714S07006556WA0059400584010019022308297
B1408092016712S07006559WA0059600584010019023304291
B1408102016709S07006562WA0059700586010019022306295
B1408112016707S07006566WA0059900587010019022307286
B1408122016705S07006569WA0060000589010019020302286
B1408132016703S07006571WA0060200590010019021299274
B1408142016702S07006574WA0060300591010019021292274
B1408152016701S07006578WA0060500591010019021278280
B1408162016701S07006581WA0060600592010019024265257
B1408172016702S07006585WA0060600592010019023263251
B1408182016703S07006588WA0060700593010019023258245
B1408192016704S07006592WA0060800593010019024254241
B1408202016705S07006594WA0061000595010019021223239
B1408212016708S07006597WA0061200596010019019221221
B1408222016710S07006598WA0061500596005010019196219
B1408232016713S07006598WA0061800598005010023187206
B1408242016717S07006598WA0062100599005010026182189
B1408252016721S07006597WA0062300600005010028173179
B1408262016725S07006596WA0062600601005010031163163
B1408272016729S07006594WA0062800602005010036154146
B1408282016734S07006591WA0063000603005010037142148
B1408292016739S07006586WA0063100603005010045134125
B1408302016742S07006580WA0063300604010019050099113
B1408312016743S07006572WA0063400605010019045093080
B1408322016742S07006564WA0063600607005010040080059
B1408332016739S07006559WA0063800608005010039045058
B1408342016734S07006555WA0064000611005010035037034
B1408352016729S07006553WA0064000613005010032026019
B1408362016725S07006551WA0064200615005010031011353
B1408372016720S07006552WA0064400618005010030010336
B1408382016715S07006552WA0064500620005010027358324
B1408392016711S07006553WA0064700623005010021321312
B1408402016709S07006556WA0064900626005010022307291
B1408412016707S07006559WA0065100627005010024289287
B1408422016707S07006563WA0065300629005010026277274
B1408432016707S07006567WA0065500630005010025263266
B1408442016708S07006571WA0065700632005010024251255
B1408452016711S07006575WA0065800635005010024240241
B1408462016715S07006578WA0065900637005010023227239
B1408472016717S07006581WA0066000638005010021222229
B1408482016720S07006583WA0066100640005010025204217
B1408492016724S07006584WA0066200641005010028200211
B1408502016730S07006585WA0066200643005010042180207
B1408512016737S07006583WA0066200644005010043180191
B1408522016744S07006583WA0066200645005010041182190
B1408532016750S07006582WA0066100646005010037185192
B1408542016756S07006582WA0066000647005010036182195
B1408552016762S07006582WA0066000647005010036183199
B1408562016769S07006582WA0065900648005010040190202
B1408572016775S07006583WA0065800648005010040193205
B1408582016780S07006585WA0065700649005010036199208
B1408592016785S07006587WA0065500649005010028204211
B1409002016789S07006588WA0065400648005010026199206
B1409012016793S07006589WA0065200648005010027194206
B1409022016797S07006590WA0065100647005010029198205
B1409032016801S07006592WA0065000646005010032203206
B1409042016806S07006594WA0064800644005010034204202
B1409052016811S07006596WA0064600643005010036198209
B1409062016817S07006597WA0064400641005010038187189
B1409072016822S07006598WA0064200641005010037186202
B1409082016828S07006599WA0064200640005010034190217
B1409092016832S07006600WA0064200640005010026200230
B1409102016835S07006601WA0064200640005010021201213
B1409112016838S07006602WA0064400640005010021198197
B1409122016841S07006603WA0064600640005010023185200
B1409132016845S07006603WA0064800640005010024181200
B1409142016848S07006603WA0065000640005010024183218
B1409152016852S07006603WA0065100640005010022193233
B1409162016855S07006604WA0065300640005010020201261
B1409172016857S07006606WA0065500640005010017203272
B1409182016859S07006607WA0065800640010019014202285
B1409192016861S07006607WA0065900640010019009178288
B1409202016862S07006607WA0066100640010019007155291
B1409212016863S07006607WA0066100639010019006136290
B1409222016863S07006606WA0066100639010019009131214
B1409242016863S07006606WA0066100640010019012121201
B1409252016864S07006602WA0066100640010019018113150
B1409262016865S07006599WA0066200640010019018113143
B1409272016864S07006594WA0066200640010019019115152
B1409292016864S07006590WA0066400641010019020121151
B1409302016865S07006583WA0066600642010019021135167
B1409312016867S07006580WA0066800642010019022137174
B1409322016869S07006577WA0066900642010019021139174
B1409332016871S07006575WA0067000642010019021142177
B1409342016873S07006573WA0067100642010019021151179
B1409352016876S07006572WA0067300642010019020161188
B1409362016879S07006571WA0067400642010019019171198
B1409372016881S07006571WA0067600642010019019180206
B1409392016884S07006571WA0067800642010019018185214
B1409402016885S07006571WA0067900642010019011191217
B1409412016885S07006571WA0068200642010019007201228
B1409422016887S07006572WA0068300642010019006214238
B1409442016888S07006574WA0068400642010019000000247
B1409452016887S07006573WA0068400641010019009057253
B1409462016885S07006571WA0068300641010019014069261
B1409482016882S07006570WA0068200641010019018068253
B1409492016874S07006572WA0068100642010019025076257
B1409502016866S07006567WA0067900642010019035083228
B1409522016865S07006561WA0067900642010019036087213
B1409532016864S07006551WA0067900642010019034093198
B1409542016861S07006543WA0068000643010019030102196
B1409552016862S07006538WA0068100643010019029105197
B1409572016863S07006534WA0068200643010019027107204
B1409582016863S07006529WA0068300643010019024122205
B1409592016865S07006526WA0068400644010019022132202
B1410002016867S07006523WA0068500644010019022139203
B1410012016869S07006520WA0068700644010019022145206
B1410022016871S07006518WA0068800644030057022152219
B1410032016877S07006514WA0068900644010019022160212
B1410042016880S07006513WA0069000644010019022161218
B1410052016883S07006512WA0069000644010019022163223
B1410062016889S07006511WA0069000644010019024174227
B1410072016894S07006510WA0069100645010019024179231
B1410082016899S07006510WA0069100645010019024182237
B1410092016904S07006510WA0069100645010019022183237
B1410102016908S07006511WA0069200646010019020188245
B1410112016913S07006512WA0069400646010019019194239
B1410122016916S07006513WA0069500646010019020201250
B1410132016920S07006514WA0069700647010019020204246
B1410142016923S07006516WA0069900647010019019206256
B1410152016926S07006517WA0070100647010019020210274
B1410162016929S07006519WA0070300647010019018215280
B1410172016932S07006527WA0070600648010019020224282
B1410182016933S07006534WA0070600648010019017247293
B1410192016934S07006541WA0071000649010019016265277
B1410202016933S07006546WA0071400650010019016280295
B1410212016932S07006551WA0071800650010019017290302
B1410222016931S07006554WA0072100650010019018293323
B1410232016930S07006557WA0072400650010019018299338
B1410242016928S07006559WA0072600650010019018314350
B1410252016926S07006562WA0072800650010019017327000
B1410262016923S07006563WA0072900650010019018330005
B1410272016920S07006564WA0073000650030057020342000
B1410282016917S07006565WA0073100650030057021351006
B1410362016897S07006523WA0073800774005008019197315
B1410372016904S07006527WA0074000760007012025202238
B1410382016906S07006529WA0074100756006008023204237
B1410392016904S07006534WA0074300761004003021253256
B1410402016904S07006537WA0074500762004003023281278
B1410412016901S07006540WA0074600763004003025312296
B1410422016897S07006541WA0074800764004003025355310
B1410432016892S07006540WA0074900765004003032021327
B1410442016888S07006537WA0075100767004003036038349
B1410452016883S07006533WA0075200768004003041052008
B1410462016880S07006528WA0075300769004003043051039
B1410472016877S07006521WA0075500772004003043069040
B1410482016875S07006514WA0075600775004003044081069
B1410492016876S07006508WA0075800776004003042107090
B1410502016878S07006502WA0075900777004003042104127
B1410512016881S07006497WA0075900777004004039117126
B1410522016885S07006494WA0076100776004003037143163
B1410532016889S07006491WA0076300776004003032146168
B1410542016893S07006488WA0076400776004004033145166
B1410552016899S07006487WA0076400778004004033162178
B1410562016904S07006485WA0076600781004004035174198
B1410572016909S07006485WA0076700785004004032171193
B1410582016913S07006483WA0076900787004004032166199
B1410592016916S07006482WA0076900790004003026159187
B1411002016921S07006481WA0077100790004003026167200
B1411012016925S07006481WA0077400791004003029186185
B1411022016928S07006482WA0077700792004003029201220
B1411032016932S07006484WA0077700793004003028217219
B1411042016934S07006486WA0078000793004003025231240
B1411052016936S07006489WA0078300793004003023252240
B1411062016937S07006493WA0078400794004003026254263
B1411072016919S07006466WA0078400687010019020194263
B1411082016922S07006467WA0078500687010019019204244
B1411092016924S07006469WA0078500688010019020205265
B1411102016927S07006470WA0078600688010019021208264
B1411112016930S07006472WA0078600688010019022210261
B1411122016933S07006474WA0078600688010019023212260
B1411132016936S07006476WA0078700689010019024214257
B1411142016939S07006478WA0078900689010019024214260
B1411152016942S07006481WA0079000689010019024219260
B1411202016912S07006474WA0079400802004004044120227
B1411212016918S07006471WA0079500802004004046161134
B1411222016924S07006469WA0079600803004004046170173
B1411232016928S07006468WA0079600807004004036172175
B1411242016933S07006467WA0079600811004004030164183
B1411252016936S07006465WA0079700812004003021156172
B1411262016939S07006465WA0079800813004003024171175
B1411272016944S07006465WA0079800811004003024188199
B1411282016948S07006467WA0080000810004003030213205
B1411292016952S07006471WA0080200810004003036229217
B1411302016955S07006474WA0080300809004003036228220
B1411322016959S07006477WA0080300810004003033213220
B1411332016962S07006479WA0080300809004003028213214
B1411342016966S07006481WA0080300808004003028211209
B1411352016969S07006485WA0080200805004003035228222
B1411362016972S07006490WA0080200804004003035242229
B1411372016974S07006494WA0080100805004003035239224
B1411382016978S07006498WA0079900807004004036231230
B1411392016980S07006501WA0079700808004003036229231
B1411402016981S07006503WA0079700807004003018256237
B1411412016981S07006507WA0079600804004003018278260
B1411422016980S07006511WA0079500801004003032286272
B1411432016978S07006516WA0079400800004003035294275
B1411442016975S07006493WA0079400704005010033260284
B1411452016976S07006499WA0079400705005010032263300
B1411462016976S07006504WA0079300705005010032267292
B1411472016982S07006517WA0079200724005010028292282
B1411482016983S07006527WA0079100738005010029295279
B1411492016981S07006534WA0079100749005010029293270
B1411502016977S07006540WA0079000754005010032295276
B1411512016973S07006545WA0078900757005010039302283
B1411522016968S07006551WA0078800760005010039305289
B1411532016963S07006556WA0078800762005010036307288
B1411542016960S07006560WA0078600763005010034306282
B1411552016956S07006565WA0078400764005010032300273
B1411562016953S07006569WA0078300765005010029292269
B1411572016952S07006573WA0078300765005010030289273
B1411582016950S07006578WA0078100765005010032288275
B1411592016948S07006583WA0078000766005010033287274
B1412002016947S07006587WA0077900766005010032286272
B1412012016946S07006592WA0077800766005010029276268
B1412022016945S07006597WA0077800766005010027273262
B1412032016945S07006601WA0077700766005010028273263
B1412042016944S07006606WA0077600766005010028274261
B1412052016944S07006611WA0077400766005010030273259
B1412062016943S07006616WA0077400765005010032274263
B1412072016943S07006621WA0077300765005010031275271
B1412082016943S07006625WA0077200765005010030277275
B1412092016942S07006630WA0077200765005010023281269
B1412102016941S07006633WA0077200764005010022274253
B1412112016942S07006636WA0077100764005010023262240
B1412122016943S07006640WA0077100763005010025246238
B1412132016945S07006643WA0077000763005010027241247
B1412142016947S07006647WA0077000762005010028243270
B1412152016948S07006651WA0076900761005010027244291
B1412162016950S07006655WA0076900761005010025247305
B1412172016951S07006659WA0076700760010019024250314
B1412182016952S07006662WA0076700759010019022251321
B1412192016953S07006665WA0076500759010019019251220
B1412202016954S07006668WA0076300758010019018247241
B1412212016955S07006671WA0076100757010019017244252
B1412222016956S07006673WA0076100756050095017239263
B1412232016957S07006675WA0075800755010019017241275
B1412292016948S07006625WA0074100731005006021155252
B1412302016957S07006633WA0073900740004006045230214
B1412312016958S07006640WA0073700746004003045268241
B1412322016958S07006642WA0073700749004004028252263
B1412332016958S07006644WA0073700746004006012266248
B1412342016958S07006649WA0073800738004004034262248
B1412352016959S07006655WA0073900738004003039260256
B1412362016960S07006660WA0073900739004003034262258
B1412372016960S07006664WA0073900740004003034274265
B1412382016959S07006667WA0073900741004003020290278
B1412392016958S07006670WA0073800739004003020297285
B1412402016956S07006674WA0073800738004003020297289
B1412412016954S07006678WA0073700737004003027297288
B1412422016952S07006682WA0073600737004003032300290
B1412432016950S07006686WA0073500737004003032305294
B1412442016947S07006689WA0073500738004003028311299
B1412452016945S07006692WA0073400738004003025323309
B1412462016948S07006691WA0073300736010019024319326
B1412492016944S07006693WA0073100736010019026338346
B1412502016936S07006693WA0073000734010019029014011
B1412512016921S07006683WA0072800731010019042035072
B1412522016916S07006679WA0072500731010019044037002
B1412532016913S07006676WA0072200731050095015048019
B1412542016911S07006674WA0071800731050095010044084
B1412552016910S07006673WA0071500731050095004014126
B1412562016910S07006673WA0071100731010019009046175
B1413022016949S07006671WA0069400675006008024237114
B1413032016946S07006671WA0069000664008008019344202
B1413042016942S07006667WA0068500660008008019036343
B1413052016943S07006664WA0068100660008012012099079
B1413062016949S07006658WA0068100660007008027137135
B1413072016952S07006655WA0067800665007012021148148
B1413082016960S07006659WA0067600680004006027232155
B1413092016963S07006658WA0067600677004006022176212
B1413102016967S07006659WA0067600674004006030175173
B1413112016974S07006660WA0067700675004004040186178
B1413122016979S07006661WA0067800675004004039189186
B1413132016984S07006660WA0067800676004004039170184
B1413142016989S07006659WA0067700677004003033164169
B1413152016992S07006653WA0067600676004003044113139
B1413162016995S07006647WA0067400677004003044113109
B1413172016993S07006639WA0067300679004003044074096
B1413182016991S07006633WA0067300680004003044053063
B1413192016988S07006628WA0067200681004003040056041
B1413202016982S07006628WA0067200681004003034002019
B1413212016979S07006626WA0067200681004003034022002
B1413222016975S07006624WA0067300679004003030028013
B1413232016970S07006621WA0067300676004003030024014
B1413242016965S07006619WA0067300674004003036022012
B1413252016966S07006617WA0067300679010019036021002
B1413262016961S07006615WA0067200678005010034018002
B1413272016956S07006614WA0067100677005010029014000
B1413282016952S07006613WA0067000677005010027012006
B1413292016948S07006612WA0066900676005010026021005
B1413302016944S07006610WA0066900677005010029029009
B1413312016940S07006608WA0066900677005010029031008
B1413322016937S07006606WA0066900676005010029024005
B1413332016933S07006604WA0067000676005010027018006
B1413342016928S07006603WA0067000677005010028017007
B1413352016924S07006602WA0067000677005010029019003
B1413362016920S07006600WA0067000677005010029026006
B1413372016917S07006598WA0067000677005010027025012
B1413382016913S07006597WA0067000676005010027016013
B1413392016909S07006595WA0067000676005010031016006
B1413402016905S07006593WA0067000676005010036023008
B1413412016900S07006591WA0067000676005010037027013
B1413422016895S07006588WA0066900675005010036028010
B1413432016890S07006586WA0066900675005010034027008
B1413442016886S07006583WA0066900675005010033028010
B1413452016882S07006580WA0066800675005010034033023
B1413462016877S07006577WA0066800675005010037041035
B1413472016873S07006572WA0066800674005010040054055
B1413482016870S07006566WA0066700674005010044068065
B1413492016868S07006559WA0066700674005010048079077
B1413502016867S07006552WA0066600674005010049083096
B1413512016868S07006544WA0066600673005010052097112
B1413522016870S07006536WA0066500673005010048109123
B1413532016873S07006529WA0066500673005010046115128
B1413542016876S07006523WA0066500673005010042118130
B1413552016880S07006518WA0066500672005010041133126
B1413562016885S07006513WA0066600672005010043141140
B1413572016890S07006510WA0066700671005010044150149
B1413582016896S07006507WA0066800670005010045156157
B1413592016903S07006504WA0066800670005010045162160
B1414002016909S07006503WA0066900669005010042170168
B1414012016915S07006502WA0066900669005010034168177
B1414022016920S07006501WA0067000669005010028169175
B1414032016924S07006501WA0067000668005010027180175
B1414042016929S07006501WA0067200669005010026190190
B1414052016933S07006502WA0067400668005010026199205
B1414062016936S07006504WA0067500668010019026202216
B1414072016940S07006505WA0067500668010019025202219
B1414082016943S07006507WA0067700667010019023202220
B1414092016946S07006508WA0067800667010019021207222
B1414102016949S07006510WA0067900667010019020208230
B1414112016950S07006511WA0067900667005010010214232
B1414122016950S07006511WA0068100667005010003265268
B1414132016948S07006511WA0068200666010019007006327
B1414142016946S07006511WA0068400666010019012027358
B1414152016943S07006511WA0068400666010019016031017
B1414162016939S07006510WA0068500666010019017038033
B1414172016935S07006508WA0068600666010019021046046
B1414182016932S07006504WA0068600665010019025047053
B1414192016928S07006501WA0068600665005010026047055
B1414202016925S07006496WA0068700665010019017058055
B1414212016924S07006492WA0068900665010019019106055
B1414222016925S07006487WA0069100665010019032125093
B1414232016928S07006483WA0069100665030057035121123
B1414242016931S07006476WA0069200664010019028121118
B1414252016935S07006471WA0069400664010019023124114
B1414262016938S07006464WA0069500664010019023154112
B1414272016942S07006461WA0069500664010019029194157
B1414282016946S07006461WA0069600664010019028205215
B1414292016952S07006463WA0069600665010019027206230
B1414302016959S07006465WA0069700666010019025209230
B1414312016965S07006467WA0069700666010019026211237
B1414322016970S07006469WA0069700667010019026213243
B1414332016973S07006471WA0069700667010019025214253
B1414342016976S07006474WA0069700667005010024216256
B1414352016980S07006477WA0069700667005010019225262
B1414362016983S07006479WA0069800668005010018227269
B1414372016985S07006481WA0069900668005010017224256
B1414382016988S07006484WA0070000668005010017228261
B1414392016989S07006486WA0070000668005010018237269
B1414402016991S07006489WA0070000669005010018246272
B1414412016992S07006492WA0070000669005010019253268
B1414422016992S07006495WA0069900669005010020253271
B1414432016993S07006498WA0069900669005010019251266
B1414442016994S07006501WA0069900669005010018255272
B1414452016994S07006504WA0069800669005010017260276
B1414462016995S07006507WA0069800670005010016267287
B1414472016994S07006510WA0069800670005010018271297
B1414482016992S07006513WA0069700671005010023275292
B1414492016991S07006517WA0069700672005010027281285
B1414502016989S07006522WA0069500673005010030285278
B1414512016987S07006527WA0069300673005010029285275
B1414522016985S07006531WA0069300674005010027284280
B1414532016984S07006535WA0069100674005010024290284
B1414542016982S07006539WA0068900674005010024302297
B1414552016979S07006542WA0068900674005010026312303
B1414562016976S07006545WA0068700674005010029312301
B1414572016973S07006548WA0068600674005010029305295
B1414582016970S07006551WA0068400674005010028305289
B1414592016968S07006554WA0068300674005010024308295
B1415002016965S07006557WA0068300674005010024311297
B1415012016962S07006560WA0068200674005010025311299
B1415022016959S07006563WA0068000673005010027314295
B1415032016956S07006566WA0067900673005010027319305
B1415042016953S07006569WA0067900673005010027322297
B1415052016950S07006571WA0067800672005010026320294
B1415062016947S07006574WA0067700672005010026317297
B1415072016943S07006577WA0067600672005010026319299
B1415082016940S07006580WA0067600672005010027321302
B1415092016937S07006582WA0067500672005010029328301
B1415102016933S07006585WA0067500673005010028334304
B1415112016929S07006586WA0067500674010019027338309
B1415122016925S07006588WA0067500675010019026338316
B1415132016921S07006589WA0067500676005010025336313
B1415142016918S07006591WA0067700677005010024333318
B1415152016915S07006593WA0067900678005010024333318
B1415162016912S07006595WA0067900680005010024331320
B1415172016909S07006596WA0068000681005010024327317
B1415182016906S07006599WA0068200682005010025324318
B1415192016903S07006601WA0068300683005010025324317
B1415202016900S07006603WA0068300684005010026325317
B1415212016896S07006606WA0068400685005010026326319
B1415222016893S07006608WA0068500686005010026329330
B1415232016890S07006610WA0068700688005010025339347
B1415242016886S07006611WA0068700689005010026349005
B1415252016882S07006611WA0068900690005010024358017
B1415262016878S07006611WA0069100691005010022010026
B1415272016875S07006610WA0069200692010019022021034
B1415282016872S07006608WA0069200693005010021022042
B1415292016868S07006605WA0069300694005010021034041
B1415302016866S07006603WA0069400695005010019033046
B1415312016863S07006600WA0069500696010019014031346
B1415322016862S07006599WA0069500697010019009017348
B1415332016860S07006598WA0069600698010019008352339
B1415342016859S07006597WA0069700698010019010321331
B1415352016858S07006598WA0069800698010019011309321
B1415362016857S07006600WA0069800697010019012306316
B1415372016856S07006601WA0069900697010019014303315
B1415382016854S07006603WA0070000697010019015301311
B1415392016854S07006605WA0070100697010019015298314
B1415402016859S07006606WA0070100697010019018305314
B1415412016861S07006608WA0070300697010019020310326
B1415422016865S07006610WA0070500697010019023329339
B1415432016865S07006611WA0070600697010019025351352
B1415442016864S07006611WA0070600697005010029010004
B1415452016861S07006608WA0070800696005010036044017
B1415462016858S07006604WA0070900696005010039060043
B1415472016855S07006598WA0071000696005010045073060
B1415482016854S07006590WA0071000696005010046087073
B1415492016855S07006582WA0071100695010019046093087
B1415502016856S07006574WA0071200695010019046093093
B1415512016857S07006567WA0071300695010019044096093
B1415522016858S07006560WA0071300694010019042097095
B1415532016860S07006552WA0071400694010019039097095
B1415542016862S07006548WA0071600694010019016177092
B1415552016865S07006548WA0071700693010019014182223
B1415562016873S07006547WA0071700694010019013190236
B1415572016875S07006546WA0072000694010019013190248
B1415582016880S07006546WA0072300695010019011190249
B1415592016886S07006549WA0072500696010019010206257
B1416002016889S07006553WA0072500696010019011216265
B1416012016894S07006559WA0072800695010019007242265
B1416022016896S07006563WA0073000695010019005249282
B1416082016890S07006548WA0073500751004003041192286
B1416092016895S07006549WA0073700752004003037190212
B1416102016896S07006553WA0074000755004003030260220
B1416112016898S07006556WA0074000756004003030251271
B1416122016896S07006558WA0074200758004003022311273
B1416132016896S07006560WA0074500759004003020297297
B1416142016891S07006562WA0074800757004003022342305
B1416152016887S07006563WA0074800759004003028348325
B1416162016883S07006564WA0075000760004003030006327
B1416172016878S07006562WA0075100761004003030027355
B1416182016874S07006558WA0075200761004003035052011
B1416192016871S07006552WA0075200761004003041066038
B1416202016870S07006546WA0075300762004003045085054
B1416212016868S07006549WA0075300737010019051088080
B1416222016868S07006541WA0075300737010019053101107
B1416232016870S07006533WA0075300737010019053104122
B1416242016872S07006525WA0075300737010019049110130
B1416252016876S07006520WA0075300737010019035142138
B1416262016880S07006517WA0075400737010019024159175
B1416272016883S07006516WA0075600737010019019192199
B1416282016888S07006517WA0075600739010019023214234
B1416292016892S07006519WA0075800741010019021235248
B1416302016893S07006522WA0076100740010019024255269
B1416312016894S07006526WA0076300740010019024261271
B1416322016897S07006531WA0076300742010019022268267
B1416332016900S07006534WA0076500745010019022268264
B1416342016902S07006540WA0076700749010019021268261
B1416352016902S07006544WA0076900752010019022268265
B1416362016903S07006549WA0077000753010019024269266
B1416372016903S07006553WA0077000755010019024272280
B1416382016902S07006557WA0077200756010019023281288
B1416392016901S07006561WA0077400756010019023296312
B1416402016899S07006564WA0077600757010019024311325
B1416412016896S07006567WA0077600757010019021327340
B1416422016892S07006569WA0077700759010019024339344
B1416432016886S07006571WA0077800762010019026352354
B1416442016881S07006571WA0077900764010019022356002
B1416452016876S07006572WA0077900764010019021005007
B1416462016873S07006571WA0077900764010019020020012
B1416472016869S07006568WA0077800765005010016019021
B1416482016866S07006566WA0077700765010019013019313
B1416492016865S07006562WA0077700765010019010010317
B1416502016863S07006559WA0077700765010019007349311
B1416512016863S07006557WA0077700765010019002260302
B1416522016864S07006555WA0077800765010019006228281
B1416532016868S07006553WA0077800766010019011234268
B1416542016873S07006553WA0077900768010019016241264
B1416552016877S07006554WA0078200769010019019251263
B1416562016881S07006557WA0078400770010019022256267
B1416572016886S07006562WA0078400770010019025254271
B1416582016890S07006567WA0078600769010019026258269
B1416592016893S07006571WA0078800770010019026260271
B1417002016896S07006577WA0078900772010019025262264
B1417012016897S07006582WA0078900772010019026267270
B1417022016897S07006586WA0079000771010019026277282
B1417032016896S07006590WA0079000771010019026280287
B1417042016895S07006594WA0079000771010019026286312
B1417052016894S07006598WA0079000771010019026295329
B1417062016892S07006602WA0079000771005010024299341
B1417072016890S07006605WA0078900771010019025302347
B1417082016888S07006608WA0078700770010019026305351
B1417092016885S07006612WA0078700770010019026304355
B1417102016879S07006575WA0078500770030057038119255
B1417112016880S07006572WA0078300771010019036121137
B1417122016882S07006567WA0078100772010019035125143
B1417132016883S07006562WA0078100773010019029134149
B1417142016887S07006559WA0078100773010019026135166
B1417152016890S07006558WA0078100771010019017178169
B1417162016897S07006561WA0078100779010019017186230
B1417172016901S07006563WA0078100783010019016187240
B1417182016903S07006563WA0078000783010019014198247
B1417192016905S07006566WA0078000784010019017217259
B1417202016907S07006570WA0078000784010019017228261
B1417212016908S07006574WA0078000784010019017241274
B1417222016907S07006580WA0077900785010019016252283
B1417232016906S07006584WA0077800786010019016260287
B1417242016905S07006589WA0077700787010019017264284
B1417252016904S07006594WA0077700787010019019268278
B1417262016903S07006599WA0077600788010019020270277
B1417272016901S07006604WA0077500787010019022273274
B1417282016899S07006609WA0077300785010019023279280
B1417292016896S07006614WA0077300779010019023287284
B1417302016893S07006619WA0077200775010019024289284
B1417312016891S07006623WA0077000774010019026287272
B1417322016889S07006627WA0076800772010019026285270
B1417332016888S07006631WA0076800771005010025280260
B1417342016887S07006636WA0076600771005010024276255
B1417352016886S07006640WA0076500770005010024271256
B1417362016886S07006644WA0076400770010019024268256
B1417372016885S07006648WA0076400770010019025270259
B1417382016885S07006652WA0076300769010019026267257
B1417392016885S07006656WA0076200769010019026264256
B1417402016885S07006661WA0076100769010019026264257
B1417412016885S07006665WA0076100768010019025264255
B1417422016886S07006669WA0076000768010019025262254
B1417432016887S07006673WA0075900768010019025258249
B1417442016887S07006677WA0075800767010019026253244
B1417452016889S07006681WA0075800767010019026248235
B1417462016890S07006684WA0075700767010019026248244
B1417472016892S07006688WA0075600767010019025251258
B1417482016893S07006692WA0075500767010019026259286
B1417492016894S07006696WA0075500766010019026262305
B1417502016894S07006700WA0075400766005010025267320
B1417512016894S07006704WA0075200766010019026269330
B1417572016881S07006660WA0074600752004003042108245
B1417582016883S07006654WA0074500752004003039109114
B1417592016885S07006648WA0074500752004004039110115
B1418002016887S07006643WA0074500751004003042112118
B1418012016890S07006636WA0074400751004003042113119
B1418022016892S07006631WA0074400750004003041111119
B1418032016894S07006625WA0074400748004003041111119
B1418042016895S07006620WA0074200742005010039112120
B1418052016898S07006614WA0074200741005010040113122
B1418062016900S07006608WA0074100740005010041113121
B1418072016903S07006602WA0074000740005010043115121
B1418082016906S07006596WA0073800739005010044116122
B1418092016909S07006589WA0073800738005010044118127
B1418102016912S07006583WA0073700737005010042122127
B1418112016916S07006578WA0073500736005010041125135
B1418122016920S07006573WA0073400735005010041127136
B1418132016924S07006567WA0073400734005010042130142
B1418142016928S07006562WA0073300733005010044133146
B1418152016933S07006557WA0073100732005010045136150
B1418162016938S07006553WA0073000731005010044140156
B1418172016943S07006548WA0073000730005010044145164
B1418182016948S07006545WA0072800729005010042148173
B1418192016954S07006541WA0072700728005010041152179
B1418202016959S07006539WA0072500727005010039156187
B1418212016965S07006537WA0072500726005010036163200
B1418222016970S07006535WA0072400725005010035169203
B1418232016975S07006535WA0072300724005010036171202
B1418242016981S07006534WA0072200723005010037170199
B1418252016986S07006533WA0072200722005010036170200
B1418262016991S07006532WA0072100721005010032176210
B1418272016996S07006532WA0072000720005010030186219
B1418282017000S07006533WA0071900719005010029191219
B1418292017004S07006534WA0071900718005010029190222
B1418302017009S07006535WA0071800718005010030186215
B1418312017013S07006535WA0071700717005010031182212
B1418322017018S07006536WA0071700716005010031180209
B1418332017023S07006536WA0071700715005010033182211
B1418342017028S07006536WA0071600714005010039186206
B1418352017034S07006537WA0071500713005010045187207
B1418362017041S07006538WA0071300712005010045187208
B1418372017048S07006539WA0071300712005010039185212
B1418382017053S07006539WA0071200712005010034183213
B1418392017058S07006540WA0071100712005010031181212
B1418402017063S07006540WA0071000712005010032180201
B1418412017068S07006540WA0071000712005010035179203
B1418422017073S07006540WA0071000711005010038178196
B1418432017079S07006539WA0071000711005010039177194
B1418442017085S07006539WA0071000711005010038175195
B1418452017090S07006538WA0071000710005010037174197
B1418462017096S07006538WA0070900710005010035175197
B1418472017101S07006538WA0070800709005010035177203
B1418482017106S07006537WA0070700708005010035180205
B1418492017112S07006538WA0070700707005010038181204
B1418502017118S07006538WA0070600706005010039179200
B1418512017123S07006538WA0070500705005010038179198
B1418522017129S07006538WA0070300704005010037182204
B1418532017135S07006538WA0070300703005010035186210
B1418542017140S07006539WA0070100702005010036187208
B1418552017145S07006539WA0070000700005010037183202
B1418562017151S07006540WA0069800699005010039179198
B1418572017157S07006540WA0069800697005010039179201
B1418582017163S07006540WA0069600696005010038182208
B1418592017168S07006540WA0069400695005010037186210
B1419002017174S07006541WA0069300693005010037186206
B1419012017180S07006542WA0069300692005010039183202
B1419022017185S07006542WA0069100691005010039181202
B1419032017191S07006542WA0068900689005010039183207
B1419042017197S07006543WA0068800688005010038186210
B1419052017203S07006543WA0068800687005010038186207
B1419062017208S07006544WA0068600685005010039184203
B1419072017214S07006544WA0068500684005010041181201
B1419082017221S07006545WA0068300683005010040182204
B1419092017227S07006545WA0068300682005010040184208
B1419102017233S07006546WA0068200680005010039185206
B1419112017239S07006546WA0068100679005010040183201
B1419122017245S07006546WA0067900678005010041180198
B1419132017251S07006546WA0067900676005010041178196
B1419142017257S07006546WA0067800675005010041177196
B1419152017263S07006546WA0067700674005010041176196
B1419162017269S07006545WA0067500673005010040175195
B1419172017275S07006545WA0067500672005010040176192
B1419182017281S07006545WA0067300670005010040178194
B1419192017287S07006545WA0067100669005010039183205
B1419202017293S07006546WA0067000668005010038189218
B1419212017299S07006547WA0067000666005010038193230
B1419222017304S07006549WA0066800665005010033212237
B1419232017307S07006552WA0066600664005010031225252
B1419242017310S07006556WA0066400662005010028243268
B1419252017311S07006560WA0066400661005010026265282
B1419262017311S07006565WA0066200659005010027268294
B1419272017311S07006569WA0066100658005010026272303
B1419282017311S07006573WA0065900656005010024282311
B1419292017309S07006576WA0065900655005010022302317
B1419302017307S07006579WA0065700654005010023313323
B1419312017304S07006582WA0065500652010019026315325
B1419322017301S07006585WA0065300651010019023323323
B1419332017297S07006587WA0065300649010019020326324
B1419342017294S07006589WA0065100647005010020341322
B1419352017290S07006590WA0064900646005010019350328
B1419362017286S07006590WA0064800645005010023005336
B1419372017283S07006590WA0064800645005010023009348
B1419382017279S07006589WA0064600644005010024014353
B1419392017275S07006587WA0064400643005010024019359
B1419402017272S07006586WA0064200643005010025025003
B1419412017268S07006583WA0064200642005010027030006
B1419422017263S07006580WA0064000641005010039036010
B1419432017258S07006575WA0063800640005010043036013
B1419442017253S07006570WA0063600639005010044037013
B1419452017247S07006565WA0063600638005010045037013
B1419462017241S07006560WA0063400638005010046035010
B1419472017232S07006553WA0063200637005010038035003
B1419482017221S07006544WA0062900638005010035032002
B1419492017212S07006538WA0062900639005010035029006
B1419502017204S07006532WA0062700638005010036028003
B1419512017197S07006528WA0062600639005010038028009
B1419522017192S07006525WA0062400639005010037029347
B1419532017187S07006522WA0062400639005010032029355
B1419542017183S07006520WA0062400639005010027031359
B1419552017179S07006518WA0062500639005010024030340
B1419562017175S07006516WA0062700639005010022016335
B1419572017171S07006515WA0062900639005010022003330
B1419582017168S07006515WA0062900639005010023359328
B1419592017164S07006516WA0063200639005010021356328
B1420002017161S07006516WA0063400640005010020355321
B1420012017158S07006516WA0063700640005010019347309
B1420022017156S07006518WA0063700640005010017323298
B1420032017154S07006520WA0063900641005010017288280
B1420042017154S07006523WA0064100641005010023254248
B1420052017156S07006527WA0064300641005010029234237
B1420062017159S07006530WA0064300642005010032206226
B1420072017163S07006532WA0064500643005010030198204
B1420082017167S07006533WA0064600644005010024187189
B1420092017171S07006533WA0064700645005010025182182
B1420102017176S07006532WA0064700645005010030173176
B1420112017181S07006531WA0064700646005010027178162
B1420122017185S07006529WA0064800647010019021188232
B1420132017188S07006528WA0065100648010019016192238
B1420142017190S07006529WA0065100649010019013226244
B1420152017191S07006530WA0065300651010019011248270
B1420162017190S07006530WA0065600652005010012281279
B1420172017188S07006531WA0066000653005010019300297
B1420182017183S07006531WA0066000655005010022317302
B1420192017176S07006529WA0066200656005010023298295
B1420202017170S07006529WA0066300658005010025267285
B1420212017171S07006533WA0066300659005010023251261
B1420222017172S07006535WA0066300659005010023225254
B1420232017175S07006537WA0066300659005010024207234
B1420242017178S07006538WA0066300659005010025199217
B1420252017181S07006539WA0066300659005010028198206
B1420262017183S07006540WA0066300659005010027197204
B1420272017187S07006537WA0066400659005010044135200
B1420282017192S07006531WA0066500659005010049134127
B1420292017196S07006523WA0066600659005010049096120
B1420302017195S07006513WA0066600659010019047090074
B1420312017192S07006503WA0066600659010019049085065
B1420322017190S07006494WA0066700660010019046079057
B1420332017189S07006487WA0066800660005010044077051
B1420342017186S07006479WA0066800660005010039078048
B1420352017183S07006473WA0066900660005010030080049
B1420362017179S07006471WA0067000661005010014276049
B1420372017176S07006473WA0067100660005010014270282
B1420382017173S07006475WA0067100660005010014269280
B1420392017171S07006478WA0067200660005010016274278
B1420402017169S07006481WA0067200660005010017274277
B1420412017168S07006484WA0067300660005010018266275
B1420422017168S07006487WA0067300660005010018254265
B1420432017169S07006490WA0067400661005010017246261
B1420442017170S07006492WA0067500661005010018239259
B1420452017171S07006495WA0067600661005010020231258
B1420462017173S07006498WA0067600661005010022225253
B1420472017175S07006500WA0067700662005010021223251
B1420482017177S07006502WA0067900662005010018226252
B1420492017179S07006504WA0068100662005010016234255
B1420502017180S07006507WA0068100663005010018239252
B1420512017181S07006509WA0068300663005010022238251
B1420522017183S07006513WA0068500664005010025237254
B1420532017185S07006516WA0068600664005010025241259
B1420542017187S07006520WA0068600664005010026249263
B1420552017187S07006524WA0068700665005010023262275
B1420562017187S07006528WA0068800665005010023270278
B1420572017187S07006532WA0068800666005010024273269
B1420582017186S07006536WA0068800667005010026271271
B1420592017186S07006540WA0068900668005010028268272
B1421002017185S07006545WA0068900669005010028267263
B1421012017185S07006550WA0069000670005010026274273
B1421022017184S07006554WA0069000671005010026274278
B1421032017184S07006558WA0069100673005010026271263
B1421042017184S07006562WA0069100674005010026267265
B1421052017184S07006566WA0069200676005010024267266
B1421062017183S07006570WA0069200676005010024276271
B1421072017183S07006574WA0069300677005010022275266
B1421082017182S07006577WA0069300678005010024275263
B1421092017182S07006581WA0069300679005010026274259
B1421102017181S07006586WA0069300680005010027273263
B1421112017180S07006590WA0069100681005010026275269
B1421122017180S07006594WA0069000682005010025278271
B1421132017179S07006598WA0068800682005010023276269
B1421142017178S07006602WA0068800683005010023275271
B1421152017178S07006605WA0068600684005010024276272
B1421162017177S07006609WA0068400684005010027283278
B1421172017176S07006614WA0068300684005010028282274
B1421182017175S07006618WA0068300684005010031272268
B1421192017175S07006623WA0068100684005010033264266
B1421202017175S07006628WA0067800684005010030267265
B1421212017176S07006633WA0067700685005010030262271
B1421222017176S07006637WA0067700685005010019245278
B1421232017178S07006639WA0067700685005010020242271
B1421242017179S07006642WA0067800686005010022242265
B1421252017181S07006646WA0067900686005010026242261
B1421262017183S07006649WA0067900686005010026242258
B1421272017184S07006653WA0068000687005010026240256
B1421282017186S07006657WA0068100687005010025240267
B1421292017188S07006660WA0068100688005010024239267
B1421302017190S07006663WA0068100688005010024243264
B1421312017192S07006667WA0068100688005010025244267
B1421322017193S07006670WA0068200689005010025245268
B1421332017195S07006674WA0068200689005010024246268
B1421342017196S07006677WA0068200689005010023242253
B1421352017198S07006680WA0068300690005010023234242
B1421362017200S07006683WA0068300690005010027220222
B1421372017204S07006686WA0068400690005010031212211
B1421382017208S07006688WA0068400690005010036191197
B1421392017214S07006688WA0068400691005010036179190
B1421402017219S07006686WA0068400691005010039146156
B1421412017224S07006682WA0068500692005010044133149
B1421422017228S07006677WA0068500693005010044128126
B1421432017232S07006671WA0068500694005010040120116
B1421442017234S07006665WA0068600694005010037110086
B1421452017234S07006659WA0068800695005010036080068
B1421462017233S07006654WA0068800695005010036073044
B1421472017230S07006649WA0068900695005010036042029
B1421482017225S07006646WA0068900695005010033022002
B1421492017221S07006645WA0068900695005010028012344
B1421502017217S07006644WA0068900695005010023359332
B1421512017213S07006645WA0068900696005010020350326
B1421522017210S07006646WA0068800696005010021331314
B1421532017208S07006648WA0068800696005010024307301
B1421542017206S07006651WA0068800696005010027286287
B1421552017205S07006656WA0068800695005010028277283
B1421562017204S07006660WA0068800696005010025281284
B1421572017203S07006664WA0068900696005010024282282
B1421582017203S07006668WA0068900696005010023272265
B1421592017203S07006672WA0068900696005010026256247
B1422002017205S07006676WA0068900696005010030234242
B1422012017209S07006679WA0069000696005010034205219
B1422022017213S07006681WA0069000697005010034196200
B1422032017218S07006682WA0069000697005010033185184
B1422042017223S07006681WA0069000698005010030172171
B1422052017228S07006680WA0069000699005010029163160
B1422062017232S07006677WA0069000699005010041130153
B1422072017236S07006671WA0069000699005010044115118
B1422082017239S07006664WA0069000699005010044108099
B1422092017241S07006656WA0069100700005010043104082
B1422102017241S07006649WA0069100700005010042074068
B1422112017239S07006643WA0069100700005010043073046
B1422122017237S07006636WA0069100700005010038063038
B1422132017234S07006631WA0069100700005010035051028
B1422142017231S07006626WA0069100700005010034043024
B1422152017226S07006623WA0069100700005010033027014
B1422162017222S07006620WA0069100700005010031024359
B1422172017217S07006619WA0069100700005010030014359
B1422182017212S07006618WA0069100700005010026008344
B1422192017208S07006617WA0069100701005010023006342
B1422202017205S07006617WA0069100701005010020006348
B1422212017202S07006617WA0069100701005010017354331
B1422222017199S07006618WA0069200701005010019334320
B1422232017196S07006619WA0069200702005010022325318
B1422242017193S07006621WA0069200702005010026329306
B1422252017189S07006623WA0069200702005010028337314
B1422262017185S07006625WA0069200702005010026329320
B1422272017182S07006628WA0069200702005010026319300
B1422282017179S07006631WA0069200702005010024316303
B1422292017176S07006634WA0069100702005010025318304
B1422302017172S07006636WA0069000703005010029330321
B1422312017167S07006638WA0069000702005010038344323
B1422322017161S07006640WA0068800701005010040347332
B1422332017155S07006641WA0068600699005010040352340
B1422342017149S07006642WA0068300698005010039358348
B1422352017144S07006641WA0068300697005010036007353
B1422362017139S07006640WA0068000695005010035010353
B1422372017134S07006639WA0067800693005010036009351
B1422382017129S07006638WA0067600691005010038009353
B1422392017123S07006637WA0067600689005010039009354
B1422402017118S07006635WA0067400686005010039011352
B1422412017112S07006634WA0067200684005010037010353
B1422422017107S07006633WA0067000682005010036009352
B1422432017102S07006632WA0067000680005010036010354
B1422442017097S07006631WA0066700677005010037013358
B1422452017091S07006629WA0066500675005010038014002
B1422462017086S07006628WA0066300673005010039016004
B1422472017080S07006626WA0066300671005010038016002
B1422482017075S07006625WA0066100670005010036015002
B1422492017070S07006623WA0065900668005010036014003
B1422502017065S07006622WA0065700666005010037013002
B1422512017059S07006620WA0065700664005010039013008
B1422522017053S07006619WA0065400662005010040014357
B1422532017048S07006617WA0065300661005010041018355
B1422542017042S07006615WA0065100659005010038021353
B1422552017037S07006613WA0064900658005010028012347
B1422562017033S07006613WA0064900657005010026011342
B1422572017030S07006612WA0064800655005010025010347
B1422582017026S07006611WA0064800654005010028012355
B1422592017022S07006610WA0064800653005010031015355
B1423002017017S07006609WA0064700652005010030012349
B1423012017013S07006608WA0064600651005010026008341
B1423022017009S07006607WA0064400649005010026005335
B1423032017005S07006607WA0064300649005010026002337
B1423042017001S07006607WA0064200647005010029004343
B1423052016996S07006606WA0064200646005010033006346
B1423062016991S07006605WA0064000645005010037008352
B1423072016985S07006604WA0063800644005010042011357
B1423082016979S07006603WA0063500642005010044011357
B1423092016972S07006601WA0063300641005010044009005
B1423102016967S07006601WA0063100640005010029005012
B1423112016963S07006600WA0063100640005010026003351
B1423122016959S07006599WA0063100639005010023011347
B1423132016956S07006599WA0063300639005010022008347
B1423142016953S07006598WA0063600639005010023009358
B1423152016949S07006597WA0063800639005010027014358
B1423162016945S07006596WA0063900638005010028021006
B1423172016941S07006594WA0063900638005010029030004
B1423182016937S07006591WA0063900638005010031032005
B1423192016934S07006589WA0063900638005010030034010
B1423202016930S07006586WA0063900638005010030039039
B1423222016926S07006582WA0064000639005010032050062
B1423232016923S07006570WA0064100638005010050091108
B1423242016924S07006562WA0064200638005010047096132
B1423252016925S07006555WA0064300638010019050102139
B1423262016927S07006547WA0064300638010019049102144
B1423272016928S07006539WA0064300638030057048102140
B1423282016930S07006532WA0064300638030057045102142
B1423292016931S07006526WA0064400638050095035103133
B1423302016935S07006522WA0064500639010019028110132
B1423312016939S07006521WA0064700639010019015129141
B1423332016942S07006521WA0065000640010019011137177
B1423342016944S07006521WA0065100640010019011149190
B1423402016934S07006569WA0064900653004003012352195
B1423412016931S07006569WA0064900650004003020356257
B1423422016926S07006569WA0064900650004003029001279
B1423432016921S07006568WA0064900650004003033010307
B1423442016917S07006567WA0064800652004003033013324
B1423452016913S07006567WA0064700652004003029012331
B1423462016908S07006566WA0064600653004003029016334
B1423472016904S07006564WA0064500653004003029022338
B1423482016899S07006562WA0064400653004003033024348
B1423492016895S07006560WA0064400653004004033022347
B1423502016891S07006559WA0064400652004003031011344
B1423512016887S07006559WA0064300651004003026001336
B1423522016883S07006559WA0064300649004003026001333
B1423532016882S07006557WA0064200647005010027004341
B1423542016878S07006556WA0064100647005010026007342
B1423552016874S07006554WA0064100646005010034027347
B1423562016869S07006551WA0064000645005010037039010
B1423572016865S07006547WA0063900645005010036040010
B1423582016861S07006544WA0063900645005010032032359
B1423592016858S07006542WA0064000645005010028022346
B1424002016854S07006540WA0064000646005010024017336
B1424012016851S07006539WA0064100648005010022019341
B1424022016847S07006538WA0064300649005010024014329
B1424032016844S07006537WA0064400650005010027002318
B1424042016839S07006537WA0064600650005010027000315
B1424052016835S07006538WA0064700651005010026352312
B1424062016831S07006538WA0064700652005010025345318
B1424072016828S07006540WA0064700652005010022344303
B1424082016825S07006541WA0064600653005010023333302
B1424092016821S07006543WA0064500653005010026334308
B1424102016818S07006545WA0064400653005010027335306
B1424112016814S07006546WA0064300653005010025330305
B1424122016811S07006548WA0064100653005010026324307
B1424132016808S07006550WA0063900653005010027326308
B1424142016804S07006553WA0063700653005010029333311
B1424152016800S07006555WA0063600652005010029332308
B1424162016796S07006557WA0063400651005010028328304
B1424172016793S07006559WA0063400650005010027324304
B1424182016790S07006561WA0063300649005010027323304
B1424192016786S07006564WA0063200648005010027325308
B1424202016783S07006566WA0063000647005010028328309
B1424212016779S07006568WA0062900646005010029329303
B1424222016776S07006571WA0062800645005010031324304
B1424232016772S07006574WA0062800645005010033313296
B1424242016769S07006578WA0062700644005010033303282
B1424252016767S07006583WA0062600644005010030296280
B1424262016765S07006587WA0062600645005010025286271
B1424272016764S07006591WA0062600645005010025280240
B1424282016764S07006595WA0062700646005010023264225
B1424292016765S07006598WA0062800647005010021246224
B1424302016767S07006601WA0062900647005010020225219
B1424312016770S07006604WA0062900648005010021209220
B1424322016773S07006605WA0063000649005010022206225
B1424332016776S07006607WA0063000650005010024209228
B1424342016779S07006609WA0062900650005010026220231
B1424352016782S07006612WA0062900651010019025227244
B1424362016785S07006616WA0062800652010019024235250
B1424372016787S07006619WA0062600652010019023241254
B1424382016789S07006622WA0062400653010019019248253
B1424392016789S07006624WA0062400654010019017258255
B1424402016790S07006627WA0062200654010019017270258
B1424412016789S07006629WA0062000655010019016277262
B1424422016789S07006631WA0061900655010019015290264
B1424432016788S07006633WA0061900656010019014299269
B1424442016787S07006635WA0061700657010019014306271
B1424452016785S07006636WA0061600657010019019315275
B1424462016782S07006638WA0061400656010019022322286
B1424472016779S07006639WA0061400655010019026329298
B1424482016774S07006642WA0061200655010019027332307
B1424492016769S07006644WA0061000655010019028351313
B1424502016764S07006645WA0060800654005010029358328
B1424512016758S07006645WA0060600654005010031004333
B1424522016753S07006645WA0060400653005010030004329
B1424532016748S07006645WA0060400652005010028002320
B1424542016743S07006645WA0060200651005010025356320
B1424552016738S07006643WA0060000648005010025351316
B1424562016734S07006644WA0059900645005010028344319
B1424572016729S07006645WA0059700644005010032346319
B1424582016723S07006647WA0059400642005010036350319
B1424592016717S07006647WA0059200639005010035350313
B1425002016712S07006647WA0058900636005010033348319
B1425012016706S07006648WA0058700634005010034348325
B1425022016701S07006649WA0058400632005010037358329
B1425032016695S07006650WA0058200630005010043004345
B1425042016688S07006649WA0058000628005010049007355
B1425052016681S07006647WA0057700626005010051010354
B1425062016674S07006645WA0057500624005010048015000
B1425072016668S07006643WA0057300622005010047019004
B1425082016662S07006640WA0057200620005010047022001
B1425092016655S07006637WA0057200619005010048023355
B1425102016648S07006635WA0057100617005010049017000
B1425112016641S07006632WA0057000615005010049020008
B1425122016634S07006629WA0057000614005010047022006
B1425132016628S07006627WA0056900613005010041021359
B1425142016623S07006625WA0056800611005010036015359
B1425152016618S07006624WA0056800610005010036011002
B1425162016612S07006622WA0056900609005010037011359
B1425172016607S07006621WA0056900608005010040015355
B1425182016601S07006619WA0057000607005010039015333
B1425192016596S07006618WA0057000606005010038012329
B1425202016590S07006617WA0057000605005010034355328
B1425212016585S07006618WA0057100605005010030341308
B1425222016581S07006620WA0057200604005010029326299
B1425232016579S07006624WA0057300603005010027314277
B1425242016576S07006627WA0057400602005010025298263
B1425252016575S07006631WA0057600601005010020273253
B1425262016575S07006635WA0057700600005010021245239
B1425272016577S07006638WA0057800600005010021236231
B1425282016579S07006641WA0057900599005010021225230
B1425292016581S07006643WA0057900600005010023216234
B1425302016584S07006645WA0058100600005010021219244
B1425312016586S07006648WA0058200600005010019225234
B1425322016588S07006650WA0058400600005010020231238
B1425332016590S07006653WA0058600600005010023229219
B1425342016592S07006656WA0058800600005010025225224
B1425352016595S07006659WA0059000600005010026220230
B1425362016599S07006662WA0059200600005010028218227
B1425372016602S07006665WA0059400601005010027223254
B1425382016604S07006668WA0059600601005010027233246
B1425392016607S07006672WA0059900602005010027243252
B1425402016609S07006675WA0060200602010019027243246
B1425412016610S07006679WA0060500602010019026243247
B1425422016612S07006683WA0060900603010019024237227
B1425432016614S07006686WA0061200603005010021227207
B1425442016616S07006688WA0061600604005010023206205
B1425452016620S07006689WA0061900604005010027194194
B1425462016624S07006690WA0062200605005010030187188
B1425472016628S07006690WA0062200605005010032176187
B1425482016633S07006689WA0062400606005010031176207
B1425492016638S07006689WA0062600607005010026181224
B1425502016642S07006689WA0062700607005010025186214
B1425512016646S07006690WA0062900608005010025191222
B1425522016650S07006691WA0063000609005010025191235
B1425532016653S07006691WA0063100609005010024191225
B1425542016657S07006692WA0063200610005010021195223
B1425552016660S07006693WA0063300611005010020198235
B1425562016663S07006694WA0063400611005010020198215
B1425572016665S07006695WA0063600612005010021199223
B1425582016668S07006696WA0063700613005010021199223
B1425592016671S07006698WA0063900614005010023196197
B1426002016674S07006698WA0064000614005010026187178
B1426012016678S07006699WA0064000615005010027187175
B1426022016682S07006699WA0063900616005010026179171
B1426032016686S07006697WA0063700616005010028161170
B1426042016689S07006695WA0063700617005010031149159
B1426052016692S07006690WA0063600618010019028131150
B1426062016694S07006684WA0063400618005010036094136
B1426072016693S07006677WA0063200618010019042077099
B1426082016691S07006670WA0063100616005010046063075
B1426092016687S07006663WA0062900615005010044060055
B1426102016683S07006658WA0062600614005010041051050
B1426112016679S07006653WA0062400613005010038040041
B1426122016674S07006649WA0062100612005010039032025
B1426132016668S07006647WA0062000611005010038027016
B1426142016662S07006644WA0061800610005010042018010
B1426152016656S07006642WA0061500608005010047021008
B1426162016649S07006639WA0061300607005010047023008
B1426172016642S07006636WA0061000606005010046024005
B1426182016635S07006634WA0060800605005010038015357
B1426192016630S07006633WA0060700604005010034010350
B1426202016624S07006632WA0060700604005010032005332
B1426212016619S07006632WA0060800603005010036002345
B1426222016614S07006631WA0060800602005010035006336
B1426232016609S07006632WA0060900603005010031335328
B1426242016605S07006634WA0061100604005010025337311
B1426252016601S07006636WA0061300606005010024337307
B1426262016598S07006637WA0061600607005010024335315
B1426272016595S07006639WA0061900608005010023331310
B1426282016592S07006640WA0062100609005010023333317
B1426292016588S07006642WA0062300610005010025340310
B1426302016585S07006643WA0062500611005010024345306
B1426312016582S07006644WA0062700612005010019318288
B1426322016580S07006646WA0062800614005010017295273
B1426332016580S07006649WA0063000615005010018279268
B1426342016580S07006651WA0063200617005010019273266
B1426352016581S07006653WA0063400619005010019267259
B1426362016581S07006656WA0063600621005010020254241
B1426372016583S07006659WA0063900622005010021237236
B1426382016585S07006661WA0064100623005010023223221
B1426392016588S07006663WA0064100624005010024207211
B1426402016592S07006664WA0064400627005010024203176
B1426412016595S07006665WA0064700628005010023199189
B1426422016598S07006666WA0065000629005010022195182
B1426432016601S07006666WA0065400630005010021186179
B1426442016604S07006666WA0065700632005010021164170
B1426452016607S07006664WA0065900633005010022153156
B1426462016614S07006658WA0066100635005010027135152
B1426472016616S07006655WA0066300636005010020129133
B1426482016618S07006652WA0066500636005010014132135
B1426492016619S07006651WA0066700637005010011145149
B1426502016619S07006649WA0067000637005010005094219
B1426512016616S07006646WA0067200637005010010029233
B1426522016613S07006643WA0067500637005010011018298
B1426532016607S07006640WA0067700638005010023347310
B1426542016600S07006639WA0067900639005010025346312
B1426552016595S07006640WA0068200640005010025337313
B1426562016591S07006641WA0068400641005010019328299
B1426572016587S07006642WA0068700643005010014304284
B1426582016585S07006643WA0068700644005010014287282
B1426592016583S07006644WA0069000646005010017284270
B1427002016582S07006646WA0069300648005010020284266
B1427012016581S07006648WA0069500650005010022280273
B1427022016580S07006651WA0069700650005010022268259
B1427032016580S07006654WA0069900651005010020253235
B1427042016581S07006657WA0070100652005010021245231
B1427052016582S07006660WA0070400653005010020236233
B1427062016584S07006662WA0070600653005010020224232
B1427072016587S07006664WA0070900654005010024215219
B1427082016590S07006665WA0071200655005010025203211
B1427092016594S07006665WA0071400655005010029186207
B1427102016598S07006665WA0071600656005010034167188
B1427112016603S07006664WA0071700657005010034164160
B1427122016609S07006661WA0071900658005010037161150
B1427132016614S07006658WA0072000658005010039154141
B1427142016619S07006655WA0072300659005010039147126
B1427152016621S07006650WA0072300660005010049078121
B1427162016619S07006642WA0072500661005010048077066
B1427172016617S07006634WA0072700662005010049074057
B1427182016614S07006626WA0073000662005010051072052
B1427192016612S07006618WA0073200663005010045069050
B1427202016608S07006611WA0073500663005010039058047
B1427212016601S07006605WA0073700665005010033010036
B1427222016595S07006603WA0074000666005010029001342
B1427232016591S07006602WA0074400666005010025347325
B1427242016587S07006602WA0074700667005010022338313
B1427252016584S07006603WA0075000668005010019316297
B1427262016582S07006605WA0075300668005010018298288
B1427272016580S07006607WA0075600669005010017292282
B1427282016579S07006609WA0075900669005010017292276
B1427292016578S07006613WA0076200670005010018289273
B1427302016577S07006615WA0076300670005010019269265
B1427312016579S07006617WA0076500672005010021256250
B1427322016582S07006619WA0076500673005010023250247
B1427332016583S07006622WA0076600674005010022250256
B1427342016585S07006624WA0076600675005010021254263
B1427352016586S07006626WA0076700676005010020261261
B1427362016587S07006629WA0076800677005010017279276
B1427372016586S07006631WA0076900678005010016291282
B1427382016585S07006634WA0077100679005010017298291
B1427392016584S07006637WA0077200681005010018301299
B1427402016581S07006641WA0077400683005010022304299
B1427412016579S07006643WA0077400683005010023308311
B1427422016576S07006646WA0077400683005010025317314
B1427432016572S07006648WA0077300684005010029321310
B1427442016568S07006651WA0077100685005010029314300
B1427452016565S07006654WA0076900685005010028304290
B1427462016563S07006658WA0076700685005010029299289
B1427472016560S07006662WA0076500685005010028297289
B1427482016558S07006665WA0076400686005010027299293
B1427492016555S07006669WA0076200686005010027302296
B1427502016553S07006673WA0076200686005010027298293
B1427512016551S07006676WA0076100687005010028291281
B1427522016550S07006681WA0076000687005010028285282
B1427532016548S07006685WA0075900688005010027285282
B1427542016547S07006689WA0075800688005010026291289
B1427552016545S07006692WA0075700688005010025299302
B1427562016543S07006696WA0075600689005010026308308
B1427572016540S07006699WA0075600689005010026314314
B1427582016537S07006702WA0075500689005010026322327
B1427592016534S07006704WA0075400690005010026334339
B1428002016530S07006705WA0075300690005010026345000
B1428012016526S07006706WA0075200690005010026356007
B1428022016521S07006706WA0075000690005010029004016
B1428032016515S07006705WA0075000691005010029011023
B1428042016510S07006704WA0074900690005010029013028
B1428052016508S07006700WA0074700689005010039091027
B1428062016506S07006694WA0074600689005010039093108
B1428072016506S07006687WA0074600687005010039094111
B1428082016506S07006681WA0074400686005010038096113
B1428092016506S07006673WA0074300686005010034097114
B1428102016508S07006666WA0074100686005010021152115
B1428112016510S07006663WA0074100686005010020161185
B1428122016513S07006660WA0074000686005010023166186
B1428132016516S07006658WA0073900687005010026167185
B1428142016521S07006656WA0073900686005010031169188
B1428152016527S07006655WA0073900686005010031176197
B1428162016532S07006655WA0073800686005010031177210
B1428172016536S07006655WA0073800686005010032179216
B1428182016541S07006655WA0073700686005010028211225
B1428192016545S07006658WA0073700685005010029226244
B1428202016548S07006661WA0073600685005010029226244
B1428212016552S07006664WA0073400685005010029242257
B1428222016554S07006668WA0073200684005010030249260
B1428232016559S07006675WA0073100684005010028258258
B1428242016563S07006681WA0072900683005010027261260
B1428252016568S07006687WA0072700684005010027260254
B1428262016575S07006693WA0072600686005010029260252
B1428272016576S07006699WA0072500685005010029262258
B1428282016576S07006703WA0072400685005010030264263
B1428292016577S07006708WA0072200685005010031267273
B1428302016577S07006713WA0072100685005010028276282
B1428312016575S07006718WA0072000685005010025298289
B1428322016575S07006721WA0071800686005010025302297
B1428332016572S07006725WA0071700685005010027314309
B1428342016569S07006728WA0071700685005010032330322
B1428352016565S07006730WA0071600685005010033334328
B1428362016560S07006732WA0071500685005010033347335
B1428372016555S07006734WA0071400687005010033354343
B1428382016549S07006736WA0071200689005010032000342
B1428392016542S07006738WA0071100691005010033000340
B1428402016536S07006739WA0070900692005010034001342
B1428412016530S07006739WA0070800692005010035002346
B1428422016524S07006739WA0070700692005010036003347
B1428432016518S07006739WA0070500693005010034005350
B1428442016513S07006738WA0070400693005010034006348
B1428452016507S07006738WA0070200692005010034007349
B1428462016502S07006738WA0070100692005010035008350
B1428472016496S07006737WA0070000692005010035011354
B1428482016491S07006736WA0069900692005010036013355
B1428492016486S07006734WA0069800691005010035015359
B1428502016480S07006733WA0069600691005010034018001
B1428512016475S07006731WA0069500690005010034022004
B1428522016470S07006729WA0069500690005010035026008
B1428532016464S07006726WA0069400689005010037027007
B1428542016460S07006723WA0069300689005010036024010
B1428552016455S07006721WA0069200688005010036023004
B1428562016450S07006718WA0069000686005010035022007
B1428572016445S07006716WA0068900685005010034022008
B1428582016441S07006713WA0068800684005010035020002
B1428592016436S07006712WA0068600683005010034015358
B1429002016431S07006710WA0068500682005010033007350
B1429012016426S07006710WA0068400681005010032358342
B1429022016421S07006710WA0068200680005010034354346
B1429032016416S07006710WA0068100679005010037357347
B1429042016410S07006710WA0067900677005010041359348
B1429052016403S07006710WA0067700676005010041359350
B1429062016397S07006710WA0067500675005010039356344
B1429072016391S07006711WA0067300674005010037355342
B1429082016386S07006711WA0067100673005010034358342
B1429092016381S07006711WA0067100672005010034004347
B1429102016376S07006710WA0066900670005010035006350
B1429112016370S07006709WA0066700669005010038006352
B1429122016364S07006709WA0066600667005010040006355
B1429132016358S07006708WA0066400666005010040006354
B1429142016353S07006707WA0066200664005010039007351
B1429152016347S07006706WA0066000662005010038007347
B1429162016341S07006705WA0065700661005010039007347
B1429172016335S07006704WA0065500659005010041007349
B1429182016329S07006703WA0065300657005010042010354
B1429192016323S07006702WA0065100655005010043014357
B1429202016317S07006700WA0064900653005010043015358
B1429212016310S07006698WA0064700650005010041015356
B1429222016305S07006696WA0064700648005010040013349
B1429232016299S07006695WA0064400646005010041011349
B1429242016293S07006694WA0064200644005010041010341
B1429252016287S07006692WA0064000641005010040010350
B1429262016281S07006691WA0064000639005010041009345
B1429272016274S07006690WA0063800637005010044008338
B1429282016267S07006689WA0063600635005010045003351
B1429292016261S07006689WA0063400634005010044359344
B1429302016254S07006689WA0063400633005010042358336
B1429312016248S07006690WA0063200632005010039355333
B1429322016242S07006690WA0063000631005010037352331
B1429332016237S07006691WA0062900630005010036349317
B1429342016232S07006693WA0062900629005010036344320
B1429352016226S07006694WA0062800628005010036342313
B1429362016222S07006696WA0062800628005010035340314
B1429372016217S07006698WA0062700627005010033329307
B1429382016213S07006702WA0062700627005010034318292
B1429392016209S07006705WA0062700627005010034307287
B1429402016207S07006710WA0062700628005010031302285
B1429412016204S07006714WA0062700629005010029304287
B1429422016202S07006717WA0062700630005010026304289
B1429432016200S07006721WA0062800631005010027298283
B1429442016198S07006725WA0062900632005010029288276
B1429452016197S07006730WA0063100634005010031279266
B1429462016197S07006735WA0063100635005010034276263
B1429472016196S07006740WA0063300636005010034275265
B1429482016196S07006745WA0063500638005010034274264
B1429492016195S07006751WA0063700639005010031271258
B1429502016196S07006755WA0063900640005010029269259
B1429512016196S07006760WA0063900642005010028262267
B1429522016197S07006764WA0064100644005010026259268
B1429532016198S07006768WA0064400646005010025260267
B1429542016198S07006772WA0064800649005010022266278
B1429552016198S07006775WA0064800651005010020282282
B1429562016197S07006778WA0065300653005010020285278
B1429572016196S07006781WA0065700656005010023280268
B1429582016196S07006785WA0066200658005010025275269
B1429592016196S07006789WA0066600660005010026269270
B1430002016196S07006793WA0067000663005010024270267
B1430012016196S07006797WA0067500665005010024270267
B1430022016195S07006801WA0067900668005010022278271
B1430032016195S07006804WA0067900670005010021278265
B1430042016194S07006807WA0068300673005010021277270
B1430052016194S07006811WA0068800675005010021278265
B1430062016193S07006814WA0069200678005010021282269
B1430072016192S07006818WA0069500680005010023288281
B1430082016191S07006821WA0069800683005010022286275
B1430092016190S07006825WA0070000685005010024281253
B1430102016190S07006828WA0070300687005010022268236
B1430112016191S07006831WA0070600690005010021249225
B1430122016192S07006834WA0070800692005010022222218
B1430132016195S07006836WA0071200695005010021208204
B1430142016197S07006837WA0071500697005010018198197
B1430152016200S07006837WA0071800700005010012191192
B1430162016202S07006836WA0072200702005010010164192
B1430172016204S07006834WA0072400704005010016134180
B1430182016207S07006831WA0072600704005010021136151
B1430192016210S07006828WA0072800704005010015145146
B1430202016212S07006826WA0072900704005010012149203
B1430212016213S07006825WA0072900704005010010144205
B1430222016214S07006823WA0073100704005010010139200
B1430232016214S07006822WA0073400704005010009137195
B1430242016215S07006821WA0073700704005010008152195
B1430252016213S07006820WA0074100705005010011205200
B1430262016212S07006820WA0074500705005010020233217
B1430272016211S07006824WA0074900705005010022235229
B1430282016213S07006827WA0075200705005010022229230
B1430292016214S07006829WA0075500706005010019221215
B1430302016216S07006832WA0075800706005010020214202
B1430312016218S07006833WA0076100706005010023206199
B1430322016221S07006835WA0076300706005010026204191
B1430332016224S07006836WA0076600706005010025201183
B1430342016227S07006837WA0076900706005010023186180
B1430352016231S07006836WA0077200706010019022163171
B1430362016233S07006835WA0077500706005010016173156
B1430372016235S07006836WA0077800707005010013205207
B1430382016237S07006838WA0077800707005010014237220
B1430392016237S07006841WA0078100708005010018272234
B1430402016229S07006838WA0078400707005010019287255
B1430412016221S07006835WA0078700708005010020294265
B1430422016214S07006834WA0079000708005010021305269
B1430432016209S07006833WA0079400708005010022303279
B1430442016204S07006834WA0079700708005010023300280
B1430452016200S07006835WA0080000708005010024300285
B1430462016197S07006837WA0080300708005010025305290
B1430472016190S07006837WA0080600709005010027320296
B1430482016184S07006837WA0080900710005010023337310
B1430492016180S07006838WA0081200710005010024339321
B1430502016175S07006840WA0081400710005010024340327
B1430512016171S07006842WA0081600710005010021344332
B1430522016167S07006842WA0081800710005010023351335
B1430532016164S07006842WA0082000710005010021359348
B1430542016161S07006842WA0082200710005010020005000
B1430552016157S07006842WA0082400711005010018004009
B1430562016155S07006841WA0082400711005010015001348
B1430572016153S07006841WA0082600711010019015001345
B1430582016152S07006831WA0082700711010019011354349
B1430592016150S07006825WA0082900713010019011348327
B1431002016148S07006820WA0083200714030057012341311
B1431012016148S07006814WA0083400714010019005305290
B1431062016132S07006787WA0084700861004003039023260
B1431072016128S07006783WA0084800864004003041046018
B1431082016125S07006778WA0084800865004003041078047
B1431092016123S07006773WA0084900865004003040072086
B1431102016126S07006768WA0084900864004003040127098
B1431112016128S07006763WA0084900864004003040121142
B1431122016133S07006761WA0085000866004003035158149
B1431132016138S07006760WA0085000868004003035182179
B1431142016142S07006761WA0085100869004003032194195
B1431152016147S07006762WA0085200872004003032196206
B1431162016151S07006763WA0085300875004003029194202
B1431172016155S07006764WA0085500879004003028192204
B1431182016159S07006764WA0085700882004003028191202
B1431192016163S07006765WA0085700886004003028189201
B1431202016158S07006756WA0086000855010019027181195
B1431212016163S07006757WA0086400856010019029184203
B1431222016168S07006757WA0086400858010019029189203
B1431232016173S07006759WA0086700861005010029189235
B1431242016178S07006761WA0087100864005010025218236
B1431252016180S07006764WA0087600866005010024226266
B1431262016185S07006769WA0087600872005010023232276
B1431272016187S07006772WA0087900876005010017239281
B1431282016188S07006776WA0088200877005010017254285
B1431292016188S07006779WA0088300879010019014274295
B1431302016187S07006781WA0088300881010019011297304
B1431312016186S07006782WA0088400882010019010309314
B1431322016184S07006784WA0088400884010019006299319
B1431332016182S07006786WA0088300886010019003263255
B1431342016181S07006787WA0088300887010019003192254
B1431352016181S07006787WA0088300888010019003162250
B1431362016181S07006786WA0088400886010019006100254
B1431372016179S07006783WA0088500887010019007093264
B1431382016178S07006776WA0088500888010019009100270
B1431392016180S07006769WA0088600888010019012143255
B1431402016183S07006764WA0088800887010019012147218
B1431412016188S07006761WA0089000889010019013156221
B1431472016173S07006777WA0089600900004004038351219
B1431482016169S07006773WA0089600903004003041035340
B1431492016165S07006770WA0089600904004003038060021
B1431502016164S07006765WA0089500904004003038081048
B1431512016164S07006759WA0089500905004003038087079
B1431522016164S07006752WA0089500906004003047104099
B1431532016166S07006745WA0089400906004003043107119
B1431542016171S07006741WA0089400907004003044142129
B1431552016176S07006738WA0089500907004003043164164
B1431562016182S07006736WA0089500908004003042161187
B1431572016187S07006737WA0089600911004004042180196
B1431582016192S07006738WA0089600912004003038201211
B1431592016196S07006739WA0089700913004003029198225
B1432002016199S07006742WA0089700911004003027227236
B1432012016200S07006737WA0090000901010019026237258
B1432022016202S07006742WA0090000901010019029255276
B1432032016202S07006747WA0090100900010019026278291
B1432042016202S07006751WA0090200900010019023288308
B1432052016201S07006755WA0090200899010019022294322
B1432062016199S07006759WA0090200900010019020304329
B1432072016197S07006761WA0090200900010019020312340
B1432082016195S07006763WA0090200900010019019319344
B1432092016193S07006765WA0090100899010019020325348
B1432102016189S07006766WA0090100899010019020337269
B1432112016186S07006767WA0090100899010019018333286
B1432122016183S07006768WA0090000899050095015327291
B1432132016181S07006769WA0090000899030057015316291
B1432142016179S07006769WA0090000900030057009310289
B1432152016177S07006770WA0090000900010019009296283
B1432202016222S07006752WA0090100908004006028295285
B1432212016221S07006756WA0090100907004003028289284
B1432222016220S07006760WA0090000904004003026278278
B1432232016220S07006764WA0090000901004003026270272
B1432242016220S07006768WA0089900897004003026253262
B1432252016222S07006772WA0089700892004003031231242
B1432262016226S07006776WA0089500886004003034214222
B1432272016231S07006778WA0089500883004003034191209
B1432282016237S07006778WA0089200881004003041176191
B1432292016242S07006778WA0088800879004003041177177
B1432302016247S07006778WA0088300877004003029178181
B1432312016251S07006778WA0088300874004003029174186
B1432322016256S07006777WA0087800870004003029163179
B1432332016256S07006780WA0087300873005010035169169
B1432342016262S07006778WA0086900869005010040163159
B1432352016268S07006776WA0086900866005010042156166
B1432362016273S07006773WA0086500863005010039145152
B1432372016277S07006769WA0086100861005010033130142
B1432382016280S07006765WA0085800859005010029124140
B1432392016282S07006761WA0085800857005010028126154
B1432402016285S07006758WA0085600855005010028133160
B1432412016289S07006755WA0085300853005010035148163
B1432422016293S07006752WA0085200852005010035146152
B1432432016298S07006749WA0085200850005010032139137
B1432442016301S07006745WA0085000849005010029127127
B1432452016303S07006742WA0084900848005010028120117
B1432462016305S07006738WA0084800848005010028110114
B1432472016306S07006734WA0084800847005010029103106
B1432482016307S07006729WA0084700847005010029097101
B1432492016307S07006725WA0084700846005010027085076
B1432502016305S07006721WA0084700846005010026071070
B1432512016304S07006717WA0084700846005010028064060
B1432522016301S07006713WA0084600846005010034055050
B1432532016297S07006709WA0084500845005010039047037
B1432542016293S07006704WA0084300844005010044041017
B1432552016288S07006700WA0084300843005010044037018
B1432562016282S07006697WA0084100843005010034021347
B1432572016278S07006696WA0083900842005010029014331
B1432582016274S07006696WA0083700841005010023002352
B1432592016270S07006696WA0083700840005010027004001
B1433002016266S07006695WA0083500839005010028006006
B1433022016260S07006694WA0083300838005010044017352
B1433032016254S07006693WA0083200837005010036005330
B1433042016249S07006693WA0083200835005010025346317
B1433052016246S07006695WA0083000834005010021328310
B1433062016243S07006697WA0082800833005010021320308
B1433072016241S07006699WA0082600832005010021316294
B1433082016239S07006702WA0082600831005010021305282
B1433092016238S07006705WA0082500830005010021289270
B1433102016237S07006708WA0082500829005010022271262
B1433112016238S07006712WA0082500828005010023251245
B1433122016239S07006715WA0082500827005010024235235
B1433132016242S07006718WA0082400826005010026220219
B1433142016246S07006721WA0082300825005010029211213
B1433152016250S07006723WA0082200825005010032200212
B1433162016255S07006724WA0082200824005010033197204
B1433172016260S07006726WA0082000823005010033197207
B1433182016264S07006727WA0081800822005010031200220
B1433192016269S07006729WA0081600821005010033203218
B1433202016274S07006732WA0081600819005010037205216
B1433212016279S07006734WA0081400818005010039204209
B1433222016284S07006737WA0081100817005010037202211
B1433232016289S07006739WA0080900816005010033199206
B1433242016294S07006740WA0080900815005010035199216
B1433252016299S07006743WA0080600813005010035210225
B1433262016304S07006746WA0080300812005010038220242
B1433272016308S07006750WA0080100810005010038225233
B1433282016312S07006755WA0080100809005010036221231
B1433292016316S07006758WA0079900808005010031212220
B1433302016320S07006760WA0079800807005010030211245
B1433312016324S07006763WA0079700806005010029218251
B1433322016327S07006767WA0079700804005010030234260
B1433332016329S07006771WA0079600803005010032242266
B1433342016331S07006775WA0079600802005010029256269
B1433352016331S07006779WA0079600802005010022264274
B1433362016331S07006783WA0079600802005010020264277
B1433372016331S07006786WA0079600801005010021265284
B1433382016331S07006790WA0079500801005010024272283
B1433392016331S07006794WA0079500800005010027282288
B1433402016329S07006798WA0079500799005010032297297
B1433412016326S07006802WA0079400799005010029299296
B1433422016324S07006806WA0079200798005010027301298
B1433432016322S07006810WA0079000797005010026303302
B1433442016319S07006813WA0079000796005010026306309
B1433452016317S07006817WA0078800795005010026309307
B1433462016314S07006820WA0078700795005010027312313
B1433472016310S07006823WA0078500794005010029317312
B1433482016307S07006826WA0078500793005010028319313
B1433492016304S07006829WA0078400792005010026322319
B1433502016300S07006832WA0078200791005010026323324
B1433512016297S07006834WA0078100790005010027325330
B1433522016293S07006837WA0078100789005010029331327
B1433532016288S07006839WA0077900788005010030334336
B1433542016284S07006840WA0077700787005010031338342
B1433552016279S07006842WA0077600786005010031341341
B1433562016274S07006844WA0077600785005010030343350
B1433572016270S07006845WA0077500784005010030355355
B1433582016264S07006845WA0077300783005010033002353
B1433592016259S07006844WA0077200782005010036006352
B1434002016253S07006844WA0077200781005010035005353
B1434012016248S07006843WA0077100779005010032002349
B1434022016243S07006843WA0077000778005010030000353
B1434032016239S07006843WA0076800777005010032011346
B1434042016234S07006842WA0076800775005010039012352
B1434052016227S07006841WA0076600773005010043006340
B1434062016221S07006841WA0076300772005010042352333
B1434072016215S07006842WA0076100771005010037339314
B1434082016211S07006845WA0076100770005010031326310
B1434092016207S07006847WA0075900769005010025320315
B1434102016205S07006851WA0075800770005010023321322
B1434112016202S07006853WA0075700770005010024310318
B1434122016200S07006856WA0075700769005010025315310
B1434132016197S07006859WA0075700769005010029324309
B1434142016192S07006860WA0075600768005010030333311
B1434152016188S07006862WA0075500767005010028335308
B1434162016184S07006863WA0075500766005010024330308
B1434172016181S07006865WA0075400765005010022328309
B1434182016178S07006866WA0075200765005010021323321
B1434192016175S07006868WA0075100764005010022323320
B1434202016173S07006870WA0075100763005010025318307
B1434212016170S07006872WA0075000762005010024311297
B1434222016168S07006875WA0074900761005010022299287
B1434232016166S07006878WA0074800761005010020291288
B1434242016165S07006881WA0074800760005010019290297
B1434252016164S07006884WA0074700760005010021296297
B1434262016162S07006887WA0074500759005010024303303
B1434272016160S07006890WA0074200758005010030309297
B1434282016157S07006894WA0074200757005010030309300
B1434292016154S07006897WA0073900756005010026308300
B1434302016152S07006900WA0073700755005010024312310
B1434312016149S07006903WA0073400754005010023317314
B1434322016146S07006905WA0073200753005010026320315
B1434332016143S07006908WA0073200752005010028323316
B1434342016140S07006911WA0073000751005010029329318
B1434352016136S07006912WA0072800749005010028332323
B1434362016132S07006914WA0072600747005010027336328
B1434372016128S07006915WA0072600745005010026338331
B1434382016125S07006916WA0072400743005010027338330
B1434392016121S07006918WA0072200741005010028341327
B1434402016117S07006919WA0072000739005010028341331
B1434412016113S07006920WA0072000737005010027344327
B1434422016110S07006921WA0071900736005010024344328
B1434432016106S07006922WA0071700735005010023338323
B1434442016103S07006923WA0071600733005010026330317
B1434452016100S07006925WA0071600732005010028327324
B1434462016096S07006928WA0071500730005010029327316
B1434472016092S07006930WA0071300728005010031331323
B1434482016088S07006932WA0071200727005010035336323
B1434492016083S07006935WA0071200726005010034336329
B1434502016079S07006936WA0071000725005010027334325
B1434512016075S07006938WA0070900724005010022324311
B1434522016073S07006940WA0070800723005010023316311
B1434532016070S07006943WA0070800723005010027321313
B1434542016066S07006945WA0070700722005010033337319
B1434552016062S07006947WA0070600721005010033332324
B1434562016058S07006949WA0070400720005010026326309
B1434572016054S07006952WA0070300719005010024321320
B1434582016051S07006954WA0070200718005010027323318
B1434592016048S07006957WA0070100718005010032334323
B1435002016043S07006959WA0070000717005010035338324
B1435012016039S07006961WA0069900717005010032331312
B1435022016035S07006963WA0069800716005010027327310
B1435032016031S07006966WA0069800715005010025326310
B1435042016028S07006968WA0069700715005010026327315
B1435052016024S07006970WA0069600714005010030331318
B1435062016020S07006972WA0069500714005010033337321
B1435072016015S07006974WA0069400713005010033338321
B1435082016011S07006976WA0069300711005010031340322
B1435092016006S07006977WA0069100710005010030339324
B1435102016002S07006979WA0069000709005010029338328
B1435112015998S07006980WA0068900708005010031340326
B1435122015993S07006981WA0068800707005010033343320
B1435132015988S07006983WA0068700706005010033340325
B1435142015984S07006985WA0068600705005010032339321
B1435152015979S07006986WA0068500704005010031341328
B1435162015970S07006989WA0068400702005010031343324
B1435172015966S07006990WA0068400701005010030341320
B1435182015962S07006992WA0068300700005010029335319
B1435192015958S07006994WA0068300700005010027331319
B1435202015954S07006996WA0068200698005010027333317
B1435212015951S07006998WA0068200698005010028336323
B1435222015947S07007000WA0068100697005010029337322
B1435232015943S07007002WA0068000696005010030331310
B1435242015939S07007005WA0068000695005010031323305
B1435252015935S07007008WA0067900693005010030323308
B1435262015932S07007010WA0067800692005010029326313
B1435272015928S07007013WA0067600691005010028328321
B1435282015924S07007015WA0067500689005010028339323
B1435292015920S07007016WA0067400688005010030335320
B1435302015916S07007018WA0067200685005010032334317
B1435312015911S07007021WA0067200683005010032333314
B1435322015907S07007023WA0067000681005010031332317
B1435332015903S07007025WA0066800679005010029331309
B1435342015899S07007027WA0066600676005010028332321
B1435352015895S07007029WA0066600674005010030336320
B1435362015891S07007031WA0066300673005010033344327
B1435372015886S07007032WA0066100671005010033353340
B1435382015881S07007033WA0065900669005010031354337
B1435392015877S07007033WA0065900667005010029352334
B1435402015872S07007033WA0065700666005010029356330
B1435412015868S07007033WA0065500664005010032358331
B1435422015863S07007033WA0065400663005010035358326
B1435432015858S07007034WA0065400661005010034357323
B1435442015853S07007034WA0065200660005010030355314
B1435452015849S07007035WA0065200658005010028351312
B1435462015845S07007035WA0065200657005010026351313
B1435472015841S07007036WA0065200656005010025348312
B1435482015838S07007038WA0065200654005010026344304
B1435492015834S07007039WA0065300653005010023336303
B1435502015832S07007041WA0065500652005010020321305
B1435512015830S07007044WA0065500651005010019317308
B1435522015828S07007046WA0065700650005010019314300
B1435532015826S07007049WA0065900649005010019316306
B1435542015825S07007052WA0066100649005010019322320
B1435552015822S07007054WA0066100648005010021328321
B1435562015819S07007056WA0066200647005010023332321
B1435572015816S07007057WA0066200646005010024337320
B1435582015813S07007059WA0066100646005010024338319
B1435592015810S07007061WA0066100645005010024340325
B1436002015806S07007062WA0066000644005010025342331
B1436012015802S07007063WA0065800643005010025346333
B1436022015798S07007064WA0065700642005010025349340
B1436032015794S07007064WA0065700641005010026352347
B1436042015790S07007065WA0065500641005010026355355
B1436052015785S07007065WA0065400640005010027004008
B1436062015781S07007063WA0065200639005010028015012
B1436072015776S07007062WA0065100638005010031026012
B1436082015772S07007059WA0065100637005010031022003
B1436092015767S07007057WA0064900636005010030015354
B1436102015763S07007055WA0064800635005010029005344
B1436112015758S07007055WA0064700634005010029354335
B1436122015754S07007056WA0064500633005010029346329
B1436132015749S07007057WA0064400632005010028339326
B1436142015745S07007058WA0064200631005010027338322
B1436152015742S07007060WA0064100630005010027337324
B1436162015738S07007061WA0064000629005010028337324
B1436172015734S07007063WA0063800628005010029338325
B1436182015730S07007064WA0063700627005010030339324
B1436192015726S07007066WA0063500626005010032342326
B1436202015721S07007067WA0063400625005010033343330
B1436212015716S07007068WA0063200624005010034346334
B1436222015711S07007069WA0063000623005010036350337
B1436232015705S07007070WA0062800621005010036351334
B1436242015700S07007071WA0062600620005010035350336
B1436252015695S07007072WA0062400619005010034350341
B1436262015690S07007072WA0062400617005010034353340
B1436272015685S07007073WA0062300616005010035357346
B1436282015680S07007073WA0062200615005010035359351
B1436292015674S07007073WA0062100614005010035358346
B1436302015669S07007073WA0062000612005010034356347
B1436312015664S07007073WA0061800611005010035354340
B1436322015659S07007074WA0061700610005010035354343
B1436332015653S07007074WA0061500608005010035353343
B1436342015648S07007075WA0061300607005010034352337
B1436352015643S07007076WA0061100605005010033349335
B1436362015638S07007077WA0061000604005010033345329
B1436372015634S07007078WA0060800603005010034344327
B1436382015629S07007080WA0060600601005010034345334
B1436392015624S07007081WA0060500600005010034346331
B1436402015619S07007082WA0060300598005010033345326
B1436412015614S07007083WA0060100597005010031342321
B1436422015610S07007085WA0059900595005010032342322
B1436432015605S07007086WA0059900594005010032347331
B1436442015600S07007087WA0059700592005010034354336
B1436452015595S07007087WA0059600590005010034355338
B1436462015590S07007088WA0059400589005010033351334
B1436472015585S07007089WA0059200587005010032348331
B1436482015581S07007090WA0059000586005010032349333
B1436492015576S07007090WA0058900584005010032352336
B1436502015571S07007091WA0058700583005010032354336
B1436512015566S07007092WA0058600581005010032351332
B1436522015561S07007093WA0058400579005010032348329
B1436532015556S07007094WA0058200578005010033348330
B1436542015552S07007094WA0058100576005010033353335
B1436552015547S07007095WA0057900575005010034359338
B1436562015542S07007095WA0057700574005010033001341
B1436572015537S07007094WA0057500572005010033001346
B1436582015532S07007094WA0057400571005010032359345
B1436592015527S07007094WA0057200569005010032358341
B1437002015522S07007095WA0057200567005010032356341
B1437012015517S07007095WA0057100566005010033355339
B1437022015513S07007096WA0056900564005010031352332
B1437032015508S07007096WA0056800563005010030349329
B1437042015504S07007097WA0056600562005010030346327
B1437052015499S07007098WA0056500560005010030346329
B1437062015495S07007099WA0056300559005010031349336
B1437072015490S07007100WA0056100557005010030348331
B1437082015486S07007101WA0056000556005010029343327
B1437092015482S07007103WA0055800554005010028336322
B1437102015478S07007105WA0055700553005010028332316
B1437112015474S07007107WA0055500552005010028333315
B1437122015471S07007109WA0055400550005010027331313
B1437132015467S07007111WA0055300549005010025326313
B1437142015465S07007114WA0055100548005010023320305
B1437152015462S07007116WA0055000547005010022318306
B1437162015460S07007118WA0054900545005010022322313
B1437172015457S07007120WA0054800544005010022325317
B1437182015454S07007122WA0054800543005010022325317
B1437192015452S07007124WA0054700542005010021323314
B1437202015449S07007126WA0054600541005010024321306
B1437212015446S07007129WA0054500539005010025322308
B1437222015443S07007131WA0054400538005010024321303
B1437232015440S07007134WA0054400537005010021319307
B1437242015438S07007136WA0054400536005010018315308
B1437252015436S07007138WA0054400535005010017312302
B1437262015435S07007140WA0054500534005010019313302
B1437272015433S07007142WA0054600533005010021315292
B1437282015430S07007144WA0054600533005010022316279
B1437292015428S07007147WA0054700532005010024310286
B1437302015426S07007150WA0054700530005010029294285
B1437312015425S07007155WA0054600530005010034280273
B1437322015424S07007160WA0054600530005010033283276
B1437332015423S07007165WA0054500529005010028282275
B1437342015422S07007169WA0054500529005010024282288
B1437352015421S07007173WA0054600529005010019278274
B1437362015421S07007175WA0054600529005010016274264
B1437372015421S07007177WA0054600529005010024271268
B1437382015421S07007181WA0054600529005010026276272
B1437392015421S07007185WA0054600528005010026281278
B1437402015420S07007189WA0054600528005010023286278
B1437412015420S07007192WA0054500528005010022287277
B1437422015419S07007195WA0054300527005010022286279
B1437432015418S07007199WA0054100527005010025285276
B1437442015417S07007203WA0054100526005010028287279
B1437452015415S07007207WA0054000526005010029289280
B1437462015414S07007211WA0053900526005010032283271
B1437472015413S07007216WA0053800526005010030282275
B1437482015412S07007221WA0053800526005010029285286
B1437492015410S07007225WA0053700526005010031302309
B1437502015407S07007229WA0053700525005010033313331
B1437512015403S07007232WA0053700525005010031328338
B1437522015399S07007234WA0053700525005010027348343
B1437532015395S07007234WA0053700524010019028004357
B1437542015391S07007234WA0053600523010019029005015
B1437552015386S07007233WA0053600523010019025010018
B1437562015382S07007232WA0053600522010019022018020
B1437572015379S07007231WA0053400521030057021030028
B1437582015376S07007228WA0053300520010019023045040
B1437592015374S07007225WA0053200519050095025055055
B1438002015372S07007221WA0053200519030057022059063
B1438012015370S07007218WA0053100518030057020064070
B1438022015368S07007214WA0053000518030057018068079
B1438032015367S07007211WA0053000517030057015076086
B1438122015430S07007175WA0053400537004003030139094
B1438132015433S07007173WA0053400538004003023138144
B1438142015436S07007171WA0053400538004003023145147
B1438152015439S07007169WA0053400537004003023155153
B1438162015442S07007168WA0053400536004003024164163
B1438172015446S07007166WA0053400536004003024162178
B1438182015450S07007164WA0053400536004003031156171
B1438192015454S07007162WA0053400537004003031154165
B1438202015458S07007160WA0053400538004003031151167
B1438212015461S07007158WA0053400540004003029145166
B1438222015464S07007155WA0053400541004003028142161
B1438232015467S07007153WA0053400541004003026142160
B1438242015470S07007150WA0053400542004003026146163
B1438252015474S07007151WA0053500539010019023148162
B1438262015477S07007149WA0053600540010019026153159
B1438272015481S07007147WA0053700541010019031153158
B1438282015486S07007144WA0053800542005010034146154
B1438292015490S07007141WA0053800543005010032138147
B1438302015493S07007138WA0053900543005010030133139
B1438312015496S07007134WA0053900544005010030129132
B1438322015499S07007130WA0054000545010019031130129
B1438332015502S07007127WA0054000545010019030137129
B1438342015506S07007124WA0054000545010019030141133
B1438352015510S07007121WA0054100545010019030142136
B1438362015513S07007118WA0054100545010019030142135
B1438372015517S07007116WA0054100546010019029145134
B1438382015520S07007113WA0054100546010019028152137
B1438392015524S07007111WA0054100547010019028155143
B1438402015528S07007110WA0054100547010019024159145
B1438412015531S07007109WA0054100548005010020162147
B1438422015534S07007108WA0054000548005010018165147
B1438432015536S07007108WA0054000549010019018172147
B1438442015539S07007108WA0054000550010019014167149
B1438452015541S07007108WA0054000551010019011155141
B1438462015542S07007107WA0054200551010019008129129
B1438472015543S07007105WA0054400550010019009107109
B1438482015542S07007104WA0054700549010019012095098
B1438532015506S07007100WA0055700564004003035230116
B1438542015506S07007103WA0055800565004003032269230
B1438552015506S07007107WA0056000567004003032300276
B1438562015501S07007109WA0056100571004003032343306
B1438572015497S07007111WA0056100573004003037341346
B1438582015491S07007106WA0056300574004003048039359
B1438592015487S07007102WA0056500574004003040034036
B1439002015485S07007095WA0056800576004003048075054
B1439012015484S07007089WA0056800577004003044088091
B1439022015485S07007083WA0057100579004003038112113
B1439032015487S07007079WA0057400582004003038112141
B1439042015491S07007078WA0057600581004003031180149
B1439052015493S07007079WA0057600583004003028213191
B1439062015495S07007081WA0057800585004003024246215
B1439072015496S07007085WA0057900587004003025271249
B1439082015495S07007088WA0058100590004003025286263
B1439092015494S07007091WA0058100592004003023313284
B1439102015491S07007093WA0058300593004003023336305
B1439112015485S07007093WA0058500593004003027001332
B1439122015479S07007092WA0058700594004003046015358
B1439132015474S07007088WA0058900597004003049035013
B1439142015470S07007083WA0059100597004003049059039
B1439152015468S07007076WA0059300597004003050085072
B1439162015469S07007069WA0059400597004003050109104
B1439172015471S07007063WA0059500599004003043123128
B1439182015474S07007059WA0059600601004003043139151
B1439192015478S07007055WA0059600604004003034137168
B1439202015480S07007055WA0059700604004003031190185
B1439212015484S07007056WA0059800605004003024198211
B1439222015487S07007058WA0059900607004003024217218
B1439232015489S07007060WA0059900608004003024247235
B1439242015490S07007063WA0060000610004003023246261
B1439252015485S07007067WA0060200612004003023324272
B1439262015482S07007069WA0060400615004003035350307
B1439272015477S07007068WA0060400619004003039017332
B1439282015472S07007066WA0060500621004003042028359
B1439292015467S07007062WA0060800622004003042049025
B1439302015463S07007056WA0061000624004003044055039
B1439312015460S07007050WA0061000624004003044069051
B1439322015459S07007044WA0061300624004003041087086
B1439332015460S07007037WA0061600624004003041104108
B1439342015462S07007032WA0061900623004003041121136
B1439352015466S07007027WA0061900624004003040134145
B1439362015470S07007025WA0062000624004003040165167
B1439372015474S07007024WA0062200626004003026174189
B1439382015477S07007024WA0062200627004003026194207
B1439392015480S07007025WA0062200628004003022220220
B1439402015457S07007026WA0062300588005010018154236
B1439412015462S07007021WA0062400589005010015165236
B1439422015465S07007019WA0062500590005010011180241
B1439432015472S07007018WA0062500593005010010207244
B1439442015479S07007020WA0062700594010019012230253
B1439452015483S07007026WA0062800593010019012238260
B1439462015487S07007031WA0063000592010019010247262
B1439472015490S07007034WA0063000594010019006263264
B1439482015493S07007037WA0063300593010019005325269
B1439492015492S07007039WA0063500593010019006000278
B1439502015487S07007042WA0063800594010019011357241
B1439512015483S07007044WA0063800594010019007005313
B1439522015479S07007046WA0064000595030057005023258
B1439532015474S07007047WA0064200594010019008062243
B1439542015469S07007041WA0064300595010019014067204
B1439552015463S07007034WA0064300595030057018068109
B1439562015459S07007028WA0064500595030057016068093
B1439572015456S07007023WA0064600596030057014069097
B1439582015456S07007014WA0064700597030057015082110
B1439592015458S07007006WA0064700596010019008097127
B1440002015460S07007001WA0064900595010019006138192
B1440012015469S07006999WA0065000599010019006153211
B1440022015477S07007000WA0065200600010019006196213
B1440032015480S07007004WA0065200596010019004222225
B1440042015484S07007010WA0065400596010019004276236
B1440052015489S07007014WA0065600598010019006319251
B1440062015490S07007017WA0065900598010019007340269
B1440072015488S07007019WA0065900597010019009006278
B1440082015484S07007022WA0066100599010019013005296
B1440092015479S07007024WA0066200600010019011013317
B1440102015473S07007025WA0066300598010019012037313
B1440112015467S07007025WA0066300598005010018056339
B1440122015462S07007021WA0066400596010019020063046
B1440132015456S07007012WA0066500595005010015070062
B1440142015453S07007006WA0066600595005010015086080
B1440152015453S07007001WA0066600594005010016090119
B1440162015452S07006995WA0066700594005010016090120
B1440172015452S07006990WA0066800594005010012087124
B1440182015452S07006984WA0066900596005010007081146
B1440192015452S07006980WA0066900598005010004066222
B1440202015455S07006976WA0067100598005010005160250
B1440212015459S07006972WA0067300598005010011180234
B1440222015464S07006970WA0067700598010019013187234
B1440232015475S07006970WA0067700602010019012186238
B1440242015479S07006972WA0068000601010019012193237
B1440252015484S07006975WA0068400600010019010196241
B1440262015491S07006981WA0068700600010019008193243
B1440272015496S07006986WA0068700601010019002182246
B1440282015499S07006989WA0069000602005010001094257
B1440292015500S07006990WA0069200602005010004030262
B1440302015490S07006996WA0069400607010019010014283
B1440312015483S07007000WA0069400610010019009031320
B1440322015476S07007003WA0069500615010019008051314
B1440332015471S07007005WA0069600618010019008063290
B1440342015469S07007005WA0069700620010019008065273
B1440352015463S07006998WA0069700617005010019071275
B1440362015459S07006990WA0069800616010019021076348
B1440372015456S07006984WA0070000613010019017097339
B1440382015456S07006981WA0070200613010019024100291
B1440392015458S07006971WA0070200615010019024111294
B1440402015465S07006962WA0070400615010019027136274
B1440412015473S07006955WA0070600615005010022148247
B1440422015476S07006949WA0070900617005010021166260
B1440432015492S07006944WA0070900621010019016166267
B1440442015502S07006942WA0071200624010019014167279
B1440452015514S07006945WA0071500627010019012203290
B1440462015518S07006949WA0071800627010019007216297
B1440482015519S07006950WA0071800628010019004207307
B1440492015522S07006951WA0072000627010019001149307
B1440502015522S07006951WA0072200627005010006044312
B1440512015520S07006952WA0072300627005010012028312
B1440522015518S07006951WA0072300627010019013031327
B1440542015505S07006955WA0072600633030057014048327
B1440552015486S07006950WA0072800635010019034085315
B1440562015482S07006942WA0072900633010019034092330
B1440582015480S07006934WA0073100632010019035096327
B1440592015480S07006922WA0073300631030057034102322
B1441012015484S07006910WA0073400631030057024094315
B1441022015486S07006905WA0073500631030057019096309
B1441032015489S07006899WA0073600631010019006145303
B1441042015494S07006899WA0073600630010019012195289
B1441062015509S07006906WA0074000632005010011173290
B1441072015515S07006909WA0074200632010019005182292
B1441082015520S07006912WA0074200634010019004010301
B1441092015519S07006914WA0074400635010019010019311
B1441102015510S07006919WA0074700639005010014012318
B1441112015503S07006921WA0074900642005010011026323
B1441122015500S07006921WA0074900642010019012039323
B1441132015497S07006921WA0075100641010019015050322
B1441142015492S07006916WA0075300640005010021055325
B1441152015488S07006910WA0075500639010019022073314
B1441162015486S07006901WA0075500640005010021105316
B1441172015488S07006891WA0075700642005010026139301
B1441182015492S07006883WA0075800644010019037149270
B1441192015497S07006875WA0075900646010019043151243
B1441202015503S07006867WA0075900648010019045151231
B1441212015509S07006860WA0076100650010019045151225
B1441222015515S07006854WA0076200652010019044153223
B1441232015522S07006848WA0076300654010019042157223
B1441242015531S07006844WA0076300655005010037168225
B1441252015540S07006841WA0076400655005010036181236
B1441262015550S07006840WA0076400656010019039196238
B1441272015562S07006839WA0076400658010019041199239
B1441282015574S07006839WA0076400660010019044198239
B1441292015580S07006841WA0076300660010019044196238
B1441302015589S07006842WA0076200661010019040187236
B1441312015596S07006841WA0076000661010019035183236
B1441322015601S07006841WA0076000662010019032185244
B1441332015606S07006841WA0075800662010019035188249
B1441342015612S07006841WA0075600662010019037191246
B1441352015618S07006842WA0075300662005010038191244
B1441362015623S07006843WA0075300662005010039185243
B1441372015630S07006843WA0075100663005010037182237
B1441382015635S07006843WA0074900664005010036180238
B1441392015641S07006842WA0074600664005010036179237
B1441402015646S07006842WA0074600665005010037178235
B1441412015652S07006841WA0074400665005010039175231
B1441422015658S07006840WA0074200665005010039173225
B1441432015663S07006839WA0074000666005010039171219
B1441442015669S07006838WA0074000666005010038170216
B1441452015675S07006836WA0073700667005010037169215
B1441462015680S07006835WA0073500667005010038167213
B1441472015686S07006833WA0073400668005010038165205
B1441482015691S07006831WA0073200668005010038164201
B1441492015697S07006829WA0073200669005010037161192
B1441502015702S07006827WA0073100670005010036159185
B1441512015707S07006825WA0073000671010019036158174
B1441522015712S07006823WA0072900671010019036159174
B1441532015717S07006821WA0072900672010019036159174
B1441542015722S07006819WA0072900673005010037157173
B1441552015727S07006816WA0072800673005010037153164
B1441562015732S07006813WA0072800674005010036153163
B1441572015737S07006811WA0072800675005010034155173
B1441582015741S07006809WA0072700676005010032157174
B1441592015746S07006807WA0072700676005010032158167
B1442002015750S07006805WA0072700677005010033158166
B1442012015755S07006803WA0072700678005010035158166
B1442022015759S07006801WA0072700679005010036155159
B1442032015764S07006798WA0072600681005010036153159
B1442042015768S07006796WA0072500682005010035151159
B1442052015773S07006793WA0072500683005010035151164
B1442062015777S07006790WA0072500684005010036151160
B1442072015782S07006787WA0072300685005010036154160
B1442082015786S07006785WA0072200685005010036158161
B1442092015791S07006783WA0072200685005010035162166
B1442102015797S07006782WA0072100685005010035169169
B1442112015802S07006781WA0072000685005010036169175
B1442122015807S07006780WA0071900685005010038168172
B1442132015813S07006779WA0071900685005010040169173
B1442142015819S07006778WA0071700686005010040171176
B1442152015825S07006777WA0071500686005010040174185
B1442162015831S07006777WA0071400686005010038178184
B1442172015837S07006776WA0071400686005010037177184
B1442182015842S07006776WA0071200685010019036177183
B1442192015848S07006776WA0071000685010019035177189
B1442202015853S07006776WA0070900685010019035180189
B1442212015858S07006776WA0070800685010019035183192
B1442222015863S07006777WA0070600684005010035185188
B1442232015869S07006777WA0070500684005010035184190
B1442242015874S07006778WA0070300684005010035183187
B1442252015880S07006778WA0070200684005010036183193
B1442262015885S07006779WA0070000684005010036185201
B1442272015891S07006780WA0069800683005010036187198
B1442282015896S07006781WA0069800683005010036187204
B1442292015901S07006782WA0069700683005010034182188
B1442302015906S07006782WA0069500683005010031175178
B1442312015911S07006781WA0069400683005010028162172
B1442322015915S07006779WA0069300682005010029154149
B1442332015918S07006776WA0069200682005010032143144
B1442342015922S07006772WA0069100681005010039126131
B1442352015925S07006766WA0069000681005010043109113
B1442362015926S07006759WA0068900681005010045093094
B1442372015925S07006752WA0068800680005010044078075
B1442382015924S07006745WA0068700680005010043074061
B1442392015921S07006739WA0068700680005010041068046
B1442402015919S07006733WA0068700680005010039062041
B1442412015915S07006729WA0068600681005010039045035
B1442422015910S07006725WA0068500682005010040037025
B1442432015905S07006722WA0068400682005010040035020
B1442442015900S07006718WA0068300682005010037032001
B1442452015895S07006716WA0068300682005010034025357
B1442462015890S07006714WA0068200681005010031020349
B1442472015885S07006712WA0068000681005010031015348
B1442482015880S07006711WA0067900681005010031007334
B1442492015875S07006711WA0067800681005010031000339
B1442502015870S07006712WA0067700680005010030355333
B1442512015866S07006712WA0067600680005010029355340
B1442522015862S07006712WA0067500680005010025359342
B1442532015858S07006712WA0067400679005010024002337
B1442542015854S07006712WA0067300678005010023358329
B1442552015851S07006713WA0067200678005010025353324
B1442562015847S07006714WA0067000677005010026346318
B1442572015843S07006715WA0066800677005010025338313
B1442582015839S07006717WA0066600676005010024325312
B1442592015837S07006720WA0066400675005010023315310
B1443002015834S07006723WA0066200674005010024309305
B1443012015832S07006726WA0066000673005010026311300
B1443022015829S07006730WA0065800672005010028313298
B1443032015825S07006733WA0065800671005010030311299
B1443042015823S07006738WA0065600669005010031307297
B1443052015819S07006742WA0065300667005010031312303
B1443062015816S07006745WA0065100666005010031321306
B1443072015812S07006748WA0064900664005010030324304
B1443082015808S07006751WA0064700662005010030322301
B1443092015805S07006754WA0064500660005010030319300
B1443102015801S07006757WA0064300658005010030319303
B1443112015798S07006760WA0064200657005010030323304
B1443122015794S07006763WA0064000655005010030326302
B1443132015790S07006766WA0064000653005010029325304
B1443142015787S07006769WA0063900652005010028322308
B1443152015784S07006771WA0063700650005010028323303
B1443162015780S07006774WA0063600649005010029326306
B1443172015776S07006776WA0063400647005010030332315
B1443182015772S07006778WA0063300646005010031334311
B1443192015768S07006780WA0063200644005010030335303
B1443202015764S07006782WA0063200644005010027333303
B1443212015760S07006784WA0063300644005010027334306
B1443222015757S07006786WA0063400644005010026331305
B1443232015753S07006788WA0063600644005010024329294
B1443242015751S07006790WA0063900644005010022327304
B1443252015748S07006792WA0064200644005010020323283
B1443262015746S07006794WA0064200644005010019319281
B1443272015744S07006796WA0064400644005010019304280
B1443282015743S07006799WA0064700644005010020282269
B1443292015743S07006802WA0064900644005010021267268
B1443302015743S07006805WA0065100644005010019267258
B1443312015743S07006808WA0065300644005010016264259
B1443322015744S07006810WA0065600644005010015253256
B1443332015746S07006812WA0065900646005010019215250
B1443342015750S07006813WA0066200647005010024196225
B1443352015755S07006814WA0066400648005010028184206
B1443362015760S07006813WA0066700648005010027168195
B1443372015764S07006811WA0066900649005010027154179
B1443382015769S07006807WA0067100649005010031141164
B1443392015772S07006803WA0067300649005010025136147
B1443402015774S07006800WA0067500650005010021123145
B1443412015775S07006795WA0067800650005010019099132
B1443422015773S07006791WA0068000651005010019067095
B1443432015769S07006787WA0068200651005010019029043
B1443442015766S07006786WA0068200651005010014020000
B1443452015763S07006785WA0068300652005010007337346
B1443462015760S07006785WA0068500652005010020300306
B1443472015755S07006787WA0068700653005010021302297
B1443482015751S07006789WA0069000653005010022300296
B1443492015749S07006792WA0069200654005010022293290
B1443502015746S07006795WA0069500654005010023284283
B1443512015745S07006798WA0069800655005010024276277
B1443522015744S07006802WA0070000655005010025271266
B1443532015744S07006805WA0070300656005010025267258
B1443542015743S07006809WA0070500656005010023265255
B1443552015744S07006812WA0070600657005010024261240
B1443562015745S07006815WA0070800657005010021237229
B1443572015747S07006817WA0070900657005010021205214
B1443582015750S07006818WA0070900657005010024192193
B1443592015753S07006818WA0071000658005010021178178
B1444002015756S07006817WA0071000659005010019164168
B1444012015758S07006815WA0071100659005010021151152
B1444022015761S07006812WA0071100659005010021137139
B1444032015762S07006809WA0071100660005010020123123
B1444042015763S07006806WA0071200662005010018104106
B1444052015762S07006802WA0071300662005010014064083
B1444062015760S07006800WA0071500663005010014041040
B1444072015758S07006798WA0071600663005010016029021
B1444082015756S07006797WA0071700664005010014015013
B1444092015752S07006797WA0071800664005010014353001
B1444102015748S07006797WA0071900665005010015324344
B1444112015744S07006798WA0072000666005010017308324
B1444122015740S07006799WA0072000666005010021298309
B1444132015736S07006803WA0072100667005010026293294
B1444142015732S07006807WA0072200667005010028285290
B1444152015729S07006811WA0072300667005010029285286
B1444162015727S07006815WA0072400668005010028285291
B1444172015726S07006819WA0072600668005010023290284
B1444182015724S07006823WA0072700668005010024292295
B1444192015722S07006826WA0072700669005010024292286
B1444202015720S07006830WA0072800669005010023288279
B1444212015718S07006832WA0072800670005010024283281
B1444222015717S07006835WA0072800671005010023282283
B1444232015715S07006838WA0072800672005010023280275
B1444242015715S07006841WA0072700673005010024274273
B1444252015714S07006843WA0072700675005010025268270
B1444262015713S07006847WA0072600676010019026268268
B1444272015713S07006850WA0072500678010019025258257
B1444282015714S07006853WA0072500679010019024251256
B1444292015715S07006856WA0072400680005010024246255
B1444302015716S07006860WA0072400680005010024245261
B1444312015718S07006863WA0072400681005010025249267
B1444322015719S07006867WA0072400681005010026254271
B1444332015720S07006871WA0072400682005010026256272
B1444342015720S07006875WA0072400683005010025257275
B1444352015721S07006878WA0072400684005010024260280
B1444362015721S07006881WA0072400684005010023264282
B1444372015721S07006885WA0072400685005010023267274
B1444382015721S07006888WA0072400686005010024264258
B1444392015722S07006892WA0072400686005010023256248
B1444402015723S07006895WA0072400687005010025242239
B1444412015725S07006898WA0072400687005010029228240
B1444422015728S07006902WA0072400688005010030226241
B1444432015732S07006905WA0072300688005010030229253
B1444442015734S07006909WA0072300688005010029235263
B1444452015736S07006913WA0072200688005010028243274
B1444462015737S07006917WA0072200688005010025268284
B1444472015737S07006921WA0072100689005010026276293
B1444482015736S07006925WA0072000689005010027285297
B1444492015735S07006929WA0071900688005010027298296
B1444502015732S07006933WA0071800689005010027299296
B1444512015730S07006936WA0071700689005010026299295
B1444522015728S07006939WA0071600689005010025299294
B1444532015726S07006943WA0071600689005010025298299
B1444542015724S07006946WA0071500689005010026297300
B1444552015722S07006950WA0071500689005010026298303
B1444562015720S07006953WA0071400689005010027299308
B1444572015717S07006957WA0071300688005010030308309
B1444582015714S07006961WA0071100688005010030311315
B1444592015711S07006964WA0071000688005010029313316
B1445002015708S07006967WA0070800688005010028316322
B1445012015705S07006970WA0070700687005010026319324
B1445022015701S07006973WA0070700687005010026319322
B1445032015698S07006975WA0070600687005010027319323
B1445042015694S07006978WA0070500687005010028317317
B1445052015691S07006982WA0070400686005010029314318
B1445062015688S07006985WA0070300686005010027312315
B1445072015685S07006988WA0070100685005010026311316
B1445082015682S07006991WA0070000685005010026311310
B1445092015679S07006994WA0069800684005010027311310
B1445102015676S07006998WA0069700684005010028310310
B1445112015673S07007001WA0069700683005010029311313
B1445122015670S07007005WA0069600683005010028316319
B1445132015667S07007008WA0069400682005010027320322
B1445142015664S07007010WA0069300682005010025324324
B1445152015661S07007013WA0069200681005010025322321
B1445162015658S07007015WA0069100680005010026320321
B1445172015654S07007018WA0068900679005010029323325
B1445182015650S07007021WA0068800679005010032328327
B1445192015646S07007023WA0068600678005010032331328
B1445202015642S07007025WA0068600677005010031332326
B1445212015637S07007028WA0068400677005010029331323
B1445222015634S07007030WA0068300676005010029330328
B1445232015630S07007032WA0068100675005010029332333
B1445242015626S07007034WA0068000674005010028337342
B1445252015622S07007036WA0067900674005010028341346
B1445262015618S07007037WA0067700673005010027352342
B1445272015614S07007037WA0067600672005010027349338
B1445282015605S07007039WA0067500669005010028345333
B1445292015601S07007040WA0067500668005010028343331
B1445312015597S07007042WA0067100667005010026340318
B1445322015591S07007045WA0066900664005010021316313
B1445342015588S07007052WA0066600662005010023283295
B1445352015588S07007056WA0066400660005010023272278
B1445362015588S07007059WA0066100659005010022265265
B1445372015588S07007063WA0066100658005010021247259
B1445382015590S07007066WA0065900658005010021232247
B1445392015592S07007068WA0065700657005010023224250
B1445402015595S07007071WA0065600656005010024222239
B1445412015598S07007073WA0065600655005010022223245
B1445422015601S07007076WA0065500654005010021222250
B1445432015603S07007078WA0065400653005010020226248
B1445442015605S07007081WA0065400652005010023226252
B1445452015608S07007084WA0065300651005010029229249
B1445462015611S07007087WA0065300650005010030228245
B1445472015614S07007091WA0065100649005010025227252
B1445482015616S07007093WA0065000648005010022228244
B1445492015618S07007096WA0064800647005010023230248
B1445502015620S07007099WA0064700646005010025238247
B1445512015622S07007103WA0064500645005010029246253
B1445522015624S07007108WA0064400643005010033254261
B1445532015625S07007114WA0064300642005010038263264
B1445542015625S07007120WA0064000641005010036266270
B1445552015626S07007125WA0063700640005010032268273
B1445562015626S07007130WA0063500639005010028271275
B1445572015625S07007134WA0063400638005010028269278
B1445582015625S07007139WA0063400637005010029276280
B1445592015624S07007143WA0063300636005010031282285
B1446002015623S07007148WA0063200635005010033292291
B1446012015621S07007153WA0063100634005010033301299
B1446022015618S07007157WA0062900633005010031308305
B1446032015615S07007161WA0062800632005010030312307
B1446042015611S07007165WA0062800631005010029313309
B1446052015608S07007168WA0062600630005010031318313
B1446062015604S07007171WA0062400629005010033324321
B1446072015600S07007174WA0062300628005010034331324
B1446082015596S07007176WA0062300627005010035336327
B1446092015591S07007178WA0062200627005010034337329
B1446102015586S07007180WA0062000626005010032338330
B1446112015582S07007182WA0061900625005010032341332
B1446122015577S07007183WA0061900624005010032345335
B1446132015572S07007185WA0061700622005010033348339
B1446142015567S07007185WA0061600621005010034348338
B1446152015562S07007186WA0061400620005010034349339
B1446162015557S07007187WA0061400619005010034351338
B1446172015552S07007188WA0061300617005010035357346
B1446182015547S07007188WA0061100616005010035002350
B1446192015542S07007187WA0061000615005010034006357
B1446202015537S07007187WA0061000613005010035007358
B1446212015532S07007186WA0060800612005010036007357
E144621PEVBackground
B1446222015526S07007185WA0060700610005010036006358
B1446232015521S07007184WA0060500609005010036005353
B1446242015516S07007184WA0060500608005010033000347
B1446252015511S07007184WA0060400607005010033354345
B1446262015506S07007185WA0060300605005010033353344
B1446272015501S07007186WA0060100604005010034354343
B1446282015496S07007186WA0060000603005010033352343
B1446292015491S07007187WA0059900602005010033347337
B1446302015486S07007189WA0059800600005010033342335
B1446312015482S07007190WA0059600599005010034343335
B1446322015477S07007192WA0059600598005010034345337
B1446332015472S07007193WA0059500597005010033345330
B1446342015467S07007195WA0059400595005010033344337
B1446352015462S07007196WA0059300594005010034347343
B1446362015457S07007197WA0059200593005010036352346
B1446372015451S07007197WA0059100592005010036359351
B1446382015446S07007197WA0059000591005010036001350
B1446392015441S07007197WA0058900590005010035358347
B1446402015435S07007197WA0058800589005010035357350
B1446412015430S07007197WA0058600588005010036000352
B1446422015425S07007197WA0058600586005010036004355
B1446432015419S07007197WA0058400585005010037005356
B1446442015414S07007196WA0058300584005010036003353
B1446452015408S07007196WA0058200582005010036001351
B1446462015403S07007196WA0058100581005010036002352
B1446472015397S07007195WA0057900580005010036005357
B1446482015392S07007195WA0057800579005010036008358
B1446492015387S07007194WA0057800577005010036006357
B1446502015381S07007193WA0057600576005010035001351
B1446512015376S07007193WA0057500575005010035357345
B1446522015371S07007194WA0057400573005010035355347
B1446532015365S07007194WA0057200572005010035357348
B1446542015360S07007194WA0057100571005010034356349
B1446552015355S07007195WA0057000569005010033352343
B1446562015351S07007196WA0056800568005010032345336
B1446572015346S07007198WA0056700566005010032339329
B1446582015342S07007200WA0056500565005010031329329
B1446592015338S07007203WA0056400563005010030312327
B1447002015335S07007207WA0056300562005010031294326
B1447012015334S07007212WA0056100560005010032280328
B1447022015334S07007217WA0056000559005010031267332
B1447032015334S07007222WA0055800558005010031254334
B1447042015336S07007226WA0055700557005010031241337
B1447052015339S07007231WA0055500555005010033229339
B1447062015342S07007234WA0055400554005010034218342
B1447072015347S07007237WA0055400553005010036208345
B1447082015352S07007240WA0055200552005010037200347
B1447092015357S07007242WA0055100550005010037193349
B1447102015363S07007243WA0054900549005010037189351
B1447112015368S07007244WA0054800548005010037185353
B1447122015374S07007244WA0054600547005010038181355
B1447132015380S07007244WA0054500546005010037174355
B1447142015385S07007243WA0054400545005010036171357
B1447152015390S07007242WA0054300544005010035168006
B1447162015396S07007241WA0054200543005010035168005
B1447172015401S07007240WA0054100542005010035166004
B1447182015406S07007238WA0054000541005010035163004
B1447192015411S07007237WA0053900540005010034160003
B1447202015416S07007235WA0053800539005010033158003
B1447212015420S07007233WA0053700539005010033156003
B1447222015425S07007230WA0053700538005010033154003
B1447232015429S07007228WA0053600537005010034155002
B1447242015434S07007226WA0053600536005010034157002
B1447252015438S07007224WA0053500535005010034160002
B1447262015443S07007222WA0053400534005010033162002
B1447272015448S07007221WA0053300534005010033162002
B1447282015453S07007219WA0053200533005010033160002
B1447292015457S07007217WA0053100532005010034156002
B1447302015462S07007214WA0053000531005010035152002
B1447312015467S07007212WA0052900530005010034148002
B1447322015471S07007209WA0052900530005010035145002
B1447332015475S07007205WA0052800529005010036142002
B1447342015479S07007202WA0052800529005010036140002
B1447352015484S07007198WA0052800529005010036143002
B1447362015488S07007195WA0052900529005010036152002
B1447372015493S07007193WA0053000529005010036160002
B1447382015498S07007191WA0053100529005010036166002
B1447392015503S07007190WA0053200529005010033174002
B1447402015508S07007190WA0053300529005010029183002
B1447412015512S07007191WA0053500529005010029203002
B1447422015516S07007194WA0053500529005010031219002
B1447432015519S07007198WA0053600529005010031233002
B1447442015522S07007202WA0053700529005010029232002
B1447452015525S07007206WA0053800529005010029238002
B1447462015525S07007210WA0053900529005010026302002
B1447472015522S07007213WA0054000529010019026312002
B1447482015519S07007216WA0054000529005010026329001
B1447492015515S07007218WA0054000529010019026341357
B1447502015511S07007220WA0054100529005010028354001
B1447512015506S07007220WA0054100529005010028003000
B1447522015501S07007220WA0054300529005010025015013
B1447532015496S07007219WA0054400529005010023033021
B1447542015493S07007217WA0054500529005010027047031
B1447552015490S07007213WA0054500529005010027048026
B1447562015488S07007209WA0054500528005010028060028
B1447572015487S07007205WA0054500528005010028069031
B1447582015486S07007200WA0054500527005010031083028
B1447592015486S07007194WA0054500527005010030089026
B1448002015487S07007188WA0054500526005010033104023
B1448012015488S07007183WA0054600526005010032109021
B1448022015490S07007178WA0054700525005010033112019
B1448032015492S07007173WA0054900525005010031119348
B1448042015494S07007169WA0055000525010019030127352
B1448052015497S07007165WA0055000525010019027132355
B1448112015519S07007188WA0055200550004003030340001
B1448122015514S07007188WA0055100552004003035007000
B1448132015505S07007182WA0055000554004003037048008
B1448142015502S07007178WA0055000555004003036060017
B1448152015499S07007173WA0055000556004003036064022
B1448162015496S07007167WA0055100557004003037066022
B1448172015495S07007162WA0055200557004003039079022
B1448182015496S07007155WA0055300557004003044101024
B1448192015498S07007149WA0055400556004003044120024
B1448202015493S07007164WA0055400525010019043086024
B1448212015492S07007157WA0055500525005010039097022
B1448222015491S07007147WA0055500524010019036106019
B1448232015492S07007137WA0055500524010019034114015
B1448242015494S07007130WA0055600524010019029120014
B1448252015495S07007124WA0055600523010019027130012
B1448302015541S07007132WA0055800558004003024194359
B1448312015543S07007134WA0055700557004004022223000
B1448322015543S07007139WA0055700557004004022268000
B1448332015543S07007142WA0055700553004006022258001
B1448342015540S07007146WA0055700553004004022307001
B1448352015538S07007150WA0055600554004004025299001
B1448362015536S07007154WA0055500553004004026291001
B1448372015535S07007158WA0055400552004003027286001
B1448382015534S07007162WA0055400551004003027293001
B1448392015531S07007166WA0055300551004004027303001
B1448402015529S07007169WA0055200553004003027315001
B1448412015527S07007172WA0055200554004004025310002
E144842PEVForeground
B1448422015525S07007174WA0055200553004004018300002
B1448432015523S07007177WA0055200550004004022292309
B1448442015522S07007180WA0055200548004004022288301
B1448452015519S07007185WA0055200547004003022301304
B1448462015517S07007190WA0055200545004004034300318
B1448472015514S07007194WA0055100542005006036303323
B1448482015510S07007194WA0055100544004006036325322
B1448492015506S07007197WA0055000543004006031329343
B1448502015503S07007199WA0055000541005006029330327
B1448512015499S07007200WA0054900542004006026329327
B1448522015501S07007202WA0054800539005010026323335
B1448532015497S07007204WA0054800540005010026323334
B1448542015494S07007206WA0054800540005010027328337
B1448552015490S07007208WA0054700540005010027330330
B1448562015487S07007210WA0054600540005010026321320
B1448572015484S07007213WA0054600540005010025307297
B1448582015482S07007216WA0054500540005010024289284
B1448592015481S07007220WA0054400541005010023270279
B1449002015482S07007223WA0054400541005010025253266
B1449012015484S07007227WA0054400541005010026237252
B1449022015487S07007230WA0054200542005010027217243
B1449032015491S07007232WA0054100542005010034189240
B1449042015496S07007232WA0054000542005010032185233
B1449052015501S07007233WA0054000543005010030188226
B1449062015506S07007233WA0053800543005010029191221
B1449072015511S07007234WA0053700543005010031187217
B1449082015516S07007235WA0053600543005010034183210
B1449092015521S07007235WA0053600542005010033182203
B1449102015526S07007235WA0053500542005010031185200
B1449112015531S07007235WA0053400542005010030185201
B1449122015536S07007236WA0053300541005010031183200
B1449132015541S07007236WA0053300541005010033180196
B1449142015546S07007236WA0053200540005010034179191
B1449152015551S07007236WA0053100538005010032179189
B1449162015556S07007236WA0053000538005010031180189
B1449172015560S07007236WA0053000537005010030178190
B1449182015565S07007235WA0052900536005010032176187
B1449192015570S07007235WA0052800534005010033170185
B1449202015575S07007233WA0052700533005010035163177
B1449212015581S07007231WA0052700532005010036156167
B1449222015586S07007229WA0052600531005010036150158
B1449232015590S07007226WA0052500530005010035147151
B1449242015595S07007223WA0052500529005010036147147
B1449252015600S07007219WA0052500528005010039145146
B1449262015605S07007216WA0052400527005010040147143
B1449272015610S07007212WA0052300526005010039143145
B1449282015614S07007208WA0052200524005010037138139
B1449292015618S07007204WA0052200523005010036133133
B1449302015622S07007200WA0052100522005010035130128
B1449312015626S07007195WA0051900521005010036133125
B1449322015630S07007191WA0051700519005010038136129
B1449332015634S07007187WA0051700518005010039140135
B1449342015639S07007182WA0051600517005010039141139
B1449352015643S07007178WA0051400516005010039141142
B1449362015648S07007174WA0051200515005010039137142
B1449372015652S07007170WA0051200514005010037137138
B1449382015656S07007166WA0051000512005010035134138
B1449392015660S07007162WA0050900511005010033135136
B1449402015663S07007158WA0050700510005010032138137
B1449412015667S07007154WA0050700509005010034140141
B1449422015671S07007151WA0050600508005010035142145
B1449432015675S07007148WA0050500507005010036143147
B1449442015680S07007144WA0050400506005010035147149
B1449452015684S07007142WA0050400505005010034152154
B1449462015689S07007139WA0050200504005010034157162
B1449472015694S07007137WA0050000503005010034159172
B1449482015699S07007135WA0049800502005010035159175
B1449492015703S07007134WA0049800501005010035159175
B1449502015708S07007132WA0049700499005010033159172
B1449512015713S07007130WA0049500498005010031159170
B1449522015717S07007128WA0049400497005010031152168
B1449532015721S07007126WA0049400496005010034149163
B1449542015725S07007123WA0049300495005010035148160
B1449552015730S07007120WA0049200494005010034151164
B1449562015734S07007118WA0049100493005010033153162
B1449572015739S07007115WA0049100492005010033154164
B1449582015743S07007113WA0049000491005010035155164
B1449592015748S07007111WA0048900490005010035156165
B1450002015753S07007109WA0048700488005010035158167
B1450012015758S07007107WA0048700487005010034160168
B1450022015763S07007105WA0048500486005010033159167
B1450032015767S07007103WA0048400485005010033158171
B1450042015772S07007101WA0048200484005010032160184
B1450052015776S07007100WA0048200482005010030168204
B1450062015781S07007099WA0048000481005010027173221
B1450072015785S07007099WA0047900480005010027177233
B1450082015788S07007099WA0047700479005010023182241
B1450092015792S07007099WA0047700477005010023188248
B1450102015795S07007100WA0047400476005010019194250
B1450112015797S07007101WA0047200475005010016201266
B1450122015799S07007102WA0046900475005010011211278
B1450132015799S07007103WA0046900475005010006202289
B1450142015799S07007103WA0046700475005010005213299
B1450152015798S07007104WA0046500475005010006248302
B1450162015797S07007105WA0046300474005010006289304
B1450172015794S07007108WA0046300474005010011328310
B1450182015790S07007109WA0046200474005010014334319
B1450192015784S07007112WA0046000474005010020341322
B1450202015772S07007114WA0045900474005010030351327
B1450212015761S07007116WA0045900473005010035354336
B1450222015751S07007118WA0045700473005010037359338
B1450232015742S07007119WA0045500473005010037358341
B1450242015735S07007120WA0045500473005010030352339
B1450252015729S07007121WA0045500473005010026346332
B1450262015725S07007122WA0045500473005010025344325
B1450272015720S07007124WA0045600473005010028347323
B1450282015714S07007125WA0045700473005010036355325
B1450292015707S07007125WA0045700473005010041356334
B1450302015700S07007126WA0045700473005010039353335
B1450312015693S07007127WA0045800473005010035350332
B1450322015688S07007128WA0045800472005010032349328
B1450332015682S07007129WA0045800472005010032351325
B1450342015677S07007130WA0045800472005010035355326
B1450352015671S07007130WA0045900471005010039359330
B1450362015664S07007130WA0046000471005010040002334
B1450372015658S07007130WA0046100471005010038002336
B1450382015653S07007130WA0046100471005010032359335
B1450392015648S07007130WA0046300471005010028349329
B1450402015644S07007131WA0046400471005010025341319
B1450412015640S07007132WA0046500471005010024342312
B1450422015637S07007134WA0046500471005010024344311
B1450432015633S07007134WA0046500471005010027346312
B1450442015628S07007135WA0046500471005010031351315
B1450452015624S07007136WA0046400471005010031352321
B1450462015619S07007136WA0046400470005010030350321
B1450472015614S07007137WA0046300470005010029350319
B1450482015609S07007137WA0046100470005010029352318
B1450492015605S07007138WA0045900470005010030353319
B1450502015600S07007138WA0045900470005010031354320
B1450512015595S07007139WA0045700469010019032358320
B1450522015590S07007138WA0045400469010019033003323
B1450532015585S07007138WA0045200469010019034005327
B1450542015580S07007137WA0045200469010019030013329
B1450552015576S07007136WA0045100469010019027005330
B1450562015572S07007136WA0045000468005010029001322
B1450572015567S07007135WA0044800468005010031354321
B1450582015562S07007135WA0044800467005010032345321
B1450592015557S07007137WA0044700466005010032342318
B1451002015552S07007139WA0044600465005010031341315
B1451012015547S07007141WA0044500464005010032342315
B1451022015542S07007142WA0044500463005010034348315
B1451032015537S07007142WA0044400462005010034359320
B1451042015532S07007142WA0044300462005010031013326
B1451052015528S07007140WA0044300461005010029017331
B1451062015524S07007139WA0044300461005010025015330
B1451072015520S07007138WA0044300460005010025007324
B1451082015516S07007137WA0044300459005010030003320
B1451092015511S07007137WA0044400459005010032009323
B1451102015507S07007136WA0044400458005010033012328
B1451112015502S07007135WA0044400458005010026001332
B1451122015498S07007135WA0044400457005010023348319
B1451132015495S07007136WA0044500457005010021339308
B1451142015492S07007137WA0044500456005010021342303
B1451152015489S07007138WA0044600456005010023348303
B1451162015485S07007139WA0044700455005010026357308
B1451172015481S07007139WA0044800455005010027002316
B1451182015477S07007138WA0044800455005010034014319
B1451192015472S07007137WA0044900454005010030006335
B1451202015467S07007137WA0045000454005010026348328
B1451212015464S07007138WA0045100455005010026331320
B1451222015460S07007141WA0045100455005010026320313
B1451232015458S07007144WA0045300455005010025310305
B1451242015456S07007147WA0045500455005010024297298
B1451252015454S07007150WA0045600455005010024285289
B1451262015454S07007154WA0045600455005010029272282
B1451272015454S07007159WA0045700455005010031265269
B1451282015455S07007164WA0045700454005010032247266
B1451292015457S07007168WA0045700455005010027237256
B1451302015460S07007171WA0045700455005010028220251
B1451312015463S07007174WA0045600455005010026214242
B1451322015466S07007176WA0045600456005010024215234
B1451332015469S07007178WA0045600456005010024205225
B1451342015473S07007179WA0045600457005010027183207
B1451352015478S07007178WA0045700456005010034163190
B1451362015482S07007176WA0045800456005010034145175
B1451372015486S07007172WA0045800455005010037127157
B1451382015489S07007167WA0045800455005010041111134
B1451392015491S07007160WA0045800453005010044100117
B1451402015491S07007153WA0045800452005010046088094
B1451412015490S07007145WA0045700451005010046077080
B1451422015488S07007138WA0045700450005010047064058
B1451432015484S07007131WA0045600449005010047053041
B1451442015480S07007126WA0045500448005010043050031
B1451452015475S07007122WA0045500448005010039017021
B1451462015469S07007121WA0045500448005010034014014
B1451472015464S07007121WA0045500449005010031006005
B1451482015459S07007121WA0045600449010019031359013
B1451492015454S07007121WA0045700450010019032352353
B1451502015449S07007122WA0045700450010019035349351
B1451512015444S07007123WA0045900450005010036348343
B1451522015438S07007124WA0046000450005010032344333
B1451532015434S07007126WA0046100450005010028328315
B1451542015431S07007129WA0046100451005010028310306
B1451552015429S07007133WA0046200451005010029298296
B1451562015427S07007137WA0046300451005010028284284
B1451572015427S07007141WA0046300451005010026264274
B1451582015428S07007145WA0046300452005010026247258
B1451592015430S07007149WA0046300452005010027231249
B1452002015433S07007152WA0046400452005010028218238
B1452012015437S07007154WA0046400453005010026210240
B1452022015441S07007156WA0046400453005010027200230
B1452032015445S07007157WA0046400454005010024197222
B1452042015448S07007158WA0046400454005010023189206
B1452052015452S07007158WA0046400454005010026166188
B1452062015456S07007156WA0046400455005010032150172
B1452072015460S07007153WA0046400455005010038135153
B1452082015464S07007148WA0046300455005010042119145
B1452092015466S07007141WA0046200455005010041107130
B1452102015467S07007135WA0046200455005010040099112
B1452112015468S07007128WA0046200456005010040089098
B1452122015467S07007122WA0046200457005010042078076
B1452132015465S07007115WA0046200457005010045064055
B1452152015462S07007109WA0046200457005010045053038
B1452162015451S07007100WA0046200458005010042024005
B1452172015445S07007098WA0046200459005010037006355
B1452182015440S07007098WA0046200460005010030000346
B1452192015436S07007098WA0046300460005010027351336
B1452202015432S07007100WA0046400461005010024339330
B1452222015428S07007101WA0046500462005010026330326
B1452232015421S07007107WA0046600463005010029323325
B1452242015418S07007109WA0046700464005010027316323
B1452252015415S07007113WA0046700464005010025305318
B1452262015413S07007116WA0046700465005010026300309
B1452272015411S07007120WA0046700465005010027300314
B1452282015409S07007124WA0046700466005010030302308
B1452292015406S07007128WA0046600467005010030297305
B1452302015404S07007133WA0046600467005010030293310
B1452312015402S07007138WA0046600467005010032291307
B1452322015401S07007143WA0046500467005010033290313
B1452332015399S07007147WA0046300468005010031291303
B1452342015397S07007152WA0046300468005010029294301
B1452352015395S07007156WA0046100468005010026299306
B1452362015393S07007159WA0046000468005010023296305
B1452372015392S07007162WA0045800468005010021291300
B1452382015391S07007165WA0045800468005010021290304
B1452402015390S07007169WA0045700468005010024291305
B1452412015386S07007176WA0045300468005010026301308
B1452422015384S07007180WA0045300468005010024302311
B1452442015382S07007183WA0045100468005010023302313
B1452452015378S07007189WA0044600468005010024304313
B1452462015376S07007192WA0044600468005010028311314
B1452482015373S07007196WA0044400468005010028314319
B1452492015367S07007202WA0044000467005010026316325
B1452502015364S07007205WA0044000467005010028314322
B1452512015361S07007208WA0043900467005010030319324
B1452532015357S07007211WA0043800466005010027322322
B1452542015354S07007213WA0043700466005010023322303
B1452552015350S07007219WA0043600465005010019298287
B1452562015349S07007222WA0043500465005010021266261
B1452572015350S07007225WA0043400464005010024246254
B1452582015352S07007228WA0043200463005010023225231
B1452592015355S07007230WA0043200463005010026200212
B1453012015359S07007231WA0043000462005010029179201
B1453022015364S07007231WA0042800461005010036164192
B1453032015369S07007229WA0042600460005010034161185
B1453042015374S07007227WA0042600459005010030156193
B1453052015378S07007225WA0042400457005010028155186
B1453062015383S07007223WA0042300455005010031155182
B1453072015387S07007221WA0042100453005010035154183
B1453082015393S07007218WA0042100450005010037152180
B1453092015397S07007215WA0041900448005010036147177
B1453112015406S07007209WA0041500444005010031139176
B1453122015409S07007206WA0041500443005010029140176
B1453132015413S07007203WA0041200440005010030142178
B1453142015417S07007199WA0041000438005010032141189
B1453152015421S07007196WA0040900437005010033138178
B1453162015425S07007193WA0040900435005010031144183
B1453172015428S07007190WA0040800434005010025146188
B1453182015431S07007188WA0040700432005010024141188
B1453192015434S07007185WA0040600431005010027136184
B1453202015438S07007182WA0040500428005010031139175
B1453212015442S07007179WA0040500427005010034146177
B1453222015446S07007176WA0040300425005010034147173
B1453232015450S07007173WA0040200423005010031139170
B1453242015454S07007170WA0040000421005010032138174
B1453252015458S07007166WA0039800419005010036138177
B1453262015462S07007163WA0039700417005010037141185
B1453272015467S07007160WA0039500415005010034149187
B1453282015471S07007157WA0039300414005010032158190
B1453292015476S07007156WA0039200412005010033162191
B1453302015481S07007154WA0039000410005010033158195
B1453312015485S07007152WA0038900409005010031152191
B1453322015489S07007150WA0038900407005010027155184
B1453332015492S07007148WA0038800406005010029156186
B1453342015496S07007147WA0038800405005010028165183
B1453352015501S07007146WA0038700403005010031164192
B1453362015505S07007145WA0038600401005010034165194
B1453372015510S07007143WA0038500400005010034166196
B1453382015515S07007142WA0038300398005010031166199
B1453392015520S07007141WA0038300396005010031168204
B1453402015524S07007140WA0038200394005010031164192
B1453412015529S07007139WA0038000393005010032161197
B1453422015533S07007137WA0038000391005010033153193
B1453432015538S07007135WA0038000390005010032156196
B1453442015542S07007133WA0038000389005010029155193
B1453452015546S07007131WA0038100389005010030155185
B1453462015550S07007129WA0038100388005010032163183
B1453472015555S07007127WA0038200387005010036154194
B1453482015560S07007125WA0038400387005010036154183
B1453492015565S07007122WA0038600387005010033145205
B1453502015568S07007119WA0038800387005010026150208
B1453512015571S07007118WA0039000388005010022170212
B1453522015574S07007118WA0039300388005010018192222
B1453532015577S07007119WA0039400388005010017198234
B1453542015579S07007120WA0039500388005010016220234
B1453552015581S07007122WA0039600388005010014217248
B1453562015582S07007124WA0039600388005010012235250
B1453572015583S07007126WA0039700388005010011256257
B1453582015583S07007128WA0039800388005010011286268
B1453592015582S07007130WA0039800388005010010318283
B1454002015581S07007131WA0039800388005010012345297
B1454012015579S07007131WA0039800388005010016357315
B1454022015576S07007131WA0039900388010019017358330
B1454032015573S07007131WA0040000388030057019001317
B1454042015567S07007131WA0040200388030057020007324
B1454052015563S07007130WA0040400388010019019009333
B1454062015558S07007124WA0040500388010019015040334
B1454072015556S07007119WA0040700388030057015060353
B1454132015565S07007120WA0041000402004003034348022
B1454142015560S07007117WA0041000404004003041029337
B1454152015556S07007114WA0041000405004003044047023
B1454162015553S07007108WA0041000406004003044067046
B1454172015551S07007101WA0041100407004003047083072
B1454182015550S07007095WA0041200408004004047084091
B1454202015557S07007086WA0041400409004003040152154
B1454212015561S07007086WA0041500408004003036184179
B1454232015569S07007087WA0041600411004003022196224
B1454242015572S07007088WA0041700411004003022198230
B1454252015576S07007091WA0041800411004004016216250
B1454262015578S07007093WA0041800412004003016223249
B1454272015580S07007096WA0041900411004003021235253
B1454282015582S07007098WA0041900410004003021247273
B1454292015580S07007101WA0041900409004003021313287
B1454302015577S07007103WA0041900408004003022325300
B1454312015574S07007106WA0041800409004003027323305
B1454322015572S07007109WA0041700412004003026312302
B1454332015571S07007113WA0041600414004003026275291
B1454342015586S07007095WA0041600441010019011281288
B1454352015584S07007098WA0041600440010019014284272
B1454362015583S07007100WA0041700440010019014277292
B1454372015582S07007103WA0041800440010019015275307
B1454382015581S07007106WA0041900440010019015278313
B1454392015581S07007110WA0042100440010019014282314
B1454402015579S07007112WA0042200439010019013295317
B1454412015578S07007115WA0042400437010019012310323
B1454422015576S07007117WA0042600436010019012327326
B1454432015568S07007123WA0042700441005010019342334
B1454442015562S07007127WA0042800444005010016348346
B1454452015559S07007128WA0043000443005010016007283
B1454462015556S07007128WA0043100441005010013021303
B1454472015554S07007127WA0043300439010019012037311
B1454482015551S07007123WA0043400435010019013053317
B1454492015549S07007118WA0043600434010019014076331
B1454502015548S07007112WA0043600432010019015083004
B1454512015548S07007108WA0043800432030057012079025
B1454522015547S07007104WA0044000431030057011079345
B1454532015547S07007101WA0044100431030057013084335
B1454542015547S07007097WA0044300430030057014086359
B1454592015558S07007108WA0044600439004003035034029
B1455002015554S07007103WA0044600439004003038052027
B1455012015551S07007098WA0044500439004003041068051
B1455022015550S07007092WA0044500440004003041081068
B1455032015550S07007086WA0044500440004003041098086
B1455042015551S07007080WA0044500441004003040110107
B1455052015555S07007076WA0044500440004003039149123
B1455062015559S07007073WA0044500438004003039146175
B1455072015564S07007075WA0044600440004003033208175
B1455082015566S07007076WA0044600441004003033221231
B1455092015570S07007078WA0044600443004003021208242
B1455102015572S07007078WA0044600445004004017185242
B1455112015575S07007078WA0044600442004004017183232
B1455122015577S07007080WA0044700442004004019204243
B1455132015579S07007082WA0044800439004003023226242
B1455142015581S07007085WA0044800437004003022239262
B1455152015582S07007088WA0044800439004003022258265
B1455162015583S07007091WA0044800438004004021258269
B1455172015582S07007093WA0044700438004003014299288
B1455182015592S07007072WA0044700462010019014225292
B1455192015593S07007074WA0044600463010019012242281
B1455202015593S07007077WA0044500462010019012262285
B1455212015592S07007080WA0044500462010019014280293
B1455222015591S07007083WA0044400462010019016292301
B1455232015589S07007087WA0044400461010019017304302
B1455242015586S07007092WA0044400458010019017311307
B1455252015584S07007096WA0044400457010019017312307
B1455262015581S07007100WA0044400455010019018311309
B1455272015578S07007103WA0044300454010019019314307
B1455282015574S07007106WA0044300452010019020322309
B1455292015571S07007109WA0044300451010019021326318
B1455302015567S07007111WA0044300450010019020326319
B1455312015563S07007114WA0044300449010019021328316
B1455322015560S07007116WA0044400449010019022331323
B1455332015556S07007118WA0044400448010019025334331
B1455342015551S07007120WA0044500447010019026338345
B1455352015547S07007121WA0044500447010019027346357
B1455362015540S07007123WA0044700451005010034006009
B1455372015533S07007124WA0044700454005010034013024
B1455382015527S07007122WA0044800456005010035021030
B1455392015522S07007119WA0044900456005010035029035
B1455402015518S07007114WA0045100456005010041064039
B1455412015515S07007107WA0045100455005010040066071
B1455422015512S07007100WA0045200455005010037069073
B1455432015510S07007094WA0045400455005010027086074
B1455442015510S07007088WA0045600456005010028121090
B1455452015513S07007083WA0045600457005010031141143
B1455462015517S07007078WA0045800459005010029148166
B1455472015520S07007075WA0046000461005010029152175
B1455482015524S07007072WA0046100462010019029153179
B1455492015528S07007069WA0046100463010019028156181
B1455502015533S07007067WA0046300464010019028159184
B1455512015537S07007065WA0046500465010019025170188
B1455522015542S07007065WA0046600465010019018182201
B1455532015546S07007066WA0046600466010019014185219
B1455542015550S07007067WA0046800466010019010236229
B1455552015550S07007069WA0047000464010019006275260
B1455562015551S07007072WA0047100463010019004346277
B1455572015547S07007078WA0047100464005010012359291
B1455582015542S07007083WA0047200466005010018004318
B1455592015537S07007086WA0047400467005010015010331
B1456002015532S07007087WA0047500467010019014020331
B1456012015529S07007087WA0047500466010019016034333
B1456022015523S07007083WA0047700462010019019047348
B1456032015520S07007079WA0047800462010019019056007
B1456042015518S07007076WA0048000461010019019064018
B1456052015516S07007073WA0048000460010019019069029
B1456062015515S07007069WA0048100460010019018072038
B1456072015514S07007060WA0048200464010019016076038
B1456122015555S07007076WA0048800486004003021293042
B1456132015554S07007079WA0048900487004003025306290
B1456142015552S07007081WA0049000487004003025321302
B1456152015550S07007084WA0049000488004004025313316
B1456162015545S07007085WA0049100488004003033344320
B1456172015539S07007084WA0049200490004003040013343
B1456182015534S07007083WA0049300489004003033013012
B1456192015529S07007078WA0049300489004003040041017
B1456202015525S07007073WA0049400490004003042056044
B1456212015523S07007067WA0049500489004003042076062
B1456222015523S07007061WA0049600488004003042098092
B1456232015524S07007055WA0049600488004003042115118
B1456242015527S07007051WA0049600488004003036137134
B1456252015531S07007048WA0049600488004003036140165
B1456262015534S07007049WA0049600491004003029171173
B1456272015538S07007049WA0049600493004004024189205
B1456282015540S07007050WA0049600495004004017198220
B1456292015542S07007050WA0049600497004004017191233
B1456302015545S07007051WA0049600498004004017194236
B1456312015547S07007053WA0049700496004003019228243
B1456322015548S07007056WA0049800496004003021253257
B1456332015542S07007032WA0049800495010019014207268
B1456342015545S07007035WA0050000498010019014235262
B1456352015548S07007039WA0050100502010019015245266
B1456362015549S07007043WA0050100505010019014247271
B1456372015551S07007046WA0050200507010019015249268
B1456382015552S07007049WA0050200508010019015248265
B1456392015552S07007053WA0050300508010019016249269
B1456402015553S07007056WA0050300508010019018252278
B1456412015554S07007060WA0050300507010019017258291
B1456422015554S07007063WA0050400506010019016268300
B1456432015554S07007066WA0050400504010019013285304
B1456442015553S07007070WA0050400503010019012309310
B1456452015551S07007072WA0050500501010019013326318
B1456462015549S07007074WA0050500500010019013345328
B1456472015546S07007076WA0050600502005010017359336
B1456482015543S07007076WA0050600501010019018005349
B1456492015539S07007076WA0050700500005010019010354
B1456502015536S07007075WA0050800498010019018020358
B1456512015532S07007074WA0050900497010019018031323
B1456522015528S07007068WA0050900501010019017047338
B1456532015523S07007061WA0051000508010019018057352
B1456542015521S07007055WA0051200512010019015079008
B1456552015520S07007050WA0051300514010019017101033
B1456562015520S07007045WA0051300515010019017106129
B1456572015520S07007040WA0051400517010019015109140
B1456582015523S07007035WA0051600517010019016142157
B1456592015526S07007033WA0051700516010019009159192
B1457002015529S07007031WA0051700516010019006163224
B1457012015533S07007031WA0051700518005010006192237
B1457022015537S07007032WA0051700520005010007218247
B1457032015541S07007033WA0051700521005010009232256
B1457042015544S07007035WA0051700523005010009243259
B1457052015546S07007037WA0051700524005010009255263
B1457062015548S07007040WA0051700524005010009266268
B1457072015549S07007048WA0051800524005010009282272
B1457082015548S07007053WA0051800522010019008295278
B1457092015548S07007058WA0051800521010019011336283
B1457102015546S07007061WA0051800520010019015002304
B1457112015543S07007061WA0051800519010019016007325
B1457122015540S07007061WA0051800518010019019015331
B1457132015535S07007062WA0051800518005010019020343
B1457142015530S07007062WA0051800517010019019027346
B1457152015525S07007062WA0051800516010019022038351
B1457162015521S07007060WA0051900513010019023039001
B1457172015517S07007057WA0052000511010019024057003
B1457182015514S07007053WA0052100508010019026072029
B1457192015512S07007048WA0052100504010019031084058
B1457202015511S07007041WA0052200502010019034097081
B1457212015511S07007035WA0052400500005010033099102
B1457222015511S07007029WA0052500498005010031108105
B1457232015513S07007023WA0052700497005010030125118
B1457242015516S07007016WA0052800497005010034131141
B1457252015520S07007008WA0052900497005010032140145
B1457262015527S07006996WA0053000505005010030150157
B1457272015533S07006993WA0053000504005010023165169
B1457282015541S07006990WA0052900505005010021171190
B1457292015547S07006988WA0052900506005010019175197
B1457302015553S07006987WA0052800506005010018179204
B1457312015558S07006987WA0052800506005010019192209
B1457322015563S07006989WA0052700506005010019202218
B1457332015566S07006990WA0052500506005010020212228
B1457342015570S07006993WA0052300506005010022217233
B1457352015572S07006996WA0052200506010019023229241
B1457362015574S07007001WA0052000504010019024236251
B1457372015577S07007005WA0051900503010019022238257
B1457382015579S07007009WA0051800502010019021239268
B1457392015581S07007012WA0051700502010019020236263
B1457402015582S07007016WA0051600500010019022242262
B1457412015584S07007021WA0051400498010019024245265
B1457422015585S07007025WA0051300497010019023246268
B1457432015586S07007029WA0051100496010019022247276
B1457442015587S07007032WA0050900495010019021249279
B1457452015588S07007035WA0050700494010019020253288
B1457462015588S07007038WA0050600494010019019260290
B1457472015589S07007041WA0050400493010019019267286
B1457482015588S07007045WA0050200491010019019272294
B1457492015588S07007049WA0050200490010019020275298
B1457502015587S07007052WA0050000488010019021277301
B1457512015587S07007056WA0049800487010019022280302
B1457522015586S07007060WA0049600485010019022287300
B1457532015582S07007064WA0049300482010019026307306
B1457542015579S07007068WA0049000481010019027309318
B1457552015575S07007072WA0048700479010019027312321
B1457562015571S07007075WA0048400477010019029322326
B1457572015565S07007078WA0048200475010019029325335
B1457582015559S07007081WA0048000473010019029325330
B1457592015554S07007084WA0047900471010019030328318
B1458002015550S07007086WA0047700470010019028332326
B1458012015546S07007089WA0047600469010019028331324
B1458022015542S07007091WA0047600469010019025325302
B1458032015538S07007093WA0047600468005010020317296
B1458042015536S07007095WA0047600467005010016308290
B1458052015534S07007097WA0047700466005010015301308
B1458062015534S07007100WA0047700465005010019290302
B1458072015533S07007103WA0047700465005010020288303
B1458082015532S07007107WA0047700463005010018281285
B1458092015532S07007110WA0047700463005010016274274
B1458102015531S07007112WA0047800462005010015277295
B1458112015531S07007115WA0047900462005010014279295
B1458122015531S07007117WA0048000461005010014285297
B1458132015530S07007119WA0048000461005010016293299
B1458142015529S07007122WA0047900460005010017300313
B1458152015527S07007124WA0047800459005010017311314
B1458162015526S07007126WA0047700458005010017314310
B1458172015524S07007128WA0047600458005010018315305
B1458182015521S07007131WA0047600457005010020311304
B1458192015519S07007133WA0047500456005010021310305
B1458202015517S07007136WA0047400455005010021312309
B1458212015515S07007138WA0047300454005010020315312
B1458222015512S07007141WA0047200453005010020316314
B1458232015510S07007143WA0047100452005010019317312
B1458242015507S07007145WA0047100452005010020318316
B1458252015505S07007147WA0047000451005010021320319
B1458262015502S07007150WA0046900450005010022323325
B1458272015499S07007152WA0046800449005010022327328
B1458282015496S07007154WA0046800449005010023331332
B1458292015493S07007156WA0046700449005010023335340
B1458302015489S07007157WA0046600449005010024338341
B1458312015485S07007159WA0046500448005010025339342
B1458322015481S07007160WA0046500448005010026339339
B1458332015477S07007162WA0046400448005010026338336
B1458342015474S07007164WA0046300447005010025335332
B1458352015470S07007166WA0046200447005010024329318
B1458362015467S07007168WA0046200446005010022317304
B1458372015465S07007171WA0046100445005010021301284
B1458382015464S07007174WA0046000445005010019277265
B1458392015464S07007177WA0045800444005010022253250
B1458402015466S07007180WA0045600443005010022235233
B1458412015468S07007182WA0045500442005010018213221
B1458422015471S07007183WA0045500442005010020188216
B1458432015475S07007183WA0045300441005010021180220
B1458442015479S07007183WA0045100440005010023174218
B1458452015483S07007183WA0045000439005010025172216
B1458462015487S07007182WA0044900437005010027173219
B1458472015493S07007181WA0044700436005010030173221
B1458482015498S07007180WA0044600435005010030174216
B1458492015502S07007179WA0044500434005010028174212
B1458502015507S07007178WA0044400433005010027173210
B1458512015511S07007178WA0044300433005010027172206
B1458522015515S07007177WA0044300432005010027172201
B1458532015520S07007176WA0044300432005010032173206
B1458542015525S07007176WA0044200431005010033172204
B1458552015531S07007175WA0044100430005010032170201
B1458562015535S07007174WA0044000429005010030165200
B1458572015540S07007172WA0044000429005010028158195
B1458582015544S07007170WA0044000428005010029153188
B1458592015548S07007168WA0044000427005010034147187
B1459002015552S07007164WA0044000427005010037141179
B1459012015556S07007160WA0044000427005010036135171
B1459022015560S07007156WA0044000426005010033135169
B1459032015563S07007152WA0043900426005010031135172
B1459042015566S07007149WA0043900426005010028143169
B1459052015570S07007147WA0043800425005010031149171
B1459062015574S07007144WA0043600425005010031152174
B1459072015578S07007142WA0043500425005010029150174
B1459082015582S07007139WA0043400424005010028149173
B1459092015586S07007137WA0043300423005010027151173
B1459102015589S07007135WA0043200423005010029154174
B1459112015594S07007133WA0043000423005010038160175
B1459122015599S07007131WA0042900422005010039154175
B1459132015605S07007128WA0042700421005010037154168
B1459142015609S07007125WA0042600422005010034153169
B1459152015614S07007123WA0042500422005010028159169
B1459162015618S07007122WA0042400421005010029168180
B1459172015622S07007121WA0042400421005010030168188
B1459182015627S07007120WA0042400420005010030168188
B1459192015631S07007120WA0042300419005010030167187
B1459202015636S07007119WA0042300418005010030163185
B1459212015640S07007117WA0042200418005010029163182
B1459222015644S07007116WA0042100417005010026168182
B1459232015648S07007116WA0042100416005010026169190
B1459242015652S07007115WA0042000415005010026168191
B1459252015656S07007114WA0041800414005010031166189
B1459262015661S07007113WA0041600413005010032168184
B1459272015666S07007112WA0041400412005010034164186
B1459282015670S07007111WA0041200411005010031160181
B1459292015675S07007109WA0041000411005010029157177
B1459302015679S07007108WA0040900410005010028163175
B1459312015683S07007106WA0040900410005010027164183
B1459322015686S07007105WA0040900409005010024164185
B1459332015690S07007105WA0040900409005010021165186
B1459342015693S07007104WA0040900409005010021168190
B1459352015696S07007103WA0040900408005010024170192
B1459362015700S07007103WA0040800408005010028171192
B1459372015705S07007102WA0040700407005010029174195
B1459382015709S07007102WA0040600406005010028175200
B1459392015713S07007102WA0040400406005010027174199
B1459402015718S07007101WA0040300405005010028171202
B1459412015722S07007101WA0040100405005010032169199
B1459422015727S07007100WA0040000404005010032167196
B1459432015732S07007098WA0039900403005010031164195
B1459442015736S07007096WA0039700403005010030160198
B1459452015740S07007095WA0039600403005010030160202
B1459462015744S07007094WA0039500402005010028164205
B1459472015748S07007093WA0039400402005010027170207
B1459482015752S07007092WA0039300401005010024180214
B1459492015755S07007092WA0039200400005010022182220
B1459502015758S07007093WA0039100400005010020189226
B1459512015761S07007094WA0039100400005010018195233
B1459522015763S07007094WA0039200399005010012194237
B1459532015762S07007094WA0039200398005010009223243
B1459542015761S07007096WA0039300397005010009263259
B1459552015759S07007097WA0039500396005010009291272
B1459562015757S07007099WA0039600394005010009305281
B1459572015755S07007101WA0039700393005010010317286
B1459582015753S07007102WA0039700392005010012327291
B1459592015750S07007104WA0039700391005010016337298
B1500002015748S07007105WA0039600390005010018343307
B1500022015745S07007106WA0039500389005010019349313
B1500032015741S07007107WA0039300388005010022347322
B1500042015737S07007108WA0039100387005010023343323
B1500052015732S07007110WA0038900385005010024341326
B1500062015728S07007111WA0038700384005010025343325
B1500072015724S07007112WA0038600384005010028345327
B1500082015719S07007113WA0038500383005010033347335
B1500092015712S07007114WA0038400382005010034349338
B1500102015677S07007118WA0038400390005010031359337
B1500112015674S07007118WA0038400389005010028000337
B1500122015669S07007119WA0038500388005010028359337
B1500132015664S07007120WA0038500388005010031355328
B1500142015660S07007121WA0038500386005010032345334
B1500152015656S07007123WA0038600385005010031343332
B1500162015652S07007125WA0038600385005010027337331
B1500172015648S07007126WA0038600384005010025334328
B1500182015645S07007128WA0038700384005010026336324
B1500192015641S07007129WA0038700384005010027337321
B1500202015637S07007131WA0038800385005010028349323
B1500212015633S07007131WA0038800386005010022351328
B1500222015630S07007132WA0038900387005010019346323
B1500232015627S07007133WA0039000388005010017341323
B1500242015625S07007134WA0039100388005010019337317
B1500252015622S07007135WA0039200389005010023336314
B1500262015619S07007137WA0039300389005010024335309
B1500272015615S07007139WA0039400390005010025332311
B1500282015612S07007141WA0039500390005010024331312
B1500292015609S07007143WA0039600391005010023333306
B1500302015606S07007145WA0039600392005010025334304
B1500312015602S07007146WA0039700393005010027336302
B1500322015598S07007148WA0039900394005010030336305
B1500332015594S07007151WA0040000396005010032337306
B1500342015589S07007153WA0040200397005010033336307
B1500352015585S07007155WA0040300398005010033333309
B1500362015580S07007158WA0040400399005010034325308
B1500372015576S07007161WA0040500400005010034321307
B1500382015572S07007165WA0040600401005010032323312
B1500392015568S07007167WA0040700402005010028331317
B1500402015565S07007170WA0040900404005010028331316
B1500412015561S07007172WA0041000405005010028326311
B1500422015558S07007175WA0041100406005010028320311
B1500432015554S07007178WA0041100407005010036323308
B1500442015550S07007181WA0041100407005010036325309
B1500452015545S07007185WA0041000407005010036325308
B1500462015541S07007188WA0040800407005010034321308
B1500472015537S07007192WA0040600407005010033317308
B1500482015533S07007196WA0040600407005010032315311
B1500492015530S07007199WA0040500407005010033316309
B1500502015527S07007203WA0040300406005010033317305
B1500512015523S07007207WA0040100406005010036321304
B1500522015519S07007210WA0039900405005010034321305
B1500532015515S07007214WA0039800404005010034322305
B1500542015510S07007217WA0039600404005010033327305
B1500552015506S07007219WA0039400403005010034333306
B1500562015501S07007221WA0039300402005010035336309
B1500572015497S07007223WA0039200401005010036339311
B1500582015492S07007225WA0039100400005010035341311
B1500592015487S07007227WA0039100400005010032346317
B1501002015483S07007228WA0039100399005010029343318
B1501012015479S07007229WA0039200398005010025343312
B1501022015476S07007230WA0039200398005010024336305
B1501032015472S07007232WA0039200397005010027334300
B1501042015468S07007234WA0039200396005010029334304
B1501052015464S07007236WA0039200395005010031335310
B1501062015460S07007238WA0039100395005010030335311
B1501072015456S07007240WA0039000394005010030335310
B1501082015452S07007242WA0038900394005010029336309
B1501092015448S07007243WA0038900393005010030339308
B1501102015444S07007245WA0039000393005010030339308
B1501112015440S07007247WA0039100393005010028332309
B1501122015437S07007249WA0039200393005010025322301
B1501132015434S07007252WA0039400393005010023307291
B1501142015433S07007255WA0039500393005010020285274
B1501152015433S07007258WA0039700393005010021257257
B1501162015435S07007261WA0039800393005010021239233
B1501172015437S07007264WA0039900394005010019218214
B1501182015439S07007265WA0040100394005010017198201
B1501192015442S07007265WA0040200394005010014178192
B1501202015445S07007263WA0040200395005010013146186
B1501212015448S07007259WA0040300395005010019120176
B1501222015450S07007255WA0040300395005010021101157
B1501232015449S07007250WA0040300394005010020074141
B1501242015447S07007245WA0040300394005010020056125
B1501252015444S07007242WA0040300394005010015020082
B1501262015440S07007242WA0040400395005010021340298
B1501272015435S07007243WA0040500395005010023327306
B1501282015430S07007244WA0040600396005010023326301
B1501292015427S07007246WA0040700396005010024321302
B1501302015424S07007249WA0040900396005010022308293
B1501312015421S07007252WA0041000397005010022284274
B1501322015420S07007255WA0041100397005010022274264
B1501332015420S07007258WA0041200398005010018251245
B1501342015421S07007260WA0041300399005010020216220
B1501352015424S07007261WA0041400399005010023186199
B1501362015428S07007260WA0041400400005010030151172
B1501372015431S07007255WA0041500401005010038133149
B1501382015435S07007250WA0041600402005010042111123
B1501392015436S07007243WA0041700404005010043090095
B1501402015434S07007236WA0041700406005010043066062
B1501412015431S07007231WA0041800407005010044045041
B1501422015426S07007227WA0041900409005010038026011
B1501432015420S07007225WA0042100411005010033011355
B1501442015416S07007225WA0042200412005010026339335
B1501452015413S07007227WA0042400414005010024304301
B1501462015411S07007231WA0042600416005010022274267
B1501472015412S07007235WA0042700418005010022233242
B1501482015414S07007237WA0042900420005010024202211
B1501492015418S07007238WA0043000421005010027173184
B1501502015422S07007236WA0043100423005010029146165
B1501512015425S07007232WA0043200425005010039114136
B1501522015427S07007226WA0043300427005010038098104
B1501532015427S07007219WA0043400428005010038083085
B1501542015424S07007214WA0043500430005010038041065
B1501552015419S07007211WA0043700432005010039020021
B1501562015413S07007209WA0043800433005010036012357
B1501572015408S07007210WA0043800435005010035337334
B1501582015403S07007212WA0043800436005010031323309
B1501592015400S07007216WA0043900438005010028301285
B1502002015398S07007220WA0044100439005010026279274
B1502012015398S07007224WA0044200441005010024266260
B1502022015399S07007228WA0044400442005010020251241
B1502032015400S07007230WA0044500444005010017225215
B1502042015402S07007231WA0044600445005010018202204
B1502052015405S07007232WA0044700447005010017181182
B1502062015408S07007231WA0044700448005010019156174
B1502072015411S07007229WA0044700449005010026142157
B1502082015414S07007225WA0044700451005010029125144
B1502092015415S07007218WA0044700453005010039083128
B1502102015414S07007212WA0044800456005010038074078
B1502112015412S07007206WA0045000458005010036054061
B1502122015407S07007203WA0045200460005010040025036
B1502132015402S07007200WA0045300463005010039017005
B1502142015395S07007198WA0045400465005010036355345
B1502152015390S07007199WA0045400466005010035331320
B1502162015386S07007201WA0045400467005010032314303
B1502172015383S07007204WA0045400468005010026293277
B1502182015382S07007208WA0045500470005010024270259
B1502192015383S07007211WA0045600471005010019236240
B1502202015384S07007213WA0045600472005010018200220
B1502212015387S07007213WA0045700474005010021179211
B1502222015391S07007213WA0045800475005010025168189
B1502232015395S07007212WA0045800476005010027158177
B1502242015398S07007209WA0045800477005010030137162
B1502252015401S07007205WA0045800477005010034117133
B1502262015403S07007200WA0045800478005010038095104
B1502272015403S07007193WA0045800479005010040083079
B1502282015402S07007186WA0045900479005010038075051
B1502292015400S07007181WA0046000480005010036064036
B1502302015395S07007178WA0046000482005010039006014
B1502312015389S07007177WA0046100482005010040001332
B1502322015383S07007177WA0046100484005010037355323
B1502332015378S07007179WA0046100485005010027300315
B1502342015376S07007183WA0046200486005010027292282
B1502352015375S07007186WA0046200487005010024283264
B1502362015375S07007189WA0046300488005010014260259
B1502372015376S07007192WA0046400490005010018244250
B1502382015377S07007196WA0046400491005010024227236
B1502392015379S07007198WA0046300492005010025209226
B1502402015383S07007200WA0046200492005010025195219
B1502412015386S07007201WA0046200492005010024184213
B1502422015390S07007200WA0046200492005010024166201
B1502432015394S07007199WA0046200492005010026153183
B1502442015397S07007197WA0046200491005010029142169
B1502452015401S07007193WA0046300491005010033132159
B1502462015404S07007188WA0046400491005010038116141
B1502472015406S07007182WA0046500492005010040101127
B1502482015407S07007176WA0046600491005010038091114
B1502492015407S07007169WA0046800491005010036082096
B1502502015405S07007163WA0046900491005010038069084
B1502512015402S07007158WA0046900491005010041053050
B1502522015398S07007153WA0047100491005010042034026
B1502532015392S07007150WA0047200491005010040019001
B1502542015387S07007149WA0047300491005010034002337
B1502552015382S07007149WA0047500491005010030339312
B1502562015378S07007151WA0047600491005010027324290
B1502572015376S07007154WA0047800491005010023299275
B1502582015374S07007158WA0047900491005010025274262
B1502592015375S07007162WA0048100492005010024250237
B1503002015376S07007165WA0048200492005010023236215
B1503012015379S07007168WA0048300492005010022223190
B1503022015381S07007170WA0048500492005010017215183
B1503032015383S07007171WA0048600492005010012200173
B1503042015384S07007171WA0048700492005010005175165
B1503052015385S07007170WA0048800493005010004112163
B1503062015386S07007164WA0048900491005010009027162
B1503082015384S07007160WA0049100491005010018011302
B1503092015379S07007157WA0049200491005010032001336
B1503102015373S07007156WA0049300491005010030343331
B1503112015365S07007158WA0049500492005010025292306
B1503122015363S07007161WA0049700492005010022273271
B1503132015362S07007163WA0049900492005010021256255
B1503142015363S07007165WA0050000492005010021235240
B1503152015365S07007167WA0050200493005010021219222
B1503162015367S07007168WA0050200493005010019193208
B1503172015371S07007165WA0050300493005010022161187
B1503182015374S07007159WA0050300495005010027141171
B1503192015377S07007153WA0050300495005010038107148
B1503202015377S07007144WA0050300497005010042088124
B1503212015376S07007136WA0050300499005010044072099
B1503222015373S07007129WA0050400500005010045055080
B1503232015369S07007123WA0050500502005010046047058
B1503242015363S07007118WA0050700503005010044037035
B1503252015357S07007114WA0050800504005010041024017
B1503262015351S07007113WA0051000506005010040358349
B1503272015345S07007113WA0051000507005010038354338
B1503282015339S07007114WA0051100509005010035341329
B1503292015334S07007116WA0051300511005010032323319
B1503302015331S07007119WA0051400512005010027306298
B1503312015329S07007123WA0051500514005010023292284
B1503322015328S07007126WA0051700515005010021268281
B1503332015328S07007129WA0051700516005010020250250
B1503342015330S07007132WA0051800518005010023231250
B1503352015332S07007134WA0051800519005010022215238
B1503362015335S07007136WA0051700521005010021190216
B1503372015338S07007135WA0051700522005010022169191
B1503382015342S07007134WA0051600523005010023148176
B1503392015345S07007131WA0051500524005010026132152
B1503402015347S07007127WA0051400525005010030113131
B1503412015347S07007121WA0051400527005010044072107
B1503422015345S07007114WA0051400528005010045067084
B1503432015342S07007107WA0051400530005010041059060
B1503442015338S07007102WA0051400531005010041042036
B1503452015332S07007099WA0051400533005010045010011
B1503462015325S07007098WA0051500534005010044355352
B1503472015319S07007100WA0051600535005010039329329
B1503482015314S07007103WA0051700536005010039312302
B1503492015310S07007108WA0051700537005010039303294
B1503502015307S07007112WA0051700538005010028288294
B1503512015305S07007116WA0051800539005010021293301
B1503522015304S07007119WA0051800540005010022297293
B1503532015302S07007123WA0051800541005010023287287
B1503542015302S07007126WA0051600542005010024275271
B1503552015302S07007131WA0051400542005010036260268
B1503562015304S07007137WA0051100542005010035247257
B1503572015305S07007142WA0050700543005010033250268
B1503582015307S07007147WA0050400544010019029261272
B1503592015307S07007152WA0050100544010019030263277
B1504002015307S07007156WA0049800544010019031269273
B1504012015307S07007161WA0049600544010019032264266
B1504022015308S07007167WA0049600544010019036264273
B1504032015308S07007172WA0049400544010019036266279
B1504042015308S07007178WA0049100544010019037269281
B1504052015309S07007184WA0048900543010019036264283
B1504062015310S07007190WA0048600543010019036255280
B1504072015311S07007196WA0048300542010019035254269
B1504082015312S07007201WA0048100542010019035254274
B1504092015314S07007206WA0047900542010019034254274
B1504102015314S07007211WA0047700542010019026259269
B1504112015315S07007214WA0047600542010019024257260
B1504122015317S07007218WA0047400541010019026235254
B1504132015319S07007221WA0047300541005010028222241
B1504142015323S07007224WA0047100540005010027200231
B1504152015327S07007225WA0046900540005010026195220
B1504162015331S07007226WA0046700540005010025188215
B1504172015334S07007226WA0046500540005010026181211
B1504182015338S07007226WA0046300540005010026181204
B1504192015343S07007226WA0046100540005010029173200
B1504202015347S07007224WA0046100539005010031163196
B1504212015352S07007222WA0045900539005010029157192
B1504222015356S07007220WA0045600538005010028155189
B1504232015360S07007218WA0045400538005010028155194
B1504242015364S07007215WA0045200537005010030154189
B1504252015368S07007213WA0045000536005010030153197
B1504262015372S07007211WA0044700536005010029153200
B1504272015376S07007209WA0044600535005010026157199
B1504282015379S07007207WA0044400534005010021160204
B1504292015382S07007206WA0044300534005010020160197
B1504302015385S07007205WA0044200534005010022160193
B1504312015388S07007203WA0044100534005010023160194
B1504322015392S07007202WA0044100534005010024160191
B1504332015395S07007201WA0044100534005010023159198
B1504342015399S07007200WA0044100533005010021161205
B1504352015401S07007199WA0044200533005010018167213
B1504362015404S07007199WA0044200532005010015174222
B1504372015406S07007199WA0044300532005010014180225
B1504382015408S07007199WA0044400532005010011183232
B1504392015409S07007199WA0044500532005010008177237
B1504402015410S07007199WA0044500532005010004228175
B1504412015411S07007199WA0044600532010019001205201
B1504422015411S07007199WA0044600532010019002100205
B1504432015411S07007199WA0044600532010019006085210
B1504442015409S07007197WA0044700532010019011070214
B1504452015408S07007193WA0044700533010019016078140
B1504462015407S07007188WA0044700533010019018096121
B1504472015407S07007183WA0044700534010019018109134
B1504482015408S07007179WA0044600534010019016120145
B1504492015409S07007175WA0044600535010019014128157
B1504502015411S07007172WA0044700534010019012136165
B1504512015413S07007170WA0044700533010019012161175
B1504522015415S07007169WA0044800532010019010186188
B1504532015416S07007169WA0044900532010019008207203
B1504542015416S07007169WA0045000532005010006235214
B1504552015417S07007170WA0045000532005010007266224
B1504562015416S07007171WA0045100532005010009298233
B1504572015415S07007174WA0045200531005010009328244
B1504582015412S07007176WA0045300531010019014342247
B1504592015410S07007177WA0045300531010019014345263
B1505002015407S07007177WA0045400530010019016348263
B1505012015404S07007178WA0045400530010019014357267
B1505022015401S07007179WA0045400529010019013355262
B1505032015397S07007177WA0045300528010019012030258
B1505042015393S07007169WA0045300527010019013061246
B1505052015389S07007166WA0045300527010019012066229
B1505062015385S07007162WA0045400526010019011064229
B1505072015383S07007160WA0045500525010019010060237
B1505082015382S07007156WA0045700522010019008081241
B1505092015386S07007152WA0045900520005010006182245
B1505102015393S07007154WA0046000518005010019227253
B1505112015399S07007157WA0046000516005010023228247
B1505122015404S07007162WA0046000516005010022226247
B1505132015408S07007164WA0046100514005010020213243
B1505142015411S07007164WA0046200513005010017209251
B1505152015414S07007163WA0046300512005010016204253
B1505162015416S07007162WA0046500509005010016209244
B1505172015418S07007162WA0046700508005010018204241
B1505182015420S07007162WA0046800507005010021197236
B1505192015424S07007162WA0046900506005010023192230
B1505202015427S07007163WA0046900506005010024188226
B1505212015431S07007163WA0046900505005010025184217
B1505222015435S07007162WA0046900504005010026174216
B1505232015439S07007161WA0046900504005010027174221
B1505242015443S07007161WA0046900504005010026176241
B1505252015447S07007160WA0046900504005010021182260
B1505262015449S07007161WA0047000504005010017198264
B1505272015451S07007162WA0047000504005010016218272
B1505282015453S07007164WA0047000504005010010236279
B1505292015453S07007165WA0047000504005010006266286
B1505302015452S07007167WA0047000505005010009309287
B1505312015449S07007170WA0046900506005010012327294
B1505322015446S07007171WA0046900506010019011342298
B1505332015444S07007172WA0046800507010019010357297
B1505342015442S07007172WA0046700507010019009009249
B1505352015441S07007172WA0046500507010019007026252
B1505362015436S07007167WA0046400507010019013036252
B1505372015431S07007162WA0046200507010019013042264
B1505382015428S07007159WA0046100507010019011039262
B1505392015425S07007156WA0046000508010019009039262
B1505402015422S07007150WA0045900507010019009047259
B1505412015423S07007142WA0045800505010019009086254
B1505422015424S07007135WA0045700503010019008099248
B1505432015428S07007131WA0045600502010019006162250
B1505442015436S07007130WA0045500501010019011204255
B1505452015439S07007128WA0045500501010019011213257
B1505462015444S07007129WA0045500501010019013216258
B1505472015449S07007130WA0045500501010019013218253
B1505482015454S07007130WA0045500501010019012218251
B1505492015458S07007133WA0045500501010019014242251
B1505502015460S07007137WA0045500500010019019259254
B1505512015462S07007141WA0045500500010019021265257
B1505522015462S07007145WA0045400500010019023269260
B1505532015462S07007150WA0045200499010019025273262
B1505542015462S07007154WA0045000499010019027279264
B1505552015460S07007160WA0044700499010019029283266
B1505562015456S07007166WA0044400496010019031292269
B1505572015452S07007172WA0044100494010019030295273
B1505582015448S07007178WA0043900492005010029297273
B1505592015444S07007183WA0043700491005010029295278
B1506002015441S07007189WA0043600490005010029288281
B1506012015440S07007194WA0043400489005010031287278
B1506022015437S07007199WA0043300488005010031285281
B1506032015434S07007204WA0043200487005010030289288
B1506042015432S07007208WA0043200486005010023302294
B1506052015429S07007211WA0043200484005010022300290
B1506062015428S07007215WA0043200483005010020295284
B1506072015426S07007218WA0043300482005010019290288
B1506082015425S07007221WA0043400482005010019288290
B1506092015424S07007224WA0043500481005010018283281
B1506102015424S07007227WA0043600480005010018271269
B1506112015424S07007230WA0043700479005010017245246
B1506122015425S07007232WA0043800478005010020219227
B1506132015428S07007234WA0043900478005010022204210
B1506142015431S07007235WA0043900477005010019190198
B1506152015434S07007234WA0043900476005010022158193
B1506162015438S07007231WA0043900474005010025136176
B1506172015440S07007226WA0044000473005010026117158
B1506182015441S07007222WA0044000473005010028093138
B1506192015440S07007217WA0044000473005010027078068
B1506202015439S07007213WA0044000472005010022063039
B1506212015438S07007210WA0044000471005010017057016
B1506222015437S07007206WA0044000470005010013058011
B1506232015435S07007203WA0044000470005010011034010
B1506242015430S07007200WA0044100471005010018003358
B1506252015424S07007200WA0044100472005010018329344
B1506262015420S07007202WA0044200472005010019317321
B1506272015414S07007204WA0044300474005010021300311
B1506282015412S07007207WA0044400475005010021301313
B1506292015409S07007209WA0044500476005010021302317
B1506302015405S07007212WA0044500476005010021306320
B1506312015401S07007215WA0044600476005010021316324
B1506322015397S07007217WA0044600476005010020325332
B1506332015393S07007220WA0044700476005010019325326
B1506342015391S07007221WA0044800476005010018311326
B1506352015390S07007224WA0044800477005010018290290
B1506362015388S07007228WA0044900477005010019286290
B1506372015386S07007231WA0044900476005010019279276
B1506382015386S07007234WA0044900477005010019262258
B1506392015387S07007237WA0044900477005010019220232
B1506402015390S07007239WA0044900477005010023199204
B1506412015393S07007239WA0044900477005010024176181
B1506422015397S07007239WA0044700477005010026159158
B1506432015401S07007236WA0044600477005010030142129
B1506442015405S07007232WA0044500477005010029130106
B1506452015405S07007227WA0044400477005010046067089
B1506462015401S07007220WA0044300477005010046047049
B1506472015396S07007214WA0044200477005010045043022
B1506482015391S07007209WA0044100478005010037039003
B1506492015388S07007205WA0044000477005010025041351
B1506502015385S07007202WA0043900476005010012023349
B1506512015382S07007203WA0043800476005010017299330
B1506522015380S07007207WA0043800476005010016289294
B1506532015378S07007211WA0043700476005010021274288
B1506542015377S07007215WA0043600475005010023273284
B1506552015376S07007219WA0043500475005010025272281
B1506562015375S07007224WA0043400475005010026271283
B1506572015374S07007228WA0043400474005010026271285
B1506582015373S07007232WA0043200474005010025273289
B1506592015372S07007236WA0043000474005010024276293
B1507002015372S07007240WA0042900474005010024278293
B1507012015371S07007244WA0042800474005010024279294
B1507022015370S07007248WA0042600474005010025278290
B1507032015369S07007252WA0042500473005010026274286
B1507042015369S07007256WA0042400472005010026271285
B1507052015369S07007261WA0042200471005010025270286
B1507062015368S07007265WA0042100470005010026269285
B1507072015369S07007269WA0041900470005010026271287
B1507082015368S07007273WA0041800470005010026273293
B1507092015368S07007277WA0041600469005010026277299
B1507102015368S07007281WA0041500469005010027280305
B1507112015366S07007286WA0041400468005010026297307
B1507122015364S07007289WA0041300468005010026308311
B1507132015361S07007291WA0041200467005010026324317
B1507142015357S07007293WA0041000465005010028337326
B1507152015353S07007294WA0041000464005010029346337
B1507162015350S07007293WA0040900461005010032014345
B1507172015345S07007291WA0040800460005010035036011
B1507182015341S07007287WA0040600459005010035036036
B1507192015337S07007282WA0040500457005010048067039
B1507202015335S07007274WA0040200455010019046070075
B1507212015334S07007267WA0039900453010019035097078
B1507222015335S07007261WA0039700451010019036109110
B1507232015337S07007254WA0039500450010019034109124
B1507242015340S07007249WA0039400449010019022153125
B1507252015343S07007248WA0039300447010019022152183
B1507262015348S07007245WA0039200443010019029156184
B1507272015354S07007242WA0039100439010019034162187
B1507282015361S07007240WA0038900435010019032161192
B1507292015366S07007237WA0038700434010019031159192
B1507302015373S07007235WA0038600433005010029149189
B1507312015380S07007234WA0038500429005010027149188
B1507322015385S07007231WA0038400427005010030149191
B1507332015391S07007230WA0038400424005010032148190
B1507342015397S07007227WA0038300420005010032146190
B1507352015402S07007225WA0038200417005010031145188
B1507362015407S07007222WA0038000415005010030147184
B1507372015411S07007220WA0037900412005010031150182
B1507382015416S07007217WA0037800410005010033152179
B1507392015421S07007215WA0037700407005010033154183
B1507402015426S07007213WA0037600405005010034156186
B1507412015431S07007210WA0037400403005010034155189
B1507422015436S07007207WA0037300402005010034149188
B1507432015440S07007204WA0037200401005010034142179
B1507442015444S07007201WA0037200398005010033141167
B1507452015448S07007198WA0037100396005010034149184
B1507462015453S07007195WA0037000394005010035151192
B1507472015458S07007192WA0036900393005010036149181
B1507482015462S07007189WA0036900392005010035140174
B1507492015466S07007185WA0036800390005010030137182
B1507502015469S07007182WA0036700388005010028136178
B1507512015473S07007180WA0036700386005010027138176
B1507522015476S07007177WA0036700384005010029144169
B1507532015480S07007174WA0036600383005010032144174
B1507542015484S07007171WA0036600381005010033137172
B1507552015487S07007167WA0036500379005010031132171
B1507562015490S07007164WA0036400377005010029131168
B1507572015493S07007160WA0036300376005010029134166
B1507582015496S07007157WA0036200375005010030141166
B1507592015500S07007154WA0036100374005010031148168
B1508002015504S07007151WA0036100373005010031148175
B1508012015508S07007149WA0036000371005010029146174
B1508022015511S07007146WA0035900370005010027146173
B1508032015515S07007144WA0035800369005010027151173
B1508042015518S07007142WA0035700368005010028158176
B1508052015522S07007140WA0035600367005010029163184
B1508062015526S07007139WA0035500366005010031165191
B1508072015531S07007137WA0035300364005010031160193
B1508082015535S07007136WA0035200363005010032159188
B1508092015540S07007135WA0035000361005010032162195
B1508102015545S07007133WA0034900360005010030166200
B1508112015549S07007132WA0034800359005010023161200
B1508122015552S07007131WA0034800358005010021163199
B1508132015555S07007130WA0034800357005010022166196
B1508142015558S07007129WA0034800356005010027169201
B1508152015562S07007128WA0034800355005010029174199
B1508162015566S07007128WA0034700355005010026178202
B1508172015570S07007128WA0034700354005010025186204
B1508182015574S07007129WA0034700353005010028189213
B1508192015578S07007129WA0034700353005010033189212
B1508202015583S07007130WA0034600352005010034182209
B1508212015588S07007130WA0034600352005010036173203
B1508222015593S07007129WA0034700351005010033165195
B1508232015598S07007127WA0034800351005010031161205
B1508242015602S07007126WA0034800350005010028156198
B1508252015606S07007124WA0034900349005010028159193
B1508262015610S07007122WA0035000349005010030167193
B1508272015615S07007121WA0035200350005010030170196
B1508282015619S07007120WA0035300350005010028165198
B1508292015623S07007119WA0035400351005010023158201
B1508302015626S07007118WA0035600352005010019157197
B1508312015628S07007117WA0035800353005010020167199
B1508322015632S07007117WA0036000354005010025174199
B1508332015636S07007116WA0036100355005010029173206
B1508342015640S07007116WA0036300355005010027169205
B1508352015643S07007115WA0036400356005010021170213
B1508362015646S07007115WA0036500357005010017190226
B1508372015649S07007117WA0036500357005010018236238
B1508382015650S07007119WA0036400358005010021246265
B1508392015649S07007123WA0036300359005010025300276
B1508402015646S07007125WA0036100359005010031334306
B1508412015641S07007126WA0035900360005010039006329
B1508422015634S07007125WA0035900360005010035012357
B1508432015629S07007125WA0035800361005010031008358
B1508442015624S07007124WA0035700361005010030003353
B1508452015619S07007124WA0035700361005010032006357
B1508462015613S07007123WA0035600361005010033000354
B1508472015608S07007123WA0035600361005010031359349
B1508482015603S07007123WA0035600361005010028355346
B1508492015599S07007124WA0035500361005010029350341
B1508502015593S07007125WA0035500361005010033346340
B1508512015588S07007126WA0035500361005010034351336
B1508522015583S07007127WA0035500361005010031349332
B1508532015579S07007128WA0035600361005010026337332
B1508542015575S07007130WA0035600361005010026329314
B1508552015572S07007131WA0035800361005010026331326
B1508562015568S07007133WA0035900361005010027329331
B1508572015565S07007135WA0036000362005010027330330
B1508582015561S07007137WA0036200363005010025329331
B1508592015558S07007139WA0036200363005010023328327
B1509002015555S07007141WA0036400364005010024328330
B1509012015551S07007143WA0036500364005010027332337
B1509022015547S07007145WA0036600365005010029338340
B1509032015543S07007146WA0036700366005010028340334
B1509042015539S07007148WA0036800366005010027344349
B1509052015536S07007148WA0036900367005010027351355
B1509062015531S07007149WA0037000368005010028355359
B1509072015527S07007149WA0037100369005010030007353
B1509082015523S07007148WA0037200369005010030011004
B1509092015519S07007147WA0037300370005010029001342
B1509102015514S07007147WA0037300370005010029352334
B1509112015510S07007148WA0037300370005010028340317
B1509122015506S07007150WA0037300370005010025322311
B1509132015504S07007153WA0037300371005010022303292
B1509142015502S07007156WA0037200371005010021297293
B1509152015501S07007159WA0037200371005010020302310
B1509162015499S07007162WA0037200372005010023305309
B1509172015497S07007165WA0037200372005010024311315
B1509182015494S07007168WA0037200372005010025318321
B1509192015491S07007170WA0037200373005010025322329
B1509202015488S07007172WA0037100373005010026325324
B1509212015484S07007175WA0037000373005010027326322
B1509222015481S07007177WA0036800373005010029328322
B1509232015477S07007179WA0036600374005010031332326
B1509242015472S07007181WA0036500374005010030334330
B1509252015468S07007183WA0036300373005010028333329
B1509262015464S07007185WA0036100373005010028334331
B1509272015460S07007187WA0036000372005010029337337
B1509282015456S07007189WA0035800372005010030338336
B1509292015451S07007190WA0035700371005010030338334
B1509302015447S07007192WA0035600370005010026340334
B1509312015444S07007193WA0035500370005010024339331
B1509322015440S07007195WA0035400369005010024337321
B1509332015437S07007196WA0035300368005010025334317
B1509342015433S07007198WA0035300367005010026331310
B1509352015430S07007200WA0035200366005010024326309
B1509362015427S07007202WA0035100366005010022322311
B1509372015424S07007205WA0035100365005010024324310
B1509382015421S07007207WA0035000365005010025326314
B1509392015418S07007209WA0035000364005010024323311
B1509402015416S07007212WA0035000364005010022318302
B1509412015413S07007214WA0035000363005010021319306
B1509422015410S07007216WA0035000362005010021324317
B1509432015408S07007218WA0035000362005010022325311
B1509442015405S07007220WA0035000361005010023323308
B1509452015402S07007223WA0035000361005010024323319
B1509462015399S07007225WA0035000361005010025324315
B1509472015396S07007228WA0035000360005010026324321
B1509482015392S07007230WA0035100360005010025330324
B1509492015389S07007231WA0035200360005010023339341
B1509502015386S07007232WA0035300360005010021345338
B1509512015383S07007233WA0035500359005010021344332
B1509522015380S07007234WA0035700359005010021343334
B1509532015376S07007236WA0035900359005010025327323
B1509542015373S07007238WA0035900359005010027326326
B1509552015370S07007241WA0035800359005010028322310
B1509562015366S07007243WA0035700358005010029329325
B1509572015362S07007246WA0035600358005010031331338
B1509592015358S07007248WA0035500358005010029336335
B1510012015351S07007251WA0035400357005010021324301
B1510022015349S07007253WA0035400357005010019312266
B1510032015348S07007258WA0035300356005010021243251
B1510042015351S07007261WA0035200356005010024208223
B1510052015355S07007262WA0035000355005010027177203
B1510062015359S07007260WA0034900355005010031148190
B1510072015363S07007257WA0034700354005010028134182
B1510082015366S07007254WA0034700353005010025128194
B1510092015369S07007251WA0034700351005010026134182
B1510102015373S07007249WA0034700351005010028151176
B1510112015376S07007247WA0034800350005010028163182
B1510122015380S07007246WA0034800350005010024167194
B1510132015384S07007245WA0034900350005010020163196
B1510142015387S07007244WA0035000350005010020154190
B1510152015390S07007243WA0035100349005010022147183
B1510162015393S07007241WA0035100348005010026143176
B1510172015396S07007238WA0035200348005010028134166
B1510182015398S07007235WA0035300348005010029121155
B1510192015400S07007231WA0035300347005010029119153
B1510202015403S07007227WA0035300347005010027126175
B1510212015406S07007224WA0035300347005010023150189
B1510222015409S07007223WA0035300347005010024158209
B1510232015412S07007222WA0035300347005010017183216
B1510242015414S07007223WA0035200347010019012215236
B1510252015415S07007224WA0035100347010019011224255
B1510262015413S07007227WA0035100346010019020311255
B1510272015409S07007231WA0035100346005010020320304
B1510282015405S07007234WA0035200346005010020323309
B1510292015402S07007237WA0035400345005010020330311
B1510302015398S07007240WA0035400345005010022336317
B1510312015394S07007242WA0035600344005010024337323
B1510322015389S07007244WA0035700343005010025336322
B1510332015384S07007246WA0035900342005010026338317
B1510342015379S07007248WA0036100342005010026338327
B1510352015373S07007251WA0036200342005010023330318
B1510362015368S07007253WA0036400342005010018303287
B1510372015364S07007256WA0036600342005010013271265
B1510382015365S07007258WA0036800342005010019219237
B1510392015368S07007259WA0036800342005010026185197
B1510402015372S07007258WA0036800342005010036161176
B1510412015376S07007255WA0036800342005010040132144
B1510422015379S07007249WA0036700342005010046102113
B1510432015378S07007242WA0036700343005010053079075
B1510442015376S07007233WA0036700344010019057066046
B1510452015370S07007227WA0036700344005010046021028
B1510462015364S07007226WA0036700344005010037355343
B1510472015359S07007228WA0036700345005010026329320
B1510482015355S07007231WA0036800346005010019321304
B1510492015353S07007233WA0036900346005010016323320
B1510502015350S07007235WA0037000347005010018318315
B1510512015347S07007238WA0037100347005010024325314
B1510522015344S07007241WA0037100347005010026322314
B1510532015341S07007243WA0037100348005010024317309
B1510542015338S07007246WA0037100348005010019314300
B1510552015336S07007248WA0037100348005010015312291
B1510562015335S07007251WA0037000349005010016286281
B1510572015335S07007254WA0037000349005010023262265
B1510582015335S07007257WA0036900349005010022263264
B1510592015335S07007261WA0036800349005010023266278
B1511002015335S07007265WA0036800349005010020278287
B1511012015335S07007268WA0036700349005010019277273
B1511022015335S07007271WA0036700349005010021255244
B1511032015336S07007274WA0036700350005010025229231
B1511042015340S07007276WA0036700350005010028186198
B1511052015344S07007276WA0036700350005010027174183
B1511062015349S07007274WA0036800350005010031150187
B1511072015352S07007271WA0036800351005010030138181
B1511082015355S07007267WA0036900352005010029133191
B1511092015358S07007264WA0037100353005010026142193
B1511102015361S07007262WA0037300353005010023154204
B1511112015364S07007261WA0037400353005010019173220
B1511122015367S07007260WA0037600354005010021175233
B1511132015370S07007261WA0037700354005010017204240
B1511142015373S07007263WA0037700355010019017221260
B1511152015374S07007265WA0037700355010019015238271
B1511162015375S07007266WA0037700355010019011282278
B1511172015374S07007268WA0037600355010019006299294
B1511182015374S07007269WA0037600355010019003003243
B1511192015373S07007268WA0037500355030057010073246
B1511202015372S07007266WA0037500355030057016091239
B1511212015372S07007263WA0037500355010019017108176
B1511222015373S07007256WA0037500355010019015113176
B1511232015374S07007251WA0037600355010019015116186
B1511242015375S07007246WA0037600354010019015116188
B1511252015378S07007241WA0037800354010019017145185
B1511262015381S07007238WA0037900354005010016164196
B1511272015383S07007237WA0037900354010019013174208
B1511282015386S07007236WA0037900354005010009183215
B1511292015390S07007240WA0037900354005010008228226
B1511302015391S07007242WA0037900354005010009263242
B1511312015391S07007246WA0037800354005010010283254
B1511322015389S07007253WA0037700352005010017300262
B1511332015383S07007259WA0037600351005010021312275
B1511342015377S07007263WA0037500351005010024318285
B1511352015372S07007267WA0037300351005010025323291
B1511362015367S07007270WA0037200351005010025325296
B1511372015361S07007272WA0037100350005010026333297
B1511382015355S07007273WA0037100350005010026337309
B1511392015350S07007275WA0037100350005010027332314
B1511402015345S07007277WA0037100350005010027328311
B1511412015341S07007280WA0037000350005010029327315
B1511422015336S07007282WA0037000350005010030329319
B1511432015331S07007284WA0037000350005010031333320
B1511442015327S07007286WA0036900349005010031336325
B1511452015322S07007288WA0036800349005010031336327
B1511462015317S07007290WA0036700349005010030335323
B1511472015312S07007291WA0036600349005010029334325
B1511482015308S07007293WA0036400348005010028331323
B1511492015304S07007295WA0036300348005010029329324
B1511502015300S07007298WA0036200347005010029329323
B1511512015296S07007300WA0036100347005010029329316
B1511522015293S07007302WA0035900346005010024320293
B1511532015290S07007305WA0035800345005010022292266
B1511542015290S07007308WA0035700345005010019257240
B1511552015291S07007310WA0035600344005010028210215
B1511572015296S07007310WA0035400343005010036173191
B1511582015301S07007309WA0035100342005010039158169
B1511592015306S07007306WA0034900341005010035148163
B1512002015310S07007302WA0034800340005010031133174
B1512012015313S07007299WA0034600340005010029140185
B1512022015317S07007296WA0034600339005010031138181
B1512032015321S07007293WA0034500337005010035141172
B1512042015325S07007289WA0034400336005010036138173
B1512052015329S07007285WA0034300335005010034136185
B1512062015332S07007281WA0034200335005010034135188
B1512072015336S07007277WA0034100334005010035136185
B1512082015340S07007273WA0034000333005010039140186
B1512092015345S07007269WA0034000332005010041142190
B1512102015350S07007265WA0034000332005010040146188
B1512112015355S07007262WA0034000331005010036150198
B1512122015360S07007260WA0034000330005010034150184
B1512132015364S07007257WA0034000330005010035147190
B1512142015368S07007254WA0034000329005010029148185
B1512152015372S07007252WA0034000328005010029151199
B1512162015376S07007250WA0033900328005010030153193
B1512172015380S07007248WA0033800327005010033151184
B1512182015384S07007245WA0033700327005010034147187
B1512192015388S07007242WA0033600326005010029136189
B1512202015390S07007239WA0033600327005010026135193
B1512212015393S07007236WA0033600327005010026133190
B1512222015396S07007233WA0033600327005010026136185
B1512232015399S07007230WA0033600326005010029143188
B1512242015402S07007228WA0033600326005010030143191
B1512252015406S07007225WA0033500326005010029144196
B1512262015409S07007223WA0033400325005010028149193
B1512272015413S07007221WA0033300324005010029154196
B1512282015417S07007219WA0033200323005010029153200
B1512292015421S07007216WA0033100323005010029137201
B1512302015424S07007213WA0033100323005010025136196
B1512312015426S07007211WA0033100323005010022143200
B1512322015429S07007209WA0033200323005010021153194
B1512332015432S07007207WA0033300323005010024156197
B1512342015436S07007206WA0033400323005010026149198
B1512352015439S07007203WA0033400323005010026139187
B1512362015441S07007200WA0033500323005010025135202
B1512372015444S07007198WA0033600323005010020141195
B1512382015446S07007196WA0033800323005010019150195
B1512392015449S07007195WA0033900324005010019156198
B1512402015452S07007194WA0033900324005010023155190
B1512412015455S07007192WA0034100324005010025151188
B1512422015458S07007190WA0034200324005010028144181
B1512432015462S07007187WA0034300324005010031137176
B1512442015465S07007184WA0034500325005010029132174
B1512452015467S07007180WA0034700325005010023131193
B1512462015469S07007178WA0034900326005010020131186
B1512472015471S07007175WA0035000326005010020139182
B1512482015474S07007173WA0035100327005010022147187
B1512492015477S07007172WA0035100327005010024146186
B1512502015480S07007169WA0035000327005010024139180
B1512512015483S07007167WA0034900327005010024137187
B1512522015485S07007165WA0034800327005010023140198
B1512532015488S07007162WA0034700328005010023146199
B1512542015491S07007161WA0034600328005010025151195
B1512552015495S07007159WA0034400327005010026153197
B1512562015499S07007157WA0034300327005010026155202
B1512572015502S07007156WA0034300327005010025156205
B1512582015506S07007154WA0034100327005010025153202
B1512592015509S07007152WA0034000327005010026153206
B1513002015517S07007149WA0034000326005010026162209
B1513022015520S07007148WA0033800326005010026161200
B1513032015527S07007145WA0033700326005010022160203
B1513042015530S07007145WA0033700326005010021174221
B1513052015533S07007145WA0033600326005010020202235
B1513072015536S07007150WA0033400326005010024263269
B1513082015536S07007153WA0033300326005010022292289
B1513092015533S07007157WA0033100325005010029323298
B1513102015528S07007158WA0033000325005010025335316
B1513112015524S07007160WA0032900324005010026333320
B1513122015519S07007162WA0032900324005010030330317
B1513132015514S07007165WA0032800323005010036333318
B1513142015509S07007167WA0032800323005010036340323
B1513152015504S07007169WA0032800322005010034345320
B1513162015499S07007170WA0032700322005010030345328
B1513172015495S07007171WA0032700321005010026339309
B1513182015491S07007173WA0032700321005010025326314
B1513192015488S07007176WA0032700320005010028311288
B1513202015485S07007179WA0032700320005010028314295
B1513222015482S07007182WA0032800320005010027324318
B1513232015479S07007184WA0032800320005010026325309
B1513242015475S07007186WA0032900319005010026325299
B1513252015472S07007189WA0032900319005010027322294
B1513262015468S07007192WA0032900319005010032322307
B1513272015464S07007195WA0032900319005010032329319
B1513282015457S07007199WA0032900318005010029330312
B1513292015453S07007201WA0033000318005010021330320
B1513302015450S07007203WA0033100319005010021331331
B1513312015447S07007204WA0033200319005010023335328
B1513322015444S07007205WA0033200319005010026343333
B1513332015440S07007206WA0033300319005010027346342
B1513342015435S07007207WA0033400319005010027352344
B1513352015431S07007207WA0033500320005010021350344
B1513362015428S07007208WA0033700320005010022356322
B1513372015425S07007208WA0033800320005010022328319
B1513382015422S07007210WA0033900320005010026337325
B1513392015418S07007212WA0034000320005010027342325
B1513402015414S07007213WA0034100321005010024331322
B1513412015411S07007216WA0034100321005010020304294
B1513422015411S07007219WA0034000321005010026265265
B1513432015412S07007223WA0034000321005010028227234
B1513442015416S07007225WA0034000321005010031189206
B1513452015421S07007224WA0034000322005010035151179
B1513462015425S07007221WA0034000322005010036136152
B1513472015429S07007217WA0033900322005010037122163
B1513482015432S07007212WA0033900322005010032130171
B1513492015435S07007209WA0033900323005010029143179
B1513502015439S07007206WA0033800323005010030149183
B1513512015443S07007203WA0033800322005010035147177
B1513522015448S07007200WA0033800322005010041137169
B1513532015452S07007195WA0033800322005010044127162
B1513542015456S07007189WA0033800323005010040122156
B1513552015459S07007184WA0033900323005010035119145
B1513562015461S07007180WA0034000324005010031120160
B1513572015464S07007176WA0034200324005010031137168
B1513582015468S07007173WA0034400325005010032157186
B1513592015472S07007172WA0034500325005010027172203
B1514002015475S07007173WA0034700325010019025231222
B1514012015477S07007177WA0034800326010019022243260
B1514022015478S07007180WA0034800326010019020257272
B1514032015477S07007183WA0034800326010019022308279
B1514042015474S07007185WA0034800326010019028333305
B1514052015469S07007188WA0034800326010019030336319
B1514062015463S07007190WA0034900325010019029340322
B1514072015458S07007191WA0034900325010019028340327
B1514082015454S07007193WA0035000325005010031343328
B1514092015448S07007194WA0035000325005010031342332
B1514102015444S07007196WA0035000324005010027335322
B1514112015440S07007198WA0035000324005010024324307
B1514122015437S07007201WA0034900324005010024320299
B1514132015434S07007204WA0034800324005010023306295
B1514142015432S07007207WA0034600324005010021297286
B1514152015431S07007209WA0034500323005010018280271
B1514162015431S07007212WA0034500323005010019248255
B1514172015433S07007214WA0034400323005010024218226
B1514182015436S07007215WA0034300323005010027193216
B1514192015441S07007215WA0034100323005010030168188
B1514202015445S07007213WA0034000323005010032147172
B1514212015449S07007210WA0033900323005010034133162
B1514222015452S07007205WA0033800323005010035125157
B1514232015455S07007200WA0033600323005010035124161
B1514242015458S07007196WA0033600323005010034129170
B1514252015461S07007192WA0033500322005010034133174
B1514262015465S07007188WA0033500322005010035139179
B1514272015469S07007185WA0033400321005010036143178
B1514282015474S07007181WA0033300321005010036146183
B1514292015479S07007178WA0033200320005010037149189
B1514302015483S07007175WA0033200320005010037149188
B1514312015488S07007172WA0033100319005010035148183
B1514322015492S07007170WA0033100319005010029146190
B1514332015495S07007167WA0033100319005010026145200
B1514342015499S07007165WA0033100319005010025149194
B1514352015502S07007163WA0033100319005010031157189
B1514362015508S07007162WA0033100319005010040163190
B1514372015513S07007160WA0033000319005010041164193
B1514382015519S07007158WA0032900319005010038159193
B1514392015524S07007156WA0032900319005010033152193
B1514402015528S07007154WA0032900319005010029157196
B1514412015532S07007152WA0032900319005010027163202
B1514422015536S07007151WA0033000319005010029167197
B1514432015541S07007150WA0033000319005010032169197
B1514442015546S07007149WA0033000319005010035169197
B1514452015551S07007148WA0033000319005010036157195
B1514462015556S07007146WA0033000319005010034152185
B1514472015560S07007143WA0033000320005010031153186
B1514482015564S07007141WA0033100320005010031153196
B1514492015568S07007139WA0033100321005010034154183
B1514502015573S07007136WA0033200322005010037152185
B1514512015577S07007133WA0033200323005010033147175
B1514522015581S07007131WA0033400324005010026148183
B1514532015584S07007129WA0033600325005010022150204
B1514542015587S07007128WA0033700326005010021162196
B1514552015590S07007127WA0033700327005010024166195
B1514562015594S07007126WA0033800328005010025166185
B1514572015598S07007126WA0033900328005010024163189
B1514582015601S07007125WA0033900329005010021160191
B1514592015605S07007124WA0033900330005010020163193
B1515002015608S07007123WA0033900331005010022165193
B1515012015611S07007123WA0033900331005010025166193
B1515022015615S07007122WA0033800331005010028163186
B1515032015620S07007121WA0033800332005010028163184
B1515042015624S07007120WA0033700332005010027161196
B1515052015628S07007118WA0033600333005010026164203
B1515062015632S07007118WA0033500333005010026168208
B1515072015636S07007117WA0033500334005010027171204
B1515082015640S07007117WA0033400334005010029173200
B1515092015644S07007116WA0033400335005010030173194
B1515102015649S07007115WA0033400335005010029171215
B1515112015653S07007115WA0033400336005010031173191
B1515122015658S07007115WA0033400336005010031181202
B1515132015662S07007115WA0033500337005010029183215
B1515142015666S07007115WA0033500337005010030180203
B1515152015671S07007114WA0033500338005010030167191
B1515162015675S07007113WA0033600339005010029161175
B1515172015679S07007111WA0033700339005010025158200
B1515182015683S07007110WA0033900340005010024162220
B1515192015686S07007110WA0033900341005010022186226
B1515202015689S07007111WA0034000341005010021217239
B1515212015691S07007113WA0034100342005010019239257
B1515222015691S07007116WA0034100343005010018283274
B1515232015689S07007119WA0034100343005010024306294
B1515242015687S07007122WA0033900344005010028311308
B1515252015682S07007124WA0033700345005010030355307
B1515262015676S07007124WA0033600344005010026357339
B1515272015672S07007124WA0033500345005010023347337
B1515282015667S07007125WA0033400345005010025341333
B1515292015663S07007127WA0033300345005010029348337
B1515302015657S07007127WA0033200344005010035357339
B1515312015651S07007126WA0033000344005010033000344
B1515322015645S07007126WA0032900344005010030357346
B1515332015640S07007126WA0032700343005010029350340
B1515342015635S07007127WA0032600343005010031348334
B1515352015629S07007127WA0032500343005010034349345
B1515362015624S07007128WA0032500342005010034350339
B1515372015618S07007129WA0032400342005010034350342
B1515382015613S07007130WA0032300341005010032347346
B1515392015608S07007131WA0032300341005010033345330
B1515402015603S07007132WA0032200340005010033339332
B1515412015598S07007134WA0032200340005010033339324
B1515422015593S07007135WA0032200339005010033334323
B1515432015589S07007137WA0032200339005010030330310
B1515442015585S07007139WA0032200338005010024330330
B1515452015582S07007140WA0032200337005010024326313
B1515462015578S07007142WA0032200337005010026329314
B1515472015575S07007144WA0032200337005010029328317
B1515482015571S07007146WA0032300337005010027333318
B1515492015568S07007148WA0032300337005010020340332
B1515502015565S07007149WA0032500337005010018337319
B1515512015562S07007150WA0032700337005010020335334
B1515522015560S07007151WA0032900337005010024332336
B1515532015556S07007153WA0033000337005010028342333
B1515542015551S07007153WA0033100337005010033350337
B1515552015546S07007154WA0033100337005010033351347
B1515562015542S07007155WA0033200337005010030350328
B1515572015537S07007156WA0033300338005010024345317
B1515582015534S07007157WA0033300337005010022341330
B1515592015531S07007158WA0033400337005010022338329
B1516002015527S07007159WA0033600337005010026338329
B1516012015524S07007160WA0033700338005010029344329
B1516022015519S07007161WA0033700338005010031350340
B1516032015515S07007162WA0033700338005010029354339
B1516042015511S07007162WA0033800338005010023349332
B1516052015507S07007163WA0033800339005010021345323
B1516062015504S07007164WA0033900339005010025340339
B1516072015500S07007165WA0034000339005010030347324
B1516082015496S07007166WA0034100340005010027349328
B1516092015492S07007167WA0034200341005010021336320
B1516102015490S07007169WA0034400343005010017313302
B1516112015489S07007171WA0034500344005010021309297
B1516122015486S07007174WA0034500345005010027316323
B1516132015483S07007177WA0034700346005010028323322
B1516142015480S07007180WA0034800347005010026327317
B1516152015477S07007182WA0035000348005010023330332
B1516162015474S07007184WA0035100349005010023331321
B1516172015470S07007186WA0035300351005010024339318
B1516182015467S07007187WA0035500352005010024343327
B1516192015463S07007188WA0035600353005010022344334
B1516202015460S07007189WA0035800354005010019340336
B1516212015457S07007190WA0035900355005010019348310
B1516222015455S07007191WA0035900356005010018330293
B1516232015453S07007193WA0035800357005010022286267
B1516242015454S07007197WA0035700357005010030241238
B1516252015458S07007201WA0035500358005010037195207
B1516262015463S07007202WA0035300359005010037186183
B1516272015468S07007201WA0035100360005010034147171
B1516282015473S07007198WA0035100360005010034132155
B1516292015477S07007194WA0035000359005010036134166
B1516302015482S07007190WA0035000358005010042140169
B1516312015487S07007186WA0035000356005010046140171
B1516322015493S07007181WA0035000355005010042141157
B1516332015497S07007177WA0035100355005010034141176
B1516342015501S07007174WA0035100355005010028144183
B1516352015504S07007172WA0035200354005010023150194
B1516362015508S07007170WA0035300354005010026151185
B1516372015512S07007168WA0035400353005010032148175
B1516382015516S07007164WA0035500353005010038142165
B1516392015520S07007160WA0035600353005010036135165
B1516402015524S07007157WA0035600353005010032135172
B1516412015527S07007153WA0035600353005010031131170
B1516422015531S07007150WA0035700353005010031136172
B1516432015534S07007146WA0035700353005010032138169
B1516442015538S07007143WA0035700353005010033140167
B1516452015542S07007140WA0035700353005010035140172
B1516462015546S07007136WA0035700352005010037144173
B1516472015551S07007133WA0035700352005010037149181
B1516482015556S07007130WA0035600352005010035151188
B1516492015560S07007127WA0035500352005010034151190
B1516502015565S07007125WA0035500352005010032153193
B1516512015569S07007123WA0035500352005010031157190
B1516522015573S07007121WA0035500352005010031159194
B1516532015578S07007119WA0035400352005010031157198
B1516542015582S07007117WA0035400352005010028166196
B1516552015586S07007116WA0035500352005010030170214
B1516562015591S07007116WA0035500352005010029177206
B1516572015595S07007116WA0035500352005010028179206
B1516582015599S07007116WA0035500353005010029180222
B1516592015604S07007116WA0035500353005010035179200
B1517002015609S07007116WA0035600353005010037182196
B1517012015614S07007116WA0035600353005010031170213
B1517022015619S07007115WA0035700354005010026169215
B1517032015622S07007114WA0035800354005010025170208
B1517042015626S07007114WA0035900355005010026171209
B1517052015630S07007113WA0035900356005010026171210
B1517062015634S07007113WA0036000356005010026170212
B1517072015637S07007112WA0036200357005010027167203
B1517082015642S07007111WA0036400357005010029167205
B1517092015646S07007110WA0036400358005010029179207
B1517102015650S07007111WA0036500358005010024193236
B1517112015653S07007112WA0036500359005010022210256
B1517122015655S07007114WA0036500360005010023227270
B1517132015656S07007117WA0036400360005010019266281
B1517142015655S07007120WA0036300361005010021310301
B1517152015652S07007122WA0036100362005010028340324
B1517162015647S07007123WA0036000362005010030006336
B1517172015641S07007123WA0035800362005010026000347
B1517182015637S07007123WA0035700362005010025349343
B1517192015632S07007124WA0035600362005010029352337
B1517202015626S07007124WA0035600362005010035004346
B1517212015621S07007123WA0035600363005010034012349
B1517222015616S07007122WA0035600363005010027008353
B1517232015612S07007121WA0035600363005010021358350
B1517242015608S07007121WA0035700364005010022352342
B1517252015604S07007122WA0035800364005010026345343
B1517262015599S07007122WA0035900364005010033356340
B1517272015594S07007122WA0036000364005010030356340
B1517282015590S07007122WA0036000364005010027358341
B1517292015586S07007122WA0036100365005010020349327
B1517302015582S07007123WA0036100365005010018334313
B1517312015579S07007124WA0036200365005010020334315
B1517322015576S07007126WA0036300365005010020332326
B1517332015574S07007127WA0036400365005010020332324
B1517342015571S07007128WA0036500366005010020333324
B1517352015568S07007130WA0036500366005010021332328
B1517362015565S07007131WA0036600366005010023336331
B1517372015562S07007132WA0036600366005010024339339
B1517382015558S07007133WA0036500367005010027348345
B1517392015554S07007133WA0036500367005010029354346
B1517402015549S07007134WA0036500367005010029356337
B1517412015545S07007134WA0036400367005010027354337
B1517422015541S07007134WA0036300366005010027352338
B1517432015537S07007135WA0036200366005010027349338
B1517442015533S07007136WA0036100365005010029349343
B1517452015528S07007136WA0036000364005010030351340
B1517462015524S07007137WA0036000364005010029352342
B1517472015519S07007137WA0035900363005010027348336
B1517482015515S07007138WA0035900363005010026341326
B1517492015511S07007139WA0035800362005010027337328
B1517502015507S07007141WA0035800362005010027340334
B1517512015503S07007142WA0035700361005010027341338
B1517522015500S07007143WA0035700361005010026342330
B1517532015496S07007145WA0035700361005010025337318
B1517542015493S07007146WA0035600360005010023332320
B1517552015490S07007148WA0035600360005010021324309
B1517562015488S07007150WA0035700359005010018319301
B1517572015485S07007152WA0035700359005010020315303
B1517582015483S07007154WA0035700359005010026310306
B1517592015480S07007157WA0035600358005010027314309
B1518002015478S07007160WA0035500358005010027319313
B1518012015474S07007163WA0035400357005010026322315
B1518022015471S07007166WA0035300357005010027320314
B1518032015468S07007169WA0035100356005010029319311
B1518042015464S07007172WA0035000355005010030318310
B1518052015461S07007175WA0034900355005010030318314
B1518062015458S07007178WA0034800354005010029321317
B1518072015454S07007181WA0034800354005010028327322
B1518082015450S07007184WA0034700353005010031328320
B1518092015446S07007187WA0034600352005010033327319
B1518102015442S07007189WA0034500351005010033328317
B1518112015438S07007192WA0034300351005010031329319
B1518122015434S07007194WA0034200350005010027331323
B1518132015431S07007197WA0034200349005010026327314
B1518142015427S07007199WA0034100349005010026323301
B1518152015424S07007202WA0034100348005010026321309
B1518162015421S07007204WA0034100347005010026321301
B1518172015418S07007207WA0034200347005010024323318
B1518182015415S07007209WA0034200346005010023323317
B1518192015413S07007211WA0034300346005010022320307
B1518202015410S07007214WA0034300345005010030318311
B1518212015406S07007218WA0034300345005010039321301
B1518222015401S07007222WA0034300344005010038321317
B1518232015397S07007226WA0034200344005010034320307
B1518242015393S07007229WA0034200344005010030323309
B1518252015390S07007232WA0034100343005010028324320
B1518262015386S07007235WA0034100343005010029325315
B1518272015382S07007238WA0034100343005010032323318
B1518282015378S07007240WA0034000342005010036330316
B1518292015373S07007243WA0034000341005010036332312
B1518302015369S07007246WA0033900341005010032328307
B1518312015365S07007248WA0033800341005010028326301
B1518322015362S07007251WA0033800340005010024323297
B1518332015359S07007253WA0033800340005010023322296
B1518342015357S07007256WA0033800340005010026318308
B1518352015354S07007259WA0033800340005010030317309
B1518362015350S07007262WA0033700340005010031320318
B1518372015347S07007265WA0033700340005010027323321
B1518382015344S07007267WA0033700340005010023324323
B1518392015341S07007269WA0033700340005010021324302
B1518402015339S07007271WA0033700341005010015328313
B1518412015337S07007272WA0033800340005010018325318
B1518422015335S07007274WA0033900340005010025318298
B1518432015332S07007277WA0034000340005010029315297
B1518442015329S07007280WA0034000340005010028311300
B1518452015326S07007283WA0033900340005010023300298
B1518462015325S07007286WA0033900341005010019297300
B1518472015323S07007289WA0034000341005010014307314
B1518482015322S07007291WA0034100342005010018311318
B1518492015319S07007293WA0034200342005010025315308
B1518502015316S07007296WA0034300343005010029313302
B1518512015314S07007300WA0034400343005010028311310
B1518522015311S07007303WA0034400344005010024313323
B1518532015308S07007305WA0034500344005010024313321
B1518542015306S07007308WA0034500344005010022313292
B1518552015303S07007311WA0034600345005010028303287
B1518562015301S07007315WA0034600345005010028300268
B1518572015299S07007319WA0034600346005010024286260
B1518582015300S07007323WA0034500346005010022234244
B1518592015303S07007325WA0034500346005010022205226
B1519002015306S07007326WA0034500347005010022194208
B1519012015309S07007327WA0034600347005010019177198
B1519022015312S07007326WA0034700347005010019147176
B1519032015315S07007324WA0034800347005010026129157
B1519042015318S07007320WA0034800347005010032123141
B1519052015321S07007315WA0034800347005010040116117
B1519062015322S07007308WA0034900347005010048089096
B1519072015321S07007300WA0034900348005010051072071
B1519082015318S07007293WA0034900349005010047053035
B1519092015314S07007288WA0035000350005010037038025
B1519102015309S07007286WA0035100352005010034009356
B1519112015304S07007286WA0035300353005010030357345
B1519122015299S07007287WA0035500354005010028341319
B1519132015295S07007289WA0035600355005010029328312
B1519142015292S07007292WA0035700357005010029303298
B1519152015289S07007296WA0035700358005010029297287
B1519162015287S07007300WA0035800359005010026306308
B1519172015285S07007304WA0035800360005010028313311
B1519182015281S07007307WA0035800361005010032318306
B1519192015278S07007311WA0035900363005010032315305
B1519202015274S07007315WA0035900364005010032305292
B1519212015272S07007319WA0036000365005010029294281
B1519222015270S07007323WA0036200366005010026294281
B1519232015268S07007327WA0036300367005010024288308
B1519242015267S07007331WA0036400369005010021286295
B1519252015266S07007334WA0036400370005010025295283
B1519262015264S07007338WA0036400371005010028293290
B1519272015263S07007343WA0036300372005010031291292
B1519282015261S07007347WA0036100372005010029290295
B1519292015260S07007351WA0035900373005010029290295
B1519302015258S07007356WA0035600373005010031293294
B1519312015256S07007361WA0035400372005010031293294
B1519322015254S07007365WA0035400372005010029292293
B1519332015253S07007369WA0035200371005010029292298
B1519342015251S07007374WA0035000369005010028297303
B1519352015248S07007378WA0034900368005010029303304
B1519362015246S07007382WA0034700367005010030305303
B1519372015244S07007386WA0034600365005010030304300
B1519382015241S07007389WA0034400364005010030304303
B1519392015239S07007393WA0034300363005010029309311
B1519402015236S07007397WA0034100362005010027314313
B1519412015233S07007399WA0034000361005010025313312
B1519422015231S07007402WA0033900360005010024311297
B1519432015229S07007405WA0033800359005010023298289
B1519442015228S07007408WA0033800358005010024290286
B1519452015226S07007412WA0033700357005010023287291
B1519462015226S07007415WA0033600356005010022285291
B1519472015225S07007418WA0033500355005010020287292
B1519482015224S07007421WA0033400355005010020292296
B1519492015223S07007424WA0033300354005010023293293
B1519502015221S07007428WA0033300353005010026289288
B1519512015220S07007432WA0033100352005010028285293
B1519532015219S07007437WA0033000351005010029285296
B1519542015216S07007446WA0032700349005010029295305
B1519552015214S07007450WA0032600349005010029290287
B1519562015213S07007454WA0032500348005010031278271
B1519572015212S07007460WA0032500347005010034269270
B1519592015213S07007465WA0032400347005010032268273
B1520012015212S07007474WA0032500347005010023281293
B1520022015211S07007478WA0032500346005010021289288
B1520032015209S07007484WA0032900346005010020284273
B1520052015209S07007487WA0033100346005010020274260
B1520062015209S07007490WA0033400346005010019265243
B1520072015210S07007493WA0033700346005010018240221
B1520082015212S07007495WA0033700346005010021213201
B1520092015215S07007496WA0033900346005010019194188
B1520102015219S07007496WA0034200346005010022151172
B1520112015222S07007493WA0034400346010019021135143
B1520122015223S07007489WA0034500346010019026109136
B1520132015224S07007484WA0034600345005010028094109
B1520142015223S07007479WA0034700345005010023080092
B1520152015221S07007476WA0034900346005010019023079
B1520162015217S07007475WA0035100347005010021001336
B1520172015212S07007475WA0035400348005010020328318
B1520182015209S07007477WA0035700349010019020321299
B1520192015206S07007479WA0036100349010019015314286
B1520202015204S07007482WA0036400349005010019288266
B1520212015203S07007486WA0036600350005010031249241
B1520222015205S07007490WA0036700350005010030227216
B1520232015208S07007493WA0036800351005010023199202
B1520242015212S07007492WA0036900351005010028166183
B1520252015215S07007489WA0036900352005010045117164
B1520262015218S07007481WA0036900353005010047096116
B1520272015217S07007472WA0037000355005010047077085
B1520282015215S07007464WA0037100356010019050076058
B1520292015211S07007459WA0037100358005010043034050
B1520302015206S07007456WA0037200359005010040009004
B1520312015199S07007457WA0037400361005010042342337
B1520322015194S07007460WA0037600362005010036319306
B1520332015191S07007464WA0037800364005010032285283
B1520342015190S07007469WA0038000365005010031270255
B1520352015192S07007474WA0038200367005010027229243
B1520362015195S07007476WA0038400368005010028217217
B1520372015199S07007477WA0038500370005010034169209
B1520382015204S07007474WA0038700371005010037148171
B1520392015209S07007471WA0038700372005010037138146
B1520402015212S07007466WA0038800374005010036128134
B1520412015215S07007460WA0038800376005010037118123
B1520422015217S07007454WA0038800377005010033110112
B1520432015217S07007448WA0038800378005010034098103
B1520442015217S07007442WA0038800378005010031102089
B1520452015215S07007441WA0038800378005010031306135
B1520462015212S07007445WA0038800379010019033295284
B1520472015209S07007450WA0038800380005010033282274
B1520482015208S07007456WA0038900381005010031273266
B1520492015207S07007461WA0039000382005010029262261
B1520502015208S07007465WA0039100383005010028249246
B1520512015209S07007469WA0039300384005010027221240
B1520522015211S07007470WA0039400385005010031165221
B1520532015215S07007467WA0039500386005010035148175
B1520542015219S07007463WA0039500387005010037128152
B1520552015220S07007457WA0039500387005010040108128
B1520562015221S07007450WA0039400387005010045092103
B1520572015220S07007443WA0039300386005010047076079
B1520582015217S07007436WA0039200385005010048059055
B1520592015212S07007430WA0039100385005010045039030
B1521002015206S07007426WA0039000384005010040028009
B1521012015201S07007424WA0039000383005010036012350
B1521022015195S07007423WA0039000383005010030355333
B1521032015191S07007424WA0038900382005010026338319
B1521042015188S07007427WA0038900382005010025317302
B1521052015186S07007430WA0038900382005010022297288
B1521062015184S07007433WA0038900382005010021289291
B1521072015184S07007436WA0038900381005010019297283
B1521082015182S07007439WA0039000381005010019294286
B1521092015181S07007442WA0039100381005010017285257
B1521102015181S07007445WA0039100381005010017258242
B1521112015183S07007448WA0039100380005010019238224
B1521122015185S07007450WA0039000380005010019215214
B1521132015188S07007451WA0039000379005010019188201
B1521142015192S07007451WA0038900379005010022161187
B1521152015195S07007449WA0038800379005010026140171
B1521162015200S07007444WA0038700378005010034125148
B1521172015203S07007438WA0038600378005010037111127
B1521182015204S07007431WA0038500378005010042082108
B1521192015203S07007424WA0038500377005010044075072
B1521202015201S07007417WA0038500376005010044058060
B1521212015197S07007411WA0038400376005010043049036
B1521222015192S07007407WA0038300375005010033028024
B1521232015188S07007405WA0038200374005010026357002
B1521242015184S07007406WA0038200374005010025332324
B1521252015181S07007408WA0038200373005010021318305
B1521262015179S07007410WA0038200373005010019312295
B1521272015177S07007413WA0038200373005010019302287
B1521282015176S07007415WA0038200372005010020285282
B1521292015175S07007419WA0038200372005010021269271
B1521302015175S07007422WA0038100371005010023262268
B1521312015176S07007426WA0038000371005010023262276
B1521322015176S07007429WA0037900370005010023264275
B1521332015177S07007433WA0037800370005010023263272
B1521342015178S07007436WA0037700369005010022255255
B1521352015179S07007440WA0037600369005010021243242
B1521362015180S07007443WA0037600369005010021236248
B1521372015182S07007445WA0037500368005010021235256
B1521382015184S07007448WA0037500368005010022238263
B1521392015186S07007451WA0037400367005010023242268
B1521402015187S07007455WA0037300367005010023246271
B1521412015189S07007458WA0037100367005010022252275
B1521422015190S07007462WA0037000366005010022254277
B1521432015190S07007465WA0036900366005010021256278
B1521442015191S07007468WA0036900366005010021259279
B1521452015191S07007472WA0036800365005010021260278
B1521462015192S07007476WA0036700365005010023263266
B1521472015191S07007479WA0036600364005010021261250
B1521482015191S07007483WA0036600363005010021245227
B1521492015193S07007486WA0036500362005010023231210
B1521502015195S07007489WA0036400361005010023212200
B1521512015198S07007490WA0036300360005010021189191
B1521522015201S07007489WA0036100359005010021158181
B1521532015204S07007485WA0036000358005010028134169
B1521542015207S07007480WA0036000357005010034123155
B1521552015210S07007475WA0035900357005010037125149
B1521562015214S07007470WA0035800355005010041128153
B1521572015218S07007464WA0035600353005010046127148
B1521582015222S07007457WA0035400352005010049121141
B1521592015225S07007450WA0035300351005010049115140
B1522002015228S07007443WA0035200351005010049114131
B1522012015232S07007436WA0035200350005010041123149
B1522022015235S07007430WA0035200350005010039125155
B1522032015238S07007425WA0035300350005010036125151
B1522042015241S07007421WA0035500350005010031125145
B1522052015244S07007415WA0035600351005010034123145
B1522062015247S07007410WA0035600351005010036122140
B1522072015250S07007404WA0035600351005010038119142
B1522082015253S07007398WA0035600351005010038118143
B1522092015255S07007393WA0035600351005010034119151
B1522102015258S07007388WA0035500350005010032123181
B1522112015261S07007384WA0035500350005010028128181
B1522122015264S07007382WA0035500349005010032170171
B1522132015269S07007382WA0035300349005010032168183
B1522142015274S07007381WA0035200348005010031159168
B1522152015277S07007379WA0035000347005010031133156
B1522162015281S07007375WA0034900345005010034128153
B1522172015284S07007372WA0034700344005010035126151
B1522182015288S07007367WA0034600343005010036124151
B1522192015291S07007363WA0034500341005010037122147
B1522202015294S07007358WA0034300339005010039121142
B1522212015298S07007353WA0034100338005010039120141
B1522222015301S07007348WA0033900336005010040117143
B1522232015303S07007342WA0033800334005010039117144
B1522242015306S07007337WA0033600333005010038119144
B1522252015309S07007332WA0033500331005010038120143
B1522262015312S07007327WA0033400329005010039119140
B1522272015315S07007321WA0033300327005010039118143
B1522282015318S07007316WA0033200326005010039118145
B1522292015321S07007311WA0033200324005010038121151
B1522302015324S07007306WA0033100323005010037125159
B1522312015327S07007301WA0033000321005010040124156
B1522322015331S07007295WA0032900320005010043122152
B1522332015334S07007290WA0032900320005010041126167
B1522342015338S07007285WA0032900319005010037131175
B1522352015342S07007281WA0032900318005010031139171
B1522362015345S07007278WA0032900317005010031139169
B1522372015349S07007274WA0033000316005010032137168
B1522382015352S07007271WA0033000315005010034137174
B1522392015356S07007267WA0033000315005010036139172
B1522402015360S07007264WA0032900314005010036141178
B1522412015364S07007260WA0032900313005010034142190
B1522422015368S07007257WA0032900313005010022137188
B1522432015370S07007255WA0033000312005010019139185
B1522442015372S07007254WA0033100312005010016148191
B1522452015374S07007253WA0033100311005010020159187
B1522462015378S07007252WA0033100311005010026160185
B1522472015382S07007251WA0033000310005010029162189
B1522482015386S07007250WA0032900310005010028162191
B1522492015390S07007248WA0032700309005010027156186
B1522502015394S07007247WA0032600308005010028151178
B1522512015398S07007245WA0032400308005010030150180
B1522522015402S07007242WA0032200307005010030148182
B1522532015406S07007240WA0032100306005010030146181
B1522542015409S07007237WA0032000305005010029146188
B1522552015413S07007235WA0031900304005010027150194
B1522562015417S07007233WA0031800303005010026153190
B1522572015421S07007231WA0031700302005010027154182
B1522582015424S07007229WA0031600301005010028152177
B1522592015428S07007227WA0031600300005010029150180
B1523002015432S07007225WA0031500300005010029147180
B1523012015435S07007222WA0031500299005010028145187
B1523022015439S07007220WA0031400298005010027147192
B1523032015442S07007218WA0031400297005010025156205
B1523042015446S07007217WA0031400297005010025159195
B1523052015449S07007215WA0031400296005010029162184
B1523062015454S07007214WA0031400296005010033157180
B1523072015458S07007211WA0031400296005010032156182
B1523082015462S07007209WA0031400296005010027147192
B1523092015465S07007207WA0031400296005010026147184
B1523102015469S07007205WA0031500295005010027146187
B1523112015472S07007202WA0031500295005010030151182
B1523122015477S07007200WA0031500295005010036154185
B1523132015482S07007198WA0031400295005010035153185
B1523142015486S07007195WA0031400295005010034150187
B1523152015491S07007193WA0031300294005010033150194
B1523162015495S07007190WA0031200294005010034158191
B1523172015500S07007188WA0031100294005010035159185
B1523182015505S07007186WA0031100293005010036159180
B1523192015510S07007184WA0031100293005010038157185
B1523202015515S07007182WA0031000293005010037154187
B1523212015520S07007179WA0031000292005010036153189
B1523222015525S07007177WA0031000292005010036155196
B1523232015530S07007174WA0031000292005010036160194
B1523242015535S07007172WA0031000292005010036161193
B1523252015541S07007170WA0031100292005010036160179
B1523262015546S07007169WA0031200292005010034161188
B1523272015550S07007167WA0031400292005010024152195
B1523282015553S07007165WA0031500292005010023153197
B1523292015555S07007164WA0031700293005010021154190
B1523302015558S07007162WA0031900293005010023155182
B1523312015562S07007160WA0032000293005010026152170
B1523322015565S07007158WA0032000294005010027147172
B1523332015568S07007155WA0032000294005010026139186
B1523342015570S07007153WA0032100295005010023135186
B1523352015573S07007150WA0032200295005010020137191
B1523362015575S07007148WA0032200296005010021142176
B1523372015578S07007146WA0032300296005010024149175
B1523382015581S07007144WA0032300296005010026146172
B1523392015584S07007142WA0032300297005010026141167
B1523402015587S07007139WA0032400297005010024136182
B1523412015589S07007136WA0032500298005010021130184
B1523422015591S07007134WA0032600298005010021129181
B1523432015593S07007131WA0032700299005010024134181
B1523442015596S07007128WA0032700299005010026143191
B1523452015600S07007126WA0032700299005010026153205
B1523462015603S07007125WA0032600299005010025157207
B1523472015607S07007123WA0032600300005010022159206
B1523482015610S07007122WA0032500300005010022160211
B1523492015613S07007122WA0032500300005010021169207
B1523502015617S07007121WA0032500300005010023176205
B1523512015621S07007121WA0032400300005010025175202
B1523522015625S07007121WA0032400300005010026169196
B1523532015628S07007121WA0032300301005010025166202
B1523542015632S07007120WA0032300301005010024164205
B1523552015636S07007119WA0032200301005010025164198
B1523562015640S07007118WA0032200301005010026163193
B1523572015648S07007115WA0032100301005010028161196
B1523592015652S07007114WA0031900301005010029160191
B1524002015656S07007113WA0031800301005010031166204
B1524012015665S07007111WA0031800301005010030169202
B1524022015670S07007110WA0031700301005010029167202
B1524032015674S07007109WA0031700301005010028166206
B1524042015678S07007108WA0031700301005010028168208
B1524052015682S07007108WA0031700301005010030170207
B1524062015687S07007107WA0031700301005010032172207
B1524072015691S07007106WA0031700301005010031172204
B1524082015696S07007106WA0031700301005010028169214
B1524092015700S07007105WA0031700301005010026167227
B1524102015703S07007104WA0031600301005010025169221
B1524112015707S07007103WA0031600300005010029173219
B1524122015712S07007103WA0031500300005010034180216
B1524132015717S07007103WA0031500300005010032179217
B1524142015722S07007103WA0031400300005010031173210
B1524152015726S07007102WA0031400300005010029169204
B1524162015730S07007101WA0031300300005010029170220
B1524172015735S07007101WA0031300300005010029171208
B1524182015739S07007100WA0031200300005010030171199
B1524192015744S07007099WA0031200300005010030169193
B1524202015748S07007098WA0031200300005010027166197
B1524212015752S07007097WA0031300301005010026164206
B1524222015755S07007096WA0031400301005010023159206
B1524232015758S07007095WA0031500301005010021158210
B1524242015761S07007094WA0031500301005010021163215
B1524252015764S07007093WA0031600301005010019168216
B1524262015767S07007093WA0031700301005010023174211
B1524272015771S07007093WA0031700301005010024172203
B1524282015774S07007092WA0031700301005010024169203
B1524292015778S07007092WA0031600301005010023168206
B1524302015781S07007091WA0031500301005010023168206
B1524312015785S07007090WA0031500302005010023168205
B1524322015788S07007090WA0031400302005010025168208
B1524332015792S07007089WA0031300302005010026171198
B1524342015796S07007088WA0031200302005010026172215
B1524352015799S07007088WA0031100302005010024177225
B1524362015803S07007088WA0031100302005010023182223
B1524372015806S07007089WA0031100302005010023185211
B1524382015810S07007089WA0031100302005010021185217
B1524392015813S07007089WA0031200303005010019180219
B1524402015815S07007090WA0031300303005010014178230
B1524412015817S07007089WA0031400303005010014174217
B1524422015819S07007089WA0031400303005010018175215
B1524432015822S07007089WA0031400303005010023174210
B1524442015826S07007089WA0031400303005010022170202
B1524452015829S07007088WA0031400303005010021167203
B1524462015832S07007088WA0031300303005010020168218
B1524472015835S07007087WA0031200303005010019173215
B1524482015838S07007087WA0031200303005010021171212
B1524492015842S07007086WA0031100303005010024172198
B1524502015845S07007086WA0031100302005010024171202
B1524512015849S07007085WA0030900302005010023167206
B1524522015852S07007085WA0030800302005010024165198
B1524532015856S07007084WA0030700302005010027167199
B1524542015860S07007083WA0030500301005010029169197
B1524552015865S07007082WA0030300300005010030169201
B1524562015870S07007082WA0030100300005010028171206
B1524572015873S07007081WA0030000299005010023171214
B1524582015877S07007081WA0029900299005010020179232
B1524592015880S07007081WA0029800299005010020184230
B1525002015883S07007081WA0029800298005010021183230
B1525012015886S07007082WA0029700298005010026183212
B1525022015890S07007082WA0029600297005010028189220
B1525032015894S07007083WA0029400297005010025189234
B1525042015897S07007084WA0029300296005010020190232
B1525052015900S07007085WA0029200296005010016190230
B1525062015902S07007085WA0029200296005010015191231
B1525072015905S07007086WA0029100295005010017188225
B1525082015907S07007086WA0029100295005010021185222
B1525092015910S07007086WA0029100295005010022178211
B1525102015914S07007086WA0029100295005010019178215
B1525112015916S07007087WA0029200294005010016189239
B1525122015918S07007087WA0029300294005010017201231
B1525132015921S07007088WA0029400294005010018194228
B1525142015924S07007089WA0029400294005010022183219
B1525152015927S07007089WA0029500294005010023174208
B1525162015931S07007088WA0029600294005010019173211
B1525172015933S07007088WA0029800294005010015190236
B1525182015935S07007089WA0029800294005010015208261
B1525192015937S07007091WA0029900294005010017254279
B1525202015936S07007094WA0029900294005010016288281
B1525212015935S07007096WA0030000293005010020339301
B1525222015931S07007097WA0030000294005010023351327
B1525232015926S07007097WA0030000294005010035007328
B1525242015920S07007096WA0030000293005010030001334
B1525252015915S07007096WA0030000293005010021352322
B1525262015912S07007096WA0030000293005010020004313
B1525272015909S07007096WA0030200293005010020342336
B1525282015905S07007096WA0030400293005010028354322
B1525292015900S07007096WA0030700293005010031353333
B1525302015896S07007096WA0030700293005010029001333
B1525312015892S07007096WA0030900294005010019355328
B1525322015889S07007096WA0031100294005010013347321
B1525332015887S07007096WA0031300295005010014301306
B1525342015886S07007098WA0031300295005010017282289
B1525352015886S07007101WA0031400296005010016276277
B1525362015885S07007103WA0031600297005010012271274
B1525372015886S07007105WA0031600298005010013246262
B1525382015887S07007107WA0031600299005010017226243
B1525392015889S07007109WA0031700299005010021206223
B1525402015893S07007109WA0031700300005010026183199
B1525412015897S07007108WA0031700301005010031154184
B1525422015901S07007105WA0031700301005010039133150
B1525432015905S07007099WA0031700301005010043115122
B1525442015906S07007092WA0031700301005010046092099
B1525452015905S07007085WA0031700301005010047071063
B1525462015902S07007078WA0031700301005010048047036
B1525472015897S07007073WA0031600301005010045040005
B1525482015892S07007071WA0031500301005010031000349
B1525492015888S07007072WA0031500302005010022334317
B1525502015885S07007074WA0031500303005010016307291
B1525512015884S07007076WA0031500303005010014280282
B1525522015884S07007078WA0031600304005010015252260
B1525532015886S07007081WA0031700304005010019232242
B1525542015888S07007083WA0031700305005010021208236
B1525552015891S07007085WA0031800305005010026192218
B1525562015895S07007085WA0031900305005010028181212
B1525572015899S07007085WA0031900306005010025181208
B1525582015903S07007085WA0031900306005010023179211
B1525592015907S07007085WA0031900307005010022177218
B1526002015910S07007085WA0031900307005010025178217
B1526012015914S07007085WA0032000308005010028178215
B1526022015918S07007085WA0032000308005010026176225
B1526032015921S07007085WA0032000309005010019176227
B1526042015924S07007084WA0032000310005010012176247
B1526052015925S07007085WA0032000310005010009202253
B1526062015927S07007086WA0032000311005010012210249
B1526072015929S07007088WA0032000311005010021214228
B1526082015931S07007090WA0032000311005010021211227
B1526092015934S07007091WA0031900311005010019205233
B1526102015936S07007093WA0031900312005010016196233
B1526112015938S07007093WA0031800312005010014193237
B1526122015941S07007094WA0031700313005010017191240
B1526132015943S07007095WA0031600312005010019204239
B1526142015946S07007096WA0031600312005010023202232
B1526152015949S07007097WA0031500312005010025182221
B1526162015953S07007097WA0031400313005010022182212
B1526172015956S07007097WA0031300312005010020187225
B1526182015959S07007098WA0031300312005010017204251
B1526192015961S07007100WA0031200312005010018224247
B1526202015963S07007102WA0031000312005010016225243
B1526212015964S07007103WA0030900312005010013207237
B1526222015966S07007104WA0030900312005010013183223
B1526232015969S07007104WA0030900312005010018165208
B1526242015971S07007103WA0030900312005010020172212
B1526252015974S07007103WA0030800311005010019188226
B1526262015976S07007104WA0030800311005010014228257
B1526272015977S07007106WA0030700311005010016279281
B1526282015976S07007108WA0030600311005010017321301
B1526292015973S07007110WA0030400311005010026340317
B1526302015969S07007110WA0030400311005010029003336
B1526312015964S07007109WA0030300311005010034013342
B1526322015958S07007107WA0030200310005010035008345
B1526332015952S07007106WA0030200309010019039007339
B1526342015946S07007105WA0030200308005010038008347
B1526352015940S07007103WA0030200308005010036011347
B1526362015935S07007102WA0030200307005010029008002
B1526372015930S07007101WA0030300307005010031003344
B1526382015925S07007101WA0030300306005010036004343
B1526392015919S07007100WA0030400305005010035005338
B1526402015914S07007099WA0030400304005010032007334
B1526412015910S07007099WA0030500304005010023357341
B1526422015907S07007099WA0030500304005010020354321
B1526432015904S07007099WA0030500304005010020350322
B1526442015900S07007100WA0030500303005010028339331
B1526452015895S07007101WA0030400302005010033356331
B1526462015891S07007102WA0030400301005010030353323
B1526472015886S07007102WA0030300300005010024341312
B1526482015883S07007103WA0030100299005010022340310
B1526492015879S07007104WA0029900299005010025341318
B1526502015876S07007106WA0029900298005010027342328
B1526512015872S07007107WA0029600297005010027347329
B1526522015868S07007107WA0029300296005010029353330
B1526532015864S07007108WA0029000295005010028352334
B1526542015860S07007109WA0029000294005010028346323
B1526552015855S07007110WA0028700293005010029345319
B1526562015851S07007111WA0028400292005010028352332
B1526572015847S07007111WA0028200291005010026356339
B1526582015843S07007111WA0028200290005010024354321
B1526592015840S07007112WA0027900288005010027337314
B1527002015835S07007114WA0027700287005010031335304
B1527012015831S07007116WA0027400286005010032338325
B1527022015827S07007118WA0027400285005010030343319
B1527032015823S07007119WA0027200283005010028341317
B1527042015818S07007121WA0027000282005010029336311
B1527052015814S07007123WA0026900280005010032337312
B1527062015810S07007125WA0026900279005010032340318
B1527072015806S07007126WA0026800278005010032345323
B1527082015801S07007127WA0026700276005010032349319
B1527092015796S07007128WA0026600275005010032350321
B1527102015792S07007129WA0026600273005010033346318
B1527112015787S07007131WA0026600272005010033344319
B1527122015782S07007132WA0026600271005010033345316
B1527132015777S07007134WA0026600270005010033345322
B1527142015772S07007135WA0026600269005010033343321
B1527152015767S07007137WA0026700268005010033344320
B1527162015763S07007138WA0026700268005010034346327
B1527172015758S07007140WA0026700267005010035347331
B1527182015753S07007141WA0026700266005010033349328
B1527192015748S07007142WA0026800266005010031351331
B1527202015743S07007142WA0026800265005010033352332
B1527212015738S07007143WA0026900265005010035352327
B1527222015733S07007144WA0026900265005010036347331
B1527232015727S07007145WA0026900265005010032346315
B1527242015723S07007147WA0027000266005010027340325
B1527252015719S07007148WA0027200266005010025344326
B1527262015716S07007149WA0027200267005010025353325
B1527272015712S07007149WA0027400267005010025353324
B1527282015708S07007150WA0027600268005010021349323
B1527292015705S07007150WA0027800269005010019345319
B1527302015702S07007151WA0027800270005010020345314
B1527312015699S07007152WA0028100270005010023343326
B1527322015695S07007153WA0028300271005010025348321
B1527332015691S07007154WA0028500272005010027352332
B1527342015687S07007154WA0028600272005010026002333
B1527352015683S07007154WA0028700273005010026002334
B1527362015680S07007154WA0028800274005010026001336
B1527372015676S07007154WA0028900275005010027001334
B1527382015672S07007154WA0029000276005010027356330
B1527392015667S07007154WA0029200277005010026352330
B1527402015663S07007155WA0029300278005010026351326
B1527412015659S07007155WA0029500279005010026351322
B1527422015656S07007156WA0029600280005010027350334
B1527432015652S07007157WA0029700281005010027348339
B1527442015647S07007158WA0029700282005010028354337
B1527452015643S07007158WA0029900282005010030353336
B1527462015638S07007158WA0029900283005010031356337
B1527472015633S07007159WA0030000283005010031357336
B1527482015629S07007159WA0030000284005010029002342
B1527492015625S07007159WA0030000285005010025353340
B1527502015621S07007160WA0030000285005010024352323
B1527512015617S07007161WA0030100286005010029343325
B1527522015613S07007162WA0030100286005010031350331
B1527532015609S07007163WA0030100287005010031352341
B1527542015604S07007163WA0030200287005010031355343
B1527552015600S07007164WA0030200288005010030352339
B1527562015595S07007164WA0030100288005010032355331
B1527572015590S07007164WA0030100288005010035355331
B1527582015585S07007165WA0030100288005010034353329
B1527592015580S07007166WA0030000288005010029353326
B1528002015576S07007166WA0030000288005010024353322
B1528012015573S07007167WA0029900288005010026339310
B1528022015569S07007169WA0029900288005010030332306
B1528032015565S07007171WA0029900287005010033327309
B1528042015560S07007175WA0029800288005010035321303
B1528052015557S07007178WA0029800289005010025318308
B1528062015554S07007180WA0029800290005010023320305
B1528072015552S07007182WA0029900292005010016310298
B1528082015552S07007184WA0030100294005010012299304
B1528092015551S07007185WA0030400295005010016315303
B1528102015549S07007187WA0030700296005010023320303
B1528112015546S07007189WA0030900298005010025323320
B1528122015542S07007191WA0031000299005010028343320
B1528132015539S07007192WA0031100300005010023348328
B1528142015535S07007193WA0031300302005010020339323
B1528152015532S07007194WA0031400303005010025338314
B1528162015528S07007195WA0031600305005010028348321
B1528172015524S07007196WA0031800306005010029355332
B1528182015520S07007196WA0031900307005010028001336
B1528192015515S07007195WA0031900308005010025357325
B1528202015511S07007196WA0032100310005010028332315
B1528212015507S07007198WA0032200311005010029330308
B1528222015503S07007201WA0032300312005010030328311
B1528232015500S07007203WA0032500313005010026332320
B1528242015496S07007205WA0032600315005010028324315
B1528252015493S07007208WA0032700316005010027325314
B1528262015489S07007210WA0032800317005010026327308
B1528272015486S07007212WA0033000319005010023329308
B1528282015484S07007214WA0033100320005010020320293
B1528292015482S07007216WA0033300322005010018301273
B1528302015481S07007219WA0033400323005010017280261
B1528312015481S07007222WA0033600325005010018265246
B1528322015481S07007225WA0033700326005010019257253
B1528332015482S07007228WA0033900327005010019250245
B1528342015483S07007231WA0034000329005010019235225
B1528352015486S07007233WA0034000330005010020210212
B1528362015489S07007234WA0034000331005010023187198
B1528372015493S07007234WA0034000332005010027165183
B1528382015496S07007231WA0034000333005010030139165
B1528392015500S07007227WA0033900333005010038121145
B1528402015502S07007221WA0033700332005010041106126
B1528412015504S07007215WA0033500331005010040098118
B1528422015505S07007209WA0033400331005010038101120
B1528432015506S07007202WA0033200330005010041102143
B1528442015508S07007196WA0033000330005010040125136
B1528452015512S07007191WA0032800328005010043127151
B1528462015517S07007186WA0032600328005010041135152
B1528472015521S07007182WA0032500327005010032133169
B1528482015524S07007179WA0032400326005010024133184
B1528492015527S07007177WA0032300325005010024138177
B1528502015530S07007174WA0032300324005010028143175
B1528512015533S07007172WA0032300323005010032154189
B1528522015538S07007170WA0032300322005010033152184
B1528532015542S07007168WA0032200321005010034153192
B1528542015547S07007166WA0032200320005010033162189
B1528552015551S07007165WA0032100319005010031175217
B1528562015556S07007165WA0032000319005010027183207
B1528572015559S07007165WA0032000319005010023189214
B1528582015562S07007166WA0032100319005010020194225
B1528592015564S07007167WA0032200318005010016195215
B1529002015567S07007167WA0032400318005010018190208
B1529012015570S07007168WA0032600318005010026177190
B1529022015574S07007167WA0032800318005010029170186
B1529032015578S07007166WA0032900318005010029164190
B1529042015582S07007164WA0033000318005010035149172
B1529052015586S07007161WA0033200319005010032138171
B1529062015589S07007157WA0033400319005010029131173
B1529072015592S07007153WA0033600320005010029130192
B1529082015595S07007150WA0033800321005010029137193
B1529092015599S07007147WA0034000322005010028146182
B1529102015602S07007145WA0034100322005010026152186
B1529112015606S07007143WA0034200323005010024153204
B1529122015609S07007141WA0034200324005010024152194
B1529132015613S07007140WA0034200324010019025158193
B1529142015617S07007139WA0034200325010019025158192
B1529152015620S07007138WA0034100325010019024158184
B1529162015624S07007138WA0034100326010019025165196
B1529172015628S07007137WA0034000326010019026178205
B1529182015632S07007139WA0033800326010019023199229
B1529192015634S07007140WA0033700327010019020228249
B1529202015636S07007143WA0033600327010019019228268
B1529212015637S07007146WA0033400328005010022264295
B1529222015635S07007150WA0033300328005010027307286
B1529232015632S07007153WA0033200328005010030316298
B1529242015628S07007156WA0033200329005010026314296
B1529252015625S07007158WA0033300329005010012330310
B1529262015622S07007160WA0033500330005010014325312
B1529272015619S07007162WA0033700330005010024334310
B1529282015615S07007163WA0033900330005010032343319
B1529292015610S07007164WA0033900331005010032356329
B1529302015605S07007164WA0034000331005010027005336
B1529312015601S07007164WA0034100332005010022002327
B1529322015598S07007165WA0034200332005010019339317
B1529332015595S07007166WA0034400333005010020342304
B1529342015591S07007166WA0034600333005010021359326
B1529352015588S07007166WA0034800334005010026004333
B1529362015584S07007166WA0034900334005010028002325
B1529372015579S07007166WA0035000335005010033350307
B1529382015574S07007167WA0035100335005010030352307
B1529392015570S07007168WA0035300336005010024346307
B1529402015566S07007168WA0035400337005010021346320
B1529412015563S07007169WA0035600338005010023351327
B1529422015559S07007170WA0035800339005010027347337
B1529432015554S07007170WA0035900340005010030350342
B1529442015549S07007171WA0036000340005010038358339
B1529452015543S07007171WA0036000341005010037002357
B1529462015537S07007171WA0035900341005010032001000
B1529472015532S07007171WA0035900342005010031357319
B1529482015527S07007171WA0035900343005010028358350
B1529492015523S07007172WA0036000344005010028351315
B1529502015519S07007173WA0036000344005010028343318
B1529512015515S07007174WA0036100344005010028344323
B1529522015511S07007175WA0036100344005010027350326
B1529532015507S07007176WA0036100344005010027354344
B1529542015503S07007176WA0036100344005010025354337
B1529552015499S07007177WA0036100345005010023348323
B1529562015495S07007178WA0036100345005010021331312
B1529572015493S07007180WA0036100345005010022306288
B1529582015492S07007184WA0036100346005010025284275
B1529592015491S07007188WA0036100346005010021270265
B1530002015492S07007191WA0036100346005010022248257
B1530012015493S07007194WA0036000346005010019240248
B1530022015494S07007197WA0036000346005010017229240
B1530032015497S07007199WA0035900346005010021213224
B1530042015500S07007201WA0035900346005010028194205
B1530052015505S07007201WA0035900345005010035173183
B1530062015510S07007200WA0035700345005010040153164
B1530072015515S07007196WA0035600344005010040135149
B1530082015519S07007191WA0035400343005010039123138
B1530092015522S07007186WA0035300342005010038118143
B1530102015525S07007181WA0035100341005010039122155
B1530112015528S07007175WA0035000340005010042128162
B1530122015533S07007170WA0034900339005010046129166
B1530132015537S07007164WA0034800338005010045129167
B1530142015541S07007159WA0034800337005010041137167
B1530152015546S07007155WA0034800336005010040144177
B1530162015551S07007152WA0034800336005010036151195
B1530172015556S07007149WA0034900336005010037154204
B1530182015560S07007149WA0035000335005010019193221
B1530192015562S07007150WA0035200335005010013215247
B1530202015563S07007152WA0035300335005010013265250
B1530212015563S07007155WA0035400335005010021242259
B1530222015564S07007159WA0035400335005010026237245
B1530232015566S07007163WA0035400334005010029233247
B1530242015567S07007167WA0035400334005010024260262
B1530252015567S07007171WA0035400334005010022266277
B1530262015568S07007175WA0035400334005010023255266
B1530272015569S07007179WA0035400333005010026244253
B1530282015570S07007183WA0035500333005010028241254
B1530292015572S07007188WA0035500333005010029249260
B1530302015573S07007193WA0035500333005010028261265
B1530312015573S07007197WA0035400333005010028262269
B1530322015574S07007202WA0035300332005010028254257
B1530332015575S07007206WA0035300332005010025229241
B1530342015578S07007209WA0035200332005010026225240
B1530352015580S07007212WA0035100331010019025227243
B1530362015583S07007216WA0035100331005010027237252
B1530372015585S07007219WA0035000331005010026241249
B1530382015586S07007223WA0035000330005010026240241
B1530392015588S07007227WA0035000330005010025233247
B1530402015591S07007230WA0035100330005010021226253
B1530412015593S07007232WA0035200330005010019224262
B1530422015595S07007234WA0035500330005010021226252
B1530432015597S07007237WA0035700329005010025231244
B1530442015600S07007240WA0035900329005010026232233
B1530452015602S07007244WA0036100329005010024231228
B1530462015604S07007246WA0036200329005010022233247
B1530472015606S07007249WA0036300329005010019228266
B1530482015608S07007251WA0036400328005010019232275
B1530492015609S07007254WA0036400328005010016260278
B1530502015609S07007256WA0036400328005010019294291
B1530512015607S07007259WA0036400328005010018314310
B1530522015604S07007260WA0036300327005010024345323
B1530532015598S07007261WA0036200328005010032011347
B1530542015592S07007258WA0036100328005010047047009
B1530552015586S07007252WA0036100327010019050052051
B1530562015581S07007245WA0036100327010019047062058
B1530572015577S07007237WA0036100326010019044081069
B1530582015576S07007230WA0036200325010019039098092
B1530592015577S07007224WA0036200324010019035108112
B1531002015581S07007220WA0036200324010019033155126
B1531012015585S07007218WA0036100324010019033160179
B1531022015590S07007215WA0036100325010019026173184
B1531032015597S07007213WA0036100325010019018200199
B1531042015601S07007214WA0036100325010019018223227
B1531052015604S07007218WA0036000324010019019251244
B1531062015606S07007223WA0035900324005010023269261
B1531072015608S07007228WA0035900324005010021273267
B1531082015608S07007232WA0035800324010019018264265
B1531092015608S07007236WA0035700324010019018254258
B1531102015609S07007239WA0035700324010019019250259
B1531112015610S07007242WA0035700324010019018245257
B1531122015611S07007245WA0035700324010019017240258
B1531132015612S07007247WA0035700324010019019241254
B1531142015614S07007250WA0035700324010019019250255
B1531152015614S07007254WA0035700324010019019260263
B1531162015615S07007256WA0035600324010019019265260
B1531172015614S07007259WA0035600324010019016269260
B1531182015614S07007262WA0035600324010019016268264
B1531192015614S07007264WA0035600324010019015275274
B1531202015614S07007267WA0035600324010019017288285
B1531212015612S07007270WA0035600324010019019299309
B1531222015610S07007272WA0035600324010019019319320
B1531232015608S07007273WA0035600324010019022343330
B1531242015603S07007274WA0035500324005010032004344
B1531252015598S07007273WA0035500324005010033018004
B1531262015593S07007270WA0035400324005010039044021
B1531272015588S07007266WA0035400324005010041051046
B1531282015585S07007260WA0035400324005010044071057
B1531292015582S07007253WA0035400324005010039073079
B1531302015582S07007247WA0035500323005010035098085
B1531312015583S07007241WA0035500323005010031113118
B1531322015587S07007237WA0035500323010019033157137
B1531332015592S07007233WA0035600322010019031151179
B1531342015597S07007230WA0035600322010019026148174
B1531352015601S07007227WA0035600321010019023147184
B1531362015604S07007225WA0035600321010019020159195
B1531372015609S07007224WA0035600320010019020183208
B1531382015613S07007225WA0035500320010019021202223
B1531392015616S07007226WA0035400319010019020213234
B1531402015620S07007229WA0035300319010019019217235
B1531412015623S07007232WA0035200318010019019222235
B1531422015626S07007234WA0035000317005010020225236
B1531432015629S07007238WA0034900317005010023229235
B1531442015631S07007242WA0034700316005010022227235
B1531452015634S07007246WA0034600316005010019229248
B1531462015636S07007248WA0034400315005010019228244
B1531472015638S07007251WA0034300315005010022235242
B1531482015641S07007255WA0034300314005010026240250
B1531492015642S07007259WA0034200314005010026247241
B1531502015644S07007263WA0034200313005010019248255
B1531512015645S07007265WA0034200313005010012241260
B1531522015646S07007267WA0034200313005010009243265
B1531532015646S07007268WA0034300312005010014253256
B1531542015647S07007271WA0034400312005010021259259
B1531552015647S07007275WA0034500312005010021265256
B1531562015648S07007278WA0034600312005010016261261
B1531572015648S07007281WA0034700312005010015260261
B1531582015648S07007284WA0034800312005010017264260
B1531592015648S07007287WA0034900312005010022269261
B1532002015648S07007291WA0035000311005010025267253
B1532012015648S07007295WA0035100311005010024264266
B1532022015649S07007298WA0035100311005010020260252
B1532032015649S07007301WA0035200312005010016248244
B1532042015650S07007303WA0035300312005010016220224
B1532052015652S07007305WA0035300312005010021201201
B1532062015656S07007305WA0035300312005010028184190
B1532072015660S07007305WA0035300312005010031163171
B1532082015664S07007302WA0035300312005010033139151
B1532092015667S07007298WA0035200312005010038112129
B1532102015667S07007291WA0035100312005010043089102
B1532112015666S07007285WA0034900312005010046073071
B1532122015663S07007278WA0034700312005010048052047
B1532132015657S07007273WA0034600312005010047030016
B1532142015651S07007271WA0034400311005010043006351
B1532152015644S07007271WA0034200310005010040358328
B1532162015639S07007272WA0034000310005010027343318
B1532172015637S07007275WA0033900309005010029280302
B1532182015637S07007280WA0033800309005010023263263
B1532192015638S07007283WA0033700309005010019252261
B1532202015639S07007286WA0033700309005010017244256
B1532212015640S07007289WA0033700308005010019241253
B1532222015642S07007293WA0033800308010019022247253
B1532232015643S07007296WA0033800308010019023248249
B1532242015644S07007300WA0033700308010019022248248
B1532252015646S07007304WA0033700307010019022248251
B1532262015647S07007307WA0033700307010019022249253
B1532272015648S07007311WA0033600307010019021251255
B1532282015649S07007314WA0033400306010019021260265
B1532292015649S07007318WA0033300306010019021271284
B1532302015649S07007321WA0033200305010019022273299
B1532312015648S07007324WA0033100304010019020287313
B1532322015647S07007327WA0032900304010019021325323
B1532332015643S07007329WA0032700304005010025352336
B1532342015638S07007327WA0032500303005010037020350
B1532352015632S07007324WA0032400302005010039036012
B1532362015627S07007320WA0032200302005010041037029
B1532372015622S07007316WA0032100301005010044037037
B1532382015617S07007311WA0031900300005010044042044
B1532392015612S07007306WA0031800299005010047060049
B1532402015608S07007298WA0031600298005010051062060
B1532412015603S07007291WA0031400296005010052065069
B1532422015600S07007283WA0031200295005010051068074
B1532432015597S07007275WA0031200295005010048071085
B1532442015595S07007267WA0031100294005010043076096
B1532452015593S07007260WA0031100293005010038086106
B1532462015593S07007254WA0031200292005010034100120
B1532472015594S07007248WA0031300291005010034103125
B1532482015595S07007242WA0031400291005010037113122
B1532492015598S07007236WA0031400291005010035111130
B1532502015599S07007231WA0031400290005010031106130
B1532512015600S07007226WA0031400290005010028104133
B1532522015601S07007221WA0031400290005010029109128
B1532532015603S07007216WA0031400289005010032110131
B1532542015605S07007212WA0031400288005010033110112
B1532552015607S07007207WA0031300287005010035092095
B1532562015606S07007201WA0031200286005010039066067
B1532572015604S07007196WA0031000285005010039060034
B1532582015599S07007192WA0030800284005010052024021
B1532592015591S07007189WA0030700283005010052026000
B1533002015584S07007185WA0030700282005010052024354
B1533012015578S07007184WA0030500282005010040013348
B1533022015572S07007184WA0030500281005010034359335
B1533032015567S07007185WA0030400280005010038352324
B1533042015561S07007186WA0030400280005010040347322
B1533052015555S07007188WA0030400279005010039348323
B1533062015550S07007189WA0030400278005010036351327
B1533072015545S07007191WA0030400278005010030344317
B1533092015541S07007192WA0030400278005010031342315
B1533102015531S07007196WA0030400277005010035340320
B1533112015527S07007198WA0030500277005010033342319
B1533122015522S07007199WA0030600277005010030344314
B1533132015518S07007201WA0030700277005010029341313
B1533142015514S07007203WA0030800277005010030347328
B1533152015510S07007204WA0030900278005010028347335
B1533172015506S07007205WA0031000278005010027342310
B1533192015498S07007208WA0031100279005010031345324
B1533202015493S07007210WA0031100279005010033348331
B1533212015488S07007211WA0031100279005010034348320
B1533222015483S07007212WA0031000279005010033348325
B1533232015478S07007213WA0030900279005010032350321
B1533242015474S07007214WA0030900279005010032350322
B1533252015469S07007215WA0030900279005010034347318
B1533262015464S07007217WA0030900279005010033341314
B1533272015459S07007218WA0030900280005010033340328
B1533282015455S07007220WA0031000280005010032348329
B1533292015450S07007221WA0031000281005010034355340
B1533302015445S07007221WA0031100282005010035356332
B1533312015440S07007222WA0031200282005010036352318
B1533322015434S07007222WA0031200282005010037351315
B1533332015429S07007223WA0031300283005010038351314
B1533342015424S07007225WA0031300283005010033336315
B1533352015419S07007227WA0031400284005010029339327
B1533362015415S07007229WA0031400284005010030336325
B1533372015411S07007231WA0031500285005010031336314
B1533382015407S07007233WA0031700286005010034337308
B1533392015402S07007235WA0031900287005010035338315
B1533402015398S07007237WA0032000288005010032334292
B1533412015394S07007240WA0032200289005010028314282
B1533422015392S07007243WA0032300290005010026292268
B1533432015391S07007247WA0032400291005010024277251
B1533442015391S07007251WA0032500292005010021263241
B1533452015392S07007254WA0032500293005010021240225
B1533462015394S07007256WA0032600294005010023203206
B1533472015398S07007256WA0032600295005010027171186
B1533482015401S07007254WA0032600296005010031141170
B1533492015405S07007250WA0032500297005010034125156
B1533502015407S07007246WA0032500298005010032117159
B1533512015410S07007242WA0032400299005010027126163
B1533522015412S07007238WA0032300300005010029139167
B1533532015416S07007236WA0032300300005010030152177
B1533542015420S07007234WA0032300300005010030156183
B1533552015424S07007232WA0032200300005010028151175
B1533562015427S07007230WA0032200301005010026142179
B1533572015430S07007227WA0032200301005010026142169
B1533582015433S07007224WA0032300301005010028142169
B1533592015437S07007222WA0032300302005010030140170
B1534002015440S07007218WA0032300302005010030132163
B1534012015443S07007215WA0032300302005010030127170
B1534022015446S07007211WA0032200302005010028136179
B1534032015449S07007208WA0032100302005010028144184
B1534042015452S07007206WA0032000302005010031150179
B1534052015457S07007203WA0032000302005010031151180
B1534062015460S07007201WA0031900301005010029148186
B1534072015464S07007199WA0031900301005010027147186
B1534082015467S07007196WA0031800301005010025148187
B1534092015470S07007195WA0031800301005010025155194
B1534102015474S07007193WA0031800301005010027163190
B1534112015478S07007192WA0031800301005010030169183
B1534122015483S07007191WA0031700301005010029165180
B1534132015487S07007190WA0031600301005010030162174
B1534142015492S07007189WA0031500301005010031168194
B1534152015496S07007188WA0031400301005010032175228
B1534162015500S07007190WA0031400301005010029226237
B1534172015503S07007193WA0031400301005010027226262
B1534182015505S07007196WA0031400301005010027234266
B1534192015507S07007200WA0031400301005010021242272
B1534202015508S07007203WA0031500301005010016262273
B1534212015505S07007204WA0031700301005010019324272
B1534222015500S07007205WA0031900301010019023327299
B1534232015494S07007207WA0032100301010019021334301
B1534242015489S07007208WA0032300301010019020336310
B1534252015485S07007210WA0032500301010019024335316
B1534262015481S07007212WA0032600301010019029346326
B1534272015475S07007213WA0032700301010019038350326
B1534282015469S07007214WA0032700301010019038357336
B1534292015463S07007214WA0032700301010019034359333
B1534302015457S07007215WA0032700301010019031353330
B1534312015452S07007216WA0032700301010019031345317
B1534322015446S07007217WA0032800302010019034345324
B1534332015441S07007219WA0032800302010019034349320
B1534342015435S07007220WA0032900302010019030347314
B1534352015431S07007221WA0033000302010019030337305
B1534362015426S07007223WA0033100302010019024335297
B1534372015423S07007225WA0033200302010019024334309
B1534382015419S07007226WA0033200302010019027332309
B1534392015415S07007229WA0033200302010019034333330
B1534402015410S07007231WA0033100302010019036335317
B1534412015404S07007234WA0033000301010019041337314
B1534422015398S07007236WA0032800301010019043337313
B1534432015393S07007239WA0032700301010019039331309
B1534442015388S07007242WA0032700301010019032336299
B1534452015384S07007244WA0032800302010019027323298
B1534462015380S07007247WA0032800303010019023325303
B1534472015378S07007249WA0033000304010019021328300
B1534482015375S07007251WA0033300306010019022334310
B1534492015372S07007253WA0033500307010019024330313
B1534502015368S07007255WA0033700308010019026335308
B1534512015364S07007257WA0033800309010019029334309
B1534522015360S07007258WA0033900310010019027338307
B1534532015357S07007260WA0033900311010019015335313
B1534542015355S07007261WA0034000312010019010328285
B1534552015354S07007261WA0034100313010019012320293
B1534562015352S07007263WA0034200313010019017322289
B1534572015349S07007265WA0034300314010019028315301
B1534582015346S07007269WA0034300314010019026313298
B1534592015344S07007271WA0034400314010019025317294
B1535002015341S07007274WA0034400315010019022316295
B1535012015338S07007277WA0034300315010019025315299
B1535022015335S07007280WA0034300315010019031322298
B1535032015331S07007284WA0034100315010019037314295
B1535042015327S07007288WA0034100315010019034311288
B1535052015324S07007292WA0034000315010019028313285
B1535062015321S07007295WA0033900315010019026314308
B1535072015318S07007298WA0033700315010019025317286
B1535082015315S07007301WA0033700315010019027307276
B1535092015313S07007305WA0033600315005010031303283
B1535102015310S07007309WA0033400315005010033305293
B1535112015306S07007313WA0033200315005010034318308
B1535122015302S07007317WA0033100316005010033320301
B1535132015298S07007320WA0033000316005010032317293
B1535142015295S07007323WA0032900315005010031315295
B1535152015291S07007327WA0032800315005010034318296
B1535162015287S07007331WA0032600314005010036321299
B1535172015283S07007334WA0032500313005010035321302
B1535182015279S07007337WA0032300312005010034320300
B1535192015275S07007341WA0032100311005010034321306
B1535202015271S07007344WA0031900310005010034324308
B1535212015267S07007347WA0031800309005010034325307
B1535222015262S07007350WA0031800308005010036325307
B1535232015258S07007353WA0031600307005010036325306
B1535242015254S07007356WA0031500306005010036327305
B1535252015249S07007359WA0031300305005010034326310
B1535262015245S07007362WA0031100304005010033322300
B1535272015241S07007365WA0030900302005010033320291
B1535282015237S07007368WA0030800301005010036318303
B1535292015233S07007372WA0030600300005010037323281
B1535302015229S07007375WA0030400298005010027323274
B1535312015227S07007378WA0030300297005010023296271
B1535322015225S07007381WA0030300296005010020289270
B1535332015225S07007385WA0030300295005010021290273
B1535342015223S07007389WA0030300294005010025292277
B1535352015222S07007393WA0030300293005010029293273
B1535362015220S07007397WA0030300292005010030294275
B1535372015218S07007402WA0030300292005010030300289
B1535382015216S07007406WA0030400291005010027304279
B1535392015214S07007410WA0030400291005010024300260
B1535402015213S07007413WA0030500290005010021276247
B1535412015213S07007417WA0030600290005010024258236
B1535422015214S07007421WA0030600289005010026252250
B1535432015215S07007425WA0030700288005010028252265
B1535442015216S07007429WA0030700288005010026280280
B1535452015215S07007433WA0030600287005010027298303
B1535462015212S07007438WA0030500287005010031302320
B1535472015208S07007440WA0030400286005010043354332
B1535482015201S07007441WA0030200285010019045002004
B1535492015194S07007440WA0030100285010019047010018
B1535502015189S07007436WA0029900285010019046061023
B1535512015186S07007429WA0029800285010019044071071
B1535522015184S07007422WA0029700285010019040070083
B1535532015181S07007416WA0029600285010019032076082
B1535542015180S07007410WA0029600285010019033083090
B1535552015180S07007403WA0029600284010019038106101
B1535562015183S07007396WA0029600284010019037108129
B1535572015185S07007391WA0029600284010019026123133
B1535582015188S07007387WA0029600284010019019139154
B1535592015191S07007385WA0029700284010019019164177
B1536002015194S07007384WA0029700284010019018177194
B1536012015197S07007384WA0029800283005010016179206
B1536022015199S07007384WA0029900283005010009199220
B1536032015201S07007385WA0030000283005010010203232
B1536042015202S07007386WA0030000283005010008255229
B1536052015202S07007387WA0029900283010019008252247
B1536062015206S07007389WA0029800283010019009258251
B1536072015208S07007393WA0029700283010019014266255
B1536082015209S07007397WA0029500283010019016267258
B1536092015209S07007401WA0029400282010019018268260
B1536102015209S07007405WA0029200282010019020272259
B1536112015208S07007410WA0029100282005010021274261
B1536122015208S07007415WA0028900282005010021273265
B1536132015205S07007421WA0028800281005010024294277
B1536142015202S07007426WA0028600280005010029312300
B1536152015198S07007429WA0028600280005010037339315
B1536162015190S07007432WA0028500279005010043356340
B1536172015184S07007433WA0028400279010019042358003
B1536182015178S07007433WA0028200279010019041003008
B1536192015171S07007431WA0028000278010019044020014
B1536202015164S07007428WA0027800277005010038025034
B1536212015161S07007423WA0027700277010019028108040
B1536222015162S07007417WA0027600276010019027117143
B1536232015164S07007413WA0027600275005010023121150
B1536242015167S07007408WA0027600273005010021134156
B1536252015171S07007403WA0027600272005010022142169
B1536262015175S07007401WA0027500270005010024158173
B1536272015181S07007399WA0027300269005010027163182
B1536282015187S07007397WA0027100268005010027160183
B1536292015192S07007396WA0026900267005010024148184
B1536302015196S07007395WA0026800265005010020147188
B1536312015200S07007393WA0026600264005010019155191
B1536322015203S07007392WA0026500263005010021160184
B1536332015207S07007392WA0026500262005010023156179
B1536342015210S07007390WA0026300261005010024147178
B1536352015214S07007388WA0026100259005010024143181
B1536362015217S07007386WA0025900258005010023140175
B1536372015220S07007384WA0025700257005010024140176
B1536382015223S07007381WA0025500255005010027142170
B1536392015227S07007378WA0025300253005010031146175
B1536402015231S07007376WA0025100252005010031143172
B1536412015235S07007373WA0024900250005010029139184
B1536422015238S07007370WA0024700249005010029140174
B1536432015242S07007367WA0024600248005010028148199
B1536442015245S07007365WA0024600248005010026153180
B1536452015249S07007363WA0024600248005010025152184
B1536462015252S07007361WA0024700248005010020149185
B1536472015254S07007360WA0024800247005010019151185
B1536482015257S07007358WA0024900247005010020148185
B1536492015259S07007357WA0025000247005010019146188
B1536502015261S07007355WA0025000246005010017147184
B1536512015263S07007354WA0025000246005010018143186
B1536522015269S07007350WA0024900244005010026145178
B1536532015272S07007347WA0024800244005010026137178
B1536552015278S07007342WA0024500242005010022140181
B1536562015280S07007341WA0024400242005010020157195
B1536572015283S07007340WA0024400242005010021185210
B1536582015286S07007341WA0024400242005010024186189
B1536592015290S07007341WA0024400242005010022177189
B1537002015293S07007340WA0024400242005010020160187
B1537012015295S07007339WA0024500242005010018148197
B1537022015298S07007338WA0024600241005010019154181
B1537032015300S07007337WA0024700241005010020160194
B1537042015303S07007335WA0024800242005010019155183
B1537052015305S07007334WA0025000242005010018143189
B1537062015307S07007332WA0025100242005010019136191
B1537072015309S07007330WA0025200242005010019146176
B1537082015312S07007329WA0025200242005010020160188
B1537092015315S07007328WA0025200242005010019161192
B1537102015317S07007327WA0025300242005010016154186
B1537112015319S07007326WA0025400242005010014150188
B1537122015321S07007324WA0025400243005010013149194
B1537132015323S07007323WA0025500243005010016154191
B1537142015325S07007322WA0025500243005010021162176
B1537152015328S07007321WA0025500243005010022154181
B1537162015331S07007319WA0025500243005010022136164
B1537172015333S07007317WA0025600243005010020133172
B1537182015335S07007315WA0025600243005010017137168
B1537192015337S07007314WA0025700243005010017150193
B1537202015340S07007312WA0025700243005010019155199
B1537212015342S07007311WA0025700243005010021149185
B1537222015345S07007310WA0025700243005010019154170
B1537232015347S07007309WA0025700243005010014161197
B1537242015349S07007308WA0025700243005010012169204
B1537252015351S07007307WA0025700243005010013155192
B1537262015353S07007307WA0025600243005010019162190
B1537272015357S07007306WA0025600243005010021162183
B1537282015360S07007305WA0025500243005010019159191
B1537292015362S07007304WA0025400243005010016160203
B1537302015364S07007303WA0025300242005010015174213
B1537312015366S07007303WA0025200242005010020182206
B1537322015370S07007303WA0025100242005010023178194
B1537332015373S07007303WA0025100242010019021172191
B1537342015376S07007303WA0025000242010019019166195
B1537352015378S07007302WA0024900242010019018166198
B1537362015381S07007302WA0024900242010019020174196
B1537372015384S07007302WA0024800241010019023180191
B1537382015388S07007302WA0024700241010019023176191
B1537392015391S07007301WA0024700240010019021164195
B1537402015394S07007301WA0024600240010019019163182
B1537412015397S07007300WA0024600240010019019171193
B1537422015400S07007300WA0024500239010019021176203
B1537432015403S07007300WA0024500239010019022169191
B1537442015406S07007299WA0024500239010019022166187
B1537452015410S07007298WA0024400238010019019169200
B1537462015413S07007298WA0024400238010019019176200
B1537472015416S07007298WA0024400237010019024181196
B1537482015420S07007298WA0024300237010019027178185
B1537492015424S07007298WA0024300237010019028170185
B1537502015428S07007296WA0024300236010019027157172
B1537512015432S07007295WA0024300236010019025155181
B1537522015435S07007293WA0024300236010019023152178
B1537532015438S07007291WA0024500236010019025157182
B1537542015442S07007289WA0024600237010019027153185
B1537552015445S07007287WA0024800237010019025142174
B1537562015448S07007285WA0024900237010019021144183
B1537572015450S07007284WA0025000237010019018159207
B1537582015453S07007284WA0025000237010019022202214
B1537592015456S07007286WA0025000237010019021224228
B1538002015458S07007289WA0025000237010019021261246
B1538012015457S07007292WA0025000236010019023283277
B1538022015455S07007296WA0024900236005010025316289
B1538032015451S07007300WA0024800236010019028329304
B1538042015446S07007302WA0024700236010019032348311
B1538052015441S07007303WA0024700235010019035348323
B1538062015435S07007304WA0024700234010019039349329
B1538072015428S07007304WA0024700233010019040351329
B1538082015422S07007305WA0024600233010019039350328
B1538092015416S07007306WA0024500232010019037346319
B1538102015410S07007307WA0024400231010019034342318
B1538112015405S07007309WA0024300230010019035342323
B1538122015399S07007310WA0024200229010019036344328
B1538132015394S07007312WA0024200229010019041346327
B1538142015387S07007313WA0024100228005010043348333
B1538152015381S07007314WA0024000227005010042350328
B1538162015374S07007315WA0023900226010019040351332
B1538172015368S07007316WA0023900225010019039349328
B1538182015362S07007317WA0023800225010019039349332
B1538192015356S07007318WA0023800224010019041352333
B1538202015350S07007318WA0023700223010019042355332
B1538212015343S07007319WA0023600222010019042356336
B1538222015337S07007319WA0023500221010019041354333
B1538232015331S07007320WA0023400220010019039355325
B1538242015325S07007320WA0023400219010019035354328
B1538252015320S07007321WA0023400219010019040356334
B1538262015313S07007321WA0023400219010019042355333
B1538272015308S07007322WA0023500219010019034352323
B1538282015304S07007323WA0023600219010019026342307
B1538292015300S07007324WA0023600220010019024330302
B1538302015297S07007326WA0023700220010019023331295
B1538312015294S07007328WA0023900220010019029328300
B1538322015290S07007331WA0024000221010019030327302
B1538332015286S07007334WA0024000222010019031323294
B1538342015283S07007336WA0024100222010019027325292
B1538352015280S07007339WA0024100222010019026330272
B1538362015276S07007341WA0024200223010019028326286
B1538372015273S07007344WA0024200224010019025319287
B1538382015270S07007347WA0024200225010019025307280
B1538392015268S07007350WA0024200226010019027301274
B1538402015266S07007354WA0024300226010019026306277
B1538412015263S07007357WA0024300227010019027325297
B1538422015259S07007359WA0024400228010019028341318
B1538432015255S07007360WA0024500229010019029339324
B1538442015251S07007361WA0024600230010019031352326
B1538452015246S07007362WA0024600230010019030354329
B1538462015242S07007362WA0024800230010019028357308
B1538472015237S07007362WA0024900230010019027352305
B1538482015234S07007364WA0024900229010019024325284
B1538492015232S07007367WA0024900229005010022287266
B1538502015232S07007370WA0024800228005010020243241
B1538512015234S07007372WA0024600227005010020200213
B1538522015237S07007372WA0024300226005010023167192
B1538532015241S07007371WA0024300226005010024148180
B1538542015244S07007369WA0023900225005010024138171
B1538552015247S07007366WA0023600225005010025136167
B1538562015250S07007364WA0023300224005010026137172
B1538572015253S07007361WA0023300223005010026141178
B1538582015256S07007359WA0023100222005010024147184
B1538592015259S07007357WA0023000222005010023156191
B1539002015263S07007356WA0022900221005010020164204
B1539012015265S07007355WA0022900220005010016172211
B1539022015267S07007355WA0022800220005010014182218
B1539032015269S07007356WA0022700219005010013198222
B1539042015270S07007357WA0022700218005010011238231
B1539052015270S07007359WA0022700218005010015288248
B1539062015269S07007363WA0022600218005010026310275
B1539072015266S07007367WA0022500217005010027321292
B1539082015262S07007370WA0022400217005010025325290
B1539092015259S07007373WA0022400216005010019310280
B1539102015257S07007375WA0022400215005010021294260
B1539112015256S07007379WA0022300214005010019264249
B1539122015257S07007382WA0022200212005010018236229
B1539132015259S07007384WA0022200212005010020198209
B1539142015262S07007384WA0022100211005010025169190
B1539152015266S07007382WA0022000210005010028150170
B1539162015270S07007380WA0021800209005010028142171
B1539172015273S07007378WA0021800208005010025146180
B1539182015276S07007376WA0021600208005010023150191
B1539192015279S07007374WA0021500207005010023157198
B1539202015282S07007373WA0021300206005010024169202
B1539212015286S07007373WA0021300205005010025172190
B1539222015290S07007373WA0021100204005010026171190
B1539232015294S07007372WA0021000203005010025159192
B1539242015297S07007371WA0020800202005010024154181
B1539252015300S07007369WA0020800201005010024155185
B1539262015304S07007368WA0020700200005010025157190
B1539272015307S07007366WA0020600199005010027155188
B1539282015311S07007364WA0020600198005010028152180
B1539292015315S07007362WA0020600197005010026150176
B1539302015318S07007360WA0020600196005010024152202
B1539312015321S07007358WA0020600196005010019153194
B1539322015323S07007357WA0020700195005010018156205
B1539332015326S07007356WA0020700194005010019165196
B1539342015328S07007356WA0020700194005010020173199
B1539352015331S07007355WA0020800193005010021173198
B1539362015334S07007355WA0020900193005010021173199
B1539372015338S07007355WA0020900192005010024175199
B1539382015341S07007354WA0020900192005010025175194
B1539392015345S07007354WA0021000191005010023172192
B1539402015348S07007353WA0021000191005010022161194
B1539412015351S07007352WA0021000191005010023160188
B1539422015354S07007351WA0021100190005010022158190
B1539432015357S07007350WA0021100190005010022167194
B1539442015361S07007349WA0021100189005010021164191
B1539452015364S07007348WA0021100189005010023159188
B1539462015367S07007347WA0021100189005010023156172
B1539472015370S07007346WA0021100189005010021164197
B1539482015373S07007345WA0021100189005010021173201
B1539492015376S07007345WA0021100188005010020188201
B1539502015379S07007346WA0021100188005010018186207
B1539512015381S07007346WA0021200188005010017177199
B1539522015384S07007346WA0021400188005010017176191
B1539532015386S07007346WA0021400188005010019174197
B1539542015389S07007345WA0021500188005010021167184
B1539552015392S07007345WA0021600188005010019163185
B1539562015394S07007344WA0021600188005010018163192
B1539572015397S07007343WA0021700188005010020168195
B1539582015400S07007343WA0021700188005010023169189
B1539592015404S07007342WA0021700188005010023170181
B1540002015407S07007341WA0021700188005010021163187
B1540012015410S07007340WA0021600188010019017159191
B1540022015412S07007339WA0021600188010019016157193
B1540032015414S07007339WA0021600188010019019172191
B1540042015417S07007339WA0021600187010019022180188
B1540052015421S07007339WA0021500187010019022176191
B1540062015424S07007338WA0021500187010019020168187
B1540072015427S07007338WA0021400187010019019170191
B1540082015429S07007338WA0021300186010019019176194
B1540092015432S07007338WA0021200186010019021179193
B1540102015436S07007337WA0021200186005010022174183
B1540112015439S07007337WA0021100185005010023169182
B1540122015442S07007336WA0021100185005010022167188
B1540132015446S07007335WA0021000185005010021170196
B1540142015449S07007335WA0021000185005010022176198
B1540152015452S07007335WA0020900184005010025181200
B1540162015456S07007335WA0020800184005010026180198
B1540172015460S07007335WA0020700184005010023171191
B1540182015463S07007334WA0020700183005010021171201
B1540192015466S07007334WA0020700183005010019166199
B1540202015469S07007333WA0020700182005010023182201
B1540212015473S07007334WA0020600182005010025181195
B1540222015477S07007334WA0020600181005010024178188
B1540232015480S07007333WA0020600181005010021164189
B1540242015483S07007332WA0020600181005010019160198
B1540252015486S07007332WA0020500180005010021165195
B1540262015489S07007331WA0020500180005010023171194
B1540272015492S07007331WA0020500180005010022173193
B1540282015496S07007330WA0020400179005010021171193
B1540292015499S07007330WA0020300179005010022175197
B1540302015502S07007330WA0020300178005010024180198
B1540312015506S07007330WA0020300178005010026179192
B1540322015510S07007330WA0020100177005010026175188
B1540332015514S07007329WA0020000177005010024170195
B1540342015517S07007328WA0019900176005010023170191
B1540352015521S07007328WA0019800176005010024172205
B1540362015524S07007327WA0019800176005010026174191
B1540372015528S07007327WA0019800175005010025173196
B1540382015532S07007327WA0019700175005010023174196
B1540392015536S07007326WA0019700175005010025179202
B1540402015540S07007327WA0019600174005010029181193
B1540412015544S07007327WA0019600174005010031180199
B1540422015549S07007326WA0019500174005010030164180
B1540432015553S07007325WA0019500173005010028157184
B1540442015556S07007323WA0019600173005010021160195
B1540452015559S07007322WA0019600173005010023164208
B1540462015563S07007321WA0019600173005010023159191
B1540472015566S07007320WA0019600173005010030172196
B1540482015571S07007320WA0019600172005010034171184
B1540492015576S07007319WA0019600172005010033169186
B1540502015581S07007318WA0019500172005010030163197
B1540512015585S07007316WA0019400172005010027166199
B1540522015589S07007316WA0019300171005010028167192
B1540532015593S07007315WA0019300171005010030164194
B1540542015597S07007313WA0019200170005010031157183
B1540552015602S07007311WA0019200170005010032158170
B1540562015606S07007309WA0019200170005010032158193
B1540572015610S07007307WA0019200170005010031152177
B1540582015614S07007305WA0019200171005010029145182
B1540592015617S07007302WA0019300171005010024146188
B1541002015621S07007300WA0019300172005010025150198
B1541012015624S07007299WA0019400172005010026163189
B1541022015628S07007298WA0019400172005010030167185
B1541032015633S07007297WA0019400172005010032165181
B1541042015637S07007296WA0019400173005010030163170
B1541052015641S07007294WA0019400173005010028154173
B1541062015645S07007292WA0019400174005010025149189
B1541072015648S07007290WA0019500175005010027143171
B1541082015651S07007287WA0019600176005010029146173
B1541092015655S07007285WA0019700176005010028141161
B1541102015658S07007282WA0019800177005010023147178
B1541112015661S07007280WA0019800177005010022144185
B1541122015664S07007279WA0019800177005010027158159
B1541132015669S07007278WA0019800177005010031169180
B1541142015673S07007276WA0019700177005010027164178
B1541152015676S07007275WA0019600177005010019151165
B1541162015678S07007274WA0019600178005010012133204
B1541172015679S07007273WA0019600178005010010147206
B1541182015681S07007272WA0019600178005010017167187
B1541192015684S07007272WA0019600178005010021185200
B1541202015687S07007273WA0019500178005010020201206
B1541212015689S07007274WA0019400178005010018206210
B1541222015691S07007276WA0019400178005010015193196
B1541232015693S07007276WA0019300178005010014184197
B1541242015696S07007276WA0019200178005010014189188
B1541252015698S07007277WA0019100178005010014196198
B1541262015699S07007277WA0019100178005010009205252
B1541272015700S07007278WA0019000178005010005187220
B1541282015701S07007278WA0018900177005010008194219
B1541292015702S07007278WA0018800177005010008207217
B1541302015703S07007278WA0018700177005010004215222
B1541312015703S07007278WA0018700177005010003246226
B1541322015703S07007279WA0018700177005010003242230
B1541332015703S07007279WA0018600176005010004284229
B1541342015703S07007279WA0018600176005010001359235
B1541352015703S07007279WA0018600176005010002358229
B1541362015703S07007279WA0018600175005010001070229
B1541372015703S07007279WA0018600175005010001036226
B1541382015703S07007279WA0018600175005010001031226
B1541392015703S07007279WA0018600175005010001353226
B1541402015703S07007279WA0018600175005010001000226
B1541412015703S07007279WA0018600175005010000000226
B1541422015703S07007279WA0018600175005010000000222
B1541432015703S07007279WA0018600175005010000000226
B1541442015703S07007279WA0018600175005010000000227
B1541452015703S07007279WA0018600175005010000000226
B1541462015703S07007279WA0018600175005010000000226
B1541472015703S07007279WA0018600175005010000000226
B1541482015703S07007279WA0018600175005010000000226
B1541492015703S07007279WA0018600175005010000000226
B1541502015703S07007279WA0018600175005010000000226
B1541512015703S07007279WA0018600175005010000000226
B1541522015703S07007279WA0018600175005010000000226
B1541532015703S07007279WA0018600175005010000267226
B1541542015703S07007279WA0018600175005010000000226
B1541552015703S07007279WA0018600175005010000000225
B1541562015703S07007279WA0018600175005010000000231
B1541572015703S07007279WA0018600175005010000000226
B1541582015703S07007279WA0018600175005010000000226
B1541592015703S07007279WA0018600175005010000000226
B1542002015703S07007279WA0018600175005010000000226
B1542012015703S07007279WA0018600175005010000000234
B1542022015703S07007279WA0018600175005010000000226
B1542032015703S07007279WA0018600175005010000000226
B1542042015703S07007279WA0018600175005010000000226
GqgLXS3Mw04/3BemR2MVlW3oGA1z93BwCVz3k1+SLghx5T+2k6FlywbGPWVio5h96
GNx8OzfU3NwNpIABF5PUoktAK4tSUNGTsD1lUmiQeJMjwsKnPhH/51NbygIKaK8TN
GYrnb4JiwALEard82V7B2r7hOQrcsdGhAwy0K4ptfIEg=

