AXFH000
HFDTE050624
HFPLTPILOT:Scott O’Brien
HFGTYGLIDERTYPE:BGD Epic M
HFDTM100GPSDATUM:WGS84
HFRFWFIRMWAREVERSION:8.2.3
HFRHWHARDWAREVERSION:Unknown device (iPhone15,4)
HFFTYFRTYPE:Flyskyhy,8.2.3
HFGPS:Internal
HFPRSVARIO:Internal Vario
HFCCLCOMPETITIONCLASS:Paraglider
HFTZNTIMEZONE:-7
HFSITSITE:Mission Ridge (Fremont- San Jose),US
I053638FXA3941VXA4244GSP4547CCO4850HDT
E195312PEVBackground
B1953123731054N12153508WA0058600586010019001237348
B1953133731054N12153508WA0058600586010019000000004
B1953143731054N12153508WA0058600586010019000000354
B1953153731054N12153508WA0058600586010019000000350
B1953163731054N12153508WA0058600586010019000000348
B1953173731054N12153508WA0058600586010019000000350
B1953183731054N12153508WA0058600586010019000000050
B1953193731054N12153508WA0058600586010019001240071
B1953203731053N12153509WA0058600586010019003239120
B1953213731053N12153509WA0058600586010019000349346
B1953223731053N12153509WA0058600586010019001071069
B1953233731053N12153509WA0058600586010019003242079
B1953243731053N12153509WA0058600586010019001232081
B1953253731053N12153509WA0058500586010019000085058
B1953263731053N12153509WA0058500586010019001350063
B1953273731053N12153509WA0058500586010019001282030
B1953283731053N12153509WA0058500586010019005254236
B1953293731052N12153512WA0058500586010019007237233
B1953303731051N12153513WA0058500586010019007218247
B1953313731050N12153515WA0058500586010019014228235
B1953323731048N12153518WA0058500586010019015228228
B1953333731046N12153520WA0058600587010019017222227
B1953343731044N12153524WA0058600586010019020225247
B1953353731042N12153527WA0058500586010019021234263
B1953363731041N12153530WA0058500586010019019247283
B1953373731039N12153534WA0058500586010019018250277
B1953383731038N12153537WA0058500585010019016238274
B1953393731037N12153541WA0058500586010019020249280
B1953403731037N12153545WA0058500585010019024275299
B1953413731038N12153549WA0058500585010019027296310
B1953423731040N12153554WA0058500585010019023305323
B1953433731042N12153557WA0058500585010019023314333
B1953443731044N12153560WA0058500585010019018322335
B1953453731047N12153561WA0058500585010019019330342
B1953463731049N12153563WA0058400585010019021324346
B1953473731052N12153566WA0058400585010019029327346
B1953483731056N12153569WA0058400584010019028334347
B1953493731060N12153571WA0058300584010019025337351
B1953503731063N12153572WA0058300584010019023339350
B1953513731066N12153574WA0058300584010019021334353
B1953523731069N12153575WA0058200584010019022327355
B1953533731072N12153578WA0058200583010019027329355
B1953543731075N12153580WA0058200583010019027332356
B1953553731079N12153582WA0058100582010019025335356
B1953563731082N12153584WA0057900582010019025332357
B1953573731085N12153587WA0057900581010019026328358
B1953583731089N12153589WA0057800581010019026328358
B1953593731092N12153592WA0057700580010019029329358
B1954003731096N12153595WA0057600580010019029327358
B1954013731099N12153598WA0057500579010019028327358
B1954023731103N12153601WA0057400578010019027324359
B1954033731106N12153604WA0057300578010019028320359
B1954043731109N12153608WA0057200577010019029320359
B1954053731112N12153611WA0057100576010019029319359
B1954063731116N12153615WA0056900574010019028317359
B1954073731119N12153619WA0056900573010019027316359
B1954083731122N12153622WA0056800572010019027315359
B1954093731125N12153626WA0056600571010019029315359
B1954103731128N12153630WA0056400569010019032317359
B1954113731132N12153634WA0056300568010019035319359
B1954123731136N12153639WA0056100567010019037321359
B1954133731140N12153643WA0055800565010019035322359
B1954143731144N12153647WA0055700564010019036324359
B1954153731149N12153651WA0055500563010019031321359
B1954163731152N12153655WA0055400562010019026318359
B1954173731155N12153658WA0055400561010019024321359
B1954183731158N12153660WA0055400561010019022321359
B1954193731161N12153663WA0055400560010019029325359
B1954203731165N12153666WA0055400559010019033326359
B1954213731169N12153670WA0055300558010019036329359
B1954223731174N12153673WA0055200557010019035333359
B1954233731178N12153676WA0055200556010019030332359
B1954243731183N12153679WA0055100555010019032326359
B1954253731186N12153682WA0055000554010019031322359
B1954263731190N12153686WA0055000554010019030325359
B1954273731194N12153689WA0055000553010019031331359
B1954283731198N12153692WA0055100553010019033330359
B1954293731203N12153695WA0055100552010019034330359
B1954303731208N12153698WA0055100552010019034338359
B1954313731212N12153699WA0055100552010019027347359
B1954323731216N12153700WA0055100553010019026347359
B1954333731220N12153701WA0055200553010019024348358
B1954343731223N12153702WA0055300553010019028350358
B1954353731228N12153703WA0055500554010019031352354
B1954363731232N12153704WA0055600554010019034354352
B1954373731238N12153704WA0055700555010019035358350
B1954383731242N12153704WA0055700555010019029359348
B1954393731247N12153704WA0055800556010019026359347
B1954403731250N12153704WA0055900557010019023358350
B1954413731254N12153705WA0056000558010019030350347
B1954423731259N12153706WA0056100558010019030350348
B1954433731263N12153707WA0056100558010019033350345
B1954443731268N12153707WA0056200559010019034355337
B1954453731273N12153708WA0056200559010019034355342
B1954463731278N12153709WA0056100560010019032353343
B1954473731283N12153710WA0056100560010019025346345
B1954483731286N12153711WA0056100560010019026340348
B1954493731290N12153713WA0056200561005010028341349
B1954503731294N12153714WA0056200561005010029343350
B1954513731298N12153716WA0056300562005010028340350
B1954523731301N12153718WA0056300563005010023335351
B1954533731304N12153719WA0056400564005010018334352
B1954543731306N12153721WA0056500565005010017331353
B1954553731309N12153723WA0056600565005010023317353
B1954563731311N12153727WA0056700566005010029304354
B1954573731313N12153732WA0056700567005010030294355
B1954583731315N12153737WA0056700568005010026290356
B1954593731316N12153741WA0056700569005010020289357
B1955003731317N12153744WA0056800571005010017291357
B1955013731317N12153747WA0056900572005010015273357
B1955023731317N12153750WA0057000573005010015264357
B1955033731317N12153753WA0057100575005010019276358
B1955043731317N12153757WA0057200575005010023260358
B1955053731315N12153761WA0057200576005010027246358
B1955063731313N12153766WA0057200576005010029222358
B1955073731309N12153769WA0057200577005010025211358
B1955083731305N12153771WA0057100577005010024195359
B1955103731301N12153771WA0057000577005010027179000
B1955113731291N12153768WA0056900577005010036157000
B1955123731285N12153765WA0056800577005010036143000
B1955133731281N12153760WA0056800577005010036132000
B1955143731278N12153755WA0056800577005010032125000
B1955153731275N12153750WA0056800577005010030127000
B1955163731272N12153745WA0056800578005010031130000
B1955173731268N12153740WA0056800578005010035133000
B1955183731265N12153736WA0056700577005010034145000
B1955193731260N12153733WA0056600576005010034156359
B1955203731255N12153731WA0056500575005010033166359
B1955213731251N12153730WA0056300575005010032169359
B1955223731246N12153729WA0056100574005010030177359
B1955233731241N12153730WA0056000573005010029189359
B1955243731237N12153731WA0055900573005010028198359
B1955253731234N12153734WA0055900572005010029237359
B1955263731233N12153739WA0055900571005010026252359
B1955273731232N12153744WA0055900571005010023267359
B1955283731233N12153748WA0056000570005010022282357
B1955293731234N12153753WA0056000570005010024307355
B1955303731237N12153756WA0056000569005010028323357
B1955313731243N12153760WA0056000568005010031334359
B1955323731248N12153763WA0055900567005010031345002
B1955333731254N12153765WA0055900566005010030352358
B1955343731260N12153765WA0055800565005010031354337
B1955353731264N12153766WA0055800564005010031355337
B1955363731269N12153767WA0055700563005010030355341
B1955373731274N12153768WA0055600562005010032340338
B1955383731278N12153770WA0055400561005010034328337
B1955393731282N12153774WA0055200560005010032316342
B1955403731285N12153780WA0055200559005010026308340
B1955413731287N12153785WA0055100559005010022298343
B1955423731288N12153789WA0055000558005010022278344
B1955433731288N12153794WA0055000557005010027258345
B1955443731286N12153799WA0055000556005010026233345
B1955453731283N12153802WA0055000555005010024203347
B1955463731279N12153804WA0054900554005010026182010
B1955473731275N12153804WA0054800553005010028178008
B1955483731270N12153803WA0054800552005010032169352
B1955493731265N12153802WA0054700551005010033171353
B1955503731260N12153801WA0054500549005010034173355
B1955513731255N12153801WA0054400548005010033173356
B1955523731250N12153800WA0054400546005010032173356
B1955533731246N12153800WA0054200545005010031172357
B1955543731241N12153799WA0054100543005010030172357
B1955553731237N12153798WA0053900542005010031173358
B1955563731232N12153798WA0053800541005010033175358
B1955573731227N12153797WA0053600539005010035178358
B1955583731222N12153798WA0053600538005010036181359
B1955593731216N12153798WA0053500537005010037185359
B1956003731211N12153799WA0053400535005010035183359
B1956013731205N12153799WA0053300534005010034180359
B1956023731200N12153799WA0053300533005010036180359
B1956033731195N12153799WA0053300532005010037182359
B1956043731189N12153800WA0053300530005010037184359
B1956053731184N12153801WA0053200529005010035186359
B1956063731179N12153802WA0053200528005010033188359
B1956073731174N12153803WA0053100527005010033189359
B1956083731169N12153804WA0053000525005010033189359
B1956093731164N12153805WA0052900524005010034189359
B1956103731159N12153806WA0052800523005010034188359
B1956113731154N12153807WA0052700522005010031191359
B1956123731150N12153809WA0052700521005010029191359
B1956133731146N12153810WA0052600520005010027191359
B1956143731142N12153811WA0052500519005010028188359
B1956153731137N12153812WA0052400518005010036187359
B1956163731131N12153813WA0052300516005010037187359
B1956173731126N12153814WA0052100515005010036188359
B1956183731121N12153815WA0052000514005010036194359
B1956193731116N12153817WA0051800513005010030187000
B1956203731111N12153817WA0051600512005010031177000
B1956213731107N12153817WA0051400510005010033173359
B1956223731102N12153816WA0051300509005010035175359
B1956233731096N12153816WA0051200508005010037178359
B1956243731091N12153816WA0051100507005010035180359
B1956253731086N12153816WA0051000506005010031180359
B1956263731081N12153816WA0050900505005010029182359
B1956273731077N12153817WA0050800504005010030184359
B1956283731072N12153818WA0050700502005010033187359
B1956313731067N12153819WA0050500501005010036188359
B1956323731051N12153822WA0050500498005010031179000
B1956333731046N12153822WA0050400497005010032174000
B1956343731042N12153821WA0050300497005010034171000
B1956353731037N12153820WA0050300496005010036168000
B1956373731031N12153818WA0050300495005010037165000
B1956383731026N12153816WA0050300494005010036161000
B1956393731016N12153812WA0050100493005010036161000
B1956403731011N12153810WA0050100492005010037163000
B1956413731005N12153808WA0050000491005010038163000
B1956423731000N12153806WA0049900491005010038162000
B1956433730995N12153804WA0049800490005010038163359
B1956443730989N12153802WA0049700489005010037165359
B1956453730984N12153800WA0049600488005010037169359
B1956463730979N12153799WA0049500488005010037172359
B1956473730973N12153798WA0049500487005010037174359
B1956483730967N12153798WA0049400486005010036174359
B1956493730962N12153798WA0049400485005010035179359
B1956503730957N12153798WA0049300485005010034182359
B1956513730952N12153798WA0049300484005010033184359
B1956523730947N12153799WA0049200484005010031186359
B1956533730943N12153800WA0049200483005010031188359
B1956543730938N12153801WA0049200482005010030190359
B1956553730934N12153802WA0049100481005010029194359
B1956563730930N12153804WA0049100481005010029197359
B1956573730926N12153806WA0049100480005010028202359
B1956583730922N12153808WA0049100480005010027206359
B1956593730919N12153811WA0049100479005010028213359
B1957003730916N12153815WA0049100478005010027227359
B1957013730913N12153819WA0049100478005010029233359
B1957023730911N12153824WA0049100477005010030236359
B1957033730908N12153828WA0049000476005010029232359
B1957043730905N12153833WA0049000476005010028220359
B1957053730902N12153836WA0049000476005010028215359
B1957063730899N12153839WA0048900476005010028220359
B1957073730895N12153843WA0048900476005010027223359
B1957083730892N12153846WA0048900476005010026213000
B1957093730889N12153849WA0049000476005010029208000
B1957103730884N12153850WA0049000476005010033177000
B1957113730879N12153850WA0049000477005010031168000
B1957123730875N12153848WA0049000477005010029158000
B1957133730871N12153845WA0049000478005010033141000
B1957143730867N12153840WA0049000478005010039127000
B1957153730864N12153834WA0049000477005010041115000
B1957163730862N12153826WA0049000477005010042108000
B1957173730861N12153819WA0048900477005010039093000
B1957183730861N12153811WA0048900477005010040082000
B1957193730862N12153804WA0048800477005010041071001
B1957203730865N12153797WA0048800477005010041057359
B1957213730869N12153791WA0048800477005010043038351
B1957223730874N12153787WA0048800477005010040026351
B1957233730880N12153785WA0048800476005010039010351
B1957243730886N12153785WA0048800476005010036355343
B1957253730891N12153786WA0048800476005010040344338
B1957263730897N12153788WA0048900476005010041339343
B1957273730903N12153791WA0049000477005010037335330
B1957283730907N12153794WA0049100477005010027327330
B1957293730910N12153797WA0049200477005010022311333
B1957303730911N12153801WA0049400476005010024287333
B1957313730912N12153807WA0049500476005010029279335
B1957323730911N12153812WA0049600476005010030268337
B1957333730910N12153818WA0049600476005010031247338
B1957343730907N12153824WA0049500477005010030236341
B1957353730903N12153828WA0049500477005010027225343
B1957363730900N12153832WA0049400477005010027211344
B1957373730896N12153834WA0049400477005010026206012
B1957383730891N12153836WA0049400477005010027188008
B1957393730886N12153835WA0049400477005010033166006
B1957403730881N12153834WA0049300477005010034161005
B1957413730876N12153831WA0049300477005010034157004
B1957423730871N12153828WA0049200477005010036147002
B1957433730867N12153823WA0049100477005010037131001
B1957443730864N12153818WA0049000477005010037118001
B1957453730861N12153811WA0049000476005010038108001
B1957463730860N12153804WA0049000476005010038098000
B1957473730859N12153797WA0048900476005010039088000
B1957483730860N12153789WA0048900476005010040079003
B1957493730862N12153782WA0048900475005010039067003
B1957503730864N12153776WA0048900475005010037057004
B1957513730868N12153770WA0048900475005010035053000
B1957523730871N12153766WA0048900475005010029028352
B1957533730876N12153765WA0048900475010019033357348
B1957543730881N12153766WA0048900476010019030351341
B1957553730886N12153767WA0049000476010019028350333
B1957563730890N12153769WA0049000477010019025341333
B1957573730893N12153771WA0049100477010019025327336
B1957583730896N12153774WA0049100478010019025319337
B1957593730899N12153778WA0049200478010019027302337
B1958003730901N12153784WA0049200479010019027289336
B1958013730902N12153789WA0049200479005010023284340
B1958023730903N12153793WA0049200480005010020281339
B1958033730903N12153797WA0049200481005010021267340
B1958043730902N12153801WA0049200481005010024249342
B1958053730899N12153805WA0049200481005010026227343
B1958063730896N12153809WA0049100481005010027211011
B1958073730891N12153810WA0049000482005010036174007
B1958083730885N12153807WA0048900482005010036153004
B1958093730880N12153803WA0048800482005010036133003
B1958103730877N12153797WA0048700482005010038120002
B1958113730874N12153790WA0048600482005010040107001
B1958123730873N12153783WA0048600481005010040094002
B1958133730874N12153775WA0048700481005010038080359
B1958143730875N12153769WA0048700481005010033067353
B1958153730878N12153763WA0048700481005010032059352
B1958163730880N12153758WA0048800481005010030054347
B1958173730884N12153756WA0048900481005010031009339
B1958183730889N12153756WA0048900481005010028359341
B1958193730894N12153757WA0049000482005010026355339
B1958203730898N12153758WA0049100482005010026348343
B1958213730902N12153760WA0049200483005010026341345
B1958223730906N12153762WA0049200483005010026339345
B1958233730910N12153765WA0049300484005010030323348
B1958243730914N12153769WA0049300484005010029315348
B1958253730917N12153774WA0049300485005010027309348
B1958263730919N12153778WA0049300485005010023299348
B1958273730921N12153782WA0049300485005010023290350
B1958283730921N12153787WA0049300486005010025277350
B1958293730921N12153792WA0049300486005010027263351
B1958303730920N12153797WA0049200486005010027239352
B1958313730917N12153801WA0049200486005010027216353
B1958323730912N12153803WA0049100486005010028193005
B1958333730907N12153804WA0049000486005010032177003
B1958353730901N12153803WA0048900486005010034169002
B1958363730889N12153798WA0048800484005010041149001
B1958373730884N12153793WA0048700483005010042135000
B1958383730880N12153786WA0048600482005010042123000
B1958393730877N12153779WA0048500481005010040111000
B1958403730876N12153773WA0048500481010019034087000
B1958413730877N12153766WA0048500481010019032075000
B1958433730878N12153760WA0048500481010019033070000
B1958443730883N12153749WA0048600482010019035057001
B1958453730886N12153744WA0048800483010019034043003
B1958463730890N12153740WA0048900483010019033028356
B1958473730895N12153738WA0049000484010019035018351
B1958493730900N12153736WA0049000484010019034011341
B1958513730910N12153736WA0049100486010019027354334
B1958523730915N12153739WA0049300487010019022318337
B1958533730918N12153742WA0049300487010019024303336
B1958553730920N12153747WA0049300487010019028296337
B1958563730920N12153752WA0049300488010019029254338
B1958573730918N12153757WA0049300488010019031235340
B1958583730914N12153762WA0049300488010019031217341
B1958593730910N12153765WA0049200488010019031199014
B1959003730904N12153766WA0049200488010019032183009
B1959013730899N12153766WA0049100488010019035171007
B1959023730893N12153764WA0049100488010019037157004
B1959033730888N12153760WA0049100487010019040140002
B1959043730884N12153754WA0049000487010019042117001
B1959053730882N12153747WA0048900486010019043100001
B1959063730882N12153739WA0048900485010019040087001
B1959073730883N12153732WA0048800485010019033070000
B1959083730884N12153727WA0048800485010019028069000
B1959093730886N12153722WA0048800485010019027066002
B1959103730888N12153717WA0048800485010019029057357
B1959113730891N12153713WA0048800484010019033037346
B1959123730896N12153710WA0048800482010019036012343
B1959133730901N12153710WA0048800481010019038351346
B1959143730907N12153712WA0048700480010019036335351
B1959153730911N12153715WA0048500479010019031335354
B1959163730915N12153717WA0048400478010019025341352
B1959173730919N12153718WA0048400478010019022348352
B1959183730922N12153719WA0048400477010019020346354
B1959193730925N12153721WA0048400476010019023343356
B1959203730928N12153722WA0048500475010019024346353
B1959213730932N12153723WA0048500474010019029345351
B1959223730936N12153725WA0048500474010019030352353
B1959233730940N12153725WA0048500474010019030001353
B1959243730945N12153725WA0048500474010019028000352
B1959253730949N12153726WA0048500474010019025356354
B1959263730952N12153726WA0048600475010019023351350
B1959273730956N12153727WA0048700475010019022346352
B1959283730959N12153728WA0048800476010019021349349
B1959293730961N12153729WA0048900476010019021348348
B1959303730964N12153730WA0049000476010019022335349
B1959313730967N12153733WA0049000476010019022319350
B1959323730969N12153736WA0049000476010019025305351
B1959333730970N12153740WA0048900476010019026291351
B1959343730971N12153744WA0048800476010019025271351
B1959353730970N12153749WA0048600476010019023249351
B1959363730966N12153753WA0048500475010019024217006
B1959373730961N12153755WA0048300475010019027188004
B1959383730955N12153755WA0048100474010019029169003
B1959393730949N12153753WA0048000473010019038152002
B1959403730943N12153749WA0047800472010019036146002
B1959413730939N12153744WA0047700471010019035139001
B1959423730935N12153740WA0047700470010019036132001
B1959433730931N12153734WA0047500469010019036127001
B1959443730927N12153728WA0047400468010019035126001
B1959453730924N12153723WA0047300467010019034124000
B1959463730921N12153717WA0047200467010019034121000
B1959473730919N12153712WA0047100466010019031118000
B1959483730917N12153707WA0047100466010019031118000
B1959493730914N12153702WA0047200466010019029124000
B1959503730912N12153697WA0047300466010019027124000
B1959513730909N12153693WA0047400466010019028123000
B1959523730907N12153689WA0047400466010019028124359
B1959533730904N12153685WA0047500466010019029136359
B1959543730901N12153682WA0047500465010019029157359
B1959553730897N12153681WA0047400465010019027178359
B1959563730892N12153682WA0047300464010019029201359
B1959573730889N12153684WA0047200463010019029219359
B1959583730886N12153689WA0047100462010019029250358
B1959593730887N12153699WA0047000461010019030293358
B2000003730889N12153704WA0046900460010019029310355
B2000023730892N12153708WA0046800459010019030325347
B2000033730900N12153715WA0046800458010019032323346
B2000043730904N12153719WA0046800458010019035317348
B2000053730907N12153724WA0046700457010019034303352
B2000063730910N12153729WA0046700457010019033304353
B2000073730913N12153734WA0046700457010019030308353
B2000083730915N12153738WA0046700457010019027305355
B2000093730918N12153742WA0046700457010019026304357
B2000103730920N12153746WA0046800457010019023303357
B2000113730921N12153749WA0046900457010019019309357
B2000123730923N12153752WA0047000458010019020317357
B2000133730925N12153755WA0047100458010019024317357
B2000143730928N12153759WA0047200458010019029304357
B2000153730929N12153764WA0047300458010019029277357
B2000163730928N12153769WA0047300458010019031243357
B2000173730926N12153773WA0047300458010019029222357
B2000183730922N12153776WA0047300458010019027198357
B2000193730918N12153777WA0047300457010019029181358
B2000203730912N12153776WA0047300457010019041169001
B2000213730906N12153775WA0047200456010019045166001
B2000223730900N12153773WA0047000456010019032163000
B2000233730895N12153771WA0046900456010019030159000
B2000243730892N12153768WA0046800457010019021144000
B2000253730889N12153766WA0046800457010019024142000
B2000263730886N12153763WA0046900457010019029143000
B2000273730882N12153760WA0046900457010019031167359
B2000283730877N12153759WA0046900457010019034169359
B2000293730872N12153758WA0046800457010019034173359
B2000303730867N12153760WA0046600457010019027226359
B2000313730864N12153765WA0046500458010019029231359
B2000323730862N12153769WA0046300458010019025237359
B2000333730860N12153774WA0046200458010019026257359
B2000343730860N12153779WA0046200458010019022279359
B2000353730862N12153783WA0046100457010019024311359
B2000363730865N12153787WA0046100457010019027321359
B2000373730868N12153791WA0046100456010019029318359
B2000383730872N12153795WA0046000456010019031318359
B2000393730876N12153799WA0046000456010019031325359
B2000403730880N12153803WA0046000457010019029330359
B2000413730884N12153806WA0046100457010019029328359
B2000423730889N12153809WA0046200458010019029327359
B2000433730892N12153812WA0046300459010019027326359
B2000443730896N12153815WA0046500460010019024326359
B2000453730899N12153818WA0046700460010019023322359
B2000463730901N12153821WA0046800461010019022307359
B2000473730904N12153825WA0046900462010019024306359
B2000483730906N12153829WA0047000463010019025305359
B2000493730908N12153833WA0047100464010019026297359
B2000503730909N12153838WA0047200464010019025276359
B2000513730909N12153843WA0047200465010019025251359
B2000523730906N12153847WA0047200465010019025219000
B2000533730903N12153849WA0047200466010019025208000
B2000543730899N12153851WA0047200466010019018188000
B2000553730896N12153850WA0047200466010019013147000
B2000563730895N12153848WA0047200466010019017103000
B2000573730892N12153840WA0047200465010019038096000
B2000583730892N12153831WA0047200465010019040081002
B2000593730893N12153822WA0047200465010019038065359
B2001003730896N12153816WA0047300465010019036045355
B2001013730900N12153811WA0047300465010019033038353
B2001023730904N12153808WA0047400465010019030023340
B2001033730908N12153808WA0047500465010019030348342
B2001043730913N12153809WA0047500465010019029337336
B2001053730916N12153812WA0047600466010019026322334
B2001063730919N12153815WA0047700466010019024303335
B2001073730920N12153819WA0047700466010019025291335
B2001083730921N12153824WA0047800467010019024263335
B2001093730919N12153828WA0047800467010019023241336
B2001103730916N12153832WA0047800468010019023214018
B2001113730912N12153834WA0047800468010019022200012
B2001123730907N12153834WA0047700469010019019186008
B2001133730904N12153834WA0047700468010019015147005
B2001143730902N12153831WA0047700468010019019110002
B2001153730899N12153822WA0047600468010019038097001
B2001163730898N12153812WA0047600467010019038083003
B2001173730899N12153804WA0047600466010019037068359
B2001183730902N12153798WA0047600466010019036062352
B2001193730904N12153792WA0047500466010019031036346
B2001203730908N12153789WA0047500466010019028020345
B2001213730912N12153787WA0047500466010019027008336
B2001223730916N12153787WA0047600465010019027353341
B2001233730920N12153788WA0047600465010019026338340
B2001243730923N12153790WA0047600465010019026327343
B2001253730926N12153792WA0047600465010019023318345
B2001263730928N12153795WA0047600465010019020317347
B2001273730931N12153797WA0047700465010019019317347
B2001283730932N12153800WA0047700466010019019314348
B2001293730934N12153802WA0047700466010019021303347
B2001303730935N12153806WA0047700466010019022288348
B2001313730936N12153810WA0047700465010019023265349
B2001323730935N12153814WA0047700465010019023243349
B2001333730932N12153818WA0047700465010019024220350
B2001343730928N12153820WA0047600466010019025204007
B2001353730923N12153822WA0047500466010019026202005
B2001363730919N12153824WA0047400466010019026198004
B2001373730914N12153825WA0047300465010019025189003
B2001383730909N12153825WA0047200465010019026183003
B2001393730904N12153824WA0047100464010019028181002
B2001403730898N12153822WA0047000464010019035171002
B2001413730892N12153819WA0046900463010019035172001
B2001423730886N12153817WA0046800462010019034173001
B2001433730880N12153815WA0046800462010019033178001
B2001443730875N12153815WA0046700461010019033179358
B2001453730870N12153815WA0046600461010019033180359
B2001463730865N12153815WA0046600460010019031188359
B2001473730860N12153815WA0046500460010019032183359
B2001483730855N12153815WA0046500459010019033182359
B2001493730850N12153815WA0046500459010019033185359
B2001503730846N12153815WA0046400458010019032187359
B2001513730841N12153816WA0046300457010019030187359
B2001523730837N12153816WA0046300457010019028185359
B2001533730832N12153817WA0046200456010019028183359
B2001543730828N12153817WA0046200455010019029183359
B2001553730824N12153817WA0046200455010019030182359
B2001563730819N12153817WA0046200454010019031177000
B2001573730814N12153816WA0046100454010019032168000
B2001583730809N12153814WA0046100454010019033158000
B2001593730805N12153811WA0046100454010019035151000
B2002003730800N12153808WA0046100454010019035145000
B2002013730796N12153803WA0046100454010019032140000
B2002023730792N12153799WA0046100454010019033139000
B2002033730789N12153795WA0046200455010019034138000
B2002043730785N12153790WA0046300455010019034137000
B2002053730782N12153786WA0046300456010019028129000
B2002063730779N12153781WA0046500457010019028116000
B2002073730778N12153776WA0046700457010019030098000
B2002083730778N12153769WA0046800458010019034084000
B2002093730780N12153763WA0047000458010019036068000
B2002103730782N12153757WA0047100458010019034051000
B2002113730786N12153753WA0047100457010019030032001
B2002123730790N12153750WA0047100457010019029023002
B2002133730794N12153748WA0047100457010019031020352
B2002143730799N12153746WA0047100456010019034012345
B2002153730804N12153745WA0047000455010019032008338
B2002163730809N12153746WA0046900455010019039339344
B2002173730814N12153749WA0046800454010019037336344
B2002183730819N12153752WA0046700454010019031332346
B2002193730823N12153754WA0046700454010019028336349
B2002203730827N12153757WA0046700454010019026334348
B2002213730830N12153759WA0046800454010019025325349
B2002223730833N12153762WA0046900454010019025313349
B2002233730835N12153766WA0046900454010019025301348
B2002243730835N12153771WA0046900455010019025279349
B2002253730835N12153776WA0047000455010019026254349
B2002263730832N12153781WA0047000455010019028233009
B2002273730828N12153784WA0047000455010019035193007
B2002283730821N12153785WA0047000455010019036173004
B2002293730815N12153783WA0046900455010019038152003
B2002303730809N12153778WA0046900455010019040135001
B2002313730805N12153772WA0046800454010019040115001
B2002323730803N12153764WA0046800454010019038101000
B2002333730803N12153757WA0046800454010019036080000
B2002343730804N12153751WA0046800455010019035067000
B2002353730807N12153745WA0046900456010019032058000
B2002363730809N12153741WA0047000457010019028051001
B2002373730812N12153737WA0047100457010019029037000
B2002383730816N12153734WA0047200458010019033031352
B2002393730821N12153731WA0047200457010019038017347
B2002403730826N12153730WA0047200457010019038008342
B2002413730831N12153729WA0047200457010019035002342
B2002423730836N12153729WA0047200457010019030356344
B2002433730841N12153730WA0047200458010019027347340
B2002443730844N12153732WA0047200458010019025324344
B2002453730847N12153736WA0047200459010019030304342
B2002463730848N12153742WA0047300459010019034276341
B2002473730848N12153748WA0047400459010019037247339
B2002483730844N12153754WA0047400459010019040220339
B2002493730838N12153757WA0047400459010019038192014
B2002503730832N12153758WA0047400460010019035175009
B2002513730827N12153755WA0047400460010019038149006
B2002523730822N12153750WA0047300460010019040134004
B2002533730817N12153744WA0047300460010019041127003
B2002543730814N12153738WA0047300460010019038111002
B2002553730813N12153730WA0047200460010019037093001
B2002563730813N12153723WA0047200460010019037081001
B2002573730815N12153716WA0047200460010019039071000
B2002583730818N12153709WA0047200460010019040060001
B2002593730821N12153703WA0047100459010019039053005
B2003003730825N12153697WA0047100459010019037042004
B2003013730829N12153693WA0047100459010019035031357
B2003023730834N12153690WA0047100459010019036018349
B2003033730839N12153689WA0047100459010019038009341
B2003043730845N12153688WA0047100459010019036002334
B2003053730851N12153689WA0047100458010019038345338
B2003063730856N12153692WA0047100458010019036332348
B2003073730860N12153696WA0047100458010019035320347
B2003083730864N12153700WA0047100458010019030312348
B2003093730867N12153704WA0047200459010019026313351
B2003103730870N12153708WA0047200459010019030314351
B2003113730873N12153713WA0047300459010019034311353
B2003123730876N12153718WA0047300459010019034306354
B2003133730879N12153723WA0047400460010019032308356
B2003143730882N12153727WA0047400461010019027320356
B2003153730885N12153730WA0047400462010019022332353
B2003163730888N12153731WA0047400463010019021335351
B2003173730891N12153733WA0047500464010019021337351
B2003183730893N12153734WA0047600465010019021340347
B2003193730896N12153735WA0047800467010019022348348
B2003203730900N12153736WA0047900468010019025351342
B2003213730903N12153736WA0047900469010019026354343
B2003223730907N12153737WA0048000469010019026354347
B2003233730911N12153737WA0048000470010019025347337
B2003243730914N12153739WA0048000471010019025344344
B2003253730917N12153740WA0048000472010019022341347
B2003263730920N12153741WA0048100473010019020340350
B2003273730923N12153743WA0048100474010019026338352
B2003283730927N12153745WA0048100475010019029338349
B2003293730931N12153747WA0048100475010019025341348
B2003303730934N12153748WA0047900475010019027345344
B2003313730938N12153749WA0047800475005010027345345
B2003323730942N12153751WA0047600475005010026339350
B2003333730945N12153753WA0047600474005010027336346
B2003343730949N12153755WA0047500473005010026337347
B2003353730953N12153757WA0047300472005010025342348
B2003363730956N12153758WA0047200471005010025341352
B2003373730959N12153760WA0047100469005010024338352
B2003383730962N12153761WA0047000469005010020339354
B2003393730965N12153762WA0047000468005010017347355
B2003403730967N12153763WA0047100467005010018351355
B2003413730970N12153763WA0047100466005010017350357
B2003423730973N12153765WA0047100465005010027330357
B2003433730976N12153768WA0047000463005010031320354
B2003443730979N12153771WA0046900462005010027318348
B2003453730982N12153774WA0046700461005010022325349
B2003463730985N12153776WA0046500460005010020332348
B2003473730988N12153778WA0046400459005010021327347
B2003483730990N12153781WA0046300458005010025313347
B2003493730993N12153785WA0046200457005010028302348
B2003503730994N12153790WA0046200456005010027277348
B2003513730994N12153795WA0046200454005010028256349
B2003523730992N12153800WA0046100452005010029239350
B2003533730989N12153805WA0045900451005010031223351
B2003543730985N12153809WA0045700449005010034210352
B2003553730979N12153812WA0045600447005010034204005
B2003563730974N12153814WA0045400446005010033202004
B2003583730969N12153815WA0045400445005010031175356
B2003593730960N12153813WA0045400443005010032159002
B2004003730955N12153810WA0045400442005010034159002
B2004013730950N12153808WA0045400441005010037162001
B2004023730945N12153806WA0045400440005010039161001
B2004033730939N12153803WA0045300439005010039160001
B2004043730934N12153801WA0045200438005010037163358
B2004053730928N12153799WA0045000436005010036163359
B2004063730923N12153797WA0044900435005010033167000
B2004073730919N12153796WA0044900434005010030165359
B2004083730915N12153794WA0044700433005010031164359
B2004093730910N12153792WA0044600432005010031164359
B2004103730906N12153791WA0044500431005010031166359
B2004113730901N12153790WA0044400430005010032169359
B2004123730896N12153789WA0044300429005010033174359
B2004133730891N12153788WA0044100427005010034175359
B2004143730886N12153788WA0043900426005010035177359
B2004153730880N12153788WA0043700425005010035177359
B2004163730875N12153787WA0043600424005010033175359
B2004173730870N12153787WA0043400422005010033177359
B2004183730865N12153787WA0043200421005010035179359
B2004193730860N12153787WA0043000419005010036181359
B2004203730855N12153787WA0042900418005010035181359
B2004213730850N12153788WA0042700416005010033182359
B2004223730845N12153788WA0042500414005010034184359
B2004233730839N12153789WA0042300413005010034190359
B2004243730834N12153791WA0042300411005010033193359
B2004253730830N12153792WA0042100410005010032194359
B2004263730825N12153794WA0041900408005010032198359
B2004273730820N12153796WA0041800406005010034199359
B2004283730815N12153798WA0041600404005010037198359
B2004293730810N12153800WA0041500403005010038197359
B2004303730805N12153802WA0041300401005010036195359
B2004313730800N12153804WA0041100400005010035193359
B2004323730795N12153806WA0041000399005010032193359
B2004333730790N12153807WA0040900398005010032193359
B2004343730786N12153808WA0040900398005010032192359
B2004353730781N12153809WA0040900397005010031184359
B2004363730776N12153810WA0040900397005010031178359
B2004373730771N12153809WA0040900397005010032178359
B2004383730767N12153809WA0040900397005010031179359
B2004393730762N12153809WA0040900396005010032179000
B2004403730757N12153809WA0040900396005010034175000
B2004413730752N12153808WA0040900396005010036170000
B2004423730747N12153807WA0040900395005010036168000
B2004433730742N12153806WA0040800395005010034166000
B2004443730737N12153805WA0040800395005010030173000
B2004453730733N12153804WA0040800395005010026169000
B2004463730729N12153803WA0040800394005010027161000
B2004473730725N12153801WA0040900394005010029151000
B2004483730722N12153797WA0040900394005010033143000
B2004493730718N12153794WA0040800393005010032138000
B2004503730714N12153790WA0040800392005010028140000
B2004513730711N12153786WA0040700392005010028139000
B2004523730708N12153783WA0040600391005010029139000
B2004533730705N12153779WA0040400390005010033136000
B2004543730701N12153775WA0040300389005010033140000
B2004553730697N12153772WA0040200389005010026151359
B2004563730694N12153770WA0040100388005010023153000
B2004573730691N12153768WA0040100387005010023153359
B2004583730688N12153766WA0040100386005010026158359
B2004593730684N12153764WA0040000386005010027162359
B2005003730680N12153763WA0040000385005010026169359
B2005013730676N12153762WA0040000384005010023172359
B2005023730673N12153762WA0040000384005010022170359
B2005033730669N12153761WA0040000383005010025170359
B2005043730665N12153761WA0040000383005010029176359
B2005053730661N12153761WA0040000382005010034183359
B2005063730656N12153762WA0039900381005010031187359
B2005073730651N12153762WA0039800381005010029186359
B2005083730647N12153763WA0039800381005010025184359
B2005093730644N12153763WA0039700381005010024185359
B2005103730640N12153764WA0039700381005010024184359
B2005113730637N12153764WA0039700382005010025184359
B2005123730633N12153765WA0039700381005010027190359
B2005133730628N12153766WA0039600381005010029187359
B2005143730624N12153767WA0039500381005010031187359
B2005153730620N12153768WA0039500381005010028188359
B2005163730616N12153769WA0039300380005010025188359
B2005173730612N12153770WA0039200380005010026186359
B2005183730608N12153770WA0039100379005010029187359
B2005193730603N12153771WA0039000378005010034184359
B2005203730598N12153772WA0038900377005010034182359
B2005213730593N12153772WA0038800376005010031183359
B2005223730588N12153772WA0038700375005010029186359
B2005233730584N12153773WA0038600375005010029185359
B2005243730579N12153773WA0038500374005010031184359
B2005253730575N12153774WA0038500373005010034181359
B2005263730570N12153774WA0038400372005010032178359
B2005273730565N12153774WA0038300371005010031178359
B2005283730560N12153773WA0038300371005010029180359
B2005293730556N12153774WA0038200370005010030183359
B2005303730551N12153774WA0038200370005010032185359
B2005313730546N12153775WA0038200369005010033185359
B2005323730542N12153775WA0038200369005010032183359
B2005333730537N12153776WA0038200368005010029182359
B2005343730533N12153776WA0038200368005010029181359
B2005353730528N12153776WA0038200368005010029178359
B2005363730524N12153776WA0038200367005010029179359
B2005373730520N12153776WA0038200367005010030180359
B2005383730515N12153776WA0038100367005010027183359
B2005393730512N12153777WA0038100366005010024192359
B2005403730508N12153778WA0038000366005010024197359
B2005413730504N12153779WA0037900365005010026192000
B2005423730500N12153780WA0037800365005010030183359
B2005433730495N12153780WA0037700364005010036174000
B2005443730490N12153779WA0037600363005010036170359
B2005453730484N12153778WA0037400363005010033167359
B2005463730480N12153777WA0037300362005010029167359
B2005473730475N12153776WA0037300361005010032172359
B2005483730470N12153775WA0037200360005010037175359
B2005493730465N12153775WA0037100358005010038175359
B2005503730459N12153774WA0037100357005010038171359
B2005513730453N12153773WA0037000355005010037170359
B2005523730448N12153772WA0036800354005010034172359
B2005533730443N12153771WA0036700352005010033175359
B2005543730438N12153770WA0036500351005010034175359
B2005553730433N12153770WA0036400350005010033175359
B2005563730429N12153769WA0036300349005010032174359
B2005573730424N12153769WA0036300348005010029174359
B2005583730420N12153768WA0036300347005010027173359
B2005593730416N12153768WA0036200347005010027173359
B2006003730412N12153767WA0036200346005010027173359
B2006013730408N12153767WA0036300346005010027173359
B2006023730404N12153767WA0036300346005010022184359
B2006033730401N12153767WA0036400346005010021189359
B2006043730398N12153768WA0036500346005010020199359
B2006053730396N12153769WA0036600347005010020199359
B2006063730393N12153771WA0036800347005010026214359
B2006073730389N12153774WA0036800347005010027214359
B2006083730386N12153778WA0036900348005010029231359
B2006093730384N12153783WA0037000349005010026249359
B2006103730383N12153787WA0037000350005010024254359
B2006113730382N12153792WA0037200351005010020266358
B2006123730382N12153795WA0037300352005010017294006
B2006133730385N12153799WA0037500354005010019320013
B2006143730388N12153801WA0037600354005010021341018
B2006153730391N12153802WA0037700355005010019350022
B2006163730395N12153803WA0037700356005010017359022
B2006173730397N12153802WA0037700357010019015010021
B2006183730401N12153800WA0037600357010019012012019
B2006193730403N12153799WA0037500358010019006006344
B2006203730404N12153799WA0037400358010019006291348
B2006213730403N12153794WA0037400356010019013154351
B2006223730399N12153789WA0037400356005010029173353
B2006233730395N12153788WA0037500355005010027176354
B2006243730390N12153784WA0037500354005010025177356
B2006253730387N12153784WA0037600354005010023187357
B2006263730383N12153784WA0037800354005010022190358
B2006273730380N12153783WA0038000354005010024198358
B2006283730375N12153786WA0038100354005010024208359
B2006293730371N12153785WA0038100353005010022241002
B2006303730368N12153783WA0038100352005010020295009
B2006313730369N12153784WA0038100352005010022340018
B2006323730372N12153783WA0038100352005010028010020
B2006333730377N12153780WA0038200352005010031038023
B2006343730381N12153774WA0038200352005010036063024
B2006353730383N12153767WA0038300353010019036079023
B2006363730382N12153758WA0038300353010019041099342
B2006373730379N12153750WA0038400353010019037122348
B2006383730375N12153745WA0038400353010019038141352
B2006393730370N12153741WA0038400353005010036154353
B2006403730365N12153739WA0038400353010019032161355
B2006413730361N12153739WA0038400354010019026166357
B2006423730358N12153739WA0038400354010019019199358
B2006433730355N12153741WA0038500355010019017206359
B2006453730353N12153742WA0038500355010019014220359
B2006463730351N12153751WA0038400355005010019262013
B2006473730351N12153755WA0038300355005010014263017
B2006483730351N12153759WA0038200354005010004287018
B2006493730352N12153760WA0038100354005010009000017
B2006503730355N12153760WA0038100354005010025014020
B2006513730362N12153761WA0038200353010019028022017
B2006523730366N12153759WA0038300353010019027027017
B2006533730369N12153756WA0038400353010019020029016
B2006543730372N12153754WA0038400352010019016040345
B2006553730374N12153751WA0038500352010019016085349
B2006573730375N12153745WA0038600351010019022123352
B2006593730370N12153738WA0038800350005010026167356
B2007003730366N12153736WA0038800350005010025178357
B2007013730363N12153736WA0038800349005010026195358
B2007023730359N12153737WA0038800349005010026199358
B2007033730355N12153739WA0038800348005010023200359
B2007043730352N12153740WA0038700348005010018253355
B2007053730351N12153744WA0038600348005010020277355
B2007063730352N12153748WA0038400348005010020291006
B2007073730354N12153752WA0038400347005010021317016
B2007083730357N12153754WA0038300347005010025351025
B2007093730362N12153754WA0038300347005010030015027
B2007103730366N12153752WA0038200347005010033034027
B2007113730370N12153747WA0038200347010019033051026
B2007123730373N12153742WA0038200348010019031064025
B2007133730375N12153736WA0038300349010019030073023
B2007143730376N12153730WA0038300349010019031086021
B2007153730376N12153724WA0038300349010019031093020
B2007163730375N12153718WA0038400350005010028105015
B2007173730373N12153713WA0038400350005010024117347
B2007183730370N12153709WA0038400351005010024136349
B2007193730367N12153706WA0038400351005010024149352
B2007203730364N12153703WA0038400352005010024160354
B2007213730360N12153703WA0038300351005010023175356
B2007223730356N12153703WA0038200351005010022192357
B2007233730353N12153705WA0038100351005010022215358
B2007243730350N12153708WA0038000351005010022240359
B2007253730349N12153712WA0037800350005010021268354
B2007263730350N12153717WA0037700350005010024277352
B2007273730351N12153721WA0037500349005010025313345
B2007283730354N12153725WA0037400349005010026315348
B2007293730357N12153728WA0037300348005010023316350
B2007303730359N12153731WA0037300348005010019313352
B2007313730361N12153733WA0037300347005010017318352
B2007323730364N12153736WA0037300347005010021323355
B2007333730366N12153738WA0037400347005010025319354
B2007343730369N12153742WA0037400347005010025311354
B2007353730372N12153745WA0037400347005010024297356
B2007363730373N12153749WA0037400347005010019284357
B2007373730373N12153752WA0037400348005010016278357
B2007383730374N12153755WA0037400348005010015289358
B2007393730375N12153758WA0037500348005010016314356
B2007403730377N12153760WA0037600348005010019333353
B2007413730380N12153761WA0037600348005010020344357
B2007423730383N12153761WA0037700349005010021357007
B2007433730387N12153761WA0037700349005010025015019
B2007443730392N12153759WA0037800349005010033028027
B2007453730397N12153755WA0037800350005010041039032
B2007463730402N12153749WA0037800350005010040049029
B2007473730405N12153743WA0037800350005010034065031
B2007483730407N12153737WA0037800350005010035081334
B2007493730407N12153730WA0037900350005010037091343
B2007503730405N12153723WA0038000350005010031125348
B2007513730401N12153719WA0038100350005010030145351
B2007523730397N12153717WA0038100349005010030175354
B2007533730392N12153717WA0038200348005010032183356
B2007543730388N12153718WA0038200348005010025216358
B2007553730385N12153722WA0038200347005010023245357
B2007563730384N12153726WA0038200347005010022262359
B2007573730384N12153730WA0038300346005010021277011
B2007583730384N12153735WA0038400346005010018286011
B2007593730387N12153738WA0038500346005010022346017
B2008003730391N12153739WA0038600346005010031017019
B2008013730396N12153735WA0038700346005010035040021
B2008023730401N12153730WA0038800346005010038054020
B2008033730405N12153723WA0038900346005010035063019
B2008043730407N12153717WA0038900346005010034091018
B2008053730406N12153710WA0039000347005010039100346
B2008063730404N12153703WA0039000346005010032130350
B2008073730400N12153698WA0039000346005010029159353
B2008083730396N12153697WA0039000346005010024179355
B2008093730392N12153697WA0039000346005010023194357
B2008103730389N12153699WA0039000346005010024214358
B2008113730386N12153703WA0039000346010019026234358
B2008123730384N12153707WA0039000346010019025249358
B2008133730383N12153711WA0039000346005010018258359
B2008143730382N12153714WA0039100346005010013256359
B2008153730380N12153717WA0039200347005010011249358
B2008163730379N12153720WA0039300348005010012263357
B2008173730379N12153723WA0039400349005010018305007
B2008183730382N12153726WA0039400349005010027335015
B2008193730387N12153727WA0039400349005010031355017
B2008203730392N12153727WA0039300350005010036013018
B2008213730397N12153725WA0039200350005010035033017
B2008223730402N12153721WA0039200351005010029040016
B2008233730405N12153717WA0039100353005010030052017
B2008243730408N12153711WA0039100353005010036064015
B2008253730410N12153704WA0039100354005010042075016
B2008263730411N12153696WA0039100355005010043096345
B2008273730410N12153688WA0039100355005010041105349
B2008283730406N12153682WA0039100356005010035140352
B2008293730402N12153678WA0039100358005010029146354
B2008303730398N12153675WA0039100360005010025150355
B2008313730395N12153673WA0039100361005010023164356
B2008323730391N12153673WA0039200363005010024183357
B2008333730387N12153674WA0039300364005010026206358
B2008343730384N12153677WA0039300364005010027214358
B2008353730381N12153680WA0039400365005010022217358
B2008363730378N12153682WA0039400366005010017220359
B2008373730376N12153684WA0039400367005010015223359
B2008383730375N12153687WA0039500369005010014217359
B2008393730373N12153689WA0039600369005010015249357
B2008403730373N12153692WA0039600370005010019290003
B2008413730375N12153696WA0039600371005010023303010
B2008423730377N12153699WA0039500371005010023330018
B2008433730381N12153701WA0039400372005010026001016
B2008443730386N12153699WA0039400372005010032026017
B2008453730390N12153696WA0039300373005010035040019
B2008463730394N12153691WA0039200373005010038056019
B2008473730397N12153684WA0039200373005010041069019
B2008483730398N12153676WA0039100373005010040086018
B2008493730397N12153668WA0039100372005010042108344
B2008503730394N12153661WA0039000372005010041124348
B2008513730390N12153656WA0038900372005010035135351
B2008523730386N12153652WA0038900372005010029146354
B2008533730383N12153650WA0038800372005010025160355
B2008543730379N12153649WA0038800371005010025177356
B2008553730375N12153650WA0038800371005010025197357
B2008563730372N12153652WA0038800371005010026213357
B2008573730369N12153655WA0038800371005010024219358
B2008583730366N12153658WA0038800371005010021224358
B2008593730364N12153661WA0038800370005010016219358
B2009003730362N12153662WA0038900370005010013192359
B2009013730360N12153663WA0038900370005010018206359
B2009023730357N12153665WA0038900369005010022216359
B2009033730355N12153669WA0038800368005010025251359
B2009043730355N12153673WA0038700368005010024259359
B2009053730354N12153677WA0038500367005010019268359
B2009063730354N12153681WA0038300366005010015274359
B2009073730354N12153684WA0038200365005010015265359
B2009083730355N12153687WA0038000364005010018283359
B2009093730356N12153690WA0038000364005010021295359
B2009103730358N12153694WA0037900363005010024307359
B2009113730360N12153697WA0037800362005010023320359
B2009123730363N12153699WA0037600361005010020323359
B2009133730365N12153702WA0037500360005010019315359
B2009143730367N12153704WA0037400359005010020305359
B2009153730369N12153708WA0037300358005010022305359
B2009163730371N12153711WA0037200357005010024306359
B2009173730373N12153715WA0037200356005010022301359
B2009183730374N12153718WA0037100355005010021294359
B2009193730375N12153722WA0037100354005010022285359
B2009203730377N12153726WA0036900353005010026288359
B2009213730378N12153731WA0036800352005010028296359
B2009223730380N12153736WA0036600351005010027298359
B2009233730382N12153740WA0036500350005010025293359
B2009243730383N12153744WA0036300349005010022289359
B2009253730384N12153748WA0036200348005010020291359
B2009263730385N12153752WA0036100347005010020299359
B2009273730387N12153755WA0036000346005010021299359
B2009283730388N12153759WA0035900345005010025292359
B2009303730389N12153764WA0035700344005010029284359
B2009313730392N12153773WA0035600342005010020294359
B2009323730393N12153776WA0035500341005010017306359
B2009363730394N12153779WA0035200340005010016296359
B2009383730397N12153802WA0034900333005010017270359
B2009393730397N12153805WA0034800332005010019265359
B2009403730397N12153809WA0034600330005010023270359
B2009413730397N12153814WA0034500329005010026271359
B2009423730397N12153819WA0034400328005010026275359
B2009433730397N12153823WA0034300327005010024276359
B2009443730398N12153828WA0034200326005010020269359
B2009453730398N12153831WA0034100325005010017268359
B2009463730397N12153835WA0034000324005010019265359
B2009473730398N12153839WA0034000323005010025280359
B2009483730398N12153844WA0033900321005010028277359
B2009493730399N12153849WA0033900320005010026273359
B2009503730399N12153854WA0033800319005010024272359
B2009513730399N12153858WA0033600318005010024272359
B2009523730399N12153863WA0033500317005010025271359
B2009533730399N12153868WA0033300315005010026271359
B2009543730399N12153872WA0033200314005010025273359
B2009553730400N12153877WA0033100312005010024276359
B2009563730400N12153881WA0033100311005010022278359
B2009573730400N12153886WA0032900310005010022275359
B2009583730401N12153890WA0032800308005010025274359
B2009593730401N12153895WA0032600306005010029274359
B2010003730401N12153901WA0032400305005010030274359
B2010013730401N12153906WA0032300304005010028273359
B2010023730402N12153911WA0032100302005010025271359
B2010033730402N12153916WA0031900301005010024268359
B2010043730401N12153920WA0031800299005010025266359
B2010053730401N12153925WA0031700298005010026266359
B2010063730401N12153930WA0031500297005010027270359
B2010073730401N12153935WA0031400295005010029272359
B2010083730401N12153941WA0031300294005010029269359
B2010093730401N12153946WA0031200292005010028269359
B2010103730401N12153952WA0031000291005010027275359
B2010113730402N12153957WA0030900289005010027282359
B2010123730403N12153962WA0030700288005010029285359
B2010133730404N12153967WA0030500286005010030283359
B2010143730405N12153972WA0030400285005010029278359
B2010153730405N12153978WA0030200283005010027272359
B2010163730406N12153983WA0030000281005010026271359
B2010173730406N12153988WA0030000280005010025271359
B2010183730406N12153992WA0029800278005010025268359
B2010193730405N12153997WA0029700277005010025265359
B2010203730405N12154002WA0029500275005010026262359
B2010213730404N12154007WA0029300273005010026260359
B2010223730403N12154012WA0029200271005010026257359
B2010233730402N12154016WA0029000270005010025249359
B2010243730400N12154021WA0028800268005010025247359
B2010253730399N12154025WA0028600266005010026251359
B2010263730397N12154030WA0028400265005010028258359
B2010273730397N12154035WA0028200263005010028260359
B2010283730396N12154041WA0028000261005010029256359
B2010293730395N12154046WA0027800260005010030254359
B2010303730393N12154052WA0027600258005010031256359
B2010313730392N12154057WA0027500257005010030262359
B2010323730392N12154063WA0027300255005010029269359
B2010333730392N12154069WA0027200254005010029271359
B2010343730392N12154074WA0027100252005010029272359
B2010353730392N12154080WA0027100251005010031272359
B2010363730393N12154086WA0027000249005010034275359
B2010373730393N12154092WA0026800248005010032281359
B2010383730394N12154097WA0026700247005010024276359
B2010393730394N12154101WA0026600245005010020276359
B2010403730395N12154105WA0026500244005010020283359
B2010413730396N12154109WA0026500242005010024288359
B2010423730397N12154113WA0026500241005010026287359
B2010433730398N12154118WA0026600240005010024286359
B2010443730399N12154122WA0026600239005010021289359
B2010453730401N12154126WA0026700238005010022297359
B2010463730402N12154129WA0026800237005010023304358
B2010473730405N12154132WA0026900237005010020323004
B2010483730409N12154134WA0027000237005010023349013
B2010493730414N12154134WA0027200237005010028012021
B2010503730419N12154132WA0027300237005010034041023
B2010513730423N12154127WA0027300237005010034047024
B2010523730427N12154122WA0027300236005010030055026
B2010533730429N12154117WA0027400236005010029063337
B2010543730430N12154111WA0027400235005010033075344
B2010553730431N12154104WA0027300234005010029076348
B2010563730429N12154100WA0027300233005010016173352
B2010573730427N12154099WA0027300233010019016184353
B2010583730422N12154100WA0027400232010019014200355
B2010593730419N12154101WA0027500231010019016214357
B2011003730416N12154103WA0027700230010019017216357
B2011013730414N12154106WA0027800229005010020250358
B2011023730413N12154110WA0027900228005010021253359
B2011033730411N12154114WA0027900227005010018271359
B2011043730411N12154119WA0027900227005010021282359
B2011053730410N12154124WA0027900226005010024289357
B2011063730412N12154129WA0027900226005010025292358
B2011073730413N12154133WA0027900226005010025304004
B2011083730415N12154138WA0027900227005010028332015
B2011093730418N12154140WA0027900228005010029356017
B2011103730422N12154139WA0027900229005010031017019
B2011113730427N12154137WA0027900231005010034035018
B2011123730431N12154132WA0028000232005010035050019
B2011133730433N12154127WA0028000232005010035066019
B2011143730435N12154121WA0028100233005010035078018
B2011153730436N12154114WA0028200234005010034090017
B2011163730435N12154108WA0028300234005010034100346
B2011173730434N12154101WA0028300235005010034102350
B2011183730431N12154096WA0028300235005010034156353
B2011193730425N12154094WA0028300236005010030167355
B2011203730420N12154094WA0028300236005010028181357
B2011213730416N12154095WA0028300236005010025185357
B2011223730412N12154097WA0028400236005010019189358
B2011233730409N12154099WA0028400237005010015211358
B2011243730407N12154103WA0028500238005010016256358
B2011253730407N12154107WA0028500238005010018290006
B2011263730409N12154112WA0028600238005010021297016
B2011273730412N12154117WA0028600239005010019309018
B2011283730415N12154120WA0028600239005010016335020
B2011293730418N12154121WA0028600240005010016000018
B2011303730422N12154120WA0028600240005010027023018
B2011313730426N12154116WA0028700240005010038062018
B2011323730430N12154108WA0028700241005010037069018
B2011333730431N12154101WA0028800241005010039078344
B2011343730432N12154093WA0028800241005010039083348
B2011353730432N12154086WA0028900241005010032082352
B2011363730431N12154081WA0029000241005010024162355
B2011373730427N12154080WA0029100241005010022167356
B2011383730423N12154079WA0029200242005010020177358
B2011393730420N12154079WA0029300242005010020193357
B2011403730416N12154082WA0029400242005010024214358
B2011413730413N12154086WA0029500241005010021220010
B2011423730410N12154089WA0029600241005010017231015
B2011433730409N12154092WA0029600240005010016233020
B2011443730407N12154094WA0029600240005010014223021
B2011453730407N12154096WA0029600240005010009185022
B2011463730407N12154095WA0029700240005010012125021
B2011473730407N12154092WA0029700240005010017092020
B2011483730409N12154089WA0029700239005010023096342
B2011493730410N12154086WA0029700239005010026102347
B2011503730411N12154079WA0029800239005010030101351
B2011513730410N12154072WA0029800239005010019111354
B2011523730411N12154065WA0029800239005010015143356
B2011533730410N12154063WA0029900240005010015177357
B2011543730408N12154063WA0030000240005010015205358
B2011553730404N12154066WA0030100240005010019222357
B2011563730402N12154070WA0030200240005010019249001
B2011573730400N12154075WA0030300240005010017267011
B2011583730401N12154078WA0030500240005010017288018
B2011593730402N12154082WA0030600239005010015290021
B2012003730403N12154084WA0030600239005010012293022
B2012013730405N12154085WA0030600239005010009311023
B2012023730407N12154085WA0030600239010019013344022
B2012033730410N12154085WA0030600238010019018358021
B2012043730413N12154085WA0030600238010019015351343
B2012053730416N12154086WA0030700238010019015346348
B2012063730418N12154085WA0030700238010019011021352
B2012073730416N12154079WA0030800238005010012062354
B2012083730415N12154074WA0030900237005010004028356
B2012093730414N12154072WA0030900237005010005288357
B2012103730412N12154071WA0031000237005010010267357
B2012113730411N12154069WA0031100236005010011259358
B2012123730409N12154068WA0031200236005010012255359
B2012133730413N12154069WA0031300236005010020268359
B2012143730410N12154074WA0031400236005010022283006
B2012153730412N12154079WA0031600236005010021285014
B2012163730412N12154082WA0031700236005010015290014
B2012173730413N12154084WA0031700236005010010305015
B2012183730419N12154086WA0031800237005010011350017
B2012193730425N12154086WA0031800238005010019022015
B2012203730431N12154084WA0031900239005010025032015
B2012213730436N12154082WA0031900239005010027038014
B2012223730439N12154078WA0031900239005010026041346
B2012233730444N12154075WA0031900240005010029056350
B2012243730448N12154071WA0031900240005010031061352
B2012253730450N12154065WA0031800239005010032068354
B2012263730451N12154060WA0031600240005010031076355
B2012273730452N12154053WA0031600239005010025072356
B2012283730453N12154047WA0031600239005010017073357
B2012293730453N12154040WA0031700238005010005144358
B2012303730452N12154038WA0031800237005010011220359
B2012313730449N12154040WA0032000237005010018217359
B2012323730446N12154043WA0032100237005010019219359
B2012333730444N12154045WA0032200237005010015221359
B2012343730442N12154047WA0032400237005010013244359
B2012353730439N12154049WA0032600239005010012259359
B2012363730438N12154051WA0032600239005010012269003
B2012373730438N12154054WA0032800240005010015308010
B2012383730440N12154057WA0033000241005010024342024
B2012393730444N12154058WA0033000242005010023351026
B2012403730449N12154059WA0033000242005010025003023
B2012413730453N12154059WA0033000243005010029011025
B2012423730456N12154056WA0032900243005010031066024
B2012433730458N12154051WA0032900243010019030074022
B2012443730459N12154045WA0032900243010019029088019
B2012453730459N12154040WA0032900243010019028095345
B2012463730459N12154035WA0033000243005010027100349
B2012473730458N12154030WA0033100242005010026098353
B2012483730457N12154024WA0033200242010019021094355
B2012493730455N12154019WA0033300242010019017096357
B2012503730454N12154015WA0033500243010019013104358
B2012513730453N12154011WA0033800243010019007102356
B2012523730452N12154009WA0034000243010019005089358
B2012533730452N12154008WA0034000243010019005072000
B2012543730448N12154013WA0034200243005010001077018
B2012553730448N12154013WA0034500243005010004243030
B2012563730448N12154021WA0034600242005010010354025
B2012573730452N12154023WA0034700241005010013013029
B2012583730456N12154024WA0034700241005010020028026
B2012593730460N12154026WA0034700242005010023043026
B2013003730461N12154024WA0034600242005010019059025
B2013013730462N12154022WA0034600242005010015088340
B2013023730461N12154019WA0034600242005010018106346
B2013033730460N12154016WA0034600242005010018123350
B2013043730457N12154014WA0034700242005010017147353
B2013053730454N12154013WA0034900242005010020169354
B2013063730451N12154014WA0035100242005010020182356
B2013073730448N12154014WA0035300242005010019181357
B2013083730445N12154015WA0035500242005010019183358
B2013093730439N12154012WA0035700243005010019204359
B2013103730436N12154014WA0035800243005010018204357
B2013113730434N12154015WA0035800243005010020207000
B2013123730431N12154017WA0035800243005010019210011
B2013133730428N12154020WA0035800243005010018234013
B2013143730428N12154024WA0035700244005010016261020
B2013153730428N12154029WA0035600245005010013273020
B2013163730429N12154032WA0035600246005010011278023
B2013173730428N12154037WA0035600247005010008301022
B2013183730429N12154040WA0035600248005010006343026
B2013193730430N12154041WA0035600249005010009022023
B2013203730433N12154038WA0035600250005010016031023
B2013213730435N12154034WA0035500250005010019046023
B2013223730437N12154032WA0035400251005010017056342
B2013233730437N12154028WA0035300251005010019068347
B2013243730437N12154023WA0035200252005010023086350
B2013253730438N12154018WA0035200252005010020089352
B2013263730438N12154014WA0035200253010019017099353
B2013273730438N12154010WA0035400253010019014131355
B2013283730436N12154008WA0035400253010019018164357
B2013293730433N12154007WA0035500253010019021177357
B2013303730430N12154007WA0035600253005010020180358
B2013313730427N12154007WA0035600253005010024190358
B2013323730424N12154008WA0035500253005010022187358
B2013333730420N12154008WA0035400253005010022188358
B2013343730416N12154009WA0035200254005010020202359
B2013353730413N12154013WA0035100254005010023212359
B2013363730411N12154015WA0035000254005010024212359
B2013373730408N12154019WA0034900256005010018235359
B2013383730405N12154021WA0034800258005010019270359
B2013393730405N12154025WA0034700258005010020268359
B2013413730403N12154027WA0034600258005010022267359
B2013423730399N12154031WA0034300260005010022272357
B2013433730400N12154035WA0034100261005010023276003
B2013443730401N12154040WA0033900262005010020285006
B2013453730402N12154044WA0033900263005010017303008
B2013463730404N12154048WA0033700265005010018329005
B2013473730408N12154050WA0033600266005010025355013
B2013493730412N12154051WA0033400268005010029001005
B2013513730423N12154048WA0033200271005010034009353
B2013533730434N12154043WA0033000274005010032015346
B2013543730439N12154041WA0032900275005010029012335
B2013563730443N12154040WA0032900276005010025005332
B2013573730449N12154039WA0032900279005010027351332
B2013593730458N12154040WA0032900281005010029344333
B2014003730465N12154043WA0033000285005010026343343
B2014023730469N12154044WA0033000288005010025339341
B2014033730476N12154047WA0033100291005010025334350
B2014053730479N12154049WA0033200293005010020336345
B2014063730482N12154050WA0033400295005010016342347
B2014073730484N12154051WA0033600297005010014335348
B2014083730486N12154052WA0033800299005010014298348
B2014093730486N12154055WA0034000301005010020275349
B2014103730486N12154059WA0034100303005010025252349
B2014113730484N12154063WA0034300304005010025224350
B2014123730480N12154066WA0034400306005010029198008
B2014133730476N12154067WA0034500308005010031180005
B2014143730472N12154066WA0034600310005010029158004
B2014153730468N12154063WA0034800312005010029137002
B2014163730465N12154058WA0034900315005010033120001
B2014173730463N12154052WA0035100317005010038105001
B2014183730462N12154044WA0035200318005010044092000
B2014193730463N12154035WA0035200320005010048074001
B2014203730465N12154026WA0035200321005010051064358
B2014213730470N12154020WA0035200323005010044034352
B2014223730475N12154016WA0035200324005010037022344
B2014233730480N12154014WA0035200326005010032018346
B2014243730484N12154012WA0035300328005010028013344
B2014253730489N12154012WA0035600331005010031003346
B2014263730493N12154012WA0035600332005010033348344
B2014273730499N12154014WA0035800334005010036340343
B2014283730503N12154017WA0035900336005010034336347
B2014293730508N12154019WA0036100338005010029336351
B2014303730509N12154023WA0036300340005010020275354
B2014313730509N12154027WA0036500342005010019280353
B2014323730508N12154031WA0036700345005010020292352
B2014333730508N12154035WA0037000347005010022285353
B2014343730508N12154040WA0037200350005010022281353
B2014353730508N12154044WA0037400352005010018257006
B2014363730505N12154047WA0037600354005010019215004
B2014373730500N12154050WA0037800356005010029195003
B2014383730494N12154050WA0037800358005010031157001
B2014393730489N12154046WA0037900360005010038145001
B2014403730485N12154042WA0038100362005010038135001
B2014413730481N12154037WA0038300364005010033131357
B2014423730478N12154032WA0038400366005010029130347
B2014453730481N12154029WA0038700368005010045006353
B2014463730502N12154031WA0038700373005010043356354
B2014473730508N12154031WA0038900375005010033356351
B2014533730513N12154032WA0040400376005010032349003
B2014543730512N12154046WA0040700383005010026204003
B2014553730497N12154048WA0040900389005010028160002
B2014563730494N12154045WA0040900391005010029139001
B2014573730491N12154041WA0041100393005010032116000
B2014583730490N12154034WA0041300395005010038088001
B2014593730491N12154027WA0041500397005010040066001
B2015003730493N12154020WA0041700398005010041063351
B2015013730497N12154016WA0041800400005010034024346
B2015023730502N12154014WA0042000402005010034003343
B2015033730507N12154015WA0042100404005010031343342
B2015043730511N12154018WA0042300406005010030331340
B2015053730515N12154021WA0042700408005010031320341
B2015063730518N12154026WA0042700410005010028306342
B2015083730520N12154030WA0043200412005010021295346
B2015133730517N12154037WA0044300416005010021224002
B2015143730494N12154034WA0044600430005010032140001
B2015153730491N12154029WA0044900433005010033103001
B2015163730490N12154022WA0045100435005010034093001
B2015173730491N12154016WA0045400437005010034074001
B2015183730494N12154010WA0045500439005010036048352
B2015193730498N12154006WA0045700441005010036024344
B2015203730503N12154005WA0045800443005010034002342
B2015213730508N12154006WA0046000445005010034346341
B2015223730513N12154008WA0046100447005010034325343
B2015233730517N12154012WA0046300449005010033319343
B2015243730520N12154016WA0046500451005010030317344
B2015263730521N12154021WA0046800453005010027263347
B2015273730517N12154033WA0046900457005010033236347
B2015283730513N12154038WA0047100458005010035220009
B2015293730507N12154043WA0047200460005010034212006
B2015303730503N12154046WA0047400462005010030204004
B2015313730498N12154047WA0047400464005010022189002
B2015333730495N12154046WA0048200466005010021172000
B2015343730489N12154043WA0048200470005010016150000
B2015353730487N12154039WA0048500471005010012152001
B2015363730486N12154035WA0048700470005010018109358
B2015373730487N12154028WA0048900469005010011072348
B2015383730489N12154024WA0049100468005010016007347
B2015393730492N12154023WA0049200468005010025345347
B2015403730496N12154023WA0049300467005010028338349
B2015423730500N12154025WA0049600467005010028334348
B2015453730506N12154029WA0049800467005010029297349
B2015463730508N12154033WA0049800468005010031281349
B2015473730509N12154046WA0050000471005010032245351
B2015493730507N12154050WA0050100472005010032232006
B2015503730500N12154056WA0050200476005010034193004
B2015513730495N12154056WA0050400478005010034171002
B2015523730491N12154053WA0050600480005010036148001
B2015533730486N12154048WA0050700482005010041132000
B2015543730482N12154041WA0050800484005010042125001
B2015553730480N12154034WA0050900485005010036123359
B2015563730478N12154028WA0051000487005010031118355
B2015573730477N12154022WA0051100489005010026104001
B2015583730478N12154017WA0051300490005010021087351
B2015593730479N12154013WA0051500492005010017063348
B2016003730482N12154010WA0051700493005010022046344
B2016013730485N12154007WA0051800494005010025040334
B2016023730488N12154004WA0051900495005010021039326
B2016033730491N12154002WA0051900496005010010042326
B2016043730491N12154001WA0052000496005010001223326
B2016053730491N12154001WA0052000496005010012242329
B2016063730493N12154009WA0052000496005010022259329
B2016073730494N12154016WA0052100497005010026256329
B2016083730494N12154023WA0052200497005010028244332
B2016093730492N12154028WA0052300497005010029222022
B2016103730490N12154034WA0052500497005010032213015
B2016113730487N12154038WA0052600497005010031202010
B2016123730485N12154042WA0052600499005010028177006
B2016133730482N12154042WA0052600500005010026147004
B2016143730480N12154039WA0052600500005010034129002
B2016153730479N12154034WA0052600501005010036091001
B2016163730481N12154027WA0052600501005010037073001
B2016173730483N12154021WA0052600501005010039064357
B2016183730487N12154015WA0052600502005010033052003
B2016193730491N12154012WA0052600502005010028016003
B2016203730496N12154012WA0052600503005010027003354
B2016213730501N12154012WA0052600504005010027357345
B2016223730506N12154013WA0052700505005010026346336
B2016233730510N12154015WA0052700505005010029332334
B2016243730514N12154019WA0052800506005010032316336
B2016253730517N12154024WA0052900507005010034304335
B2016263730520N12154030WA0052900508005010033292333
B2016273730521N12154036WA0053000509005010031283334
B2016283730522N12154042WA0053100510005010029269335
B2016293730521N12154047WA0053200511005010027255337
B2016303730520N12154052WA0053300512005010027244339
B2016313730518N12154057WA0053400513005010028234018
B2016323730515N12154061WA0053400514005010025220013
B2016333730512N12154063WA0053400515005010024198009
B2016343730508N12154064WA0053400516005010025175006
B2016353730504N12154062WA0053300517005010027154005
B2016363730501N12154059WA0053200517005010026138003
B2016373730498N12154056WA0053100517005010027125002
B2016383730496N12154051WA0052900517005010030109001
B2016393730495N12154045WA0052800517005010034095000
B2016403730496N12154039WA0052800516005010033079000
B2016413730497N12154032WA0052600516005010033075000
B2016423730499N12154027WA0052400515005010028058000
B2016433730501N12154023WA0052400515005010025057000
B2016443730503N12154018WA0052300515005010026059000
B2016453730505N12154014WA0052200514005010031057000
B2016463730508N12154009WA0052200514005010035053000
B2016473730511N12154004WA0052100513005010033049000
B2016483730515N12153999WA0052100513005010029041000
B2016493730518N12153996WA0052100514005010028042000
B2016523730521N12153992WA0052300514005010027043004
B2016533730531N12153983WA0052400515005010027034006
B2016583730534N12153980WA0052700516005010029024333
B2016593730543N12153978WA0052700518005010029359334
B2017003730557N12153985WA0052700519005010026314328
B2017013730559N12153990WA0052700519005010030298330
B2017033730561N12153995WA0052200519005010030270329
B2017043730557N12154006WA0052200518005010032230332
B2017053730553N12154011WA0052100517005010029222022
B2017063730550N12154014WA0052000517005010027211017
B2017073730546N12154016WA0051900516005010028195014
B2017083730541N12154017WA0051800515005010032176010
B2017093730536N12154016WA0051700514005010038159008
B2017103730530N12154013WA0051600512005010039152008
B2017113730525N12154010WA0051400511005010039157352
B2017123730520N12154008WA0051300510005010034170353
B2017133730514N12154007WA0051100509005010033170004
B2017143730509N12154006WA0051100507005010037163003
B2017153730504N12154003WA0051100506005010039159003
B2017163730498N12154001WA0051000505005010040159002
B2017173730493N12153998WA0050900504005010039157001
B2017183730487N12153995WA0050900502005010037153001
B2017193730482N12153992WA0050900501005010035154001
B2017203730478N12153989WA0050800500005010034156001
B2017213730473N12153987WA0050800500005010034152000
B2017223730468N12153983WA0050800499005010037149000
B2017233730463N12153980WA0050800499005010038147000
B2017253730459N12153976WA0050800498005010037146000
B2017263730449N12153968WA0050700497005010039144000
B2017273730445N12153963WA0050700496005010041142000
B2017283730440N12153958WA0050600496005010041141000
B2017293730435N12153954WA0050600495005010040143000
B2017303730430N12153949WA0050500495005010038147000
B2017313730425N12153946WA0050500494005010038146000
B2017323730421N12153941WA0050500493005010039143000
B2017333730416N12153937WA0050400493005010040144000
B2017343730411N12153933WA0050400492005010040150000
B2017353730405N12153930WA0050400492005010037154000
B2017363730401N12153927WA0050400491005010034151000
B2017373730396N12153923WA0050300491005010036139000
B2017383730392N12153918WA0050300489005010043131000
B2017393730388N12153911WA0050200488005010045125000
B2017403730385N12153904WA0050200487005010044119000
B2017413730382N12153897WA0050100487005010041115000
B2017423730379N12153891WA0050000486005010037107000
B2017433730378N12153884WA0049900485005010037108000
B2017443730376N12153877WA0049900485005010039110000
B2017453730374N12153870WA0049900485005010042108000
B2017463730373N12153862WA0049900484005010043100000
B2017473730372N12153854WA0049900484005010042087000
B2017483730373N12153846WA0049900484005010040072000
B2017503730379N12153834WA0049800483005010037044004
B2017513730384N12153830WA0049800483005010034037007
B2017523730392N12153824WA0049800482005010030018006
B2017533730396N12153823WA0049800482005010030011003
B2017543730401N12153822WA0049700482005010032005007
B2017553730406N12153822WA0049600481005010035357008
B2017563730411N12153823WA0049500480005010037352012
B2017573730417N12153824WA0049400478005010037356003
B2017583730423N12153824WA0049200477005010038004358
B2017593730429N12153823WA0049000476005010039005353
B2018003730434N12153823WA0048900475005010039002351
B2018013730440N12153823WA0048700474005010038356349
B2018023730446N12153823WA0048700473005010035353001
B2018033730451N12153824WA0048600472005010032353342
B2018043730456N12153825WA0048600471005010033358355
B2018053730461N12153825WA0048500471005010035356346
B2018073730471N12153827WA0048500470005010034347344
B2018083730476N12153828WA0048400470005010028346335
B2018093730480N12153829WA0048400470005010026346341
B2018103730483N12153830WA0048400469005010024349340
B2018113730487N12153832WA0048400469005010030342336
B2018123730491N12153834WA0048400469005010033334338
B2018133730496N12153837WA0048300468005010035325329
B2018143730500N12153841WA0048200468005010032315338
B2018153730503N12153845WA0048100469005010027315353
B2018163730506N12153848WA0048000469005010024321350
B2018173730508N12153851WA0048000470005010023329336
B2018183730512N12153853WA0048100471005010025329332
B2018203730515N12153856WA0048200471005010029323344
B2018213730521N12153862WA0048200472005010025319347
B2018223730524N12153865WA0048300473005010024320348
B2018233730527N12153868WA0048300473005010023321346
B2018253730529N12153871WA0048400474005010023315347
B2018263730533N12153879WA0048400475005010026297347
B2018273730535N12153883WA0048400474005010026288349
B2018283730536N12153888WA0048300474005010027276351
B2018293730535N12153893WA0048300474005010030254353
B2018303730534N12153899WA0048100472005010031248353
B2018313730532N12153904WA0047900470005010034251354
B2018323730530N12153911WA0047700469005010035251356
B2018333730528N12153917WA0047500467005010034249356
B2018343730526N12153923WA0047300466005010031246357
B2018353730524N12153928WA0047100464005010029246357
B2018363730523N12153933WA0047000463005010027252358
B2018373730522N12153938WA0046900462005010026261358
B2018383730522N12153942WA0046800461005010026270358
B2018393730522N12153948WA0046800459005010028277359
B2018403730523N12153953WA0046600458005010032276359
B2018423730523N12153960WA0046300456005010038270359
B2018433730523N12153967WA0046300454005010037267359
B2018443730524N12153978WA0046100452005010023288357
B2018453730525N12153982WA0045900451005010023302355
B2018463730527N12153986WA0045800450005010023302356
B2018473730530N12153990WA0045700448005010029312355
B2018483730533N12153993WA0045700446005010029322358
B2018493730536N12153996WA0045500444005010030336000
B2018503730540N12153998WA0045400443005010030351003
B2018513730545N12153998WA0045100441005010029005007
B2018523730549N12153997WA0044900439005010028018014
B2018533730553N12153995WA0044700437005010029022016
B2018543730556N12153992WA0044500435005010030030018
B2018553730560N12153989WA0044400432005010034032010
B2018563730565N12153986WA0044200430005010037031010
B2018573730569N12153982WA0044100428005010036032015
B2018583730574N12153979WA0043900426005010034024022
B2018593730579N12153976WA0043900425005010032023024
B2019003730583N12153974WA0043800424005010032029025
B2019013730587N12153971WA0043700423005010032036023
B2019023730591N12153967WA0043600421005010034037023
B2019033730595N12153963WA0043600420005010035031020
B2019043730600N12153960WA0043500419005010036024015
B2019053730605N12153958WA0043500418005010035018010
B2019063730610N12153956WA0043400418005010032013356
B2019073730614N12153955WA0043300417005010027006346
B2019083730618N12153955WA0043300417005010026353338
B2019093730622N12153957WA0043200416005010028338330
B2019103730626N12153959WA0043200415005010029322332
B2019113730628N12153964WA0043100415005010028300330
B2019123730630N12153968WA0043100414005010028287329
B2019133730631N12153973WA0043000413005010027278331
B2019143730631N12153979WA0042900412005010026274332
B2019153730631N12153984WA0042800411005010027268337
B2019163730631N12153989WA0042800411005010028260338
B2019173730629N12153994WA0042700410005010030248341
B2019183730627N12154000WA0042600409005010030243342
B2019193730625N12154004WA0042500408005010029235344
B2019203730622N12154009WA0042400407005010030226346
B2019213730619N12154013WA0042200405005010031217348
B2019223730614N12154016WA0042100404005010033211351
B2019233730610N12154020WA0042000403005010034212353
B2019243730605N12154023WA0041800401005010035219354
B2019253730601N12154028WA0041700400005010036222355
B2019263730597N12154032WA0041500399005010034225356
B2019273730594N12154037WA0041300398005010031221356
B2019283730590N12154040WA0041200397005010028219357
B2019293730587N12154044WA0041100396005010029218357
B2019303730583N12154047WA0041000394005010030218358
B2019313730580N12154051WA0040900393005010032221358
B2019323730576N12154055WA0040800392005010030219358
B2019333730573N12154058WA0040800391005010029214359
B2019343730569N12154061WA0040600390005010028213359
B2019353730566N12154064WA0040500389005010027216359
B2019363730563N12154068WA0040300388005010029227359
B2019373730560N12154072WA0040200386005010032235359
B2019383730557N12154077WA0040000385005010031234359
B2019393730555N12154082WA0039700384005010029230359
B2019403730552N12154086WA0039500382005010027224359
B2019413730549N12154090WA0039300381005010026220359
B2019423730546N12154093WA0039100380005010027212359
B2019433730542N12154095WA0039000378005010031200359
B2019443730537N12154097WA0038800376005010035195359
B2019453730532N12154098WA0038600374005010037188359
B2019463730526N12154099WA0038400372005010041177000
B2019473730520N12154098WA0038100370005010042170359
B2019483730514N12154097WA0037900368005010036171359
B2019493730509N12154096WA0037700367005010030173000
B2019503730505N12154096WA0037600366005010028176000
B2019513730501N12154095WA0037500364005010030170000
B2019523730496N12154094WA0037500363005010035164000
B2019533730491N12154092WA0037500361005010039163000
B2019543730485N12154090WA0037500360005010037167000
B2019553730480N12154089WA0037500359005010032168000
B2019563730475N12154087WA0037400358005010030165000
B2019573730471N12154086WA0037300358005010031159000
B2019583730466N12154083WA0037300357005010033159000
B2019593730461N12154081WA0037300356005010035162000
B2020003730456N12154080WA0037300356005010035164000
B2020013730451N12154078WA0037300355005010033162000
B2020023730447N12154076WA0037300355005010031160000
B2020033730442N12154074WA0037300354005010032158000
B2020043730438N12154071WA0037200353005010034157000
B2020053730433N12154069WA0037200353005010037155000
B2020063730428N12154066WA0037100351005010040153000
B2020073730422N12154062WA0037000350005010039151000
B2020083730417N12154059WA0036900349005010038149000
B2020093730413N12154055WA0036800348005010037146000
B2020103730408N12154051WA0036700347005010038149000
B2020113730403N12154047WA0036600346005010040151000
B2020123730397N12154044WA0036600345005010041148000
B2020133730392N12154040WA0036400344005010038144000
B2020143730388N12154036WA0036300343005010037144000
B2020153730383N12154032WA0036300342005010039152000
B2020163730378N12154028WA0036200342005010041152000
B2020173730372N12154024WA0036100341005010042146000
B2020183730368N12154020WA0036100342005010037139000
B2020193730364N12154016WA0036100343005010032141359
B2020203730360N12154013WA0036200344005010029155359
B2020213730356N12154012WA0036300345005010029173359
B2020223730351N12154012WA0036400346005010029196359
B2020233730348N12154015WA0036500346005010028217359
B2020243730345N12154018WA0036600347005010024245359
B2020253730344N12154022WA0036600347005010021263359
B2020263730345N12154026WA0036500348005010021306006
B2020273730348N12154029WA0036500348005010022335013
B2020283730351N12154029WA0036400348005010024008015
B2020293730355N12154027WA0036400348005010028028016
B2020303730359N12154024WA0036300348005010026042011
B2020313730362N12154021WA0036300348005010024053011
B2020323730363N12154017WA0036300348005010024065010
B2020333730365N12154012WA0036300348005010030072010
B2020343730366N12154005WA0036300349005010039080010
B2020353730367N12153997WA0036300349005010045090009
B2020363730366N12153989WA0036300349005010046104009
B2020373730363N12153981WA0036300349005010042117008
B2020383730360N12153975WA0036300350005010036127006
B2020393730357N12153970WA0036300350005010031132006
B2020403730353N12153966WA0036500351005010031137355
B2020413730349N12153962WA0036700351005010034143356
B2020423730345N12153959WA0036800352005010037154357
B2020443730340N12153957WA0036900352005010034169358
B2020453730335N12153957WA0036900352005010031193359
B2020463730331N12153960WA0036900353010019031225359
B2020473730328N12153965WA0036800353010019028247358
B2020483730329N12153969WA0036700353005010020304355
B2020493730331N12153972WA0036700352010019021331003
B2020503730334N12153974WA0036600352010019024355011
B2020513730339N12153974WA0036600351010019026005015
B2020523730343N12153973WA0036600351005010026015026
B2020533730347N12153971WA0036600351005010028021030
B2020543730351N12153968WA0036700350005010030043033
B2020553730355N12153963WA0036700350010019037059029
B2020563730358N12153956WA0036800349005010036073031
B2020573730359N12153948WA0036800349005010032088028
B2020583730359N12153942WA0036900349005010035107027
B2020593730357N12153936WA0037000349005010032116024
B2021003730354N12153930WA0037000349005010029134343
B2021013730350N12153926WA0037100348005010027159348
B2021023730346N12153924WA0037100348005010028171352
B2021033730342N12153924WA0037000348005010025191355
B2021043730338N12153926WA0037000347005010021223357
B2021053730336N12153930WA0036900346005010026255357
B2021063730336N12153935WA0036800346005010027269356
B2021073730336N12153941WA0036700345005010024299000
B2021083730338N12153945WA0036700344005010025325006
B2021093730342N12153949WA0036700343005010028335016
B2021103730347N12153951WA0036700343005010029352021
B2021113730351N12153951WA0036700342005010029012022
B2021123730356N12153950WA0036800341005010033016022
B2021133730361N12153946WA0036800341005010035041018
B2021143730365N12153941WA0036800340005010035059014
B2021153730368N12153935WA0036800340005010034067012
B2021163730370N12153928WA0036800340005010033070011
B2021173730372N12153922WA0036800340005010035073008
B2021183730373N12153915WA0036800340005010038073007
B2021193730375N12153908WA0036800340005010039074004
B2021203730377N12153900WA0036800340005010039072004
B2021213730378N12153893WA0036800340005010036072004
B2021223730380N12153887WA0036800340005010034069003
B2021233730383N12153874WA0036800341005010035081003
B2021243730383N12153867WA0036800340005010035096002
B2021253730381N12153861WA0036800340005010037110002
B2021263730379N12153854WA0036700340005010036122002
B2021273730375N12153849WA0036600340005010034138357
B2021283730371N12153846WA0036500340005010032158358
B2021293730366N12153845WA0036400339005010031180358
B2021303730361N12153845WA0036400339005010029202359
B2021313730358N12153848WA0036300339005010027225359
B2021323730355N12153852WA0036200339005010022240359
B2021333730354N12153856WA0036100339005010019246359
B2021343730353N12153859WA0036100339005010021248359
B2021353730351N12153864WA0036100339005010028249359
B2021363730350N12153869WA0036000338005010032252359
B2021373730348N12153874WA0036000338005010031250359
B2021383730347N12153879WA0036000338005010025243359
B2021393730345N12153883WA0035900338005010021219359
B2021403730343N12153885WA0035900338005010020219359
B2021413730340N12153887WA0035800337005010022213359
B2021423730337N12153890WA0035800337005010026225359
B2021433730334N12153894WA0035700336005010029228359
B2021443730332N12153898WA0035600336005010029234359
B2021453730329N12153903WA0035400335005010027246359
B2021463730328N12153908WA0035300334005010027262359
B2021473730328N12153913WA0035100334005010028274359
B2021483730329N12153917WA0035000333005010024279359
B2021493730330N12153922WA0034900333005010021291359
B2021503730331N12153925WA0034900332005010021306356
B2021533730334N12153928WA0034900332005010024319003
B2021543730340N12153933WA0035000331005010028341015
B2021553730346N12153933WA0035000331005010038005022
B2021563730357N12153927WA0034900330005010034031017
B2021573730361N12153924WA0034900330005010032040016
B2021583730365N12153919WA0035000330005010034042018
B2021593730369N12153914WA0035000330005010038045015
B2022003730373N12153909WA0035000330005010040052016
B2022013730376N12153902WA0035100330005010040068014
B2022023730378N12153895WA0035100330005010034084014
B2022033730378N12153889WA0035100330005010028099012
B2022043730377N12153884WA0035100330005010029109010
B2022053730375N12153878WA0035100330005010031112009
B2022063730373N12153873WA0035100330005010033124008
B2022073730369N12153868WA0035100330005010032139351
B2022083730365N12153865WA0035100329005010030154354
B2022093730361N12153864WA0035100329005010028175355
B2022103730357N12153864WA0035000328005010029191356
B2022113730353N12153865WA0034900328005010030202357
B2022123730349N12153868WA0034800328005010027214358
B2022133730346N12153871WA0034700327005010023229359
B2022143730345N12153875WA0034600327005010022251359
B2022153730344N12153880WA0034600327005010027267359
B2022163730344N12153885WA0034500326005010027277359
B2022173730346N12153890WA0034500326005010027292359
B2022183730347N12153895WA0034500326005010025298359
B2022193730350N12153898WA0034500326005010027322359
B2022203730354N12153902WA0034500326005010027325359
B2022213730357N12153904WA0034500326005010024327359
B2022223730361N12153907WA0034600327005010024328359
B2022233730364N12153909WA0034600326005010027326359
B2022243730368N12153912WA0034600326005010029323355
B2022253730371N12153916WA0034600326005010029321350
B2022263730375N12153919WA0034600326005010031319348
B2022273730379N12153923WA0034600326005010029317348
B2022283730382N12153926WA0034600327005010025314351
B2022293730384N12153930WA0034600328005010025314353
B2022303730387N12153933WA0034600329005010025317351
B2022313730390N12153936WA0034700330005010025329353
B2022323730393N12153937WA0034800330005010027346359
B2022333730397N12153938WA0035000331005010027357012
B2022343730401N12153938WA0035100332005010028013015
B2022353730405N12153935WA0035200332005010031034022
B2022363730409N12153931WA0035200332005010038047029
B2022373730413N12153925WA0035200332005010040060029
B2022383730415N12153918WA0035200332005010038084026
B2022393730414N12153910WA0035200332005010039105023
B2022403730412N12153904WA0035100332005010038116021
B2022413730409N12153898WA0035100331005010035123340
B2022423730406N12153893WA0035100331005010029144345
B2022433730402N12153891WA0035200332005010027170351
B2022443730397N12153892WA0035200332005010028189352
B2022453730393N12153893WA0035200333005010025201355
B2022463730390N12153895WA0035300334005010020205356
B2022473730388N12153896WA0035500335005010019211357
B2022483730385N12153899WA0035600336005010022220358
B2022493730382N12153903WA0035700337005010031234358
B2022503730380N12153909WA0035800338005010036252359
B2022513730379N12153916WA0035800339005010033264357
B2022523730379N12153921WA0035800340005010025283356
B2022533730381N12153925WA0035800340005010022306359
B2022543730383N12153929WA0035900341005010023319003
B2022553730386N12153931WA0035900342005010023345013
B2022563730390N12153931WA0036000342005010018350027
B2022573730393N12153930WA0036000343005010021027033
B2022583730397N12153926WA0036000344005010037053037
B2022593730399N12153919WA0035900344005010037081033
B2023003730400N12153912WA0035800345005010033092028
B2023013730400N12153905WA0035800345005010026088021
B2023023730401N12153900WA0035800346005010023088022
B2023033730401N12153895WA0035800346005010028099020
B2023043730398N12153889WA0035900346005010044127018
B2023053730393N12153883WA0035900344005010045143346
B2023063730387N12153880WA0035800343005010041168350
B2023073730382N12153879WA0035700343005010033184351
B2023083730378N12153880WA0035600342005010022201353
B2023093730375N12153882WA0035600341005010021195354
B2023103730371N12153883WA0035700341005010024195355
B2023113730367N12153885WA0035900340005010029203356
B2023123730363N12153888WA0036100340005010031216357
B2023133730360N12153891WA0036200341005010030214357
B2023143730356N12153894WA0036300341005010029207357
B2023153730352N12153897WA0036400341005010030197358
B2023163730347N12153898WA0036400342005010031193358
B2023173730342N12153900WA0036500342005010032192358
B2023183730338N12153901WA0036500343005010031191358
B2023193730333N12153902WA0036500343005010031187000
B2023203730329N12153902WA0036500344005010029176359
B2023213730324N12153902WA0036500344005010032170359
B2023223730319N12153900WA0036500345005010033162359
B2023233730315N12153898WA0036500345005010032156359
B2023243730310N12153896WA0036500345005010033162359
B2023253730306N12153895WA0036500346005010034169359
B2023263730301N12153894WA0036500346005010034169000
B2023273730296N12153892WA0036500347005010032161359
B2023293730291N12153890WA0036600347005010030153359
B2023303730284N12153885WA0036700348005010024159359
B2023313730281N12153884WA0036700348005010026175359
B2023323730277N12153885WA0036700348005010024209359
B2023333730275N12153888WA0036600348005010021249359
B2023343730274N12153892WA0036500348005010023264000
B2023353730276N12153896WA0036400347005010020306003
B2023363730278N12153898WA0036200347005010019351006
B2023373730282N12153897WA0036200347005010029023358
B2023383730288N12153894WA0036100347005010029026359
B2023393730292N12153891WA0036000346005010028017004
B2023403730297N12153890WA0035900346005010028007011
B2023413730301N12153889WA0035900345005010031001015
B2023423730307N12153889WA0035900345005010032002357
B2023433730312N12153888WA0035900345005010031007001
B2023443730316N12153887WA0035900345005010026011341
B2023453730320N12153886WA0036000346005010023013348
B2023463730323N12153885WA0036100346005010022010348
B2023473730327N12153884WA0036200346005010024010348
B2023483730331N12153883WA0036200346005010031002341
B2023493730336N12153883WA0036200346005010032000335
B2023503730341N12153883WA0036200346005010030356335
B2023513730345N12153884WA0036200346005010025349330
B2023523730349N12153885WA0036100346005010022336338
B2023533730351N12153887WA0036100346005010022327336
B2023543730354N12153890WA0036000345005010028311339
B2023553730357N12153895WA0035900345005010031303339
B2023563730359N12153900WA0035900344005010031293345
B2023583730361N12153905WA0035700344005010029281346
B2023593730361N12153911WA0035700343005010027278347
B2024003730363N12153922WA0035500342005010033285351
B2024013730364N12153928WA0035400341005010037281353
B2024023730365N12153936WA0035400340005010039274355
B2024033730365N12153943WA0035400340005010037271356
B2024043730366N12153949WA0035400340005010032277356
B2024053730367N12153954WA0035400341005010025284357
B2024063730368N12153959WA0035500341005010022292357
B2024073730369N12153963WA0035600341005010026281357
B2024083730369N12153968WA0035700342005010029275358
B2024093730369N12153973WA0035700342005010031260358
B2024103730368N12153979WA0035700341005010033250358
B2024113730366N12153984WA0035600341005010029252358
B2024123730365N12153989WA0035600341005010026255359
B2024133730365N12153994WA0035500341005010021261359
B2024143730364N12153997WA0035500342005010017261359
B2024153730364N12154000WA0035600342005010015267359
B2024163730364N12154003WA0035700342005010017281359
B2024173730365N12154007WA0035900342005010021282359
B2024193730365N12154011WA0036000342005010024269359
B2024203730363N12154019WA0036200343005010025235359
B2024223730361N12154023WA0036200343005010024225359
B2024233730358N12154026WA0036200343005010026225359
B2024243730352N12154033WA0036000342005010031223359
B2024263730349N12154037WA0035900341005010031222359
B2024273730343N12154044WA0035700340005010024227359
B2024283730340N12154048WA0035600340005010022236359
B2024293730338N12154052WA0035500339005010025239359
B2024303730336N12154056WA0035500338005010028239359
B2024323730334N12154060WA0035300337005010029233359
B2024333730328N12154068WA0035100334005010028227359
B2024353730326N12154072WA0035000333005010029230359
B2024363730323N12154077WA0034800331005010030233359
B2024373730318N12154086WA0034400327005010032233359
B2024383730315N12154091WA0034200325005010034225359
B2024393730311N12154095WA0034000323005010035213359
B2024413730306N12154098WA0033800321005010035208359
B2024423730301N12154101WA0033600319005010033209359
B2024443730293N12154108WA0033300315005010031218359
B2024453730290N12154112WA0033200313005010031215359
B2024463730286N12154115WA0033100312005010031209359
B2024473730282N12154118WA0032900310005010029208359
B2024483730278N12154120WA0032900308005010029207359
B2024493730274N12154123WA0032800306005010030206359
B2024503730270N12154125WA0032700304005010032203359
B2024513730265N12154128WA0032500302005010033199359
B2024523730260N12154129WA0032400300005010034195359
B2024533730256N12154131WA0032200298005010032192359
B2024543730251N12154132WA0032000296005010031195359
B2024553730247N12154134WA0031700294005010030197359
B2024563730243N12154136WA0031500292005010027198359
B2024573730239N12154137WA0031300290005010023205359
B2024583730236N12154140WA0031100287005010022216359
B2024593730234N12154143WA0030800285005010024238359
B2025003730233N12154147WA0030600283005010023252359
B2025013730232N12154151WA0030300281005010024274359
B2025023730233N12154155WA0030100278005010020276359
B2025033730233N12154158WA0029900276005010014248359
B2025043730232N12154161WA0029800274005010016236359
B2025053730230N12154164WA0029800272005010020242359
B2025063730229N12154168WA0029800270005010022245359
B2025093730228N12154172WA0029700269005010021254359
B2025103730225N12154182WA0029700264005010020245359
B2025113730224N12154185WA0029700263005010019252359
B2025123730223N12154189WA0029700262005010018262359
B2025133730223N12154192WA0029700261005010017270359
B2025143730223N12154195WA0029700260005010016267359
B2025153730223N12154198WA0029800259005010017269359
B2025163730224N12154201WA0029800259005010019269359
B2025173730224N12154205WA0029800258005010018268359
B2025183730224N12154208WA0029800257005010017272359
B2025193730224N12154211WA0029700256005010017278359
B2025203730225N12154214WA0029500255005010019288359
B2025213730226N12154218WA0029400255005010024296359
B2025223730228N12154223WA0029200254005010026296359
B2025233730229N12154227WA0029200252005010024294359
B2025243730230N12154231WA0029000251005010019279359
B2025253730231N12154234WA0028900250005010017275359
B2025263730231N12154237WA0028800250005010017280359
B2025273730231N12154240WA0028700248005010019285359
B2025283730232N12154244WA0028500247005010021282359
B2025293730233N12154248WA0028500246005010023278359
B2025303730234N12154253WA0028400245005010027287359
B2025313730235N12154258WA0028300245005010027295359
B2025323730237N12154262WA0028300245005010026299359
B2025333730239N12154267WA0028200245005010026293359
B2025343730240N12154271WA0028200246005010025294359
B2025353730242N12154275WA0028300246005010024300357
B2025363730244N12154279WA0028300246005010023309353
B2025373730247N12154282WA0028300246005010027323356
B2025383730251N12154284WA0028300246005010030337000
B2025393730255N12154286WA0028300247005010029346358
B2025403730260N12154286WA0028300248005010026004005
B2025413730265N12154284WA0028400249005010030020021
B2025443730270N12154281WA0028600251005010034045030
B2025453730278N12154263WA0028800254005010035076033
B2025463730279N12154255WA0028800255005010037090033
B2025473730278N12154248WA0028900256005010040108035
B2025503730275N12154241WA0028900257005010042126349
B2025513730262N12154233WA0028800258005010028212352
B2025543730258N12154237WA0028700259005010027232357
B2025553730256N12154250WA0028800260005010018289358
B2025563730258N12154253WA0028800260005010022314001
B2025573730260N12154256WA0028800261005010023326003
B2025583730264N12154258WA0029000261005010027356017
B2025593730269N12154258WA0029000261005010030014019
B2026003730273N12154255WA0029200262005010033038017
B2026013730278N12154251WA0029200263005010035046019
B2026023730281N12154245WA0029300263005010036056016
B2026033730284N12154239WA0029400264005010037065018
B2026043730286N12154232WA0029500265005010037080017
B2026053730286N12154225WA0029500265005010037099016
B2026063730284N12154218WA0029500266005010043120345
B2026073730280N12154211WA0029500266005010043132347
B2026083730275N12154206WA0029500266005010038146351
B2026093730270N12154203WA0029400266005010031163354
B2026103730266N12154202WA0029400266005010027183355
B2026113730262N12154203WA0029300266005010026198356
B2026123730258N12154205WA0029300266005010024218357
B2026133730256N12154209WA0029300266005010024236358
B2026143730254N12154213WA0029300265005010025256358
B2026153730254N12154218WA0029300265005010024271358
B2026163730254N12154223WA0029300266005010026274359
B2026173730254N12154228WA0029300266005010024262359
B2026183730253N12154233WA0029500266005010022258359
B2026193730252N12154236WA0029600267005010017258359
B2026203730252N12154239WA0029800267005010013264359
B2026213730252N12154241WA0030000268005010013267359
B2026223730251N12154244WA0030100269005010017263359
B2026233730251N12154247WA0030200269005010019254359
B2026243730250N12154251WA0030300269005010021239359
B2026253730248N12154254WA0030300270005010023221359
B2026263730245N12154256WA0030300270005010027204000
B2026273730241N12154257WA0030300271005010031186000
B2026283730236N12154257WA0030200271005010036168000
B2026293730231N12154254WA0030200271005010039151000
B2026303730226N12154249WA0030100272005010042134000
B2026313730222N12154242WA0030100272005010044116000
B2026323730220N12154234WA0030100273005010045102000
B2026333730220N12154226WA0030100273005010045089002
B2026343730220N12154218WA0030100273005010042077003
B2026353730222N12154211WA0030100274005010036059359
B2026363730226N12154206WA0030200274005010031042356
B2026373730229N12154203WA0030200275005010027030350
B2026383730233N12154201WA0030200275005010026023342
B2026393730236N12154199WA0030300276005010026015332
B2026403730240N12154198WA0030300276005010025001327
B2026413730244N12154199WA0030300277005010024338329
B2026423730247N12154202WA0030300277005010023313330
B2026433730248N12154205WA0030400277005010020292330
B2026443730249N12154209WA0030400278005010019265331
B2026453730248N12154212WA0030400278005010018239332
B2026463730246N12154215WA0030500278005010021213333
B2026473730243N12154217WA0030500279005010026200022
B2026483730239N12154218WA0030500279005010032182015
B2026493730234N12154217WA0030500280005010036165009
B2026503730228N12154214WA0030500280005010041146006
B2026513730224N12154209WA0030500280005010044128003
B2026523730220N12154201WA0030500280005010046111002
B2026533730219N12154193WA0030400280005010045094001
B2026543730219N12154185WA0030400280005010044076002
B2026553730222N12154177WA0030300279005010042056359
B2026563730226N12154171WA0030300279005010041039350
B2026573730231N12154167WA0030300279005010038040357
B2026583730235N12154163WA0030300279005010031024357
B2026593730239N12154161WA0030300280005010026023357
B2027003730243N12154159WA0030400280005010026017345
B2027013730246N12154158WA0030500281005010028010349
B2027023730251N12154158WA0030600281005010029358341
B2027033730255N12154159WA0030700281005010029344346
B2027043730259N12154161WA0030800282005010028341349
B2027053730263N12154162WA0030800283005010026356356
B2027063730267N12154162WA0030800283005010027007345
B2027073730271N12154161WA0030900284005010027010336
B2027083730275N12154161WA0030900284005010024003336
B2027093730279N12154161WA0030900284005010025357341
B2027103730282N12154161WA0030900285005010026351347
B2027113730286N12154162WA0030800285005010028343349
B2027123730291N12154164WA0030700284005010031337345
B2027133730295N12154167WA0030500283005010032335349
B2027143730299N12154169WA0030300282005010029338338
B2027153730303N12154171WA0030100280005010028339341
B2027163730307N12154173WA0029800278005010030340346
B2027173730312N12154175WA0029500276005010031340345
B2027183730316N12154176WA0029200274005010030344343
B2027193730320N12154177WA0029000271005010029351343
B2027203730325N12154178WA0028700269005010029354345
B2027213730329N12154178WA0028500267005010030351354
B2027223730333N12154179WA0028300264005010031349349
B2027233730338N12154181WA0028300262005010030344341
B2027243730342N12154182WA0028000260005010031344348
B2027253730347N12154183WA0027800257005010030346343
B2027263730351N12154185WA0027600255005010028347335
B2027273730354N12154186WA0027400253005010027349341
B2027283730358N12154186WA0027300251005010028353339
B2027293730363N12154187WA0027200249005010030355338
B2027303730367N12154187WA0027000247005010030357339
B2027313730371N12154187WA0026900245005010028358339
B2027323730375N12154187WA0026800243005010028359332
B2027333730379N12154188WA0026600241005010027359339
B2027343730383N12154188WA0026500239005010027357342
B2027353730387N12154188WA0026300237005010029351341
B2027363730392N12154189WA0026100235005010029350341
B2027373730396N12154190WA0025900233005010027352340
B2027383730400N12154191WA0025800231005010026352330
B2027393730404N12154192WA0025600230005010025349331
B2027403730407N12154193WA0025600228005010024346326
B2027413730410N12154194WA0025500227005010021340319
B2027423730413N12154196WA0025400225005010017317317
B2027433730414N12154198WA0025400224005010017281320
B2027443730414N12154202WA0025300222005010020257319
B2027453730412N12154206WA0025200221005010022237321
B2027463730410N12154209WA0025200220005010023214324
B2027473730406N12154211WA0025100218005010027190027
B2027483730402N12154211WA0025000217005010032172021
B2027493730397N12154209WA0024800216005010036160016
B2027503730392N12154206WA0024700214005010036150014
B2027513730388N12154203WA0024500213005010035143012
B2027523730384N12154199WA0024300212005010034141009
B2027533730379N12154195WA0024200211005010037144351
B2027543730375N12154191WA0024000210005010039152352
B2027553730369N12154188WA0023900209005010036160354
B2027563730365N12154186WA0023700207005010030164355
B2027573730361N12154185WA0023700206005010026169357
B2027583730357N12154184WA0023600205005010023160357
B2027593730354N12154183WA0023500204005010026175358
B2028003730350N12154184WA0023300202005010027193359
B2028013730346N12154187WA0023100201005010027223359
B2028023730344N12154191WA0022900199005010025247359
B2028033730343N12154195WA0022700197005010023275359
B2028043730344N12154200WA0022400195005010024297359
B2028053730346N12154204WA0022100193005010023309356
B2028063730349N12154207WA0021900191005010021325357
B2028073730352N12154209WA0021800189005010024342000
B2028083730356N12154210WA0021700187005010027356002
B2028093730360N12154210WA0021600185005010029007003
B2028103730365N12154209WA0021500183005010030014356
B2028113730369N12154207WA0021400182005010030018359
B2028123730374N12154205WA0021200180005010029016349
B2028133730378N12154204WA0021000178005010028008343
B2028143730382N12154204WA0020900177005010027000330
B2028153730386N12154204WA0020900175005010026352321
B2028163730389N12154205WA0020700173005010024339315
B2028173730392N12154207WA0020600171005010021311315
B2028183730394N12154210WA0020400170005010019285316
B2028193730393N12154214WA0020200168005010020247324
B2028203730391N12154217WA0020000166005010020217329
B2028213730388N12154219WA0019800165005010021198334
B2028223730385N12154220WA0019600163005010021186338
B2028233730378N12154221WA0019500160005010024191345
B2028243730375N12154222WA0019300158005010026204349
B2028253730371N12154225WA0019200156005010026211351
B2028263730368N12154227WA0019000155005010021215352
B2028273730366N12154229WA0018800153005010017222354
B2028283730364N12154232WA0018600151005010018223355
B2028293730362N12154234WA0018400150005010020228356
B2028303730360N12154237WA0018300148005010020230356
B2028313730359N12154240WA0018100147005010019232357
B2028323730357N12154243WA0018000145005010016229358
B2028333730356N12154245WA0017800143005010016241358
B2028343730355N12154248WA0017800142005010018263358
B2028353730355N12154252WA0017700141005010020280359
B2028363730356N12154255WA0017700140005010017278359
B2028373730356N12154258WA0017600138005010012252359
B2028383730355N12154260WA0017600137005010012230359
B2028393730354N12154262WA0017500137005010013236359
B2028403730353N12154263WA0017500136005010011244359
B2028413730352N12154264WA0017400135005010003248000
B2028423730352N12154265WA0017300134005010002283003
B2028433730352N12154265WA0017200133005010004285002
B2028443730352N12154265WA0017200132005010003298001
B2028453730352N12154266WA0017100132005010001040001
B2028463730352N12154266WA0017100132005010002073012
B2028473730353N12154265WA0017100131005010001055010
B2028483730353N12154265WA0017100131005010001035007
B2028493730353N12154265WA0017100131005010002062000
B2028503730353N12154265WA0017100130005010005067000
B2028513730354N12154265WA0017100130005010001271000
B2028523730354N12154265WA0017100130005010001188000
B2028533730354N12154265WA0017100129005010001287000
B2028543730354N12154265WA0017100129005010002263000
B2028553730354N12154266WA0017100129005010001269000
B2028563730353N12154266WA0017100129005010001218000
B2028573730353N12154266WA0017100128005010001275000
B2028583730353N12154266WA0017100128005010001258000
B2028593730353N12154266WA0017100128005010002265000
B2029003730353N12154267WA0017100128005010002246000
B2029013730353N12154267WA0017100127005010001241000
B2029023730353N12154267WA0017100127005010000255000
B2029033730353N12154267WA0017100127005010001273000
B2029043730353N12154267WA0017100127005010000000000
B2029053730353N12154267WA0017100127005010001037000
B2029063730353N12154267WA0017100127005010000000000
B2029073730353N12154267WA0017100127005010000000000
B2029083730353N12154267WA0017100127005010000000000
B2029093730353N12154267WA0017100127005010000000000
B2029103730353N12154267WA0017100127005010000000000
B2029113730353N12154267WA0017100127005010000000000
B2029123730353N12154267WA0017100127005010000000000
B2029133730353N12154267WA0017100127005010000000000
B2029143730353N12154267WA0017100127005010000000000
B2029153730353N12154267WA0017100127005010000000000
B2029163730353N12154267WA0017100127005010000000000
B2029173730353N12154267WA0017100127005010000000000
B2029183730353N12154267WA0017100127005010000000000
B2029193730353N12154267WA0017100127005010000267000
B2029203730353N12154267WA0017100127005010001282000
B2029213730353N12154267WA0017100127005010001308000
GXKMRa1PLfdQpjmUPd5o+lr23uj0PxbLJsF1lICsBpTozPi+M5YEI7XANqE7t9oY/
G2h3O3TzMKhc/woG5/u91QDAP6vZr7diYC8kc26aPOgnhYJSAW96BN4cCR+344hsf
GBXFrlkndTR4dIUjkeZIcMEIsp0U1rlk9Ybv/doUIPDA=

