AXSBDRP:3558303830390C17001500
HFDTE100825
HFPLTPILOTINCHARGE:Jacob Carrico
HFCM2CREW2:NIL
HFGTYGLIDERTYPE:SKY Kudos 2
HFGIDGLIDERID:
HFDTMGPSDATUM:WGS84
HFRFWFIRMWAREVERSION:build 5305
HFRHWHARDWAREVERSION:drop_1506
HFFTYFRTYPE:SkyBean,SkyDrop
HFGPSRECEIVER:Quectel,L80,22cm,18000m
HFPRSPRESSALTSENSOR:Measurement specialties,MS5611,25907m
HFALGALTGPS:GEO
HFALPALTPRESSURE:ISA
HFTZNTIMEZONE:-7.0
B1911033700898N11922390WA0116101236
B1911043700898N11922390WA0116101236
B1911053700898N11922390WA0116101236
B1911063700898N11922390WA0116101236
B1911073700898N11922390WA0116101236
B1911083700898N11922390WA0116101236
B1911093700898N11922390WA0116101236
B1911103700898N11922390WA0116101237
B1911113700898N11922390WA0116101237
B1911123700898N11922390WA0116101237
B1911133700898N11922390WA0116101237
B1911143700898N11922390WA0116101237
B1911153700898N11922390WA0116101237
B1911163700897N11922390WA0116101237
B1911173700897N11922390WA0116101237
B1911183700897N11922391WA0116101237
B1911193700897N11922391WA0116101237
B1911203700897N11922391WA0116101237
B1911213700897N11922391WA0116101237
B1911223700897N11922391WA0116101237
B1911233700897N11922391WA0116101237
B1911243700897N11922391WA0116101237
B1911253700897N11922391WA0116101237
B1911263700897N11922391WA0116101237
B1911273700897N11922391WA0116101237
B1911283700897N11922391WA0116101237
B1911293700897N11922391WA0116101237
B1911303700897N11922391WA0116101237
B1911313700896N11922395WA0116101237
B1911323700896N11922396WA0116101237
B1911333700894N11922398WA0116101237
B1911343700893N11922400WA0116001237
B1911353700891N11922403WA0115701231
B1911363700888N11922406WA0115601231
B1911373700884N11922409WA0115601231
LXSB bat: 80% (3586)
B1911383700880N11922412WA0115601230
B1911393700874N11922416WA0115701229
B1911403700869N11922418WA0115801227
B1911413700864N11922419WA0116001226
B1911423700860N11922418WA0116201226
B1911433700857N11922417WA0116201227
B1911443700854N11922416WA0116001228
B1911453700849N11922417WA0115901227
B1911463700844N11922418WA0115901226
B1911473700838N11922418WA0116101227
B1911483700833N11922417WA0116401228
B1911493700829N11922416WA0116601229
B1911503700825N11922417WA0116501231
B1911513700821N11922417WA0116401232
B1911523700816N11922417WA0116301230
B1911533700812N11922416WA0116101231
B1911543700807N11922413WA0115901226
B1911553700802N11922410WA0115801224
B1911563700797N11922407WA0115801223
B1911573700792N11922405WA0115601222
B1911583700787N11922403WA0115401222
B1911593700782N11922401WA0115401221
B1912003700777N11922398WA0115301220
B1912013700772N11922393WA0115301219
B1912023700767N11922389WA0115201218
B1912033700763N11922385WA0115001218
B1912043700758N11922380WA0115001217
B1912053700754N11922376WA0115001217
B1912063700749N11922370WA0115001217
B1912073700744N11922365WA0115101216
B1912083700739N11922360WA0115501216
B1912093700735N11922356WA0115801218
B1912103700732N11922350WA0116001220
B1912113700730N11922344WA0116201223
B1912123700728N11922338WA0116201226
B1912133700726N11922332WA0116201228
B1912143700723N11922325WA0116301229
B1912153700719N11922320WA0116401230
B1912163700715N11922318WA0116701231
B1912173700712N11922319WA0116701233
B1912183700711N11922324WA0116701234
B1912193700713N11922329WA0116601234
B1912203700717N11922334WA0116901235
LXSB W 1 370149100 -1193733016 500.00
LXSB W 2 370253408 -1193813120 152.00
LXSB W 3 370171616 -1193773440 297.45
LXSB W 4 370155264 -1193892992 80.26
LXSB W 5 370163456 -1193777280 283.56
LXSB W 6 370622528 -1194539520 143.00
LXSB W 7 370487776 -1194473088 48.67
LXSB W 8 370412832 -1194342784 315.00
LXSB W 9 370674240 -1194572416 135.77
LXSB W 10 370185664 -1193839232 289.89
LXSB W 11 370185152 -1193906560 59.93
LXSB W 12 370185088 -1193906560 59.97
LXSB W 13 370140000 -1194003833 500.00
B1912213700721N11922337WA0117201237
B1912223700725N11922339WA0117401240
B1912233700730N11922340WA0117601242
B1912243700734N11922341WA0117701245
B1912253700739N11922343WA0117901245
B1912263700743N11922345WA0118001246
B1912273700748N11922349WA0118101247
B1912283700752N11922352WA0118401248
B1912293700755N11922354WA0118401251
B1912303700755N11922356WA0118401254
B1912313700753N11922359WA0118201257
B1912323700750N11922362WA0118201258
B1912333700745N11922364WA0118201260
B1912343700740N11922365WA0118201262
B1912353700735N11922363WA0118201259
B1912363700730N11922359WA0118001258
B1912373700726N11922354WA0118001257
B1912383700721N11922347WA0117801255
B1912393700716N11922340WA0117901254
B1912403700712N11922332WA0118101253
B1912413700707N11922325WA0118101254
B1912423700704N11922319WA0118201256
B1912433700700N11922316WA0118001257
B1912443700696N11922317WA0117701257
B1912453700694N11922321WA0117501257
B1912463700694N11922326WA0117401256
B1912473700696N11922330WA0117201255
B1912483700700N11922333WA0117001255
B1912493700704N11922335WA0116801254
B1912503700709N11922336WA0116601251
B1912513700714N11922337WA0116501249
B1912523700719N11922338WA0116301246
B1912533700725N11922341WA0116301244
B1912543700731N11922343WA0116401242
B1912553700736N11922345WA0116501242
B1912563700740N11922346WA0116501244
B1912573700744N11922347WA0116601245
B1912583700748N11922349WA0116501245
B1912593700753N11922352WA0116501245
B1913003700757N11922356WA0116401245
B1913013700761N11922360WA0116601244
B1913023700765N11922365WA0116701244
B1913033700769N11922370WA0116801245
B1913043700773N11922375WA0117101246
B1913053700776N11922379WA0117101248
B1913063700779N11922384WA0117101250
LXSB W 1 370120200 -1193722966 500.00
LXSB W 2 370253408 -1193813120 152.00
LXSB W 3 370171616 -1193773440 297.45
LXSB W 4 370155264 -1193892992 80.26
LXSB W 5 370163456 -1193777280 283.56
LXSB W 6 370622528 -1194539520 143.00
LXSB W 7 370487776 -1194473088 48.67
LXSB W 8 370412832 -1194342784 315.00
LXSB W 9 370674240 -1194572416 135.77
LXSB W 10 370185664 -1193839232 289.89
LXSB W 11 370185152 -1193906560 59.93
LXSB W 12 370185088 -1193906560 59.97
LXSB W 13 370140000 -1194003833 500.00
B1913073700780N11922388WA0116901250
B1913083700781N11922392WA0116701249
B1913093700781N11922396WA0116701246
B1913103700782N11922401WA0116601245
B1913113700784N11922406WA0116501244
B1913123700788N11922410WA0116401244
B1913133700791N11922413WA0116401243
B1913143700795N11922416WA0116301243
B1913153700800N11922420WA0116301241
B1913163700804N11922424WA0116301240
B1913173700810N11922428WA0116401241
B1913183700815N11922433WA0116601243
B1913193700820N11922436WA0116801246
B1913203700824N11922439WA0116901247
B1913213700828N11922443WA0116901248
B1913223700833N11922446WA0116901248
B1913233700838N11922449WA0117001248
B1913243700843N11922452WA0117001248
B1913253700848N11922455WA0117001248
B1913263700854N11922458WA0117101249
B1913273700860N11922461WA0117301250
B1913283700866N11922464WA0117501253
B1913293700871N11922467WA0117801255
B1913303700876N11922471WA0117801257
B1913313700880N11922474WA0117801258
B1913323700884N11922476WA0117801257
B1913333700890N11922478WA0117801256
B1913343700896N11922480WA0117801256
B1913353700902N11922482WA0118101258
B1913363700908N11922483WA0118301260
B1913373700912N11922486WA0118501262
B1913383700917N11922487WA0118701265
B1913393700922N11922489WA0118801266
B1913403700926N11922490WA0118901268
B1913413700932N11922491WA0119001268
B1913423700938N11922492WA0119101269
B1913433700944N11922494WA0119501271
B1913443700951N11922495WA0119801273
B1913453700957N11922496WA0119801276
B1913463700962N11922496WA0119901278
B1913473700967N11922496WA0119901279
B1913483700973N11922498WA0120001279
B1913493700978N11922500WA0120001279
B1913503700983N11922503WA0120001280
B1913513700988N11922507WA0120201280
B1913523700992N11922511WA0120401281
B1913533700995N11922515WA0120401283
B1913543700998N11922519WA0120401284
B1913553701001N11922523WA0120401285
B1913563701001N11922527WA0120401285
B1913573700999N11922530WA0120201285
LXSB W 1 370130083 -1193731333 500.00
LXSB W 2 370253408 -1193813120 152.00
LXSB W 3 370171616 -1193773440 297.45
LXSB W 4 370155264 -1193892992 80.26
LXSB W 5 370163456 -1193777280 283.56
LXSB W 6 370622528 -1194539520 143.00
LXSB W 7 370487776 -1194473088 48.67
LXSB W 8 370412832 -1194342784 315.00
LXSB W 9 370674240 -1194572416 135.77
LXSB W 10 370185664 -1193839232 289.89
LXSB W 11 370185152 -1193906560 59.93
LXSB W 12 370185088 -1193906560 59.97
LXSB W 13 370140000 -1194003833 500.00
B1913583700994N11922531WA0120001283
B1913593700989N11922529WA0120101283
B1914003700983N11922526WA0120101283
B1914013700979N11922521WA0120001283
B1914023700974N11922516WA0119901282
B1914033700970N11922511WA0120001282
B1914043700966N11922505WA0120001281
B1914053700962N11922500WA0120101281
B1914063700957N11922496WA0120201281
B1914073700952N11922492WA0120401283
B1914083700948N11922489WA0120801286
B1914093700943N11922486WA0121201290
B1914103700939N11922483WA0121401293
B1914113700936N11922480WA0121801297
B1914123700933N11922479WA0122001300
B1914133700931N11922480WA0122301302
B1914143700930N11922483WA0122401304
B1914153700930N11922487WA0122501306
B1914163700931N11922491WA0122701308
B1914173700932N11922494WA0122801310
B1914183700933N11922497WA0122701311
B1914193700936N11922500WA0122301309
B1914203700939N11922501WA0122201307
B1914213700943N11922503WA0122301306
B1914223700947N11922505WA0122201306
B1914233700952N11922506WA0122101305
B1914243700957N11922506WA0122001303
B1914253700962N11922504WA0121801301
B1914263700968N11922501WA0121601299
B1914273700974N11922497WA0121601298
B1914283700980N11922493WA0121501297
B1914293700987N11922490WA0121401296
B1914303700993N11922486WA0121301296
B1914313700998N11922482WA0121201295
B1914323701003N11922478WA0121101294
B1914333701009N11922474WA0121001293
B1914343701014N11922471WA0120901291
B1914353701020N11922470WA0120701291
B1914363701025N11922470WA0120601290
B1914373701029N11922473WA0120601288
B1914383701031N11922477WA0120501286
B1914393701031N11922482WA0120201285
B1914403701030N11922486WA0120201283
B1914413701027N11922490WA0120201283
B1914423701024N11922492WA0120301282
B1914433701019N11922493WA0120201282
B1914443701015N11922493WA0120101282
B1914453701010N11922492WA0120101282
B1914463701005N11922491WA0120101281
B1914473701000N11922490WA0120101281
B1914483700995N11922488WA0120001280
LXSB W 1 370165766 -1193755266 500.00
LXSB W 2 370253408 -1193813120 152.00
LXSB W 3 370171616 -1193773440 297.45
LXSB W 4 370155264 -1193892992 80.26
LXSB W 5 370163456 -1193777280 283.56
LXSB W 6 370622528 -1194539520 143.00
LXSB W 7 370487776 -1194473088 48.67
LXSB W 8 370412832 -1194342784 315.00
LXSB W 9 370674240 -1194572416 135.77
LXSB W 10 370185664 -1193839232 289.89
LXSB W 11 370185152 -1193906560 59.93
LXSB W 12 370185088 -1193906560 59.97
LXSB W 13 370140000 -1194003833 500.00
B1914493700989N11922486WA0119801278
B1914503700984N11922484WA0119801277
B1914513700978N11922482WA0119801277
B1914523700972N11922480WA0119801276
B1914533700966N11922478WA0119601275
B1914543700960N11922475WA0119401274
B1914553700954N11922471WA0119401274
B1914563700949N11922468WA0119501274
B1914573700943N11922464WA0119501274
B1914583700938N11922460WA0119601274
B1914593700933N11922457WA0119601275
B1915003700929N11922455WA0119501276
B1915013700924N11922453WA0119401276
B1915023700920N11922453WA0119301275
B1915033700917N11922455WA0119401274
B1915043700915N11922458WA0119301272
B1915053700915N11922462WA0119101272
B1915063700916N11922467WA0119101271
B1915073700919N11922471WA0119001270
B1915083700922N11922475WA0118901268
B1915093700926N11922479WA0118901268
B1915103700930N11922482WA0118801268
B1915113700934N11922484WA0118801268
B1915123700939N11922486WA0118601267
B1915133700944N11922487WA0118601266
B1915143700949N11922489WA0118401264
B1915153700954N11922491WA0118601263
B1915163700960N11922493WA0118501262
B1915173700966N11922494WA0118501261
B1915183700971N11922495WA0118401262
B1915193700976N11922496WA0118401263
B1915203700981N11922497WA0118101262
B1915213700985N11922498WA0117801260
B1915223700990N11922499WA0117601258
B1915233700995N11922503WA0117601255
B1915243701000N11922507WA0117601254
B1915253701005N11922511WA0117601253
B1915263701008N11922517WA0117501253
B1915273701010N11922523WA0117501253
B1915283701011N11922529WA0117601253
B1915293701010N11922534WA0117501253
B1915303701007N11922539WA0117601253
B1915313701003N11922542WA0117701253
B1915323700999N11922544WA0117801253
B1915333700994N11922545WA0117601253
B1915343700989N11922546WA0117601254
B1915353700984N11922546WA0117801254
B1915363700980N11922545WA0117801255
B1915373700975N11922545WA0117901255
B1915383700971N11922544WA0117801256
B1915393700967N11922543WA0117701256
B1915403700963N11922539WA0117601255
B1915413700960N11922535WA0117701254
B1915423700956N11922531WA0117701253
B1915433700952N11922527WA0117701253
B1915443700948N11922524WA0117601253
B1915453700944N11922521WA0117601253
B1915463700941N11922516WA0117501253
B1915473700937N11922511WA0117401252
LXSB W 1 370164950 -1193747766 500.00
LXSB W 2 370254336 -1193811072 150.78
LXSB W 3 370172960 -1193772544 299.87
LXSB W 4 370155264 -1193892992 80.26
LXSB W 5 370163456 -1193777280 283.56
LXSB W 6 370622528 -1194539520 143.00
LXSB W 7 370487776 -1194473088 48.67
LXSB W 8 370412832 -1194342784 315.00
LXSB W 9 370674240 -1194572416 135.77
LXSB W 10 370185664 -1193839232 289.89
LXSB W 11 370185152 -1193906560 59.93
LXSB W 12 370185088 -1193906560 59.97
LXSB W 13 370140000 -1194003833 500.00
B1915483700933N11922506WA0117301249
B1915493700929N11922502WA0117001248
B1915503700924N11922499WA0117101247
B1915513700919N11922496WA0117101247
B1915523700915N11922494WA0117101247
B1915533700910N11922492WA0117101246
B1915543700905N11922490WA0117201246
B1915553700899N11922488WA0117301247
B1915563700893N11922486WA0117401248
B1915573700888N11922484WA0117701250
B1915583700884N11922482WA0117801253
B1915593700880N11922479WA0117801254
B1916003700876N11922477WA0117701255
B1916013700873N11922475WA0117701255
B1916023700869N11922471WA0117801255
B1916033700865N11922467WA0117901255
B1916043700862N11922462WA0118201256
B1916053700858N11922458WA0118101258
B1916063700854N11922454WA0118201259
B1916073700849N11922450WA0118301260
B1916083700846N11922443WA0118401260
B1916093700843N11922436WA0118501261
B1916103700840N11922428WA0118701262
B1916113700836N11922421WA0118601263
B1916123700832N11922414WA0118601263
B1916133700828N11922408WA0118601263
B1916143700824N11922401WA0118701264
B1916153700820N11922394WA0118901265
B1916163700817N11922387WA0118901266
B1916173700815N11922380WA0118901267
B1916183700812N11922373WA0119101267
B1916193700809N11922365WA0119001267
B1916203700806N11922358WA0118701266
B1916213700803N11922352WA0118701266
B1916223700800N11922348WA0118801266
B1916233700796N11922347WA0118501266
B1916243700793N11922349WA0118201265
B1916253700792N11922353WA0118101264
B1916263700793N11922358WA0117901263
B1916273700795N11922362WA0117901262
B1916283700799N11922366WA0117901262
B1916293700803N11922368WA0118001262
B1916303700807N11922371WA0118001262
B1916313700811N11922373WA0118001263
B1916323700815N11922376WA0118001262
B1916333700819N11922379WA0118101262
B1916343700823N11922382WA0118201262
B1916353700826N11922386WA0118201263
B1916363700829N11922389WA0118201263
LXSB bat: 79% (3579)
B1916373700832N11922393WA0118301263
B1916383700834N11922397WA0118301263
LXSB W 1 370155633 -1193751116 500.00
LXSB W 2 370253408 -1193813120 152.00
LXSB W 3 370171616 -1193773440 297.45
LXSB W 4 370155264 -1193892992 80.26
LXSB W 5 370163456 -1193777280 283.56
LXSB W 6 370622528 -1194539520 143.00
LXSB W 7 370487776 -1194473088 48.67
LXSB W 8 370412832 -1194342784 315.00
LXSB W 9 370674240 -1194572416 135.77
LXSB W 10 370185664 -1193839232 289.89
LXSB W 11 370185152 -1193906560 59.93
LXSB W 12 370185088 -1193906560 59.97
LXSB W 13 370140000 -1194003833 500.00
B1916393700836N11922401WA0118401265
B1916403700837N11922405WA0118401266
B1916413700839N11922408WA0118301266
B1916423700841N11922411WA0118201266
B1916433700842N11922414WA0118201264
B1916443700842N11922419WA0118301262
B1916453700842N11922424WA0118201262
B1916463700842N11922430WA0118401263
B1916473700842N11922434WA0118501265
B1916483700843N11922439WA0118701266
B1916493700845N11922443WA0118701267
B1916503700846N11922448WA0118701267
B1916513700847N11922452WA0118501266
B1916523700848N11922457WA0118301265
B1916533700851N11922462WA0118201263
B1916543700854N11922466WA0118001260
B1916553700859N11922469WA0117701258
B1916563700864N11922472WA0117701257
B1916573700869N11922475WA0117601256
B1916583700874N11922478WA0117501255
B1916593700878N11922481WA0117401254
B1917003700883N11922485WA0117401254
B1917013700889N11922488WA0117301253
B1917023700894N11922491WA0117401253
B1917033700900N11922493WA0117401253
B1917043700905N11922495WA0117301253
B1917053700910N11922497WA0117101253
B1917063700916N11922499WA0117101252
B1917073700922N11922501WA0117101250
B1917083700929N11922503WA0117301249
B1917093700936N11922505WA0117601249
B1917103700942N11922506WA0117801252
B1917113700947N11922508WA0117801255
B1917123700951N11922509WA0117801257
B1917133700955N11922512WA0117801258
B1917143700958N11922516WA0117801258
B1917153700961N11922521WA0117901257
B1917163700961N11922526WA0118001257
B1917173700958N11922530WA0118001258
B1917183700954N11922530WA0118201259
B1917193700949N11922527WA0118401260
B1917203700945N11922522WA0118501261
B1917213700943N11922514WA0118501262
B1917223700940N11922507WA0118701263
B1917233700938N11922499WA0118901265
B1917243700936N11922493WA0119101267
B1917253700933N11922488WA0119201269
B1917263700929N11922484WA0119101271
LXSB W 1 370139366 -1193733600 500.00
LXSB W 2 370253408 -1193813120 152.00
LXSB W 3 370171616 -1193773440 297.45
LXSB W 4 370155264 -1193892992 80.26
LXSB W 5 370163456 -1193777280 283.56
LXSB W 6 370622528 -1194539520 143.00
LXSB W 7 370487776 -1194473088 48.67
LXSB W 8 370412832 -1194342784 315.00
LXSB W 9 370674240 -1194572416 135.77
LXSB W 10 370185664 -1193839232 289.89
LXSB W 11 370185152 -1193906560 59.93
LXSB W 12 370185088 -1193906560 59.97
LXSB W 13 370140000 -1194003833 500.00
B1917273700925N11922481WA0119201271
B1917283700921N11922481WA0119001270
B1917293700917N11922482WA0118801269
B1917303700912N11922485WA0119001268
B1917313700910N11922489WA0119001268
B1917323700908N11922493WA0119001269
B1917333700908N11922498WA0118901269
B1917343700910N11922503WA0118901269
B1917353700914N11922506WA0118901268
B1917363700918N11922509WA0119001268
B1917373700923N11922512WA0119101269
B1917383700927N11922516WA0119101269
B1917393700930N11922520WA0119201270
B1917403700932N11922524WA0119301271
B1917413700933N11922528WA0119401273
B1917423700933N11922532WA0119401274
B1917433700932N11922536WA0119301274
B1917443700930N11922539WA0119201273
B1917453700927N11922541WA0119001271
B1917463700924N11922544WA0118701268
B1917473700921N11922547WA0118701266
B1917483700917N11922551WA0118701265
B1917493700914N11922556WA0118601264
B1917503700912N11922561WA0118601264
B1917513700911N11922567WA0118601264
B1917523700911N11922573WA0118601264
B1917533700912N11922578WA0118701264
B1917543700912N11922583WA0118901265
B1917553700911N11922588WA0118901266
B1917563700911N11922593WA0118901267
B1917573700912N11922599WA0118901267
B1917583700913N11922604WA0118901268
B1917593700914N11922609WA0118801268
B1918003700915N11922614WA0118901268
B1918013700916N11922619WA0118901268
B1918023700917N11922625WA0119001268
B1918033700919N11922630WA0119001268
B1918043700922N11922635WA0118901269
B1918053700926N11922639WA0119001269
B1918063700929N11922642WA0119001270
B1918073700932N11922646WA0118901270
B1918083700935N11922651WA0118801269
B1918093700938N11922656WA0118701268
B1918103700941N11922661WA0118601267
B1918113700944N11922666WA0118501266
B1918123700948N11922671WA0118501266
B1918133700952N11922675WA0118401265
B1918143700956N11922680WA0118401264
B1918153700961N11922685WA0118201262
B1918163700966N11922690WA0118101261
B1918173700971N11922695WA0118001260
LXSB W 1 370154316 -1193746966 500.00
LXSB W 2 370253408 -1193813120 152.00
LXSB W 3 370171616 -1193773440 297.45
LXSB W 4 370155264 -1193892992 80.26
LXSB W 5 370163456 -1193777280 283.56
LXSB W 6 370622528 -1194539520 143.00
LXSB W 7 370487776 -1194473088 48.67
LXSB W 8 370412832 -1194342784 315.00
LXSB W 9 370674240 -1194572416 135.77
LXSB W 10 370185664 -1193839232 289.89
LXSB W 11 370185152 -1193906560 59.93
LXSB W 12 370185088 -1193906560 59.97
LXSB W 13 370140000 -1194003833 500.00
B1918183700975N11922699WA0118101258
B1918193700980N11922703WA0118201259
B1918203700984N11922707WA0118201260
B1918213700989N11922709WA0118101261
B1918223700994N11922707WA0118001262
B1918233701000N11922704WA0117801261
B1918243701005N11922699WA0117801261
B1918253701009N11922692WA0117701261
B1918263701011N11922685WA0117501258
B1918273701012N11922677WA0117501257
B1918283701012N11922669WA0117501257
B1918293701012N11922661WA0117401256
B1918303701012N11922654WA0117501256
B1918313701011N11922646WA0117701255
B1918323701010N11922637WA0117801256
B1918333701008N11922630WA0118101259
B1918343701006N11922622WA0118501262
B1918353701005N11922616WA0118801266
B1918363701003N11922611WA0118901269
B1918373701001N11922607WA0119201271
B1918383700998N11922607WA0119501273
B1918393700995N11922610WA0119701275
B1918403700995N11922615WA0119701276
B1918413700997N11922619WA0119601278
B1918423701002N11922623WA0119701279
B1918433701009N11922626WA0120001280
B1918443701016N11922626WA0120001282
B1918453701023N11922623WA0120101284
B1918463701029N11922619WA0120301286
B1918473701033N11922612WA0120501286
B1918483701036N11922606WA0120601287
B1918493701037N11922599WA0120701289
B1918503701035N11922593WA0120801289
B1918513701031N11922589WA0120801290
B1918523701026N11922588WA0121101292
B1918533701022N11922590WA0121301294
B1918543701020N11922594WA0121401296
B1918553701021N11922600WA0121501297
B1918563701025N11922605WA0121601298
B1918573701031N11922607WA0121501299
B1918583701038N11922607WA0121701300
B1918593701045N11922604WA0121701300
B1919003701050N11922598WA0121601300
B1919013701053N11922590WA0121501300
LXSB W 1 370162600 -1193783266 500.00
LXSB W 2 370250624 -1193820288 156.05
LXSB W 3 370171776 -1193773312 297.72
LXSB W 4 370155264 -1193892992 80.26
LXSB W 5 370163456 -1193777280 283.56
LXSB W 6 370622528 -1194539520 143.00
LXSB W 7 370487776 -1194473088 48.67
LXSB W 8 370412832 -1194342784 315.00
LXSB W 9 370674240 -1194572416 135.77
LXSB W 10 370185664 -1193839232 289.89
LXSB W 11 370185152 -1193906560 59.93
LXSB W 12 370185088 -1193906560 59.97
LXSB W 13 370140000 -1194003833 500.00
B1919023701054N11922581WA0121801300
B1919033701053N11922573WA0122001301
B1919043701051N11922567WA0122101303
B1919053701048N11922563WA0122301306
B1919063701044N11922560WA0122501308
B1919073701041N11922560WA0122601311
B1919083701038N11922560WA0122901312
B1919093701036N11922563WA0123001313
B1919103701035N11922567WA0122901314
B1919113701037N11922572WA0123001315
B1919123701042N11922576WA0123001315
B1919133701049N11922577WA0122901314
B1919143701056N11922575WA0122901314
B1919153701063N11922569WA0122801313
B1919163701067N11922561WA0122901313
B1919173701068N11922552WA0122901313
B1919183701067N11922545WA0122901313
B1919193701065N11922538WA0123001313
B1919203701062N11922533WA0123201317
B1919213701058N11922530WA0123401318
B1919223701053N11922528WA0123601321
B1919233701049N11922528WA0123901323
B1919243701045N11922529WA0124101323
B1919253701041N11922530WA0124201326
B1919263701038N11922532WA0124401328
B1919273701036N11922534WA0124501330
B1919283701035N11922537WA0124501332
B1919293701036N11922541WA0124501333
B1919303701039N11922546WA0124401332
B1919313701044N11922548WA0124301332
B1919323701051N11922547WA0124301331
B1919333701056N11922541WA0124201329
B1919343701058N11922531WA0124101327
B1919353701055N11922524WA0124001324
B1919363701050N11922520WA0123901323
B1919373701046N11922519WA0123901322
B1919383701043N11922518WA0124101323
B1919393701041N11922517WA0124201324
LXSB W 1 370175783 -1193763616 500.00
LXSB W 2 370253408 -1193813120 152.00
LXSB W 3 370171616 -1193773440 297.45
LXSB W 4 370155264 -1193892992 80.26
LXSB W 5 370163456 -1193777280 283.56
LXSB W 6 370622528 -1194539520 143.00
LXSB W 7 370487776 -1194473088 48.67
LXSB W 8 370412832 -1194342784 315.00
LXSB W 9 370674240 -1194572416 135.77
LXSB W 10 370185664 -1193839232 289.89
LXSB W 11 370185152 -1193906560 59.93
LXSB W 12 370185088 -1193906560 59.97
LXSB W 13 370140000 -1194003833 500.00
B1919403701038N11922516WA0124301324
B1919413701036N11922516WA0124201322
B1919423701032N11922515WA0124101322
B1919433701028N11922515WA0124101323
B1919443701025N11922515WA0124201323
B1919453701022N11922516WA0124101323
B1919463701019N11922516WA0124001323
B1919473701016N11922516WA0123901322
B1919483701012N11922516WA0123801321
B1919493701009N11922517WA0123801320
B1919503701005N11922516WA0123701319
B1919513701002N11922513WA0123701318
B1919523700998N11922510WA0123701317
B1919533700994N11922507WA0123801317
B1919543700989N11922506WA0123901317
B1919553700985N11922504WA0124101318
B1919563700981N11922502WA0124201320
B1919573700977N11922500WA0124501323
B1919583700973N11922497WA0124801325
B1919593700970N11922496WA0124901327
B1920003700968N11922497WA0124701329
B1920013700967N11922500WA0124601330
B1920023700966N11922504WA0124601330
B1920033700967N11922508WA0124601330
B1920043700970N11922512WA0124401330
B1920053700973N11922514WA0124301328
B1920063700978N11922515WA0124001327
B1920073700983N11922514WA0123801325
B1920083700989N11922511WA0123701322
B1920093700995N11922507WA0123401320
B1920103701001N11922502WA0123101318
B1920113701007N11922499WA0122901315
B1920123701014N11922498WA0122701312
B1920133701020N11922499WA0122601309
B1920143701024N11922502WA0122601308
LXSB W 1 370173150 -1193752783 500.00
LXSB W 2 370253408 -1193813120 152.00
LXSB W 3 370171616 -1193773440 297.45
LXSB W 4 370155264 -1193892992 80.26
LXSB W 5 370163456 -1193777280 283.56
LXSB W 6 370622528 -1194539520 143.00
LXSB W 7 370487776 -1194473088 48.67
LXSB W 8 370412832 -1194342784 315.00
LXSB W 9 370674240 -1194572416 135.77
LXSB W 10 370185664 -1193839232 289.89
LXSB W 11 370185152 -1193906560 59.93
LXSB W 12 370185088 -1193906560 59.97
LXSB W 13 370140000 -1194003833 500.00
B1920153701027N11922505WA0122301305
B1920163701029N11922509WA0122101303
B1920173701029N11922514WA0122201302
B1920183701028N11922517WA0122101301
B1920193701025N11922520WA0122001300
B1920203701022N11922521WA0121901299
B1920213701017N11922522WA0121801298
B1920223701013N11922522WA0121601296
B1920233701008N11922522WA0121601295
B1920243701003N11922521WA0121501294
B1920253700998N11922519WA0121601293
B1920263700993N11922516WA0121401293
B1920273700988N11922513WA0121301292
B1920283700983N11922510WA0121201291
B1920293700979N11922508WA0120901288
B1920303700974N11922505WA0120701286
B1920313700969N11922502WA0120601283
B1920323700963N11922499WA0120501281
B1920333700958N11922497WA0120401281
B1920343700953N11922494WA0120401281
B1920353700948N11922490WA0120501281
B1920363700944N11922486WA0120501281
B1920373700939N11922481WA0120601282
B1920383700934N11922477WA0120601282
B1920393700930N11922473WA0120801284
B1920403700926N11922469WA0120801285
B1920413700922N11922464WA0120801286
B1920423700918N11922460WA0120901286
B1920433700914N11922456WA0120801286
B1920443700910N11922452WA0120801286
B1920453700905N11922448WA0120901287
B1920463700901N11922444WA0121001287
B1920473700897N11922440WA0121001288
B1920483700893N11922435WA0121001288
B1920493700889N11922431WA0120901288
B1920503700885N11922427WA0120801287
B1920513700881N11922423WA0120801286
B1920523700876N11922418WA0120901286
B1920533700872N11922412WA0121001286
B1920543700867N11922407WA0121101286
B1920553700863N11922402WA0121201287
B1920563700859N11922396WA0121301288
B1920573700855N11922391WA0121201290
B1920583700852N11922386WA0121101290
B1920593700848N11922381WA0121101290
B1921003700844N11922376WA0121001289
B1921013700839N11922371WA0121001288
B1921023700834N11922367WA0121201287
B1921033700829N11922364WA0121201288
B1921043700824N11922362WA0121201289
B1921053700820N11922361WA0121101290
B1921063700815N11922360WA0121001289
B1921073700811N11922359WA0120801288
LXSB W 1 370171316 -1193750950 500.00
LXSB W 2 370253408 -1193813120 152.00
LXSB W 3 370171616 -1193773440 297.45
LXSB W 4 370155264 -1193892992 80.26
LXSB W 5 370163456 -1193777280 283.56
LXSB W 6 370622528 -1194539520 143.00
LXSB W 7 370487776 -1194473088 48.67
LXSB W 8 370412832 -1194342784 315.00
LXSB W 9 370674240 -1194572416 135.77
LXSB W 10 370185664 -1193839232 289.89
LXSB W 11 370185152 -1193906560 59.93
LXSB W 12 370185088 -1193906560 59.97
LXSB W 13 370140000 -1194003833 500.00
B1921083700806N11922359WA0120801284
B1921093700801N11922359WA0120601283
B1921103700795N11922360WA0120501282
B1921113700791N11922360WA0120601281
B1921123700787N11922362WA0120601282
B1921133700784N11922364WA0120601282
B1921143700780N11922365WA0120601281
B1921153700777N11922367WA0120501281
B1921163700774N11922369WA0120501281
B1921173700772N11922372WA0120401281
B1921183700771N11922376WA0120301280
B1921193700773N11922380WA0120301279
B1921203700776N11922383WA0120101278
B1921213700781N11922386WA0120101277
B1921223700785N11922388WA0120101276
B1921233700790N11922391WA0119901276
B1921243700795N11922393WA0119801275
B1921253700801N11922395WA0119701274
B1921263700806N11922397WA0119701274
B1921273700812N11922399WA0119701273
B1921283700817N11922401WA0119801273
B1921293700821N11922403WA0119601272
B1921303700826N11922406WA0119401271
B1921313700830N11922409WA0119301271
LXSB bat: 79% (3579)
B1921323700835N11922412WA0119301270
B1921333700839N11922416WA0119201269
B1921343700842N11922420WA0119101268
B1921353700846N11922424WA0119001267
B1921363700850N11922427WA0119001266
B1921373700853N11922430WA0118901266
B1921383700857N11922433WA0118701265
B1921393700861N11922436WA0118701264
B1921403700866N11922439WA0118701263
B1921413700872N11922442WA0118901263
B1921423700877N11922445WA0118901263
B1921433700882N11922448WA0118901263
B1921443700887N11922450WA0119001264
B1921453700892N11922452WA0119001264
B1921463700897N11922454WA0119101265
B1921473700902N11922457WA0119001264
B1921483700907N11922460WA0119101264
B1921493700912N11922465WA0119201263
B1921503700918N11922468WA0119401263
B1921513700924N11922471WA0119501264
B1921523700929N11922473WA0119801267
B1921533700933N11922475WA0119901271
B1921543700936N11922477WA0119801273
B1921553700939N11922479WA0119701275
B1921563700941N11922482WA0119501275
B1921573700942N11922487WA0119401274
B1921583700943N11922493WA0119201271
B1921593700944N11922498WA0119201270
B1922003700945N11922503WA0119201270
B1922013700946N11922508WA0119201270
B1922023700947N11922513WA0119201270
B1922033700946N11922518WA0119101270
B1922043700942N11922521WA0118901269
B1922053700937N11922521WA0118801268
B1922063700931N11922518WA0118801267
B1922073700927N11922514WA0118601267
LXSB W 1 370134400 -1193726533 500.00
LXSB W 2 370253408 -1193813120 152.00
LXSB W 3 370171616 -1193773440 297.45
LXSB W 4 370155264 -1193892992 80.26
LXSB W 5 370163456 -1193777280 283.56
LXSB W 6 370622528 -1194539520 143.00
LXSB W 7 370487776 -1194473088 48.67
LXSB W 8 370412832 -1194342784 315.00
LXSB W 9 370674240 -1194572416 135.77
LXSB W 10 370185664 -1193839232 289.89
LXSB W 11 370185152 -1193906560 59.93
LXSB W 12 370185088 -1193906560 59.97
LXSB W 13 370140000 -1194003833 500.00
B1922083700923N11922508WA0118501265
B1922093700919N11922503WA0118401264
B1922103700916N11922497WA0118401263
B1922113700912N11922491WA0118401263
B1922123700908N11922485WA0118301262
B1922133700905N11922479WA0118301262
B1922143700902N11922473WA0118501262
B1922153700899N11922467WA0118601263
B1922163700896N11922461WA0118701264
B1922173700894N11922455WA0118601265
B1922183700892N11922449WA0118701265
B1922193700891N11922442WA0118501264
B1922203700889N11922435WA0118501264
B1922213700886N11922428WA0118401263
B1922223700883N11922422WA0118301262
B1922233700879N11922417WA0118301262
B1922243700875N11922413WA0118401262
B1922253700870N11922408WA0118501262
B1922263700866N11922404WA0118601263
B1922273700862N11922399WA0118701264
B1922283700857N11922395WA0118501264
B1922293700853N11922392WA0118501264
B1922303700848N11922388WA0118601264
B1922313700843N11922385WA0118601264
B1922323700838N11922381WA0118601265
B1922333700834N11922377WA0118501264
B1922343700830N11922373WA0118501264
B1922353700825N11922371WA0118501263
B1922363700820N11922368WA0118301262
B1922373700816N11922366WA0118401262
B1922383700812N11922363WA0118401262
B1922393700808N11922360WA0118401263
B1922403700804N11922357WA0118401263
B1922413700801N11922354WA0118501264
B1922423700797N11922350WA0118601263
B1922433700793N11922346WA0118601263
B1922443700788N11922342WA0118701263
B1922453700784N11922339WA0118701264
B1922463700779N11922337WA0118901265
B1922473700774N11922334WA0118901267
B1922483700769N11922331WA0119101269
B1922493700764N11922328WA0119101270
B1922503700760N11922324WA0119101271
B1922513700756N11922319WA0119201271
B1922523700751N11922315WA0119501272
B1922533700746N11922311WA0119601273
B1922543700741N11922307WA0119701275
B1922553700736N11922304WA0120001277
B1922563700731N11922300WA0120001279
B1922573700726N11922296WA0120301281
B1922583700720N11922293WA0120501283
B1922593700715N11922290WA0120501285
B1923003700709N11922287WA0120801286
B1923013700705N11922284WA0121001289
B1923023700700N11922282WA0121401292
B1923033700697N11922283WA0121601295
B1923043700696N11922286WA0121601296
B1923053700698N11922290WA0121801298
LXSB W 1 370153866 -1193751450 500.00
LXSB W 2 370253408 -1193813120 152.00
LXSB W 3 370171616 -1193773440 297.45
LXSB W 4 370155264 -1193892992 80.26
LXSB W 5 370163456 -1193777280 283.56
LXSB W 6 370622528 -1194539520 143.00
LXSB W 7 370487776 -1194473088 48.67
LXSB W 8 370412832 -1194342784 315.00
LXSB W 9 370674240 -1194572416 135.77
LXSB W 10 370185664 -1193839232 289.89
LXSB W 11 370185152 -1193906560 59.93
LXSB W 12 370185088 -1193906560 59.97
LXSB W 13 370140000 -1194003833 500.00
B1923063700701N11922294WA0122001298
B1923073700705N11922297WA0122301300
B1923083700710N11922299WA0122601303
B1923093700716N11922298WA0122801306
B1923103700721N11922295WA0123001309
B1923113700726N11922288WA0123301312
B1923123700728N11922280WA0123501314
B1923133700728N11922272WA0123501317
B1923143700726N11922265WA0123801319
B1923153700722N11922259WA0123901321
B1923163700718N11922255WA0124001323
B1923173700714N11922252WA0124301325
B1923183700709N11922251WA0124501326
B1923193700705N11922252WA0124701328
B1923203700704N11922256WA0124901330
B1923213700705N11922259WA0125001332
B1923223700707N11922263WA0125101334
B1923233700711N11922266WA0125301336
B1923243700716N11922267WA0125501338
B1923253700722N11922267WA0125701339
B1923263700728N11922263WA0126001340
B1923273700733N11922257WA0126101342
B1923283700735N11922250WA0126301345
B1923293700737N11922243WA0126501347
B1923303700737N11922235WA0126701349
B1923313700736N11922227WA0126801351
B1923323700734N11922220WA0126901351
B1923333700731N11922213WA0127001353
B1923343700727N11922208WA0127201355
B1923353700723N11922204WA0127501357
B1923363700718N11922202WA0127801359
B1923373700713N11922201WA0128001361
B1923383700709N11922201WA0128201363
B1923393700707N11922203WA0128401366
B1923403700706N11922206WA0128601369
B1923413700707N11922210WA0129001372
B1923423700709N11922214WA0129201374
B1923433700713N11922216WA0129501377
B1923443700718N11922216WA0129601380
B1923453700724N11922213WA0129801382
B1923463700729N11922208WA0130101385
B1923473700733N11922202WA0130401387
LXSB W 1 370116883 -1193715766 500.00
LXSB W 2 370253408 -1193813120 152.00
LXSB W 3 370171616 -1193773440 297.45
LXSB W 4 370155264 -1193892992 80.26
LXSB W 5 370163456 -1193777280 283.56
LXSB W 6 370622528 -1194539520 143.00
LXSB W 7 370487776 -1194473088 48.67
LXSB W 8 370412832 -1194342784 315.00
LXSB W 9 370674240 -1194572416 135.77
LXSB W 10 370185664 -1193839232 289.89
LXSB W 11 370185152 -1193906560 59.93
LXSB W 12 370185088 -1193906560 59.97
LXSB W 13 370140000 -1194003833 500.00
B1923483700736N11922196WA0130601393
B1923493700738N11922188WA0130801395
B1923503700739N11922181WA0130901397
B1923513700739N11922173WA0131001398
B1923523700737N11922166WA0131001399
B1923533700733N11922159WA0131301400
B1923543700729N11922153WA0131701402
B1923553700724N11922148WA0131901404
B1923563700719N11922144WA0132101408
B1923573700715N11922142WA0132301411
B1923583700712N11922140WA0132601413
B1923593700708N11922140WA0132701415
B1924003700704N11922140WA0132901417
B1924013700701N11922142WA0132901419
B1924023700699N11922144WA0133001420
B1924033700699N11922148WA0133101421
B1924043700700N11922152WA0133201421
B1924053700703N11922156WA0133301422
B1924063700706N11922159WA0133501423
B1924073700711N11922162WA0133601425
B1924083700715N11922165WA0133701427
B1924093700719N11922167WA0133701428
B1924103700723N11922169WA0133801428
B1924113700728N11922170WA0133801429
B1924123700734N11922171WA0133901429
B1924133700741N11922170WA0133901430
B1924143700747N11922166WA0134001430
B1924153700752N11922159WA0134101431
B1924163700755N11922150WA0134401432
B1924173700757N11922141WA0134401434
B1924183700757N11922132WA0134401435
B1924193700756N11922124WA0134601437
B1924203700754N11922116WA0134701438
B1924213700751N11922109WA0134801439
B1924223700747N11922103WA0134901440
B1924233700742N11922099WA0134901440
B1924243700737N11922096WA0135101440
B1924253700731N11922094WA0135201440
B1924263700727N11922094WA0135401442
B1924273700724N11922094WA0135401444
B1924283700721N11922095WA0135501446
B1924293700719N11922096WA0135501446
B1924303700717N11922099WA0135401446
B1924313700716N11922102WA0135401446
LXSB W 1 370122800 -1193699333 500.00
LXSB W 2 370254656 -1193810304 150.35
LXSB W 3 370172960 -1193772544 299.87
LXSB W 4 370155264 -1193892992 80.26
LXSB W 5 370163456 -1193777280 283.56
LXSB W 6 370622528 -1194539520 143.00
LXSB W 7 370487776 -1194473088 48.67
LXSB W 8 370412832 -1194342784 315.00
LXSB W 9 370674240 -1194572416 135.77
LXSB W 10 370185664 -1193839232 289.89
LXSB W 11 370185152 -1193906560 59.93
LXSB W 12 370185088 -1193906560 59.97
LXSB W 13 370140000 -1194003833 500.00
B1924323700717N11922105WA0135601447
B1924333700718N11922109WA0135701447
B1924343700721N11922113WA0135801448
B1924353700725N11922116WA0135801450
B1924363700730N11922118WA0135801451
B1924373700736N11922117WA0135701451
B1924383700742N11922115WA0135601450
B1924393700749N11922111WA0135501450
B1924403700755N11922105WA0135401448
B1924413700760N11922097WA0135401448
B1924423700762N11922088WA0135201447
B1924433700762N11922079WA0135101446
B1924443700760N11922071WA0135101444
B1924453700756N11922064WA0135001443
B1924463700752N11922059WA0135001442
B1924473700747N11922056WA0135001442
B1924483700743N11922055WA0135001442
B1924493700741N11922056WA0135001442
B1924503700739N11922058WA0134901443
B1924513700737N11922060WA0134901443
B1924523700737N11922063WA0134801443
B1924533700736N11922066WA0134801442
B1924543700735N11922070WA0134701441
B1924553700734N11922073WA0134601440
B1924563700734N11922076WA0134401440
B1924573700733N11922079WA0134401440
B1924583700733N11922082WA0134201439
B1924593700733N11922086WA0134201438
B1925003700733N11922090WA0134101437
B1925013700733N11922093WA0133801436
B1925023700733N11922097WA0133701435
B1925033700732N11922101WA0133401434
B1925043700731N11922106WA0133201432
B1925053700731N11922111WA0133001430
B1925063700732N11922116WA0132901429
B1925073700735N11922120WA0132701428
B1925083700737N11922124WA0132701426
B1925093700738N11922128WA0132401424
B1925103700740N11922132WA0132001422
B1925113700742N11922137WA0131901419
LXSB W 1 370119550 -1193684283 500.00
LXSB W 2 370255104 -1193809408 149.80
LXSB W 3 370172960 -1193772544 299.87
LXSB W 4 370155264 -1193892992 80.26
LXSB W 5 370163456 -1193777280 283.56
LXSB W 6 370622528 -1194539520 143.00
LXSB W 7 370487776 -1194473088 48.67
LXSB W 8 370412832 -1194342784 315.00
LXSB W 9 370674240 -1194572416 135.77
LXSB W 10 370185664 -1193839232 289.89
LXSB W 11 370185152 -1193906560 59.93
LXSB W 12 370185088 -1193906560 59.97
LXSB W 13 370140000 -1194003833 500.00
B1925123700745N11922143WA0131701416
B1925133700747N11922149WA0131801414
B1925143700749N11922154WA0131701415
B1925153700751N11922159WA0131501415
B1925163700754N11922163WA0131501415
B1925173700756N11922167WA0131401414
B1925183700759N11922172WA0131201412
B1925193700762N11922177WA0131001410
B1925203700764N11922181WA0130901409
B1925213700767N11922185WA0130801407
B1925223700769N11922189WA0130501406
B1925233700773N11922192WA0130401404
B1925243700776N11922196WA0130301402
B1925253700780N11922201WA0130101400
B1925263700783N11922206WA0129801398
B1925273700786N11922210WA0129401396
B1925283700788N11922214WA0129101394
B1925293700791N11922218WA0128701391
B1925303700792N11922223WA0128401386
B1925313700793N11922228WA0128201382
B1925323700794N11922233WA0128001379
B1925333700794N11922237WA0127701377
B1925343700795N11922241WA0127401374
B1925353700795N11922245WA0127001371
B1925363700796N11922250WA0126601367
B1925373700797N11922256WA0126701363
B1925383700798N11922260WA0126801361
B1925393700797N11922264WA0126701359
B1925403700796N11922267WA0126601361
B1925413700796N11922270WA0126601362
B1925423700795N11922272WA0126501361
B1925433700795N11922276WA0126501360
B1925443700794N11922280WA0126501359
B1925453700794N11922284WA0126601358
B1925463700794N11922288WA0126401357
B1925473700796N11922291WA0126401357
B1925483700798N11922294WA0126401357
B1925493700799N11922296WA0126501357
B1925503700801N11922299WA0126401357
B1925513700804N11922302WA0126301357
B1925523700806N11922305WA0126201355
B1925533700810N11922309WA0126001354
B1925543700813N11922312WA0125801352
B1925553700817N11922316WA0125601350
B1925563700820N11922320WA0125301347
B1925573700823N11922324WA0125001345
B1925583700826N11922328WA0124901342
B1925593700830N11922332WA0124701339
B1926003700832N11922336WA0124601338
B1926013700835N11922340WA0124501337
B1926023700838N11922344WA0124401335
B1926033700842N11922347WA0124101333
B1926043700845N11922351WA0124201331
B1926053700848N11922355WA0124301330
B1926063700851N11922359WA0124301330
LXSB W 1 370124183 -1193690616 500.00
LXSB W 2 370255104 -1193809408 149.80
LXSB W 3 370172960 -1193772544 299.87
LXSB W 4 370155264 -1193892992 80.26
LXSB W 5 370163456 -1193777280 283.56
LXSB W 6 370622528 -1194539520 143.00
LXSB W 7 370487776 -1194473088 48.67
LXSB W 8 370412832 -1194342784 315.00
LXSB W 9 370674240 -1194572416 135.77
LXSB W 10 370185664 -1193839232 289.89
LXSB W 11 370185152 -1193906560 59.93
LXSB W 12 370185088 -1193906560 59.97
LXSB W 13 370140000 -1194003833 500.00
B1926073700854N11922362WA0124201331
B1926083700857N11922365WA0124101331
B1926093700860N11922367WA0123901328
B1926103700863N11922370WA0123801326
B1926113700866N11922374WA0123601324
B1926123700869N11922379WA0123601323
B1926133700871N11922384WA0123601322
B1926143700873N11922388WA0123501322
B1926153700876N11922392WA0123401321
B1926163700878N11922395WA0123201320
B1926173700881N11922399WA0123101318
B1926183700884N11922402WA0123001316
B1926193700887N11922406WA0122801314
B1926203700891N11922409WA0122701313
B1926213700896N11922412WA0122601312
B1926223700900N11922414WA0122401311
B1926233700904N11922415WA0122201309
B1926243700909N11922417WA0122101306
B1926253700914N11922420WA0121801303
B1926263700919N11922423WA0121701300
B1926273700924N11922426WA0121601299
B1926283700928N11922429WA0121401298
B1926293700932N11922432WA0121201296
B1926303700937N11922434WA0121001294
LXSB bat: 79% (3581)
B1926313700942N11922436WA0120901290
B1926323700948N11922438WA0120901288
B1926333700955N11922441WA0120701287
B1926343700960N11922443WA0120601287
B1926353700964N11922446WA0120401286
B1926363700968N11922448WA0120101283
B1926373700972N11922452WA0120101281
B1926383700977N11922456WA0120301279
B1926393700981N11922461WA0120301279
B1926403700985N11922465WA0120201281
B1926413700988N11922469WA0120101282
B1926423700990N11922471WA0120001281
B1926433700992N11922475WA0119901279
B1926443700993N11922479WA0119601276
B1926453700995N11922485WA0119601274
B1926463700996N11922491WA0119401273
B1926473700997N11922496WA0119401272
B1926483700997N11922501WA0119401272
B1926493700997N11922506WA0119201271
B1926503700997N11922512WA0119301270
B1926513700996N11922517WA0119501271
B1926523700995N11922521WA0119401273
B1926533700994N11922524WA0119301273
B1926543700991N11922525WA0119201271
B1926553700988N11922525WA0119201270
B1926563700984N11922525WA0119301269
B1926573700981N11922525WA0119301270
B1926583700977N11922525WA0119301271
B1926593700973N11922524WA0119401272
B1927003700970N11922521WA0119301272
B1927013700966N11922517WA0119301272
B1927023700962N11922513WA0119301271
B1927033700958N11922509WA0119401271
B1927043700954N11922505WA0119601272
B1927053700950N11922502WA0119701273
LXSB W 1 370142883 -1193727500 500.00
LXSB W 2 370253408 -1193813120 152.00
LXSB W 3 370171616 -1193773440 297.45
LXSB W 4 370155264 -1193892992 80.26
LXSB W 5 370163456 -1193777280 283.56
LXSB W 6 370622528 -1194539520 143.00
LXSB W 7 370487776 -1194473088 48.67
LXSB W 8 370412832 -1194342784 315.00
LXSB W 9 370674240 -1194572416 135.77
LXSB W 10 370185664 -1193839232 289.89
LXSB W 11 370185152 -1193906560 59.93
LXSB W 12 370185088 -1193906560 59.97
LXSB W 13 370140000 -1194003833 500.00
B1927063700946N11922499WA0119901277
B1927073700942N11922495WA0120001278
B1927083700938N11922492WA0120001279
B1927093700934N11922487WA0120101279
B1927103700930N11922483WA0120201280
B1927113700927N11922479WA0120401281
B1927123700923N11922474WA0120401283
B1927133700920N11922471WA0120501284
B1927143700916N11922467WA0120601285
B1927153700913N11922463WA0120701285
B1927163700909N11922458WA0120801286
B1927173700905N11922454WA0120901287
B1927183700901N11922451WA0121001289
B1927193700897N11922448WA0121301291
B1927203700894N11922446WA0121501293
B1927213700890N11922443WA0121601294
B1927223700886N11922441WA0121801296
B1927233700882N11922437WA0122001298
B1927243700878N11922434WA0122101300
B1927253700874N11922431WA0122301303
B1927263700870N11922427WA0122501305
B1927273700867N11922423WA0122701307
B1927283700863N11922419WA0122801308
B1927293700859N11922417WA0122901309
B1927303700855N11922418WA0122901310
B1927313700854N11922421WA0122901310
B1927323700854N11922426WA0123001311
B1927333700857N11922431WA0122901312
B1927343700861N11922434WA0122901313
B1927353700866N11922435WA0123101313
B1927363700871N11922435WA0123301314
B1927373700877N11922434WA0123201315
B1927383700883N11922431WA0123201316
B1927393700888N11922424WA0123401316
B1927403700892N11922416WA0123501317
B1927413700893N11922407WA0123601318
B1927423700892N11922398WA0123601318
B1927433700889N11922392WA0123701319
B1927443700885N11922388WA0123801321
B1927453700881N11922385WA0124101322
B1927463700877N11922383WA0124201325
B1927473700874N11922381WA0124301325
B1927483700870N11922379WA0124401327
B1927493700867N11922376WA0124501328
B1927503700863N11922374WA0124401328
B1927513700859N11922373WA0124501328
B1927523700856N11922373WA0124601329
B1927533700852N11922374WA0124701330
B1927543700850N11922375WA0124601331
B1927553700849N11922378WA0124601331
B1927563700849N11922381WA0124601331
LXSB W 1 370157700 -1193749833 500.00
LXSB W 2 370253408 -1193813120 152.00
LXSB W 3 370171616 -1193773440 297.45
LXSB W 4 370155264 -1193892992 80.26
LXSB W 5 370163456 -1193777280 283.56
LXSB W 6 370622528 -1194539520 143.00
LXSB W 7 370487776 -1194473088 48.67
LXSB W 8 370412832 -1194342784 315.00
LXSB W 9 370674240 -1194572416 135.77
LXSB W 10 370185664 -1193839232 289.89
LXSB W 11 370185152 -1193906560 59.93
LXSB W 12 370185088 -1193906560 59.97
LXSB W 13 370140000 -1194003833 500.00
B1927573700849N11922385WA0124601330
B1927583700850N11922389WA0124701330
B1927593700851N11922392WA0124601330
B1928003700852N11922396WA0124601330
B1928013700854N11922400WA0124701330
B1928023700856N11922404WA0124701330
B1928033700859N11922408WA0124801331
B1928043700861N11922412WA0124701331
B1928053700865N11922415WA0124801332
B1928063700868N11922419WA0124701332
B1928073700872N11922423WA0124601331
B1928083700877N11922427WA0124501330
B1928093700882N11922431WA0124501329
B1928103700887N11922435WA0124301328
B1928113700891N11922439WA0124101327
B1928123700896N11922444WA0124101326
B1928133700899N11922448WA0124201325
B1928143700903N11922453WA0124101325
B1928153700907N11922459WA0124001324
B1928163700911N11922464WA0124201324
B1928173700915N11922469WA0124201323
B1928183700919N11922474WA0124101323
B1928193700923N11922480WA0124001323
B1928203700927N11922485WA0124201324
B1928213700930N11922491WA0124601326
B1928223700933N11922497WA0124901329
B1928233700935N11922502WA0125201332
B1928243700936N11922506WA0125401336
B1928253700938N11922510WA0125601336
B1928263700939N11922515WA0126001339
B1928273700939N11922519WA0126301342
B1928283700941N11922523WA0126401345
B1928293700943N11922526WA0126501347
B1928303700946N11922529WA0126601349
B1928313700949N11922533WA0126701350
B1928323700950N11922537WA0126801351
B1928333700952N11922541WA0126801351
B1928343700954N11922546WA0126901352
B1928353700957N11922550WA0127201354
B1928363700958N11922555WA0127401356
B1928373700960N11922560WA0127601357
B1928383700961N11922565WA0127601359
LXSB W 1 370141600 -1193730883 500.00
LXSB W 2 370253408 -1193813120 152.00
LXSB W 3 370171616 -1193773440 297.45
LXSB W 4 370155264 -1193892992 80.26
LXSB W 5 370163456 -1193777280 283.56
LXSB W 6 370622528 -1194539520 143.00
LXSB W 7 370487776 -1194473088 48.67
LXSB W 8 370412832 -1194342784 315.00
LXSB W 9 370674240 -1194572416 135.77
LXSB W 10 370185664 -1193839232 289.89
LXSB W 11 370185152 -1193906560 59.93
LXSB W 12 370185088 -1193906560 59.97
LXSB W 13 370140000 -1194003833 500.00
B1928393700963N11922570WA0127801362
B1928403700965N11922574WA0127901364
B1928413700967N11922577WA0128001365
B1928423700970N11922581WA0128301365
B1928433700973N11922583WA0128501368
B1928443700977N11922585WA0128301369
B1928453700982N11922584WA0128101371
B1928463700988N11922582WA0128001371
B1928473700994N11922578WA0128001371
B1928483701000N11922571WA0127801371
B1928493701004N11922562WA0127801370
B1928503701005N11922552WA0128101371
B1928513701004N11922543WA0128301373
B1928523701001N11922537WA0128501375
B1928533700998N11922532WA0128601378
B1928543700995N11922528WA0128701380
B1928553700991N11922525WA0128801381
B1928563700988N11922521WA0128901382
B1928573700984N11922518WA0128901379
B1928583700980N11922517WA0128901379
B1928593700976N11922517WA0129001379
B1929003700973N11922519WA0129001379
B1929013700971N11922522WA0129101379
B1929023700971N11922525WA0129401381
B1929033700973N11922528WA0129501383
B1929043700976N11922531WA0129501385
B1929053700980N11922533WA0129701386
B1929063700985N11922536WA0129701386
B1929073700990N11922538WA0129801386
B1929083700996N11922538WA0129901387
B1929093701002N11922536WA0129901388
B1929103701008N11922531WA0130101389
B1929113701014N11922526WA0130201390
B1929123701020N11922519WA0130201391
B1929133701024N11922512WA0130301392
B1929143701028N11922504WA0130301393
B1929153701030N11922495WA0130401394
B1929163701032N11922486WA0130501394
B1929173701032N11922477WA0130501395
B1929183701031N11922468WA0130701396
B1929193701028N11922460WA0130701396
B1929203701025N11922454WA0130701396
B1929213701022N11922449WA0130701397
B1929223701018N11922446WA0130901397
B1929233701014N11922444WA0130801398
LXSB W 1 370160550 -1193761700 500.00
LXSB W 2 370252256 -1193815936 153.60
LXSB W 3 370170976 -1193773824 296.30
LXSB W 4 370155264 -1193892992 80.26
LXSB W 5 370163456 -1193777280 283.56
LXSB W 6 370622528 -1194539520 143.00
LXSB W 7 370487776 -1194473088 48.67
LXSB W 8 370412832 -1194342784 315.00
LXSB W 9 370674240 -1194572416 135.77
LXSB W 10 370185664 -1193839232 289.89
LXSB W 11 370185152 -1193906560 59.93
LXSB W 12 370185088 -1193906560 59.97
LXSB W 13 370140000 -1194003833 500.00
B1929243701010N11922442WA0130701398
B1929253701007N11922442WA0130701397
B1929263701003N11922443WA0130701396
B1929273700999N11922445WA0130701396
B1929283700996N11922448WA0130901396
B1929293700993N11922450WA0130901398
B1929303700991N11922452WA0131001400
B1929313700988N11922454WA0131101401
B1929323700985N11922455WA0131201402
B1929333700983N11922456WA0131201403
B1929343700980N11922457WA0131201403
B1929353700979N11922459WA0131401404
B1929363700979N11922463WA0131501404
B1929373700983N11922466WA0131501405
B1929383700988N11922468WA0131501405
B1929393700995N11922466WA0131601405
B1929403701002N11922463WA0131701406
B1929413701008N11922459WA0131901408
B1929423701014N11922454WA0131801410
B1929433701019N11922449WA0131801409
B1929443701023N11922443WA0131801409
B1929453701027N11922437WA0131701407
B1929463701031N11922429WA0131501406
B1929473701033N11922420WA0131501405
B1929483701034N11922410WA0131301403
B1929493701031N11922402WA0131201401
B1929503701027N11922397WA0131201400
B1929513701022N11922394WA0131101399
B1929523701019N11922394WA0131101399
B1929533701015N11922394WA0131201399
B1929543701012N11922394WA0131201399
B1929553701009N11922393WA0131201399
B1929563701005N11922394WA0131201399
B1929573701002N11922395WA0131201398
B1929583700998N11922397WA0131201397
B1929593700995N11922399WA0131501397
B1930003700992N11922400WA0131701399
B1930013700990N11922402WA0131701401
LXSB W 1 370168483 -1193740483 500.00
LXSB W 2 370253408 -1193813120 152.00
LXSB W 3 370171616 -1193773440 297.45
LXSB W 4 370155264 -1193892992 80.26
LXSB W 5 370163456 -1193777280 283.56
LXSB W 6 370622528 -1194539520 143.00
LXSB W 7 370487776 -1194473088 48.67
LXSB W 8 370412832 -1194342784 315.00
LXSB W 9 370674240 -1194572416 135.77
LXSB W 10 370185664 -1193839232 289.89
LXSB W 11 370185152 -1193906560 59.93
LXSB W 12 370185088 -1193906560 59.97
LXSB W 13 370140000 -1194003833 500.00
B1930023700988N11922403WA0132101403
B1930033700985N11922404WA0132101404
B1930043700982N11922406WA0132301406
B1930053700979N11922406WA0132501408
B1930063700976N11922407WA0132601410
B1930073700973N11922408WA0132701412
B1930083700970N11922409WA0133001414
B1930093700967N11922411WA0133001416
B1930103700965N11922414WA0133201417
B1930113700963N11922417WA0133801420
B1930123700962N11922421WA0134101423
B1930133700962N11922425WA0134301427
B1930143700964N11922428WA0134301431
B1930153700969N11922430WA0134501434
B1930163700974N11922431WA0134601437
B1930173700980N11922432WA0134701439
B1930183700986N11922434WA0134801438
B1930193700993N11922435WA0135001439
B1930203701001N11922435WA0135101440
B1930213701008N11922435WA0135101442
B1930223701017N11922435WA0135201443
B1930233701024N11922436WA0135301443
B1930243701031N11922437WA0135501444
B1930253701036N11922440WA0135301445
B1930263701038N11922444WA0134901444
B1930273701038N11922450WA0134601443
B1930283701036N11922454WA0134701441
B1930293701032N11922458WA0134501440
B1930303701027N11922458WA0134501439
B1930313701023N11922457WA0134201438
B1930323701020N11922454WA0133901436
B1930333701017N11922451WA0133701427
B1930343701013N11922448WA0133501423
B1930353701007N11922445WA0133601420
B1930363701001N11922442WA0133901418
B1930373700995N11922438WA0134201416
B1930383700989N11922433WA0134401415
B1930393700984N11922430WA0134701416
LXSB W 1 370164266 -1193734116 500.00
LXSB W 2 370253408 -1193813120 152.00
LXSB W 3 370171616 -1193773440 297.45
LXSB W 4 370155264 -1193892992 80.26
LXSB W 5 370163456 -1193777280 283.56
LXSB W 6 370622528 -1194539520 143.00
LXSB W 7 370487776 -1194473088 48.67
LXSB W 8 370412832 -1194342784 315.00
LXSB W 9 370674240 -1194572416 135.77
LXSB W 10 370185664 -1193839232 289.89
LXSB W 11 370185152 -1193906560 59.93
LXSB W 12 370185088 -1193906560 59.97
LXSB W 13 370140000 -1194003833 500.00
B1930403700980N11922429WA0135001424
B1930413700976N11922428WA0135101427
B1930423700972N11922427WA0135401430
B1930433700970N11922428WA0135301432
B1930443700968N11922430WA0135301433
B1930453700968N11922434WA0135401433
B1930463700971N11922440WA0135401433
B1930473700975N11922445WA0135601434
B1930483700981N11922447WA0135801435
B1930493700987N11922446WA0136001438
B1930503700992N11922443WA0136001439
B1930513700997N11922437WA0136201440
B1930523701001N11922429WA0136301441
B1930533701002N11922421WA0136201441
B1930543701000N11922413WA0136301442
B1930553700996N11922407WA0136401442
B1930563700991N11922406WA0136501444
B1930573700988N11922408WA0136501446
B1930583700987N11922413WA0136601446
B1930593700990N11922418WA0136801447
B1931003700995N11922422WA0136901448
B1931013701000N11922423WA0136901450
B1931023701007N11922422WA0136801448
B1931033701013N11922418WA0136801447
B1931043701018N11922410WA0136701447
B1931053701020N11922402WA0136401446
B1931063701020N11922393WA0136501446
B1931073701017N11922386WA0136301445
B1931083701012N11922381WA0136301444
B1931093701006N11922379WA0136501443
B1931103701002N11922378WA0136801445
B1931113700998N11922377WA0137101447
B1931123700994N11922375WA0137301447
B1931133700990N11922374WA0137401453
B1931143700987N11922373WA0137601457
B1931153700984N11922375WA0137801459
B1931163700984N11922378WA0137801461
B1931173700985N11922383WA0137901462
B1931183700989N11922387WA0138001463
B1931193700995N11922388WA0137901464
B1931203701001N11922386WA0137801465
B1931213701008N11922380WA0137501465
B1931223701014N11922372WA0137301464
LXSB W 1 370163416 -1193738316 500.00
LXSB W 2 370253984 -1193811840 151.23
LXSB W 3 370171616 -1193773440 297.45
LXSB W 4 370155264 -1193892992 80.26
LXSB W 5 370163456 -1193777280 283.56
LXSB W 6 370622528 -1194539520 143.00
LXSB W 7 370487776 -1194473088 48.67
LXSB W 8 370412832 -1194342784 315.00
LXSB W 9 370674240 -1194572416 135.77
LXSB W 10 370185664 -1193839232 289.89
LXSB W 11 370185152 -1193906560 59.93
LXSB W 12 370185088 -1193906560 59.97
LXSB W 13 370140000 -1194003833 500.00
B1931233701017N11922361WA0137101462
B1931243701018N11922351WA0137101461
LXSB bat: 79% (3578)
B1931253701016N11922341WA0137101461
B1931263701012N11922334WA0137001460
B1931273701007N11922330WA0137001460
B1931283701002N11922328WA0137101461
B1931293700997N11922330WA0137301461
B1931303700993N11922331WA0137501462
B1931313700989N11922333WA0137801463
B1931323700986N11922334WA0137801470
B1931333700983N11922335WA0137901472
B1931343700981N11922337WA0137801472
B1931353700978N11922339WA0138001472
B1931363700974N11922342WA0138101472
B1931373700971N11922345WA0138201473
B1931383700968N11922348WA0138501475
B1931393700966N11922351WA0138601477
B1931403700965N11922354WA0138801480
B1931413700963N11922357WA0138901481
B1931423700962N11922360WA0138901482
B1931433700960N11922362WA0139001483
B1931443700959N11922364WA0138901483
B1931453700960N11922365WA0138801483
B1931463700963N11922367WA0138701481
B1931473700967N11922368WA0138301479
B1931483700973N11922368WA0138201478
B1931493700979N11922369WA0137901476
B1931503700984N11922369WA0137501474
B1931513700988N11922370WA0137301470
B1931523700992N11922371WA0136901466
B1931533700996N11922372WA0136601462
B1931543701001N11922374WA0136201458
B1931553701005N11922378WA0135901454
B1931563701006N11922382WA0135601450
B1931573701005N11922386WA0135501447
B1931583701003N11922389WA0135001443
B1931593700999N11922391WA0134901440
B1932003700994N11922393WA0134701437
B1932013700989N11922394WA0134401435
B1932023700984N11922393WA0134201434
LXSB W 1 370169633 -1193726983 500.00
LXSB W 2 370255008 -1193809536 149.90
LXSB W 3 370172896 -1193772544 299.73
LXSB W 4 370155264 -1193892992 80.26
LXSB W 5 370163456 -1193777280 283.56
LXSB W 6 370622528 -1194539520 143.00
LXSB W 7 370487776 -1194473088 48.67
LXSB W 8 370412832 -1194342784 315.00
LXSB W 9 370674240 -1194572416 135.77
LXSB W 10 370185664 -1193839232 289.89
LXSB W 11 370185152 -1193906560 59.93
LXSB W 12 370185088 -1193906560 59.97
LXSB W 13 370140000 -1194003833 500.00
B1932033700979N11922393WA0134101432
B1932043700973N11922392WA0134101430
B1932053700967N11922391WA0134001429
B1932063700962N11922391WA0133801428
B1932073700958N11922390WA0133501428
B1932083700954N11922389WA0133401426
B1932093700949N11922388WA0133301423
B1932103700945N11922386WA0133101421
B1932113700940N11922386WA0133101419
B1932123700936N11922387WA0133101419
B1932133700932N11922388WA0133201419
B1932143700929N11922390WA0133101421
B1932153700927N11922391WA0133301421
B1932163700926N11922393WA0133501422
B1932173700924N11922397WA0133501422
B1932183700922N11922400WA0133801423
B1932193700921N11922405WA0133901424
B1932203700919N11922409WA0134101426
B1932213700917N11922412WA0134101427
B1932223700915N11922416WA0134401429
B1932233700912N11922419WA0134601430
B1932243700910N11922423WA0134701432
B1932253700909N11922426WA0134501433
B1932263700909N11922429WA0134401433
B1932273700910N11922433WA0134301433
B1932283700913N11922436WA0134101432
B1932293700915N11922441WA0133901431
B1932303700918N11922445WA0133701430
B1932313700922N11922451WA0133601429
B1932323700925N11922456WA0133601429
B1932333700928N11922460WA0133401428
B1932343700932N11922464WA0133201426
B1932353700936N11922467WA0133001424
B1932363700941N11922471WA0133201422
B1932373700945N11922476WA0133101421
B1932383700950N11922479WA0133101421
B1932393700953N11922482WA0133101421
B1932403700956N11922484WA0133001420
B1932413700959N11922486WA0133001420
B1932423700962N11922490WA0133101419
B1932433700966N11922494WA0133001419
B1932443700969N11922498WA0133201420
B1932453700971N11922502WA0133101421
B1932463700972N11922506WA0133001421
B1932473700972N11922509WA0132901420
B1932483700972N11922514WA0132801419
B1932493700972N11922518WA0132701418
B1932503700973N11922522WA0132401417
B1932513700974N11922527WA0132201415
B1932523700973N11922532WA0132201413
B1932533700971N11922538WA0132001411
B1932543700969N11922543WA0131901409
B1932553700966N11922548WA0131801408
B1932563700963N11922552WA0131701407
B1932573700960N11922555WA0131601406
B1932583700956N11922557WA0131401404
B1932593700951N11922558WA0131201403
B1933003700945N11922557WA0130901401
B1933013700939N11922555WA0130701398
B1933023700932N11922552WA0130701396
B1933033700927N11922547WA0130701396
LXSB W 1 370163200 -1193732200 500.00
LXSB W 2 370254848 -1193809920 150.10
LXSB W 3 370172960 -1193772544 299.87
LXSB W 4 370155264 -1193892992 80.26
LXSB W 5 370163456 -1193777280 283.56
LXSB W 6 370622528 -1194539520 143.00
LXSB W 7 370487776 -1194473088 48.67
LXSB W 8 370412832 -1194342784 315.00
LXSB W 9 370674240 -1194572416 135.77
LXSB W 10 370185664 -1193839232 289.89
LXSB W 11 370185152 -1193906560 59.93
LXSB W 12 370185088 -1193906560 59.97
LXSB W 13 370140000 -1194003833 500.00
B1933043700921N11922542WA0130601394
B1933053700916N11922535WA0130601393
B1933063700912N11922528WA0130401392
B1933073700909N11922520WA0130301391
B1933083700905N11922511WA0130401390
B1933093700902N11922503WA0130401390
B1933103700899N11922494WA0130401389
B1933113700896N11922486WA0130501390
B1933123700894N11922477WA0130701391
B1933133700892N11922469WA0131001393
B1933143700890N11922461WA0131001395
B1933153700889N11922454WA0130901396
B1933163700888N11922447WA0130601395
B1933173700887N11922441WA0130601393
B1933183700885N11922435WA0130401391
B1933193700882N11922428WA0130501389
B1933203700879N11922421WA0130601388
B1933213700875N11922415WA0130501388
B1933223700871N11922408WA0130601388
B1933233700868N11922402WA0130601389
B1933243700865N11922396WA0130801390
B1933253700862N11922390WA0131001391
B1933263700858N11922384WA0131101392
B1933273700854N11922380WA0131301395
B1933283700850N11922377WA0131501397
B1933293700846N11922375WA0131901399
B1933303700842N11922373WA0132201402
B1933313700838N11922371WA0132301405
B1933323700835N11922371WA0132501408
B1933333700831N11922370WA0132801410
B1933343700827N11922371WA0133101415
B1933353700825N11922372WA0133201418
B1933363700824N11922374WA0133301420
B1933373700824N11922377WA0133401422
B1933383700824N11922380WA0133501424
B1933393700825N11922382WA0133501424
B1933403700827N11922384WA0133401425
B1933413700830N11922387WA0133501425
B1933423700834N11922389WA0133701427
B1933433700839N11922389WA0133601429
B1933443700843N11922387WA0133701430
B1933453700847N11922383WA0133801430
B1933463700851N11922378WA0133801431
B1933473700856N11922373WA0133801432
B1933483700860N11922367WA0133901431
B1933493700863N11922360WA0133701431
B1933503700866N11922351WA0133701430
B1933513700867N11922342WA0133701428
B1933523700866N11922332WA0134001428
B1933533700865N11922324WA0134101430
B1933543700863N11922318WA0134201432
B1933553700860N11922314WA0134301432
B1933563700856N11922311WA0134301434
B1933573700852N11922309WA0134301434
B1933583700848N11922306WA0134501434
LXSB W 1 370153583 -1193757000 500.00
LXSB W 2 370252256 -1193815936 153.60
LXSB W 3 370170976 -1193773824 296.30
LXSB W 4 370155264 -1193892992 80.26
LXSB W 5 370163456 -1193777280 283.56
LXSB W 6 370622528 -1194539520 143.00
LXSB W 7 370487776 -1194473088 48.67
LXSB W 8 370412832 -1194342784 315.00
LXSB W 9 370674240 -1194572416 135.77
LXSB W 10 370185664 -1193839232 289.89
LXSB W 11 370185152 -1193906560 59.93
LXSB W 12 370185088 -1193906560 59.97
LXSB W 13 370140000 -1194003833 500.00
B1933593700844N11922303WA0134601436
B1934003700841N11922300WA0134601436
B1934013700839N11922298WA0134601436
B1934023700836N11922297WA0134501436
B1934033700833N11922296WA0134401435
B1934043700829N11922296WA0134301434
B1934053700825N11922295WA0134401434
B1934063700821N11922294WA0134301434
B1934073700818N11922294WA0134201434
B1934083700815N11922294WA0134001432
B1934093700812N11922294WA0133901431
B1934103700809N11922295WA0133801430
B1934113700806N11922297WA0133701428
B1934123700805N11922300WA0133501426
B1934133700806N11922304WA0133401424
B1934143700808N11922308WA0133401422
B1934153700810N11922313WA0133401421
B1934163700814N11922316WA0133301420
B1934173700817N11922319WA0133201420
B1934183700820N11922322WA0133201418
B1934193700823N11922325WA0132901417
B1934203700827N11922329WA0132801415
B1934213700830N11922334WA0133001414
B1934223700832N11922337WA0133001414
B1934233700835N11922340WA0133001415
B1934243700837N11922343WA0133001415
B1934253700839N11922345WA0133101415
B1934263700841N11922347WA0132901414
B1934273700843N11922350WA0132701413
B1934283700846N11922353WA0132601411
B1934293700849N11922356WA0132701410
B1934303700853N11922359WA0132701413
B1934313700855N11922361WA0132601413
B1934323700858N11922362WA0132501412
B1934333700860N11922364WA0132301411
B1934343700863N11922366WA0132101408
B1934353700867N11922368WA0131701406
B1934363700870N11922371WA0131301405
B1934373700874N11922374WA0131301404
LXSB W 1 370140783 -1193717183 500.00
LXSB W 2 370253408 -1193813120 152.00
LXSB W 3 370171616 -1193773440 297.45
LXSB W 4 370155264 -1193892992 80.26
LXSB W 5 370163456 -1193777280 283.56
LXSB W 6 370622528 -1194539520 143.00
LXSB W 7 370487776 -1194473088 48.67
LXSB W 8 370412832 -1194342784 315.00
LXSB W 9 370674240 -1194572416 135.77
LXSB W 10 370185664 -1193839232 289.89
LXSB W 11 370185152 -1193906560 59.93
LXSB W 12 370185088 -1193906560 59.97
LXSB W 13 370140000 -1194003833 500.00
B1934393700879N11922379WA0131301403
B1934403700881N11922382WA0131201401
B1934413700883N11922385WA0131101400
B1934423700884N11922389WA0131001397
B1934433700886N11922394WA0131001396
B1934443700888N11922398WA0131001394
B1934453700890N11922402WA0131101394
B1934463700892N11922406WA0131101394
B1934473700894N11922410WA0131201394
B1934483700897N11922414WA0131201393
B1934493700899N11922418WA0131101393
B1934503700902N11922422WA0131301394
B1934513700906N11922426WA0131301394
B1934523700909N11922430WA0131201394
B1934533700912N11922433WA0131301394
B1934543700915N11922436WA0131201394
B1934553700919N11922439WA0131201394
B1934563700923N11922442WA0131201394
B1934573700927N11922444WA0131301394
B1934583700931N11922446WA0131201394
B1934593700935N11922449WA0131101394
B1935003700939N11922452WA0131101394
B1935013700944N11922455WA0131101393
B1935023700948N11922457WA0131201393
B1935033700953N11922459WA0131201394
B1935043700958N11922460WA0131201395
B1935053700962N11922461WA0131201396
B1935063700966N11922462WA0131101396
B1935073700971N11922463WA0131101396
B1935083700977N11922464WA0131001394
B1935093700982N11922466WA0130901393
B1935103700987N11922467WA0130901393
B1935113700992N11922469WA0130901394
B1935123700997N11922469WA0130901394
B1935133701003N11922469WA0130801393
B1935143701008N11922469WA0130601392
B1935153701013N11922469WA0130501392
B1935163701019N11922470WA0130301390
B1935173701024N11922471WA0130001388
B1935183701030N11922471WA0129901385
B1935193701037N11922471WA0129801384
B1935203701044N11922470WA0129701384
B1935213701051N11922469WA0129701384
B1935223701058N11922469WA0129701383
B1935233701065N11922470WA0129701383
B1935243701072N11922471WA0129901383
B1935253701079N11922472WA0129901384
B1935263701084N11922473WA0129801384
B1935273701090N11922474WA0129701383
B1935283701096N11922475WA0129601383
B1935293701103N11922477WA0129501381
B1935303701109N11922479WA0129301379
B1935313701116N11922482WA0129201378
B1935323701121N11922486WA0129301377
B1935333701127N11922490WA0129201377
B1935343701132N11922495WA0129301377
B1935353701136N11922499WA0129401377
B1935363701139N11922503WA0129301377
B1935373701143N11922507WA0129301376
B1935383701146N11922511WA0129201375
LXSB W 1 370146516 -1193729916 500.00
LXSB W 2 370253408 -1193813120 152.00
LXSB W 3 370171616 -1193773440 297.45
LXSB W 4 370155264 -1193892992 80.26
LXSB W 5 370163456 -1193777280 283.56
LXSB W 6 370622528 -1194539520 143.00
LXSB W 7 370487776 -1194473088 48.67
LXSB W 8 370412832 -1194342784 315.00
LXSB W 9 370674240 -1194572416 135.77
LXSB W 10 370185664 -1193839232 289.89
LXSB W 11 370185152 -1193906560 59.93
LXSB W 12 370185088 -1193906560 59.97
LXSB W 13 370140000 -1194003833 500.00
B1935393701149N11922515WA0128801371
B1935403701152N11922520WA0128601368
B1935413701155N11922526WA0128401366
B1935423701157N11922531WA0128201364
B1935433701158N11922536WA0127801361
B1935443701156N11922541WA0127701357
B1935453701153N11922545WA0127401354
B1935463701149N11922548WA0127101352
B1935473701145N11922552WA0127101351
B1935483701141N11922554WA0127001349
B1935493701136N11922555WA0127101348
B1935503701131N11922555WA0127001348
B1935513701127N11922556WA0126801346
B1935523701123N11922556WA0126701344
B1935533701119N11922557WA0126501344
B1935543701115N11922557WA0126301343
B1935553701111N11922557WA0126301342
B1935563701107N11922556WA0126001340
B1935573701103N11922556WA0126001339
B1935583701099N11922556WA0126101339
B1935593701095N11922557WA0126101338
B1936003701092N11922558WA0126001338
B1936013701088N11922558WA0125801338
B1936023701084N11922557WA0125801336
B1936033701080N11922556WA0125401333
B1936043701075N11922555WA0125301331
B1936053701070N11922555WA0125201329
B1936063701065N11922554WA0125001327
B1936073701061N11922554WA0124701326
B1936083701057N11922553WA0124401324
B1936093701053N11922552WA0124301321
B1936103701048N11922552WA0124201319
B1936113701042N11922552WA0124001317
B1936123701037N11922553WA0123901316
B1936133701031N11922553WA0124101315
B1936143701027N11922551WA0124101315
B1936153701023N11922549WA0124101315
B1936163701019N11922546WA0123901315
B1936173701016N11922544WA0123801313
B1936183701011N11922542WA0123601311
B1936193701006N11922540WA0123401310
B1936203701001N11922538WA0123101308
B1936213700997N11922535WA0123001306
B1936223700993N11922533WA0122801305
B1936233700989N11922529WA0122601304
LXSB bat: 78% (3576)
B1936243700985N11922526WA0122401302
B1936253700980N11922522WA0122401300
B1936263700975N11922519WA0122201297
B1936273700971N11922516WA0122101296
B1936283700966N11922513WA0121901295
B1936293700962N11922510WA0121601294
B1936303700957N11922506WA0121501293
B1936313700953N11922502WA0121501290
B1936323700948N11922497WA0121301289
B1936333700944N11922492WA0121301288
B1936343700940N11922487WA0121401287
B1936353700936N11922482WA0121501286
B1936363700933N11922477WA0121501286
B1936373700930N11922473WA0121301287
B1936383700927N11922468WA0121201286
LXSB W 1 370191566 -1193752633 500.00
LXSB W 2 370254848 -1193809920 150.10
LXSB W 3 370172960 -1193772544 299.87
LXSB W 4 370155264 -1193892992 80.26
LXSB W 5 370163456 -1193777280 283.56
LXSB W 6 370622528 -1194539520 143.00
LXSB W 7 370487776 -1194473088 48.67
LXSB W 8 370412832 -1194342784 315.00
LXSB W 9 370674240 -1194572416 135.77
LXSB W 10 370185664 -1193839232 289.89
LXSB W 11 370185152 -1193906560 59.93
LXSB W 12 370185088 -1193906560 59.97
LXSB W 13 370140000 -1194003833 500.00
B1936393700924N11922463WA0121301285
B1936403700921N11922458WA0121301285
B1936413700917N11922454WA0121201285
B1936423700914N11922451WA0121101285
B1936433700911N11922448WA0120901284
B1936443700907N11922445WA0120801283
B1936453700903N11922442WA0120501282
B1936463700899N11922440WA0120301280
B1936473700895N11922436WA0120101278
B1936483700891N11922433WA0120301276
B1936493700886N11922430WA0120201274
B1936503700882N11922427WA0120001274
B1936513700878N11922425WA0120101276
B1936523700874N11922421WA0120001275
B1936533700870N11922418WA0119901274
B1936543700865N11922414WA0119901272
B1936553700860N11922409WA0120101271
B1936563700856N11922404WA0120201270
B1936573700852N11922400WA0120201271
B1936583700848N11922398WA0120101273
B1936593700845N11922396WA0120001273
B1937003700841N11922394WA0120001273
B1937013700837N11922390WA0119901272
B1937023700833N11922385WA0119801270
B1937033700829N11922382WA0119701269
B1937043700826N11922379WA0119701269
B1937053700822N11922376WA0119701269
B1937063700818N11922372WA0119801270
B1937073700814N11922369WA0119901270
B1937083700811N11922366WA0119901270
B1937093700807N11922362WA0119701269
B1937103700803N11922359WA0119601269
B1937113700800N11922354WA0119401269
B1937123700796N11922349WA0119301268
B1937133700793N11922344WA0119201267
B1937143700789N11922340WA0119101266
B1937153700785N11922335WA0119301264
B1937163700780N11922331WA0119201264
B1937173700776N11922327WA0119301264
B1937183700772N11922324WA0119301265
B1937193700768N11922321WA0119401266
B1937203700764N11922317WA0119601267
B1937213700760N11922313WA0119701268
B1937223700756N11922309WA0119701269
B1937233700753N11922306WA0119701270
B1937243700749N11922304WA0119801272
B1937253700746N11922301WA0119901272
B1937263700742N11922297WA0119901273
B1937273700737N11922294WA0119801272
B1937283700733N11922292WA0119801272
B1937293700729N11922291WA0119801273
B1937303700724N11922290WA0120201274
B1937313700720N11922289WA0120101275
B1937323700716N11922287WA0120001276
B1937333700712N11922285WA0120001276
B1937343700708N11922284WA0120001276
B1937353700704N11922285WA0120001275
LXSB W 1 370154083 -1193743933 500.00
LXSB W 2 370253408 -1193813120 152.00
LXSB W 3 370171616 -1193773440 297.45
LXSB W 4 370155264 -1193892992 80.26
LXSB W 5 370163456 -1193777280 283.56
LXSB W 6 370622528 -1194539520 143.00
LXSB W 7 370487776 -1194473088 48.67
LXSB W 8 370412832 -1194342784 315.00
LXSB W 9 370674240 -1194572416 135.77
LXSB W 10 370185664 -1193839232 289.89
LXSB W 11 370185152 -1193906560 59.93
LXSB W 12 370185088 -1193906560 59.97
LXSB W 13 370140000 -1194003833 500.00
B1937363700702N11922288WA0119801271
B1937373700702N11922293WA0119801270
B1937383700704N11922298WA0119801269
B1937393700706N11922302WA0120001270
B1937403700709N11922305WA0120201271
B1937413700712N11922307WA0120501272
B1937423700715N11922309WA0120701274
B1937433700719N11922311WA0120701275
B1937443700723N11922313WA0121001277
B1937453700726N11922316WA0121201280
B1937463700728N11922318WA0121401283
B1937473700728N11922320WA0121501285
B1937483700727N11922322WA0121701286
B1937493700725N11922324WA0121801288
B1937503700721N11922326WA0121901289
B1937513700718N11922328WA0121901290
B1937523700715N11922330WA0122001290
B1937533700714N11922334WA0122101290
B1937543700714N11922338WA0122201291
B1937553700717N11922342WA0122201292
B1937563700720N11922345WA0122201294
B1937573700724N11922347WA0122501295
B1937583700728N11922346WA0122701297
B1937593700733N11922344WA0122801299
B1938003700737N11922338WA0122801299
B1938013700740N11922330WA0122901300
B1938023700741N11922321WA0122901300
B1938033700740N11922312WA0122801301
B1938043700737N11922303WA0122901301
B1938053700733N11922295WA0123001302
B1938063700729N11922290WA0123101303
B1938073700724N11922286WA0123401305
B1938083700718N11922284WA0123401306
B1938093700713N11922285WA0123401307
B1938103700709N11922287WA0123401308
B1938113700707N11922290WA0123401308
B1938123700705N11922294WA0123501309
B1938133700703N11922298WA0123501310
B1938143700702N11922302WA0123601311
B1938153700702N11922305WA0123601312
B1938163700703N11922309WA0123501312
B1938173700705N11922312WA0123501312
B1938183700707N11922316WA0123401311
B1938193700710N11922318WA0123401312
B1938203700713N11922320WA0123601312
B1938213700717N11922318WA0123601313
B1938223700721N11922313WA0123401311
B1938233700724N11922305WA0123101310
B1938243700724N11922294WA0122901305
B1938253700721N11922283WA0122901304
LXSB W 1 370117133 -1193714716 500.00
LXSB W 2 370253408 -1193813120 152.00
LXSB W 3 370171616 -1193773440 297.45
LXSB W 4 370155264 -1193892992 80.26
LXSB W 5 370163456 -1193777280 283.56
LXSB W 6 370622528 -1194539520 143.00
LXSB W 7 370487776 -1194473088 48.67
LXSB W 8 370412832 -1194342784 315.00
LXSB W 9 370674240 -1194572416 135.77
LXSB W 10 370185664 -1193839232 289.89
LXSB W 11 370185152 -1193906560 59.93
LXSB W 12 370185088 -1193906560 59.97
LXSB W 13 370140000 -1194003833 500.00
B1938263700716N11922274WA0123101305
B1938273700710N11922269WA0123201306
B1938283700705N11922266WA0123301308
B1938293700700N11922265WA0123101310
B1938303700696N11922264WA0122901312
B1938313700693N11922263WA0122801312
B1938323700689N11922263WA0122701310
B1938333700685N11922265WA0122801309
B1938343700682N11922269WA0122701306
B1938353700680N11922274WA0122301304
B1938363700680N11922279WA0122201302
B1938373700682N11922285WA0122001300
B1938383700683N11922289WA0121801299
B1938393700685N11922292WA0121701296
B1938403700688N11922296WA0121301292
B1938413700691N11922299WA0121101288
B1938423700694N11922304WA0120901286
B1938433700698N11922308WA0120801284
B1938443700701N11922311WA0120701283
B1938453700704N11922315WA0120701282
B1938463700707N11922319WA0120601281
B1938473700710N11922322WA0120401279
B1938483700713N11922327WA0120201277
B1938493700716N11922331WA0120101275
B1938503700718N11922336WA0119801273
B1938513700721N11922340WA0119601270
B1938523700725N11922344WA0119301268
B1938533700729N11922348WA0119101266
B1938543700732N11922352WA0119101266
B1938553700735N11922356WA0119101265
B1938563700738N11922360WA0119001264
B1938573700741N11922364WA0119001263
B1938583700744N11922368WA0118901262
B1938593700746N11922373WA0119001262
B1939003700749N11922377WA0119001262
B1939013700751N11922381WA0119001261
B1939023700754N11922386WA0119101261
B1939033700757N11922389WA0119201262
B1939043700760N11922393WA0119201264
LXSB W 1 370119466 -1193712483 500.00
LXSB W 2 370253408 -1193813120 152.00
LXSB W 3 370171616 -1193773440 297.45
LXSB W 4 370155264 -1193892992 80.26
LXSB W 5 370163456 -1193777280 283.56
LXSB W 6 370622528 -1194539520 143.00
LXSB W 7 370487776 -1194473088 48.67
LXSB W 8 370412832 -1194342784 315.00
LXSB W 9 370674240 -1194572416 135.77
LXSB W 10 370185664 -1193839232 289.89
LXSB W 11 370185152 -1193906560 59.93
LXSB W 12 370185088 -1193906560 59.97
LXSB W 13 370140000 -1194003833 500.00
B1939063700765N11922400WA0119301264
B1939073700767N11922403WA0119201264
B1939083700770N11922407WA0119101263
B1939093700773N11922411WA0119101262
B1939103700777N11922415WA0119001262
B1939113700781N11922419WA0118901261
B1939123700785N11922422WA0118801262
B1939133700789N11922425WA0118701262
B1939143700793N11922427WA0118601260
B1939153700798N11922430WA0118401259
B1939163700802N11922433WA0118101257
B1939173700807N11922437WA0118101256
B1939183700811N11922440WA0118101255
B1939193700815N11922443WA0118001255
B1939203700820N11922446WA0117901254
B1939213700825N11922448WA0117701253
B1939223700830N11922451WA0117601252
B1939233700835N11922454WA0117701252
B1939243700840N11922457WA0117801251
B1939253700845N11922460WA0117701251
B1939263700850N11922463WA0117701250
B1939273700855N11922465WA0117701250
B1939283700860N11922467WA0117701250
B1939293700866N11922470WA0117601250
B1939303700871N11922474WA0117501249
B1939313700876N11922478WA0117601248
B1939323700882N11922481WA0117701248
B1939333700889N11922486WA0117801249
B1939343700895N11922490WA0118001251
B1939353700900N11922494WA0118201252
B1939363700904N11922498WA0118301255
B1939373700909N11922501WA0118501257
B1939383700914N11922503WA0118501257
B1939393700919N11922507WA0118501258
B1939403700925N11922510WA0118501258
B1939413700931N11922514WA0118601258
B1939423700936N11922518WA0118801260
B1939433700941N11922522WA0118901261
B1939443700947N11922526WA0119101262
B1939453700952N11922530WA0119201264
B1939463700957N11922534WA0119301265
B1939473700963N11922537WA0119301265
B1939483700969N11922541WA0119301266
B1939493700976N11922544WA0119401266
B1939503700983N11922547WA0119501267
B1939513700990N11922549WA0119601267
B1939523700997N11922551WA0119701268
B1939533701004N11922553WA0119701269
B1939543701012N11922554WA0119801271
B1939553701018N11922555WA0120001272
B1939563701025N11922556WA0120001273
B1939573701032N11922557WA0120201274
B1939583701039N11922558WA0120301275
B1939593701046N11922559WA0120201276
B1940003701053N11922559WA0120401277
B1940013701061N11922560WA0120601278
B1940023701069N11922561WA0120701279
B1940033701076N11922563WA0120801281
LXSB W 1 370127516 -1193733416 500.00
LXSB W 2 370253408 -1193813120 152.00
LXSB W 3 370171616 -1193773440 297.45
LXSB W 4 370155264 -1193892992 80.26
LXSB W 5 370163456 -1193777280 283.56
LXSB W 6 370622528 -1194539520 143.00
LXSB W 7 370487776 -1194473088 48.67
LXSB W 8 370412832 -1194342784 315.00
LXSB W 9 370674240 -1194572416 135.77
LXSB W 10 370185664 -1193839232 289.89
LXSB W 11 370185152 -1193906560 59.93
LXSB W 12 370185088 -1193906560 59.97
LXSB W 13 370140000 -1194003833 500.00
B1940043701082N11922564WA0121101284
B1940053701088N11922567WA0121301285
B1940063701094N11922570WA0121501286
B1940073701100N11922575WA0121601287
B1940083701104N11922579WA0121701289
B1940093701109N11922584WA0122001291
B1940103701113N11922588WA0122101292
B1940113701116N11922593WA0122001294
B1940123701119N11922597WA0122001293
B1940133701121N11922602WA0122001292
B1940143701123N11922607WA0122001293
B1940153701124N11922612WA0122101295
B1940163701125N11922617WA0122201296
B1940173701124N11922621WA0122201297
B1940183701123N11922624WA0122301297
B1940193701121N11922626WA0122301297
B1940203701119N11922627WA0122201297
B1940213701117N11922628WA0122101297
B1940223701114N11922628WA0122101297
B1940233701112N11922629WA0122101297
B1940243701110N11922631WA0122101298
B1940253701109N11922634WA0122101298
B1940263701109N11922638WA0121901297
B1940273701111N11922642WA0121801297
B1940283701112N11922647WA0121801297
B1940293701113N11922651WA0121701296
B1940303701114N11922656WA0121501295
B1940313701114N11922661WA0121401294
B1940323701112N11922665WA0121301293
B1940333701110N11922667WA0121201291
B1940343701106N11922668WA0121001290
B1940353701103N11922668WA0121001289
B1940363701100N11922667WA0121101289
B1940373701097N11922666WA0121101289
B1940383701095N11922664WA0121101289
B1940393701092N11922662WA0121101288
B1940403701089N11922659WA0121101288
B1940413701086N11922656WA0121001287
B1940423701083N11922652WA0120501287
B1940433701080N11922648WA0120601287
B1940443701077N11922645WA0120701287
B1940453701075N11922641WA0120701288
B1940463701072N11922637WA0120801287
B1940473701069N11922632WA0120801287
B1940483701066N11922628WA0120601286
B1940493701062N11922625WA0120701286
B1940503701059N11922622WA0120801286
B1940513701056N11922619WA0120801288
B1940523701053N11922616WA0120701288
B1940533701051N11922612WA0120601287
B1940543701047N11922609WA0120501287
B1940553701044N11922606WA0120401286
B1940563701040N11922603WA0120401285
B1940573701037N11922600WA0120401284
B1940583701034N11922597WA0120401284
B1940593701031N11922595WA0120401284
B1941003701028N11922593WA0120301284
B1941013701024N11922590WA0120101283
LXSB W 1 370180466 -1193760800 500.00
LXSB W 2 370253408 -1193813120 152.00
LXSB W 3 370171616 -1193773440 297.45
LXSB W 4 370155264 -1193892992 80.26
LXSB W 5 370163456 -1193777280 283.56
LXSB W 6 370622528 -1194539520 143.00
LXSB W 7 370487776 -1194473088 48.67
LXSB W 8 370412832 -1194342784 315.00
LXSB W 9 370674240 -1194572416 135.77
LXSB W 10 370185664 -1193839232 289.89
LXSB W 11 370185152 -1193906560 59.93
LXSB W 12 370185088 -1193906560 59.97
LXSB W 13 370140000 -1194003833 500.00
B1941023701021N11922587WA0120001281
B1941033701018N11922584WA0119801279
B1941043701014N11922580WA0119801279
B1941053701010N11922576WA0119801279
B1941063701006N11922573WA0119801279
B1941073701003N11922570WA0119901280
B1941083701000N11922566WA0119801279
B1941093700997N11922563WA0119801279
B1941103700994N11922559WA0119801278
B1941113700991N11922557WA0119801277
B1941123700987N11922554WA0119601276
B1941133700983N11922552WA0119501275
B1941143700979N11922549WA0119401274
B1941153700975N11922546WA0119301273
B1941163700971N11922541WA0119401273
B1941173700967N11922537WA0119501274
B1941183700964N11922533WA0119401274
B1941193700961N11922528WA0119201272
B1941203700958N11922523WA0119001272
LXSB bat: 78% (3575)
B1941213700955N11922518WA0118901270
B1941223700950N11922513WA0118901268
B1941233700945N11922508WA0119001267
B1941243700941N11922502WA0119201266
B1941253700938N11922496WA0119401266
B1941263700935N11922489WA0119401269
B1941273700933N11922484WA0119401271
B1941283700930N11922479WA0119601271
B1941293700926N11922474WA0119801272
B1941303700921N11922470WA0120001273
B1941313700917N11922466WA0120101275
B1941323700914N11922463WA0120201277
B1941333700911N11922461WA0120401279
B1941343700907N11922459WA0120501279
B1941353700904N11922459WA0120601280
B1941363700901N11922460WA0120601281
B1941373700899N11922462WA0120601282
B1941383700899N11922465WA0120601282
B1941393700900N11922469WA0120901283
B1941403700901N11922472WA0121101284
B1941413700902N11922476WA0121201285
B1941423700903N11922479WA0121401287
B1941433700905N11922484WA0121501288
B1941443700907N11922488WA0121601289
B1941453700909N11922491WA0121601291
B1941463700912N11922494WA0121501291
B1941473700916N11922498WA0121401291
B1941483700920N11922501WA0121301290
B1941493700925N11922505WA0121301289
B1941503700930N11922508WA0121301289
B1941513700935N11922512WA0121301289
B1941523700939N11922516WA0121301289
B1941533700944N11922519WA0121301289
B1941543700947N11922523WA0121301289
B1941553700950N11922528WA0121201289
B1941563700951N11922532WA0121101289
B1941573700949N11922536WA0120901288
B1941583700944N11922538WA0120701287
LXSB W 1 370170250 -1193764600 500.00
LXSB W 2 370252256 -1193815936 153.60
LXSB W 3 370170976 -1193773824 296.30
LXSB W 4 370155264 -1193892992 80.26
LXSB W 5 370163456 -1193777280 283.56
LXSB W 6 370622528 -1194539520 143.00
LXSB W 7 370487776 -1194473088 48.67
LXSB W 8 370412832 -1194342784 315.00
LXSB W 9 370674240 -1194572416 135.77
LXSB W 10 370185664 -1193839232 289.89
LXSB W 11 370185152 -1193906560 59.93
LXSB W 12 370185088 -1193906560 59.97
LXSB W 13 370140000 -1194003833 500.00
B1941593700939N11922536WA0120701284
B1942003700934N11922531WA0120601284
B1942013700930N11922525WA0120601286
B1942023700928N11922519WA0120501286
B1942033700925N11922513WA0120601286
B1942043700923N11922507WA0120701286
B1942053700920N11922501WA0120701286
B1942063700917N11922494WA0120801287
B1942073700914N11922488WA0120901287
B1942083700911N11922482WA0121001288
B1942093700908N11922476WA0121001290
B1942103700906N11922469WA0121101291
B1942113700903N11922463WA0121101291
B1942123700900N11922456WA0121301292
B1942133700896N11922449WA0121401292
B1942143700892N11922442WA0121701295
B1942153700888N11922436WA0121801298
B1942163700884N11922430WA0122001300
B1942173700881N11922424WA0122101301
B1942183700877N11922418WA0122101303
B1942193700874N11922412WA0122101302
B1942203700870N11922406WA0122101302
B1942213700866N11922400WA0122201303
B1942223700862N11922394WA0122201304
B1942233700859N11922390WA0122201305
B1942243700856N11922387WA0122201305
B1942253700853N11922386WA0122101303
B1942263700851N11922386WA0121901301
B1942273700848N11922388WA0121801299
B1942283700847N11922391WA0121701298
B1942293700848N11922395WA0121501296
B1942303700850N11922399WA0121201294
B1942313700854N11922403WA0120801292
B1942323700857N11922407WA0120501289
B1942333700861N11922411WA0120401287
B1942343700865N11922417WA0120501286
B1942353700869N11922422WA0120601285
B1942363700874N11922428WA0120801286
B1942373700878N11922432WA0120901287
B1942383700882N11922436WA0120901288
B1942393700885N11922438WA0120901288
B1942403700889N11922441WA0120801287
B1942413700892N11922443WA0120701285
B1942423700895N11922447WA0120601284
B1942433700897N11922451WA0120601283
B1942443700900N11922455WA0120601283
B1942453700902N11922458WA0120601283
B1942463700905N11922462WA0120701284
B1942473700908N11922465WA0120701284
B1942483700910N11922469WA0120601284
B1942493700912N11922473WA0120601283
B1942503700914N11922477WA0120601283
B1942513700915N11922481WA0120701283
B1942523700916N11922484WA0120801284
B1942533700915N11922486WA0120701284
B1942543700913N11922488WA0120601284
B1942553700909N11922489WA0120401280
B1942563700904N11922489WA0120301278
B1942573700899N11922488WA0120401278
LXSB W 1 370156550 -1193756050 500.00
LXSB W 2 370252256 -1193815936 153.60
LXSB W 3 370170976 -1193773824 296.30
LXSB W 4 370155264 -1193892992 80.26
LXSB W 5 370163456 -1193777280 283.56
LXSB W 6 370622528 -1194539520 143.00
LXSB W 7 370487776 -1194473088 48.67
LXSB W 8 370412832 -1194342784 315.00
LXSB W 9 370674240 -1194572416 135.77
LXSB W 10 370185664 -1193839232 289.89
LXSB W 11 370185152 -1193906560 59.93
LXSB W 12 370185088 -1193906560 59.97
LXSB W 13 370140000 -1194003833 500.00
B1942583700894N11922485WA0120401280
B1942593700890N11922482WA0120401281
B1943003700885N11922478WA0120401281
B1943013700880N11922475WA0120401280
B1943023700875N11922471WA0120501280
B1943033700869N11922467WA0120601280
B1943043700865N11922462WA0120601282
B1943053700862N11922457WA0120601284
B1943063700859N11922453WA0120501284
B1943073700856N11922451WA0120501282
B1943083700852N11922448WA0120501281
B1943093700847N11922445WA0120301281
B1943103700842N11922442WA0120401281
B1943113700838N11922439WA0120401282
B1943123700834N11922436WA0120301282
B1943133700830N11922433WA0120301281
B1943143700826N11922430WA0120201280
B1943153700822N11922427WA0120201280
B1943163700819N11922423WA0120001279
B1943173700816N11922419WA0119901278
B1943183700813N11922414WA0119801278
B1943193700810N11922410WA0119801277
B1943203700807N11922404WA0119701276
B1943213700804N11922397WA0119501274
B1943223700801N11922389WA0119501273
B1943233700798N11922380WA0119701273
B1943243700796N11922371WA0119901274
B1943253700794N11922363WA0120101277
B1943263700792N11922356WA0120201280
B1943273700790N11922350WA0120201281
B1943283700787N11922346WA0120101282
B1943293700784N11922344WA0119901282
B1943303700780N11922344WA0120001279
B1943313700777N11922347WA0120001278
B1943323700776N11922351WA0119801277
B1943333700778N11922356WA0119601276
B1943343700781N11922361WA0119501275
B1943353700784N11922365WA0119401274
B1943363700787N11922369WA0119401273
B1943373700791N11922372WA0119301272
B1943383700794N11922376WA0119101271
B1943393700798N11922380WA0119101270
B1943403700802N11922383WA0119001269
B1943413700805N11922386WA0118901268
B1943423700809N11922390WA0118901267
B1943433700813N11922393WA0118701265
B1943443700818N11922397WA0118601264
B1943453700822N11922400WA0118701264
B1943463700826N11922403WA0118601264
B1943473700830N11922406WA0118501263
B1943483700834N11922409WA0118301262
B1943493700838N11922413WA0118101260
B1943503700842N11922416WA0117901257
B1943513700846N11922420WA0117501255
B1943523700850N11922424WA0117601253
B1943533700854N11922429WA0117401251
B1943543700857N11922433WA0117201249
B1943553700861N11922436WA0117201247
LXSB W 1 370149033 -1193747583 500.00
LXSB W 2 370253408 -1193813120 152.00
LXSB W 3 370171616 -1193773440 297.45
LXSB W 4 370155264 -1193892992 80.26
LXSB W 5 370163456 -1193777280 283.56
LXSB W 6 370622528 -1194539520 143.00
LXSB W 7 370487776 -1194473088 48.67
LXSB W 8 370412832 -1194342784 315.00
LXSB W 9 370674240 -1194572416 135.77
LXSB W 10 370185664 -1193839232 289.89
LXSB W 11 370185152 -1193906560 59.93
LXSB W 12 370185088 -1193906560 59.97
LXSB W 13 370140000 -1194003833 500.00
B1943563700865N11922439WA0117201245
B1943573700869N11922443WA0117201245
B1943583700873N11922446WA0117101246
B1943593700877N11922451WA0117301246
B1944003700881N11922456WA0117401246
B1944013700886N11922460WA0117501247
B1944023700891N11922465WA0117601248
B1944033700895N11922469WA0117701249
B1944043700900N11922473WA0117801250
B1944053700904N11922476WA0117901250
B1944063700909N11922479WA0117901250
B1944073700914N11922483WA0117901250
B1944083700919N11922487WA0118001250
B1944093700925N11922491WA0117901251
B1944103700930N11922494WA0118001252
B1944113700935N11922498WA0118201253
B1944123700941N11922501WA0118501255
B1944133700947N11922503WA0118501257
B1944143700952N11922506WA0118501257
B1944153700957N11922508WA0118401257
B1944163700962N11922511WA0118401257
B1944173700967N11922514WA0118301255
B1944183700973N11922519WA0118301255
B1944193700978N11922524WA0118301255
B1944203700982N11922529WA0118601256
B1944213700984N11922533WA0118701257
B1944223700984N11922537WA0118601258
B1944233700984N11922542WA0118801258
B1944243700983N11922546WA0119001260
B1944253700980N11922550WA0119201262
B1944263700977N11922551WA0119301263
B1944273700973N11922552WA0119401265
B1944283700969N11922552WA0119301265
B1944293700966N11922551WA0119301265
B1944303700961N11922549WA0119201265
B1944313700957N11922545WA0119401265
B1944323700953N11922540WA0119501265
B1944333700949N11922536WA0119601267
B1944343700946N11922531WA0119601269
B1944353700943N11922526WA0119701270
B1944363700940N11922521WA0119701271
B1944373700937N11922515WA0119701272
B1944383700934N11922509WA0119701271
B1944393700931N11922502WA0119901272
B1944403700928N11922495WA0119901272
B1944413700924N11922488WA0120001273
B1944423700921N11922482WA0120201275
B1944433700918N11922476WA0120101277
B1944443700915N11922470WA0120101277
B1944453700912N11922464WA0120401278
B1944463700908N11922458WA0120501279
B1944473700905N11922452WA0120701281
B1944483700902N11922448WA0120701283
B1944493700898N11922444WA0120801284
B1944503700895N11922439WA0121001286
LXSB W 1 370144216 -1193739966 500.00
LXSB W 2 370253408 -1193813120 152.00
LXSB W 3 370171616 -1193773440 297.45
LXSB W 4 370155264 -1193892992 80.26
LXSB W 5 370163456 -1193777280 283.56
LXSB W 6 370622528 -1194539520 143.00
LXSB W 7 370487776 -1194473088 48.67
LXSB W 8 370412832 -1194342784 315.00
LXSB W 9 370674240 -1194572416 135.77
LXSB W 10 370185664 -1193839232 289.89
LXSB W 11 370185152 -1193906560 59.93
LXSB W 12 370185088 -1193906560 59.97
LXSB W 13 370140000 -1194003833 500.00
B1944513700892N11922436WA0121301287
B1944523700888N11922434WA0121301288
B1944533700884N11922433WA0121501289
B1944543700880N11922434WA0121601291
B1944553700877N11922436WA0121801292
B1944563700875N11922438WA0122101294
B1944573700875N11922441WA0122201296
B1944583700874N11922444WA0122201298
B1944593700873N11922446WA0122301299
B1945003700871N11922449WA0122301298
B1945013700870N11922452WA0122301298
B1945023700868N11922457WA0122301299
B1945033700868N11922461WA0122401300
B1945043700867N11922465WA0122501301
B1945053700867N11922469WA0122601302
B1945063700866N11922472WA0122501302
B1945073700865N11922476WA0122601302
B1945083700864N11922479WA0122601302
B1945093700863N11922482WA0122701302
B1945103700862N11922486WA0122801303
B1945113700863N11922491WA0122801305
B1945123700866N11922496WA0122901306
B1945133700870N11922500WA0123001308
B1945143700874N11922504WA0123301309
B1945153700879N11922506WA0123601311
B1945163700885N11922509WA0123701314
B1945173700891N11922510WA0123901317
B1945183700897N11922509WA0124001318
B1945193700903N11922505WA0124001319
B1945203700908N11922498WA0124001320
B1945213700913N11922490WA0124101321
B1945223700916N11922481WA0124201322
B1945233700917N11922472WA0124401323
B1945243700917N11922463WA0124401324
B1945253700915N11922455WA0124701325
B1945263700911N11922448WA0124801326
B1945273700907N11922443WA0125101330
B1945283700904N11922439WA0125401333
B1945293700900N11922437WA0125601335
B1945303700896N11922435WA0125601338
B1945313700892N11922434WA0125501340
B1945323700889N11922434WA0125601341
B1945333700886N11922435WA0125701342
B1945343700885N11922438WA0125801343
B1945353700886N11922441WA0125801344
B1945363700888N11922445WA0125701345
B1945373700892N11922448WA0125701346
B1945383700895N11922452WA0125801347
B1945393700900N11922455WA0125801347
B1945403700905N11922457WA0125801347
LXSB W 1 370148700 -1193739366 500.00
LXSB W 2 370253408 -1193813120 152.00
LXSB W 3 370171616 -1193773440 297.45
LXSB W 4 370155264 -1193892992 80.26
LXSB W 5 370163456 -1193777280 283.56
LXSB W 6 370622528 -1194539520 143.00
LXSB W 7 370487776 -1194473088 48.67
LXSB W 8 370412832 -1194342784 315.00
LXSB W 9 370674240 -1194572416 135.77
LXSB W 10 370185664 -1193839232 289.89
LXSB W 11 370185152 -1193906560 59.93
LXSB W 12 370185088 -1193906560 59.97
LXSB W 13 370140000 -1194003833 500.00
B1945413700911N11922458WA0125901347
B1945423700918N11922456WA0126001347
B1945433700925N11922453WA0126101348
B1945443700931N11922448WA0126201350
B1945453700937N11922441WA0126401351
B1945463700942N11922432WA0126501352
B1945473700945N11922422WA0126701353
B1945483700947N11922412WA0126901355
B1945493700948N11922403WA0126901356
B1945503700948N11922393WA0127001357
B1945513700946N11922385WA0127101358
B1945523700943N11922379WA0127301359
B1945533700940N11922374WA0127501361
B1945543700937N11922370WA0127701363
B1945553700934N11922367WA0127801365
B1945563700932N11922366WA0128001367
B1945573700929N11922365WA0128101367
B1945583700926N11922365WA0128201368
B1945593700924N11922367WA0128301369
B1946003700922N11922370WA0128501370
B1946013700920N11922373WA0128701372
B1946023700918N11922376WA0128801374
B1946033700917N11922379WA0128901374
B1946043700916N11922382WA0129001376
B1946053700916N11922385WA0129001376
B1946063700916N11922389WA0129001376
B1946073700917N11922393WA0129001376
B1946083700918N11922398WA0128901375
B1946093700919N11922403WA0128801375
B1946103700920N11922408WA0128901374
B1946113700921N11922412WA0129001375
B1946123700921N11922416WA0128901375
B1946133700922N11922420WA0129001376
B1946143700922N11922425WA0129101376
B1946153700922N11922429WA0129201376
B1946163700923N11922434WA0129301377
B1946173700925N11922438WA0129201378
LXSB bat: 77% (3571)
B1946183700926N11922442WA0129301379
B1946193700928N11922447WA0129301380
LXSB W 1 370151950 -1193743050 500.00
LXSB W 2 370253408 -1193813120 152.00
LXSB W 3 370171616 -1193773440 297.45
LXSB W 4 370155264 -1193892992 80.26
LXSB W 5 370163456 -1193777280 283.56
LXSB W 6 370622528 -1194539520 143.00
LXSB W 7 370487776 -1194473088 48.67
LXSB W 8 370412832 -1194342784 315.00
LXSB W 9 370674240 -1194572416 135.77
LXSB W 10 370185664 -1193839232 289.89
LXSB W 11 370185152 -1193906560 59.93
LXSB W 12 370185088 -1193906560 59.97
LXSB W 13 370140000 -1194003833 500.00
B1946203700929N11922451WA0129001379
B1946213700930N11922456WA0129101378
B1946223700931N11922461WA0129101378
B1946233700932N11922465WA0129101379
B1946243700934N11922468WA0129001379
B1946253700938N11922470WA0128901378
B1946263700942N11922471WA0128801377
B1946273700948N11922471WA0128701376
B1946283700955N11922468WA0128701375
B1946293700960N11922462WA0128601373
B1946303700963N11922454WA0128401371
B1946313700964N11922445WA0128101369
B1946323700963N11922436WA0128101368
B1946333700960N11922429WA0128301368
B1946343700956N11922424WA0128301368
B1946353700952N11922422WA0128301369
B1946363700948N11922421WA0128501369
B1946373700945N11922420WA0128601370
B1946383700943N11922419WA0128601371
B1946393700940N11922419WA0128501368
B1946403700938N11922420WA0128201367
B1946413700936N11922422WA0127901364
B1946423700934N11922426WA0127701362
B1946433700933N11922431WA0127501360
B1946443700933N11922435WA0127501359
B1946453700935N11922440WA0127501359
B1946463700937N11922444WA0127401358
B1946473700941N11922447WA0127201358
B1946483700946N11922449WA0127201356
B1946493700951N11922453WA0127201356
B1946503700956N11922456WA0127201355
B1946513700960N11922459WA0127301355
B1946523700964N11922463WA0127201355
B1946533700969N11922466WA0127301355
B1946543700973N11922470WA0127301355
B1946553700977N11922473WA0127301355
B1946563700980N11922477WA0127301355
B1946573700985N11922481WA0127201354
LXSB W 1 370154950 -1193741933 500.00
LXSB W 2 370253408 -1193813120 152.00
LXSB W 3 370171616 -1193773440 297.45
LXSB W 4 370155264 -1193892992 80.26
LXSB W 5 370163456 -1193777280 283.56
LXSB W 6 370622528 -1194539520 143.00
LXSB W 7 370487776 -1194473088 48.67
LXSB W 8 370412832 -1194342784 315.00
LXSB W 9 370674240 -1194572416 135.77
LXSB W 10 370185664 -1193839232 289.89
LXSB W 11 370185152 -1193906560 59.93
LXSB W 12 370185088 -1193906560 59.97
LXSB W 13 370140000 -1194003833 500.00
B1946583700989N11922485WA0127201353
B1946593700994N11922489WA0127201353
B1947003700999N11922492WA0127201353
B1947013701003N11922495WA0127201354
B1947023701008N11922498WA0127201354
B1947033701013N11922501WA0127301354
B1947043701018N11922503WA0127201355
B1947053701023N11922506WA0127301355
B1947063701028N11922508WA0127301355
B1947073701034N11922510WA0127201355
B1947083701039N11922513WA0127101354
B1947093701045N11922516WA0126901354
B1947103701051N11922519WA0127001354
B1947113701056N11922521WA0127001354
B1947123701061N11922525WA0126901353
B1947133701067N11922528WA0126801353
B1947143701072N11922532WA0126601351
B1947153701078N11922535WA0126401349
B1947163701084N11922539WA0126301346
B1947173701091N11922542WA0126101344
B1947183701096N11922546WA0125901343
B1947193701102N11922550WA0125801341
B1947203701107N11922555WA0125801340
B1947213701113N11922559WA0125601338
B1947223701119N11922563WA0125501336
B1947233701124N11922567WA0125501335
B1947243701129N11922571WA0125501335
B1947253701134N11922575WA0125501335
B1947263701139N11922579WA0125301334
B1947273701144N11922583WA0125201333
B1947283701149N11922588WA0125101332
B1947293701155N11922592WA0125001331
B1947303701160N11922596WA0124801329
B1947313701166N11922600WA0124701328
B1947323701172N11922604WA0124601326
B1947333701178N11922607WA0124501325
B1947343701184N11922610WA0124401325
B1947353701191N11922612WA0124201324
B1947363701198N11922614WA0124101322
B1947373701204N11922617WA0124101321
B1947383701211N11922622WA0124101320
B1947393701217N11922626WA0124101319
B1947403701223N11922628WA0124101320
B1947413701229N11922631WA0124001320
B1947423701236N11922632WA0123801320
B1947433701243N11922634WA0123501318
B1947443701250N11922637WA0123301315
B1947453701257N11922640WA0123101313
B1947463701263N11922644WA0123101310
B1947473701269N11922648WA0123001310
B1947483701273N11922651WA0122701308
B1947493701278N11922655WA0122301307
B1947503701282N11922659WA0122101305
B1947513701287N11922663WA0122001303
B1947523701291N11922668WA0121501299
LXSB W 1 370164966 -1193747550 500.00
LXSB W 2 370253408 -1193813120 152.00
LXSB W 3 370171616 -1193773440 297.45
LXSB W 4 370155264 -1193892992 80.26
LXSB W 5 370163456 -1193777280 283.56
LXSB W 6 370622528 -1194539520 143.00
LXSB W 7 370487776 -1194473088 48.67
LXSB W 8 370412832 -1194342784 315.00
LXSB W 9 370674240 -1194572416 135.77
LXSB W 10 370185664 -1193839232 289.89
LXSB W 11 370185152 -1193906560 59.93
LXSB W 12 370185088 -1193906560 59.97
LXSB W 13 370140000 -1194003833 500.00
B1947533701295N11922673WA0121301294
B1947543701299N11922678WA0121101292
B1947553701302N11922684WA0120801289
B1947563701307N11922689WA0120501287
B1947573701312N11922694WA0120301285
B1947583701317N11922699WA0120201284
B1947593701321N11922704WA0120001282
B1948003701325N11922710WA0119701280
B1948013701329N11922715WA0119501278
B1948023701333N11922720WA0119401276
B1948033701338N11922725WA0119301275
B1948043701342N11922731WA0119201273
B1948053701345N11922737WA0119001271
B1948063701348N11922743WA0118801269
B1948073701352N11922749WA0118601269
B1948083701356N11922756WA0118501267
B1948093701360N11922762WA0118501266
B1948103701363N11922768WA0118501265
B1948113701366N11922774WA0118501265
B1948123701369N11922779WA0118301264
B1948133701372N11922783WA0118201263
B1948143701375N11922788WA0118001262
B1948153701379N11922794WA0118101260
B1948163701382N11922799WA0118201259
B1948173701384N11922804WA0118401262
B1948183701387N11922809WA0118601264
B1948193701389N11922813WA0118901265
B1948203701392N11922818WA0118901266
B1948213701394N11922822WA0119301268
B1948223701396N11922827WA0119601269
B1948233701397N11922830WA0119601271
B1948243701399N11922834WA0119701273
B1948253701401N11922838WA0119901274
B1948263701402N11922842WA0120001275
B1948273701403N11922846WA0120101277
B1948283701403N11922849WA0120201278
B1948293701404N11922853WA0120401279
B1948303701405N11922856WA0120501281
B1948313701406N11922860WA0120701282
B1948323701408N11922862WA0120801284
B1948333701410N11922865WA0121001286
B1948343701414N11922867WA0121101288
B1948353701418N11922869WA0121201289
B1948363701421N11922871WA0121401291
B1948373701423N11922873WA0121601294
B1948383701424N11922875WA0121801295
B1948393701423N11922876WA0121901296
B1948403701420N11922875WA0122001298
B1948413701417N11922872WA0122001299
B1948423701414N11922865WA0122001298
B1948433701412N11922855WA0122001298
B1948443701413N11922844WA0122001299
B1948453701418N11922834WA0122201299
B1948463701424N11922828WA0122201300
B1948473701431N11922826WA0122201301
B1948483701437N11922827WA0122401301
B1948493701441N11922830WA0122501302
B1948503701444N11922833WA0122701303
B1948513701446N11922836WA0122901305
LXSB W 1 370215983 -1193778883 500.00
LXSB W 2 370254464 -1193810688 150.58
LXSB W 3 370172896 -1193772544 299.73
LXSB W 4 370155264 -1193892992 80.26
LXSB W 5 370163456 -1193777280 283.56
LXSB W 6 370622528 -1194539520 143.00
LXSB W 7 370487776 -1194473088 48.67
LXSB W 8 370412832 -1194342784 315.00
LXSB W 9 370674240 -1194572416 135.77
LXSB W 10 370185664 -1193839232 289.89
LXSB W 11 370185152 -1193906560 59.93
LXSB W 12 370185088 -1193906560 59.97
LXSB W 13 370140000 -1194003833 500.00
B1948523701449N11922839WA0123301310
B1948533701451N11922842WA0123601312
B1948543701453N11922844WA0123901317
B1948553701457N11922845WA0124201322
B1948563701461N11922843WA0124301325
B1948573701467N11922838WA0124701327
B1948583701472N11922830WA0124801330
B1948593701476N11922819WA0125001332
B1949003701478N11922807WA0125401334
B1949013701477N11922796WA0125601337
B1949023701475N11922788WA0125701340
B1949033701471N11922783WA0125801343
B1949043701468N11922783WA0126001343
B1949053701466N11922785WA0126201345
B1949063701467N11922789WA0126501347
B1949073701470N11922793WA0126601350
B1949083701475N11922794WA0126901353
B1949093701481N11922792WA0127201356
B1949103701488N11922789WA0127401358
B1949113701494N11922785WA0127801362
B1949123701500N11922780WA0128201365
B1949133701506N11922775WA0128701370
B1949143701511N11922770WA0129101374
B1949153701516N11922763WA0129401378
B1949163701518N11922756WA0129601380
B1949173701519N11922746WA0129701382
B1949183701518N11922737WA0129801383
B1949193701516N11922728WA0130201386
B1949203701513N11922721WA0130401389
B1949213701509N11922716WA0130601391
B1949223701505N11922715WA0130901391
B1949233701503N11922717WA0131101393
B1949243701502N11922720WA0131301396
B1949253701504N11922724WA0131701399
B1949263701508N11922726WA0132001402
B1949273701513N11922726WA0132301405
B1949283701519N11922725WA0132501409
B1949293701525N11922722WA0132801412
B1949303701531N11922717WA0133401415
B1949313701536N11922710WA0133701420
B1949323701538N11922701WA0134001424
B1949333701537N11922691WA0134101426
B1949343701535N11922682WA0134401428
B1949353701530N11922675WA0134501430
LXSB W 1 370241533 -1193806583 500.00
LXSB W 2 370253248 -1193813504 152.20
LXSB W 3 370171808 -1193773312 297.79
LXSB W 4 370155264 -1193892992 80.26
LXSB W 5 370163456 -1193777280 283.56
LXSB W 6 370622528 -1194539520 143.00
LXSB W 7 370487776 -1194473088 48.67
LXSB W 8 370412832 -1194342784 315.00
LXSB W 9 370674240 -1194572416 135.77
LXSB W 10 370185664 -1193839232 289.89
LXSB W 11 370185152 -1193906560 59.93
LXSB W 12 370185088 -1193906560 59.97
LXSB W 13 370140000 -1194003833 500.00
B1949363701525N11922672WA0135101435
B1949373701521N11922673WA0135201438
B1949383701519N11922675WA0135401441
B1949393701520N11922678WA0135701444
B1949403701523N11922681WA0136001446
B1949413701528N11922683WA0136301449
B1949423701534N11922682WA0136601453
B1949433701540N11922677WA0137001457
B1949443701545N11922669WA0137201460
B1949453701547N11922659WA0137301463
B1949463701547N11922650WA0137401465
B1949473701545N11922641WA0137801467
B1949483701541N11922635WA0138001470
B1949493701536N11922632WA0138401472
B1949503701533N11922633WA0138701475
B1949513701531N11922636WA0138801478
B1949523701533N11922639WA0138901481
B1949533701537N11922642WA0139301483
B1949543701543N11922642WA0139601486
B1949553701550N11922639WA0140001489
B1949563701556N11922631WA0140201493
B1949573701559N11922622WA0140301496
B1949583701560N11922611WA0140601499
B1949593701558N11922602WA0141101502
B1950003701554N11922595WA0141301505
B1950013701550N11922592WA0141601508
B1950023701547N11922592WA0141801511
B1950033701544N11922593WA0142001514
B1950043701543N11922595WA0142201517
B1950053701544N11922598WA0142401519
B1950063701547N11922602WA0142601521
B1950073701552N11922604WA0142901523
B1950083701560N11922602WA0143101525
B1950093701566N11922595WA0143301528
B1950103701569N11922585WA0143501530
B1950113701569N11922574WA0143601533
LXSB W 1 370254166 -1193778783 500.00
LXSB W 2 370262368 -1193796096 141.58
LXSB W 3 370174688 -1193771264 303.07
LXSB W 4 370155264 -1193892992 80.26
LXSB W 5 370163456 -1193777280 283.56
LXSB W 6 370622528 -1194539520 143.00
LXSB W 7 370487776 -1194473088 48.67
LXSB W 8 370412832 -1194342784 315.00
LXSB W 9 370674240 -1194572416 135.77
LXSB W 10 370185664 -1193839232 289.89
LXSB W 11 370185152 -1193906560 59.93
LXSB W 12 370185088 -1193906560 59.97
LXSB W 13 370140000 -1194003833 500.00
B1950123701567N11922565WA0144101536
B1950133701564N11922557WA0144401539
B1950143701559N11922553WA0144501541
B1950153701556N11922553WA0144601543
B1950163701554N11922556WA0144801543
B1950173701554N11922560WA0144801544
B1950183701555N11922565WA0144801545
B1950193701556N11922569WA0145001547
B1950203701557N11922574WA0145201548
B1950213701556N11922578WA0145301550
B1950223701554N11922581WA0145601552
B1950233701552N11922583WA0145701554
B1950243701551N11922586WA0145601553
B1950253701551N11922588WA0145401554
B1950263701551N11922591WA0145301553
B1950273701552N11922595WA0145201552
B1950283701553N11922600WA0145001552
B1950293701553N11922603WA0145001551
B1950303701554N11922607WA0144901551
B1950313701555N11922609WA0144801550
B1950323701556N11922612WA0144801549
B1950333701557N11922616WA0144601549
B1950343701559N11922620WA0144601547
B1950353701561N11922624WA0144601547
B1950363701564N11922628WA0144701547
B1950373701566N11922632WA0144601547
B1950383701569N11922636WA0144601547
B1950393701572N11922641WA0144701546
B1950403701576N11922645WA0144901546
B1950413701579N11922650WA0145201547
B1950423701582N11922654WA0145501549
B1950433701585N11922657WA0145701551
B1950443701587N11922660WA0145901554
B1950453701590N11922662WA0146101555
B1950463701593N11922666WA0146201556
B1950473701596N11922669WA0146301557
B1950483701599N11922674WA0146501558
LXSB W 1 370261283 -1193760866 500.00
LXSB W 2 370266976 -1193789440 137.07
LXSB W 3 370174688 -1193771264 303.07
LXSB W 4 370155264 -1193892992 80.26
LXSB W 5 370163456 -1193777280 283.56
LXSB W 6 370622528 -1194539520 143.00
LXSB W 7 370487776 -1194473088 48.67
LXSB W 8 370412832 -1194342784 315.00
LXSB W 9 370674240 -1194572416 135.77
LXSB W 10 370185664 -1193839232 289.89
LXSB W 11 370185152 -1193906560 59.93
LXSB W 12 370185088 -1193906560 59.97
LXSB W 13 370140000 -1194003833 500.00
B1950493701603N11922678WA0146801563
B1950503701607N11922682WA0147001565
B1950513701610N11922686WA0147301565
B1950523701614N11922690WA0147601568
B1950533701617N11922694WA0147801570
B1950543701620N11922699WA0147901573
B1950553701622N11922704WA0148101575
B1950563701625N11922709WA0148301577
B1950573701626N11922712WA0148601580
B1950583701627N11922716WA0148701583
B1950593701625N11922718WA0148901584
B1951003701622N11922719WA0148901585
B1951013701618N11922720WA0149301586
B1951023701614N11922722WA0149301588
B1951033701610N11922723WA0149601591
B1951043701606N11922724WA0149801593
B1951053701603N11922725WA0150001596
B1951063701599N11922724WA0150101598
B1951073701595N11922724WA0150201600
B1951083701592N11922723WA0150301601
B1951093701588N11922723WA0150501603
B1951103701584N11922723WA0150801604
B1951113701581N11922723WA0151001607
B1951123701577N11922725WA0151101610
B1951133701574N11922726WA0151401613
LXSB bat: 76% (3566)
B1951143701571N11922726WA0151701615
B1951153701567N11922726WA0151701618
B1951163701564N11922726WA0151801619
B1951173701560N11922727WA0151901619
B1951183701557N11922728WA0151901620
B1951193701555N11922730WA0151801621
B1951203701554N11922732WA0151801621
B1951213701553N11922735WA0151801622
B1951223701552N11922738WA0151601621
B1951233701549N11922741WA0151401619
B1951243701546N11922743WA0151201617
B1951253701541N11922745WA0151201616
B1951263701537N11922745WA0151301616
B1951273701533N11922746WA0151201615
B1951283701529N11922745WA0151201616
B1951293701525N11922744WA0151001617
B1951303701521N11922742WA0150801616
B1951313701516N11922740WA0151101616
B1951323701511N11922738WA0151101616
B1951333701506N11922736WA0151201618
B1951343701502N11922734WA0151301619
B1951353701497N11922731WA0151301619
B1951363701493N11922728WA0151101619
B1951373701488N11922726WA0151001618
B1951383701483N11922725WA0151001616
B1951393701477N11922724WA0151101615
B1951403701472N11922724WA0151201614
B1951413701466N11922721WA0151501614
B1951423701461N11922718WA0151801615
B1951433701457N11922715WA0152001617
B1951443701453N11922712WA0152101620
B1951453701449N11922710WA0152201620
B1951463701444N11922708WA0152201622
LXSB W 1 370155000 -1193733500 500.00
LXSB W 2 370270850 -1193784850 500.00
LXSB W 3 370175392 -1193770624 304.45
LXSB W 4 370155264 -1193892992 80.26
LXSB W 5 370163456 -1193777280 283.56
LXSB W 6 370622528 -1194539520 143.00
LXSB W 7 370487776 -1194473088 48.67
LXSB W 8 370412832 -1194342784 315.00
LXSB W 9 370674240 -1194572416 135.77
LXSB W 10 370185664 -1193839232 289.89
LXSB W 11 370185152 -1193906560 59.93
LXSB W 12 370185088 -1193906560 59.97
LXSB W 13 370140000 -1194003833 500.00
B1951473701440N11922706WA0152301623
B1951483701436N11922705WA0152501624
B1951493701431N11922704WA0152701627
B1951503701427N11922704WA0153001629
B1951513701422N11922704WA0153201631
B1951523701418N11922703WA0153301634
B1951533701413N11922701WA0153401636
B1951543701408N11922700WA0153601637
B1951553701403N11922700WA0153701638
B1951563701398N11922701WA0153801639
B1951573701393N11922701WA0154101642
B1951583701388N11922701WA0154301644
B1951593701384N11922701WA0154401646
B1952003701379N11922701WA0154601648
B1952013701374N11922701WA0154701650
B1952023701369N11922703WA0154901651
B1952033701365N11922703WA0154901654
B1952043701362N11922703WA0154901654
B1952053701357N11922702WA0155001655
B1952063701353N11922701WA0155101655
B1952073701347N11922701WA0155101656
B1952083701342N11922701WA0155101657
B1952093701337N11922700WA0155301658
B1952103701332N11922699WA0155401660
B1952113701327N11922698WA0155601661
B1952123701321N11922698WA0155801663
B1952133701316N11922697WA0156001665
B1952143701311N11922696WA0156101666
B1952153701305N11922694WA0156201668
B1952163701300N11922693WA0156201669
B1952173701295N11922691WA0156201670
B1952183701290N11922689WA0156201668
B1952193701284N11922688WA0156001667
B1952203701278N11922686WA0155901667
B1952213701272N11922685WA0155801666
B1952223701267N11922684WA0155601665
B1952233701261N11922682WA0155501663
B1952243701256N11922679WA0155201661
B1952253701249N11922676WA0155101659
B1952263701243N11922673WA0154901658
B1952273701236N11922671WA0154801657
B1952283701230N11922668WA0154801657
B1952293701224N11922666WA0154701656
B1952303701219N11922663WA0154501655
B1952313701213N11922661WA0154501653
B1952323701207N11922658WA0154201651
B1952333701201N11922656WA0154001649
LXSB W 1 370155000 -1193733500 500.00
LXSB W 2 370239350 -1193784183 500.00
LXSB W 3 370174688 -1193771264 303.07
LXSB W 4 370155264 -1193892992 80.26
LXSB W 5 370163456 -1193777280 283.56
LXSB W 6 370622528 -1194539520 143.00
LXSB W 7 370487776 -1194473088 48.67
LXSB W 8 370412832 -1194342784 315.00
LXSB W 9 370674240 -1194572416 135.77
LXSB W 10 370185664 -1193839232 289.89
LXSB W 11 370185152 -1193906560 59.93
LXSB W 12 370185088 -1193906560 59.97
LXSB W 13 370140000 -1194003833 500.00
B1952343701196N11922655WA0153501647
B1952353701190N11922653WA0153501644
B1952363701184N11922652WA0153301641
B1952373701177N11922650WA0153201639
B1952383701171N11922648WA0153101638
B1952393701165N11922646WA0153101638
B1952403701159N11922644WA0153101637
B1952413701154N11922642WA0153001636
B1952423701148N11922639WA0152901635
B1952433701141N11922637WA0152801634
B1952443701136N11922635WA0153001634
B1952453701131N11922633WA0153101634
B1952463701126N11922630WA0153001635
B1952473701123N11922627WA0152901635
B1952483701119N11922624WA0152801634
B1952493701115N11922621WA0152701632
B1952503701111N11922617WA0152501631
B1952513701107N11922613WA0152501629
B1952523701103N11922610WA0152301628
B1952533701099N11922607WA0152201628
B1952543701094N11922604WA0152201627
B1952553701090N11922601WA0152101627
B1952563701087N11922597WA0152001626
B1952573701083N11922594WA0151901625
B1952583701079N11922592WA0151601623
B1952593701074N11922589WA0151501621
B1953003701070N11922586WA0151301619
B1953013701066N11922583WA0151001618
B1953023701063N11922580WA0150701615
B1953033701060N11922579WA0150401610
B1953043701057N11922578WA0150101606
B1953053701055N11922580WA0149601602
B1953063701054N11922582WA0149101597
B1953073701052N11922584WA0148701593
B1953083701052N11922588WA0148301588
B1953093701051N11922592WA0148001584
B1953103701050N11922595WA0147601580
B1953113701049N11922599WA0147201576
B1953123701048N11922603WA0146801573
B1953133701048N11922607WA0146501573
B1953143701048N11922612WA0146301571
B1953153701048N11922618WA0146401570
B1953163701048N11922623WA0146401569
B1953173701047N11922627WA0146301568
B1953183701046N11922631WA0146001566
B1953193701044N11922634WA0145701563
B1953203701043N11922638WA0145201559
B1953213701041N11922643WA0144801555
B1953223701040N11922649WA0144501550
B1953233701039N11922656WA0144101547
B1953243701038N11922662WA0143901543
B1953253701039N11922669WA0143401539
B1953263701039N11922676WA0143101535
B1953273701040N11922684WA0142701530
B1953283701039N11922692WA0142401530
B1953293701038N11922700WA0142301526
B1953303701036N11922707WA0142201522
B1953313701034N11922712WA0142201521
B1953323701032N11922717WA0142101521
B1953333701030N11922721WA0141701521
B1953343701028N11922725WA0141501518
B1953353701025N11922731WA0141301514
B1953363701023N11922737WA0141201511
B1953373701021N11922743WA0141301509
B1953383701021N11922747WA0141401509
B1953393701021N11922751WA0141401510
B1953403701020N11922755WA0141301511
B1953413701019N11922759WA0141201511
B1953423701018N11922764WA0141001509
B1953433701018N11922770WA0141001508
B1953443701017N11922775WA0141101508
B1953453701017N11922779WA0141001508
LXSB W 1 370155000 -1193733500 500.00
LXSB W 2 370333000 -1193866000 500.00
LXSB W 3 370179833 -1193765333 500.00
LXSB W 4 370155264 -1193892992 80.26
LXSB W 5 370163456 -1193777280 283.56
LXSB W 6 370622528 -1194539520 143.00
LXSB W 7 370487776 -1194473088 48.67
LXSB W 8 370412832 -1194342784 315.00
LXSB W 9 370674240 -1194572416 135.77
LXSB W 10 370185664 -1193839232 289.89
LXSB W 11 370185152 -1193906560 59.93
LXSB W 12 370185088 -1193906560 59.97
LXSB W 13 370140000 -1194003833 500.00
B1953463701016N11922784WA0140601506
B1953473701015N11922788WA0140801504
B1953483701012N11922792WA0140901502
B1953493701009N11922795WA0140801501
B1953503701007N11922798WA0140801502
B1953513701006N11922801WA0140801503
B1953523701007N11922805WA0140901502
B1953533701008N11922809WA0140901502
B1953543701008N11922813WA0141001503
B1953553701007N11922817WA0141101504
B1953563701007N11922821WA0141301506
B1953573701007N11922824WA0141301507
B1953583701007N11922827WA0141401508
B1953593701007N11922830WA0141301507
B1954003701007N11922834WA0141101506
B1954013701008N11922838WA0141001506
B1954023701008N11922842WA0140801505
B1954033701009N11922846WA0140801503
B1954043701011N11922851WA0140701502
B1954053701012N11922856WA0140701501
B1954063701013N11922861WA0140801501
B1954073701015N11922865WA0140801502
B1954083701017N11922870WA0140801502
B1954093701019N11922874WA0140701503
B1954103701021N11922878WA0140701502
B1954113701023N11922883WA0140701502
B1954123701025N11922888WA0140701501
B1954133701026N11922892WA0140801501
B1954143701027N11922896WA0140901502
B1954153701028N11922901WA0140901503
B1954163701029N11922906WA0140901503
B1954173701030N11922911WA0141001503
B1954183701032N11922916WA0141201505
B1954193701034N11922921WA0141301507
B1954203701036N11922925WA0141401509
B1954213701037N11922929WA0141401510
B1954223701039N11922934WA0141301510
B1954233701041N11922939WA0141301510
B1954243701044N11922945WA0141401510
B1954253701047N11922950WA0141601511
B1954263701050N11922955WA0141701512
B1954273701051N11922960WA0141801514
B1954283701052N11922964WA0141801515
B1954293701053N11922968WA0141901516
B1954303701053N11922972WA0141901516
LXSB W 1 370155000 -1193733500 500.00
LXSB W 2 370333000 -1193866000 500.00
LXSB W 3 370169466 -1193797350 500.00
LXSB W 4 370155264 -1193892992 80.26
LXSB W 5 370163456 -1193777280 283.56
LXSB W 6 370622528 -1194539520 143.00
LXSB W 7 370487776 -1194473088 48.67
LXSB W 8 370412832 -1194342784 315.00
LXSB W 9 370674240 -1194572416 135.77
LXSB W 10 370185664 -1193839232 289.89
LXSB W 11 370185152 -1193906560 59.93
LXSB W 12 370185088 -1193906560 59.97
LXSB W 13 370140000 -1194003833 500.00
B1954313701054N11922977WA0142101517
B1954323701054N11922981WA0142201518
B1954333701054N11922986WA0142501519
B1954343701054N11922991WA0142801522
B1954353701054N11922995WA0143001525
B1954363701054N11922999WA0143301528
B1954373701053N11923003WA0143601531
B1954383701052N11923007WA0143901533
B1954393701052N11923012WA0144301536
B1954403701051N11923018WA0144601539
B1954413701049N11923022WA0144701543
B1954423701049N11923025WA0144801547
B1954433701048N11923027WA0144801549
B1954443701048N11923030WA0144701550
B1954453701048N11923035WA0144701549
B1954463701049N11923041WA0144801549
B1954473701048N11923047WA0145001550
B1954483701048N11923051WA0145201552
B1954493701047N11923055WA0145301555
B1954503701047N11923057WA0145301556
B1954513701047N11923060WA0145401557
B1954523701047N11923064WA0145301556
B1954533701046N11923068WA0145201554
B1954543701044N11923072WA0145301554
B1954553701042N11923077WA0145401555
B1954563701040N11923080WA0145501557
B1954573701037N11923083WA0145601558
B1954583701034N11923086WA0145801559
B1954593701032N11923090WA0146101560
B1955003701030N11923094WA0146701563
B1955013701028N11923098WA0146901566
B1955023701026N11923101WA0147201571
B1955033701024N11923102WA0147401575
B1955043701021N11923104WA0147601579
B1955053701018N11923106WA0147801580
B1955063701015N11923109WA0147801580
B1955073701013N11923113WA0147901580
B1955083701010N11923117WA0147901581
B1955093701007N11923122WA0147901582
B1955103701005N11923126WA0148001582
B1955113701002N11923130WA0148201582
B1955123700999N11923134WA0148101583
B1955133700997N11923138WA0148201584
B1955143700995N11923142WA0148101584
B1955153700994N11923146WA0148001584
B1955163700992N11923150WA0147801583
B1955173700991N11923155WA0147801582
B1955183700989N11923160WA0147601580
B1955193700988N11923165WA0147501579
B1955203700987N11923170WA0147301578
B1955213700986N11923173WA0147201577
B1955223700985N11923177WA0146801574
B1955233700983N11923180WA0146601571
LXSB W 1 370155000 -1193733500 500.00
LXSB W 2 370333000 -1193866000 500.00
LXSB W 3 370175700 -1193829550 500.00
LXSB W 4 370158464 -1193893760 78.18
LXSB W 5 370163456 -1193777280 283.56
LXSB W 6 370622528 -1194539520 143.00
LXSB W 7 370487776 -1194473088 48.67
LXSB W 8 370412832 -1194342784 315.00
LXSB W 9 370674240 -1194572416 135.77
LXSB W 10 370185664 -1193839232 289.89
LXSB W 11 370185152 -1193906560 59.93
LXSB W 12 370185088 -1193906560 59.97
LXSB W 13 370140000 -1194003833 500.00
B1955243700982N11923184WA0146201567
B1955253700981N11923189WA0146001564
B1955263700980N11923194WA0145801562
B1955273700979N11923199WA0145501560
B1955283700979N11923204WA0145401559
B1955293700978N11923208WA0145201557
B1955303700977N11923213WA0145101555
B1955313700975N11923217WA0145001553
B1955323700973N11923222WA0145001552
B1955333700972N11923227WA0144801551
B1955343700970N11923232WA0144601549
B1955353700968N11923237WA0144501547
B1955363700967N11923242WA0144401545
B1955373700965N11923248WA0144401544
B1955383700962N11923253WA0144401544
B1955393700960N11923258WA0144201544
B1955403700957N11923261WA0144101544
B1955413700955N11923265WA0143901542
B1955423700953N11923270WA0143501540
B1955433700951N11923274WA0143201539
B1955443700948N11923279WA0143301537
B1955453700945N11923283WA0143301537
B1955463700942N11923287WA0143301536
B1955473700939N11923289WA0143101534
B1955483700935N11923292WA0142801532
B1955493700932N11923296WA0142501529
B1955503700929N11923300WA0142401526
B1955513700927N11923305WA0142401525
B1955523700926N11923310WA0142301525
B1955533700924N11923314WA0142201524
B1955543700923N11923319WA0142101523
B1955553700921N11923323WA0141901521
B1955563700920N11923327WA0141601519
B1955573700918N11923332WA0141501517
B1955583700917N11923337WA0141301514
B1955593700916N11923343WA0141101512
B1956003700914N11923348WA0140901510
B1956013700912N11923354WA0140801509
B1956023700910N11923359WA0140601507
B1956033700908N11923364WA0140401506
B1956043700905N11923369WA0140301504
B1956053700903N11923375WA0140301502
B1956063700900N11923381WA0140501502
B1956073700897N11923386WA0140701503
B1956083700894N11923391WA0141101506
B1956093700890N11923395WA0141301508
B1956103700886N11923399WA0141301511
B1956113700883N11923403WA0141301512
B1956123700882N11923406WA0141501513
B1956133700883N11923410WA0141701513
LXSB bat: 76% (3567)
B1956143700885N11923414WA0141801514
B1956153700888N11923417WA0141901516
B1956163700892N11923418WA0142001519
B1956173700896N11923417WA0142301521
B1956183700901N11923415WA0142501523
B1956193700905N11923412WA0142801526
B1956203700909N11923408WA0143001528
B1956213700912N11923403WA0143201531
B1956223700915N11923396WA0143301533
B1956233700917N11923389WA0143601536
B1956243700918N11923382WA0143701539
B1956253700918N11923374WA0143801541
B1956263700916N11923367WA0143801541
B1956273700913N11923358WA0143801541
B1956283700909N11923350WA0143901541
B1956293700907N11923340WA0144001542
B1956303700905N11923331WA0144201543
B1956313700903N11923322WA0144201545
B1956323700901N11923314WA0144101546
B1956333700899N11923305WA0144101545
B1956343700896N11923296WA0144001545
B1956353700894N11923287WA0143801544
B1956363700892N11923278WA0143601542
B1956373700891N11923269WA0143401540
B1956383700889N11923260WA0143301539
B1956393700888N11923251WA0143201537
B1956403700887N11923242WA0143101535
B1956413700886N11923233WA0143101534
B1956423700885N11923225WA0143101534
B1956433700885N11923216WA0143001534
LXSB W 1 370155000 -1193733500 500.00
LXSB W 2 370333000 -1193866000 500.00
LXSB W 3 370155000 -1193733500 500.00
LXSB W 4 370151783 -1193893183 500.00
LXSB W 5 370163456 -1193777280 283.56
LXSB W 6 370622528 -1194539520 143.00
LXSB W 7 370487776 -1194473088 48.67
LXSB W 8 370412832 -1194342784 315.00
LXSB W 9 370674240 -1194572416 135.77
LXSB W 10 370185664 -1193839232 289.89
LXSB W 11 370185152 -1193906560 59.93
LXSB W 12 370185088 -1193906560 59.97
LXSB W 13 370140000 -1194003833 500.00
B1956443700884N11923207WA0143101533
B1956453700884N11923197WA0143301534
B1956463700884N11923188WA0143401534
B1956473700884N11923178WA0143401536
B1956483700883N11923169WA0143501537
B1956493700882N11923160WA0143501538
B1956503700883N11923151WA0143501539
B1956513700883N11923142WA0143501538
B1956523700884N11923132WA0143501538
B1956533700886N11923123WA0143401537
B1956543700887N11923113WA0143201536
B1956553700889N11923103WA0143101535
B1956563700890N11923093WA0142901533
B1956573700890N11923082WA0142701531
B1956583700891N11923072WA0142701529
B1956593700892N11923061WA0142501528
B1957003700894N11923050WA0142401527
B1957013700895N11923039WA0142301526
B1957023700897N11923028WA0142201525
B1957033700898N11923018WA0142001524
B1957043700899N11923009WA0141901522
B1957053700900N11922999WA0141601520
B1957063700901N11922988WA0141501517
B1957073700902N11922977WA0141501516
B1957083700904N11922967WA0141501516
B1957093700905N11922957WA0141501516
B1957103700906N11922948WA0141401516
B1957113700906N11922938WA0141501516
B1957123700908N11922929WA0141601516
B1957133700910N11922919WA0141801517
B1957143700911N11922910WA0142001519
B1957153700913N11922901WA0142201521
B1957163700914N11922893WA0142301523
B1957173700915N11922885WA0142501525
B1957183700916N11922877WA0142701527
B1957193700918N11922868WA0142801529
B1957203700920N11922860WA0143001531
B1957213700921N11922852WA0143101532
B1957223700923N11922844WA0143201533
B1957233700924N11922835WA0143101534
LXSB W 1 370155000 -1193733500 500.00
LXSB W 2 370333000 -1193866000 500.00
LXSB W 3 370155000 -1193733500 500.00
LXSB W 4 370147433 -1193867883 500.00
LXSB W 5 370161856 -1193777664 280.96
LXSB W 6 370622528 -1194539520 143.00
LXSB W 7 370487776 -1194473088 48.67
LXSB W 8 370412832 -1194342784 315.00
LXSB W 9 370674240 -1194572416 135.77
LXSB W 10 370185664 -1193839232 289.89
LXSB W 11 370185152 -1193906560 59.93
LXSB W 12 370185088 -1193906560 59.97
LXSB W 13 370140000 -1194003833 500.00
B1957243700926N11922827WA0143201535
B1957253700926N11922818WA0143301534
B1957263700926N11922809WA0143201534
B1957273700926N11922801WA0143101534
B1957283700926N11922792WA0143001534
B1957293700926N11922784WA0142901533
B1957303700926N11922775WA0142801532
B1957313700925N11922766WA0142801530
B1957323700926N11922756WA0142801530
B1957333700926N11922746WA0142901530
B1957343700928N11922737WA0142901530
B1957353700929N11922728WA0142801530
B1957363700930N11922720WA0142801531
B1957373700931N11922711WA0142601530
B1957383700931N11922703WA0142501529
B1957393700932N11922694WA0142501528
B1957403700932N11922685WA0142401527
B1957413700931N11922676WA0142401527
B1957423700931N11922668WA0142501526
B1957433700930N11922659WA0142301526
B1957443700931N11922650WA0142101525
B1957453700932N11922642WA0142101525
B1957463700934N11922634WA0141901524
B1957473700937N11922628WA0141701522
B1957483700944N11922622WA0141401520
B1957493700951N11922618WA0141201518
B1957503700959N11922615WA0141301516
B1957513700966N11922612WA0141201516
B1957523700973N11922610WA0141201517
B1957533700979N11922609WA0141201517
B1957543700985N11922609WA0141201517
B1957553700991N11922610WA0141201516
B1957563700997N11922611WA0141201516
B1957573701004N11922612WA0141201516
B1957583701009N11922613WA0141101516
B1957593701015N11922615WA0141101516
B1958003701020N11922617WA0141001515
B1958013701025N11922618WA0140901515
B1958023701030N11922620WA0140801514
B1958033701035N11922621WA0140701512
B1958043701040N11922623WA0140701511
B1958053701046N11922625WA0140601509
B1958063701051N11922628WA0140701508
B1958073701056N11922631WA0140801509
B1958083701061N11922634WA0140801510
B1958093701066N11922636WA0140801510
B1958103701072N11922638WA0140701510
B1958113701077N11922640WA0140601509
B1958123701083N11922642WA0140501509
B1958133701088N11922644WA0140501508
B1958143701094N11922645WA0140201507
B1958153701099N11922646WA0140101506
B1958163701105N11922648WA0140101504
B1958173701111N11922651WA0140101502
B1958183701117N11922653WA0140101501
B1958193701123N11922656WA0140201502
B1958203701128N11922657WA0140301503
B1958213701132N11922658WA0140201504
B1958223701137N11922660WA0140001504
B1958233701142N11922662WA0139901502
B1958243701147N11922665WA0140101500
LXSB W 1 370155000 -1193733500 500.00
LXSB W 2 370333000 -1193866000 500.00
LXSB W 3 370155000 -1193733500 500.00
LXSB W 4 370140000 -1194003833 500.00
LXSB W 5 370155166 -1193778016 500.00
LXSB W 6 370622976 -1194538752 141.80
LXSB W 7 370487648 -1194472960 48.96
LXSB W 8 370412832 -1194342784 315.00
LXSB W 9 370674240 -1194572416 135.77
LXSB W 10 370185664 -1193839232 289.89
LXSB W 11 370185152 -1193906560 59.93
LXSB W 12 370185088 -1193906560 59.97
LXSB W 13 370140000 -1194003833 500.00
B1958253701153N11922668WA0140201499
B1958263701159N11922671WA0140201501
B1958273701164N11922673WA0140301503
B1958283701169N11922674WA0140201503
B1958293701175N11922676WA0140201503
B1958303701180N11922678WA0140301502
B1958313701186N11922682WA0140301502
B1958323701191N11922686WA0140501502
B1958333701196N11922689WA0140501503
B1958343701201N11922693WA0140501504
B1958353701205N11922696WA0140301505
B1958363701210N11922698WA0140301506
B1958373701214N11922701WA0140301506
B1958383701219N11922704WA0140301505
B1958393701223N11922707WA0140101504
B1958403701227N11922711WA0140101504
B1958413701231N11922716WA0140201504
B1958423701234N11922720WA0140101503
B1958433701237N11922724WA0139901502
B1958443701241N11922728WA0139601499
B1958453701245N11922733WA0139401497
B1958463701249N11922737WA0139401496
B1958473701254N11922741WA0139301494
B1958483701258N11922745WA0139101493
B1958493701263N11922749WA0139101491
B1958503701269N11922752WA0139101489
B1958513701275N11922756WA0139201489
B1958523701281N11922758WA0139101490
B1958533701287N11922760WA0139001491
B1958543701292N11922761WA0138901490
B1958553701297N11922762WA0138801488
B1958563701303N11922763WA0138701486
B1958573701309N11922765WA0138801485
B1958583701316N11922767WA0138901486
B1958593701322N11922769WA0138901487
B1959003701327N11922771WA0139101488
B1959013701333N11922773WA0139201488
B1959023701338N11922775WA0139101488
B1959033701343N11922778WA0139101488
B1959043701348N11922782WA0139101488
B1959053701354N11922785WA0139101488
LXSB W 1 370155000 -1193733500 500.00
LXSB W 2 370333000 -1193866000 500.00
LXSB W 3 370155000 -1193733500 500.00
LXSB W 4 370140000 -1194003833 500.00
LXSB W 5 370193183 -1193778566 500.00
LXSB W 6 370622976 -1194538752 141.80
LXSB W 7 370487648 -1194472960 48.96
LXSB W 8 370412832 -1194342784 315.00
LXSB W 9 370674240 -1194572416 135.77
LXSB W 10 370185664 -1193839232 289.89
LXSB W 11 370185152 -1193906560 59.93
LXSB W 12 370185088 -1193906560 59.97
LXSB W 13 370140000 -1194003833 500.00
B1959073701365N11922791WA0139301489
B1959083701370N11922794WA0139401492
B1959093701374N11922797WA0139501494
B1959103701378N11922799WA0139801495
B1959113701381N11922802WA0140101496
B1959123701384N11922806WA0140001497
B1959133701387N11922809WA0140301499
B1959143701389N11922813WA0140701502
B1959153701392N11922817WA0141101506
B1959163701393N11922820WA0141401510
B1959173701394N11922823WA0141601513
B1959183701396N11922826WA0141901516
B1959193701397N11922829WA0142101516
B1959203701399N11922832WA0142301519
B1959213701400N11922835WA0142701522
B1959223701402N11922838WA0143001525
B1959233701405N11922840WA0143101528
B1959243701410N11922840WA0143201530
B1959253701416N11922837WA0143401531
B1959263701422N11922830WA0143601533
B1959273701426N11922821WA0143901535
B1959283701427N11922812WA0144101538
B1959293701426N11922803WA0144501541
B1959303701423N11922796WA0144701544
B1959313701418N11922792WA0145001547
B1959323701414N11922791WA0145201550
B1959333701410N11922793WA0145401553
B1959343701409N11922796WA0145701555
B1959353701411N11922800WA0146101558
B1959363701413N11922802WA0146401561
B1959373701418N11922803WA0146701564
B1959383701424N11922802WA0146901567
B1959393701430N11922797WA0147101569
LXSB W 1 370155000 -1193733500 500.00
LXSB W 2 370333000 -1193866000 500.00
LXSB W 3 370155000 -1193733500 500.00
LXSB W 4 370140000 -1194003833 500.00
LXSB W 5 370227533 -1193798616 500.00
LXSB W 6 370622528 -1194539520 143.00
LXSB W 7 370487776 -1194473088 48.67
LXSB W 8 370412832 -1194342784 315.00
LXSB W 9 370674240 -1194572416 135.77
LXSB W 10 370185664 -1193839232 289.89
LXSB W 11 370185152 -1193906560 59.93
LXSB W 12 370185088 -1193906560 59.97
LXSB W 13 370140000 -1194003833 500.00
B1959403701434N11922789WA0147701574
B1959413701436N11922779WA0148001578
B1959423701434N11922769WA0148301582
B1959433701429N11922761WA0148601586
B1959443701423N11922757WA0149001590
B1959453701418N11922757WA0149201594
B1959463701414N11922759WA0149601597
B1959473701413N11922762WA0150001601
B1959483701415N11922765WA0150201604
B1959493701418N11922766WA0150301606
B1959503701422N11922767WA0150701608
B1959513701427N11922766WA0151001611
B1959523701433N11922763WA0151301615
B1959533701437N11922757WA0151701618
B1959543701440N11922748WA0151801621
B1959553701441N11922737WA0152101621
B1959563701439N11922727WA0152601625
B1959573701436N11922718WA0153101630
B1959583701431N11922711WA0153501634
B1959593701426N11922708WA0153801639
B2000003701421N11922708WA0154201642
B2000013701418N11922710WA0154301645
B2000023701417N11922713WA0154501647
B2000033701418N11922716WA0154801649
B2000043701422N11922718WA0155401651
LXSB W 1 370155000 -1193733500 500.00
LXSB W 2 370333000 -1193866000 500.00
LXSB W 3 370155000 -1193733500 500.00
LXSB W 4 370140000 -1194003833 500.00
LXSB W 5 370239133 -1193798216 500.00
LXSB W 6 370624288 -1194536832 138.58
LXSB W 7 370487968 -1194473344 48.23
LXSB W 8 370412832 -1194342784 315.00
LXSB W 9 370674240 -1194572416 135.77
LXSB W 10 370185664 -1193839232 289.89
LXSB W 11 370185152 -1193906560 59.93
LXSB W 12 370185088 -1193906560 59.97
LXSB W 13 370140000 -1194003833 500.00
B2000053701428N11922717WA0155601661
B2000063701433N11922712WA0156101665
B2000073701437N11922703WA0156401669
B2000083701439N11922694WA0156801673
B2000093701440N11922684WA0157201673
B2000103701439N11922674WA0157401678
B2000113701436N11922665WA0157701681
B2000123701431N11922658WA0158001685
B2000133701425N11922655WA0158201688
B2000143701420N11922654WA0158501690
B2000153701416N11922656WA0158601693
B2000163701415N11922659WA0158801695
B2000173701415N11922663WA0159001698
B2000183701418N11922665WA0159301700
B2000193701423N11922664WA0159801702
B2000203701428N11922660WA0159801705
B2000213701432N11922652WA0160001708
B2000223701435N11922642WA0160301710
B2000233701434N11922631WA0160501712
B2000243701430N11922620WA0160701714
B2000253701424N11922612WA0161001716
B2000263701418N11922608WA0161101718
B2000273701412N11922608WA0161201720
B2000283701409N11922611WA0161301722
B2000293701409N11922614WA0161301723
B2000303701412N11922616WA0161701726
B2000313701415N11922615WA0161901729
B2000323701420N11922611WA0161901731
B2000333701424N11922605WA0162101733
B2000343701427N11922596WA0162201734
B2000353701429N11922586WA0162401735
LXSB W 1 370155000 -1193733500 500.00
LXSB W 2 370333000 -1193866000 500.00
LXSB W 3 370155000 -1193733500 500.00
LXSB W 4 370140000 -1194003833 500.00
LXSB W 5 370238016 -1193786233 500.00
LXSB W 6 370623008 -1194538752 141.70
LXSB W 7 370488672 -1194474112 46.80
LXSB W 8 370412832 -1194342784 315.00
LXSB W 9 370674240 -1194572416 135.77
LXSB W 10 370185664 -1193839232 289.89
LXSB W 11 370185152 -1193906560 59.93
LXSB W 12 370185088 -1193906560 59.97
LXSB W 13 370140000 -1194003833 500.00
B2000363701430N11922575WA0162501738
B2000373701429N11922564WA0163001740
B2000383701425N11922555WA0163101742
B2000393701420N11922550WA0163201744
B2000403701417N11922550WA0163101744
B2000413701414N11922552WA0163101744
B2000423701413N11922556WA0163101745
B2000433701413N11922559WA0163201747
B2000443701412N11922562WA0163401748
B2000453701412N11922564WA0163501749
B2000463701412N11922567WA0163801750
B2000473701412N11922570WA0163701750
B2000483701413N11922573WA0163801751
B2000493701415N11922577WA0164001752
B2000503701417N11922581WA0164301754
B2000513701418N11922585WA0164601757
B2000523701418N11922589WA0164901757
B2000533701418N11922591WA0165101760
B2000543701418N11922592WA0165101763
B2000553701418N11922593WA0165101765
B2000563701417N11922595WA0165101766
B2000573701417N11922598WA0165001764
B2000583701417N11922602WA0165201763
B2000593701417N11922606WA0165401763
B2001003701418N11922608WA0165501766
B2001013701418N11922610WA0165701769
B2001023701419N11922612WA0165801771
LXSB W 1 370155000 -1193733500 500.00
LXSB W 2 370333000 -1193866000 500.00
LXSB W 3 370155000 -1193733500 500.00
LXSB W 4 370140000 -1194003833 500.00
LXSB W 5 370238416 -1193762500 500.00
LXSB W 6 370623744 -1194537600 139.88
LXSB W 7 370488672 -1194474112 46.80
LXSB W 8 370412832 -1194342784 315.00
LXSB W 9 370674240 -1194572416 135.77
LXSB W 10 370185664 -1193839232 289.89
LXSB W 11 370185152 -1193906560 59.93
LXSB W 12 370185088 -1193906560 59.97
LXSB W 13 370140000 -1194003833 500.00
B2001033701419N11922615WA0165901771
B2001043701419N11922619WA0165901772
B2001053701420N11922622WA0166001772
B2001063701421N11922625WA0166001773
B2001073701423N11922626WA0166001774
B2001083701425N11922628WA0165801774
B2001093701427N11922630WA0165401773
B2001103701429N11922633WA0165501771
LXSB bat: 76% (3566)
B2001113701431N11922636WA0165601770
B2001123701433N11922640WA0165101768
B2001133701434N11922642WA0165601768
B2001143701434N11922644WA0165701769
B2001153701433N11922644WA0165601769
B2001163701433N11922645WA0165501769
B2001173701432N11922646WA0165301770
B2001183701433N11922648WA0165201766
B2001193701433N11922650WA0165101766
B2001203701433N11922653WA0165201766
B2001213701433N11922656WA0165401766
B2001223701434N11922659WA0165701768
B2001233701435N11922662WA0165801770
B2001243701437N11922666WA0165901771
B2001253701437N11922670WA0166101773
B2001263701437N11922674WA0166201775
B2001273701437N11922679WA0166201775
B2001283701437N11922683WA0166301776
B2001293701438N11922688WA0166501776
B2001303701438N11922692WA0166501777
B2001313701438N11922696WA0166601778
B2001323701439N11922700WA0166701780
B2001333701440N11922704WA0166801781
LXSB W 1 370155000 -1193733500 500.00
LXSB W 2 370333000 -1193866000 500.00
LXSB W 3 370155000 -1193733500 500.00
LXSB W 4 370140000 -1194003833 500.00
LXSB W 5 370236550 -1193769233 500.00
LXSB W 6 370624032 -1194537216 139.13
LXSB W 7 370488864 -1194474368 46.33
LXSB W 8 370412832 -1194342784 315.00
LXSB W 9 370674240 -1194572416 135.77
LXSB W 10 370185664 -1193839232 289.89
LXSB W 11 370185152 -1193906560 59.93
LXSB W 12 370185088 -1193906560 59.97
LXSB W 13 370140000 -1194003833 500.00
B2001343701441N11922708WA0166701782
B2001353701442N11922713WA0166701782
B2001363701443N11922718WA0166701782
B2001373701444N11922724WA0166701782
B2001383701446N11922730WA0166901783
B2001393701448N11922736WA0167001784
B2001403701451N11922741WA0167101786
B2001413701453N11922745WA0167001787
B2001423701456N11922749WA0167001787
B2001433701458N11922753WA0167001786
B2001443701461N11922758WA0166901786
B2001453701463N11922763WA0167001785
B2001463701466N11922768WA0167101786
B2001473701469N11922773WA0167201787
B2001483701472N11922776WA0167301788
B2001493701475N11922780WA0167301788
B2001503701478N11922785WA0167401787
B2001513701482N11922790WA0167301787
B2001523701486N11922795WA0167401788
B2001533701489N11922800WA0167701790
B2001543701493N11922805WA0167801792
B2001553701496N11922809WA0168001794
B2001563701499N11922813WA0168001796
B2001573701502N11922817WA0168001796
B2001583701506N11922822WA0168001796
B2001593701509N11922827WA0168101796
B2002003701513N11922831WA0168001796
B2002013701517N11922836WA0168101796
B2002023701521N11922840WA0168001796
B2002033701524N11922845WA0167901795
B2002043701528N11922849WA0167801794
B2002053701531N11922854WA0167701792
B2002063701535N11922859WA0167501790
B2002073701539N11922863WA0167301789
B2002083701543N11922868WA0167201787
B2002093701547N11922872WA0167001785
B2002103701551N11922878WA0166901784
B2002113701554N11922883WA0166901784
B2002123701558N11922889WA0166901783
B2002133701561N11922894WA0166801783
B2002143701564N11922899WA0166901783
LXSB W 1 370155000 -1193733500 500.00
LXSB W 2 370333000 -1193866000 500.00
LXSB W 3 370155000 -1193733500 500.00
LXSB W 4 370140000 -1194003833 500.00
LXSB W 5 370240300 -1193784783 500.00
LXSB W 6 370623744 -1194537600 139.88
LXSB W 7 370488672 -1194474112 46.80
LXSB W 8 370412832 -1194342784 315.00
LXSB W 9 370674240 -1194572416 135.77
LXSB W 10 370185664 -1193839232 289.89
LXSB W 11 370185152 -1193906560 59.93
LXSB W 12 370185088 -1193906560 59.97
LXSB W 13 370140000 -1194003833 500.00
B2002173701573N11922917WA0166801781
B2002183701576N11922923WA0166801781
B2002193701579N11922929WA0166901781
B2002203701582N11922933WA0166901782
B2002213701584N11922938WA0166901782
B2002223701587N11922944WA0166601782
B2002233701590N11922950WA0166301780
B2002243701593N11922956WA0166101777
B2002253701598N11922962WA0165801775
B2002263701602N11922967WA0165601772
B2002273701607N11922972WA0165501771
B2002283701611N11922977WA0165301769
B2002293701615N11922983WA0165101766
B2002303701619N11922990WA0165001764
B2002313701623N11922995WA0165001763
B2002323701627N11923001WA0164901762
B2002333701631N11923006WA0164801762
B2002343701634N11923012WA0164701761
B2002353701637N11923018WA0164501759
B2002363701640N11923025WA0164301757
B2002373701643N11923032WA0164101755
B2002383701647N11923039WA0164001753
B2002393701650N11923046WA0163801751
B2002403701654N11923053WA0163501749
B2002413701657N11923060WA0163201747
B2002423701660N11923066WA0162801745
B2002433701663N11923072WA0162401741
B2002443701666N11923079WA0162001737
B2002453701669N11923086WA0161701733
B2002463701672N11923093WA0161401728
B2002473701674N11923101WA0161201724
B2002483701676N11923108WA0161101722
B2002493701679N11923115WA0161001720
B2002503701681N11923121WA0160801718
B2002513701682N11923127WA0160601717
B2002523701684N11923134WA0160401715
B2002533701686N11923140WA0160201713
B2002543701689N11923147WA0160001710
B2002553701691N11923153WA0159801708
B2002563701694N11923160WA0159701706
B2002573701697N11923167WA0159501704
B2002583701700N11923173WA0159101702
LXSB W 1 370155000 -1193733500 500.00
LXSB W 2 370333000 -1193866000 500.00
LXSB W 3 370155000 -1193733500 500.00
LXSB W 4 370140000 -1194003833 500.00
LXSB W 5 370260783 -1193816616 500.00
LXSB W 6 370623744 -1194537600 139.88
LXSB W 7 370488672 -1194474112 46.80
LXSB W 8 370412832 -1194342784 315.00
LXSB W 9 370674240 -1194572416 135.77
LXSB W 10 370185664 -1193839232 289.89
LXSB W 11 370185152 -1193906560 59.93
LXSB W 12 370185088 -1193906560 59.97
LXSB W 13 370140000 -1194003833 500.00
B2002593701704N11923180WA0158601696
B2003003701708N11923187WA0158301693
B2003013701712N11923193WA0158201691
B2003023701715N11923200WA0158101689
B2003033701719N11923207WA0158001688
B2003043701722N11923214WA0157901687
B2003053701725N11923220WA0157701686
B2003063701728N11923226WA0157601684
B2003073701730N11923232WA0157401682
B2003083701733N11923238WA0157301680
B2003093701736N11923245WA0157101678
B2003103701738N11923251WA0157001677
B2003113701741N11923258WA0156801675
B2003123701744N11923264WA0156601673
B2003133701748N11923269WA0156301671
B2003143701753N11923274WA0156101668
B2003153701757N11923280WA0155801665
B2003163701761N11923286WA0155601662
B2003173701765N11923293WA0155401660
B2003183701769N11923299WA0155301659
B2003193701773N11923305WA0155101657
B2003203701777N11923310WA0154901655
B2003213701780N11923315WA0154701653
B2003223701784N11923320WA0154301650
B2003233701788N11923326WA0154101647
B2003243701792N11923332WA0153901644
B2003253701796N11923337WA0153501642
B2003263701800N11923342WA0153201639
B2003273701804N11923348WA0152901635
B2003283701807N11923354WA0152601632
B2003293701811N11923360WA0152401629
B2003303701814N11923367WA0152101626
B2003313701817N11923373WA0152001624
B2003323701820N11923379WA0151801622
B2003333701823N11923385WA0151501620
B2003343701826N11923391WA0151301617
B2003353701829N11923398WA0151001614
B2003363701832N11923404WA0150501611
B2003373701835N11923410WA0150401608
B2003383701838N11923417WA0150101606
B2003393701841N11923423WA0149901603
B2003403701844N11923429WA0149601601
B2003413701847N11923435WA0149601599
LXSB W 1 370155000 -1193733500 500.00
LXSB W 2 370333000 -1193866000 500.00
LXSB W 3 370155000 -1193733500 500.00
LXSB W 4 370140000 -1194003833 500.00
LXSB W 5 370284050 -1193863416 500.00
LXSB W 6 370623744 -1194537600 139.88
LXSB W 7 370488672 -1194474112 46.80
LXSB W 8 370412832 -1194342784 315.00
LXSB W 9 370674240 -1194572416 135.77
LXSB W 10 370185664 -1193839232 289.89
LXSB W 11 370185152 -1193906560 59.93
LXSB W 12 370185088 -1193906560 59.97
LXSB W 13 370140000 -1194003833 500.00
B2003423701849N11923441WA0149401598
B2003433701851N11923447WA0149201597
B2003443701854N11923452WA0149201595
B2003453701856N11923458WA0149101594
B2003463701859N11923464WA0149101593
B2003473701861N11923469WA0149001593
B2003483701863N11923475WA0148901592
B2003493701866N11923481WA0148901591
B2003503701868N11923487WA0148901591
B2003513701870N11923492WA0148901590
B2003523701872N11923499WA0148901590
B2003533701874N11923505WA0148901589
B2003543701876N11923511WA0148901589
B2003553701878N11923516WA0148901590
B2003563701881N11923522WA0148901589
B2003573701883N11923527WA0148801589
B2003583701885N11923532WA0148701589
B2003593701887N11923537WA0148701588
B2004003701889N11923542WA0148701588
B2004013701891N11923547WA0148701588
B2004023701893N11923552WA0148501587
B2004033701895N11923556WA0148501587
B2004043701898N11923561WA0148301586
B2004053701900N11923566WA0148201584
B2004063701902N11923571WA0148101583
B2004073701904N11923576WA0147901582
B2004083701907N11923580WA0147601580
B2004093701910N11923585WA0147301578
B2004103701913N11923590WA0147101575
B2004113701915N11923596WA0147001572
B2004123701918N11923602WA0147001570
B2004133701921N11923607WA0146901569
B2004143701923N11923611WA0146801568
B2004153701926N11923616WA0146701567
B2004163701928N11923621WA0146401565
B2004173701931N11923626WA0146301563
B2004183701934N11923632WA0146101561
B2004193701937N11923637WA0145901559
B2004203701941N11923642WA0145701558
B2004213701944N11923646WA0145501556
B2004223701947N11923651WA0145201554
LXSB W 1 370155000 -1193733500 500.00
LXSB W 2 370333000 -1193866000 500.00
LXSB W 3 370155000 -1193733500 500.00
LXSB W 4 370140000 -1194003833 500.00
LXSB W 5 370308233 -1193906916 500.00
LXSB W 6 370624288 -1194536832 138.58
LXSB W 7 370487968 -1194473344 48.23
LXSB W 8 370412832 -1194342784 315.00
LXSB W 9 370674240 -1194572416 135.77
LXSB W 10 370185664 -1193839232 289.89
LXSB W 11 370185152 -1193906560 59.93
LXSB W 12 370185088 -1193906560 59.97
LXSB W 13 370140000 -1194003833 500.00
B2004233701950N11923656WA0144901549
B2004243701954N11923661WA0144601546
B2004253701958N11923665WA0144401544
B2004263701962N11923670WA0144101542
B2004273701967N11923674WA0143901539
B2004283701971N11923678WA0143601536
B2004293701976N11923682WA0143401533
B2004303701981N11923686WA0143201531
B2004313701985N11923691WA0143001529
B2004323701990N11923694WA0142801527
B2004333701994N11923698WA0142601525
B2004343701999N11923702WA0142401524
B2004353702003N11923707WA0142201521
B2004363702006N11923712WA0142101519
B2004373702009N11923717WA0141901517
B2004383702011N11923723WA0141901515
B2004393702014N11923728WA0141701513
B2004403702016N11923734WA0141501511
B2004413702018N11923740WA0141401509
B2004423702020N11923746WA0141201508
B2004433702023N11923751WA0141001506
B2004443702025N11923757WA0140901504
B2004453702027N11923762WA0140701503
B2004463702030N11923767WA0140501503
B2004473702032N11923772WA0140301501
B2004483702034N11923777WA0140001499
B2004493702036N11923782WA0139801497
B2004503702038N11923788WA0139701494
B2004513702039N11923794WA0139401491
B2004523702040N11923800WA0139301489
B2004533702042N11923805WA0139201487
B2004543702043N11923810WA0139001486
B2004553702045N11923815WA0138801484
B2004563702045N11923820WA0138501482
B2004573702047N11923825WA0138401480
B2004583702048N11923830WA0138201478
B2004593702050N11923836WA0138101476
B2005003702051N11923841WA0137901474
B2005013702052N11923846WA0137801472
B2005023702053N11923851WA0137501471
B2005033702054N11923855WA0137201469
LXSB W 1 370155000 -1193733500 500.00
LXSB W 2 370333000 -1193866000 500.00
LXSB W 3 370155000 -1193733500 500.00
LXSB W 4 370140000 -1194003833 500.00
LXSB W 5 370325133 -1193942733 500.00
LXSB W 6 370623744 -1194537600 139.88
LXSB W 7 370488672 -1194474112 46.80
LXSB W 8 370412832 -1194342784 315.00
LXSB W 9 370674240 -1194572416 135.77
LXSB W 10 370185664 -1193839232 289.89
LXSB W 11 370185152 -1193906560 59.93
LXSB W 12 370185088 -1193906560 59.97
LXSB W 13 370140000 -1194003833 500.00
B2005043702055N11923860WA0136801463
B2005053702056N11923866WA0136601460
B2005063702057N11923872WA0136501457
B2005073702058N11923879WA0136401456
B2005083702059N11923885WA0136401455
B2005093702060N11923891WA0136201455
B2005103702061N11923895WA0136001454
B2005113702061N11923899WA0135701452
B2005123702062N11923903WA0135401448
B2005133702063N11923908WA0135301444
B2005143702065N11923914WA0135201442
B2005153702067N11923920WA0135201442
B2005163702069N11923925WA0135201443
B2005173702070N11923928WA0135201443
B2005183702071N11923932WA0135001443
B2005193702072N11923936WA0134801441
B2005203702073N11923940WA0134601438
B2005213702074N11923945WA0134501437
B2005223702076N11923950WA0134501436
B2005233702078N11923956WA0134501436
B2005243702079N11923960WA0134501436
B2005253702080N11923964WA0134501436
B2005263702081N11923968WA0134401436
B2005273702083N11923972WA0134301434
B2005283702084N11923976WA0134101433
B2005293702086N11923981WA0134001431
B2005303702087N11923986WA0134001431
B2005313702089N11923990WA0134001430
B2005323702091N11923995WA0133901429
B2005333702093N11923999WA0133701428
B2005343702095N11924003WA0133501427
B2005353702098N11924008WA0133501426
B2005363702100N11924013WA0133401425
B2005373702102N11924017WA0133301425
B2005383702104N11924022WA0133101424
B2005393702106N11924027WA0133201423
B2005403702108N11924032WA0133201422
LXSB W 1 370155000 -1193733500 500.00
LXSB W 2 370333000 -1193866000 500.00
LXSB W 3 370155000 -1193733500 500.00
LXSB W 4 370140000 -1194003833 500.00
LXSB W 5 370342500 -1193976800 500.00
LXSB W 6 370622528 -1194539520 143.00
LXSB W 7 370487776 -1194473088 48.67
LXSB W 8 370412832 -1194342784 315.00
LXSB W 9 370674240 -1194572416 135.77
LXSB W 10 370185664 -1193839232 289.89
LXSB W 11 370185152 -1193906560 59.93
LXSB W 12 370185088 -1193906560 59.97
LXSB W 13 370140000 -1194003833 500.00
B2005413702109N11924037WA0133101420
B2005423702111N11924043WA0133001419
B2005433702113N11924049WA0133001419
B2005443702115N11924054WA0132901419
B2005453702116N11924059WA0132701418
B2005463702118N11924064WA0132601417
B2005473702120N11924069WA0132501416
B2005483702122N11924075WA0132501415
B2005493702123N11924080WA0132401414
B2005503702125N11924085WA0132301413
B2005513702127N11924090WA0132101412
B2005523702128N11924094WA0131801410
B2005533702130N11924099WA0131401407
B2005543702132N11924103WA0131001404
B2005553702134N11924107WA0130701400
B2005563702135N11924112WA0130301396
B2005573702137N11924116WA0129801392
B2005583702138N11924121WA0129501388
B2005593702140N11924126WA0129301385
B2006003702141N11924131WA0129001381
LXSB bat: 74% (3556)
B2006013702142N11924136WA0128601378
B2006023702143N11924140WA0128401375
B2006033702144N11924145WA0128201372
B2006043702145N11924149WA0127901370
B2006053702146N11924153WA0127601367
B2006063702147N11924157WA0127301364
B2006073702148N11924161WA0127001361
B2006083702149N11924165WA0126701357
B2006093702149N11924169WA0126401354
B2006103702149N11924173WA0126101351
B2006113702149N11924178WA0125901348
B2006123702149N11924182WA0125501344
B2006133702149N11924186WA0125301341
B2006143702150N11924191WA0124901338
B2006153702151N11924196WA0124801335
B2006163702154N11924201WA0124801334
B2006173702156N11924205WA0124701333
B2006183702158N11924209WA0124601333
B2006193702161N11924212WA0124501333
B2006203702163N11924215WA0124501331
LXSB W 1 370155000 -1193733500 500.00
LXSB W 2 370333000 -1193866000 500.00
LXSB W 3 370155000 -1193733500 500.00
LXSB W 4 370140000 -1194003833 500.00
LXSB W 5 370351650 -1194006316 500.00
LXSB W 6 370624288 -1194536832 138.58
LXSB W 7 370487968 -1194473344 48.23
LXSB W 8 370412832 -1194342784 315.00
LXSB W 9 370674240 -1194572416 135.77
LXSB W 10 370185664 -1193839232 289.89
LXSB W 11 370185152 -1193906560 59.93
LXSB W 12 370185088 -1193906560 59.97
LXSB W 13 370140000 -1194003833 500.00
B2006213702165N11924219WA0124701330
B2006223702166N11924222WA0124701331
B2006233702168N11924224WA0124701332
B2006243702169N11924224WA0124501332
B2006253702171N11924224WA0124201330
B2006263702173N11924226WA0123901327
B2006273702174N11924228WA0123801324
B2006283702175N11924231WA0123701323
B2006293702175N11924233WA0123601322
B2006303702177N11924235WA0123401321
B2006313702180N11924236WA0123001319
B2006323702183N11924237WA0122701315
B2006333702186N11924238WA0122401312
B2006343702189N11924240WA0122201309
B2006353702191N11924243WA0122001306
B2006363702192N11924246WA0121701304
B2006373702193N11924249WA0121501301
B2006383702194N11924252WA0121501299
B2006393702197N11924255WA0121301298
B2006403702199N11924258WA0121201297
B2006413702201N11924260WA0121001296
B2006423702202N11924263WA0120701293
B2006433702203N11924265WA0120401290
B2006443702204N11924268WA0120001286
B2006453702205N11924272WA0119701282
B2006463702206N11924276WA0119501280
B2006473702207N11924280WA0119401278
B2006483702208N11924283WA0119201276
B2006493702209N11924286WA0119001274
B2006503702211N11924289WA0118701272
B2006513702212N11924291WA0118501272
B2006523702214N11924294WA0118101269
B2006533702216N11924297WA0118001266
B2006543702217N11924300WA0117801263
B2006553702217N11924303WA0117801261
B2006563702218N11924306WA0117701260
B2006573702218N11924309WA0117601259
B2006583702219N11924312WA0117501258
B2006593702220N11924314WA0117401257
B2007003702220N11924316WA0117301256
B2007013702221N11924318WA0117101255
B2007023702222N11924321WA0116901254
B2007033702222N11924323WA0116801252
B2007043702223N11924326WA0116601251
B2007053702224N11924329WA0116501249
B2007063702225N11924331WA0116401248
LXSB W 1 370155000 -1193733500 500.00
LXSB W 2 370333000 -1193866000 500.00
LXSB W 3 370155000 -1193733500 500.00
LXSB W 4 370140000 -1194003833 500.00
LXSB W 5 370360900 -1194036566 500.00
LXSB W 6 370623008 -1194538752 141.70
LXSB W 7 370488672 -1194474112 46.80
LXSB W 8 370412832 -1194342784 315.00
LXSB W 9 370674240 -1194572416 135.77
LXSB W 10 370185664 -1193839232 289.89
LXSB W 11 370185152 -1193906560 59.93
LXSB W 12 370185088 -1193906560 59.97
LXSB W 13 370140000 -1194003833 500.00
B2007073702226N11924334WA0116101244
B2007083702226N11924337WA0115901243
B2007093702227N11924340WA0115701241
B2007103702228N11924343WA0115601239
B2007113702229N11924346WA0115301237
B2007123702229N11924349WA0115201235
B2007133702229N11924352WA0115001233
B2007143702230N11924355WA0114801231
B2007153702230N11924358WA0114601229
B2007163702230N11924361WA0114301226
B2007173702230N11924365WA0114101223
B2007183702229N11924369WA0113901221
B2007193702229N11924372WA0113801219
B2007203702229N11924376WA0113601217
B2007213702228N11924379WA0113501216
B2007223702228N11924382WA0113201214
B2007233702227N11924385WA0112901211
B2007243702227N11924387WA0112501208
B2007253702226N11924389WA0112101203
B2007263702225N11924392WA0111701199
B2007273702224N11924395WA0111401195
B2007283702223N11924398WA0111101191
B2007293702222N11924401WA0110801188
B2007303702221N11924404WA0110501185
B2007313702220N11924407WA0110201182
B2007323702218N11924411WA0110101179
B2007333702216N11924414WA0109801176
B2007343702215N11924418WA0109501173
B2007353702213N11924423WA0109301171
B2007363702212N11924427WA0109101168
B2007373702210N11924431WA0108901166
B2007383702209N11924435WA0108701166
B2007393702208N11924439WA0108501164
B2007403702208N11924442WA0108401162
B2007413702208N11924445WA0108201160
B2007423702207N11924448WA0108101158
B2007433702206N11924450WA0107901157
B2007443702205N11924452WA0107601155
B2007453702205N11924455WA0107301153
LXSB W 1 370155000 -1193733500 500.00
LXSB W 2 370333000 -1193866000 500.00
LXSB W 3 370155000 -1193733500 500.00
LXSB W 4 370140000 -1194003833 500.00
LXSB W 5 370371016 -1194055750 500.00
LXSB W 6 370624288 -1194536832 138.58
LXSB W 7 370487968 -1194473344 48.23
LXSB W 8 370412832 -1194342784 315.00
LXSB W 9 370674240 -1194572416 135.77
LXSB W 10 370185664 -1193839232 289.89
LXSB W 11 370185152 -1193906560 59.93
LXSB W 12 370185088 -1193906560 59.97
LXSB W 13 370140000 -1194003833 500.00
B2007463702204N11924458WA0107401147
B2007473702204N11924462WA0107301146
B2007483702202N11924464WA0107301147
B2007493702201N11924465WA0107301147
B2007503702199N11924466WA0107101146
B2007513702197N11924468WA0107001144
B2007523702196N11924470WA0106901142
B2007533702195N11924473WA0107001141
B2007543702194N11924477WA0107101141
B2007553702194N11924480WA0107601143
B2007563702194N11924482WA0107701146
B2007573702193N11924483WA0107601148
B2007583702192N11924483WA0107601149
B2007593702191N11924482WA0107501149
B2008003702190N11924483WA0107501147
B2008013702190N11924485WA0107201144
B2008023702191N11924489WA0107101143
B2008033702191N11924493WA0107101143
B2008043702192N11924496WA0107201143
B2008053702192N11924498WA0107101143
B2008063702193N11924500WA0107001143
B2008073702194N11924500WA0106801142
B2008083702194N11924501WA0106701140
B2008093702194N11924502WA0106301140
B2008103702194N11924504WA0106001137
B2008113702195N11924506WA0106001134
B2008123702196N11924509WA0106001131
B2008133702197N11924513WA0106001129
B2008143702198N11924516WA0106001128
B2008153702198N11924517WA0106001129
B2008163702197N11924518WA0105801130
B2008173702197N11924519WA0105801129
B2008183702198N11924522WA0105801128
B2008193702199N11924526WA0105701126
B2008203702199N11924529WA0105801125
B2008213702199N11924531WA0105901127
B2008223702199N11924534WA0106001129
LXSB W 1 370155000 -1193733500 500.00
LXSB W 2 370333000 -1193866000 500.00
LXSB W 3 370155000 -1193733500 500.00
LXSB W 4 370140000 -1194003833 500.00
LXSB W 5 370367433 -1194076450 500.00
LXSB W 6 370622752 -1194539136 142.40
LXSB W 7 370487648 -1194472960 48.96
LXSB W 8 370412832 -1194342784 315.00
LXSB W 9 370674240 -1194572416 135.77
LXSB W 10 370185664 -1193839232 289.89
LXSB W 11 370185152 -1193906560 59.93
LXSB W 12 370185088 -1193906560 59.97
LXSB W 13 370140000 -1194003833 500.00
B2008233702199N11924537WA0106201131
B2008243702198N11924539WA0106301132
B2008253702197N11924542WA0106601133
B2008263702194N11924545WA0106801135
B2008273702191N11924547WA0107201138
B2008283702189N11924549WA0107201141
B2008293702189N11924552WA0107301143
B2008303702188N11924554WA0107501145
B2008313702187N11924556WA0107501146
B2008323702185N11924559WA0107601146
B2008333702183N11924562WA0107901147
B2008343702180N11924566WA0107901149
B2008353702178N11924569WA0108201152
B2008363702177N11924572WA0108401154
B2008373702175N11924575WA0108601156
B2008383702174N11924578WA0108801159
B2008393702173N11924582WA0109001161
B2008403702171N11924585WA0109201162
B2008413702169N11924589WA0109401164
B2008423702168N11924593WA0109501166
B2008433702167N11924598WA0109701168
B2008443702166N11924603WA0109901170
B2008453702166N11924608WA0110101173
B2008463702168N11924611WA0110301175
B2008473702171N11924614WA0110501176
B2008483702175N11924615WA0110601178
B2008493702181N11924613WA0110601180
B2008503702186N11924608WA0110601180
B2008513702191N11924600WA0110501180
B2008523702193N11924589WA0110701181
B2008533702192N11924578WA0110901183
B2008543702188N11924570WA0111301184
B2008553702182N11924568WA0111201186
LXSB W 1 370155000 -1193733500 500.00
LXSB W 2 370333000 -1193866000 500.00
LXSB W 3 370155000 -1193733500 500.00
LXSB W 4 370140000 -1194003833 500.00
LXSB W 5 370366533 -1194089500 500.00
LXSB W 6 370622528 -1194539520 143.00
LXSB W 7 370487776 -1194473088 48.67
LXSB W 8 370412832 -1194342784 315.00
LXSB W 9 370674240 -1194572416 135.77
LXSB W 10 370185664 -1193839232 289.89
LXSB W 11 370185152 -1193906560 59.93
LXSB W 12 370185088 -1193906560 59.97
LXSB W 13 370140000 -1194003833 500.00
B2008563702177N11924569WA0111301187
B2008573702173N11924573WA0111601189
B2008583702170N11924576WA0111601190
B2008593702168N11924580WA0111401191
B2009003702167N11924583WA0111501191
B2009013702166N11924585WA0111401189
B2009023702166N11924588WA0111501188
B2009033702166N11924591WA0111401188
B2009043702168N11924594WA0111401187
B2009053702170N11924596WA0111301187
B2009063702173N11924597WA0111401187
B2009073702177N11924599WA0111401186
B2009083702181N11924600WA0111201186
B2009093702186N11924600WA0111101185
B2009103702191N11924600WA0111101184
B2009113702196N11924598WA0111101184
B2009123702202N11924595WA0111101184
B2009133702208N11924589WA0111201185
B2009143702212N11924583WA0111301186
B2009153702216N11924575WA0111301187
B2009163702220N11924566WA0111201187
B2009173702222N11924556WA0111101186
B2009183702223N11924545WA0111101186
B2009193702222N11924534WA0111201184
B2009203702218N11924525WA0111201184
B2009213702213N11924519WA0111101183
B2009223702208N11924516WA0111101183
B2009233702205N11924515WA0111201184
LXSB W 1 370155000 -1193733500 500.00
LXSB W 2 370333000 -1193866000 500.00
LXSB W 3 370155000 -1193733500 500.00
LXSB W 4 370140000 -1194003833 500.00
LXSB W 5 370362833 -1194094950 500.00
LXSB W 6 370622976 -1194538752 141.80
LXSB W 7 370487648 -1194472960 48.96
LXSB W 8 370412832 -1194342784 315.00
LXSB W 9 370674240 -1194572416 135.77
LXSB W 10 370185664 -1193839232 289.89
LXSB W 11 370185152 -1193906560 59.93
LXSB W 12 370185088 -1193906560 59.97
LXSB W 13 370140000 -1194003833 500.00
B2009253702199N11924515WA0111101184
B2009263702198N11924516WA0111101184
B2009273702196N11924518WA0111201183
B2009283702194N11924520WA0111501184
B2009293702193N11924523WA0111301184
B2009303702191N11924526WA0111201185
B2009313702190N11924529WA0111201185
B2009323702187N11924531WA0111101185
B2009333702186N11924533WA0110901184
B2009343702184N11924534WA0110701182
B2009353702183N11924536WA0110401181
B2009363702182N11924538WA0110201178
B2009373702179N11924540WA0110101175
B2009383702177N11924542WA0109901173
B2009393702174N11924545WA0110101171
B2009403702173N11924548WA0110101171
B2009413702173N11924551WA0110201171
B2009423702172N11924553WA0110301173
B2009433702171N11924554WA0110401174
B2009443702170N11924555WA0110401175
B2009453702169N11924557WA0110401175
B2009463702169N11924560WA0110401175
B2009473702168N11924562WA0110501175
B2009483702168N11924564WA0110601176
B2009493702168N11924566WA0110501177
LXSB W 1 370155000 -1193733500 500.00
LXSB W 2 370333000 -1193866000 500.00
LXSB W 3 370155000 -1193733500 500.00
LXSB W 4 370140000 -1194003833 500.00
LXSB W 5 370366650 -1194085916 500.00
LXSB W 6 370622752 -1194539136 142.40
LXSB W 7 370487648 -1194472960 48.96
LXSB W 8 370412832 -1194342784 315.00
LXSB W 9 370674240 -1194572416 135.77
LXSB W 10 370185664 -1193839232 289.89
LXSB W 11 370185152 -1193906560 59.93
LXSB W 12 370185088 -1193906560 59.97
LXSB W 13 370140000 -1194003833 500.00
B2009503702169N11924567WA0110301178
B2009513702170N11924568WA0110101176
B2009523702171N11924571WA0110001173
B2009533702172N11924574WA0109801170
B2009543702173N11924579WA0109801168
B2009553702173N11924583WA0109701168
B2009563702173N11924586WA0109801168
B2009573702173N11924588WA0109901169
B2009583702172N11924589WA0109801169
B2009593702172N11924591WA0109701169
B2010003702171N11924593WA0109701168
B2010013702171N11924597WA0109601168
B2010023702171N11924600WA0109501167
B2010033702171N11924602WA0109301167
B2010043702170N11924604WA0109101166
B2010053702171N11924606WA0108901164
B2010063702173N11924609WA0108501161
B2010073702176N11924613WA0108401158
B2010083702178N11924617WA0108401155
B2010093702181N11924621WA0108101152
B2010103702184N11924624WA0108101152
B2010113702187N11924627WA0107901151
B2010123702189N11924629WA0107801150
B2010133702191N11924632WA0107701148
B2010143702193N11924635WA0107501147
B2010153702196N11924638WA0107301145
B2010163702198N11924640WA0107001143
B2010173702202N11924643WA0106801141
LXSB W 1 370155000 -1193733500 500.00
LXSB W 2 370333000 -1193866000 500.00
LXSB W 3 370155000 -1193733500 500.00
LXSB W 4 370140000 -1194003833 500.00
LXSB W 5 370361533 -1194094566 500.00
LXSB W 6 370622528 -1194539520 143.00
LXSB W 7 370487776 -1194473088 48.67
LXSB W 8 370412832 -1194342784 315.00
LXSB W 9 370674240 -1194572416 135.77
LXSB W 10 370185664 -1193839232 289.89
LXSB W 11 370185152 -1193906560 59.93
LXSB W 12 370185088 -1193906560 59.97
LXSB W 13 370140000 -1194003833 500.00
B2010183702205N11924646WA0106601136
B2010193702209N11924649WA0106501134
B2010203702212N11924652WA0106501134
B2010213702215N11924655WA0106401133
B2010223702217N11924658WA0106301132
B2010233702219N11924661WA0106101131
B2010243702219N11924665WA0106001129
B2010253702219N11924668WA0105801127
B2010263702217N11924672WA0105801125
B2010273702216N11924675WA0105601124
B2010283702215N11924678WA0105601123
B2010293702214N11924681WA0105601122
B2010303702214N11924685WA0105601121
B2010313702214N11924688WA0105501121
B2010323702215N11924691WA0105301121
B2010333702217N11924693WA0105201121
B2010343702220N11924695WA0105101119
B2010353702224N11924698WA0104801117
B2010363702227N11924700WA0104701115
B2010373702230N11924703WA0104501113
B2010383702233N11924706WA0104201111
B2010393702236N11924709WA0104001108
B2010403702238N11924713WA0103901108
B2010413702241N11924716WA0103701106
B2010423702242N11924719WA0103401104
B2010433702242N11924723WA0103201102
B2010443702240N11924726WA0102901100
B2010453702237N11924728WA0102701097
B2010463702234N11924730WA0102401094
B2010473702230N11924730WA0102401093
B2010483702226N11924730WA0102201092
B2010493702223N11924728WA0102101090
B2010503702219N11924726WA0102101088
B2010513702215N11924724WA0101901086
B2010523702211N11924721WA0101701085
B2010533702207N11924720WA0101501084
B2010543702203N11924719WA0101301082
B2010553702199N11924718WA0101001080
B2010563702194N11924717WA0100801077
LXSB W 1 370155000 -1193733500 500.00
LXSB W 2 370333000 -1193866000 500.00
LXSB W 3 370155000 -1193733500 500.00
LXSB W 4 370140000 -1194003833 500.00
LXSB W 5 370367600 -1194107766 500.00
LXSB W 6 370622752 -1194539136 142.40
LXSB W 7 370487648 -1194472960 48.96
LXSB W 8 370412832 -1194342784 315.00
LXSB W 9 370674240 -1194572416 135.77
LXSB W 10 370185664 -1193839232 289.89
LXSB W 11 370185152 -1193906560 59.93
LXSB W 12 370185088 -1193906560 59.97
LXSB W 13 370140000 -1194003833 500.00
B2010573702189N11924717WA0100701073
B2010583702183N11924717WA0100701073
LXSB bat: 76% (3564)
B2010593702178N11924717WA0100701073
B2011003702173N11924716WA0100601073
B2011013702169N11924715WA0100401071
B2011023702164N11924714WA0100401069
B2011033702158N11924714WA0100401068
B2011043702151N11924715WA0100501068
B2011053702145N11924714WA0100601070
B2011063702139N11924713WA0100601072
B2011073702134N11924712WA0100501072
B2011083702130N11924710WA0100401071
B2011093702124N11924709WA0100201069
B2011103702118N11924708WA0100101066
B2011113702112N11924706WA0100201066
B2011123702106N11924704WA0100301067
B2011133702101N11924702WA0100301068
B2011143702096N11924701WA0100201069
B2011153702092N11924700WA0099901070
B2011163702088N11924697WA0099601066
B2011173702083N11924697WA0099501064
B2011183702078N11924697WA0099401062
B2011193702074N11924696WA0099401062
B2011203702070N11924696WA0099201061
B2011213702066N11924695WA0099101059
B2011223702063N11924695WA0098801057
B2011233702060N11924695WA0098701055
B2011243702056N11924696WA0098601053
B2011253702052N11924697WA0098701053
B2011263702048N11924698WA0098601054
B2011273702045N11924698WA0098601054
B2011283702042N11924698WA0098501053
B2011293702039N11924698WA0098501053
B2011303702035N11924699WA0098301052
B2011313702031N11924701WA0098301050
B2011323702026N11924703WA0098501050
B2011333702022N11924706WA0098501050
B2011343702018N11924708WA0098701052
B2011353702014N11924709WA0098701053
B2011363702009N11924710WA0098601053
LXSB W 1 370155000 -1193733500 500.00
LXSB W 2 370333000 -1193866000 500.00
LXSB W 3 370155000 -1193733500 500.00
LXSB W 4 370140000 -1194003833 500.00
LXSB W 5 370364900 -1194119550 500.00
LXSB W 6 370622976 -1194538752 141.80
LXSB W 7 370487648 -1194472960 48.96
LXSB W 8 370412832 -1194342784 315.00
LXSB W 9 370674240 -1194572416 135.77
LXSB W 10 370185664 -1193839232 289.89
LXSB W 11 370185152 -1193906560 59.93
LXSB W 12 370185088 -1193906560 59.97
LXSB W 13 370140000 -1194003833 500.00
B2011373702004N11924711WA0098501052
B2011383702000N11924713WA0098401051
B2011393701996N11924716WA0098301050
B2011403701992N11924718WA0098201050
B2011413701988N11924720WA0098201049
B2011423701983N11924722WA0098301048
B2011433701978N11924723WA0098401049
B2011443701974N11924725WA0098401050
B2011453701970N11924726WA0098301050
B2011463701967N11924727WA0098201049
B2011473701964N11924728WA0098001048
B2011483701960N11924730WA0097801046
B2011493701956N11924730WA0097501044
B2011503701952N11924731WA0097301041
B2011513701948N11924731WA0097101039
B2011523701943N11924732WA0096901036
B2011533701938N11924733WA0096901035
B2011543701934N11924734WA0096701034
B2011553701929N11924734WA0096501032
B2011563701924N11924734WA0096301030
B2011573701920N11924735WA0096001030
B2011583701915N11924735WA0095601027
B2011593701910N11924736WA0095301023
B2012003701905N11924737WA0095201020
B2012013701899N11924738WA0094901017
B2012023701894N11924738WA0094701015
B2012033701889N11924740WA0094301013
B2012043701885N11924741WA0094001010
B2012053701879N11924743WA0093801006
B2012063701874N11924745WA0093701003
B2012073701869N11924747WA0093501001
B2012083701864N11924748WA0093401000
B2012093701860N11924748WA0093100998
B2012103701855N11924749WA0092900996
B2012113701849N11924750WA0092700993
B2012123701843N11924750WA0092600991
LXSB W 1 370155000 -1193733500 500.00
LXSB W 2 370333000 -1193866000 500.00
LXSB W 3 370155000 -1193733500 500.00
LXSB W 4 370140000 -1194003833 500.00
LXSB W 5 370334150 -1194118650 500.00
LXSB W 6 370622528 -1194539520 143.00
LXSB W 7 370487776 -1194473088 48.67
LXSB W 8 370412832 -1194342784 315.00
LXSB W 9 370674240 -1194572416 135.77
LXSB W 10 370185664 -1193839232 289.89
LXSB W 11 370185152 -1193906560 59.93
LXSB W 12 370185088 -1193906560 59.97
LXSB W 13 370140000 -1194003833 500.00
B2012133701838N11924750WA0092300987
B2012143701832N11924750WA0092100985
B2012153701827N11924750WA0091900983
B2012163701821N11924750WA0091700981
B2012173701816N11924750WA0091300977
B2012183701810N11924750WA0091000974
B2012193701804N11924750WA0090600970
B2012203701798N11924750WA0090300966
B2012213701792N11924750WA0090000963
B2012223701785N11924750WA0089800959
B2012233701779N11924749WA0089600956
B2012243701772N11924748WA0089200953
B2012253701766N11924748WA0089000952
B2012263701760N11924747WA0088800950
B2012273701754N11924746WA0088700948
B2012283701748N11924744WA0088400945
B2012293701742N11924742WA0088200945
B2012303701736N11924740WA0088100943
B2012313701730N11924738WA0088000941
B2012323701724N11924736WA0088100939
B2012333701718N11924734WA0088300938
B2012343701713N11924732WA0088400938
B2012353701708N11924729WA0088500940
B2012363701704N11924725WA0088600942
B2012373701700N11924721WA0088900944
B2012383701697N11924716WA0089000946
B2012393701693N11924712WA0089100947
B2012403701689N11924709WA0089100948
B2012413701685N11924708WA0089200948
B2012423701682N11924707WA0089200949
B2012433701679N11924706WA0089200950
B2012443701676N11924705WA0089200951
B2012453701672N11924703WA0089200950
B2012463701667N11924701WA0089200949
B2012473701662N11924699WA0089400949
B2012483701657N11924695WA0089400950
B2012493701652N11924692WA0089400952
LXSB W 1 370155000 -1193733500 500.00
LXSB W 2 370333000 -1193866000 500.00
LXSB W 3 370155000 -1193733500 500.00
LXSB W 4 370140000 -1194003833 500.00
LXSB W 5 370306350 -1194125150 500.00
LXSB W 6 370621856 -1194540672 144.75
LXSB W 7 370487968 -1194473344 48.23
LXSB W 8 370412832 -1194342784 315.00
LXSB W 9 370674240 -1194572416 135.77
LXSB W 10 370185664 -1193839232 289.89
LXSB W 11 370185152 -1193906560 59.93
LXSB W 12 370185088 -1193906560 59.97
LXSB W 13 370140000 -1194003833 500.00
B2012503701648N11924689WA0089600953
B2012513701643N11924686WA0089700954
B2012523701638N11924683WA0089800956
B2012533701633N11924679WA0090000957
B2012543701629N11924675WA0090000958
B2012553701624N11924671WA0090200959
B2012563701618N11924667WA0090300960
B2012573701612N11924662WA0090600962
B2012583701606N11924658WA0090900964
B2012593701600N11924653WA0091100967
B2013003701595N11924651WA0091200970
B2013013701592N11924651WA0091200973
B2013023701590N11924653WA0091400975
B2013033701588N11924656WA0091500977
B2013043701588N11924659WA0091600979
B2013053701589N11924662WA0091700978
B2013063701591N11924664WA0091900979
B2013073701595N11924667WA0091900981
B2013083701600N11924668WA0092200983
B2013093701604N11924670WA0092400985
B2013103701607N11924673WA0092600988
B2013113701608N11924675WA0092800990
B2013123701608N11924677WA0092800991
B2013133701606N11924679WA0092800991
B2013143701602N11924679WA0092700991
B2013153701596N11924677WA0092600990
B2013163701591N11924671WA0092700989
B2013173701587N11924662WA0092900989
B2013183701588N11924651WA0093000990
B2013193701592N11924641WA0093300992
B2013203701599N11924636WA0093500992
B2013213701605N11924635WA0093700995
B2013223701610N11924636WA0093900998
B2013233701613N11924639WA0094001001
B2013243701616N11924642WA0094101003
LXSB W 1 370155000 -1193733500 500.00
LXSB W 2 370333000 -1193866000 500.00
LXSB W 3 370155000 -1193733500 500.00
LXSB W 4 370140000 -1194003833 500.00
LXSB W 5 370274766 -1194114966 500.00
LXSB W 6 370621632 -1194541056 145.38
LXSB W 7 370487968 -1194473344 48.23
LXSB W 8 370412832 -1194342784 315.00
LXSB W 9 370674240 -1194572416 135.77
LXSB W 10 370185664 -1193839232 289.89
LXSB W 11 370185152 -1193906560 59.93
LXSB W 12 370185088 -1193906560 59.97
LXSB W 13 370140000 -1194003833 500.00
B2013253701618N11924645WA0094101001
B2013263701621N11924649WA0094001000
B2013273701623N11924653WA0093900999
B2013283701625N11924657WA0093800999
B2013293701627N11924660WA0093700998
B2013303701628N11924664WA0093500997
B2013313701630N11924667WA0093400995
B2013323701630N11924670WA0093200994
B2013333701629N11924673WA0093000992
B2013343701626N11924675WA0092800989
B2013353701621N11924676WA0092600986
B2013363701615N11924674WA0092600984
B2013373701609N11924670WA0092400982
B2013383701603N11924666WA0092200980
B2013393701597N11924661WA0092100979
B2013403701592N11924656WA0091900977
B2013413701586N11924651WA0091800976
B2013423701580N11924647WA0091600974
B2013433701575N11924644WA0091400973
B2013443701570N11924641WA0091100971
B2013453701564N11924640WA0090800968
B2013463701559N11924639WA0090600965
B2013473701553N11924639WA0090500962
B2013483701547N11924639WA0090400960
B2013493701541N11924640WA0090200959
B2013503701536N11924640WA0090000957
B2013513701532N11924641WA0089600956
LXSB W 1 370155000 -1193733500 500.00
LXSB W 2 370333000 -1193866000 500.00
LXSB W 3 370155000 -1193733500 500.00
LXSB W 4 370140000 -1194003833 500.00
LXSB W 5 370269800 -1194107583 500.00
LXSB W 6 370621440 -1194541440 145.92
LXSB W 7 370487648 -1194472960 48.96
LXSB W 8 370412832 -1194342784 315.00
LXSB W 9 370674240 -1194572416 135.77
LXSB W 10 370185664 -1193839232 289.89
LXSB W 11 370185152 -1193906560 59.93
LXSB W 12 370185088 -1193906560 59.97
LXSB W 13 370140000 -1194003833 500.00
B2013533701522N11924643WA0089200951
B2013543701517N11924644WA0089000948
B2013553701511N11924646WA0089000947
B2013563701506N11924647WA0088900946
B2013573701500N11924647WA0088900945
B2013583701494N11924646WA0088800944
B2013593701488N11924646WA0088400944
B2014003701483N11924647WA0088200942
B2014013701477N11924649WA0088000939
B2014023701472N11924651WA0088000937
B2014033701467N11924653WA0087800935
B2014043701462N11924656WA0087600934
B2014053701458N11924658WA0087400933
B2014063701455N11924661WA0087200931
B2014073701452N11924664WA0086800928
B2014083701448N11924668WA0086600925
B2014093701445N11924672WA0086400921
B2014103701442N11924676WA0086200919
B2014113701438N11924680WA0086000917
B2014123701434N11924683WA0085800915
B2014133701429N11924686WA0085500913
B2014143701425N11924689WA0085200910
B2014153701420N11924693WA0084900907
B2014163701415N11924697WA0084800903
B2014173701410N11924701WA0084700901
B2014183701405N11924705WA0084700900
B2014193701400N11924707WA0084600900
B2014203701395N11924710WA0084400899
B2014213701390N11924712WA0084200898
B2014223701385N11924714WA0084000896
B2014233701380N11924717WA0083700893
B2014243701374N11924720WA0083500890
B2014253701368N11924722WA0083500888
B2014263701362N11924724WA0083400886
B2014273701357N11924727WA0083400885
B2014283701352N11924729WA0083400885
B2014293701347N11924732WA0083400885
B2014303701342N11924735WA0083500885
B2014313701338N11924738WA0083500885
B2014323701334N11924741WA0083500886
LXSB W 1 370155000 -1193733500 500.00
LXSB W 2 370333000 -1193866000 500.00
LXSB W 3 370155000 -1193733500 500.00
LXSB W 4 370140000 -1194003833 500.00
LXSB W 5 370253750 -1194107166 500.00
LXSB W 6 370621568 -1194541184 145.60
LXSB W 7 370488320 -1194473728 47.50
LXSB W 8 370412832 -1194342784 315.00
LXSB W 9 370674240 -1194572416 135.77
LXSB W 10 370185664 -1193839232 289.89
LXSB W 11 370185152 -1193906560 59.93
LXSB W 12 370185088 -1193906560 59.97
LXSB W 13 370140000 -1194003833 500.00
B2014333701330N11924743WA0083300886
B2014343701326N11924745WA0083200885
B2014353701323N11924748WA0083100884
B2014363701319N11924751WA0082900882
B2014373701315N11924753WA0082700880
B2014383701311N11924756WA0082600879
B2014393701307N11924760WA0082600877
B2014403701304N11924764WA0082400876
B2014413701300N11924768WA0082300875
B2014423701296N11924771WA0082100874
B2014433701291N11924774WA0081900872
B2014443701287N11924778WA0081600870
B2014453701282N11924781WA0081400867
B2014463701278N11924786WA0081300865
B2014473701273N11924789WA0081000863
B2014483701269N11924793WA0080800861
B2014493701264N11924797WA0080600859
B2014503701259N11924800WA0080500856
B2014513701255N11924804WA0080300854
B2014523701250N11924808WA0080300853
B2014533701246N11924811WA0080200852
B2014543701242N11924814WA0080200851
B2014553701238N11924818WA0080100851
B2014563701234N11924821WA0080000849
B2014573701230N11924825WA0080100849
B2014583701226N11924829WA0080200849
B2014593701223N11924833WA0080500851
B2015003701220N11924836WA0080600853
B2015013701218N11924839WA0080400854
B2015023701216N11924843WA0080200854
B2015033701215N11924846WA0079900851
B2015043701214N11924850WA0079800849
B2015053701212N11924855WA0079800847
B2015063701209N11924860WA0079900847
B2015073701206N11924865WA0079900847
B2015083701205N11924870WA0079900848
B2015093701204N11924876WA0080000849
B2015103701203N11924881WA0079900848
B2015113701202N11924885WA0079700847
B2015123701200N11924890WA0079600847
LXSB W 1 370155000 -1193733500 500.00
LXSB W 2 370333000 -1193866000 500.00
LXSB W 3 370155000 -1193733500 500.00
LXSB W 4 370140000 -1194003833 500.00
LXSB W 5 370221733 -1194123916 500.00
LXSB W 6 370621440 -1194541440 145.92
LXSB W 7 370487648 -1194472960 48.96
LXSB W 8 370412832 -1194342784 315.00
LXSB W 9 370674240 -1194572416 135.77
LXSB W 10 370185664 -1193839232 289.89
LXSB W 11 370185152 -1193906560 59.93
LXSB W 12 370185088 -1193906560 59.97
LXSB W 13 370140000 -1194003833 500.00
B2015143701197N11924898WA0079100842
B2015153701195N11924903WA0078900839
B2015163701192N11924907WA0078700837
B2015173701190N11924912WA0078600835
B2015183701188N11924916WA0078500834
B2015193701186N11924919WA0078300833
B2015203701184N11924922WA0078000830
B2015213701183N11924926WA0077600826
B2015223701181N11924930WA0077200822
B2015233701180N11924935WA0077000819
B2015243701179N11924940WA0076800816
B2015253701177N11924945WA0076700814
B2015263701176N11924949WA0076500812
B2015273701174N11924953WA0076200810
B2015283701173N11924956WA0075900807
B2015293701171N11924960WA0075500803
B2015303701168N11924965WA0075200800
B2015313701165N11924969WA0075000796
B2015323701160N11924973WA0074800794
B2015333701156N11924977WA0074700792
B2015343701152N11924981WA0074700791
B2015353701148N11924985WA0074600790
B2015363701144N11924988WA0074300788
B2015373701139N11924991WA0074000788
B2015383701135N11924995WA0073900785
B2015393701131N11924999WA0073800783
B2015403701127N11925003WA0073700781
B2015413701122N11925006WA0073700781
B2015423701118N11925008WA0073600781
B2015433701114N11925010WA0073300780
B2015443701110N11925013WA0073200779
B2015453701106N11925015WA0073100776
B2015463701102N11925018WA0073100774
B2015473701098N11925021WA0073100773
B2015483701095N11925023WA0073000773
B2015493701092N11925025WA0072800773
LXSB bat: 76% (3565)
B2015503701088N11925027WA0072600772
B2015513701085N11925030WA0072500770
B2015523701082N11925034WA0072500768
B2015533701078N11925038WA0072500767
LXSB W 1 370155000 -1193733500 500.00
LXSB W 2 370333000 -1193866000 500.00
LXSB W 3 370155000 -1193733500 500.00
LXSB W 4 370140000 -1194003833 500.00
LXSB W 5 370199550 -1194149700 500.00
LXSB W 6 370619840 -1194544640 150.77
LXSB W 7 370487968 -1194473344 48.23
LXSB W 8 370412832 -1194342784 315.00
LXSB W 9 370674240 -1194572416 135.77
LXSB W 10 370185664 -1193839232 289.89
LXSB W 11 370185152 -1193906560 59.93
LXSB W 12 370185088 -1193906560 59.97
LXSB W 13 370140000 -1194003833 500.00
B2015543701075N11925042WA0072600768
B2015553701073N11925045WA0072500769
B2015563701070N11925047WA0072300768
B2015573701067N11925050WA0072000766
B2015583701064N11925053WA0071800763
B2015593701061N11925056WA0071600760
B2016003701058N11925059WA0071600758
B2016013701055N11925063WA0071600757
B2016023701053N11925065WA0071600757
B2016033701050N11925067WA0071600757
B2016043701047N11925070WA0071400756
B2016053701044N11925072WA0071400756
B2016063701040N11925076WA0071400755
B2016073701037N11925079WA0071400756
B2016083701034N11925082WA0071500756
B2016093701031N11925084WA0071500756
B2016103701028N11925087WA0071400756
B2016113701024N11925090WA0071500756
B2016123701020N11925093WA0071600757
B2016133701016N11925096WA0071800758
B2016143701013N11925099WA0071800760
B2016153701009N11925102WA0072000761
B2016163701006N11925104WA0072000762
B2016173701002N11925107WA0072000762
B2016183700998N11925110WA0072100762
B2016193700994N11925114WA0072000762
B2016203700990N11925118WA0072100762
B2016213700986N11925122WA0072200764
B2016223700982N11925126WA0072300765
B2016233700978N11925129WA0072400765
B2016243700975N11925133WA0072400766
B2016253700971N11925136WA0072400766
B2016263700967N11925139WA0072300766
B2016273700962N11925141WA0072300766
B2016283700958N11925143WA0072300765
B2016293700954N11925146WA0072200765
B2016303700951N11925148WA0072200764
B2016313700949N11925151WA0072200764
B2016323700946N11925152WA0072000764
B2016333700942N11925154WA0071800763
LXSB W 1 370155000 -1193733500 500.00
LXSB W 2 370333000 -1193866000 500.00
LXSB W 3 370155000 -1193733500 500.00
LXSB W 4 370140000 -1194003833 500.00
LXSB W 5 370179316 -1194173783 500.00
LXSB W 6 370619840 -1194544640 150.77
LXSB W 7 370487968 -1194473344 48.23
LXSB W 8 370412832 -1194342784 315.00
LXSB W 9 370674240 -1194572416 135.77
LXSB W 10 370185664 -1193839232 289.89
LXSB W 11 370185152 -1193906560 59.93
LXSB W 12 370185088 -1193906560 59.97
LXSB W 13 370140000 -1194003833 500.00
B2016343700939N11925156WA0071700759
B2016353700935N11925159WA0071500757
B2016363700932N11925161WA0071500756
B2016373700929N11925164WA0071500756
B2016383700925N11925167WA0071600756
B2016393700922N11925170WA0071700757
B2016403700919N11925172WA0071600759
B2016413700916N11925175WA0071800760
B2016423700913N11925177WA0071800760
B2016433700911N11925179WA0071600759
B2016443700909N11925182WA0071500758
B2016453700907N11925186WA0071500756
B2016463700905N11925189WA0071300756
B2016473700903N11925192WA0071100755
B2016483700902N11925194WA0070800755
B2016493700900N11925196WA0070500753
B2016503700898N11925199WA0070400749
B2016513700895N11925203WA0070400746
B2016523700893N11925207WA0070300744
B2016533700890N11925211WA0070400744
B2016543700888N11925214WA0070400745
B2016553700885N11925215WA0070200746
B2016563700882N11925217WA0069800745
B2016573700879N11925220WA0069500743
B2016583700876N11925224WA0069200740
B2016593700873N11925230WA0069100735
B2017003700870N11925234WA0068800731
B2017013700867N11925238WA0068600729
B2017023700864N11925241WA0068400727
B2017033700861N11925243WA0068200725
B2017043700858N11925246WA0067900723
B2017053700855N11925249WA0067700721
B2017063700852N11925251WA0067500718
B2017073700849N11925254WA0067400716
B2017083700846N11925257WA0067200714
B2017093700842N11925260WA0067000712
B2017103700839N11925263WA0066800710
B2017113700836N11925266WA0066600708
B2017123700833N11925269WA0066400706
LXSB W 1 370155000 -1193733500 500.00
LXSB W 2 370333000 -1193866000 500.00
LXSB W 3 370155000 -1193733500 500.00
LXSB W 4 370140000 -1194003833 500.00
LXSB W 5 370156550 -1194192783 500.00
LXSB W 6 370619840 -1194544640 150.77
LXSB W 7 370487968 -1194473344 48.23
LXSB W 8 370412832 -1194342784 315.00
LXSB W 9 370674240 -1194572416 135.77
LXSB W 10 370185664 -1193839232 289.89
LXSB W 11 370185152 -1193906560 59.93
LXSB W 12 370185088 -1193906560 59.97
LXSB W 13 370140000 -1194003833 500.00
B2017133700829N11925272WA0065900701
B2017143700825N11925274WA0065800699
B2017153700821N11925275WA0065600697
B2017163700817N11925275WA0065400695
B2017173700812N11925275WA0065200693
B2017183700808N11925275WA0064900691
B2017193700804N11925275WA0064600688
B2017203700800N11925275WA0064300684
B2017213700795N11925276WA0064100681
B2017223700790N11925277WA0063900678
B2017233700786N11925279WA0063700676
B2017243700781N11925281WA0063600674
B2017253700777N11925283WA0063400672
B2017263700774N11925285WA0063200671
B2017273700770N11925287WA0063000669
B2017283700766N11925289WA0062800667
B2017293700762N11925290WA0062600665
B2017303700758N11925291WA0062500663
B2017313700754N11925292WA0062300661
B2017323700749N11925294WA0062200659
B2017333700745N11925296WA0061900657
B2017343700742N11925298WA0061800655
B2017353700739N11925302WA0061500653
B2017363700736N11925305WA0061300650
B2017373700735N11925310WA0061100647
B2017383700735N11925315WA0060800644
B2017393700736N11925320WA0060600642
B2017403700738N11925324WA0060400639
B2017413700740N11925328WA0060200637
B2017423700743N11925332WA0060100636
B2017433700747N11925334WA0059900635
B2017443700751N11925334WA0059800633
B2017453700755N11925334WA0059600632
B2017463700759N11925334WA0059400630
B2017473700763N11925334WA0059200628
B2017483700767N11925334WA0059000626
B2017493700771N11925337WA0058900623
B2017503700774N11925340WA0058700621
B2017513700777N11925344WA0058700620
B2017523700781N11925348WA0058700618
B2017533700784N11925351WA0058700618
B2017543700788N11925353WA0058600618
B2017553700791N11925354WA0058600619
B2017563700794N11925355WA0058400619
B2017573700797N11925358WA0058200618
B2017583700800N11925361WA0058100616
B2017593700802N11925365WA0058000614
B2018003700803N11925370WA0057800613
B2018013700805N11925374WA0057600611
B2018023700807N11925377WA0057300609
B2018033700810N11925380WA0057100607
B2018043700814N11925384WA0056900604
LXSB W 1 370155000 -1193733500 500.00
LXSB W 2 370333000 -1193866000 500.00
LXSB W 3 370155000 -1193733500 500.00
LXSB W 4 370140000 -1194003833 500.00
LXSB W 5 370138300 -1194212050 500.00
LXSB W 6 370619264 -1194546048 152.70
LXSB W 7 370487680 -1194473088 408.88
LXSB W 8 370410816 -1194345216 314.40
LXSB W 9 370674240 -1194572416 135.77
LXSB W 10 370184480 -1193839744 289.09
LXSB W 11 370185152 -1193906560 59.93
LXSB W 12 370185088 -1193906560 59.97
LXSB W 13 370140000 -1194003833 500.00
B2018053700818N11925388WA0056900602
B2018063700821N11925391WA0056900601
B2018073700823N11925394WA0056700602
B2018083700825N11925395WA0056700601
B2018093700826N11925396WA0056700601
B2018103700827N11925396WA0056800601
B2018113700828N11925395WA0056700601
B2018123700828N11925395WA0056700600
B2018133700828N11925395WA0056700600
B2018143700828N11925395WA0056700600
B2018153700828N11925395WA0056700600
B2018163700828N11925395WA0056700600
B2018173700828N11925395WA0056700600
B2018183700828N11925395WA0056700600
B2018193700828N11925395WA0056700600
B2018203700828N11925395WA0056700600
B2018213700828N11925395WA0056700600
B2018223700828N11925395WA0056700600
B2018233700828N11925395WA0056700600
B2018243700828N11925395WA0056700600
B2018253700828N11925395WA0056700600
B2018263700828N11925395WA0056700600
B2018273700828N11925395WA0056700600
B2018283700828N11925395WA0056700600
B2018293700828N11925395WA0056700600
B2018303700828N11925395WA0056700600
B2018313700828N11925395WA0056700600
B2018323700828N11925395WA0056700600
B2018333700828N11925395WA0056800600
B2018343700828N11925395WA0056800600
LXSB  SKYDROP-START-s: 1754827757 
LXSB  SKYDROP-DURATION-ms: 4158309 
LXSB  SKYDROP-ALT-MAX-m: 1797 
LXSB  SKYDROP-ALT-MIN-m: 606 
LXSB  SKYDROP-CLIMB-MAX-cm: 405 
LXSB  SKYDROP-SINK-MAX-cm: -296 
LXSB  SKYDROP-ODO-m: 35068 
G9DB3D94D3FD1E01E58F571C3BD7B0B3802FAE2B3
