AXFH000
HFDTE100825
HFPLTPILOT:Travis Williams
HFGTYGLIDERTYPE:Ozone Swift 6
HFDTM100GPSDATUM:WGS84
HFRFWFIRMWAREVERSION:9.3
HFRHWHARDWAREVERSION:iPhone 15 Pro Max
HFFTYFRTYPE:Flyskyhy,9.3
HFGPS:Internal
HFPRSVARIO:XC Tracer
HFCCLCOMPETITIONCLASS:Paraglider
HFTZNTIMEZONE:-7
HFSITSITE:Tollhouse,US
I053638FXA3941VXA4244GSP4547CCO4850HDT
C100825185528100825000109TASK
C0000000N00000000ETAKEOFF
C3700931N11922401W00010009999999000000360000STARTAREA TOLLLN
C3701999N11923196W00000000001000000000360000TURNAREA ROCK
C3700931N11922401W00000000000400000000360000TURNAREA TOLLLN
C3700841N11924023W00000000001000000000360000TURNAREA TOLLLZ
C3700931N11922401W00000000000400000000360000TURNAREA TOLLLN
C3703907N11927400W00000000000400000000360000TURNAREA 4LNTRN
C3702784N11927041W00000000000400000000360000TURNAREA SKNOB
C3701330N11924626W00000000003000000000360000TURNAREA KNOB
C3704433N11927905W00000000001000000000360000TURNAREA SANDYM
C3700930N11922401W00000000001000000000360000TURNAREA TOLLLN
C3700841N11924023W00000000001000000000360000FINISHAREA TOLLLZ
C0000000N00000000ELANDING
B1855573700898N11922395WA0124401243001003000215082
B1855583700898N11922395WA0124401243002003000215080
B1855593700898N11922395WA0124401243002003000215076
B1856003700898N11922395WA0124401243002003001215085
B1856013700898N11922395WA0124401243001003000215090
B1856023700898N11922395WA0124401243001003000215094
B1856033700898N11922395WA0124401243001003000215109
B1856043700898N11922395WA0124301243001003000215109
B1856053700898N11922395WA0124401243001003000215109
B1856063700898N11922395WA0124401243001003000215107
B1856073700898N11922395WA0124401243001003000215101
B1856083700898N11922395WA0124401243001003000215083
B1856093700898N11922395WA0124401244001003001215097
B1856103700898N11922395WA0124401244001003000215096
B1856113700898N11922395WA0124401243001003000215094
B1856123700898N11922395WA0124401243001003000215093
B1856133700898N11922395WA0124401243001003000215102
B1856143700898N11922395WA0124401243001003000215116
B1856153700898N11922395WA0124401243001003000215084
B1856163700898N11922395WA0124401244001003000215067
B1856173700898N11922395WA0124401244002003001213075
B1856183700898N11922395WA0124401244002003002063036
B1856193700899N11922395WA0124401244002003002046014
B1856203700899N11922395WA0124401244002003002046274
B1856213700899N11922396WA0124201244002003002046182
B1856223700898N11922397WA0124201244002003005250198
B1856233700897N11922399WA0124101244002003008222189
B1856243700894N11922400WA0123901243003003008193188
B1856253700892N11922400WA0123901243003003011190187
B1856263700888N11922398WA0123901242003003017182194
B1856273700885N11922399WA0124201242003003017194218
B1856283700882N11922402WA0124401242003003017231218
B1856293700880N11922406WA0124701245002003020203215
B1856303700876N11922405WA0124801247002003022172189
B1856313700872N11922404WA0124901247002003024146164
B1856323700868N11922398WA0124901248004003024137162
B1856333700864N11922394WA0125101250004003035138160
B1856343700860N11922390WA0125201253004003033138169
B1856353700857N11922386WA0125401254004003033134167
B1856363700854N11922382WA0125501255004003030143170
B1856373700850N11922379WA0125601256004003028159182
B1856383700846N11922378WA0125701257004003028189188
B1856393700842N11922380WA0125901257004003028222212
B1856403700840N11922385WA0126001258004003027258242
B1856413700840N11922391WA0126001259004003027300271
B1856423700845N11922397WA0126001259004003043316293
B1856433700850N11922403WA0126301261004003043326294
B1856443700855N11922407WA0126601263004003041308292
B1856453700857N11922411WA0126801262004003032272255
B1856463700856N11922416WA0126801262004003026220231
B1856473700852N11922418WA0126701262004003028202210
B1856483700848N11922419WA0126801264004003026202207
B1856493700845N11922421WA0126801265004003021216212
B1856503700843N11922423WA0126601265004003019230218
B1856513700841N11922426WA0126301264004003026230218
B1856523700838N11922431WA0126101264004003026224224
B1856533700834N11922435WA0126101265004003032226219
B1856543700832N11922440WA0126301266004003025248230
B1856553700832N11922444WA0126501267004003025280268
B1856563700834N11922449WA0126601266004003025314292
B1856573700839N11922452WA0126501266004003031331313
B1856583700845N11922455WA0126501266004003040347330
B1857003700851N11922455WA0126701267004003040008332
B1857013700856N11922454WA0126901269004003039008339
B1857023700861N11922453WA0126901270004003036358338
B1857033700866N11922454WA0126801269004003033336322
B1857043700871N11922458WA0126701269004003034322311
B1857053700874N11922462WA0126701269004003033315298
B1857063700878N11922466WA0126801270004003033318294
B1857073700881N11922469WA0126901270004003029330301
B1857083700886N11922471WA0127001271004003033344323
B1857093700892N11922472WA0127001272004003033355326
B1857103700898N11922472WA0127101272004003039000335
B1857113700905N11922472WA0127101274004003044355332
B1857123700911N11922474WA0127401277004003044343316
B1857133700915N11922477WA0127601280004003040325292
B1857143700917N11922481WA0127801282004003033299272
B1857153700918N11922486WA0128001283005003023265254
B1857163700915N11922489WA0128101283004003025222228
B1857173700912N11922492WA0128101284004003025180203
B1857183700907N11922490WA0128201286004003032160180
B1857193700902N11922487WA0128501287004003032142161
B1857203700899N11922482WA0128701290004003032130156
B1857213700897N11922478WA0128901291004003031125149
B1857223700894N11922473WA0129001292004003029128150
B1857233700891N11922469WA0128901291004003030136152
B1857243700887N11922466WA0128801291004003033144160
B1857253700883N11922462WA0128801292004003033147164
B1857263700879N11922459WA0128901292005003033149165
B1857273700875N11922456WA0129001293004003031150166
B1857283700871N11922454WA0129001294004003031153174
B1857293700867N11922451WA0129101294004003030154161
B1857303700863N11922449WA0129001293005003030154169
B1857313700858N11922446WA0128801291004003032150164
B1857323700854N11922442WA0128601289004003034146164
B1857333700850N11922439WA0128401286004003034147168
B1857343700845N11922435WA0128301287004003038156176
B1857353700839N11922433WA0128401288004003034165174
B1857363700835N11922432WA0128601291004003034168182
B1857373700832N11922431WA0128801292004003027160182
B1857383700829N11922429WA0128901292004003021146169
B1857393700827N11922427WA0128801291004003023143168
B1857403700824N11922424WA0128601288004003023158195
B1857413700820N11922425WA0128301285004003023197219
B1857423700817N11922427WA0128101284004003023248232
B1857433700818N11922434WA0127901282004003036280254
B1857443700820N11922442WA0127901282004003041302271
B1857453700824N11922448WA0128001283004003036305283
B1857463700826N11922452WA0128101282004003032294278
B1857473700827N11922455WA0128101281004003016277252
B1857483700827N11922458WA0127901280004003018277250
B1857493700828N11922462WA0127601279004003018290270
B1857503700831N11922467WA0127201274004003024310293
B1857513700835N11922472WA0127001273004003041330314
B1857523700841N11922474WA0126801271004003043349346
B1857533700848N11922473WA0126701268004003043010013
B1857543700855N11922469WA0126501265004003046033046
B1857553700861N11922462WA0126301265004003056059065
B1857563700865N11922452WA0126201265004003056075086
B1857573700865N11922442WA0126301265004003053082101
B1857583700866N11922434WA0126501268004003045084109
B1857593700866N11922428WA0126701267004003029087121
B1858003700866N11922424WA0126601265004003029098133
B1858013700861N11922414WA0126001260004003030135161
B1858023700857N11922410WA0125801260004003034151171
B1858033700851N11922407WA0125801260004003033156175
B1858043700847N11922405WA0125901260004003033153173
B1858053700844N11922403WA0126101260004003027145178
B1858063700841N11922400WA0126101260004003025137170
B1858073700838N11922396WA0126001258004003028140175
B1858083700834N11922393WA0125801255004003033151184
B1858093700829N11922391WA0125501253004003033162186
B1858103700824N11922389WA0125501254004003034167193
B1858113700819N11922388WA0125601254004003028165197
B1858123700816N11922387WA0125801256004003028162196
B1858133700813N11922386WA0126001257004003023163201
B1858143700809N11922385WA0126001256004003023174200
B1858153700806N11922385WA0125901255004003026185203
B1858163700801N11922386WA0125801255004003029191211
B1858173700797N11922388WA0125801256004003029191212
B1858183700792N11922389WA0125901257004003031189206
B1858193700788N11922390WA0126101259004003029191211
B1858203700784N11922391WA0126301261004003029200212
B1858213700780N11922394WA0126501263004003027213216
B1858223700777N11922397WA0126701265004003027219205
B1858233700774N11922399WA0127001268004003025204208
B1858243700770N11922400WA0127201272004003025185206
B1858253700766N11922400WA0127601273004003025184204
B1858263700763N11922401WA0127901273004003022215231
B1858273700762N11922404WA0128001273004003021268263
B1858283700763N11922409WA0127901271004003034321290
B1858293700768N11922413WA0127901272004003034346322
B1858303700777N11922415WA0128001275004003049003350
B1858313700786N11922412WA0128201279004003050020022
B1858323700793N11922407WA0128401279004003050046057
B1858333700798N11922399WA0128501278004003050069080
B1858343700798N11922389WA0128401277004003049090107
B1858353700796N11922381WA0128301277004003048115127
B1858363700792N11922373WA0128301279004003048142145
B1858373700786N11922369WA0128601281004003045159168
B1858383700781N11922368WA0128901286004003036170184
B1858393700777N11922368WA0129301290004003022187191
B1858403700774N11922370WA0129501292004003022201201
B1858413700771N11922372WA0129701293004003022210213
B1858423700768N11922374WA0129901296004003023214207
B1858433700765N11922377WA0130201298004003025219222
B1858443700762N11922381WA0130501303004003025231235
B1858453700761N11922385WA0130901307004003024250248
B1858463700761N11922389WA0131101310004003023281270
B1858473700763N11922393WA0131301313004003027314290
B1858483700768N11922395WA0131601315004003033346311
B1858493700773N11922395WA0131701316004003033004338
B1858503700780N11922393WA0131801317004003038017359
B1858513700787N11922389WA0131901319004003051027019
B1858523700793N11922383WA0132101322004003055037052
B1858533700798N11922375WA0132301323004003053055079
B1858543700802N11922367WA0132301322004003053086102
B1858553700801N11922357WA0132101322004003045123129
B1858563700796N11922353WA0132001321004003045150162
B1858573700790N11922349WA0132101323004003041184176
B1858583700783N11922351WA0132501325004003038177187
B1858593700778N11922351WA0132901326004003030148182
B1859003700774N11922348WA0133301327004003030133167
B1859013700771N11922343WA0133701329003003030135165
B1859023700768N11922340WA0134001330004003029152189
B1859033700764N11922339WA0133901333004003022178209
B1859043700761N11922341WA0133901334004003024203215
B1859053700758N11922344WA0133901336004003024216215
B1859063700755N11922346WA0134101338004003024210225
B1859073700752N11922348WA0134301342004003018197228
B1859083700750N11922348WA0134501342004003018196230
B1859093700750N11922349WA0134501342004003010249247
B1859103700750N11922351WA0134201342004003010283262
B1859113700751N11922356WA0133901339004003027291265
B1859133700753N11922361WA0133801340004003027293276
B1859143700755N11922365WA0133901341004003027295282
B1859153700756N11922368WA0134001343004003021310287
B1859163700758N11922369WA0134101342004003015343297
B1859173700760N11922370WA0133901341004003022356319
B1859183700764N11922370WA0133501339004003022355321
B1859193700771N11922371WA0133101335004003032353330
B1859203700777N11922372WA0133001335004003042354322
B1859213700784N11922372WA0133001335004003042355327
B1859223700789N11922373WA0133101336004003039354321
B1859233700794N11922374WA0133201335004003033346312
B1859243700798N11922375WA0133101333004003032339308
B1859253700803N11922378WA0132901332004003039338304
B1859263700809N11922381WA0132901331004003039342311
B1859273700816N11922383WA0132901332004003043344321
B1859283700822N11922385WA0133101334004003040341313
B1859293700827N11922388WA0133201333004003040336300
B1859303700831N11922391WA0133201333004003035334296
B1859313700836N11922393WA0133001331004003035335311
B1859323700842N11922396WA0132901329004003040336312
B1859333700847N11922400WA0132701327004003040333313
B1859343700852N11922404WA0132601326004003040328309
B1859353700857N11922407WA0132601325004003039325303
B1859363700861N11922411WA0132501325004003034324292
B1859373700865N11922415WA0132401324004003034325296
B1859383700869N11922418WA0132301323004003033324306
B1859393700873N11922422WA0132101320004003033323301
B1859403700877N11922426WA0131901318004003036322297
B1859413700882N11922430WA0131701315004003038319299
B1859423700886N11922435WA0131501314004003038320307
B1859433700891N11922440WA0131401314004003040327309
B1859443700896N11922443WA0131501314004003036332305
B1859453700901N11922446WA0131501313004003036333311
B1859463700905N11922448WA0131401311004003033330303
B1859473700909N11922452WA0131101308004003033326301
B1859483700914N11922456WA0130901306004003040327307
B1859493700920N11922460WA0130701304004003046332310
B1859503700926N11922464WA0130701305004003046340321
B1859513700933N11922466WA0130801305004003046342325
B1859523700938N11922468WA0130801306004003035339308
B1859533700942N11922470WA0130701305004003035331301
B1859543700947N11922474WA0130501302004003035328296
B1859553700952N11922478WA0130301300004003036329304
B1859563700958N11922482WA0130201299004003045332307
B1859573700964N11922485WA0130301299004003045336309
B1859583700970N11922488WA0130301299004003045341319
B1859593700976N11922490WA0130301299004003042345323
B1900003700982N11922492WA0130301298004003040345321
B1900013700988N11922494WA0130201296004003041343318
B1900023700994N11922496WA0130101295004003041341320
B1900033701000N11922499WA0129901293004003042342321
B1900043701007N11922501WA0130001294004003046346327
B1900053701014N11922503WA0130101295004003046352336
B1900063701021N11922503WA0130301296004003046000344
B1900073701035N11922501WA0130601298004003045001338
B1900083701042N11922502WA0130701301004003045358335
B1900093701048N11922502WA0131001303004003045357331
B1900103701054N11922502WA0131301304004003043356316
B1900113701059N11922503WA0131401304004003037345300
B1900123701064N11922505WA0131401304004003036335304
B1900133701069N11922508WA0131401305004003038335303
B1900143701074N11922511WA0131501307004003037336303
B1900153701079N11922514WA0131701308004003037326290
B1900163701082N11922518WA0131601308004003029308285
B1900173701084N11922523WA0131501306004003029300278
B1900183701087N11922527WA0131401305004003029312302
B1900193701091N11922531WA0131201303004003031336328
B1900203701097N11922533WA0131201303004003043008342
B1900213701103N11922529WA0131201304004003044027011
B1900223701108N11922523WA0131201303004003044050045
B1900233701111N11922515WA0131001301004003045070073
B1900243701111N11922506WA0130801299004003048091110
B1900253701109N11922497WA0130501296004003048116143
B1900263701103N11922492WA0130101293004003048149165
B1900273701097N11922492WA0130001290004003043187190
B1900283701092N11922494WA0130001291004003035212208
B1900293701088N11922498WA0130201292004003035195209
B1900303701084N11922498WA0130301292004003030166190
B1900313701079N11922496WA0130401292004003030161173
B1900323701075N11922495WA0130501293004003026175178
B1900333701071N11922495WA0130601294004003026192195
B1900343701068N11922497WA0130601294004003024196196
B1900353701064N11922498WA0130601295004003024180186
B1900363701060N11922497WA0130601296004003033156175
B1900373701055N11922493WA0130701298004003034150164
B1900383701051N11922490WA0130801299004003033151170
B1900393701047N11922488WA0131001300004003032159186
B1900403701043N11922487WA0131001301004003026167190
B1900413701040N11922486WA0131001301004003026167190
B1900423701035N11922485WA0130901300004003026166178
B1900433701031N11922483WA0130901300004003029167175
B1900443701027N11922482WA0130901301004003028170181
B1900453701023N11922482WA0130901301004003028172182
B1900463701020N11922481WA0131001302004003024168178
B1900473701016N11922480WA0131001301004003024164177
B1900483701012N11922478WA0130901300004003028161172
B1900493701008N11922477WA0130701299004003031162173
B1900503701003N11922475WA0130601299004003031164182
B1900513700999N11922474WA0130601298004003031169187
B1900523700995N11922473WA0130601298004003028173182
B1900533700990N11922473WA0130501297004003028172178
B1900543700986N11922472WA0130401296004003028169183
B1900553700982N11922470WA0130301295004003028165181
B1900573700978N11922469WA0130301294004003030165180
B1900583700973N11922468WA0130201293004003030167180
B1900593700969N11922467WA0130101292004003029170180
B1901003700965N11922466WA0130001291004003028169176
B1901013700961N11922465WA0129801289004003027166175
B1901023700957N11922463WA0129601287004003029162179
B1901033700953N11922461WA0129401285004003029161171
B1901043700948N11922459WA0129301284004003033162170
B1901053700943N11922457WA0129201283004003035161175
B1901063700938N11922455WA0129201283004003035158170
B1901073700934N11922453WA0129201283004003032154165
B1901083700930N11922450WA0129101282004003032151158
B1901093700925N11922447WA0129001280004003035151163
B1901103700920N11922444WA0128801278004003038153162
B1901113700915N11922441WA0128701277004003038156163
B1901123700910N11922438WA0128601277004003038159167
B1901133700905N11922436WA0128601277004003035158165
B1901143700900N11922433WA0128501276004003035156165
B1901153700895N11922431WA0128501276004003035154161
B1901163700891N11922428WA0128401275004003034153162
B1901173700886N11922425WA0128301273004003036154160
B1901183700881N11922422WA0128201272004003039153154
B1901193700876N11922418WA0128201273004003039149158
B1901203700870N11922414WA0128201273004003041145154
B1901213700866N11922409WA0128301273004003039140146
B1901223700862N11922404WA0128301273004003039136143
B1901233700857N11922399WA0128201272004003039136148
B1901243700853N11922394WA0128101271004003039139157
B1901253700848N11922389WA0128001271004003044143157
B1901263700842N11922384WA0128001272004003044144162
B1901273700837N11922379WA0128101272004003044144163
B1901283700832N11922375WA0128201273004003041143161
B1901293700828N11922371WA0128301274004003037144167
B1901303700823N11922367WA0128201273004003040148171
B1901313700817N11922363WA0128201271004003040148164
B1901323700812N11922359WA0128001271004003044143157
B1901333700806N11922353WA0127901272004003046140153
B1901343700801N11922348WA0128001271004003046142152
B1901353700796N11922343WA0128101273004003045147162
B1901363700790N11922339WA0128301274004003042149174
B1901373700785N11922335WA0128301275004003043142151
B1901383700781N11922329WA0128401276004003046131142
B1901393700776N11922322WA0128501277004003045127146
B1901403700772N11922316WA0128601278004003045134165
B1901413700768N11922311WA0128701278004003040153181
B1901423700762N11922309WA0128701277004003040171199
B1901433700756N11922310WA0128701278004003039183206
B1901443700750N11922310WA0128901280004003038182195
B1901453700746N11922310WA0129001282004003033175196
B1901463700741N11922309WA0129101282004003033171200
B1901473700736N11922309WA0129101282004003033178213
B1901483700731N11922310WA0128901280004003032200231
B1901493700727N11922313WA0128701279004003032231242
B1901503700725N11922319WA0128401276004003035249251
B1901513700724N11922326WA0128201276004003035253260
B1901523700722N11922333WA0128101275004003036246259
B1901533700720N11922338WA0128101273004003031232231
B1901543700717N11922342WA0127901272004003031223225
B1901553700713N11922346WA0127701270004003031225224
B1901563700710N11922351WA0127601270004003031226235
B1901573700707N11922354WA0127701271004003027221240
B1901583700704N11922357WA0127801272004003027208224
B1901593700701N11922358WA0127801271004003023200224
B1902003700698N11922360WA0127701270004003021209235
B1902013700696N11922363WA0127601269004003023233242
B1902023700695N11922368WA0127501268004003029254245
B1902033700693N11922373WA0127501268004003029262253
B1902043700693N11922379WA0127601270004003030256266
B1902053700691N11922384WA0127601270004003028240237
B1902063700688N11922388WA0127701270004003032222217
B1902073700684N11922392WA0127801271004003032221235
B1902083700681N11922396WA0128101275004003032235256
B1902093700681N11922400WA0128501279004003020277277
B1902103700684N11922403WA0128701280004003024316297
B1902113700688N11922406WA0128901282004003024337318
B1902123700693N11922407WA0129201285004003032354340
B1902133700703N11922402WA0129501287004003046048040
B1902143700707N11922393WA0129401286004003052067070
B1902153700707N11922382WA0129301286004003052096083
B1902163700704N11922372WA0129501287004003053125114
B1902173700699N11922365WA0129701289004003045134146
B1902183700694N11922360WA0130101294004003045134152
B1902193700691N11922355WA0130501294004003037135144
B1902203700687N11922352WA0130601294004003033145147
B1902213700682N11922349WA0130401295004003042157169
B1902223700675N11922346WA0130401295004003048165179
B1902233700668N11922345WA0130501297004003046176182
B1902243700661N11922345WA0130901300004003046180194
B1902253700656N11922345WA0131201304004003033182202
B1902263700652N11922345WA0131501307004003033189209
B1902273700648N11922347WA0131701309004003028201219
B1902283700644N11922350WA0131701310004003028211227
B1902293700640N11922354WA0131701311004003034212232
B1902303700636N11922357WA0131901312004003034209232
B1902313700632N11922360WA0132101313004003033220228
B1902323700630N11922363WA0132301314004003027255255
B1902333700630N11922367WA0132201313004003024293275
B1902343700632N11922372WA0131901311004003027298288
B1902353700634N11922377WA0131801311004003027286279
B1902363700634N11922382WA0131701311004003027278285
B1902373700636N11922387WA0131701311004003026289298
B1902383700638N11922391WA0131601310004003027311324
B1902393700642N11922393WA0131401308004003027335336
B1902403700647N11922394WA0131201306004003028358347
B1902413700652N11922392WA0131001304004003035017359
B1902423700657N11922390WA0130901304004003035032015
B1902433700660N11922386WA0130701302004003032043027
B1902443700664N11922381WA0130501299004003032049034
B1902463700667N11922375WA0130201297004003043053035
B1902473700671N11922367WA0130001295004003051057041
B1902483700676N11922358WA0130001296004003051059049
B1902493700680N11922350WA0130201298004003051056047
B1902503700684N11922343WA0130501302004003043052038
B1902513700687N11922337WA0130901306004003043050027
B1902523700690N11922332WA0131201309004003039058049
B1902533700693N11922325WA0131501309004003039078084
B1902543700693N11922316WA0131601309004003050102099
B1902553700689N11922307WA0131501310004003055122131
B1902563700684N11922299WA0131601311004003053149149
B1902573700677N11922295WA0132001314004003053177170
B1902583700672N11922297WA0132501319004003030195200
B1902593700667N11922300WA0132701320004003030208231
B1903003700664N11922303WA0132801320004003024223241
B1903013700662N11922308WA0132801322004003024239258
B1903023700661N11922313WA0132901324004003027251269
B1903033700661N11922317WA0133001326004003027271280
B1903043700662N11922320WA0133101327004003021312311
B1903053700665N11922321WA0133101327004003021349334
B1903063700670N11922321WA0133101327004003032004342
B1903073700675N11922320WA0133101328004003035011000
B1903083700680N11922318WA0133301329004003033026017
B1903093700684N11922314WA0133601332004003033052041
B1903103700686N11922309WA0133601332004003040081064
B1903113700686N11922300WA0133601330004003048092082
B1903123700685N11922290WA0133601331004003048099102
B1903133700682N11922280WA0133701333004003048116120
B1903143700678N11922274WA0134001336004003045135152
B1903153700672N11922269WA0134101336004003045164174
B1903163700666N11922268WA0134201337004003043178197
B1903173700659N11922269WA0134401339004003042178203
B1903183700655N11922269WA0134601342004003028178217
B1903193700651N11922269WA0134701342004003028194229
B1903203700648N11922271WA0134601341004003022215243
B1903213700647N11922275WA0134301340004003022245265
B1903223700646N11922280WA0134101339004003026271276
B1903233700648N11922285WA0134001338004003026299297
B1903243700651N11922288WA0133901338004003026333318
B1903253700655N11922290WA0134001339004003026352330
B1903263700659N11922290WA0134101340004003025348321
B1903273700662N11922292WA0134201341004003025329304
B1903283700663N11922295WA0134201341004003020300290
B1903293700664N11922298WA0134101340004003019278276
B1903303700664N11922302WA0134001339004003022265268
B1903313700663N11922306WA0133801339004003027261275
B1903323700663N11922312WA0133801339004003027272287
B1903333700664N11922316WA0133901340004003027294308
B1903343700666N11922319WA0134001339004003024337328
B1903353700671N11922319WA0133901337004003035010344
B1903363700677N11922317WA0133701337004003035031004
B1903373700683N11922311WA0133701337004003045047026
B1903383700686N11922303WA0133801338004003042062052
B1903393700688N11922296WA0133801339004003042078081
B1903403700688N11922288WA0133801338004003042089088
B1903413700687N11922279WA0133701337004003044100095
B1903423700685N11922270WA0133701338004003048113118
B1903433700681N11922263WA0133801338004003048137143
B1903443700676N11922258WA0133901338004003044160168
B1903453700670N11922258WA0134001338004003042175193
B1903463700664N11922259WA0134101340004003034190213
B1903473700660N11922261WA0134201341004003034210229
B1903483700657N11922264WA0134101340004003026244267
B1903493700657N11922268WA0133801337004003021288289
B1903503700660N11922272WA0133601335004003027306293
B1903513700663N11922276WA0133501334004003029314295
B1903523700666N11922280WA0133401334004003029320294
B1903533700670N11922283WA0133501334004003029327296
B1903543700673N11922285WA0133501335004003022339305
B1903553700676N11922286WA0133501334004003022349300
B1903563700679N11922286WA0133401333004003022348304
B1903573700683N11922288WA0133201330004003022342315
B1903583700687N11922290WA0132901328004003032338312
B1903593700692N11922292WA0132801327004003032339317
B1904003700696N11922294WA0132801327004003032341315
B1904013700700N11922295WA0132801326004003029340315
B1904023700704N11922297WA0132701325004003029334305
B1904033700708N11922300WA0132601324004003030327303
B1904043700711N11922303WA0132401322004003029322302
B1904053700714N11922306WA0132301321004003026318294
B1904063700716N11922308WA0132201320004003023321296
B1904073700720N11922311WA0132001318004003028327300
B1904083700724N11922314WA0131801316004003028328307
B1904093700727N11922317WA0131701315004003030323303
E190409TPCWaypoint TOLLLN reached
B1904103700730N11922321WA0131501314004003028317299
B1904113700734N11922325WA0131401312004003029315297
B1904123700737N11922329WA0131201310004003029323304
B1904133700742N11922332WA0131201310004003032330316
B1904143700746N11922335WA0131201310004003031329325
B1904153700749N11922338WA0131101309004003031318316
B1904163700752N11922341WA0131001308004003025306306
B1904173700754N11922345WA0130701305004003025310307
B1904183700757N11922349WA0130301304004003034321318
B1904193700766N11922357WA0130001303004003034320317
B1904203700769N11922361WA0130101303004003034313305
B1904213700771N11922364WA0130101302004003030304297
B1904223700773N11922368WA0130001301004003024299296
B1904233700775N11922372WA0129801297004003027301296
B1904243700778N11922377WA0129501296004003027306303
B1904253700782N11922383WA0129201294004003032311306
B1904263700786N11922389WA0129301294004003040318310
B1904273700791N11922393WA0129401296004003037323313
B1904283700795N11922396WA0129601297004003037327312
B1904293700799N11922399WA0129701296004003031330311
B1904303700803N11922402WA0129601295004003031331309
B1904313700808N11922405WA0129401292004003036330309
B1904323700813N11922409WA0129301291004003041330313
B1904333700818N11922413WA0129301292004003041328312
B1904343700823N11922417WA0129401292004003041324312
B1904353700827N11922421WA0129501292004003033320306
B1904363700831N11922425WA0129401291004003033319303
B1904373700835N11922429WA0129301290004003033321304
B1904383700839N11922433WA0129201288004003035323305
B1904393700844N11922438WA0129001288004003042323307
B1904413700849N11922442WA0129001288004003042322308
B1904423700853N11922447WA0129001288004003040320303
B1904433700857N11922451WA0129001287004003036319294
B1904443700861N11922455WA0128901286004003036320296
B1904453700866N11922460WA0128801284004003040322302
B1904463700871N11922465WA0128601283004003040323302
B1904473700876N11922470WA0128601283004003042320296
B1904483700881N11922475WA0128701284004003040317285
B1904493700885N11922480WA0128801284004003040314288
B1904503700889N11922485WA0129001286004003038312295
B1904513700892N11922489WA0129201289004003036311280
B1904523700895N11922494WA0129401290004003032314283
B1904533700899N11922498WA0129501292004003034318294
B1904543700904N11922502WA0129601293004003034325308
B1904553700909N11922506WA0129701295004003038336333
B1904563700916N11922507WA0129901296004003045354000
B1904573700923N11922505WA0130101297004003049018359
B1904583700929N11922500WA0130201298004003049040037
B1904593700933N11922492WA0130401299004003050063059
B1905003700936N11922483WA0130601299004003044088082
B1905013700935N11922476WA0130501299004003044117118
B1905023700930N11922471WA0130401299004003039139152
B1905033700925N11922467WA0130501300004003036164173
B1905043700920N11922466WA0130801302004003025172185
B1905053700918N11922467WA0131401308004003025192197
B1905063700917N11922468WA0131701308004003013231213
B1905073700916N11922470WA0131801308004003013244217
B1905083700915N11922473WA0131601309004003022236225
B1905093700912N11922478WA0131401308004003028237229
B1905103700910N11922483WA0131401310004003028256242
B1905113700910N11922490WA0131601312004003033278257
B1905123700914N11922496WA0131701314004003040309292
B1905133700919N11922501WA0132001316004003042322311
B1905143700924N11922505WA0132301318004003040331322
B1905153700928N11922507WA0132601322004003033343339
B1905163700932N11922507WA0132801322004003031011349
B1905173700937N11922505WA0132801322004003040031015
B1905183700942N11922499WA0132801322004003040043046
B1905193700947N11922492WA0132801324004003047067065
B1905203700948N11922482WA0132901325004003047088095
B1905213700946N11922474WA0133001326004003047114121
B1905223700941N11922468WA0133201328004003045134146
B1905233700937N11922463WA0133401330004003041151174
B1905243700934N11922462WA0133701333004003019161174
B1905253700932N11922462WA0134001336004003019168167
B1905263700930N11922461WA0134101337004003016159178
B1905273700927N11922459WA0134001337004003016157178
B1905283700923N11922458WA0133901337004003029172189
B1905293700918N11922459WA0133801337004003033191205
B1905303700913N11922461WA0133901338004003031219216
B1905313700910N11922465WA0134101339004003031241234
B1905323700909N11922470WA0134301341004003023261256
B1905333700909N11922474WA0134401340004003024283266
B1905343700911N11922479WA0134301339004003024291274
B1905353700913N11922485WA0134101338004003029293278
B1905363700916N11922491WA0133901336004003038294283
B1905373700919N11922498WA0133801336004003038302289
B1905383700923N11922503WA0133701335004003038317316
B1905393700928N11922506WA0133701335004003039342337
B1905403700934N11922507WA0133701335004003044008348
B1905413700941N11922505WA0133801335004003044020020
B1905423700947N11922501WA0133701336004003042028035
B1905433700951N11922497WA0133701336004003038035042
B1905443700955N11922492WA0133601335004003039049060
B1905453700959N11922485WA0133401334004003046073085
B1905463700959N11922476WA0133201331004003046093107
B1905473700957N11922466WA0133101331004003049123128
B1905483700952N11922459WA0133101332004003044143151
B1905493700947N11922457WA0133201334004003044159175
B1905503700943N11922457WA0133401335004003033181195
B1905513700940N11922458WA0133401334004003024201208
B1905523700937N11922460WA0133301333004003023207214
B1905533700933N11922462WA0133101331004003028209210
B1905543700929N11922466WA0133001331004003028214212
B1905553700926N11922469WA0133001330004003028224219
B1905563700924N11922473WA0133001330004003022233232
B1905573700922N11922475WA0133001329004003022233228
B1905583700920N11922478WA0132901328004003018226222
B1905593700918N11922480WA0132701325004003018226240
B1906003700916N11922484WA0132401323004003023239251
B1906013700916N11922488WA0132201321004003025264265
B1906023700917N11922493WA0132001319004003025290281
B1906033700919N11922498WA0131901318004003028301284
B1906043700921N11922502WA0132001319004003023295278
B1906053700921N11922506WA0132001319004003023274267
B1906063700921N11922509WA0132101319004003019261258
B1906073700920N11922513WA0132001318004003019260260
B1906083700920N11922516WA0131901318004003021269273
B1906093700921N11922521WA0131801316004003026278268
B1906103700921N11922526WA0131701316004003026281266
B1906113700922N11922532WA0131701317004003029279266
B1906123700922N11922537WA0131901319004003026274271
B1906133700923N11922541WA0132101321004003026272277
B1906143700923N11922545WA0132201321004003022272270
B1906153700923N11922549WA0132201321004003020276272
B1906163700923N11922553WA0132001319004003024277271
B1906173700924N11922558WA0131901318004003029275263
B1906183700924N11922564WA0131901318004003029272257
B1906193700924N11922569WA0131901318004003029269266
B1906203700924N11922574WA0132001320004003024276267
B1906213700925N11922578WA0132101321004003024287263
B1906223700927N11922583WA0132101320004003024291273
B1906233700928N11922588WA0131901318004003026286274
B1906243700929N11922594WA0131801317004003034277261
B1906253700929N11922606WA0131801319004003034263267
B1906263700928N11922611WA0131901320004003031257256
B1906273700927N11922616WA0131901319004003028255253
B1906283700926N11922622WA0131801319004003032260258
B1906293700926N11922628WA0131701317004003036270268
B1906303700927N11922636WA0131601316004003036282275
B1906313700929N11922642WA0131601316004003037293285
B1906323700931N11922648WA0131601317004003034302296
B1906333700934N11922652WA0131601317004003034309300
B1906343700937N11922656WA0131601317004003031317306
B1906353700940N11922659WA0131501316004003029321301
B1906363700944N11922663WA0131301313004003029319300
B1906373700948N11922668WA0131001311004003038314302
B1906383700952N11922674WA0130901310004003040309303
B1906393700956N11922679WA0130801310004003038311309
B1906403700960N11922683WA0130901310004003037325305
B1906413700964N11922686WA0130901309004003033340309
B1906423700968N11922688WA0130801308004003030340313
B1906433700972N11922690WA0130601306004003030332305
B1906443700976N11922693WA0130401304004003030323301
B1906453700980N11922697WA0130201302004003031323306
B1906463700984N11922700WA0130101301004003032336323
B1906473700989N11922701WA0130001299004003034354344
B1906483700995N11922701WA0129901299004003036015359
B1906493701000N11922698WA0129701297004003036025011
B1906503701005N11922694WA0129601295004003038033019
B1906513701009N11922689WA0129501294004003038036018
B1906523701014N11922685WA0129301292004003038035014
B1906533701019N11922682WA0129201291004003038031014
B1906543701023N11922678WA0129101289004003036029011
B1906553701028N11922675WA0128901287004003036026007
B1906563701033N11922672WA0128701285004003036024011
B1906573701039N11922669WA0128501283004003040023012
B1906583701044N11922666WA0128401282004003040026017
B1906593701049N11922662WA0128201280004003039032023
B1907003701054N11922658WA0128101278004003039037029
B1907013701058N11922653WA0127801275004003039039027
B1907023701063N11922648WA0127601273004003042033015
B1907033701069N11922644WA0127501273004003042022001
B1907043701075N11922642WA0127401273004003041017356
B1907053701080N11922640WA0127301272004003040015359
B1907063701086N11922638WA0127301271004003036017359
B1907073701091N11922636WA0127201270004003036020007
B1907083701096N11922633WA0127001268004003036024016
B1907093701101N11922630WA0126801265004003037029016
B1907103701106N11922625WA0126701263004003042037045
B1907113701111N11922620WA0126501263004003042059070
B1907123701113N11922614WA0126301262004003039085099
B1907133701112N11922606WA0125901261004003039126127
B1907143701107N11922599WA0125601261004003045154153
B1907153701100N11922596WA0125601264004003045165170
B1907163701095N11922595WA0125801266004003038163172
B1907173701091N11922594WA0126001264004003031149160
B1907183701087N11922592WA0126001261004003025143157
B1907193701084N11922589WA0125901259004003025145163
B1907203701081N11922587WA0125601255004003025147164
B1907213701077N11922584WA0125401255004003027145178
B1907223701073N11922580WA0125201252004003037145166
B1907233701068N11922576WA0125201251004003037152167
B1907243701064N11922574WA0125201251004003035161177
B1907253701060N11922573WA0125401252004003029165187
B1907263701057N11922572WA0125501253004003021158179
B1907273701054N11922569WA0125601253004003026152163
B1907283701049N11922567WA0125601253004003026153165
B1907293701045N11922564WA0125701254004003032160165
B1907303701040N11922563WA0126001255004003027166174
B1907313701037N11922562WA0126301256004003027166179
B1907323701034N11922561WA0126601258004003023154160
B1907333701031N11922558WA0126701261004003023138143
B1907343701028N11922554WA0126801262004003031131143
B1907353701025N11922549WA0126901263004003035129145
B1907363701022N11922544WA0127001265004003032127156
B1907373701019N11922540WA0127201266004003032136158
B1907383701017N11922537WA0127301266004003022157177
B1907393701013N11922537WA0127301266004003022185202
B1907403701010N11922539WA0127201266004003022210222
B1907413701007N11922542WA0127201266004003024238233
B1907423701006N11922547WA0127201267004003024254250
B1907433701006N11922551WA0127201267004003024265257
B1907443701005N11922554WA0127201266004003021262251
B1907453701005N11922558WA0127001266004003021261259
B1907463701004N11922563WA0127001264004003023266263
B1907473701005N11922567WA0126801262004003023277270
B1907483701006N11922571WA0126601260004003023301293
B1907493701010N11922574WA0126401259004003023331321
B1907503701015N11922577WA0126301258004003045354347
B1907513701023N11922576WA0126201258004003050007005
B1907523701031N11922574WA0126301259004003050016009
B1907533701039N11922570WA0126401260004003050016017
B1907543701045N11922568WA0126701263004003045015013
B1907553701051N11922566WA0126901265004003045017003
B1907563701056N11922564WA0127101267004003040016346
B1907583701062N11922562WA0127201267004003040008350
B1907593701068N11922561WA0127101266004003043356336
B1908003701075N11922563WA0126901265004003043345314
B1908013701080N11922566WA0126901264004003043333293
B1908023701084N11922570WA0126901265004003038318270
B1908033701086N11922574WA0126901264004003020278247
B1908043701086N11922577WA0126601262004003023211230
B1908053701081N11922577WA0126201259004003023181201
B1908063701075N11922577WA0126101259004003031163182
B1908073701070N11922575WA0126201260004003030153172
B1908083701067N11922572WA0126401262004003030148165
B1908093701064N11922570WA0126601264004003025145161
B1908103701060N11922567WA0126601264004003025147157
B1908113701057N11922564WA0126701263004003030150154
B1908123701052N11922562WA0126601262004003035154165
B1908133701047N11922559WA0126601263004003035158176
B1908143701042N11922557WA0126901264004003035165179
B1908153701040N11922557WA0127001265004003016184194
B1908163701038N11922558WA0127001264004003016211216
B1908173701036N11922560WA0126701263004003016223215
B1908183701034N11922562WA0126401259004003017211205
B1908193701031N11922564WA0126101259004003025193192
B1908203701027N11922564WA0126001259004003028167181
B1908213701023N11922561WA0125901258004003028151163
B1908223701019N11922558WA0125801257004003028145159
B1908233701015N11922555WA0125801256004003029153164
B1908243701011N11922554WA0125801255004003029167171
B1908253701007N11922553WA0125801255004003029175168
B1908263701002N11922552WA0125801255004003030167168
B1908273700997N11922550WA0125801255004003037156176
B1908283700992N11922546WA0125901257004003037147155
B1908293700988N11922543WA0126201257004003034149159
B1908303700985N11922542WA0126401257004003028174182
B1908313700979N11922545WA0126501258004003024221217
B1908323700977N11922549WA0126601260004003028242233
B1908333700976N11922555WA0126801262004003028261243
B1908343700975N11922562WA0127101264004003032270249
B1908353700975N11922567WA0127401268004003028266250
B1908363700974N11922571WA0127701272004003028247249
B1908373700973N11922573WA0128001272004003019250246
B1908383700973N11922576WA0128001272004003016286266
B1908393700974N11922579WA0127801272004003031312298
B1908403700979N11922584WA0127601271004003046333325
B1908413700986N11922587WA0127401272004003046000354
B1908423700995N11922584WA0127401271004003054021020
B1908433701001N11922576WA0127501270004003054050053
B1908443701006N11922568WA0127501271004003054078081
B1908453701006N11922559WA0127601272004003047099110
B1908463701004N11922552WA0127701274004003040114128
B1908473701001N11922547WA0127901277004003031125151
B1908483700998N11922543WA0128101279004003031133161
B1908493700994N11922539WA0128301281004003029138162
B1908503700991N11922536WA0128501282004003028149164
B1908513700987N11922534WA0128601283004003029161178
B1908533700982N11922533WA0128701285004003029172195
B1908543700978N11922534WA0128801286004003028190205
B1908553700975N11922536WA0129001289004003025223226
B1908563700973N11922540WA0129201288004003026264247
B1908573700974N11922546WA0129201288004003035297275
B1908583700978N11922552WA0129201289004003035316294
B1908593700983N11922556WA0129401291004003036328313
B1909003700987N11922558WA0129601292004003034352335
B1909013700993N11922558WA0129701291004003039010002
B1909023701000N11922556WA0129601291004003039024023
B1909033701006N11922550WA0129501290004003047039049
B1909043701011N11922541WA0129501290004003053059067
B1909053701012N11922532WA0129401291004003053084094
B1909063701012N11922523WA0129401291004003049115128
B1909073701008N11922518WA0129401292004003043132153
B1909083701004N11922514WA0129501293004003031150164
B1909093701000N11922512WA0129701295004003031161171
B1909103700996N11922511WA0129801296004003028164170
B1909113700992N11922510WA0129901297004003026163172
B1909123700988N11922509WA0130001299004003026169179
B1909133700985N11922508WA0130101300004003026186192
B1909143700982N11922510WA0130301302004003023212209
B1909153700979N11922513WA0130401302004003020240235
B1909163700979N11922515WA0130401301004003015258236
B1909173700978N11922518WA0130301301004003016254231
B1909183700977N11922521WA0130201299004003016238228
B1909193700975N11922524WA0130001298004003018225218
B1909203700972N11922527WA0130001297004003026212216
B1909213700968N11922529WA0130001298004003027187194
B1909223700964N11922528WA0130001298004003027166172
B1909233700960N11922525WA0130001297004003028143157
B1909243700957N11922521WA0129901296004003035132146
B1909253700953N11922515WA0129801295004003036132144
B1909263700949N11922511WA0129701294004003036138144
B1909273700945N11922507WA0129601293004003036143145
B1909283700941N11922503WA0129501292004003033142150
B1909293700937N11922499WA0129401291004003033136152
B1909303700934N11922494WA0129201290004003033132147
B1909313700931N11922490WA0129201288004003032128145
B1909323700928N11922485WA0129001287004003032131164
B1909333700924N11922481WA0128801285004003035138159
B1909343700919N11922477WA0128701283004003035144173
B1909353700915N11922473WA0128601283004003037144180
B1909363700910N11922468WA0128601284004003036142175
B1909373700906N11922464WA0128801285004003036143169
B1909383700902N11922461WA0128901287004003036147160
B1909393700896N11922457WA0129201289004003038150160
B1909403700891N11922453WA0129401292004003041153175
B1909413700885N11922450WA0129701296004003041153176
B1909423700881N11922447WA0130101300004003040152186
B1909433700877N11922445WA0130401300004003033157205
B1909443700874N11922444WA0130501299004003021177210
B1909453700870N11922445WA0130501299004003024200223
B1909463700867N11922448WA0130501299004003024220240
B1909473700865N11922452WA0130501301004003024247251
B1909483700866N11922456WA0130601302004003019287266
B1909493700868N11922458WA0130601302004003020334285
B1909503700872N11922458WA0130601302004003020007315
B1909513700877N11922456WA0130701303004003028018339
B1909523700883N11922453WA0130701304004003040028001
B1909533700887N11922448WA0130801305004003043046020
B1909543700892N11922441WA0130701305004003043069061
B1909553700895N11922430WA0131001306004003056081091
B1909563700895N11922419WA0131201308004003054096099
B1909573700893N11922410WA0131401311004003054106127
B1909583700890N11922403WA0131601314004003046119147
B1909593700886N11922399WA0131801315004003036136156
B1910003700883N11922396WA0131801315004003028156174
B1910013700879N11922395WA0131701314004003029171190
B1910023700874N11922395WA0131601314004003029183205
B1910033700869N11922395WA0131601315004003030193206
B1910043700865N11922397WA0131701315004003027198214
B1910053700861N11922399WA0131701316004003027206227
B1910063700859N11922402WA0131801317004003024221241
B1910073700857N11922405WA0131801316004003021243255
B1910083700857N11922409WA0131701316004003022262268
B1910093700857N11922413WA0131701316004003022275279
B1910103700858N11922417WA0131701316004003022282275
B1910113700859N11922421WA0131601315004003022291283
B1910123700860N11922425WA0131601315004003023303288
B1910133700863N11922428WA0131401314004003029319303
B1910143700868N11922432WA0131401314004003029331323
B1910153700873N11922435WA0131501315004003037349340
B1910163700879N11922435WA0131801315004003033014007
B1910173700884N11922432WA0132001315004003037050027
B1910183700887N11922426WA0132001315004003037066055
B1910193700888N11922417WA0132001316004003043080065
B1910203700888N11922408WA0132001317004003045090088
B1910213700887N11922399WA0131901317004003045102110
B1910223700884N11922391WA0131801317004003045121138
B1910233700878N11922384WA0131701315004003047139159
B1910243700872N11922379WA0131801317004003046154169
B1910253700866N11922376WA0132001319004003046156173
B1910263700861N11922373WA0132201319004003038151176
B1910273700857N11922371WA0132401320004003030143170
B1910283700855N11922368WA0132401320004003026145169
B1910293700851N11922366WA0132101319004003031158180
B1910303700846N11922364WA0131801316004003031171182
B1910313700840N11922364WA0131701317004003036186186
B1910323700835N11922365WA0131801318004003030186191
B1910333700831N11922365WA0132001320004003030173188
B1910343700827N11922364WA0132001320004003027155181
B1910353700824N11922361WA0132001319004003027153178
B1910363700819N11922359WA0131801318004003031162190
B1910373700815N11922359WA0131701316004003031181206
B1910383700811N11922360WA0131601315004003028204221
B1910393700808N11922363WA0131501314004003025219233
B1910403700806N11922366WA0131401313004003024232241
B1910413700805N11922370WA0131301312004003021256258
B1910423700805N11922374WA0131201312004003024284279
B1910433700807N11922379WA0131001310004003024302289
B1910443700810N11922384WA0130801308004003030308286
B1910453700814N11922389WA0130801308004003035307289
B1910463700817N11922394WA0130801308004003031305291
B1910473700819N11922398WA0130701307004003031304292
B1910483700821N11922402WA0130601306004003027308295
B1910493700824N11922406WA0130601305004003027318294
B1910503700828N11922409WA0130401304004003029325314
B1910513700833N11922413WA0130401303004003037332313
B1910523700838N11922416WA0130401304004003038339315
B1910533700844N11922417WA0130401304004003037344328
B1910543700848N11922419WA0130401304004003036345316
B1910553700852N11922421WA0130401304004003027334289
B1910563700855N11922424WA0130201302004003027311280
B1910573700857N11922429WA0130001299004003027290276
B1910583700858N11922434WA0129801298004003027286277
B1910593700860N11922439WA0129801297004003031294276
B1911003700862N11922444WA0129801297004003031303283
B1911013700864N11922449WA0129801297004003030303279
B1911023700866N11922453WA0129701297004003028297276
B1911033700868N11922458WA0129601295004003027292272
B1911043700869N11922463WA0129501294004003029291272
B1911053700871N11922468WA0129401293004003029292272
B1911063700873N11922473WA0129401293004003029292273
B1911073700874N11922478WA0129301293004003028289270
B1911083700875N11922483WA0129401293004003028283264
B1911093700876N11922487WA0129401293004003026277267
B1911103700876N11922491WA0129301292004003023276264
B1911113700877N11922496WA0129201291004003024278263
B1911123700877N11922501WA0129101289004003027279264
B1911133700878N11922506WA0129001288004003027277265
B1911143700878N11922512WA0128901287004003029273259
B1911153700878N11922517WA0128801287004003027266252
B1911163700877N11922522WA0128801286004003027257245
B1911173700876N11922526WA0128701285004003026249242
B1911183700874N11922531WA0128601284004003026241239
B1911193700872N11922535WA0128501283004003028237238
B1911203700870N11922540WA0128401283004003028237234
B1911213700868N11922544WA0128401283004003027241243
B1911223700866N11922548WA0128401283004003026245246
B1911233700865N11922553WA0128401283004003025247245
B1911243700863N11922557WA0128401282004003025244243
B1911253700862N11922561WA0128301281004003025241239
B1911263700859N11922566WA0128201280004003026240239
B1911273700857N11922571WA0128101280004003033239233
B1911283700854N11922576WA0128101280004003033234230
B1911293700851N11922581WA0128201281004003033227228
B1911303700848N11922584WA0128401283004003030223225
B1911313700846N11922588WA0128501284004003025229232
B1911323700844N11922592WA0128501284004003025239242
B1911333700842N11922596WA0128501284004003025243247
B1911343700840N11922600WA0128501284004003025237239
B1911353700837N11922603WA0128501284004003026224229
B1911363700834N11922606WA0128501284004003028212221
B1911373700830N11922609WA0128601284004003028207213
B1911383700826N11922611WA0128601284004003030207208
B1911393700822N11922614WA0128701284004003031212213
B1911403700819N11922618WA0128701285004003031219226
B1911413700815N11922622WA0128701285004003030222233
B1911423700812N11922625WA0128701285004003030219234
B1911433700808N11922628WA0128701285004003029212225
B1911443700804N11922631WA0128601284004003030214227
B1911453700801N11922635WA0128601283004003030221240
B1911463700798N11922639WA0128501284004003030231236
B1911473700795N11922644WA0128601284004003034232226
B1911483700791N11922649WA0128701286004003034228224
B1911493700788N11922653WA0128801288004003034219231
B1911503700784N11922656WA0129001289004003031212227
B1911513700780N11922659WA0129001289004003030214225
B1911523700777N11922663WA0129001288004003031221231
B1911533700773N11922667WA0128901288004003031228237
B1911543700771N11922672WA0128901288004003032232236
B1911553700768N11922677WA0129001289004003030232236
B1911563700765N11922681WA0129101291004003030232235
B1911573700763N11922685WA0129201291004003027236244
B1911583700762N11922689WA0129201291004003025248259
B1911593700761N11922693WA0129201291004003022271272
B1912003700762N11922697WA0129201290004003023291288
B1912013700764N11922700WA0129101290004003023314305
B1912023700768N11922703WA0129101290004003024336322
B1912033700772N11922703WA0129101289004003029356337
B1912043700777N11922703WA0129101289004003032011350
B1912053700781N11922701WA0129101289004003032021000
B1912063700786N11922698WA0129001290004003034025357
B1912073700791N11922695WA0129101290004003036025353
B1912083700796N11922692WA0129101290004003036016346
B1912093700800N11922692WA0129101290004003033008344
B1912103700804N11922691WA0129101289004003029004331
B1912113700808N11922691WA0128901288004003028010336
B1912123700813N11922689WA0128801286004003033012338
B1912133700818N11922688WA0128501283004003033010340
B1912143700824N11922687WA0128401282004003037005332
B1912153700829N11922687WA0128401282004003035359332
B1912163700834N11922687WA0128401283004003035359332
B1912173700839N11922687WA0128401283004003032002334
B1912183700844N11922686WA0128401282004003032005342
B1912193700849N11922686WA0128401282004003036006337
B1912203700855N11922685WA0128401283004003036003339
B1912213700860N11922685WA0128401283004003035001338
B1912223700864N11922685WA0128401283004003033001325
B1912233700869N11922684WA0128301281004003034001330
B1912243700875N11922684WA0128101278004003037001338
B1912253700881N11922684WA0127801276004003037000329
B1912263700886N11922684WA0127701274004003037356322
B1912273700892N11922685WA0127601273004003036350322
B1912283700897N11922687WA0127501272004003036345322
B1912293700902N11922689WA0127401272004003036348324
B1912303700908N11922689WA0127301271004003036354323
B1912313700913N11922689WA0127301271004003036359325
B1912323700918N11922690WA0127301270004003036357317
B1912333700923N11922690WA0127101269004003035349316
B1912343700929N11922692WA0127001268004003035340314
B1912353700934N11922695WA0127101269004003035338319
B1912363700938N11922697WA0127201270004003035338316
B1912373700942N11922699WA0127301271004003031332314
B1912383700945N11922702WA0127301270004003026317303
B1912393700947N11922705WA0127201268004003024308296
B1912403700949N11922709WA0127001268004003025310297
B1912413700953N11922712WA0126701265004003025319301
B1912423700957N11922716WA0126501263004003029325300
B1912433700961N11922720WA0126401262004003033323298
B1912443700964N11922724WA0126301261004003031314300
B1912453700967N11922728WA0126301261004003031309302
B1912463700969N11922732WA0126301261004003027311298
B1912473700972N11922735WA0126201260004003025324303
B1912483700976N11922737WA0126201258004003028339311
B1912493700980N11922738WA0126001257004003029350319
B1912503700985N11922738WA0125901255004003029355323
B1912513700989N11922739WA0125701254005003030353323
B1912523700994N11922740WA0125501252004003030351317
B1912533700998N11922740WA0125401251004003029353315
B1912543701002N11922741WA0125401250004003031000324
B1912553701007N11922740WA0125301249004003031009338
B1912563701012N11922738WA0125201248004003034017346
B1912573701018N11922736WA0125101247004003036019354
B1912583701023N11922734WA0124901245004003036015350
B1912593701028N11922733WA0124801244004003036009342
B1913003701033N11922732WA0124701243004003036007345
B1913013701039N11922731WA0124601242004003036010348
B1913023701044N11922729WA0124501240004003037014352
B1913033701049N11922727WA0124401240004003037021002
B1913043701054N11922723WA0124301239004003037033026
B1913053701058N11922718WA0124201237004003039049043
B1913063701062N11922712WA0124101237004003045071071
B1913073701063N11922703WA0123901235004003045087093
B1913083701061N11922694WA0123701233004003047103106
B1913093701059N11922685WA0123701234004003048115117
B1913103701056N11922677WA0123801235004003048115112
B1913113701053N11922670WA0124001236004003045114115
B1913123701051N11922664WA0124101237004003041112123
B1913133701048N11922658WA0124201237004003034116127
B1913143701046N11922653WA0124001236004003035130144
B1913153701041N11922648WA0123801233004003035143157
B1913163701035N11922644WA0123601231004003040151156
B1913173701029N11922640WA0123601232004003042148155
B1913183701025N11922636WA0123701233004003042138149
B1913193701021N11922631WA0123801233004003038126136
B1913203701018N11922626WA0123701232004003036124130
B1913213701015N11922620WA0123501231004003041127133
B1913223701011N11922613WA0123201230004003047132139
B1913233701006N11922606WA0123001230004003047135138
B1913243701001N11922600WA0123101230004003047132141
B1913253700997N11922595WA0123301232004003037125136
B1913263700995N11922589WA0123501232004003037116129
B1913273700993N11922583WA0123501231004003035114142
B1913283700990N11922577WA0123301230004003035121151
B1913293700987N11922572WA0123201228004003037132145
B1913303700983N11922567WA0123201228004003037140151
B1913313700979N11922564WA0123301229004003033137153
B1913323700977N11922561WA0123501230004003029133155
B1913333700974N11922557WA0123601231004003023135171
B1913343700971N11922555WA0123501230004003025148183
B1913353700967N11922553WA0123401228004003025161173
B1913363700963N11922551WA0123301228004003028161163
B1913373700958N11922549WA0123401229004003034151161
B1913383700954N11922544WA0123501231004003037138164
B1913393700950N11922540WA0123701232004003036128157
B1913403700947N11922535WA0124001234004003036130154
B1913413700943N11922530WA0124201236004003031138158
B1913423700940N11922527WA0124401237004003031148174
B1913433700936N11922525WA0124401239004003028157181
B1913443700932N11922524WA0124601241004003028168184
B1913453700928N11922523WA0124901244004003026178191
B1913463700924N11922524WA0125201248004003026194214
B1913473700922N11922526WA0125501251004003021214227
B1913483700921N11922528WA0125801254004003017239248
B1913493700920N11922531WA0126001255004003019261262
B1913503700920N11922535WA0126101257004003024284278
B1913513700923N11922540WA0126301259004003024308310
B1913523700926N11922544WA0126401258004003029337334
B1913533700932N11922544WA0126301257004003040003354
B1913543700939N11922540WA0126301257004003048032023
B1913553700944N11922533WA0126201257004003048054050
B1913563700946N11922523WA0126301258004003052077074
B1913573700947N11922514WA0126501259004003046098092
B1913583700945N11922507WA0126901263004003046109125
B1913593700942N11922502WA0127101266004003038126141
B1914003700939N11922498WA0127401269004003032143161
B1914013700934N11922495WA0127601270004003030151175
B1914023700931N11922493WA0128001274004003030154180
B1914033700927N11922491WA0128301278004003026163189
B1914043700924N11922491WA0128601281004003023178201
B1914053700921N11922491WA0128801284004003023190206
B1914063700917N11922492WA0129101284004003023197216
B1914073700914N11922494WA0129301286004003021207231
B1914083700913N11922495WA0129501286004003014248249
B1914093700914N11922497WA0129501287004003017301269
B1914103700916N11922501WA0129401288004003030313289
B1914113700920N11922506WA0129301289004003030320312
B1914123700925N11922510WA0129501290004003035337322
B1914133700930N11922510WA0129701293004003031008342
B1914143700935N11922508WA0129801292004003037043012
B1914153700940N11922501WA0129801293004003037050019
B1914163700944N11922494WA0129801294004003044040026
B1914173700950N11922488WA0130001296004003051030021
B1914183700957N11922483WA0130401299004003051031022
B1914193700962N11922478WA0130801305004003048042046
B1914203700967N11922472WA0131201305004003044065081
B1914213700968N11922465WA0131301306004003043088102
B1914223700967N11922457WA0131301307004003043104125
B1914233700963N11922450WA0131401310004003043125143
B1914243700959N11922445WA0131701313004003040145164
B1914253700955N11922443WA0131901314004003024173192
B1914263700952N11922444WA0132101318004003024204210
B1914273700950N11922447WA0132401322004003020228228
B1914283700948N11922449WA0132801327004003018233227
B1914293700948N11922451WA0133201331004003008242231
B1914303700947N11922452WA0133601335004003009266241
B1914313700947N11922454WA0133701335004003009278247
B1914323700948N11922458WA0133801336004003015288256
B1914333700950N11922463WA0133801337004003027289267
B1914343700951N11922468WA0134001339004003027285274
B1914353700952N11922472WA0134001339004003026272280
B1914363700951N11922475WA0134001340004003019262272
B1914373700951N11922477WA0134001338004003015275275
B1914383700952N11922481WA0133701336004003020298291
B1914393700955N11922484WA0133501334004003020315304
B1914403700958N11922488WA0133401334004003028326313
B1914413700963N11922490WA0133401334005003030339322
B1914423700967N11922491WA0133401334004003030358336
B1914433700972N11922490WA0133301334004003030015358
B1914443700977N11922487WA0133201332004003033028019
B1914453700981N11922482WA0133101331004003041043047
B1914463700985N11922475WA0132901328004003045066072
B1914473700987N11922467WA0132601328004003045096102
B1914483700983N11922457WA0132301324004003050120137
B1914493700978N11922449WA0132001324004003050156158
B1914503700971N11922447WA0131901325004003043182184
B1914513700964N11922449WA0132101326004003043183205
B1914523700961N11922450WA0132501327004003028164194
B1914533700958N11922448WA0132701326004003022148183
B1914543700955N11922446WA0132701326004003025154181
B1914553700951N11922444WA0132401324004003030168188
B1914563700946N11922444WA0132101321004003030180196
B1914573700940N11922444WA0131901322004003034181192
B1914583700934N11922444WA0131901322004003035171186
B1914593700930N11922442WA0132001323004003032159179
B1915003700926N11922440WA0132101323004003032151170
B1915013700922N11922437WA0132101322004003030151174
B1915023700918N11922435WA0131901320004003030158184
B1915033700912N11922433WA0131701318004003038166186
B1915043700907N11922431WA0131601318004003038171180
B1915053700902N11922431WA0131701319004003035169184
B1915063700898N11922429WA0131801320004003031160183
B1915073700894N11922427WA0131901321004003031153173
B1915083700889N11922424WA0131901321004003035156172
B1915093700884N11922422WA0132001322004003035167176
B1915103700878N11922421WA0132201323004003037179185
B1915113700872N11922421WA0132701325004003030180188
B1915123700869N11922421WA0133101330004003030169180
B1915133700865N11922419WA0133401330004003029141164
B1915143700862N11922415WA0133501331004003029137164
B1915153700857N11922410WA0133401331004003038146171
B1915163700852N11922408WA0133501333004003038165191
B1915173700846N11922408WA0133601335004003037191199
B1915183700843N11922411WA0133901338004003033212215
B1915193700841N11922414WA0134201341004003018227222
B1915203700839N11922416WA0134301342004003018220218
B1915213700837N11922417WA0134301342004003018204204
B1915223700833N11922419WA0134301342004003019198201
B1915233700830N11922420WA0134201342004003028198206
B1915243700826N11922422WA0134301343004003028204216
B1915253700822N11922424WA0134401345004003028213231
B1915263700820N11922427WA0134501346004003024233250
B1915273700820N11922431WA0134701348004003018269264
B1915283700821N11922434WA0134801349004003021306287
B1915293700824N11922437WA0134901349004003021332299
B1915303700828N11922439WA0135001351004003028339302
B1915313700834N11922441WA0135101352004003036348319
B1915323700839N11922442WA0135101353004003037354333
B1915333700845N11922441WA0135301354004003037008349
B1915343700851N11922439WA0135401354004003039024006
B1915353700857N11922434WA0135301353004003051038043
B1915363700863N11922426WA0135201352004003057054069
B1915373700866N11922416WA0135301352004003057074075
B1915383700865N11922405WA0135201354004003057096101
B1915393700864N11922396WA0135401355004003046117127
B1915403700860N11922390WA0135701358004003046128142
B1915413700856N11922386WA0135901361004003040141165
B1915423700852N11922383WA0136101364004003033155178
B1915433700848N11922382WA0136301365004003022172188
B1915443700845N11922383WA0136401366004003022198211
B1915453700843N11922385WA0136401367004003018219221
B1915463700841N11922387WA0136501368004003018229225
B1915473700838N11922391WA0136801371004003025227232
B1915483700836N11922394WA0137101375004003025224227
B1915493700834N11922397WA0137501379004003024233237
B1915503700832N11922400WA0137801379004003020269261
B1915513700833N11922403WA0138001379004003020300280
B1915523700835N11922407WA0138101380004003023306295
B1915533700838N11922410WA0138001380004003023308302
B1915543700840N11922413WA0138101381004003023324301
B1915553700843N11922415WA0138101382004003024344317
B1915563700848N11922415WA0138001381004003031002336
B1915573700853N11922413WA0137901381004003031017357
B1915583700859N11922411WA0137901381004003037030014
B1915593700865N11922405WA0138001383004003046039021
B1916003700869N11922398WA0138101384004003047050038
B1916013700873N11922391WA0138201385004003047062044
B1916023700876N11922383WA0138301386004003047069052
B1916033700878N11922373WA0138301387004003052071071
B1916043700881N11922364WA0138401387004003052071074
B1916053700883N11922355WA0138501388004003052080076
B1916063700883N11922346WA0138501389004003049091100
B1916073700882N11922337WA0138601390004003047105114
B1916083700878N11922329WA0138701391004003047119135
B1916093700875N11922324WA0138801392004003044135158
B1916103700870N11922321WA0138901393004003038153168
B1916113700866N11922319WA0139001393004003028172189
B1916123700862N11922319WA0139001394004003028181207
B1916133700858N11922320WA0139101395004003025187209
B1916143700855N11922321WA0139101395004003025199208
B1916153700851N11922324WA0139101396004003027211222
B1916163700848N11922327WA0139201397004003028221233
B1916173700845N11922331WA0139401399004003028223228
B1916183700842N11922334WA0139601402004003028218235
B1916193700839N11922336WA0139801405004003021210232
B1916203700837N11922338WA0140101407004003021213240
B1916213700835N11922340WA0140101406004003018230266
B1916223700833N11922343WA0140101406004003018255261
B1916233700834N11922349WA0140101405004003030272268
B1916243700834N11922355WA0140001405004003035278266
B1916253700835N11922362WA0140101406004003035281261
B1916263700837N11922368WA0140301409004003035284270
B1916273700838N11922374WA0140501411004003031286267
B1916283700839N11922379WA0140601412004003031287268
B1916293700841N11922385WA0140701413004003031287273
B1916303700843N11922391WA0140701414004003033288273
B1916313700844N11922397WA0140801414004003030288280
B1916323700845N11922402WA0140901415004003030288280
B1916333700847N11922407WA0141001415004003028288277
B1916343700848N11922411WA0140901414004003026289277
B1916353700850N11922416WA0140701413004003030292290
B1916363700852N11922422WA0140401411004003036293289
B1916373700854N11922429WA0140301412004003036290291
B1916383700855N11922435WA0140401413004003036285287
B1916393700856N11922441WA0140501413004003027275282
B1916403700856N11922445WA0140601413004003027270270
B1916413700856N11922449WA0140501412004003023275261
B1916423700857N11922454WA0140301409004003023278263
B1916433700857N11922459WA0140001409004003032279272
B1916443700858N11922465WA0139901408004003032277264
B1916453700859N11922470WA0139901407004003031275257
B1916463700859N11922474WA0139901407004003026276261
B1916473700859N11922478WA0139901406004003017282262
B1916483700860N11922481WA0139701404004003019286261
B1916493700861N11922485WA0139401401004003019283265
B1916503700862N11922491WA0139101398004003025279266
B1916513700863N11922497WA0139001398004003036281266
B1916523700864N11922504WA0139001399004003036295272
B1916533700867N11922508WA0139201400004003033308290
B1916543700870N11922512WA0139201399004003029317298
B1916553700873N11922515WA0139201399004003027314294
B1916563700876N11922520WA0139001397004003031308288
B1916573700879N11922525WA0138901396004003035308295
B1916583700883N11922530WA0138901396004003035313305
B1916593700886N11922534WA0139001397004003035318299
B1917003700890N11922538WA0139101398004003031319296
B1917013700893N11922541WA0139201399004003031313291
B1917023700895N11922545WA0139101398004003028300276
B1917033700897N11922550WA0139001396004003028289265
B1917043700898N11922556WA0138901396004003028280265
B1917053700898N11922560WA0138901396004003022269265
B1917063700898N11922563WA0139001397004003022261258
B1917073700897N11922566WA0139001396004003018258254
B1917083700897N11922570WA0138801394004003018263265
B1917093700897N11922574WA0138601392004003022273262
B1917103700898N11922578WA0138501391004003026277260
B1917113700898N11922584WA0138401390004003026277261
B1917123700898N11922588WA0138401390004003026273272
B1917133700899N11922592WA0138401390004003018272265
B1917143700899N11922595WA0138401390004003018281265
B1917153700900N11922599WA0138301388004003018292279
B1917163700902N11922603WA0138101386004003021299284
B1917173700904N11922608WA0138001385004003031304288
B1917183700907N11922612WA0137901385004003031308293
B1917193700910N11922617WA0138001386004003031313290
B1917203700913N11922620WA0138001386004003030315289
B1917213700916N11922624WA0138101386004003026309292
B1917223700918N11922628WA0138101387004003026301288
B1917233700919N11922632WA0138101386004003024299285
B1917243700922N11922636WA0138001386004003024304286
B1917253700924N11922640WA0138001385004003029307286
B1917263700927N11922645WA0138001385004003032301279
B1917273700929N11922650WA0138001386004003031289274
B1917283700930N11922656WA0138101387004003031282268
B1917293700931N11922661WA0138301389004003028283271
B1917303700933N11922665WA0138401390004003028295284
B1917313700935N11922669WA0138401390004003026312297
B1917323700938N11922672WA0138401389004003026325307
B1917333700941N11922675WA0138401389004003030331310
B1917343700946N11922678WA0138401389004003031331301
B1917353700949N11922681WA0138401390004003030324286
B1917363700952N11922684WA0138401390004003029304269
B1917373700953N11922688WA0138301389004003024276261
B1917383700953N11922693WA0138301388004003026261245
B1917393700952N11922698WA0138201388004003026252238
B1917403700950N11922703WA0138201389004003026251244
B1917413700949N11922707WA0138301389004003026253248
B1917423700948N11922712WA0138301389004003027258249
B1917433700948N11922717WA0138201389004003027262253
B1917443700947N11922722WA0138201388004003027272259
B1917453700948N11922727WA0138101387004003026287275
B1917463700951N11922731WA0137901385004003028302294
B1917473700954N11922736WA0137701383004003028317311
B1917483700958N11922739WA0137601381004003031332323
B1917493700963N11922741WA0137501380004003037345330
B1917503700968N11922742WA0137501381005003037353342
B1917513700973N11922742WA0137501381004003035357344
B1917523700978N11922742WA0137501381004003031358339
B1917533700982N11922743WA0137501380004003032358335
B1917543700987N11922743WA0137401379004003034356334
B1917553700992N11922743WA0137301379004003034354334
B1917563700997N11922744WA0137301379004003034352336
B1917573701002N11922745WA0137301378004003033351333
B1917583701007N11922746WA0137201377004003034352333
B1917593701012N11922747WA0137101377004003034353337
B1918003701018N11922748WA0137101376004003035353332
B1918013701023N11922748WA0137001375004003035351325
B1918023701028N11922750WA0136901374004003036347320
B1918033701034N11922752WA0136701372004003036342324
B1918043701039N11922754WA0136601371004003038342326
B1918053701045N11922756WA0136501371004003038344328
B1918063701050N11922758WA0136601371004003038343326
B1918073701054N11922760WA0136601371004003033337323
B1918083701057N11922762WA0136401369004003028331313
B1918093701061N11922765WA0136201366004003031328309
B1918103701065N11922768WA0136001364004003034326309
B1918113701069N11922772WA0135901363004003034321309
B1918123701073N11922777WA0135701362004003034314296
B1918133701076N11922781WA0135601361004003031308285
B1918143701079N11922786WA0135501359004003031309292
B1918153701082N11922790WA0135401357004003031316301
B1918163701086N11922794WA0135201355004003031321296
B1918173701090N11922798WA0135001353004003036319294
B1918183701094N11922803WA0134801352004003036312295
B1918193701097N11922807WA0134701350004003034308294
B1918203701100N11922812WA0134501348004003032312293
B1918213701103N11922816WA0134301346004003033320295
B1918223701108N11922820WA0134101343004003035322304
B1918233701112N11922824WA0133801341004003035318301
B1918243701116N11922829WA0133601339004003038314300
B1918253701120N11922834WA0133601339004003038319292
B1918263701125N11922838WA0133501338004003039333307
B1918273701130N11922841WA0133301337004003039351334
B1918283701137N11922841WA0133001336004003041359340
B1918293701144N11922841WA0132801336004003043356333
B1918303701151N11922842WA0132701335004003043348324
B1918313701156N11922844WA0132701334004003040339313
B1918323701160N11922846WA0132701333004003036336307
B1918333701165N11922848WA0132601331004003031338311
B1918343701169N11922850WA0132501329004003031338307
B1918353701173N11922853WA0132301327004003031332303
B1918363701178N11922856WA0132101325004003032325303
B1918373701182N11922860WA0131901323004003033319292
B1918383701185N11922864WA0131801321004003033316285
B1918393701188N11922869WA0131601319004003032309288
B1918403701191N11922874WA0131401317004003032304288
B1918413701194N11922879WA0131301316004003032305289
B1918423701197N11922883WA0131101314004003032314295
B1918433701201N11922887WA0131001312004003032320301
B1918443701205N11922891WA0130801310004003033320294
B1918453701208N11922895WA0130701308004003032312287
B1918463701211N11922900WA0130501306004003032303278
B1918473701213N11922906WA0130301304004003032296275
B1918483701215N11922911WA0130101303004003033296274
B1918493701218N11922917WA0130101302004003036301281
B1918503701221N11922923WA0130001301004003036307281
B1918513701225N11922928WA0129901300004003036310282
B1918523701228N11922933WA0129801299004003036311284
B1918533701232N11922938WA0129701297004003036311283
B1918543701235N11922943WA0129501296004003037314294
B1918553701240N11922947WA0129401294004003036320297
B1918563701244N11922951WA0129201292004003036326307
B1918573701248N11922954WA0129001290004003033330316
B1918583701253N11922957WA0128801288004003034335316
B1918593701258N11922959WA0128601285004003034341320
B1919003701264N11922961WA0128301282004003037346327
B1919013701270N11922963WA0128001279004003041349330
B1919023701276N11922964WA0127701276004003041351340
B1919033701282N11922964WA0127501274004003041357353
B1919043701288N11922964WA0127301271004003038009013
B1919053701294N11922962WA0126901270004003038029027
B1919063701299N11922958WA0126501270004003048049039
B1919073701303N11922949WA0126001265004003048065060
B1919083701304N11922941WA0125701262004003046085083
B1919093701304N11922932WA0125501262004003041110111
B1919103701301N11922927WA0125301261004003028124133
B1919113701298N11922924WA0125301260004003028128142
B1919123701296N11922920WA0125301259004003026124138
B1919133701294N11922916WA0125201258004003026115131
B1919143701292N11922911WA0124901255004003029114128
B1919153701290N11922906WA0124701252004003030117126
B1919163701287N11922901WA0124401249004003030124135
B1919173701284N11922896WA0124101246004003031128142
B1919183701281N11922891WA0123901243004003034129141
B1919193701278N11922887WA0123801241004003034128138
B1919203701275N11922882WA0123701239004003032124136
B1919213701273N11922878WA0123501237004003029120140
B1919223701271N11922873WA0123301235004003028119145
B1919233701269N11922868WA0123101232004003031122143
B1919243701266N11922863WA0122801229004003031126141
B1919253701262N11922858WA0122601227004003035130148
B1919263701259N11922853WA0122601227004003034133152
B1919273701255N11922849WA0122601226004003034136151
B1919283701253N11922846WA0122601226004003030134155
B1919293701250N11922842WA0122601225004003027130155
B1919303701247N11922838WA0122401223004003029128154
B1919313701244N11922833WA0122301221004003031129149
B1919323701241N11922829WA0122101219004003031133148
B1919333701238N11922825WA0122001219004003032135150
B1919343701234N11922820WA0122001219004003032133146
B1919353701231N11922816WA0122001219004003032128150
B1919363701229N11922811WA0122001218004003030123141
B1919373701226N11922807WA0121801216004003029124145
B1919383701224N11922803WA0121601213004003030131148
B1919393701220N11922799WA0121401210004003032136151
B1919403701216N11922795WA0121201208004003032138152
B1919413701213N11922791WA0121101207004003032136150
B1919423701209N11922786WA0121001206004003032129142
B1919433701206N11922781WA0120901205004003035125146
B1919443701203N11922776WA0120801204004003035124143
B1919453701200N11922770WA0120801203004003038123140
B1919463701197N11922764WA0120701203004003037120136
B1919473701195N11922758WA0120701203004003037121141
B1919483701192N11922753WA0120601201004003034130154
B1919493701188N11922749WA0120501200004003031139152
B1919503701185N11922746WA0120501199004003031139145
B1919513701181N11922742WA0120401198004003031136155
B1919523701178N11922738WA0120301198004003030140172
B1919533701174N11922736WA0120101197004003029150175
B1919543701170N11922733WA0120101196004003030158179
B1919553701166N11922731WA0120001195004003031161178
B1919563701162N11922730WA0120001195004003030158179
B1919573701158N11922728WA0120001195004003028158176
B1919583701155N11922726WA0119901194004003024159175
B1919593701151N11922725WA0119801192004003026161175
B1920003701147N11922723WA0119601190004003026161176
B1920013701143N11922721WA0119401189004003028163178
B1920023701139N11922720WA0119301188004003030165180
B1920033701134N11922719WA0119301188004003030169185
B1920043701130N11922718WA0119201187004003028172185
B1920053701127N11922718WA0119201187004003026171182
B1920063701123N11922716WA0119101185004003027165177
B1920073701119N11922715WA0119001184004003029159176
B1920083701114N11922712WA0118901183004003029159174
B1920093701110N11922711WA0118801183004003029164177
B1920103701106N11922710WA0118701182004003028175183
B1920113701102N11922710WA0118601181004003028183194
B1920123701098N11922711WA0118501180004003028186193
B1920133701093N11922710WA0118501179004003028172181
B1920143701089N11922708WA0118401179004003032156179
B1920153701085N11922705WA0118401178004003033151172
B1920163701080N11922703WA0118401178004003032157175
B1920173701076N11922701WA0118401178004003031161178
B1920183701073N11922700WA0118301178004003026156177
B1920193701069N11922697WA0118301177004003028141165
B1920203701066N11922693WA0118201177004003028134163
B1920213701063N11922690WA0118101176004003028137171
B1920223701060N11922687WA0118001174004003026154177
B1920233701056N11922686WA0118001173004003029168177
B1920243701051N11922685WA0118001173004003029166175
B1920253701047N11922683WA0118001174004003031153167
B1920263701043N11922679WA0118101175004003033139147
B1920273701039N11922674WA0118101175004003033133147
B1920283701036N11922670WA0118201176004003033133144
B1920293701034N11922667WA0118201176004003029133142
B1920303701031N11922663WA0118201176004003030136157
B1920313701027N11922659WA0118101175004003034142157
B1920323701022N11922655WA0118201176004003034148156
B1920333701018N11922652WA0118501178004003034147161
B1920343701015N11922648WA0118601181004003028134163
B1920353701013N11922644WA0118701182004003028120150
B1920363701011N11922639WA0118801182004003028114137
B1920373701009N11922634WA0118701180004003029119146
B1920383701006N11922630WA0118501177004003031130151
B1920393701002N11922625WA0118201175004003035137158
B1920403700998N11922621WA0118001175004003035135152
B1920413700994N11922616WA0118001176004003036135152
B1920423700990N11922611WA0118101177004003031136155
B1920433700987N11922608WA0118201177004003031141163
B1920443700984N11922606WA0118201177004003026146166
B1920453700981N11922603WA0118101175004003026149165
B1920463700978N11922601WA0118101175004003029149162
B1920473700974N11922598WA0118001175004003031145159
B1920483700970N11922594WA0118001176004003031142154
B1920493700966N11922590WA0118201177004003031141152
B1920503700963N11922587WA0118301177004003029146163
B1920513700959N11922585WA0118301177004003029157168
B1920523700954N11922583WA0118301178004003029165166
B1920533700950N11922582WA0118401179004003031163174
B1920543700946N11922579WA0118501180004003029151174
B1920553700942N11922577WA0118601180004003029141161
B1920563700939N11922573WA0118601179004003027146163
B1920573700935N11922571WA0118501178004003027155172
B1920583700931N11922569WA0118401177004003032162177
B1920593700926N11922567WA0118301176004003034158167
B1921003700922N11922564WA0118401178004003032146161
B1921013700919N11922560WA0118501179004003032134161
B1921023700916N11922556WA0118501178004003027132158
B1921033700913N11922553WA0118601178004003027139155
B1921043700910N11922550WA0118401175004003026152178
B1921053700906N11922549WA0118201174004003026169188
B1921063700902N11922549WA0118001172004003029179196
B1921073700897N11922549WA0118001172004003031182192
B1921083700892N11922549WA0118001173004003031180182
B1921093700888N11922549WA0118201175004003031180184
B1921103700884N11922549WA0118401177004003030174186
B1921113700880N11922548WA0118601179004003024165176
B1921123700877N11922546WA0118701179004003027156170
B1921133700873N11922544WA0118701179004003027153169
B1921143700868N11922541WA0118601179004003030154169
B1921153700863N11922538WA0118601179004003035155173
B1921163700859N11922536WA0118701180004003035157181
B1921173700854N11922533WA0118801181004003034159179
B1921183700850N11922532WA0118901182004003031160175
B1921193700847N11922530WA0118901182004003026158174
B1921203700844N11922529WA0118701181004003025155170
B1921213700840N11922526WA0118501178004003030156167
B1921223700835N11922524WA0118301175004003030156171
B1921233700831N11922521WA0118101175004003034154176
B1921243700827N11922519WA0118101174004003034150171
B1921253700823N11922515WA0118001173004003030145171
B1921263700819N11922512WA0117901171004003030147166
B1921273700815N11922510WA0117801171004003030152169
B1921283700811N11922507WA0117701170004003030155174
B1921293700807N11922505WA0117701170004003026153174
B1921303700804N11922503WA0117801170004003026146165
B1921313700801N11922500WA0117701169004003026139161
B1921323700798N11922496WA0117601168004003027137163
B1921333700795N11922493WA0117401165004003029142166
B1921343700791N11922490WA0117101162004003030155175
B1921353700786N11922488WA0116801159004003030168183
B1921363700780N11922487WA0116701160004003035172185
B1921373700774N11922486WA0116801161004003036163180
B1921383700770N11922484WA0117101163004003036145174
B1921393700767N11922479WA0117401165004003033130168
B1921403700764N11922474WA0117601165004003033122141
B1921413700761N11922469WA0117701166004003034126156
B1921423700757N11922464WA0117601167004003034137174
B1921433700754N11922460WA0117701168004003034151167
B1921443700749N11922458WA0117901170004003033161179
B1921453700745N11922457WA0118201174004003025170194
B1921463700742N11922457WA0118501177004003025187212
B1921473700740N11922459WA0118701179004003019214233
B1921483700738N11922462WA0118801180004003019241248
B1921493700737N11922466WA0118901181004003024264262
B1921503700738N11922471WA0119001183004003026296291
B1921513700742N11922474WA0119101183004003026331310
B1921523700748N11922476WA0119101183004003032352329
B1921533700754N11922476WA0119201184004003045000335
B1921543700761N11922476WA0119401186004003045357334
B1921553700766N11922477WA0119601189004003043349329
B1921563700771N11922479WA0119801191004003037342314
B1921573700776N11922481WA0119901192004003034339306
B1921583700781N11922484WA0120001193004003035334302
B1921593700785N11922487WA0120101194004003034327296
B1922003700789N11922491WA0120201196004003033317281
B1922013700792N11922494WA0120501196004003026304274
B1922023700793N11922498WA0120701200004003026292273
B1922033700794N11922502WA0121001203004003022290277
B1922043700796N11922504WA0121201205004003019309298
B1922053700798N11922507WA0121301205004003030332318
B1922063700804N11922510WA0121301205004003042347323
B1922073700811N11922510WA0121501207004003042002347
B1922083700818N11922507WA0121701210004003048023024
B1922093700823N11922501WA0122001212004003048044057
B1922103700827N11922493WA0122101213004003049068069
B1922113700827N11922484WA0122101214004003049093095
B1922123700824N11922475WA0122001214004003049118117
B1922133700820N11922468WA0122101215004003046136135
B1922143700815N11922463WA0122401217004003046134152
B1922153700812N11922458WA0122901222004003040127149
B1922163700809N11922454WA0123201222004003032128155
B1922173700807N11922451WA0123201221004003025143170
B1922183700804N11922448WA0123101221004003029163186
B1922193700799N11922448WA0123001221004003029177187
B1922203700794N11922448WA0123001223004003031184202
B1922213700790N11922449WA0123301226004003023194200
B1922223700787N11922450WA0123701228004003023232214
B1922233700786N11922453WA0123901229004003014270255
B1922243700787N11922456WA0124001229004003014290271
B1922253700789N11922460WA0124101231004003024302275
B1922263700792N11922464WA0124201234004003025316291
B1922273700795N11922467WA0124301236004003025332311
B1922283700800N11922468WA0124401237004003029350331
B1922293700806N11922469WA0124501238004003046008359
B1922303700813N11922466WA0124601239004003049026029
B1922313700819N11922459WA0124701240004003049048049
B1922323700824N11922450WA0124601239004003052071077
B1922333700824N11922439WA0124601239004003055093101
B1922343700823N11922430WA0124801240004003055123123
B1922353700817N11922424WA0124701241004003050140151
B1922363700812N11922421WA0124801243004003042162172
B1922373700808N11922421WA0124901246004003024174192
B1922383700805N11922420WA0125101248004003024171199
B1922393700801N11922419WA0125301249004003020170194
B1922403700798N11922419WA0125401249004003020185197
B1922413700794N11922421WA0125301249004003027203218
B1922423700790N11922424WA0125401250004003031223225
B1922433700787N11922428WA0125601252004003027244240
B1922443700786N11922433WA0125901255004003027262264
B1922453700787N11922437WA0126101257004003024291288
B1922463700790N11922442WA0126301259004003029310302
B1922473700794N11922445WA0126401260004003029325306
B1922483700798N11922448WA0126601262004003032339325
B1922493700804N11922449WA0126701264004003037354344
B1922503700810N11922449WA0126801265004003040008004
B1922513700816N11922446WA0126901266004003040024019
B1922523700821N11922440WA0127001267004003043043030
B1922533700825N11922432WA0126901267004003050063051
B1922543700827N11922423WA0126901267004003050082074
B1922553700826N11922415WA0127001268004003048101101
B1922563700823N11922408WA0127101269004003044118128
B1922573700820N11922403WA0127301271004003032139149
B1922583700816N11922401WA0127401272004003032159173
B1922593700812N11922400WA0127501274004003029176186
B1923003700808N11922401WA0127701275004003028189197
B1923013700804N11922403WA0127901278004003024208215
B1923023700802N11922406WA0128201281004003024227222
B1923033700800N11922409WA0128501284004003023246236
B1923043700799N11922414WA0128701285004003023266257
B1923053700800N11922417WA0128901286004003021286274
B1923063700802N11922421WA0129001287004003025307295
B1923073700806N11922425WA0129001288004003025327321
B1923083700811N11922428WA0129001288004003033351337
B1923093700818N11922427WA0129101289004003045011001
B1923103700824N11922423WA0129301291004003046035031
B1923113700828N11922416WA0129401292004003045060054
B1923123700829N11922408WA0129501293004003044087074
B1923133700827N11922400WA0129601295004003043110109
B1923143700824N11922394WA0129701297004003039127131
B1923153700820N11922389WA0130101301004003039139149
B1923163700817N11922386WA0130401301004003033150172
B1923173700814N11922384WA0130701303004003027153190
B1923183700811N11922383WA0131001303004003021166197
B1923193700808N11922383WA0131101304004003021190211
B1923203700805N11922385WA0131101305004003020215243
B1923213700804N11922389WA0131101306004003020255260
B1923223700804N11922395WA0131101307004003026285282
B1923233700806N11922400WA0131301308004003037320299
B1923243700812N11922404WA0131601311004003037348329
B1923253700818N11922405WA0131901312004003037013349
B1923263700824N11922402WA0132101314004003037032014
B1923273700829N11922396WA0132301318004003044040038
B1923283700833N11922389WA0132401322004003047055056
B1923293700837N11922381WA0132701323004003047073078
B1923303700837N11922371WA0132801325004003050090103
B1923313700835N11922362WA0133101329004003050107127
B1923323700832N11922354WA0133401333004003050123138
B1923333700828N11922349WA0133801338004003043139160
B1923343700824N11922346WA0134101341004003034155186
B1923353700821N11922345WA0134301343004003023162192
B1923363700817N11922344WA0134401345004003023163195
B1923373700814N11922342WA0134401345004003023169200
B1923383700810N11922343WA0134501347004003024187213
B1923393700806N11922344WA0134601349004003028203226
B1923403700803N11922347WA0134901352004003028218237
B1923413700802N11922349WA0135201355004003021256262
B1923423700802N11922352WA0135301354004003019309280
B1923433700805N11922354WA0135301353004003026330307
B1923443700810N11922356WA0135201353004003035351329
B1923453700816N11922355WA0135201354004003035011358
B1923463700823N11922351WA0135301354004003043029023
B1923473700829N11922344WA0135301355004003058049048
B1923483700833N11922333WA0135401356004003061068075
B1923493700835N11922323WA0135501357004003059095095
B1923503700834N11922313WA0136101359004003059109114
B1923513700831N11922305WA0136601365004003041107122
B1923523700829N11922298WA0136901366004003041095119
B1923533700829N11922292WA0136901366004003038090108
B1923543700829N11922284WA0136801366004003038100115
B1923553700827N11922276WA0136601367004003051112124
B1923563700823N11922267WA0136501368004003051120138
B1923573700819N11922259WA0136601370004003050126146
B1923583700815N11922253WA0136701370004003044134159
B1923593700811N11922250WA0136701370004003032147168
B1924003700806N11922248WA0136601368004003032164181
B1924013700802N11922248WA0136501367004003031176194
B1924023700797N11922248WA0136401367004003030183204
B1924033700794N11922248WA0136401367004003024190210
B1924043700791N11922249WA0136301367004003024197216
B1924053700788N11922251WA0136201365004003021211232
B1924063700786N11922253WA0136101364004003018220240
B1924073700784N11922256WA0135901362004003021231243
B1924083700783N11922260WA0135701361004003023243246
B1924093700781N11922264WA0135701361004003022254254
B1924103700781N11922267WA0135801361004003022265261
B1924113700781N11922270WA0135801362004003015269259
B1924123700781N11922273WA0135901362004003015260252
B1924133700780N11922276WA0135801362004003015249246
B1924143700779N11922278WA0135701361004003015247245
B1924153700779N11922281WA0135601360004003018256251
B1924163700778N11922285WA0135501359004003020265260
B1924173700778N11922289WA0135501358004003020272260
B1924183700779N11922293WA0135601359004003020276263
B1924193700779N11922296WA0135801362004003016280257
B1924203700780N11922299WA0136001365004003016281247
B1924213700780N11922301WA0136201366004003013271246
B1924223700780N11922304WA0136101365004003013253247
B1924233700778N11922307WA0136001364004003019240246
B1924243700777N11922310WA0136001365004003021244245
B1924253700776N11922314WA0136101366004003019264254
B1924263700777N11922317WA0136301368004003019292267
B1924273700779N11922320WA0136401369004003019303271
B1924283700780N11922323WA0136401369004003019297269
B1924293700781N11922327WA0136401369004003019287264
B1924303700782N11922331WA0136301369004003020289269
B1924313700784N11922334WA0136301369004003025304278
B1924323700787N11922338WA0136401369004003029328291
B1924333700792N11922340WA0136501369004003029345299
B1924343700796N11922341WA0136501370004003029348305
B1924353700800N11922342WA0136501370004003026341295
B1924363700804N11922344WA0136501370004003028332288
B1924373700808N11922347WA0136501370004003028332294
B1924383700812N11922349WA0136501370004003031337304
B1924393700816N11922351WA0136501370004003030343309
B1924403700820N11922352WA0136601371004003030349305
B1924413700825N11922353WA0136601371005003029353308
B1924423700829N11922353WA0136601370004003029355320
B1924433700834N11922354WA0136401369004003035359334
B1924443700840N11922353WA0136301368004003041009343
B1924453700847N11922350WA0136201367004003041023010
B1924463700853N11922344WA0136201366004003047042035
B1924473700857N11922335WA0136201366004003055062056
B1924483700859N11922325WA0136201366004003055079080
B1924493700860N11922315WA0136201366004003054095104
B1924503700858N11922306WA0136101366004003052103116
B1924513700856N11922298WA0136201366004003047109123
B1924523700853N11922290WA0136201366004003047111126
B1924533700851N11922282WA0136201366004003046110120
B1924543700849N11922274WA0136301367004003046106124
B1924553700847N11922265WA0136401368004003047104133
B1924563700845N11922256WA0136501370004003045110128
B1924573700842N11922250WA0136701372004003045122137
B1924583700838N11922245WA0136801373004003040136166
B1924593700833N11922241WA0136901374004003035146173
B1925003700829N11922238WA0137001375004003036148167
B1925013700824N11922234WA0137101377004003036148172
B1925023700820N11922230WA0137301378004003036147179
B1925033700816N11922228WA0137501380004003034154187
B1925043700812N11922226WA0137501379004003028170196
B1925053700808N11922226WA0137501379004003028179209
B1925063700804N11922226WA0137401378004003025182207
B1925073700801N11922226WA0137301377004003022172204
B1925083700798N11922225WA0137201375004003025165205
B1925093700794N11922223WA0136901372004003028164189
B1925103700789N11922222WA0136701370004003028168196
B1925113700785N11922221WA0136501368004003028173200
B1925123700780N11922221WA0136301367004003032180208
B1925133700776N11922222WA0136301367004003032185205
B1925143700773N11922222WA0136401367004003026189209
B1925153700770N11922223WA0136201365004003021185216
B1925163700766N11922223WA0136001363004003027177202
B1925173700761N11922222WA0135801361004003035169187
B1925183700756N11922220WA0135701360004003035163189
B1925193700746N11922215WA0135601359004003036158185
B1925203700741N11922213WA0135501358004003033159190
B1925213700736N11922211WA0135401357004003035159178
B1925223700731N11922208WA0135301356004003035156169
B1925233700725N11922205WA0135201354004003040152176
B1925243700719N11922201WA0135101354004003044150176
B1925253700713N11922197WA0135101355004003044150172
B1925263700708N11922193WA0135201355004003042148174
B1925273700703N11922189WA0135101354004003042145173
B1925283700697N11922184WA0135101353004003044144163
B1925293700692N11922179WA0134901351004003046144171
B1925303700686N11922174WA0134801351004003045146171
B1925313700681N11922170WA0134701350004003045148173
B1925323700675N11922166WA0134601349004003041150178
B1925333700670N11922163WA0134601348004003041154181
B1925343700665N11922161WA0134501347004003038162189
B1925353700661N11922160WA0134401346004003032176205
B1925363700658N11922161WA0134301345004003021195225
B1925373700655N11922162WA0134101343004003021205238
B1925383700653N11922164WA0133901341004003020209230
B1925393700650N11922166WA0133701338004003020212232
B1925403700648N11922168WA0133401336004003022214239
B1925413700645N11922171WA0133201333004003023214233
B1925423700642N11922173WA0133001331004003023213230
B1925433700639N11922176WA0132701329004003024216231
B1925443700636N11922179WA0132501327004003027220231
B1925453700633N11922183WA0132401325004003027227236
B1925463700631N11922186WA0132301324004003025245251
B1925473700631N11922189WA0132101321004003020274274
B1925483700633N11922193WA0131801318004003021303289
B1925493700635N11922196WA0131501315004003026319293
B1925503700639N11922199WA0131301313004003026323299
B1925513700642N11922202WA0131001311004003028321302
B1925523700645N11922205WA0130901309004003025320297
B1925533700648N11922208WA0130801308004003025318296
B1925543700650N11922211WA0130601306004003023319297
B1925553700653N11922214WA0130501304004003023320296
B1925563700657N11922217WA0130301303004003029319295
B1925573700660N11922221WA0130201302004003029318296
B1925583700663N11922224WA0130201302004003029316295
B1925593700665N11922228WA0130201302004003026318288
B1926003700668N11922231WA0130101300004003025321281
B1926013700672N11922234WA0129901298004003029321288
B1926033700675N11922238WA0129701296004003029318291
B1926043700679N11922242WA0129501296004003032312285
B1926053700682N11922246WA0129601297004003027300277
B1926063700683N11922250WA0129701298004003027291274
B1926073700684N11922254WA0129801300004003024287267
B1926083700685N11922258WA0130001301004003021289256
B1926093700686N11922261WA0130201302004003018287266
B1926103700686N11922264WA0130101302004003018276270
B1926113700686N11922267WA0130101302004003018270257
B1926123700686N11922271WA0130201303004003018270250
B1926133700686N11922274WA0130201303004003016275268
B1926143700687N11922277WA0130201303004003016293282
B1926153700688N11922279WA0130101302004003014317275
B1926163700690N11922280WA0130001301004003014327287
B1926173700694N11922283WA0129901299004003028329299
B1926183700698N11922286WA0129901300004003032326287
B1926193700702N11922290WA0130001301004003032324287
B1926203700705N11922293WA0130201303004003032323292
B1926213700708N11922295WA0130301304004003019324296
B1926223700710N11922297WA0130301303004003019339292
B1926233700712N11922297WA0130201302004003019344293
B1926243700716N11922299WA0130001301004003020335298
B1926253700721N11922302WA0129801299004003038326290
B1926263700726N11922307WA0129801300004003038322299
B1926273700730N11922311WA0130001301004003037323285
B1926283700734N11922314WA0130301303004003033324290
B1926293700737N11922317WA0130401303004003025323288
B1926303700739N11922320WA0130501304004003025317278
B1926313700742N11922323WA0130501303004003025312278
B1926323700745N11922328WA0130401302004003027313287
B1926333700749N11922332WA0130301303004003037317294
B1926343700753N11922337WA0130501305004003037314285
B1926353700755N11922341WA0130701308004003034300275
B1926363700756N11922345WA0131001311004003027278257
B1926373700756N11922349WA0131201314004003020270253
B1926383700756N11922353WA0131501316004003020277258
B1926393700757N11922356WA0131701319004003020285267
B1926403700758N11922360WA0131901321004003021285258
B1926413700759N11922365WA0132201324004003023280259
B1926423700759N11922369WA0132301326004003023272256
B1926433700759N11922373WA0132501328004003023275274
B1926443700761N11922378WA0132701329004003023295289
B1926453700762N11922381WA0132601328004003030327314
B1926463700767N11922384WA0132501328004003036357341
B1926473700773N11922381WA0132401326004003036021005
B1926483700779N11922376WA0132301325004003043043022
B1926493700783N11922368WA0132301325004003049060042
B1926503700786N11922359WA0132301325004003049072054
B1926513700788N11922352WA0132201324004003046071055
B1926523700790N11922344WA0132101323004003046069057
B1926533700793N11922335WA0132001321004003049074068
B1926543700794N11922325WA0131801321004003054092086
B1926553700792N11922315WA0131601319004003054106109
B1926563700789N11922306WA0131601320004003054129134
B1926573700784N11922300WA0131801322004003042146143
B1926583700778N11922297WA0132101323004003042168178
B1926593700774N11922298WA0132301325004003032180189
B1927003700770N11922298WA0132601327004003028186192
B1927013700765N11922299WA0132801331004003031185187
B1927023700760N11922299WA0133201335004003032179179
B1927033700755N11922300WA0133501336004003031181206
B1927043700752N11922300WA0133801339004003027196228
B1927053700750N11922302WA0134001339004003016240250
B1927063700749N11922306WA0134001339004003018281279
B1927073700752N11922310WA0134101340004003018310293
B1927083700756N11922313WA0134301343004003025333326
B1927093700760N11922313WA0134501346004003031004349
B1927103700765N11922312WA0134601346004003042042019
B1927113700770N11922306WA0134501345004003042072060
B1927123700771N11922293WA0134401344004003056090083
B1927133700769N11922280WA0134601346004003060114110
B1927143700765N11922270WA0135101348004003060137139
B1927153700760N11922266WA0135601348004003042151174
B1927163700757N11922265WA0135801348004003028166203
B1927173700754N11922265WA0135801347004003017192222
B1927183700751N11922267WA0135701348004003022197214
B1927193700747N11922269WA0135601350004003022194200
B1927203700743N11922271WA0135501351004003024193205
B1927213700740N11922272WA0135401351004003021200210
B1927223700737N11922274WA0135401351004003021219226
B1927233700735N11922278WA0135201350004003021240245
B1927243700734N11922283WA0135001348004003025255257
B1927253700735N11922295WA0134801348004003030293288
B1927263700738N11922299WA0134801348004003030324316
B1927273700742N11922300WA0134701348004003030347331
B1927283700748N11922300WA0134701347004003031002347
B1927293700754N11922299WA0134601347004003043015001
B1927303700760N11922295WA0134701348004003045033026
B1927313700764N11922289WA0134701349004003045052051
B1927323700767N11922280WA0134701348004003046073066
B1927333700767N11922271WA0134601348004003048093088
B1927343700765N11922263WA0134501348004003044115117
B1927353700762N11922257WA0134501348004003044146147
B1927363700757N11922255WA0134501346004003035170183
B1927373700753N11922256WA0134301346004003028196207
B1927383700750N11922259WA0134001345004003026225222
B1927393700748N11922264WA0133701342004003029242241
B1927403700747N11922270WA0133601341004003029259249
B1927413700747N11922275WA0133501339004003029274261
B1927423700748N11922281WA0133401339004003030282276
B1927433700749N11922287WA0133401339004003030285273
B1927443700750N11922292WA0133501340004003029285270
B1927453700751N11922296WA0133501340004003027283271
B1927463700751N11922300WA0133501340004003023282271
B1927473700752N11922305WA0133401339004003025285269
B1927483700754N11922309WA0133301337004003025289272
B1927493700756N11922315WA0133201336004003028295276
B1927503700758N11922319WA0133201337004003028300279
B1927513700760N11922323WA0133301338004003028304274
B1927523700762N11922327WA0133401338004003025306274
B1927533700764N11922331WA0133401339004003024305273
B1927543700766N11922334WA0133401338004003025300270
B1927553700768N11922339WA0133301337004003029294260
B1927563700769N11922345WA0133301337004003029290262
B1927573700771N11922350WA0133301338004003030282268
B1927593700772N11922355WA0133401340004003026279267
B1928003700772N11922359WA0133701342004003026286252
B1928013700774N11922363WA0133901343004003022301272
B1928023700775N11922366WA0133901343004003022316293
B1928033700778N11922369WA0133801342004003027321292
B1928043700782N11922372WA0133601340004003031325295
B1928053700787N11922375WA0133601340004003031329294
B1928063700792N11922379WA0133501340004003037331305
B1928073700797N11922382WA0133601341004003035330301
B1928083700801N11922385WA0133701342004003035326286
B1928093700804N11922389WA0133701341004003031320284
B1928103700807N11922392WA0133701341004003028315280
B1928113700810N11922396WA0133601340004003030313280
B1928123700813N11922400WA0133601340004003030314285
B1928133700816N11922404WA0133501340004003030314287
B1928143700819N11922408WA0133501339004003029314285
B1928153700822N11922412WA0133401338004003030312283
B1928163700826N11922417WA0133401338004003033309283
B1928173700829N11922422WA0133401339004003033310287
B1928183700832N11922426WA0133501340004003033312283
B1928193700836N11922431WA0133601341004003033316286
B1928203700840N11922435WA0133701342004003033319295
B1928213700843N11922439WA0133801343004003033317291
B1928223700847N11922443WA0133801343004003033316292
B1928233700851N11922448WA0134001345004003034315283
B1928243700854N11922452WA0134201348004003034313280
B1928253700857N11922456WA0134401350004003032307277
B1928263700858N11922460WA0134601352004003027300273
B1928273700860N11922464WA0134701352004003026303277
B1928283700863N11922468WA0134701353004003031313290
B1928293700867N11922472WA0134701353004003031321293
B1928303700872N11922476WA0134801354004003035322296
B1928313700875N11922480WA0134901355004003033321289
B1928323700879N11922484WA0135001356004003033318277
B1928333700882N11922488WA0135101357004003032310271
B1928343700885N11922493WA0135201358004003032299278
B1928353700886N11922498WA0135401360004003027289269
B1928363700887N11922503WA0135601363004003027286267
B1928373700889N11922507WA0135801365004003026294272
B1928383700891N11922512WA0136001367004003026308286
B1928393700895N11922516WA0136201369004003034321296
B1928403700900N11922519WA0136401371004003038331304
B1928413700905N11922522WA0136601374004003038341320
B1928423700912N11922524WA0136901375004003041356342
B1928433700919N11922523WA0137201377004003046010009
B1928443700925N11922519WA0137301379004003050030028
B1928453700931N11922512WA0137501380004003050049050
B1928463700934N11922503WA0137501381004003051070071
B1928473700934N11922494WA0137701383004003048095089
B1928483700931N11922486WA0137801385004003048116111
B1928493700929N11922480WA0138201386004003041134137
B1928503700925N11922477WA0138601390004003034133151
B1928513700923N11922473WA0138901395004003023123156
B1928523700921N11922470WA0139101397004003023125160
B1928533700919N11922467WA0139301398004003023144170
B1928543700915N11922466WA0139301398004003023167188
B1928553700911N11922465WA0139301399004003031191199
B1928563700906N11922467WA0139501401004003031206210
B1928573700903N11922470WA0139801405004003029215223
B1928583700901N11922473WA0140101408004003022228229
B1928593700900N11922475WA0140301408004003014243236
B1929003700899N11922478WA0140301408004003017257247
B1929013700899N11922482WA0140301407004003017268247
B1929023700900N11922487WA0140201407004003023281268
B1929033700901N11922493WA0140201408004003035291267
B1929043700903N11922499WA0140401410004003035293274
B1929053700905N11922504WA0140801415004003033298277
B1929063700908N11922508WA0141201420004003028308280
B1929073700911N11922512WA0141501420004003031320298
B1929083700915N11922516WA0141701420004003037324299
B1929093700920N11922520WA0141801423004003037325305
B1929103700925N11922525WA0142101425004003039324306
B1929113700930N11922528WA0142501431004003033334315
B1929123700934N11922530WA0143001431004003033002328
B1929133700939N11922529WA0143201431004003033017350
B1929143700945N11922526WA0143201432004003037021010
B1929153700952N11922521WA0143201434004003052025014
B1929163700959N11922516WA0143301436004003056036030
B1929173700965N11922508WA0143401437004003056052062
B1929183700968N11922498WA0143401439004003057072081
B1929193700970N11922488WA0143501440004003048093099
B1929203700969N11922479WA0143901442004003048105118
B1929213700967N11922474WA0144201446004003037109135
B1929223700966N11922470WA0144401449004003028111140
B1929233700964N11922466WA0144601451004003025115149
B1929243700962N11922462WA0144601452004003030129156
B1929253700958N11922458WA0144701454004003030144159
B1929263700953N11922454WA0144901455004003030163192
B1929273700949N11922454WA0145301460004003024182199
B1929283700946N11922455WA0145701461004003024221221
B1929293700945N11922458WA0146001462004003016260250
B1929303700947N11922463WA0146201464004003016293276
B1929313700952N11922472WA0146501470004003030317293
B1929323700956N11922475WA0146801474004003032326308
B1929333700961N11922478WA0147001477004003032337317
B1929343700966N11922480WA0147101479004003034352329
B1929353700972N11922479WA0147201481004003041006347
B1929363700979N11922477WA0147401482004003047015002
B1929373700986N11922474WA0147501483004003047020017
B1929383700993N11922470WA0147601486004003051030028
B1929393700999N11922463WA0147801488004003053044051
B1929403701003N11922454WA0147901489004003054064080
B1929413701005N11922445WA0148001490004003054083100
B1929423701004N11922436WA0148001490004003050099117
B1929433701002N11922429WA0148101491004003045112131
B1929443700999N11922422WA0148201493004003039118141
B1929453700996N11922416WA0148301494004003039120148
B1929463700993N11922410WA0148401496004003037124154
B1929473700990N11922405WA0148601498004003036132158
B1929483700986N11922401WA0148801500004003032141161
B1929493700983N11922399WA0149001502004003032155180
B1929503700980N11922399WA0149101503004003024187199
B1929513700978N11922400WA0149201503004003015229219
B1929523700977N11922403WA0149001502004003019240234
B1929533700976N11922407WA0148901501004003026239219
B1929543700973N11922412WA0149001502004003026239233
B1929563700971N11922418WA0149301504004003031242236
B1929573700969N11922422WA0149701510004003024244239
B1929583700968N11922425WA0150201515004003024238233
B1929593700967N11922428WA0150501515004003017224227
B1930003700965N11922430WA0150801517004003017218224
B1930013700962N11922432WA0150901519004003019220225
B1930023700960N11922435WA0151101522004003021234233
B1930033700959N11922439WA0151301526004003021255243
B1930043700960N11922443WA0151601528004003022281258
B1930053700962N11922447WA0151801531004003028303280
B1930063700965N11922452WA0152001533004003036316294
B1930073700970N11922456WA0152201535004003036327316
B1930083700976N11922459WA0152401537004003040341330
B1930093700983N11922461WA0152601539004003049355338
B1930103700991N11922460WA0152801542004003052004353
B1930113700998N11922458WA0153101545004003050010354
B1930123701005N11922456WA0153301548004003050012343
B1930133701012N11922455WA0153501548004003040000326
B1930143701017N11922456WA0153601548004003040348320
B1930153701023N11922458WA0153701549004003040345320
B1930163701029N11922460WA0153701550004003040351333
B1930173701036N11922460WA0153801550004003048002352
B1930183701044N11922459WA0153701550004003052017009
B1930193701051N11922454WA0153701550004003052025027
B1930203701058N11922449WA0153601549004003052034037
B1930213701063N11922443WA0153501548004003049046054
B1930223701067N11922435WA0153301546004003052059075
B1930233701070N11922425WA0153101544004003052071086
B1930243701072N11922416WA0153101544004003052077094
B1930253701073N11922407WA0153101545004003046077105
B1930263701075N11922400WA0153101544004003046077102
B1930273701075N11922392WA0153101543004003042085097
B1930283701075N11922385WA0152901541004003040099110
B1930293701073N11922377WA0152701540004003048112119
B1930303701070N11922368WA0152601542004003048116127
B1930313701067N11922361WA0152701542004003048116140
B1930323701064N11922355WA0153001545004003040115154
B1930333701063N11922351WA0153201546004003023116166
B1930343701061N11922348WA0153201546004003023128177
B1930353701059N11922345WA0153101544004003021142178
B1930363701056N11922343WA0152901543004003021145176
B1930373701052N11922340WA0152801542004003027144177
B1930383701049N11922337WA0152901543004003028152180
B1930393701045N11922335WA0153101545004003027159197
B1930403701043N11922334WA0153401548004003024165204
B1930413701041N11922334WA0153601550004003009189213
B1930423701040N11922335WA0153801550004003011207214
B1930433701038N11922336WA0153901551004003011211216
B1930443701036N11922338WA0154101553004003014209222
B1930453701034N11922339WA0154401556004003016200211
B1930463701032N11922340WA0154701560004003016199211
B1930473701030N11922341WA0155001561004003016220216
B1930483701028N11922344WA0155301564004003016244218
B1930493701028N11922348WA0155601567004003020261225
B1930503701027N11922352WA0155801570004003020261229
B1930513701026N11922355WA0155901572004003020250230
B1930523701025N11922357WA0156101574004003017230223
B1930533701024N11922358WA0156301575004003010209217
B1930543701023N11922359WA0156401576004003010204220
B1930553701021N11922360WA0156501577004003010205217
B1930563701020N11922361WA0156601578004003011203221
B1930573701018N11922361WA0156601579004003011193226
B1930583701016N11922362WA0156701580004003012195215
B1930593701015N11922362WA0156801580004003011196210
B1931003701013N11922363WA0156901581004003011190206
B1931013701011N11922363WA0156801580004003014179199
B1931023701009N11922363WA0156801580004003018169193
B1931033701006N11922362WA0156701579004003018163194
B1931043701003N11922361WA0156701579004003020164195
B1931053701001N11922360WA0156701579004003016174202
B1931063700998N11922360WA0156701579004003016194211
B1931073700996N11922362WA0156701578004003015211214
B1931083700995N11922364WA0156601578004003015222217
B1931093700993N11922365WA0156601578004003014221217
B1931103700991N11922367WA0156601578004003014215223
B1931113700990N11922368WA0156601577004003012216218
B1931123700988N11922370WA0156401575004003012225220
B1931133700987N11922373WA0156201572004003021235228
B1931143700984N11922377WA0156001570004003027238227
B1931153700982N11922382WA0156001571004003025234225
B1931163700980N11922385WA0156101573004003025230232
B1931173700979N11922387WA0156101573004003015229232
B1931183700977N11922389WA0156101572004003015236232
B1931193700976N11922392WA0155901569004003015241229
B1931203700974N11922396WA0155601566004003019238225
B1931213700972N11922400WA0155301563004003028232222
B1931223700969N11922404WA0155101561004003028228227
B1931233700966N11922408WA0155001560004003028230226
B1931243700964N11922411WA0154901559004003026241233
B1931253700963N11922415WA0154801557004003023255246
B1931263700963N11922420WA0154501553004003024266250
B1931273700963N11922425WA0154101549004003024269248
B1931283700963N11922430WA0153801546004003027264240
B1931293700962N11922436WA0153501544004003031255244
B1931303700960N11922441WA0153301541004003031252246
B1931313700960N11922446WA0153101539004003028260249
B1931323700959N11922450WA0153001539004003025275255
B1931333700960N11922454WA0152901539004003019271265
B1931343700959N11922457WA0152901539004003019234243
B1931353700956N11922458WA0152701537004003019200212
B1931363700953N11922459WA0152601537004003021193189
B1931373700944N11922461WA0152301533004003027192204
B1931383700940N11922462WA0152101531004003027200221
B1931393700938N11922464WA0151901528004003023220240
B1931403700937N11922468WA0151601524004003022252258
B1931413700937N11922473WA0151201519004003028283272
B1931423700939N11922478WA0150801519004003034312294
B1931433700943N11922482WA0150601519004003034335312
B1931443700948N11922483WA0150501518004003034352331
B1931453700953N11922482WA0150401516004003033010339
B1931463700958N11922481WA0150301513004003034016334
B1931473700963N11922479WA0150101510004003034011329
B1931483700968N11922479WA0149801506004003033000320
B1931493700973N11922479WA0149401506004003033348313
B1931503700979N11922481WA0149101502004003038349320
B1931513700985N11922481WA0148801499004003042357331
B1931523700992N11922481WA0148601496004003042004339
B1931533700998N11922480WA0148401494004003044006338
B1931543701005N11922480WA0148401493004003041000333
B1931563701010N11922481WA0148301492004003041347314
B1931573701014N11922483WA0148201491004003036331299
B1931583701017N11922487WA0148201490004003030313284
B1931593701019N11922491WA0148101488004003025300270
B1932003701021N11922495WA0148001487004003025294273
B1932013701022N11922499WA0148001487004003024296270
B1932023701024N11922503WA0147901486004003024298270
B1932033701026N11922507WA0147901485004003027300290
B1932043701029N11922512WA0147801485004003029307289
B1932053701032N11922516WA0147801484004003029315287
B1932063701036N11922520WA0147801484004003031320297
B1932073701040N11922524WA0147801485004003033322299
B1932083701043N11922528WA0147901485004003033319291
B1932093701046N11922531WA0147901485004003030310278
B1932103701048N11922535WA0147801484004003027293260
B1932113701048N11922539WA0147701483004003023272247
B1932123701048N11922544WA0147601483004003024250237
B1932133701046N11922547WA0147601482004003023233218
B1932143701043N11922550WA0147601482004003024205202
B1932153701038N11922551WA0147501481004003031181194
B1932163701033N11922549WA0147501480004003035165184
B1932173701028N11922547WA0147501480004003033161182
B1932183701024N11922546WA0147501480004003033171184
B1932193701019N11922545WA0147501480004003030176182
B1932203701015N11922545WA0147501480004003030176192
B1932213701011N11922545WA0147601481004003029179198
B1932223701007N11922546WA0147601481004003026195196
B1932233701004N11922548WA0147701480004003026215221
B1932243701001N11922552WA0147501479004003030223232
B1932253700997N11922556WA0147501479004003030217224
B1932263700994N11922559WA0147501479004003030206224
B1932273700990N11922561WA0147501479004003028204216
B1932283700986N11922563WA0147401477004003028206217
B1932293700983N11922565WA0147101474004003026212225
B1932303700979N11922568WA0146801471004003026217227
B1932313700975N11922572WA0146601471004003033218220
B1932323700971N11922576WA0146501470004003033214221
B1932333700967N11922579WA0146401470004003032208221
B1932343700963N11922581WA0146401469004003030202223
B1932353700960N11922583WA0146301467004003024205236
B1932363700958N11922585WA0146101465004003024226256
B1932373700956N11922588WA0145801464004003020262273
B1932383700956N11922592WA0145401463004003020311288
B1932393700960N11922596WA0145101463004003035347310
B1932403700966N11922597WA0145001463004003036023349
B1932413700971N11922591WA0144901461004003036050033
B1932423700973N11922583WA0144701457004003040078066
B1932433700972N11922574WA0144401454004003050103100
B1932443700969N11922565WA0144201451004003051119121
B1932453700965N11922556WA0144101451004003050132128
B1932463700960N11922550WA0144101450004003047132130
B1932473700957N11922545WA0144101449004003041127128
B1932483700953N11922538WA0144001447004003041123128
B1932493700950N11922531WA0143801447004003041123125
B1932503700945N11922524WA0143701445004003043128125
B1932513700940N11922517WA0143701445004003051131133
B1932523700935N11922510WA0143801445004003051133138
B1932533700931N11922505WA0144001445004003043135150
B1932543700927N11922501WA0144101444004003037145161
B1932553700923N11922498WA0144001443004003038154168
B1932563700917N11922496WA0144001442004003039163177
B1932573700911N11922494WA0144001442004003039167189
B1932583700905N11922492WA0144001443004003039164185
B1932593700900N11922489WA0144201444004003041154176
B1933003700895N11922485WA0144301446004003041145169
B1933013700890N11922481WA0144401447004003039140156
B1933023700886N11922476WA0144501447004003038139156
B1933033700881N11922472WA0144401446004003040142164
B1933043700876N11922467WA0144301445004003042144162
B1933053700871N11922462WA0144301445004003042146161
B1933063700865N11922458WA0144401445004003042157172
B1933073700860N11922457WA0144501446004003033168179
B1933083700856N11922457WA0144501447004003033176194
B1933093700851N11922456WA0144601446004003031175185
B1933103700846N11922455WA0144501446004003031169170
B1933113700839N11922453WA0144501445004003045162172
B1933123700833N11922450WA0144501446004003048154176
B1933133700827N11922445WA0144601447004003046146167
B1933143700822N11922440WA0144801450004003046143156
B1933153700817N11922436WA0145001449004003035147161
B1933163700813N11922433WA0145001449004003035157171
B1933173700808N11922432WA0144801448004003035162184
B1933183700802N11922430WA0144601446004003037163174
B1933193700795N11922427WA0144501446004003047163171
B1933203700788N11922425WA0144501446004003047164181
B1933213700783N11922423WA0144501446004003044165192
B1933223700778N11922421WA0144401445004003038162183
B1933233700772N11922419WA0144301443004003038156169
B1933243700767N11922415WA0144001441004003041146163
B1933253700762N11922410WA0143801439004003041143171
B1933263700757N11922405WA0143701439004003041150170
B1933273700751N11922402WA0143701438004003038158173
B1933283700746N11922400WA0143601436004003038162174
B1933293700741N11922398WA0143401435004003038155164
B1933303700735N11922393WA0143201433004003040145159
B1933313700729N11922388WA0143101432004003047144164
B1933323700724N11922384WA0143201433004003047151165
B1933333700718N11922382WA0143301433004003042164177
B1933343700713N11922380WA0143301433004003037167180
B1933353700708N11922379WA0143201431004003037163174
B1933363700702N11922376WA0143101430004003042156171
B1933373700696N11922372WA0143001429004003042155174
B1933383700690N11922370WA0142901429004003042162179
B1933393700685N11922368WA0142901428004003037172187
B1933403700680N11922368WA0142801427004003037177186
B1933413700674N11922368WA0142701426004003036175187
B1933423700669N11922367WA0142501427004003036166187
B1933433700663N11922365WA0142601427004003036161178
B1933443700659N11922362WA0142701427004003033158175
B1933453700654N11922360WA0142701427004003033157178
B1933463700650N11922358WA0142601426004003033157165
B1933473700645N11922355WA0142501424004003033158163
B1933483700640N11922353WA0142401424004003034157168
B1933493700636N11922350WA0142401424004003034154165
B1933503700632N11922348WA0142501425004003032151171
B1933513700628N11922345WA0142501425004003029150171
B1933523700625N11922342WA0142501425004003028151161
B1933533700621N11922340WA0142501424004003030147159
B1933543700617N11922336WA0142501424004003033142169
B1933553700613N11922332WA0142501424004003033142148
B1933563700603N11922325WA0142701425004003037154180
B1933573700598N11922322WA0143001427004003034164175
B1933583700594N11922321WA0143301431004003034177202
B1933593700590N11922322WA0143601432004003027197226
B1934003700588N11922325WA0143801434004003023236247
B1934013700588N11922329WA0143901436004003022263263
B1934023700589N11922334WA0144001438004003025287277
B1934033700591N11922339WA0144101439004003025310303
B1934043700596N11922342WA0144201440004003030333323
B1934053700602N11922344WA0144301442004003041355345
B1934063700608N11922342WA0144501444004003044017011
B1934073700614N11922337WA0144701446004003044038034
B1934083700618N11922330WA0144801447004003045059058
B1934103700620N11922321WA0144801447004003048078078
B1934113700620N11922313WA0144901448004003048099102
B1934123700618N11922304WA0145101449004003048111123
B1934133700615N11922298WA0145401452004003044123140
B1934143700612N11922293WA0145501452004003032147155
B1934153700607N11922291WA0145601453004003032167182
B1934163700602N11922291WA0145701455004003031184198
B1934173700598N11922293WA0145901458004003031197205
B1934183700594N11922295WA0146101460004003028205216
B1934193700590N11922298WA0146301462004003028217224
B1934203700588N11922301WA0146501464004003026232240
B1934213700587N11922305WA0146601466004003023249248
B1934223700586N11922309WA0146701467004003024260255
B1934233700586N11922314WA0146701467004003027265262
B1934243700586N11922320WA0146801468004003027272271
B1934253700586N11922326WA0146901469004003030290285
B1934263700589N11922331WA0147201472004003031312306
B1934273700592N11922334WA0147401472004003033341337
B1934283700598N11922335WA0147501472004003033008353
B1934293700605N11922332WA0147501473004003040023016
B1934303700610N11922326WA0147501474004003045042039
B1934313700615N11922319WA0147501474004003047065059
B1934323700616N11922310WA0147501474004003047085084
B1934333700614N11922301WA0147501475004003049102106
B1934343700612N11922292WA0147601476004003042120123
B1934353700608N11922286WA0147801478004003042131143
B1934363700604N11922283WA0147901480004003036145159
B1934373700600N11922280WA0148001480004003031157168
B1934383700596N11922279WA0148001480004003032169181
B1934393700590N11922279WA0147901480004003034181189
B1934403700585N11922280WA0148001481004003034200209
B1934413700581N11922283WA0148201484004003034217220
B1934423700577N11922288WA0148601488004003033234226
B1934433700575N11922293WA0148901492004003033237245
B1934443700573N11922296WA0149301496004003028231240
B1934453700571N11922299WA0149601496004003021237244
B1934463700570N11922303WA0149701497004003019254261
B1934473700570N11922307WA0149701497004003023287276
B1934483700573N11922312WA0149801499004003023312296
B1934493700578N11922316WA0150001502004003033329313
B1934503700583N11922318WA0150201505004003037345327
B1934513700589N11922320WA0150501505004003038005351
B1934523700595N11922317WA0150701507004003038020020
B1934533700601N11922312WA0150701507004003042036042
B1934543700606N11922305WA0150701508004003052052054
B1934553700609N11922296WA0150701509004003052072074
B1934563700609N11922286WA0150901512004003052096095
B1934573700606N11922279WA0151201516004003048123128
B1934583700602N11922275WA0151501519004003035147160
B1934593700597N11922273WA0151701521004003035166180
B1935003700593N11922272WA0151901523004003032175189
B1935013700589N11922273WA0152201526005003028182199
B1935023700586N11922273WA0152301528004003020199220
B1935033700584N11922275WA0152401527004003020220231
B1935043700581N11922279WA0152301527004003020239252
B1935053700582N11922285WA0152201526004003022273260
B1935063700584N11922291WA0152201526004003037293271
B1935073700588N11922297WA0152301528004003038316299
B1935083700593N11922300WA0152401529004003038339320
B1935093700600N11922301WA0152501531004003040000344
B1935103700606N11922300WA0152601531004003048017011
B1935113700613N11922296WA0152701532004003050026028
B1935123700620N11922291WA0152901533004003050044038
B1935133700625N11922284WA0153101533004003050058068
B1935143700627N11922275WA0153101535004003046074094
B1935153700627N11922267WA0153301536004003046091099
B1935163700626N11922259WA0153401538004003042106119
B1935173700623N11922253WA0153401539004003039120136
B1935183700620N11922248WA0153501540004003036133146
B1935193700615N11922244WA0153601541004003036150171
B1935203700611N11922243WA0153601542004003033173187
B1935213700607N11922244WA0153701543004003030203201
B1935223700605N11922247WA0153901545004003023234217
B1935233700604N11922251WA0154201548004003023257232
B1935243700604N11922254WA0154301550004003019270239
B1935253700604N11922257WA0154501552004003017274248
B1935263700604N11922261WA0154601553004003022276254
B1935273700605N11922266WA0154701554004003028279253
B1935283700606N11922271WA0154701554004003028283266
B1935293700607N11922277WA0154801555004003030287267
B1935303700608N11922282WA0154901556004003028289260
B1935313700610N11922287WA0155001557004003028289255
B1935323700611N11922292WA0155101557004003028289266
B1935333700613N11922297WA0155001557004003028294281
B1935343700616N11922302WA0155001557004003035310310
B1935353700621N11922306WA0155001557004003040336330
B1935363700627N11922308WA0155001557004003040001347
B1935373700635N11922305WA0155101558004003047021014
B1935383700642N11922300WA0155301559004003044033021
B1935393700647N11922295WA0155701560004003044034029
B1935403700650N11922292WA0156001560004003035030023
B1935413700653N11922289WA0156101561004003028036032
B1935423700657N11922286WA0155901560003003037049051
B1935433700661N11922279WA0155601560004003049065071
B1935443700663N11922269WA0155301558004003049078091
B1935453700664N11922259WA0155301559004003049104109
B1935463700661N11922251WA0155301559004003039131140
B1935473700656N11922248WA0155201559004003039156169
B1935483700652N11922248WA0155301559004003031192197
B1935493700649N11922251WA0155401560004003024225223
B1935503700647N11922254WA0155401560004003021237232
B1935513700646N11922257WA0155501562004003018240227
B1935523700645N11922260WA0155501562004003019245227
B1935533700644N11922264WA0155501562004003019251225
B1935543700642N11922268WA0155401561004003020250237
B1935553700641N11922272WA0155301560004003022244237
B1935563700639N11922276WA0155201559004003024240236
B1935573700637N11922279WA0155101557004003024239240
B1935583700636N11922283WA0154901555004003023248247
B1935593700635N11922288WA0154801554004003023260260
B1936003700635N11922293WA0154601554004003026273278
B1936013700636N11922298WA0154501553003003028286290
B1936023700638N11922303WA0154501553003003028305299
B1936033700641N11922306WA0154401552003003028321314
B1936043700645N11922309WA0154301550004003028332320
B1936053700649N11922312WA0154101548004003031331315
B1936063700653N11922315WA0153901545004003032323320
B1936073700657N11922319WA0153601545004003032311298
B1936083700660N11922324WA0153201542003003034310301
B1936093700664N11922329WA0153201540003003035318318
B1936103700668N11922332WA0153101539004003035333323
B1936113700673N11922334WA0152801536004003035342321
B1936123700678N11922336WA0152501533003003035340317
B1936133700684N11922339WA0152201529003003040332313
B1936143700689N11922343WA0151901526004003042332318
B1936153700695N11922346WA0151701525003003042344340
B1936163700702N11922346WA0151701523004003042005354
B1936173700708N11922344WA0151801523004003040017343
B1936183700712N11922342WA0151901523003003040011346
B1936193700717N11922341WA0151701522004003032356332
B1936203700721N11922342WA0151401519003003027348319
B1936213700725N11922343WA0151201516004003029355323
B1936223700729N11922343WA0151001514004003030002331
B1936233700734N11922343WA0150801512003003029356328
B1936243700738N11922344WA0150701510004003029343314
B1936253700742N11922347WA0150601509003003028333306
B1936263700745N11922349WA0150501507004003028331305
B1936273700749N11922351WA0150401506003003026332303
B1936283700752N11922354WA0150301505003003025330303
B1936293700755N11922356WA0150201504004003025324305
B1936303700758N11922359WA0150001502004003025318299
B1936313700760N11922362WA0149901501004003025318298
B1936323700763N11922365WA0149801499004003025322303
B1936333700767N11922368WA0149701498004003026326310
B1936343700770N11922371WA0149601496003003027329316
B1936353700774N11922373WA0149401496004003027336313
B1936363700778N11922375WA0149301494004003029343306
B1936373700783N11922376WA0149101493004003034346307
B1936383700788N11922378WA0149101492004003034344316
B1936393700792N11922380WA0149001492004003030337299
B1936403700794N11922381WA0148901490003003024332296
B1936413700797N11922383WA0148701488003003023335301
B1936423700801N11922385WA0148501485003003028339302
B1936433700806N11922387WA0148301482004003028337300
B1936443700809N11922390WA0148201482004003029326297
B1936453700812N11922393WA0148201481004003024312297
B1936463700814N11922396WA0148101480003003024305284
B1936473700816N11922399WA0148001478003003020317283
B1936483700819N11922401WA0147801476003003020329299
B1936493700822N11922403WA0147701476004003028332315
B1936503700826N11922406WA0147601475004003030333304
B1936513700830N11922408WA0147601475004003030336313
B1936523700834N11922410WA0147601475003003030344318
B1936533700839N11922411WA0147501474004003029350314
B1936543700843N11922412WA0147401473004003030353315
B1936553700848N11922412WA0147301471004003030352317
B1936563700853N11922414WA0147201470004003032348315
B1936573700858N11922415WA0147101469004003033345313
B1936583700862N11922417WA0147001468004003033344311
B1936593700867N11922418WA0147001468003003032343307
B1937003700871N11922420WA0146901467004003030340307
B1937013700875N11922422WA0146801465004003029335304
B1937023700879N11922425WA0146601464003003030331300
B1937033700882N11922428WA0146601463004003029330303
B1937043700886N11922430WA0146501463004003029328293
B1937053700889N11922433WA0146501462004003025322291
B1937063700892N11922436WA0146401461003003025317291
B1937073700894N11922439WA0146301460004003025317284
B1937083700897N11922442WA0146201459003003025319295
B1937093700901N11922446WA0146101457003003027324302
B1937103700904N11922448WA0146001456004003028329298
B1937113700908N11922451WA0145901455004003028334306
B1937123700912N11922453WA0145701453004003028336300
B1937133700916N11922455WA0145601452004003028335298
B1937143700919N11922457WA0145501450004003028329300
B1937153700922N11922460WA0145401450004003027320298
B1937163700925N11922464WA0145301449004003027313294
B1937173700928N11922468WA0145301449004003028312297
B1937183700931N11922472WA0145201448004003030318308
B1937193700935N11922475WA0145001447004003030325311
B1937203700940N11922479WA0144901446004003032324304
B1937213700943N11922483WA0144901444004003034316292
B1937223700947N11922488WA0144701443004003034307293
B1937233700949N11922493WA0144601442004003034306297
B1937243700953N11922498WA0144501441004003034315323
B1937253700957N11922502WA0144501440004003035322312
B1937263700961N11922506WA0144401440004003035319316
B1937273700964N11922510WA0144401441004003033310289
B1937283700967N11922515WA0144301440004003031304283
B1937293700970N11922520WA0144201438004003035305288
B1937303700974N11922525WA0144001437004003040312296
B1937313700978N11922530WA0143901436004003040319309
B1937323700982N11922535WA0144001437004003040321311
B1937333700985N11922538WA0144101437004003023315307
B1937343700987N11922540WA0144001436004003023306282
B1937353700989N11922544WA0143801433003003023310306
B1937363700993N11922547WA0143401429003003023324317
B1937373700997N11922551WA0143201429004003041338320
B1937383701003N11922553WA0143201429004003041348328
B1937393701009N11922554WA0143301430004003040352332
B1937403701014N11922554WA0143401431004003037355326
B1937413701019N11922555WA0143401430004003031353318
B1937423701024N11922556WA0143301429004003033350313
B1937433701029N11922557WA0143101429004003033349323
B1937443701036N11922558WA0143001427003003039351320
B1937453701043N11922559WA0142901427003003047355337
B1937463701050N11922560WA0142901427004003047358341
B1937473701057N11922559WA0142901427004003047001337
B1937483701064N11922559WA0142901427003003047002333
B1937493701071N11922559WA0142901428003003044000328
B1937503701077N11922559WA0143001428003003044357321
B1937513701083N11922560WA0143101429003003041352310
B1937523701088N11922561WA0143101430004003038344302
B1937533701092N11922563WA0143101430004003029334295
B1937543701095N11922566WA0143101430004003029320289
B1937553701098N11922569WA0143001430004003025305283
B1937563701099N11922573WA0143001430004003023296276
B1937573701101N11922577WA0143001430004003022291268
B1937583701102N11922580WA0142901429004003019288265
B1937593701103N11922584WA0142801428004003021294264
B1938003701105N11922587WA0142701426003003021303268
B1938013701107N11922592WA0142501425003003026313285
B1938023701111N11922595WA0142401424004003029326293
B1938033701115N11922597WA0142401424004003028334287
B1938043701118N11922600WA0142201422004003028331288
B1938053701121N11922602WA0142001420004003026320287
B1938063701123N11922605WA0141801418004003024311283
B1938073701126N11922608WA0141701416004003022314284
B1938083701129N11922611WA0141401414004003025324286
B1938093701132N11922614WA0141201411003003027329289
B1938103701135N11922617WA0140901408004003027324293
B1938113701138N11922620WA0140601405004003027311275
B1938123701140N11922624WA0140301402003003023296268
B1938133701141N11922628WA0140001399004003023280260
B1938143701141N11922631WA0139901397004003020264246
B1938153701140N11922635WA0139701395004003020250233
B1938163701138N11922638WA0139501394004003021244233
B1938173701137N11922642WA0139501393004003022246224
B1938183701136N11922646WA0139401393004003022256238
B1938193701136N11922651WA0139401392004003023274262
B1938203701138N11922656WA0139401392004003033297277
B1938213701142N11922662WA0139301392004003042315290
B1938223701147N11922667WA0139301392004003042337312
B1938233701154N11922670WA0139501393004003046346331
B1938243701160N11922671WA0139601395004003041353331
B1938253701166N11922671WA0139701396004003041354332
B1938263701172N11922672WA0139701395004003038353322
B1938273701178N11922673WA0139501393004003038349319
B1938283701184N11922675WA0139301390003003042343325
B1938293701190N11922678WA0139001387004003043338315
B1938303701196N11922681WA0138801384004003042333304
B1938313701202N11922685WA0138601384004003042328304
B1938323701207N11922689WA0138401383003003041325299
B1938333701212N11922694WA0138301381004003042325298
B1938343701217N11922698WA0138201380003003042329305
B1938353701223N11922702WA0138101379004003042331302
B1938363701228N11922706WA0138001379003003040324284
B1938373701233N11922710WA0137901378004003040309272
B1938383701235N11922716WA0137701376004003036296263
B1938393701237N11922722WA0137601374003003034283266
B1938403701238N11922729WA0137301371004003036281264
B1938413701239N11922735WA0137101369004003036284257
B1938423701240N11922742WA0137001367004003036285258
B1938433701241N11922748WA0136801366004003036280253
B1938443701241N11922753WA0136701364004003028270247
B1938453701241N11922758WA0136601362004003028263245
B1938463701241N11922763WA0136401362004003025265247
B1938473701240N11922767WA0136201360003003025269246
B1938483701240N11922773WA0136001357003003028270245
B1938493701240N11922778WA0135801355004003031269248
B1938503701240N11922785WA0135601353004003031268246
B1938513701240N11922791WA0135501352004003032266249
B1938523701240N11922796WA0135401351004003028263247
B1938533701239N11922801WA0135301350004003028256243
B1938543701238N11922805WA0135101347004003023248242
B1938553701236N11922809WA0134901344003003023243235
B1938563701234N11922813WA0134601341003003028241230
B1938573701232N11922818WA0134301339003003029231229
B1938583701228N11922821WA0134101337004003028203216
B1938593701224N11922820WA0134001334004003027163195
B1939003701221N11922815WA0133601330004003035128169
B1939013701219N11922808WA0133301326004003045103137
B1939023701218N11922799WA0133101327003003045088109
B1939033701218N11922789WA0133101327003003045091097
B1939043701217N11922783WA0133101327003003033106106
B1939053701216N11922778WA0133001326004003033125131
B1939063701213N11922775WA0132801324004003028130142
B1939073701210N11922770WA0132601321003003028126139
B1939083701207N11922766WA0132401318004003032123135
B1939093701205N11922761WA0132101314004003034126138
B1939103701201N11922756WA0131901312004003034131144
B1939113701197N11922751WA0131901312004003035136146
B1939123701194N11922747WA0132001314004003029144144
B1939133701191N11922745WA0132101315004003029158153
B1939143701188N11922744WA0132201315004003022178166
B1939153701186N11922744WA0132101314004003017179177
B1939163701183N11922744WA0131901313004003021162167
B1939173701179N11922742WA0131601309004003026149159
B1939183701176N11922739WA0131301305003003026143160
B1939193701172N11922736WA0131001303004003028148167
B1939203701169N11922734WA0130801300003003025160174
B1939213701165N11922734WA0130601298004003025169180
B1939223701162N11922733WA0130401297004003021169183
B1939233701160N11922732WA0130301294004003020165176
B1939243701157N11922731WA0130101292004003019165174
B1939253701154N11922730WA0129901290004003019169182
B1939263701152N11922730WA0129701289004003018170182
B1939273701149N11922729WA0129501287004003016164171
B1939283701147N11922728WA0129301284003003017152164
B1939293701145N11922726WA0129001281003003020141165
B1939303701142N11922723WA0128901282003003020134169
B1939313701140N11922720WA0128901282003003020130164
B1939323701139N11922718WA0128901283004003016129166
B1939333701138N11922715WA0129001283004003016121171
B1939343701137N11922713WA0129001282003003016115165
B1939353701135N11922710WA0128901281004003016115165
B1939363701134N11922706WA0128901280004003025117152
B1939373701132N11922701WA0128901281003003025117146
B1939383701130N11922697WA0128901281004003025110153
B1939393701129N11922692WA0128901281003003025101148
B1939403701129N11922687WA0128901280003003030100143
B1939413701127N11922681WA0128801280004003034111139
B1939423701124N11922676WA0128901281004003033126150
B1939433701121N11922672WA0129001282004003033144176
B1939443701119N11922671WA0129201284003003017174193
B1939453701117N11922672WA0129301283004003017239217
B1939463701116N11922676WA0129201282004003017261227
B1939473701115N11922682WA0129201283004003026260233
B1939483701114N11922687WA0129301286004003023246235
B1939493701113N11922691WA0129501286004003023211198
B1939503701111N11922691WA0129701288004003014182187
B1939513701109N11922690WA0129801289004003012173191
B1939523701107N11922690WA0129801290003003013194201
B1939533701106N11922692WA0129801290004003016221214
B1939543701104N11922695WA0129801290004003016249234
B1939553701103N11922699WA0129801290004003021275267
B1939563701106N11922704WA0129801291004003032304287
B1939573701110N11922709WA0129901291004003037328312
B1939583701116N11922711WA0129901292004003037352336
B1939593701124N11922710WA0129901293004003044011001
B1940003701132N11922707WA0130101293004003058030032
B1940013701140N11922700WA0130301295004003058046060
B1940033701146N11922684WA0130601298004003048091107
B1940043701144N11922676WA0130601298004003042119131
B1940063701136N11922669WA0130701299003003031164175
B1940073701134N11922669WA0130801300004003021184192
B1940093701131N11922671WA0130901302004003013210204
B1940103701129N11922673WA0130801302003003016209209
B1940123701124N11922677WA0130801302004003019229215
B1940133701123N11922685WA0130801304004003024284265
B1940143701126N11922690WA0130801303004003032310289
B1940163701131N11922694WA0130701302004003032332311
B1940173701138N11922696WA0130601302004003043349336
B1940183701147N11922696WA0130701302004003057004356
B1940193701155N11922693WA0130701304004003057021019
B1940203701162N11922689WA0130801304004003057043051
B1940213701167N11922681WA0130701303004003054061078
B1940223701170N11922672WA0130601302004003046084100
B1940233701168N11922664WA0130501301004003046104124
B1940243701165N11922659WA0130401301003003040128144
B1940253701162N11922656WA0130401302003003031146166
B1940263701160N11922655WA0130501304004003015157182
B1940273701158N11922654WA0130601304004003015174193
B1940283701157N11922655WA0130501304004003009215208
B1940293701156N11922656WA0130401302003003009240218
B1940303701155N11922660WA0130301300004003019253226
B1940313701154N11922663WA0130201301004003022266235
B1940323701154N11922668WA0130201301004003022282245
B1940333701156N11922672WA0130201301004003025295257
B1940343701158N11922677WA0130201301004003030304270
B1940353701161N11922682WA0130201301004003033313283
B1940363701166N11922686WA0130201301003003033326303
B1940373701172N11922689WA0130101300003003039340322
B1940383701180N11922691WA0130101299004003052354344
B1940393701188N11922690WA0130001298004003055009004
B1940403701196N11922686WA0129901298004003055026025
B1940413701202N11922679WA0129901297004003056041044
B1940423701207N11922671WA0129801297004003053057070
B1940433701211N11922662WA0129801297004003053075092
B1940443701211N11922654WA0129701296004003049089113
B1940453701210N11922648WA0129701296003003042105132
B1940463701208N11922643WA0129701295004003025121152
B1940473701205N11922640WA0129601295004003025133161
B1940483701203N11922638WA0129601295003003019138165
B1940493701202N11922636WA0129501293004003018137166
B1940503701199N11922634WA0129401292004003019138167
B1940513701197N11922631WA0129201290004003021144169
B1940523701194N11922629WA0129001288004003021152175
B1940533701191N11922628WA0128901288004003022160176
B1940543701188N11922627WA0128901288004003020164178
B1940553701186N11922626WA0128901287004003020168183
B1940563701184N11922625WA0128801287004003014167182
B1940573701182N11922625WA0128701284004003013166183
B1940583701180N11922624WA0128401281004003019166183
B1940593701176N11922623WA0128201279003003023165180
B1941003701173N11922622WA0128101280004003023162182
B1941013701169N11922620WA0128101280004003023157184
B1941023701167N11922619WA0128101281004003017150181
B1941033701165N11922617WA0128201281004003017145181
B1941043701163N11922615WA0128101279003003017148176
B1941053701160N11922614WA0128001278004003018156177
B1941063701157N11922613WA0127801277004003021164183
B1941073701154N11922612WA0127801276003003021169188
B1941083701151N11922611WA0127801276004003021173189
B1941093701149N11922611WA0127701276004003019174188
B1941103701147N11922611WA0127701276004003014173190
B1941113701145N11922611WA0127701275004003014170187
B1941123701142N11922610WA0127601274004003014168180
B1941133701140N11922609WA0127501274004003015165181
B1941143701138N11922608WA0127501274004003017160180
B1941153701135N11922607WA0127501273004003018154177
B1941163701133N11922605WA0127501273004003018153179
B1941173701130N11922604WA0127401272004003018158179
B1941183701127N11922603WA0127301271004003020167181
B1941193701124N11922603WA0127301270004003020171182
B1941203701121N11922602WA0127301271004003020169184
B1941213701119N11922601WA0127301271004003019162182
B1941223701117N11922600WA0127301271003003016156181
B1941233701114N11922599WA0127301271004003016153178
B1941243701112N11922597WA0127301271004003016153179
B1941253701109N11922596WA0127301270004003018155179
B1941263701107N11922594WA0127201270004003020159179
B1941273701104N11922593WA0127201270004003020164186
B1941283701101N11922592WA0127201269004003019169186
B1941293701098N11922592WA0127101268003003019172181
B1941303701095N11922591WA0127001268003003020170181
B1941313701092N11922591WA0127001268004003021166178
B1941323701090N11922590WA0127001267004003020160169
B1941333701087N11922588WA0126901267004003019153166
B1941343701084N11922586WA0126901266004003022151170
B1941353701081N11922584WA0126701264003003025154173
B1941363701077N11922582WA0126601263004003025158169
B1941373701073N11922580WA0126501262004003027158173
B1941383701069N11922578WA0126601263004003028154174
B1941393701066N11922576WA0126801265004003028148176
B1941403701063N11922573WA0126801266004003027147176
B1941413701060N11922571WA0126801266004003025154175
B1941423701056N11922569WA0126801266004003025160174
B1941433701053N11922568WA0126901266003003025158177
B1941443701049N11922566WA0127001268004003025155174
B1941453701046N11922564WA0127101269004003023155173
B1941463701044N11922563WA0127101269003003018159180
B1941473701041N11922562WA0127101269003003019167183
B1941483701038N11922562WA0127201269003003019171181
B1941493701035N11922561WA0127201269004003019177186
B1941503701033N11922561WA0127201269004003017183194
B1941513701030N11922562WA0127001267004003017179190
B1941523701027N11922561WA0126901265004003017171180
B1941533701024N11922560WA0126701263004003020165171
B1941543701020N11922559WA0126501262004003024165171
B1941553701017N11922558WA0126501262004003024168178
B1941563701014N11922557WA0126401261004003022172175
B1941573701011N11922557WA0126301260004003021173168
B1941583701008N11922556WA0126101258003003021167171
B1941593701004N11922555WA0125901255004003025157168
B1942003701001N11922552WA0125701252004003025151159
B1942013700996N11922550WA0125601253004003029152169
B1942023700992N11922547WA0125501253003003027164176
B1942033700988N11922546WA0125601252004003027173178
B1942043700985N11922546WA0125501252004003024169178
B1942053700981N11922544WA0125501251004003024153167
B1942063700975N11922536WA0125401250004003029127165
B1942073700972N11922532WA0125301250004003029137168
B1942083700969N11922530WA0125301250004003026157182
B1942093700965N11922529WA0125301249004003025176195
B1942103700962N11922530WA0125201249004003023183196
B1942113700959N11922530WA0125301249004003023177187
B1942123700955N11922529WA0125301250004003022167186
B1942133700952N11922528WA0125301250004003022163187
B1942143700949N11922527WA0125201249003003022168189
B1942153700945N11922526WA0125101247003003026174194
B1942163700941N11922526WA0125001246004003028180196
B1942173700937N11922527WA0124901245004003027180192
B1942183700933N11922526WA0124901246004003027173191
B1942193700929N11922525WA0124901246004003027170189
B1942203700925N11922525WA0124901244004003027172188
B1942213700921N11922524WA0124701243004003027177192
B1942233700917N11922524WA0124601242003003027181194
B1942243700913N11922525WA0124501241003003028180194
B1942253700909N11922524WA0124501241004003028177194
B1942263700904N11922524WA0124501241004003028174191
B1942273700900N11922523WA0124501241003003028170181
B1942283700896N11922522WA0124601243003003025165183
B1942293700893N11922521WA0124701244003003025159181
B1942303700890N11922519WA0124701244004003024157176
B1942313700886N11922517WA0124701244004003024158174
B1942323700882N11922515WA0124701243004003031160179
B1942333700877N11922513WA0124701243003003032162184
B1942343700873N11922512WA0124701243003003031164180
B1942353700869N11922510WA0124701244003003029166177
B1942363700865N11922509WA0124701244003003028162179
B1942373700861N11922507WA0124801245004003030154166
B1942383700857N11922504WA0124901246004003030152160
B1942393700853N11922502WA0124901246004003030156174
B1942403700849N11922500WA0124801245004003025164185
B1942413700845N11922499WA0124801244003003026169180
B1942423700841N11922498WA0124701244004003026166170
B1942433700837N11922496WA0124601244004003028155171
B1942443700833N11922493WA0124701244004003033145157
B1942453700829N11922489WA0124701245004003033137153
B1942463700826N11922485WA0124701245004003032130148
B1942473700823N11922480WA0124701245003003032123132
B1942483700821N11922474WA0124601244004003036115127
B1942493700818N11922467WA0124501243004003040108122
B1942503700817N11922460WA0124301242004003040104117
B1942513700815N11922452WA0124201241004003043102111
B1942523700814N11922444WA0124101241004003042104120
B1942533700812N11922437WA0124101240004003042113124
B1942543700809N11922431WA0124001239004003040126142
B1942553700804N11922426WA0124001238004003038144175
B1942563700800N11922424WA0124001238004003033167194
B1942573700795N11922425WA0124001238004003033196219
B1942583700793N11922428WA0124001239004003027238244
B1942593700793N11922433WA0124001239003003023279266
B1943003700796N11922437WA0124101240003003027311281
B1943013700799N11922439WA0124201241004003029332299
B1943023700803N11922441WA0124301243004003028345308
B1943033700807N11922442WA0124401243004003028346298
B1943043700810N11922443WA0124401242003003021334300
B1943053700813N11922446WA0124301241003003021314290
B1943063700814N11922449WA0124201239004003021299289
B1943073700816N11922454WA0124001237004003025300290
B1943083700819N11922459WA0123901236003003035311295
B1943093700824N11922463WA0123901237004003036325310
B1943103700828N11922466WA0124001238004003035335322
B1943113700833N11922468WA0124101238003003032340318
B1943123700836N11922470WA0124101238004003028338309
B1943133700841N11922472WA0124001237003003031335300
B1943143700845N11922475WA0123901236003003031337308
B1943153700850N11922477WA0123901237004003035339305
B1943163700855N11922479WA0124001238004003033338303
B1943173700859N11922482WA0124001238004003033334307
B1943183700862N11922484WA0123901238004003028332300
B1943193700866N11922486WA0123801237004003028335301
B1943203700871N11922489WA0123701236003003036339314
B1943213700877N11922491WA0123601236004003038343332
B1943223700882N11922493WA0123601236004003037346326
B1943233700887N11922494WA0123501235004003037346327
B1943243700893N11922496WA0123501235004003041341317
B1943253700899N11922499WA0123501235004003045337314
B1943263700906N11922503WA0123601236004003044333323
B1943273700911N11922506WA0123801238004003044334310
B1943283700916N11922509WA0124001241004003037336294
B1943293700921N11922512WA0124201243004003037333289
B1943303700925N11922515WA0124301245003003033320284
B1943313700927N11922519WA0124401246004003027295275
B1943323700927N11922523WA0124501246003003023272263
B1943333700927N11922528WA0124501246004003023265248
B1943343700926N11922532WA0124401246004003023267246
B1943353700926N11922535WA0124301245004003021276256
B1943363700927N11922539WA0124301245004003023290271
B1943373700930N11922543WA0124201244004003030312296
B1943383700935N11922547WA0124101242004003030337317
B1943393700941N11922549WA0124001243004003039357333
B1943403700949N11922548WA0124101243004003047007350
B1943413700956N11922547WA0124201244004003047012000
B1943423700962N11922544WA0124401246004003044019004
B1943433700968N11922540WA0124501247004003042025346
B1943443700973N11922537WA0124501246004003045025348
B1943453700980N11922534WA0124201245004003046015346
B1943463700987N11922533WA0124101243004003046356337
B1943473700994N11922537WA0124001242004003049334322
B1943483700999N11922542WA0123901242004003043316307
B1943493701003N11922548WA0124001243004003043295288
B1943503701004N11922553WA0124101243004003032285267
B1943513701004N11922557WA0124101243004003025267255
B1943523701003N11922560WA0124001243004003019253242
B1943533701002N11922564WA0123901241003003021238233
B1943543700999N11922567WA0123801241004003021223223
B1943553700996N11922570WA0123901242004003025216214
B1943563700993N11922573WA0124201244004003019215209
B1943573700991N11922574WA0124501248004003019216207
B1943583700990N11922575WA0124701248004003012207204
B1943593700988N11922576WA0124701249004003012198200
B1944003700985N11922578WA0124801249004003024201196
B1944013700981N11922579WA0124901250004003027200189
B1944023700978N11922581WA0125101252004003024185193
B1944033700974N11922580WA0125301256004003023168182
B1944043700971N11922579WA0125501258004003021159179
B1944053700969N11922578WA0125701260004003021164188
B1944063700966N11922577WA0125801262004003020174199
B1944073700962N11922577WA0125901264004003020180200
B1944083700959N11922577WA0126001265004003022180189
B1944093700955N11922577WA0126101266004003025174191
B1944103700952N11922576WA0126201267003003025167185
B1944113700947N11922575WA0126201267004003027166169
B1944123700939N11922574WA0126301268004003028180176
B1944133700935N11922574WA0126301269004003028187184
B1944143700931N11922575WA0126301269004003027188186
B1944153700927N11922575WA0126201267004003027183177
B1944163700923N11922575WA0126101266004003030177174
B1944173700918N11922575WA0125901265003003034177180
B1944183700913N11922575WA0125801264004003034178179
B1944193700908N11922575WA0125901265004003034179180
B1944203700903N11922574WA0126001266004003032173186
B1944213700900N11922573WA0126101266004003024162167
B1944223700896N11922572WA0126101266004003024151162
B1944233700893N11922569WA0126001265004003024150168
B1944243700889N11922567WA0125801263004003026157170
B1944253700884N11922564WA0125701263004003036162177
B1944263700879N11922562WA0125801265004003036162176
B1944273700875N11922560WA0126001267004003035158170
B1944283700871N11922558WA0126201270004003031150167
B1944293700868N11922555WA0126301271004003027144161
B1944313700864N11922552WA0126301271004003030141161
B1944323700860N11922548WA0126301270004003030142165
B1944333700856N11922544WA0126401271004003034145166
B1944343700852N11922541WA0126501271004003033151172
B1944353700848N11922538WA0126701275004003033157179
B1944363700844N11922537WA0127101279004003031162196
B1944373700841N11922536WA0127501282004003026171196
B1944383700839N11922536WA0127701282004003012208216
B1944393700837N11922538WA0127901282004003014243240
B1944403700837N11922541WA0127901283004003014262255
B1944413700837N11922546WA0128001285004003021281265
B1944423700839N11922551WA0128101286004003031305294
B1944433700844N11922556WA0128201287004003038328326
B1944443700850N11922558WA0128301289004003038349343
B1944453700858N11922556WA0128501291004003045018009
B1944463700864N11922549WA0128601293004003056042045
B1944473700868N11922540WA0128801295004003056066068
B1944483700868N11922530WA0129001298004003055090095
B1944493700866N11922521WA0129201300004003051110120
B1944503700863N11922515WA0129501303004003039126142
B1944513700860N11922511WA0129801307003003039138159
B1944523700857N11922508WA0130001307004003029145175
B1944533700855N11922507WA0130101306004003020161182
B1944543700853N11922507WA0130101307004003020173190
B1944553700849N11922507WA0130101307004003023186207
B1944563700846N11922508WA0130201309004003022208214
B1944573700844N11922511WA0130301311004003022250240
B1944583700845N11922515WA0130401312004003023293266
B1944593700848N11922519WA0130501313004003029317290
B1945003700852N11922523WA0130601314004003029328304
B1945013700857N11922525WA0130701316004003032334322
B1945023700862N11922528WA0130901318004003039344343
B1945033700868N11922529WA0131201318004003045008008
B1945043700875N11922527WA0131301318003003045033032
B1945053700881N11922519WA0131301319004003053051050
B1945063700885N11922509WA0131501320004003051080080
B1945073700886N11922500WA0131701322004003051102111
B1945083700883N11922494WA0131901325004003043114137
B1945093700880N11922489WA0132101327004003034130152
B1945103700877N11922486WA0132201328004003026139162
B1945113700874N11922484WA0132301329004003022148177
B1945123700871N11922482WA0132301330004003022156184
B1945133700868N11922481WA0132301331004003021170189
B1945143700865N11922481WA0132401332004003020193211
B1945153700864N11922483WA0132501333004003014234226
B1945163700863N11922486WA0132501333004003018265248
B1945173700864N11922490WA0132601334004003018283257
B1945183700865N11922494WA0132601335004003021298267
B1945193700867N11922497WA0132701336004003025306280
B1945203700870N11922501WA0132701336004003029311296
B1945213700873N11922506WA0132701337004003029318308
B1945223700878N11922510WA0132801338004003035327315
B1945233700883N11922514WA0133101339004003046336321
B1945243700890N11922516WA0133401345004003046345329
B1945253700896N11922517WA0133801349004003045356336
B1945263700902N11922517WA0134201350004003039359343
B1945273700906N11922517WA0134501350004003033358332
B1945283700911N11922518WA0134601350004003033352316
B1945293700916N11922519WA0134501351004003033345315
B1945303700921N11922521WA0134501353004003035337306
B1945313700926N11922524WA0134701355004003035332308
B1945323700930N11922528WA0134701357004003035327307
B1945333700934N11922531WA0134801358004003032325298
B1945343700938N11922534WA0134801358003003032326293
B1945353700942N11922538WA0134701357004003032322293
B1945363700946N11922542WA0134601356004003035317305
B1945373700950N11922547WA0134501354003003035315302
B1945383700955N11922552WA0134301353004003039319306
B1945393700960N11922557WA0134201354004003042325311
B1945403700965N11922561WA0134301355004003042330319
B1945413700970N11922564WA0134301355004003041332316
B1945423700975N11922568WA0134401355004003039330311
B1945433700980N11922572WA0134301354003003040326309
B1945443700986N11922576WA0134201353004003042326307
B1945453700991N11922580WA0134101352003003042329312
B1945463700997N11922584WA0134101352003003043332331
B1945473701002N11922588WA0133901351004003039329313
B1945483701007N11922592WA0133801350004003039323301
B1945493701011N11922596WA0133601347004003036321302
B1945503701016N11922600WA0133301344004003036325314
B1945513701022N11922605WA0133001340004003047332326
B1945523701029N11922609WA0132801338004003049334311
B1945533701035N11922613WA0132601337004003048329307
B1945543701040N11922618WA0132601336004003048324308
B1945553701046N11922622WA0132601335004003042326313
B1945563701051N11922626WA0132501334004003043335325
B1945573701058N11922629WA0132401333004003043340323
B1945583701064N11922632WA0132301331004003045336317
B1945593701070N11922636WA0132301331004003047329314
B1946003701076N11922641WA0132301331004003047326314
B1946013701082N11922645WA0132301332004003045329314
B1946023701087N11922649WA0132401332004003042332313
B1946033701093N11922653WA0132401332004003042330310
B1946043701098N11922657WA0132301331004003045324302
B1946053701104N11922662WA0132301331004003045322305
B1946063701110N11922668WA0132401331004003048326315
B1946073701116N11922672WA0132501333004003048329314
B1946083701122N11922677WA0132601334004003048329311
B1946093701128N11922682WA0132601334003003048325306
B1946103701133N11922687WA0132701335004003047319299
B1946113701138N11922692WA0132701335004003042317296
B1946123701143N11922697WA0132601334003003043321297
B1946133701149N11922702WA0132601333004003043328311
B1946143701156N11922707WA0132501332004003049334323
B1946153701164N11922711WA0132501332004003056334324
B1946163701171N11922716WA0132501334004003056328324
B1946173701176N11922721WA0132701335004003051318306
B1946183701185N11922733WA0132801336004003043315296
B1946193701190N11922738WA0132801335004003043316294
B1946203701195N11922744WA0132601333004003048316299
B1946213701200N11922751WA0132301333004003048315296
B1946223701206N11922758WA0132201331004003053317299
B1946233701213N11922765WA0132101330004003056321299
B1946243701220N11922771WA0132101330004003059325311
B1946253701227N11922778WA0132101330004003059323313
B1946263701234N11922784WA0132101331004003058317305
B1946273701238N11922790WA0132101331003003052312294
B1946283701243N11922797WA0132101331004003043311292
B1946293701247N11922802WA0132101330003003043317298
B1946303701253N11922807WA0131901328004003043323299
B1946313701259N11922813WA0131801326004003046324299
B1946323701265N11922819WA0131601324004003051320295
B1946333701270N11922825WA0131401323004003051313289
B1946343701275N11922832WA0131401322004003051308290
B1946353701279N11922839WA0131401323004003048306286
B1946363701283N11922845WA0131501324004003041307283
B1946373701287N11922851WA0131501323004003041311289
B1946383701291N11922856WA0131401322004003041317293
B1946393701297N11922862WA0131201320004003043324301
B1946403701303N11922867WA0131101318004003053329309
B1946413701311N11922872WA0131001317004003054332312
B1946423701318N11922876WA0130901316004003053331310
E194643TPCWaypoint TOLLLN reached
B1946433701324N11922881WA0130901316004003053329305
B1946443701330N11922886WA0130801315004003048329304
B1946463701337N11922890WA0130601313004003048333312
B1946473701344N11922894WA0130401310004003048337317
B1946483701352N11922897WA0130101306004003051340319
B1946493701360N11922901WA0129901303004003060340322
B1946503701369N11922905WA0129701302004003061339321
B1946513701377N11922909WA0129601301004003061340315
B1946523701386N11922912WA0129601301004003061342317
B1946533701394N11922915WA0129601301003003056344322
B1946543701402N11922918WA0129601301004003056341316
B1946553701409N11922922WA0129601300004003053334305
B1946563701415N11922926WA0129501299003003051330306
B1946573701422N11922931WA0129401298004003054332313
B1946583701430N11922935WA0129401298004003057338323
B1946593701438N11922939WA0129401299003003057342326
B1947003701446N11922942WA0129501299004003057340320
B1947013701453N11922946WA0129501300004003051333310
B1947023701459N11922950WA0129501299004003052330307
B1947033701466N11922955WA0129401298004003052332318
B1947043701474N11922959WA0129401298004003054339330
B1947053701483N11922963WA0129501298004003059342336
B1947063701491N11922966WA0129601300004003059340325
E194706TPCWaypoint ROCK reached
B1947073701499N11922970WA0129701301004003059336314
B1947083701507N11922975WA0129901304004003058333317
B1947093701514N11922980WA0130101306004003050329309
B1947103701519N11922984WA0130301308004003050317278
B1947113701522N11922989WA0130401308003003040292265
B1947123701523N11922995WA0130401307004003033273251
B1947133701522N11923001WA0130501308003003029253232
B1947143701520N11923005WA0130501308004003029235209
B1947153701516N11923009WA0130401309004003028214194
B1947163701512N11923010WA0130501309004003028191184
B1947173701508N11923010WA0130501310003003027168176
B1947183701505N11923007WA0130701311004003028147163
B1947193701502N11923004WA0130901313004003027137153
B1947203701499N11923000WA0131001315004003027135150
B1947213701496N11922997WA0131001314003003026138154
B1947223701493N11922994WA0131001314004003026146161
B1947233701489N11922992WA0130901313004003026154164
B1947243701485N11922990WA0130901312004003028159165
B1947253701481N11922988WA0130901313004003028161161
B1947263701477N11922986WA0131001314004003028157161
B1947273701474N11922984WA0131101315004003026154163
B1947283701471N11922982WA0131201316004003025155164
B1947293701467N11922981WA0131201316004003023156167
B1947303701464N11922979WA0131201316004003025153163
B1947313701461N11922976WA0131101315004003025145156
B1947323701457N11922972WA0131001313004003029139155
B1947333701453N11922968WA0130901313004003035136154
B1947343701449N11922963WA0130901313004003035137159
B1947353701446N11922959WA0131001314003003034141160
B1947363701442N11922957WA0131001314004003030147164
B1947373701439N11922955WA0131001314004003027157172
B1947383701434N11922953WA0130901312003003029163183
B1947393701430N11922951WA0130801313004003029162170
B1947403701425N11922949WA0130801313003003031154162
B1947413701421N11922945WA0130801313004003035141154
B1947423701417N11922941WA0130801313004003036133145
B1947433701414N11922936WA0130801313004003036135149
B1947443701409N11922931WA0130701312004003036141150
B1947453701404N11922927WA0130701311004003043145154
B1947463701398N11922922WA0130801312004003049142154
B1947473701393N11922916WA0131101314004003047138159
B1947483701388N11922910WA0131701316004003047129155
B1947493701386N11922906WA0132401325004003026121160
B1947503701385N11922902WA0133001325004003026114166
B1947513701384N11922900WA0133401325004003021120163
B1947523701382N11922897WA0133701325003003021139176
B1947533701378N11922894WA0133801330004003029156198
B1947543701374N11922894WA0134101337004003029188223
B1947553701372N11922897WA0134601343004003024240240
B1947563701373N11922902WA0134901348004003024291262
B1947573701377N11922908WA0135301354004003040319289
B1947583701382N11922912WA0135801356004003043347314
B1947593701388N11922913WA0136201355004003043009345
B1948003701395N11922909WA0136601361004003048025014
B1948013701402N11922904WA0136901363004003054047044
B1948023701406N11922895WA0137401369004003054064078
B1948033701407N11922887WA0137901375004003050088096
B1948043701405N11922879WA0138101380004003043114121
B1948053701402N11922875WA0138401385004003032136146
B1948063701399N11922872WA0138901391004003032150168
B1948073701396N11922870WA0139401397004003025159186
B1948083701394N11922870WA0139901403004003017173199
B1948093701392N11922870WA0140301408004003011191207
B1948103701391N11922871WA0140801413004003011227222
B1948113701391N11922873WA0141201418004003011268246
B1948123701392N11922877WA0141601422004003015289270
B1948133701394N11922882WA0142001426004003033308283
B1948143701399N11922886WA0142301431004003041333308
B1948153701406N11922887WA0142801437003003041357339
B1948163701413N11922887WA0143201438004003049025005
B1948173701420N11922880WA0143601442004003056042041
B1948183701425N11922871WA0144001448004003056060066
B1948193701427N11922862WA0144601455004003051076090
B1948203701427N11922855WA0145101461004003046089105
B1948213701427N11922847WA0145601462004003032110121
B1948223701424N11922842WA0145901466004003032127150
B1948233701421N11922838WA0146201470004003032138167
B1948243701413N11922831WA0147201483004003032144173
B1948253701410N11922829WA0147701489004003021145182
B1948263701408N11922827WA0148301495004003021148191
B1948273701406N11922826WA0148701500004003015155197
B1948283701404N11922825WA0149101505004003014163201
B1948293701402N11922824WA0149501509004003014172210
B1948303701400N11922824WA0149901514004003014187223
B1948313701398N11922825WA0150301519004003014221232
B1948323701398N11922827WA0150801524004003011276250
B1948333701399N11922829WA0151201529004003011317271
B1948343701402N11922830WA0151501533004003021335284
B1948353701406N11922832WA0151701536004003033347314
B1948363701411N11922833WA0151901536004003033002346
B1948373701420N11922830WA0152101538004003049017013
B1948383701429N11922825WA0152301540004003065042037
B1948393701434N11922815WA0152701545004003065063065
B1948403701435N11922804WA0153201550004003061088096
B1948413701433N11922795WA0153701555004003055111124
B1948423701430N11922787WA0154201557004003036122142
B1948433701428N11922781WA0154801558003003036110160
B1948443701426N11922775WA0155301558004003036100149
B1948453701426N11922769WA0155501558004003036097144
B1948463701425N11922761WA0155601557004003041106148
B1948473701422N11922754WA0155701558004003042121154
B1948483701418N11922748WA0155801564004003042136172
B1948493701414N11922742WA0156201569004003042136175
B1948503701410N11922737WA0156501576004003032127175
B1948513701407N11922733WA0156801581004003032116170
B1948523701405N11922728WA0156901584004003031113162
B1948533701403N11922722WA0156901586004003031118166
B1948543701401N11922717WA0156701587004003040138170
B1948553701395N11922712WA0156501585004003044149171
B1948563701389N11922708WA0156701588004003043153182
B1948573701383N11922705WA0157101591004003043146185
B1948583701380N11922701WA0157501597004003029134182
B1948593701377N11922697WA0157801598004003029117169
B1949013701376N11922693WA0157801598004003025118173
B1949023701374N11922689WA0157701598004003025134175
B1949033701370N11922685WA0157401595004003034149190
B1949043701365N11922682WA0157301596004003038160184
B1949053701359N11922680WA0157401598004003034162189
B1949063701355N11922678WA0157601599004003033154188
B1949073701352N11922676WA0157801601004003023145182
B1949083701349N11922673WA0157801600004003023144181
B1949093701346N11922671WA0157701598004003023150178
B1949103701342N11922669WA0157401596004003025160188
B1949113701337N11922668WA0157301594004003034168195
B1949123701332N11922666WA0157301594004003034170194
B1949133701328N11922665WA0157301595004003032166202
B1949143701325N11922664WA0157301595004003028159202
B1949153701321N11922662WA0157301594004003027155192
B1949163701317N11922659WA0157301593004003030153193
B1949173701313N11922657WA0157301593004003029153195
B1949183701310N11922655WA0157301594004003029155188
B1949193701307N11922654WA0157401594004003018163204
B1949203701304N11922653WA0157301593004003020164202
B1949213701301N11922651WA0157201591004003020161189
B1949223701296N11922649WA0157101589004003028157187
B1949233701291N11922646WA0157101590004003037165200
B1949243701285N11922645WA0157201591003003037182210
B1949253701282N11922647WA0157601594004003028193216
B1949263701279N11922647WA0157901596004003022185201
B1949273701276N11922647WA0158001596004003025159179
B1949283701272N11922644WA0157901595004003031148183
B1949293701268N11922641WA0157801594004003031147180
B1949303701263N11922638WA0157801594004003034159188
B1949313701259N11922637WA0157901595004003028180199
B1949323701255N11922637WA0158101596004003028178198
B1949333701252N11922635WA0158401599004003023145169
B1949343701249N11922632WA0158401598004003023119151
B1949353701247N11922625WA0158201595004003042117155
B1949363701243N11922618WA0158001593003003042128166
B1949373701239N11922615WA0157801591003003039151181
B1949383701235N11922614WA0157701589004003031170193
B1949393701232N11922613WA0157601588004003024169193
B1949403701228N11922612WA0157501587004003024159186
B1949413701225N11922609WA0157301585003003024151170
B1949423701221N11922607WA0157101583004003026152178
B1949433701217N11922604WA0156901580004003031157180
B1949443701212N11922602WA0156801580004003033160180
B1949453701207N11922600WA0156601579003003033165188
B1949463701203N11922600WA0156601579004003033173203
B1949473701199N11922600WA0156501578004003026186227
B1949483701196N11922602WA0156501577004003026203217
B1949493701193N11922603WA0156501577004003023203210
B1949503701189N11922604WA0156501577004003023186210
B1949513701185N11922604WA0156501576004003028170195
B1949523701181N11922602WA0156501576004003030163189
B1949533701176N11922601WA0156501576004003030160185
B1949543701172N11922599WA0156501575004003030161182
B1949553701167N11922597WA0156301573004003033162182
B1949563701162N11922595WA0156201571004003036163179
B1949573701157N11922593WA0156101570004003036162183
B1949583701151N11922591WA0156001569004003038165190
B1949593701146N11922590WA0156001569004003035171190
B1950003701141N11922590WA0156001568004003035181191
B1950013701135N11922590WA0155901566004003035183185
B1950023701130N11922590WA0155801565004003036177181
B1950033701124N11922589WA0155601564004003039167175
B1950043701119N11922587WA0155501563004003039164177
B1950053701114N11922586WA0155301561003003037173185
B1950063701109N11922586WA0155001560004003033191202
B1950073701104N11922587WA0154701556004003034191194
B1950083701099N11922588WA0154301551004003038181180
B1950093701093N11922587WA0154001548003003038170181
B1950103701086N11922586WA0153801548004003041170184
E195010TPCWaypoint TOLLLN reached
B1950113701080N11922585WA0153601547004003037177190
B1950123701075N11922586WA0153501545004003037186195
B1950133701070N11922587WA0153501545004003034186197
B1950143701066N11922586WA0153401544003003031176185
B1950153701061N11922585WA0153201541004003031164173
B1950163701057N11922583WA0153001538003003031164178
B1950173701053N11922582WA0152701537004003031181196
B1950183701048N11922584WA0152301532004003032202213
B1950193701043N11922588WA0151801527004003035219218
B1950203701040N11922593WA0151401522003003036226223
B1950213701036N11922598WA0151101523003003036232230
B1950223701033N11922603WA0151101523003003036238232
B1950233701031N11922608WA0151201523003003030246234
B1950243701030N11922613WA0151201523004003030248237
B1950253701028N11922618WA0151101522004003027241223
B1950263701026N11922622WA0151001520003003027236225
B1950273701023N11922627WA0150901518003003032239230
B1950283701021N11922632WA0150801517004003038250237
B1950293701019N11922639WA0150901518004003036258254
B1950303701019N11922650WA0151201522004003029264242
B1950313701019N11922654WA0151201520004003021254243
B1950323701018N11922658WA0151001518003003024252242
B1950333701016N11922663WA0150801514004003024255247
B1950343701015N11922670WA0150501511003003031259237
B1950353701015N11922676WA0150301511003003035259240
B1950363701013N11922683WA0150201509004003035256242
B1950373701012N11922688WA0150201508003003033249237
B1950383701010N11922693WA0150101506004003031242234
B1950393701007N11922698WA0149901505004003031237229
B1950403701005N11922703WA0149701503003003032238227
B1950413701002N11922709WA0149501500004003032242232
B1950423701000N11922715WA0149301499003003034247237
B1950433700998N11922722WA0149201497003003037251241
B1950443700997N11922728WA0149101496004003037253244
B1950453700995N11922734WA0149101495004003036252240
B1950463700994N11922740WA0149001495004003034254236
B1950473700993N11922747WA0148901493004003034258240
B1950483700992N11922753WA0148801492003003036264243
B1950493700992N11922760WA0148601491003003036266249
B1950503700992N11922767WA0148601490004003036263244
B1950513700991N11922773WA0148601490003003032259249
B1950523700990N11922778WA0148701491004003032256249
B1950533700989N11922783WA0148801491004003028255238
B1950543700988N11922787WA0148701490004003025255230
B1950563700987N11922792WA0148701490004003028256229
B1950573700986N11922798WA0148601488004003032260239
B1950583700986N11922804WA0148501488004003032265238
B1950593700985N11922811WA0148501488004003035265231
B1951003700984N11922818WA0148501487004003036261227
B1951013700983N11922824WA0148401487004003036256224
B1951023700982N11922830WA0148301487004003035255235
B1951033700981N11922837WA0148301487003003035259241
B1951043700980N11922843WA0148201486004003034265251
B1951053700981N11922849WA0148101484004003034270250
B1951063700980N11922855WA0147801481004003032265241
B1951073700979N11922861WA0147501477004003032253235
B1951083700977N11922866WA0147201473004003033246237
B1951093700975N11922872WA0146901469003003034247237
B1951103700974N11922879WA0146601466004003034253241
B1951113700973N11922885WA0146301464004003034259248
B1951123700972N11922891WA0146001461004003033261243
B1951133700971N11922897WA0145701457004003034260242
B1951143700970N11922904WA0145401453004003034255239
B1951153700968N11922910WA0145101450004003035249242
B1951163700966N11922916WA0144901448004003034248245
B1951173700965N11922922WA0144601446004003034251246
B1951183700963N11922927WA0144301443004003031255247
B1951193700962N11922933WA0144101440004003031256250
B1951203700961N11922939WA0143701436004003032257253
B1951213700960N11922945WA0143501433004003032255246
B1951223700958N11922951WA0143201430003003032247238
B1951233700956N11922957WA0143001428003003033241236
B1951243700953N11922962WA0142801425003003035239240
B1951253700951N11922967WA0142601424004003035243246
B1951263700949N11922972WA0142301423004003031253253
B1951273700948N11922978WA0142001418003003031259254
B1951283700948N11922984WA0141501413004003034263248
B1951293700947N11922991WA0141101409004003038262247
B1951303700946N11922998WA0140801405004003038260249
B1951313700945N11923005WA0140601404003003038258245
B1951323700944N11923012WA0140501403004003036258253
B1951333700943N11923019WA0140401401004003036261256
B1951343700943N11923025WA0140201400003003034266258
B1951353700943N11923031WA0140101398004003033265254
B1951363700942N11923037WA0139901397004003035254245
B1951373700940N11923044WA0139601395004003037248247
B1951383700938N11923050WA0139401393004003037248254
B1951393700936N11923057WA0139301392003003037254249
B1951403700935N11923063WA0139201391004003034259252
B1951413700934N11923069WA0139201390004003034256248
B1951423700932N11923075WA0139201391003003034249245
B1951433700931N11923080WA0139301392004003033248246
B1951443700930N11923085WA0139401393004003026258253
B1951453700930N11923090WA0139401393004003027271264
B1951463700930N11923096WA0139401392004003027277267
B1951473700931N11923102WA0139401392004003031272261
B1951483700930N11923108WA0139401393004003032262258
B1951493700929N11923113WA0139501394004003032256258
B1951503700928N11923118WA0139601396003003030258257
B1951513700928N11923124WA0139701396004003028265257
B1951523700928N11923129WA0139701396004003030269258
B1951533700928N11923135WA0139601395004003033267258
B1951543700927N11923142WA0139601395003003033263266
B1951553700926N11923148WA0139601396003003035257267
B1951563700925N11923154WA0139801398004003033252262
B1951573700923N11923160WA0140001400004003033248252
B1951583700921N11923165WA0140101402004003031250256
B1951593700920N11923170WA0140201403004003030255260
B1952003700919N11923176WA0140301404004003032259258
B1952013700919N11923182WA0140401405004003034261260
B1952023700918N11923189WA0140601406004003034260256
B1952033700917N11923195WA0140701409004003034257254
B1952043700915N11923201WA0140901411004003033252257
B1952053700914N11923206WA0141201414004003033248251
B1952063700912N11923212WA0141401417004003030249249
B1952073700911N11923217WA0141601418004003030255254
B1952083700910N11923223WA0141701419004003032258258
B1952093700909N11923229WA0141801420004003033258261
B1952103700908N11923235WA0141801421004003033254257
B1952113700906N11923242WA0141901421004003035248252
B1952123700903N11923248WA0141901422004003038244253
B1952133700901N11923254WA0142101424004003038243254
B1952143700898N11923261WA0142301426003003038246262
B1952153700897N11923266WA0142501429004003036248259
B1952163700895N11923272WA0142701431004003030244256
B1952173700892N11923277WA0142801431004003031237243
B1952183700889N11923282WA0142801431004003031236244
B1952193700887N11923288WA0142701431004003035243248
B1952203700885N11923295WA0142801431004003039257262
B1952213700884N11923302WA0143001432004003039265266
B1952223700884N11923308WA0143301434004003037263265
B1952233700883N11923313WA0143801441004003029262256
B1952243700883N11923316WA0144301445004003013265254
B1952253700883N11923318WA0144601449004003013278247
B1952263700884N11923319WA0144801449004003011279249
B1952273700884N11923322WA0145001450004003011270241
B1952283700884N11923324WA0145101451004003013257245
B1952293700883N11923326WA0145201452004003013250243
B1952303700883N11923328WA0145501456004003012268247
B1952313700883N11923329WA0145801460004003010326253
B1952323700885N11923330WA0146101463004003009347261
B1952333700886N11923330WA0146401465004003009316269
B1952343700886N11923331WA0146501465004003009214260
B1952353700884N11923332WA0146601467004003009186240
B1952363700879N11923332WA0146701469004003020177232
B1952373700875N11923332WA0146801472004003025182225
B1952383700872N11923333WA0147001472004003025196236
B1952393700871N11923335WA0147001473004003017254244
B1952403700871N11923337WA0147201475003003011261255
B1952413700871N11923339WA0147301477004003012231248
B1952423700869N11923341WA0147401478004003015215247
B1952433700867N11923342WA0147601479004003013231254
B1952443700867N11923345WA0147601480004003013281260
B1952453700869N11923348WA0147601480004003013298270
B1952463700870N11923351WA0147701481004003018287274
E195246TPCWaypoint TOLLLZ reached
B1952473700870N11923354WA0147901484004003018257258
B1952483700869N11923356WA0148101486004003015228249
B1952493700867N11923359WA0148201487004003015237258
B1952503700868N11923362WA0148301488004003018279282
B1952513700868N11923366WA0148301487004003031318306
B1952523700873N11923370WA0148401488004003031349327
B1952533700881N11923370WA0148501490004003045025350
B1952543700887N11923364WA0148901495004003047047026
B1952553700890N11923355WA0149201498004003047072057
B1952563700892N11923345WA0149501498004003047088083
B1952573700892N11923336WA0149601500004003047092078
B1952583700891N11923327WA0149701501004003051092079
B1952593700891N11923317WA0149701502004003056091078
B1953003700891N11923305WA0149801503004003056090081
B1953013700891N11923294WA0150001505004003061091079
B1953023700890N11923283WA0150301509004003058092081
B1953033700890N11923272WA0150601510004003058090078
B1953043700890N11923263WA0150801513004003053089077
B1953053700890N11923252WA0151001515004003053092086
B1953063700889N11923241WA0151201517004003061101107
B1953073700886N11923230WA0151301519004003061113127
B1953083700881N11923222WA0151401520004003061129161
B1953093700875N11923217WA0151501521004003053151185
B1953103700870N11923216WA0151501521004003031177211
B1953113700866N11923216WA0151401520004003031180245
B1953123700865N11923219WA0151201520004003027297257
B1953133700871N11923223WA0151101518004003027340307
B1953143700877N11923224WA0151001519004003053024330
B1953153700886N11923218WA0151401522004003053045008
B1953163700891N11923210WA0152001524004003047050020
B1953173700894N11923206WA0152401523004003035051007
B1953183700896N11923202WA0152601526004003027049001
B1953193700899N11923198WA0152601526004003036049012
B1953203700902N11923192WA0152501527004003036053035
B1953213700907N11923183WA0152501528004003051060051
B1953223700912N11923170WA0152701531004003066066062
B1953233700916N11923160WA0153101534004003066067072
B1953243700918N11923153WA0153501541004003054065082
B1953253700920N11923149WA0153801541004003036050056
B1953263700923N11923146WA0153801542004003030047024
B1953273700926N11923141WA0153601541004003043056029
B1953283700929N11923133WA0153501540004003043066058
B1953293700933N11923122WA0153501543004003054071066
B1953303700935N11923113WA0153801545004003047073068
B1953313700937N11923105WA0154001549004003047072070
B1953323700939N11923098WA0154101549004003040070069
B1953333700940N11923092WA0154101549004003039073063
B1953343700942N11923084WA0154001548004003045077067
B1953353700943N11923074WA0153801546005003053080090
B1953363700944N11923064WA0153701547004003053080088
B1953373700945N11923053WA0153801549004003056078075
B1953383700947N11923043WA0154101553004003055075062
B1953393700949N11923033WA0154501556004003055076074
B1953403700951N11923023WA0154801559004003055081083
B1953413700951N11923013WA0155001561004003055088081
B1953423700951N11923002WA0155101562004003056089084
B1953433700952N11922992WA0155201564004003056082082
B1953443700954N11922982WA0155401565003003055073083
B1953453700957N11922973WA0155501566004003053071076
B1953463700958N11922963WA0155501567004003053077085
B1953473700959N11922953WA0155501566004003056084093
B1953483700960N11922942WA0155401565004003056087094
B1953493700960N11922931WA0155401564004003059086085
B1953503700961N11922920WA0155401565004003059081079
B1953513700963N11922909WA0155401565004003059080079
B1953523700964N11922899WA0155501565004003057084085
B1953533700964N11922888WA0155401565003003057092098
B1953543700963N11922877WA0155401565004003062099101
B1953553700962N11922866WA0155301565005003062098099
B1953563700961N11922854WA0155401565004003062091086
B1953573700962N11922843WA0155501566004003061085088
B1953583700962N11922833WA0155501567004003055083091
B1953593700963N11922823WA0155501567004003056087095
B1954003700963N11922811WA0155501565004003056092100
B1954013700962N11922799WA0155401564004003062092093
B1954023700962N11922786WA0155501565004003067087095
B1954033700962N11922774WA0155701567004003067082095
B1954043700964N11922765WA0156001571004003057081090
B1954053700965N11922757WA0156101570003003049084088
B1954063700965N11922749WA0156101569003003047086087
B1954073700966N11922740WA0155901568003003055086088
B1954083700966N11922728WA0155701565004003055085083
B1954093700967N11922715WA0155601566004003063084086
B1954103700968N11922703WA0155901569004003058078082
B1954113700970N11922694WA0156301570004003058065077
B1954123700973N11922688WA0156601570004003043054064
B1954133700977N11922683WA0156701570004003036053064
B1954143700980N11922678WA0156501569004003038064061
B1954153700983N11922671WA0156101568004003044080070
B1954163700983N11922662WA0155801565004003044089094
E195416TPCWaypoint TOLLLN reached
B1954173700982N11922653WA0155701567004003046100104
B1954183700981N11922645WA0155601567004003040102098
B1954193700980N11922639WA0155501566004003040091084
B1954203700980N11922633WA0155201564004003034064064
B1954213700984N11922627WA0154801557004003034053039
B1954223700987N11922621WA0154501557004003041048033
B1954233700992N11922616WA0154201554004003042040019
B1954243700998N11922612WA0153901550004003041024356
B1954253701003N11922610WA0153501550004003038358333
B1954263701008N11922612WA0153201546004003036342320
B1954273701013N11922615WA0153001543004003036333317
B1954283701017N11922617WA0152901541004003033336320
B1954293701021N11922619WA0152701539004003030343326
B1954303701026N11922620WA0152601537004003031347335
B1954313701031N11922622WA0152401536004003036347333
B1954323701037N11922623WA0152201534004003036348332
B1954333701042N11922625WA0152201534003003037347333
B1954343701047N11922627WA0152201534004003034344337
B1954353701052N11922629WA0152101533004003034338308
B1954363701056N11922631WA0152101532004003032334331
B1954373701061N11922634WA0152101530004003032334322
B1954383701067N11922637WA0152001528004003039338316
B1954393701072N11922639WA0151901527003003039344343
B1954403701078N11922641WA0151801526004003039347333
B1954413701084N11922642WA0151701526004003039350334
B1954423701089N11922643WA0151801525004003039353344
B1954433701095N11922644WA0151701525004003035355334
B1954443701100N11922645WA0151701524004003035351330
B1954453701104N11922646WA0151501522003003033345323
B1954463701109N11922648WA0151301520003003031342318
B1954473701113N11922650WA0151101517004003032342322
B1954483701118N11922651WA0150901514004003038344323
B1954493701124N11922653WA0150601512004003038344331
B1954503701130N11922656WA0150501510004003040344327
B1954513701136N11922657WA0150401509004003040344327
B1954523701141N11922659WA0150201508004003035343325
B1954533701145N11922661WA0150001505004003035341325
B1954543701150N11922664WA0149601501004003035337330
B1954553701155N11922666WA0149201497004003035335331
B1954563701160N11922670WA0148801493004003038332306
B1954573701165N11922673WA0148501490004003039327290
B1954583701170N11922678WA0148101487004003039318295
B1954593701174N11922684WA0148001485004003039313298
B1955003701178N11922688WA0147901484004003039321296
B1955013701182N11922692WA0147901483004003036332308
B1955023701187N11922695WA0147701481004003036331301
B1955033701193N11922698WA0147401480004003036322295
B1955043701197N11922704WA0147001475004003038315294
B1955053701202N11922710WA0146601471004003047315304
B1955063701208N11922716WA0146301471004003051324313
B1955073701214N11922721WA0146201470004003050331319
B1955083701221N11922725WA0146101469004003050332306
B1955093701226N11922729WA0146001467004003043325293
B1955103701231N11922734WA0145801464004003043316303
B1955113701235N11922739WA0145501461004003042316299
B1955123701241N11922745WA0145201457004003042324310
B1955133701248N11922750WA0145001454004003053332313
B1955143701255N11922754WA0144801455004003053330305
B1955153701261N11922760WA0144701454004003053321288
B1955163701265N11922766WA0144701452004003048306270
B1955173701269N11922772WA0144601452004003041303292
B1955183701272N11922778WA0144601452004003041317307
B1955193701278N11922782WA0144401450004003041333312
B1955203701285N11922784WA0144301449004003043345318
B1955213701291N11922786WA0144201449004003041339315
B1955223701295N11922790WA0144201448004003041328313
B1955233701300N11922794WA0144201446004003037327305
B1955243701305N11922797WA0144001445004003037334315
B1955253701312N11922800WA0143901443004003047340316
B1955263701319N11922804WA0143801443004003051338320
B1955273701326N11922808WA0143801443004003049327312
B1955283701331N11922813WA0144001445004003049324303
B1955293701336N11922817WA0144301445004003039328308
B1955303701341N11922821WA0144401444004003039338301
B1955313701346N11922823WA0144401443004003039343308
B1955323701353N11922825WA0144301442004003040342298
B1955333701359N11922828WA0144201441004003047336299
B1955343701366N11922832WA0144101441004003047332305
B1955353701372N11922836WA0144101442004003047333318
B1955363701378N11922839WA0144301442004003046338332
B1955373701384N11922842WA0144301442004003043340322
B1955383701390N11922845WA0144301441004003043340319
B1955393701396N11922848WA0144201441004003043340320
B1955403701402N11922850WA0144201440004003043342315
B1955413701408N11922852WA0144101440004003042348323
B1955423701414N11922853WA0144201441004003042350320
B1955433701420N11922854WA0144301442004003041350310
B1955443701423N11922855WA0144301442004003034345287
B1955453701427N11922856WA0144201441004003017324270
B1955463701428N11922859WA0144001439004003017299253
B1955473701428N11922862WA0143801436004003017278252
B1955483701428N11922866WA0143601436004003017250243
B1955493701427N11922868WA0143401435004003016225232
B1955503701425N11922869WA0143401434004003016199226
B1955513701423N11922870WA0143201434004003013191220
B1955523701421N11922871WA0143101432004003013220228
B1955533701420N11922873WA0143001430004003018244233
B1955543701419N11922877WA0142901428004003023254238
B1955553701418N11922881WA0142701426004003023247232
B1955563701416N11922885WA0142701426004003023222219
B1955573701413N11922886WA0142601425004003020189197
B1955583701410N11922885WA0142601425004003020165189
B1955593701407N11922883WA0142601425004003020146178
B1956003701405N11922880WA0142501426004003020129179
B1956013701403N11922877WA0142501425004003023121165
B1956023701401N11922873WA0142501424004003025125162
B1956033701398N11922870WA0142401422004003025141177
B1956043701395N11922868WA0142301421004003025163187
B1956053701391N11922867WA0142301421004003021193199
B1956063701388N11922869WA0142401423004003021217222
B1956073701388N11922872WA0142401424004003017260233
B1956083701388N11922875WA0142401423004003017285264
B1956093701389N11922879WA0142201421004003025294265
B1956103701392N11922884WA0142201420004003030297263
B1956113701394N11922889WA0142201419004003030294274
B1956123701396N11922895WA0142201420004003033291277
B1956133701397N11922901WA0142301420004003031292273
B1956143701399N11922906WA0142301421004003031298283
B1956153701402N11922910WA0142301420004003031311298
B1956163701406N11922915WA0142201419004003031329321
B1956173701411N11922918WA0142001417004003047346342
B1956183701419N11922918WA0141701413004003052359009
B1956193701427N11922917WA0141301412004003052029030
B1956203701434N11922908WA0141001408004003058049063
B1956213701439N11922899WA0140701407004003050074080
B1956223701440N11922888WA0140601409004003050101104
B1956233701438N11922880WA0140801409004003041104132
B1956243701437N11922875WA0141001411004003034091132
B1956253701436N11922870WA0141001410004003034077112
B1956263701438N11922863WA0140901409004003041074109
B1956273701439N11922855WA0140601406004003041077116
B1956283701440N11922846WA0140501404004003047087116
B1956293701439N11922837WA0140501403004003045099126
B1956303701438N11922829WA0140601403004003045104145
B1956313701436N11922823WA0140601403004003039103141
B1956323701435N11922815WA0140701404004003039097132
B1956333701435N11922808WA0140701403004003039093134
B1956343701434N11922801WA0140601402003003039096128
B1956353701433N11922793WA0140501400004003039104142
B1956363701431N11922787WA0140401400004003039116166
B1956373701428N11922782WA0140201401004003027130173
B1956383701426N11922781WA0140201400004003027172198
B1956393701423N11922782WA0140201399004003020246220
B1956403701424N11922787WA0140101398004003020278252
B1956413701426N11922793WA0140101399004003035301269
B1956423701429N11922799WA0140301399004003037323285
B1956433701434N11922802WA0140401400004003036333305
B1956443701439N11922805WA0140301399004003036334297
B1956453701444N11922808WA0140201398004003034328279
B1956463701448N11922812WA0140101397004003039320272
B1956473701453N11922817WA0139901396004003039318294
B1956483701458N11922823WA0139801395004003042317285
B1956493701462N11922827WA0140001395004003042318299
B1956503701465N11922831WA0139901394004003031318293
B1956513701469N11922835WA0139801393004003032318287
B1956523701473N11922839WA0139601390004003032319287
B1956533701477N11922844WA0139301387004003036317293
B1956543701482N11922850WA0139101386004003041312294
B1956553701486N11922857WA0138901385004003045310288
B1956563701491N11922863WA0139101385004003045310278
B1956573701495N11922869WA0139201386004003043309292
B1956583701498N11922875WA0139301386004003040305283
B1956593701500N11922880WA0139401388004003036301281
B1957003701503N11922885WA0139401388004003034300273
B1957013701506N11922891WA0139401389004003035299253
B1957023701508N11922897WA0139301389004003034298274
B1957033701511N11922902WA0139301391004003035301273
B1957043701514N11922908WA0139601392004003036302269
B1957053701516N11922914WA0139901394004003036293269
B1957063701517N11922920WA0139801395004003034276256
B1957073701516N11922925WA0139901395004003031257246
B1957083701515N11922929WA0139901396004003024252247
B1957093701514N11922933WA0140001397004003024264258
B1957103701514N11922937WA0140101396004003024285265
B1957113701516N11922942WA0140001394004003024286260
B1957123701516N11922948WA0139701392004003031272263
B1957133701516N11922953WA0139301390004003031260260
B1957143701515N11922959WA0139401391004003031267265
B1957153701516N11922965WA0139701393004003031281284
B1957163701517N11922970WA0140101395004003028289282
B1957173701518N11922974WA0140401398004003028281269
B1957183701518N11922978WA0140601400004003023251246
B1957193701516N11922980WA0140601400004003019217232
B1957203701513N11922981WA0140601401004003023194211
B1957213701509N11922982WA0140601401004003024195217
B1957223701506N11922984WA0140601401004003023215234
B1957233701504N11922988WA0140701402004003023241253
B1957243701504N11922992WA0140801403004003025274262
B1957253701505N11922997WA0140901403004003030304286
B1957263701509N11923001WA0141001405004003030328302
B1957273701515N11923003WA0141101406004003033352322
B1957283701521N11923002WA0141401409004003046012348
B1957293701528N11922998WA0141501411004003049028023
B1957303701535N11922993WA0141701410004003049048044
B1957313701539N11922984WA0141701410004003051063076
B1957323701540N11922975WA0141701410004003052082095
B1957333701539N11922965WA0141701410004003052107126
B1957343701534N11922957WA0141701410004003051132145
B1957353701528N11922953WA0141701411004003050155169
B1957363701523N11922951WA0141901412004003035179186
B1957373701518N11922952WA0142101412004003035190202
B1957383701515N11922954WA0142301415004003030206218
B1957393701512N11922956WA0142401417004003024212221
B1957403701510N11922958WA0142501418004003020216223
B1957413701507N11922961WA0142701419004003022222229
B1957423701505N11922964WA0142701420004003022230242
B1957433701502N11922969WA0142501419004003024243246
B1957443701501N11922974WA0142501417004003031252250
B1957453701500N11922980WA0142401418004003035264272
B1957463701500N11922987WA0142301418004003034273278
B1957473701500N11922993WA0142501419004003034283278
B1957483701502N11922998WA0142701422004003027291301
B1957493701504N11923002WA0142801424004003027305291
B1957503701507N11923006WA0143001424004003027320306
B1957513701511N11923009WA0143001424004003029333318
B1957523701516N11923012WA0143101425004003037357328
B1957533701522N11923010WA0143301427004003039019356
B1957543701527N11923005WA0143401428004003039043020
B1957553701531N11922997WA0143401429004003043064050
B1957563701532N11922989WA0143501431004003044085078
B1957573701530N11922981WA0143601432004003044112109
B1957583701526N11922976WA0143701431004003041139141
B1957593701521N11922973WA0143801432004003040162168
B1958003701515N11922972WA0143901434004003037176188
B1958013701510N11922972WA0144001436004003037184196
B1958023701506N11922973WA0144101436004003031200209
B1958033701503N11922975WA0144101435004003029215217
B1958043701499N11922979WA0144001435004003030221233
B1958053701496N11922983WA0143701432004003031229229
B1958063701494N11922989WA0143601430004003031239249
B1958073701492N11922995WA0143301429004003034255266
B1958083701492N11923002WA0143101427004003035276281
B1958093701494N11923007WA0143101425004003035303306
B1958103701499N11923012WA0142901423004003035329325
B1958113701504N11923015WA0142701423004003038354343
B1958123701511N11923013WA0142501422004003047012003
B1958133701519N11923010WA0142601422004003050036019
B1958143701524N11923003WA0142701422004003047052043
B1958153701528N11922996WA0142901423004003045068062
B1958163701528N11922990WA0143001425004003033087080
B1958173701527N11922983WA0143201427004003035105109
B1958183701525N11922977WA0143501428004003034115125
B1958193701523N11922972WA0143801433004003034118138
B1958203701521N11922968WA0144101436004003023127146
B1958213701519N11922965WA0144201436004003023153169
B1958223701516N11922964WA0144101436004003023180184
B1958233701511N11922965WA0144001434004003024182187
B1958243701505N11922965WA0143901433004003040179185
B1958253701499N11922964WA0144001434004003040174188
B1958263701493N11922964WA0143901434004003040173191
B1958273701488N11922963WA0143901434004003036173188
B1958283701482N11922962WA0143801434004003038177201
B1958293701476N11922963WA0143801434004003042185198
B1958303701470N11922964WA0144101435004003042190225
B1958313701464N11922965WA0144401438004003042192224
B1958323701460N11922967WA0145001445004003024197231
B1958333701457N11922968WA0145401445004003024214251
B1958343701456N11922970WA0145601446004003013255260
B1958353701456N11922972WA0145701447004003013281275
B1958363701458N11922976WA0145701449004003021301284
B1958373701461N11922979WA0145801450004003030326303
B1958383701467N11922981WA0145901451004003030351329
B1958393701473N11922982WA0145901451004003040022351
B1958403701479N11922975WA0146001452004003051044028
B1958413701482N11922965WA0145901453004003055073052
B1958423701484N11922955WA0146001454004003052104086
B1958433701481N11922946WA0146301457004003052116125
B1958443701478N11922940WA0146701462004003036122134
B1958453701475N11922935WA0147001463004003036137158
B1958463701471N11922932WA0147101464004003033149170
B1958473701466N11922929WA0147201465004003033155182
B1958483701459N11922925WA0147201467004003044157174
B1958493701453N11922923WA0147501470004003044163186
B1958503701447N11922921WA0147901475004003042174196
B1958513701442N11922922WA0148301479004003038186209
B1958523701438N11922923WA0148601482004003028191217
B1958533701433N11922924WA0148901486004003029189216
B1958543701429N11922925WA0149201490004003029184219
B1958553701424N11922925WA0149501494003003029185215
B1958563701420N11922926WA0149801495004003029194232
B1958573701418N11922928WA0150101498004003018216246
B1958583701416N11922930WA0150301500004003018250258
B1958593701416N11922934WA0150401500004003018286273
B1959003701418N11922937WA0150601502004003019316294
B1959013701422N11922938WA0150601504004003022352314
B1959023701427N11922937WA0150701504004003040019341
B1959033701434N11922931WA0150801504004003053042020
B1959043701439N11922923WA0150701504004003053065050
B1959053701443N11922912WA0150901506004003059087078
B1959063701442N11922900WA0151101507004003059109110
B1959073701438N11922891WA0151301509004003048128133
B1959083701432N11922885WA0151501512004003048141156
B1959093701427N11922882WA0151701514004003043154169
B1959103701421N11922879WA0151901517004003039158181
B1959113701416N11922877WA0152001521004003039158189
B1959123701410N11922874WA0152201525004003039159193
B1959133701404N11922872WA0152601528004003039166199
B1959143701399N11922872WA0153001532004003038178207
B1959153701393N11922872WA0153401536004003035190215
B1959163701388N11922874WA0154001538004003035202230
B1959173701386N11922876WA0154401538004003025241248
B1959183701385N11922878WA0154701537004003014303269
B1959193701389N11922880WA0154901540004003022327296
B1959203701393N11922883WA0155101544004003028341318
B1959213701397N11922884WA0155401547004003027001335
B1959223701401N11922882WA0155601552004003028023000
B1959233701405N11922879WA0155901553004003041046023
B1959243701409N11922872WA0155901555004003051056054
B1959253701413N11922862WA0156101557004003051072071
B1959263701412N11922851WA0156401560004003057098104
B1959273701407N11922842WA0156601561004003060127129
B1959283701401N11922834WA0156801563005003060163160
B1959293701395N11922833WA0157101565004003051182192
B1959303701389N11922834WA0157601568004003038196216
B1959313701387N11922837WA0158101569004003010227233
B1959323701387N11922839WA0158401574004003010268261
B1959333701388N11922841WA0158601578004003010291277
B1959343701390N11922843WA0158701581004003013312291
B1959353701393N11922846WA0158801584004003025336307
B1959363701397N11922846WA0159001587004003032000335
B1959373701403N11922844WA0159301592004003032025001
B1959383701407N11922839WA0159501595004003038046027
B1959393701410N11922832WA0159701598004003044064054
B1959403701412N11922824WA0160001601004003045079071
B1959413701412N11922815WA0160301605004003044097100
B1959423701409N11922808WA0160401607004003045116125
B1959433701405N11922801WA0160601608004003046133143
B1959443701399N11922796WA0160801611004003046144164
B1959453701394N11922791WA0161001612004003044150177
B1959463701389N11922788WA0161401617004003041150181
B1959473701384N11922784WA0161701622004003037151184
B1959483701379N11922782WA0162101625004003037157192
B1959493701374N11922780WA0162301628004003034168196
B1959503701370N11922780WA0162501630004003033180206
B1959513701366N11922781WA0162801632004003025197219
B1959523701363N11922784WA0162901634004003025224236
B1959533701363N11922787WA0162901634004003019272252
B1959543701364N11922789WA0162901635004003018307281
B1959553701367N11922791WA0163001636004003021334303
B1959563701370N11922792WA0163001638004003027356318
B1959573701375N11922791WA0163101639004003027013337
B1959583701380N11922789WA0163301640004003032024343
B1959593701385N11922786WA0163501641004003038023350
B2000003701390N11922784WA0163701644004003038014348
B2000013701396N11922783WA0164001647004003038007341
B2000023701401N11922782WA0164301652004003035009336
B2000033701405N11922780WA0164701656004003032017340
B2000043701410N11922778WA0165001660004003032021331
B2000053701414N11922776WA0165401660004003030006318
B2000063701417N11922777WA0165501661004003025337298
B2000073701420N11922780WA0165701663004003021310289
B2000083701420N11922783WA0165901666004003021281271
B2000093701420N11922786WA0166101669004003018246266
B2000103701419N11922788WA0166201670004003013225251
B2000113701418N11922789WA0166301670004003010257250
B2000123701418N11922791WA0166201670004003018281256
B2000133701419N11922796WA0166101669004003018285257
B2000143701420N11922801WA0166101671004003026272259
B2000153701419N11922806WA0166301674004003026254252
B2000163701418N11922810WA0166601677004003026241250
B2000173701417N11922813WA0166901680004003020247246
B2000183701416N11922815WA0167001679004003014279251
B2000193701417N11922818WA0166901678004003018285252
B2000203701417N11922822WA0166701676004003021272249
B2000213701417N11922826WA0166501674004003021251244
B2000223701415N11922830WA0166401673004003024248252
B2000233701415N11922834WA0166301673004003021261257
B2000243701415N11922838WA0166201673004003021280256
B2000253701416N11922842WA0166201672004003020277254
B2000263701416N11922846WA0166201672004003020256249
B2000273701415N11922850WA0166101671004003025249245
B2000283701413N11922854WA0166101672004003026264250
B2000293701414N11922859WA0166201673004003026279257
B2000303701415N11922864WA0166301674004003026286271
B2000313701416N11922868WA0166501676004003022287279
B2000323701417N11922872WA0166601676004003022286268
B2000333701418N11922876WA0166601676004003022287266
B2000343701419N11922881WA0166501675004003022288267
B2000353701420N11922886WA0166501674004003029290272
B2000363701422N11922891WA0166501674004003031291267
B2000373701424N11922897WA0166601676004003031292262
B2000383701426N11922903WA0166701677004003035292272
B2000393701429N11922910WA0166901679004003040290273
B2000403701431N11922918WA0167301680004003040284273
B2000413701432N11922925WA0167601684004003040284275
B2000423701433N11922931WA0167901688004003038287275
B2000433701435N11922937WA0168101688004003032302292
B2000443701438N11922942WA0168101689004003033307279
B2000453701441N11922948WA0168201689004003033301266
B2000463701443N11922954WA0168201690004003036280255
B2000473701444N11922961WA0168301691004003038263259
B2000483701443N11922968WA0168501692004003038270263
B2000493701444N11922973WA0168701695004003034293269
B2000503701447N11922977WA0168801695004003029312277
B2000513701450N11922981WA0168801695004003028311275
B2000523701452N11922986WA0168701695004003028298269
B2000533701453N11922991WA0168701694004003028289265
B2000543701455N11922996WA0168701695004003030292269
B2000553701457N11923001WA0168701696004003029303279
B2000563701460N11923005WA0168801696004003029314281
B2000573701463N11923008WA0168801696004003028314276
B2000583701465N11923013WA0168801696004003028304273
B2000593701468N11923018WA0168701695003003030295272
B2001003701469N11923023WA0168801695004003030295271
B2001013701471N11923028WA0168701695004003030304285
B2001023701474N11923032WA0168701695004003029307286
B2001033701476N11923036WA0168601695004003029302271
B2001043701478N11923041WA0168601694004003031291263
B2001053701480N11923047WA0168501693004003034288271
B2001063701482N11923054WA0168401693004003034298284
B2001073701485N11923060WA0168601694004003038319292
B2001083701490N11923064WA0168901696004003035329293
B2001093701494N11923067WA0169201699004003035326285
B2001103701498N11923070WA0169401699004003029309270
B2001113701499N11923073WA0169301698004003025289271
B2001123701500N11923078WA0169101696004003029280273
B2001133701501N11923084WA0168901695004003033281269
B2001143701502N11923090WA0168901696004003033291278
B2001153701504N11923097WA0169101698004003035301273
B2001163701507N11923102WA0169201700004003032305277
B2001173701510N11923107WA0169301701004003032302283
B2001183701512N11923111WA0169401701004003030296282
B2001193701514N11923117WA0169401701004003030294274
B2001203701516N11923124WA0169301700004003039296282
B2001213701519N11923130WA0169401701004003041299285
B2001223701522N11923137WA0169601703004003040299287
B2001233701525N11923143WA0169701705004003040297287
B2001243701527N11923149WA0169801705004003035291272
B2001253701529N11923155WA0169701705004003035287266
B2001263701530N11923162WA0169601705004003035287270
B2001273701532N11923169WA0169601705004003037292278
B2001283701535N11923176WA0169701705004003039297280
B2001293701538N11923182WA0169801707004003039298275
B2001303701540N11923187WA0170001707004003036295278
B2001313701542N11923193WA0170001707004003033295281
B2001323701544N11923198WA0169901707004003033298273
B2001333701547N11923204WA0169801706004003035303270
B2001343701550N11923209WA0169801704004003035308276
B2001353701554N11923215WA0169701703004003037310291
B2001363701558N11923220WA0169401701004003040310294
B2001373701562N11923226WA0169301700004003040308289
B2001383701565N11923232WA0169201699004003040304290
B2001393701568N11923238WA0169201699004003038303289
B2001403701571N11923244WA0169101698004003037303287
B2001413701575N11923249WA0169001696004003037304290
B2001423701578N11923255WA0168801695004003037304288
B2001433701581N11923262WA0168701693004003039301289
B2001443701584N11923268WA0168501691004003042299290
B2001453701587N11923275WA0168401690004003042298283
B2001463701590N11923282WA0168301689004003042298285
B2001473701593N11923289WA0168201687004003041298286
B2001483701596N11923295WA0168101686004003039297283
B2001493701599N11923302WA0167901684004003041296278
B2001503701602N11923309WA0167801682004003041297280
B2001513701604N11923316WA0167601681004003041297279
B2001523701607N11923322WA0167601681004003038297278
B2001533701609N11923328WA0167501680004003038298281
B2001543701612N11923334WA0167501679004003035300281
B2001553701615N11923339WA0167401678004003034302275
B2001563701618N11923345WA0167201676004003035304286
B2001573701621N11923350WA0167001674004003036306277
B2001583701624N11923356WA0166901672004003036308280
B2001593701628N11923361WA0166701671004003038308286
B2002003701632N11923367WA0166601669004003040307289
B2002013701635N11923373WA0166501668004003040306288
B2002023701639N11923379WA0166301666004003040307283
B2002033701643N11923386WA0166001664004003041310289
B2002043701648N11923392WA0165901662004003046312300
B2002053701652N11923398WA0165701662004003046311295
B2002063701657N11923404WA0165601661004003046308300
B2002073701660N11923410WA0165601661004003043304300
B2002083701663N11923416WA0165501660004003033303289
B2002093701666N11923420WA0165401658004003033304281
B2002103701668N11923426WA0165101655004003033301277
B2002113701671N11923433WA0164701651004003036297280
B2002123701674N11923440WA0164501651004003044294282
B2002133701677N11923447WA0164401652004003044296281
B2002143701680N11923453WA0164401651004003042301282
B2002153701683N11923458WA0164301650004003036305283
B2002163701686N11923463WA0164101647004003033303278
B2002173701688N11923469WA0163801643004003037297271
B2002183701691N11923476WA0163501639004003037293272
B2002193701693N11923483WA0163301640004003040292276
B2002203701695N11923489WA0163201639004003037296279
B2002213701698N11923495WA0163101637004003037301281
B2002223701701N11923501WA0162901636004003036302277
B2002233701704N11923507WA0162801634004003036297281
B2002243701706N11923513WA0162601632004003037293277
B2002253701708N11923519WA0162401629004003037294279
B2002263701711N11923526WA0162201627004003037298281
B2002273701714N11923532WA0162101625004003039302285
B2002283701718N11923539WA0161901624004003041303291
B2002293701721N11923545WA0161801623004003041303289
B2002303701724N11923551WA0161701621004003039304289
B2002313701728N11923556WA0161501619003003038307292
B2002323701731N11923562WA0161301617004003040308292
B2002333701735N11923568WA0161101615004003040305289
B2002343701738N11923575WA0160901613004003040300289
B2002353701741N11923581WA0160801612004003040298287
B2002363701744N11923588WA0160701610004003038300287
B2002373701747N11923593WA0160601609004003038303289
B2002383701750N11923599WA0160401607004003038302286
B2002393701753N11923605WA0160301606004003038299286
B2002403701755N11923612WA0160201605004003036294278
B2002413701757N11923618WA0160201604004003036292285
B2002423701759N11923623WA0160101604004003035298290
B2002433701762N11923629WA0160001603004003034306297
B2002443701766N11923634WA0159901601004003036313300
B2002453701770N11923639WA0159801600004003037314297
B2002463701774N11923643WA0159801600004003036314299
B2002473701777N11923648WA0159601599004003036315305
B2002483701781N11923652WA0159501597004003033319297
B2002493701785N11923656WA0159301595004003035320298
B2002503701789N11923661WA0159101592004003035318299
B2002513701794N11923666WA0158801589004003038314293
B2002523701798N11923672WA0158701587004003044311292
B2002533701802N11923678WA0158601587004003044311297
B2002543701807N11923684WA0158601587004003042317303
B2002553701811N11923688WA0158501586004003040322303
B2002563701816N11923693WA0158401585004003041322302
B2002573701821N11923698WA0158301583004003043318299
B2002583701826N11923704WA0158201583004003043313305
B2002593701830N11923710WA0158201583004003043311298
B2003003701834N11923715WA0158301584004003038313300
B2003013701838N11923720WA0158401585004003038315302
B2003023701842N11923725WA0158401584004003037316297
B2003033701846N11923730WA0158301583004003037315297
B2003043701850N11923735WA0158201582004003038316299
B2003053701854N11923740WA0158201582004003038318297
B2003063701858N11923744WA0158201582004003037316295
B2003073701861N11923748WA0158101581004003034310288
B2003083701864N11923753WA0158001580004003031307290
B2003093701867N11923757WA0157901579004003031311297
B2003103701871N11923761WA0157801577004003032319296
B2003113701875N11923765WA0157601575004003032322297
B2003123701878N11923769WA0157401574004003033319297
B2003133701882N11923774WA0157301572004003033315294
B2003143701886N11923778WA0157101570004003035315293
B2003153701890N11923783WA0157001569004003035319302
B2003163701894N11923787WA0157001569004003035323306
B2003173701898N11923790WA0157001569004003035325305
B2003183701902N11923794WA0157001569004003033323305
B2003193701905N11923797WA0157001569004003030322306
B2003203701909N11923801WA0157001569004003030322304
B2003213701912N11923804WA0157001569004003030326304
B2003223701916N11923807WA0156901568004003030330303
B2003233701920N11923810WA0156901568004003030327297
B2003243701924N11923813WA0156801566004003030317295
B2003253701927N11923817WA0156601565004003030309295
B2003263701930N11923822WA0156501564003003030312301
B2003273701934N11923826WA0156401563004003033324304
B2003283701938N11923829WA0156301561004003034330296
B2003293701942N11923832WA0156201560004003033324289
B2003303701945N11923836WA0156101559004003033310282
B2003313701948N11923841WA0155901557004003029303286
B2003323701951N11923845WA0155801556004003031311288
B2003333701955N11923849WA0155701554004003031322293
B2003343701959N11923853WA0155501552004003035324295
B2003353701963N11923858WA0155301550004003036316287
B2003363701966N11923863WA0155101548004003036303287
B2003373701969N11923868WA0154901547004003034300291
B2003383701972N11923873WA0154901547004003032311295
B2003393701975N11923876WA0154901546004003032325300
B2003403701980N11923879WA0154801545004003033333297
B2003413701984N11923882WA0154701543004003033329294
B2003423701988N11923886WA0154501541004003033317287
B2003433701992N11923891WA0154301539004003034310289
B2003443701995N11923896WA0154101538004003034314286
B2003453701999N11923900WA0154101537004003034323291
B2003463702003N11923903WA0154001536004003032324288
B2003473702007N11923906WA0153801535004003028311280
B2003483702009N11923910WA0153501532004003029300276
B2003493702011N11923916WA0153201529004003029298283
B2003503702014N11923921WA0153001527004003032303292
B2003513702017N11923926WA0153001526004003033306294
B2003523702019N11923931WA0153001526004003033300290
B2003533702021N11923935WA0152901526004003027292284
B2003543702022N11923938WA0152701524004003023294281
B2003553702024N11923942WA0152501522004003024302289
B2003563702026N11923946WA0152301518004003029307286
B2003573702029N11923951WA0152001516004003029305287
B2003583702032N11923956WA0151901516004003031300287
B2003593702034N11923961WA0151801516004003028301289
B2004003702036N11923965WA0151701515003003028309293
B2004013702039N11923968WA0151601514004003026317296
B2004023702042N11923972WA0151501512004003026317296
B2004033702045N11923976WA0151301510004003030312292
B2004043702048N11923980WA0151201509004003031308297
B2004053702051N11923985WA0151001508004003030307296
B2004063702054N11923989WA0151001506004003030309292
B2004073702056N11923993WA0150801506004003029310293
B2004083702059N11923997WA0150701504004003029308294
B2004093702062N11924002WA0150501501004003029303292
B2004103702064N11924007WA0150201499004003030300289
B2004113702067N11924012WA0150001496004003033302291
B2004123702070N11924017WA0149801493004003035307294
B2004133702073N11924022WA0149601492004003034310294
B2004143702076N11924027WA0149501491004003034310290
B2004153702079N11924031WA0149401490004003028306290
B2004163702081N11924035WA0149201489004003028305285
B2004173702083N11924039WA0149201489004003027309285
B2004183702086N11924043WA0149201489004003026314287
B2004193702089N11924046WA0149201488004003025317285
B2004203702091N11924049WA0149101488004003025310281
B2004213702093N11924052WA0149001487004003023298275
B2004223702094N11924056WA0149001485004003023291273
B2004233702096N11924060WA0148901484004003023295273
B2004243702098N11924064WA0148701483004003024306281
B2004253702100N11924068WA0148501481004003024313291
B2004263702103N11924071WA0148401479004003026311285
B2004273702105N11924075WA0148201477004003024303279
B2004283702107N11924079WA0148101476004003024294278
B2004293702108N11924082WA0147901474004003022297282
B2004303702110N11924086WA0147701473004003022310290
B2004313702113N11924088WA0147501471004003024320295
B2004323702115N11924091WA0147401469004003024320290
B2004333702118N11924094WA0147201468004003024316287
B2004343702120N11924098WA0147101466004003024310287
B2004353702123N11924101WA0147001465004003025307283
B2004363702125N11924105WA0146901464004003025305283
B2004373702127N11924109WA0146901464004003025303282
B2004383702129N11924113WA0146801464004003025304283
B2004393702131N11924117WA0146801463004003026303284
B2004403702133N11924121WA0146701462004003027299286
B2004413702135N11924126WA0146601460004003027288283
B2004423702136N11924131WA0146401459004003027278278
B2004433702136N11924136WA0146201458004003029279281
B2004443702137N11924142WA0146201456004003030287287
B2004453702139N11924147WA0146101456004003030300288
B2004463702142N11924151WA0146101456004003030305289
B2004473702144N11924155WA0146001456004003026300290
B2004483702146N11924160WA0146001456004003026291292
B2004493702147N11924164WA0145901455004003024290289
B2004503702149N11924168WA0145701453004003024296288
B2004513702151N11924173WA0145601451004003031307293
B2004523702154N11924177WA0145501451004003031314286
B2004533702157N11924181WA0145401450004003031310286
B2004543702160N11924186WA0145201448004003029297275
B2004553702161N11924191WA0145001445004003030289275
B2004563702163N11924197WA0144801442004003032290283
B2004573702165N11924202WA0144401439004003032296289
B2004583702168N11924208WA0144001436004003035300289
B2004593702170N11924214WA0143801433004003036297286
B2005003702172N11924220WA0143501432004003036287279
B2005013702174N11924226WA0143301432004003033280276
B2005023702175N11924232WA0143101430004003032284285
B2005033702176N11924236WA0142901429003003028297289
B2005043702178N11924240WA0142901428004003028310287
B2005053702180N11924243WA0142701427004003023310282
B2005063702182N11924245WA0142401425004003018298269
B2005073702183N11924249WA0141801424004003025287270
B2005083702185N11924254WA0141201417004003031289276
B2005093702186N11924259WA0140801417003003031299288
B2005103702189N11924265WA0140701418004003032308295
B2005113702192N11924269WA0140601417004003026310294
B2005123702194N11924272WA0140501415003003026302280
B2005133702196N11924276WA0140301411004003021286271
B2005143702196N11924280WA0140001405004003021281280
B2005153702197N11924285WA0139501399004003024285276
B2005163702199N11924290WA0139201394004003028288279
B2005173702200N11924295WA0138701389004003029283276
B2005183702200N11924300WA0138401385004003029272265
B2005193702200N11924305WA0138101382004003029265264
B2005203702200N11924310WA0137901379004003027271264
B2005213702200N11924315WA0137701376004003024282265
B2005223702201N11924319WA0137401373003003024293268
B2005233702203N11924323WA0137301371003003024297274
B2005243702205N11924327WA0137001367004003024300277
B2005253702207N11924331WA0136701364004003024299272
B2005263702209N11924336WA0136401361004003033298276
B2005273702212N11924342WA0136401362004003035296267
B2005283702214N11924348WA0136601363004003033296273
B2005293702215N11924351WA0136901365004003027291274
B2005303702215N11924352WA0137301364004003006297266
B2005313702215N11924353WA0137401365004003006294262
B2005323702215N11924353WA0137401365004003006278258
B2005333702215N11924355WA0137301364003003007254257
B2005343702214N11924357WA0137301364004003010230257
B2005353702213N11924358WA0137301365004003010220248
B2005363702213N11924358WA0137401366004003008220255
B2005373702214N11924358WA0137401366004003004220269
B2005383702215N11924358WA0137401366004003010012273
B2005393702217N11924357WA0137301365004003015011292
B2005403702219N11924357WA0137201363004003015005286
B2005413702223N11924357WA0136901361004003019353285
B2005423702226N11924358WA0136801362004003026340292
B2005433702230N11924360WA0136901363004003026333287
B2005443702232N11924361WA0137101365004003020330279
B2005453702232N11924362WA0137301367004003012319264
B2005463702233N11924363WA0137301366004003005286260
B2005473702233N11924364WA0137101365004003007276261
B2005483702233N11924366WA0136901362004003007283265
B2005493702234N11924369WA0136701360004003013288277
B2005503702235N11924373WA0136501360004003020292278
B2005513702236N11924376WA0136501360004003020301284
B2005523702238N11924378WA0136501360004003017324286
B2005533702240N11924379WA0136501359004003014339277
B2005543702242N11924380WA0136301358004003014323274
B2005553702243N11924382WA0136001357004003016279270
B2005563702243N11924386WA0135701352004003016257262
B2005573702241N11924391WA0135401352004003023246254
B2005583702239N11924396WA0135301352004003025252259
B2005593702239N11924400WA0135401353003003025276271
B2006003702241N11924401WA0135401352004003017331290
B2006013702242N11924402WA0135301351004003013000292
B2006023702244N11924402WA0135101348004003013344285
B2006033702246N11924403WA0134701346004003018307282
B2006043702248N11924407WA0134301341004003018293275
B2006053702249N11924412WA0134001341004003024291275
B2006063702251N11924416WA0133801338004003025296277
B2006073702253N11924420WA0133801337004003025303279
B2006083702255N11924424WA0133701336004003023306278
B2006093702256N11924426WA0133601334004003020299280
B2006103702257N11924430WA0133401331004003021290280
B2006113702258N11924434WA0133201328004003025293281
B2006123702260N11924439WA0133101328004003025309284
B2006133702263N11924442WA0133101328004003027318295
B2006143702266N11924445WA0133201328004003020321294
B2006153702268N11924447WA0133301329004003020317282
B2006163702269N11924449WA0133301327004003014303263
B2006173702270N11924451WA0133101326004003014292265
B2006183702271N11924454WA0132801323004003019292274
B2006193702273N11924458WA0132701321004003023292278
B2006203702274N11924462WA0132601321004003021288278
B2006213702275N11924465WA0132601321004003021286272
B2006223702275N11924467WA0132601320004003012280263
B2006233702275N11924470WA0132401318004003013273265
B2006243702275N11924473WA0132101315004003013271265
B2006253702275N11924477WA0131801314004003019276270
B2006263702276N11924482WA0131701314004003023286275
B2006273702278N11924485WA0131801314004003023303281
B2006283702279N11924486WA0131801314004003015327289
B2006293702280N11924487WA0131701312004003009335281
B2006303702281N11924488WA0131401309004003010308280
B2006313702282N11924490WA0131101305004003016296277
B2006323702283N11924493WA0130801304004003016295278
B2006333702285N11924497WA0130601304004003020302282
B2006343702286N11924499WA0130601303004003015312286
B2006353702288N11924501WA0130501301004003015324286
B2006363702289N11924502WA0130301298004003013324286
B2006373702291N11924504WA0130001296004003013316281
B2006383702293N11924506WA0129601291003003019309285
B2006393702295N11924510WA0129301288004003020302282
B2006403702296N11924513WA0129101285004003020292279
B2006413702297N11924516WA0128901283004003020282279
B2006423702297N11924520WA0128801282003003015279278
B2006433702298N11924522WA0128701279004003015287280
B2006443702299N11924525WA0128401276004003015297287
B2006453702300N11924528WA0128101273004003016302288
B2006463702302N11924531WA0127901270004003021305287
B2006473702304N11924534WA0127601267004003023310287
B2006483702306N11924537WA0127301266004003023315291
B2006493702309N11924540WA0127001263004003023318293
B2006503702312N11924543WA0126801263004003024316296
B2006513702314N11924546WA0126601260004003024315295
B2006523702316N11924549WA0126401257004003023316291
B2006533702319N11924551WA0126101254004003021319286
B2006543702321N11924554WA0125801250004003019315287
B2006553702322N11924557WA0125501246004003019298277
B2006563702323N11924560WA0125101242004003019277272
B2006573702323N11924564WA0124801238004003020260264
B2006583702322N11924568WA0124501235004003023250254
B2006593702320N11924572WA0124201232004003023243249
B2007003702319N11924576WA0123901229004003023240246
B2007013702317N11924580WA0123601226004003023239246
B2007023702315N11924583WA0123401222004003022237239
B2007033702313N11924587WA0122901218004003023234233
B2007043702311N11924590WA0122601213004003023229229
B2007053702308N11924594WA0122201209004003025222228
B2007063702305N11924597WA0121801205004003027216220
B2007073702302N11924600WA0121301200004003029213230
B2007083702298N11924603WA0120801195004003029213230
B2007093702294N11924607WA0120301189004003031215230
B2007103702289N11924611WA0119901184004003037214227
B2007113702284N11924614WA0119601185004003037198215
B2007123702279N11924615WA0119501184004003036178210
B2007133702275N11924614WA0119301183004003033161205
B2007143702271N11924612WA0119101180003003024162212
B2007153702268N11924610WA0118701179004003024180230
B2007163702265N11924612WA0118301174004003024202229
B2007173702261N11924615WA0117901169004003025208226
B2007183702256N11924618WA0117701169004003032204228
B2007193702251N11924620WA0117701170004003034193218
B2007203702246N11924621WA0117801169004003034180213
B2007213702241N11924620WA0118101170004003030169217
B2007223702238N11924619WA0118201171004003028166214
B2007233702234N11924618WA0118201170004003026172219
B2007243702230N11924619WA0118101169004003027189212
B2007253702226N11924621WA0118001168004003030215223
B2007263702222N11924625WA0118201169004003030239232
B2007273702220N11924631WA0118601171004003030241235
B2007283702219N11924635WA0119101172004003029225228
B2007293702216N11924638WA0119501173004003021204215
B2007303702212N11924638WA0119801176004003024192198
B2007313702209N11924639WA0119901178004003024192195
B2007323702205N11924641WA0120001180004003024202215
B2007333702202N11924643WA0120101182004003024219236
B2007343702201N11924646WA0120201184004003018233244
B2007353702199N11924648WA0120401187004003018227234
B2007363702197N11924650WA0120601189004003017192216
B2007373702194N11924649WA0120701191004003017157204
B2007383702190N11924645WA0120801192004003024140190
B2007393702187N11924641WA0120701192004003029142192
B2007403702184N11924639WA0120601191004003029164212
B2007413702181N11924640WA0120401189004003021200229
B2007423702178N11924642WA0120301190004003021233236
B2007433702177N11924646WA0120501193004003021263241
B2007443702178N11924650WA0120801195004003021298250
B2007453702179N11924651WA0121201200004003015322252
B2007463702180N11924652WA0121501203004003009331240
B2007473702180N11924652WA0121701203004003007169240
B2007483702178N11924652WA0121701204004003013175224
B2007493702176N11924651WA0121701205004003013184213
B2007503702174N11924652WA0121801207004003013189223
B2007513702173N11924652WA0121901209004003007185232
B2007523702172N11924652WA0122001209004003007349247
B2007533702174N11924653WA0122001208004003007350280
B2007543702178N11924654WA0121901206004003017350296
B2007553702184N11924655WA0121701204004003044354322
B2007563702191N11924655WA0121701205004003057012340
B2007573702200N11924652WA0121901207004003057032014
B2007583702207N11924643WA0122101209004003061050049
B2007593702212N11924633WA0122201208004003061072069
B2008003702214N11924621WA0122101208004003061091096
B2008013702212N11924610WA0122001207004003058102125
B2008023702209N11924600WA0121901209004003055119139
B2008033702205N11924594WA0122001210004003040131160
B2008043702201N11924589WA0122001210004003040143179
B2008053702198N11924587WA0122101212004003029146194
B2008063702196N11924586WA0122201213004003021145210
B2008073702194N11924584WA0122201213004003014153214
B2008083702192N11924584WA0122101212004003015190218
B2008093702189N11924585WA0122001212004003015224209
B2008103702187N11924589WA0122001213004003019253242
B2008113702187N11924593WA0122201215004003020265253
B2008123702187N11924596WA0122501218004003020265247
B2008133702187N11924599WA0122801222004003015246242
B2008143702186N11924601WA0122901222004003011231233
B2008153702185N11924602WA0123001222004003013230225
B2008163702183N11924604WA0122901222004003016233236
B2008173702182N11924607WA0122801222004003016239231
B2008183702180N11924611WA0122901223004003019242226
B2008193702179N11924614WA0123001224004003021234238
B2008203702177N11924617WA0123301228004003021225237
B2008213702175N11924619WA0123501231004003018222232
B2008223702174N11924621WA0123701233004003014240239
B2008233702174N11924624WA0123901235004003015258256
B2008243702173N11924627WA0124001237004003016252248
B2008253702172N11924630WA0124201239004003016233237
B2008263702169N11924632WA0124301240004003019217222
B2008273702166N11924635WA0124501242004003023215225
B2008283702164N11924638WA0124701244004003023232243
B2008293702163N11924642WA0124901246004003023253233
B2008303702162N11924646WA0125201249004003022264245
B2008313702162N11924650WA0125501253004003018264253
B2008323702162N11924653WA0125701256004003018270264
B2008333702162N11924656WA0125901256004003018297284
B2008343702164N11924659WA0126001255004003019322299
B2008353702169N11924662WA0125901254004003035343315
B2008363702175N11924662WA0125801253004003042004335
B2008373702181N11924659WA0125701252004003042027001
B2008383702186N11924653WA0125601252004003045050024
B2008393702190N11924645WA0125501252004003049075056
B2008403702191N11924636WA0125501252004003049088080
B2008413702191N11924627WA0125601254004003049091096
B2008423702190N11924619WA0125801257004003045092104
B2008433702190N11924613WA0126101260004003033100110
B2008443702188N11924607WA0126301260004003033119123
B2008453702185N11924602WA0126301260004003033143153
B2008463702179N11924599WA0126301259004003037156162
B2008473702173N11924596WA0126301261004003038172176
B2008483702168N11924597WA0126501264003003038191200
B2008493702164N11924599WA0126701264004003030227231
B2008503702161N11924604WA0126801264004003026262256
B2008513702162N11924610WA0126901265004003030286278
B2008523702164N11924615WA0127001268004003030297295
B2008533702167N11924619WA0127201270004003028314305
B2008543702170N11924621WA0127301272004003024339310
B2008553702174N11924622WA0127401271004003024358329
B2008563702178N11924622WA0127201270004003029002345
B2008573702183N11924622WA0127001267004003029003344
B2008583702189N11924621WA0126801267004003035005011
B2008593702195N11924620WA0126601265004003040012007
B2009003702201N11924617WA0126601264004003041027017
B2009013702206N11924612WA0126401262004003041042029
B2009023702210N11924605WA0126301260004003044055046
B2009033702213N11924597WA0126201259003003046064058
B2009043702216N11924589WA0126201259004003046072078
B2009053702217N11924582WA0126001258004003044081088
B2009063702217N11924574WA0126001257004003042093100
B2009073702216N11924566WA0126001256004003042105119
B2009083702213N11924559WA0125901256004003042119131
B2009093702209N11924553WA0125901256004003042127152
B2009103702205N11924547WA0125901256004003042136161
B2009113702200N11924543WA0126001257004003037150172
B2009123702195N11924542WA0126001258004003037171196
B2009133702190N11924542WA0126101258004003034209222
B2009143702187N11924546WA0126101258004003034227236
B2009153702184N11924552WA0126301259004003028246258
B2009163702183N11924556WA0126501262004003028250261
B2009173702182N11924559WA0126501261004003018259263
B2009183702182N11924560WA0126401260004003010260251
B2009193702182N11924562WA0126001259004003018254254
B2009203702181N11924566WA0125601259004003025250257
B2009213702180N11924570WA0125401259004003025250259
B2009223702179N11924575WA0125201258004003025250258
B2009233702178N11924579WA0125101257004003024245269
B2009243702176N11924581WA0125001256003003015239253
B2009253702175N11924584WA0124901254004003017239246
B2009263702174N11924587WA0124801252004003017241256
B2009273702173N11924590WA0124701252004003017233247
B2009283702171N11924592WA0124701251004003017211238
B2009293702168N11924593WA0124701251004003017192244
B2009303702166N11924594WA0124601249004003017205242
B2009313702165N11924596WA0124501247004003014256259
B2009323702166N11924600WA0124401246004003014284283
B2009333702167N11924605WA0124301245004003024293282
B2009343702169N11924609WA0124401246004003023301303
B2009353702171N11924612WA0124301245004003023313308
B2009363702173N11924614WA0124201244004003018323298
B2009373702176N11924616WA0124201243004003018325301
B2009383702179N11924619WA0124101242004003023319301
B2009393702182N11924623WA0124201242004003027307298
B2009403702184N11924627WA0124201244004003027299296
B2009413702185N11924630WA0124501246004003023297290
B2009423702186N11924632WA0124701249004003016321291
B2009433702187N11924632WA0124901248004003008343295
B2009443702188N11924633WA0124901247004003012326289
B2009453702189N11924635WA0124901246004003012309287
B2009463702191N11924638WA0124901245004003018301292
B2009473702193N11924642WA0124901246004003024304294
B2009483702195N11924646WA0125001248004003024309298
B2009493702197N11924648WA0125201250004003022314295
B2009503702199N11924651WA0125301252004003020313289
B2009513702201N11924653WA0125401253004003017306285
B2009523702202N11924656WA0125501252004003018302290
B2009533702204N11924659WA0125401252004003018291287
B2009543702204N11924662WA0125301251004003018281290
B2009553702205N11924666WA0125301251004003018277287
B2009563702205N11924669WA0125301251004003018286294
B2009573702206N11924671WA0125201250004003016306302
B2009583702208N11924673WA0125001248004003016316300
B2009593702210N11924676WA0124801245004003020308301
B2010003702212N11924680WA0124501243004003024297299
B2010013702213N11924684WA0124401241004003024297297
B2010023702215N11924687WA0124301240004003024312311
B2010033702218N11924689WA0124201239004003023333321
B2010043702222N11924691WA0124101238004003026343326
B2010053702226N11924692WA0123901236004003026339315
B2010063702230N11924695WA0123801236004003030332319
B2010073702234N11924697WA0123701236004003029333313
B2010083702238N11924699WA0123801236004003029339309
B2010093702242N11924700WA0123901236004003026345321
B2010103702245N11924701WA0123801236004003024349319
B2010113702248N11924702WA0123801235004003022344309
B2010123702252N11924704WA0123601233004003025337310
B2010133702256N11924706WA0123401231004003025336323
B2010143702260N11924709WA0123201231004003031335296
B2010153702265N11924711WA0123401232004003029328310
B2010163702267N11924714WA0123401233004003029309290
B2010173702268N11924718WA0123501234004003021296267
B2010183702269N11924720WA0123601234004003017307276
B2010193702271N11924722WA0123601233004003018323286
B2010203702274N11924725WA0123501232004003023323290
B2010213702277N11924728WA0123401231004003023319293
B2010223702281N11924732WA0123401230004003028315294
B2010233702284N11924736WA0123501231004003032312303
B2010243702287N11924740WA0123601232004003032314303
B2010253702290N11924744WA0123701234004003029319317
B2010263702293N11924746WA0123801235004003026329315
B2010273702296N11924748WA0123801235004003022335304
B2010283702299N11924750WA0123701235004003027331315
B2010293702303N11924753WA0123601233004003027328313
B2010303702307N11924756WA0123801234004003032325307
B2010313702311N11924759WA0123901236004003027319316
B2010323702313N11924762WA0124101239004003027303295
B2010333702313N11924765WA0124201240004003020276284
B2010343702313N11924768WA0124201238004003015263278
B2010353702313N11924771WA0124201238004003016278282
B2010363702314N11924774WA0124101237004003020296292
B2010373702316N11924778WA0124101237004003020305303
B2010383702318N11924782WA0124201238004003026305296
B2010393702320N11924786WA0124301239004003024303298
B2010403702322N11924789WA0124301239004003024300295
B2010413702324N11924793WA0124301238004003023301297
B2010423702326N11924797WA0124101236004003023308304
B2010433702329N11924801WA0123901234004003029316306
B2010443702333N11924804WA0123901233004003032322315
B2010453702336N11924808WA0123901234004003030322313
B2010463702339N11924811WA0124001236004003030319309
B2010473702342N11924814WA0124101237004003021321301
B2010483702344N11924816WA0124201238004003021331302
B2010493702348N11924817WA0124201238004003021336301
B2010503702352N11924820WA0124401239004003024332314
B2010513702356N11924822WA0124501240004003032329310
B2010523702360N11924825WA0124901242004003032333309
B2010533702363N11924827WA0125401248004003029340312
B2010543702366N11924828WA0125701252004003023345310
B2010553702367N11924828WA0126001255004003006325286
B2010563702367N11924829WA0126101255004003008287271
B2010573702368N11924831WA0126101254004003008294285
B2010583702369N11924834WA0126101253004003013309305
B2010593702372N11924837WA0125901253004003023325310
B2011003702375N11924838WA0125901254004003026345313
B2011013702380N11924839WA0126101255004003026356327
B2011023702384N11924839WA0126401257004003029000329
B2011033702388N11924839WA0126501260004003024357325
B2011043702391N11924840WA0126701263004003024342309
B2011053702392N11924841WA0126901265004003018312298
B2011063702393N11924844WA0127001267004003014292297
B2011073702394N11924846WA0127201269004003015298296
B2011083702396N11924848WA0127501271004003018320306
B2011093702399N11924850WA0127601272004003018335312
B2011103702402N11924852WA0127701272004003021341318
B2011113702406N11924853WA0127701273004003025339316
B2011123702409N11924855WA0127801274004003025334302
B2011133702412N11924857WA0127901275004003024330304
B2011143702415N11924859WA0127901276004003024332313
B2011153702418N11924861WA0128001277004003020342308
B2011163702421N11924861WA0128001277004003021349307
B2011173702424N11924862WA0128001276004003021345317
B2011183702428N11924864WA0127901275004003023329309
B2011193702430N11924867WA0127801274004003024308297
B2011203702432N11924871WA0127801273004003024292295
B2011213702433N11924875WA0127601273004003023290298
B2011223702434N11924878WA0127501272004003019309304
B2011233702436N11924880WA0127301271004003020337320
B2011243702439N11924881WA0126901266004003026352342
B2011253702444N11924880WA0126501263004003026012356
B2011263702449N11924878WA0126301262004003033041020
B2011273702453N11924869WA0125801256004003052062055
B2011283702455N11924858WA0125401250004003059088084
B2011293702449N11924836WA0124701252004003059145147
B2011303702440N11924830WA0124501252004003058160174
B2011313702433N11924828WA0124501251004003037166192
B2011323702428N11924828WA0124401250004003037166201
B2011333702424N11924827WA0124301248004003033160194
B2011343702418N11924824WA0124201246004003033154189
B2011353702413N11924821WA0124001244004003042152191
B2011363702407N11924818WA0124001243004003042154196
B2011373702401N11924815WA0124001244004003040164202
B2011383702396N11924814WA0124301247004003038167201
B2011393702392N11924812WA0124701251004003030159211
B2011403702388N11924810WA0125001254004003030148199
B2011413702384N11924807WA0125201253004003029142200
B2011423702381N11924804WA0125301252004003029146195
B2011443702377N11924802WA0125301251004003026166215
B2011453702373N11924802WA0125101250004003028203238
B2011463702369N11924806WA0125201251004003028238252
B2011473702368N11924811WA0125301252004003028279289
B2011483702371N11924815WA0125501253004003026322317
B2011493702375N11924818WA0125501252004003037359345
B2011503702382N11924816WA0125501252004003037021001
B2011513702387N11924810WA0125501251004003044043024
B2011523702393N11924803WA0125401250004003053066041
B2011533702395N11924792WA0125501251004003053085071
B2011543702394N11924782WA0125501253004003052098100
B2011553702391N11924774WA0125601255004003051114121
B2011563702387N11924767WA0125801257004003045129145
B2011573702382N11924762WA0126001259004003045141163
B2011583702378N11924758WA0126201262004003040152181
B2011593702373N11924756WA0126401262004003034165197
B2012003702370N11924756WA0126501263004003024184215
B2012013702366N11924757WA0126601263004003024203234
B2012023702363N11924760WA0126601264004003023214245
B2012033702361N11924763WA0126701265004003023227252
B2012043702359N11924766WA0126801266004003022250263
B2012053702358N11924771WA0126701265004003025266282
B2012063702358N11924776WA0126701263004003025274289
B2012073702359N11924781WA0126501263004003025278296
B2012083702360N11924783WA0126401263004003013293302
B2012093702361N11924785WA0126401263004003013339309
B2012103702363N11924784WA0126301261004003013007324
B2012113702366N11924784WA0126101259004003014006328
B2012123702369N11924784WA0126001256004003024357328
B2012133702373N11924785WA0125901255004003024348325
B2012143702376N11924786WA0125701254004003024342319
B2012153702379N11924787WA0125701254004003022336316
B2012163702381N11924789WA0125601253004003017330312
B2012173702383N11924790WA0125601253004003017332305
B2012183702385N11924791WA0125501252004003015337307
B2012193702387N11924792WA0125401250004003015343316
B2012203702390N11924793WA0125201248004003018340306
B2012213702392N11924795WA0125001246004003023324299
B2012223702395N11924799WA0124901245004003023312294
B2012233702398N11924802WA0125001246004003023303298
B2012243702399N11924805WA0125201247004003019298293
B2012253702400N11924808WA0125401250004003019305296
B2012263702402N11924810WA0125501252004003015317293
B2012273702403N11924812WA0125601252004003015318292
B2012283702405N11924814WA0125701252004003023315295
B2012293702408N11924818WA0125601250004003027313305
B2012303702411N11924822WA0125401249004003026313296
B2012313702413N11924825WA0125301248004003026312302
B2012323702415N11924827WA0125101247004003017310288
B2012333702416N11924830WA0124901245004003017301261
B2012343702418N11924833WA0124501242004003017297287
B2012353702419N11924836WA0124401239004003019301295
B2012363702422N11924840WA0124101237004003024310272
B2012373702424N11924843WA0123801236004003024320275
B2012383702427N11924845WA0123701235004003022323281
B2012393702429N11924847WA0123701233004003019318273
B2012403702431N11924850WA0123601231004003022316277
B2012413702434N11924854WA0123501230004003029316274
B2012423702438N11924858WA0123401229004003029314283
B2012433702441N11924863WA0123401229004003033312288
B2012443702444N11924867WA0123401230004003028312285
B2012453702447N11924870WA0123301229004003028314284
B2012463702449N11924873WA0123201227004003025313278
B2012473702452N11924877WA0123001227004003025308273
B2012483702454N11924881WA0122801224004003028305275
B2012493702457N11924886WA0122601224004003031303279
B2012503702460N11924891WA0122501224004003031302278
B2012513702462N11924896WA0122601225004003031297270
B2012523702463N11924900WA0122701226004003025292269
B2012533702465N11924904WA0122801227004003025295269
B2012543702466N11924907WA0122801227004003021303267
B2012553702468N11924911WA0122601226004003021304272
B2012563702471N11924916WA0122501224004003034303274
B2012573702474N11924922WA0122501224004003036299282
B2012583702477N11924928WA0122701225004003034298287
B2012593702479N11924932WA0123001228004003034308298
B2013003702481N11924935WA0123101227004003018331307
B2013013702484N11924935WA0122901225004003018358296
B2013023702487N11924935WA0122501223004003018352282
B2013033702491N11924937WA0122101218004003024338292
B2013043702496N11924939WA0122001219004003033324289
B2013053702499N11924943WA0122001220004003033316284
B2013063702501N11924945WA0122201221004003025307277
B2013073702501N11924947WA0122201221004003012307270
B2013083702501N11924947WA0122101219004003006297266
B2013093702502N11924948WA0121801218004003013300262
B2013103702503N11924952WA0121501214004003013301272
B2013113702505N11924955WA0121301213003003022308270
B2013123702508N11924959WA0121101212004003022314272
B2013133702510N11924961WA0121001210004003022311271
B2013143702511N11924963WA0120901209004003017304269
B2013153702512N11924966WA0120701206004003017298266
B2013163702514N11924969WA0120501204004003021295267
B2013173702515N11924973WA0120401203004003023297269
B2013183702517N11924977WA0120401203004003022297267
B2013193702518N11924980WA0120401203004003022295269
B2013203702519N11924983WA0120501203004003014297265
B2013213702520N11924985WA0120401203004003014311269
B2013223702522N11924987WA0120301201004003014322275
B2013233702525N11924989WA0120101198004003018324283
B2013243702528N11924993WA0119901196004003028320283
B2013253702531N11924996WA0119901195004003028315281
B2013263702533N11925000WA0119901196004003027311275
B2013273702535N11925002WA0119901197004003022319274
B2013283702537N11925003WA0119901196004003016332275
B2013293702540N11925005WA0119801194004003019333279
B2013303702543N11925007WA0119501191004003019327279
B2013313702546N11925010WA0119401189004003024323283
B2013323702549N11925013WA0119201189004003026328283
B2013333702553N11925015WA0119201189004003026337282
B2013343702556N11925016WA0119101187004003023343285
B2013353702563N11925019WA0118501181004003024334291
B2013363702566N11925022WA0118201177004003025322292
B2013373702569N11925025WA0117901174004003027315288
B2013383702571N11925029WA0117601174004003026317282
B2013393702574N11925031WA0117501173004003026326279
B2013403702577N11925033WA0117401171004003019330285
B2013413702579N11925035WA0117201169004003019319283
B2013423702581N11925038WA0117001166004003018298280
B2013433702582N11925042WA0116801164004003018283275
B2013443702582N11925046WA0116701164004003020278268
B2013453702583N11925049WA0116701164004003020277268
B2013463702583N11925052WA0116801165004003018279262
B2013473702583N11925055WA0116901166004003016280258
B2013483702584N11925058WA0117001167004003015280257
B2013493702584N11925060WA0116901166004003015279253
B2013503702584N11925063WA0116801165004003013272251
B2013513702584N11925065WA0116801164004003013272258
B2013523702585N11925068WA0116601163004003015280254
B2013533702585N11925071WA0116601162004003017285256
B2013543702586N11925074WA0116501161004003017278258
B2013553702586N11925078WA0116501161004003018264246
B2013563702585N11925083WA0116401160004003026259252
B2013583702585N11925088WA0116401160004003026267263
B2013593702586N11925092WA0116501161004003025290267
B2014003702588N11925094WA0116501161004003021325282
B2014013702590N11925096WA0116401159004003020333284
B2014023702593N11925098WA0116201157004003021318276
B2014033702595N11925102WA0116001154004003021298272
B2014043702597N11925106WA0115801155004003024289266
B2014053702598N11925111WA0115701155004003029294268
B2014063702600N11925116WA0115801156004003029309277
B2014073702603N11925119WA0115901157004003027327280
B2014083702607N11925121WA0115901157003003027338283
B2014093702611N11925123WA0115901156004003028337286
B2014103702615N11925125WA0115801155004003029326287
B2014113702618N11925129WA0115801154004003029315284
B2014123702621N11925133WA0115801154004003029313282
B2014133702624N11925137WA0115801155004003027318280
B2014143702627N11925140WA0115801155004003027326283
B2014153702631N11925142WA0115801154004003027330285
B2014163702635N11925145WA0115701153004003028330286
B2014173702639N11925148WA0115601152004003032325284
B2014183702643N11925152WA0115501151004003032320279
B2014193702646N11925156WA0115501151004003032318279
B2014203702649N11925159WA0115501151004003030320282
B2014213702652N11925162WA0115401151004003026316286
B2014223702655N11925166WA0115401150004003027309284
B2014233702657N11925170WA0115301150004003027304281
B2014243702659N11925174WA0115401151004003027304278
B2014253702662N11925178WA0115401152004003026306279
B2014263702664N11925182WA0115501152004003027311278
B2014273702667N11925186WA0115501152004003027316277
B2014283702671N11925189WA0115501152004003028320286
B2014293702674N11925193WA0115501152004003033325288
B2014303702679N11925196WA0115501152004003034330288
B2014313702683N11925199WA0115601153004003034334289
B2014323702688N11925202WA0115601153004003034333287
B2014333702692N11925205WA0115601153004003032328286
B2014343702696N11925208WA0115601153004003032323285
B2014353702699N11925212WA0115701153004003031315286
B2014363702702N11925215WA0115801155004003029309283
B2014373702704N11925219WA0115901157004003023307284
B2014383702706N11925222WA0116101158004003023306282
B2014393702708N11925226WA0116201159004003023306276
B2014403702711N11925230WA0116301160004003024305275
B2014413702713N11925234WA0116301160004003029307274
B2014423702716N11925238WA0116301160004003029311273
B2014433702719N11925242WA0116301160004003029312277
B2014443702722N11925247WA0116201159004003030311280
B2014453702726N11925252WA0116301159004003035310285
B2014463702729N11925257WA0116401160004003035306284
B2014473702731N11925261WA0116601163004003031302275
B2014483702733N11925265WA0116801165004003028302272
B2014493702735N11925269WA0117001167004003023303266
B2014503702737N11925272WA0117101168004003023307273
B2014513702739N11925276WA0117201169004003023309284
B2014523702742N11925280WA0117301170003003026312288
B2014533702745N11925283WA0117501172004003028316284
B2014543702748N11925287WA0117701173004003028319289
B2014553702751N11925289WA0118001174004003025317272
B2014563702752N11925292WA0118201177004003020299267
B2014573702752N11925294WA0118401178004003012249251
B2014583702750N11925296WA0118401178004003019223233
B2014593702747N11925299WA0118401179004003019217226
B2015003702744N11925302WA0118401180004003027198225
B2015013702739N11925303WA0118601182004003033168202
B2015023702734N11925300WA0118901185004003037146177
B2015033702729N11925294WA0119101185004003037120158
B2015043702727N11925285WA0119201187004003045103128
B2015053702727N11925275WA0119301188004003055083102
B2015063702729N11925265WA0119401189004003055053073
B2015073702735N11925259WA0119501190004003054033035
B2015083702742N11925257WA0119501190004003049007012
B2015093702748N11925260WA0119601192004003038336344
B2015103702753N11925263WA0119801193004003038318309
B2015113702755N11925267WA0120001196004003030310290
B2015123702757N11925269WA0120201199004003022305283
B2015133702758N11925272WA0120401200004003020301282
B2015143702760N11925276WA0120501201004003023296287
B2015153702761N11925280WA0120601202004003021285278
B2015163702761N11925284WA0120701203004003021267261
B2015173702760N11925288WA0120601203004003022246240
B2015183702758N11925291WA0120601203004003025221225
B2015193702754N11925293WA0120601204004003025194204
B2015203702749N11925292WA0120701204004003030167179
B2015213702743N11925288WA0120601204004003043141151
B2015223702738N11925282WA0120601204004003050117130
B2015233702736N11925273WA0120501202004003050101105
B2015243702737N11925262WA0120401201004003053083086
B2015253702739N11925252WA0120301200004003056066067
B2015263702744N11925244WA0120301200004003056047048
B2015273702750N11925238WA0120401201004003051023024
B2015283702755N11925236WA0120601203004003042009357
B2015293702759N11925237WA0120701205004003024346337
B2015303702762N11925239WA0120801206004003024317300
B2015313702763N11925242WA0120901206004003017298282
B2015323702764N11925245WA0120801206004003016304277
B2015333702766N11925247WA0120801205004003016306277
B2015343702767N11925250WA0120701205004003017289274
B2015353702767N11925254WA0120601204004003017268265
B2015363702767N11925258WA0120601204004003020257254
B2015373702766N11925261WA0120701205004003018243246
B2015383702764N11925263WA0120801206004003018215230
B2015393702761N11925264WA0120901207004003018184202
B2015403702756N11925263WA0120901206004003023169189
B2015413702745N11925258WA0120901206004003044146160
B2015423702740N11925252WA0120901208004003047133137
B2015433702736N11925245WA0121001207004003047118115
B2015443702732N11925235WA0121001207004003053109115
B2015453702730N11925224WA0121001207004003057101107
B2015463702730N11925214WA0121101209004003057093097
B2015473702730N11925204WA0121201210004003054084084
B2015483702732N11925195WA0121401211004003053072075
B2015493702735N11925188WA0121401211004003043055059
B2015503702740N11925183WA0121301210004003043031032
B2015513702744N11925182WA0121301209004003035003002
B2015523702748N11925183WA0121201210004003029335324
B2015533702749N11925186WA0121301211004003019289293
B2015543702749N11925190WA0121401212004003023243258
B2015553702745N11925193WA0121601214004003023212235
B2015573702741N11925195WA0121801216004003028190221
B2015583702736N11925195WA0122001219004003031178207
B2015593702732N11925194WA0122201221004003031175206
B2016003702727N11925194WA0122301223004003030172200
B2016013702723N11925193WA0122401222004003030169206
B2016023702717N11925191WA0122401221004003041165194
B2016033702710N11925189WA0122301222004003045159181
B2016043702704N11925185WA0122401223004003045151172
B2016053702699N11925180WA0122501225004003045143159
B2016063702694N11925175WA0122601226004003045137150
B2016073702689N11925169WA0122801226004003048129137
B2016083702684N11925161WA0122901228004003048122127
B2016093702681N11925152WA0123101230004003051114126
B2016103702678N11925142WA0123401234004003052113138
B2016113702674N11925135WA0123601236004003052123152
B2016123702671N11925128WA0123701236004003045151192
B2016133702666N11925128WA0123801235004003037178215
B2016143702661N11925129WA0124001237004003025216228
B2016153702660N11925133WA0124201238004003025283257
B2016163702662N11925135WA0124501243004003020342286
B2016173702667N11925135WA0124701246004003020006292
B2016183702671N11925134WA0125001248004003016004290
B2016193702672N11925135WA0125101248004003016300282
B2016203702672N11925138WA0125101249004003016239262
B2016213702670N11925141WA0125201250004003017224243
B2016223702667N11925144WA0125301252004003023216239
B2016233702664N11925146WA0125601256004003023212239
B2016243702662N11925148WA0125801259004003020218244
B2016253702660N11925150WA0126001259004003015241254
B2016263702660N11925153WA0126101260004003015263264
B2016273702660N11925156WA0126201262004003019269256
B2016283702660N11925160WA0126501264004003016263253
B2016293702659N11925162WA0126901269004003016228235
B2016303702656N11925163WA0127301274004003016189229
B2016313702654N11925162WA0127601277004003017172219
B2016323702652N11925162WA0127801280004003016164209
B2016333702649N11925161WA0128001281004003017163203
B2016343702646N11925160WA0128201282004003024162188
B2016353702642N11925158WA0128201283004003032159175
B2016363702637N11925155WA0128201283004003032148157
B2016373702632N11925149WA0128301284004003038129132
B2016383702629N11925141WA0128301284004003049110122
B2016393702627N11925132WA0128301284004003051091103
B2016403702628N11925123WA0128201284004003050085085
B2016413702629N11925114WA0128201284004003050084079
B2016423702629N11925105WA0128201285004003048085077
B2016433702630N11925096WA0128301285004003048083072
B2016443702632N11925087WA0128301285004003046074063
B2016453702635N11925079WA0128201284004003046064051
B2016463702639N11925071WA0128101284004003049056039
B2016473702643N11925064WA0128101283004003050052029
B2016483702648N11925057WA0128101284004003049045023
B2016493702653N11925051WA0128301286004003047040015
B2016503702659N11925046WA0128401287004003047035350
B2016513702665N11925041WA0128601288004003047028349
B2016523702670N11925039WA0128801291004003040017336
B2016533702673N11925039WA0129101294004003031001317
B2016543702676N11925039WA0129301297004003019349308
B2016553702679N11925040WA0129601300004003019347307
B2016563702682N11925041WA0129801302004003019356309
B2016573702685N11925041WA0130001305004003021358316
B2016583702688N11925041WA0130201307004003019351319
B2016593702691N11925042WA0130501309004003019338309
B2017003702693N11925043WA0130701311004003018338302
B2017013702696N11925045WA0130801312004003018344289
B2017023702699N11925046WA0131101314004003018337290
B2017033702700N11925048WA0131201316004003018310277
B2017043702701N11925051WA0131301316004003017278262
B2017053702701N11925054WA0131301316004003017268260
B2017063702700N11925058WA0131301317004003023258263
B2017073702699N11925063WA0131401318004003026240250
B2017083702696N11925066WA0131601320004003026218241
B2017093702692N11925068WA0131801323004003029194237
B2017103702687N11925068WA0132101327004003029178218
B2017113702683N11925068WA0132401330004003029168215
B2017123702681N11925066WA0132501331004003024158214
B2017133702677N11925065WA0132601331004003024164190
B2017143702673N11925063WA0132701331004003038167181
B2017153702666N11925061WA0132801333004003044165186
B2017163702660N11925058WA0133001336004003044151165
B2017173702654N11925053WA0133401341004003045135141
B2017183702650N11925046WA0133601341004003046114111
B2017193702647N11925038WA0133801341004003052100093
B2017203702647N11925028WA0133801341004003052088075
B2017213702650N11925017WA0133901341004003057067059
B2017223702656N11925009WA0133901342004003055041047
B2017233702663N11925007WA0134101343004003055012010
B2017243702670N11925005WA0134401346004003046352334
B2017253702674N11925006WA0134701352004003035356316
B2017263702677N11925006WA0135101357004003020009314
B2017273702680N11925006WA0135301357004003020009308
B2017283702682N11925005WA0135401358004003018345301
B2017293702685N11925007WA0135501359004003018331293
B2017303702688N11925010WA0135701361004003025328302
B2017313702691N11925012WA0135901365004003025335309
B2017323702693N11925012WA0136201369004003020004322
B2017333702696N11925012WA0136401369004003020028354
B2017343702700N11925009WA0136301368004003042037005
B2017353702706N11925003WA0136201368004003055048030
B2017363702711N11924994WA0136101368004003055065048
B2017373702714N11924982WA0136101369004003062078069
B2017383702714N11924969WA0136101370004003062095100
B2017393702712N11924958WA0136201370004003062116128
B2017403702707N11924950WA0136201371004003058131148
B2017413702701N11924945WA0136301372004003053150171
B2017423702696N11924942WA0136401374004003034166190
B2017433702692N11924942WA0136601376004003034179215
B2017443702688N11924943WA0136701378004003025190222
B2017453702686N11924944WA0136901379004003021199226
B2017463702683N11924945WA0137001381004003017208244
B2017473702681N11924949WA0137601387004003015252252
B2017483702681N11924951WA0137801390004003009322288
B2017493702683N11924951WA0138001392004003009349306
B2017503702687N11924952WA0138201392004003028354321
B2017513702691N11924953WA0138501395004003029354319
B2017523702695N11924953WA0138701399004003028352307
B2017533702696N11924954WA0139001401004003020327281
B2017543702698N11924956WA0139101401004003015281271
B2017553702697N11924959WA0139201402004003020262257
B2017563702697N11924964WA0139501404004003020249249
B2017573702696N11924967WA0139901407004003020224238
B2017583702693N11924968WA0140401414004003014171215
B2017593702691N11924966WA0140701414004003024140180
B2018003702687N11924963WA0140801415004003024137166
B2018013702682N11924957WA0140901416004003033139165
B2018023702677N11924952WA0141001417004003045132148
B2018043702673N11924944WA0141101419004003052116110
B2018053702671N11924934WA0141201421004003052097094
B2018063702672N11924922WA0141401422004003058080078
B2018073702676N11924912WA0141501425004003058061048
B2018083702680N11924904WA0141801427004003058039027
B2018093702685N11924900WA0142201432004003047026002
B2018103702690N11924898WA0142601433004003036007344
B2018113702694N11924898WA0142801434004003022353325
B2018123702697N11924899WA0143001435004003022345308
B2018133702701N11924901WA0143101438004003022339304
B2018143702704N11924904WA0143101439004003024326298
B2018153702707N11924907WA0143201440004003027315290
B2018163702709N11924911WA0143301442004003028313289
B2018173702712N11924915WA0143501445004003027322290
B2018183702715N11924917WA0143801450004003026330288
B2018193702717N11924918WA0144101453004003009328285
B2018203702718N11924919WA0144301453004003009224259
B2018213702716N11924920WA0144401454004003009218240
B2018223702714N11924922WA0144401454004003013232248
B2018233702713N11924926WA0144601456004003022234242
B2018243702710N11924928WA0144901460004003022205233
B2018253702707N11924929WA0145101461004003022163185
B2018263702701N11924926WA0145201461004003032144174
B2018273702695N11924919WA0145301461004003055134156
B2018283702689N11924911WA0145401462004003056122130
B2018293702685N11924901WA0145501465004003056113112
B2018303702683N11924890WA0145701467004003057101097
B2018313702681N11924880WA0145801467004003057086077
B2018323702683N11924869WA0145801467004003057077063
B2018333702686N11924859WA0146001469004003057064054
B2018343702690N11924850WA0146101470004003055044038
B2018353702696N11924845WA0146301471004003039023013
B2018363702701N11924844WA0146401472004003039011344
B2018373702706N11924844WA0146501474004003033004330
B2018383702710N11924844WA0146601476004003029003321
B2018393702714N11924844WA0146701476004003025001328
B2018403702718N11924844WA0146701477004003026351321
B2018413702722N11924846WA0146701477004003026344310
B2018423702727N11924847WA0146901478004003026344308
B2018433702730N11924849WA0147001480004003019345309
B2018443702732N11924849WA0147201482004003019345296
B2018453702733N11924850WA0147301483004003014350296
B2018463702735N11924850WA0147301483004003009342295
B2018473702736N11924850WA0147201483004003009325284
B2018483702737N11924852WA0147101481004003012310284
B2018493702738N11924854WA0147001480004003012303288
B2018503702740N11924857WA0146901480004003017302284
B2018513702741N11924861WA0147001481004003022302293
B2018523702743N11924865WA0147201483004003022303284
B2018533702745N11924867WA0147301485004003022307285
B2018543702746N11924870WA0147401485004003017310285
B2018553702748N11924871WA0147501485004003012317286
B2018563702749N11924873WA0147401484004003014309271
B2018573702750N11924875WA0147201484004003014294281
B2018583702751N11924879WA0147101482004003019282288
B2018593702751N11924883WA0147001482004003017274269
B2019003702751N11924885WA0147001482004003017272273
B2019013702752N11924887WA0146901481004003011292283
B2019023702753N11924889WA0146801478004003011311291
B2019033702756N11924892WA0146501475004003024308283
B2019043702758N11924896WA0146401476004003029292284
B2019053702759N11924902WA0146301476004003029281269
B2019063702760N11924908WA0146301476004003029275261
B2019073702760N11924913WA0146301477004003028276265
B2019083702761N11924919WA0146401478004003031288276
B2019093702764N11924924WA0146601479004003030304285
B2019103702767N11924928WA0146801481004003030316293
B2019113702769N11924931WA0146901483004003025315294
B2019123702771N11924934WA0147001483004003025297273
B2019133702772N11924939WA0146901481004003025285269
B2019143702774N11924945WA0146801480004003028289276
B2019153702776N11924951WA0146801479004003036296279
B2019163702779N11924957WA0146801479004003036296274
B2019173702780N11924962WA0146801480004003035286276
B2019183702781N11924968WA0146801479004003032276263
B2019193702782N11924974WA0146801478004003032277273
B2019203702783N11924981WA0146701476004003035283279
B2019213702784N11924987WA0146701476004003035284277
B2019223702785N11924995WA0146701476004003039275272
B2019233702785N11925002WA0146701476004003039266280
B2019243702784N11925009WA0146701477004003039263270
B2019253702784N11925014WA0146801478004003033266269
B2019263702784N11925018WA0146901477004003025286281
B2019273702785N11925021WA0146801476004003021305290
B2019283702787N11925025WA0146601473004003026309282
B2019293702790N11925029WA0146301473004003026300278
B2019303702793N11925035WA0146101473004003034283267
B2019313702794N11925041WA0146101474004003030265265
B2019323702793N11925045WA0146201475004003030258264
B2019333702792N11925049WA0146301474004003022289276
B2019343702793N11925051WA0146301472004003021325289
B2019353702797N11925053WA0146101469004003025333289
B2019363702800N11925056WA0145901466004003025323276
B2019373702802N11925059WA0145701463004003024305281
B2019383702804N11925063WA0145501461004003024295276
B2019393702806N11925067WA0145301459004003023305283
B2019403702808N11925070WA0145201458004003024326293
B2019413702812N11925072WA0145101457004003024340295
B2019423702816N11925073WA0145001456004003025335284
B2019433702818N11925076WA0144801454004003020309270
B2019443702819N11925079WA0144601452004003020277271
B2019453702819N11925083WA0144401452004003020281275
B2019463702821N11925087WA0144301451004003021306285
B2019473702824N11925089WA0144201449004003024328291
B2019483702827N11925091WA0144101449004003024321277
B2019493702828N11925094WA0143901447004003021291263
B2019503702828N11925098WA0143701444004003019269282
B2019513702829N11925101WA0143501442004003019287286
B2019523702830N11925104WA0143301440004003021313282
B2019533702835N11925110WA0142701434004003021302270
B2019543702836N11925114WA0142301430004003022279271
B2019553702836N11925118WA0142001427004003024273284
B2019563702837N11925123WA0141901425003003024287282
B2019573702839N11925127WA0141601422004003024303289
B2019583702841N11925130WA0141401420004003024304282
B2019593702842N11925134WA0141101418004003022284266
B2020003702842N11925138WA0140801415004003022265263
B2020013702842N11925142WA0140701412004003022268274
B2020023702842N11925146WA0140701410004003021292304
B2020033702844N11925149WA0140401408004003020310275
B2020043702846N11925152WA0140301406004003021309275
B2020053702848N11925155WA0140101404004003020303271
B2020063702850N11925158WA0139901403004003020305271
B2020073702852N11925160WA0139601401004003023320285
B2020093702856N11925163WA0139401398004003029332292
B2020103702860N11925166WA0139201395004003029336295
B2020113702864N11925168WA0139101394004003030332295
B2020123702868N11925170WA0139001394004003025329292
B2020133702871N11925172WA0138901393004003025334293
B2020143702874N11925174WA0138701391004003024339295
B2020153702878N11925176WA0138501388004003024333292
B2020163702881N11925179WA0138301385004003028318282
B2020173702883N11925183WA0138201383004003028300271
B2020183702885N11925187WA0138001384004003026293270
B2020193702887N11925191WA0138001383004003023301267
B2020203702889N11925194WA0137901383004003022311270
B2020213702891N11925197WA0137801382004003022308270
B2020223702892N11925200WA0137801381004003021297268
B2020233702893N11925204WA0137701380004003020285264
B2020243702894N11925207WA0137601379004003019285259
B2020253702895N11925210WA0137601379004003019293259
B2020263702896N11925213WA0137501377004003019302261
B2020273702898N11925216WA0137401376004003019306266
B2020283702900N11925220WA0137201374004003022306267
B2020293702902N11925223WA0137101373004003023308272
B2020303702904N11925227WA0137001371004003023311271
B2020313702907N11925230WA0136901371004003025319280
B2020323702910N11925233WA0136901371004003024326280
B2020333702913N11925235WA0136901370004003024324275
B2020343702915N11925237WA0136801369004003020308260
B2020353702916N11925240WA0136601367004003016297264
B2020363702917N11925242WA0136401365004003016309270
B2020373702919N11925244WA0136201362004003018319267
B2020383702921N11925247WA0135901359004003018309259
B2020393702922N11925250WA0135701356004003020282250
B2020403702922N11925254WA0135401353004003020274260
B2020413702922N11925258WA0135301353004003021305265
B2020423702926N11925261WA0135001351004003021330278
B2020433702930N11925263WA0134901351004003026339276
B2020443702933N11925264WA0134801350004003017308253
B2020453702934N11925267WA0134601348004003017254250
B2020463702933N11925269WA0134401348004003017234236
B2020473702931N11925273WA0134301349004003020249242
B2020483702930N11925277WA0134401349004003018286249
B2020493702932N11925280WA0134601350004003018315259
B2020503702933N11925281WA0134701351004003016317246
B2020513702934N11925283WA0134701350004003012282247
B2020523702934N11925285WA0134701349004003011259244
B2020533702933N11925287WA0134701349004003013261245
B2020543702933N11925290WA0134701349004003013272246
B2020553702934N11925293WA0134801349004003016288251
B2020563702935N11925296WA0134801349004003018305251
B2020573702937N11925299WA0134901350004003018305259
B2020583702938N11925302WA0135101350004003018301258
B2020593702940N11925305WA0135401351004003018295257
B2021003702940N11925307WA0135601355004003012279260
B2021013702940N11925309WA0136001359004003012255252
B2021023702940N11925311WA0136301362004003011277248
B2021033702940N11925313WA0136501362004003011305263
B2021043702943N11925317WA0136501360004003035323285
B2021053702949N11925322WA0136501361004003051340306
B2021063702957N11925324WA0136601363004003051004332
B2021073702967N11925322WA0136801364004003061029004
B2021083702976N11925314WA0137001364004003066047038
B2021093702979N11925301WA0137201365004003066073065
B2021103702979N11925290WA0137301368004003064095100
B2021113702978N11925278WA0137501370004003057117131
B2021123702974N11925273WA0137801374004003034129157
B2021133702971N11925270WA0138101378004003034141182
B2021143702968N11925268WA0138401382004003023151193
B2021153702967N11925267WA0138701385004003016157196
B2021163702965N11925266WA0138801387004003008154197
B2021173702964N11925266WA0138901388004003008162215
B2021183702963N11925266WA0138901388004003007195214
B2021193702962N11925267WA0139001389004003007219221
B2021203702961N11925268WA0139201391004003011218224
B2021213702960N11925269WA0139401395004003011228239
B2021223702959N11925270WA0139701394004003007325245
B2021233702961N11925271WA0139701394004003007338269
B2021243702963N11925273WA0139701394004003023327268
B2021253702967N11925276WA0139601393004003028318274
B2021263702970N11925280WA0139601394004003025312260
B2021273702971N11925283WA0139601395004003025297256
B2021283702972N11925286WA0139701395004003017283251
B2021293702973N11925289WA0139701396004003017273244
B2021303702973N11925292WA0139601395004003016273248
B2021313702973N11925295WA0139501395004003016273246
B2021323702973N11925299WA0139301394004003019271246
B2021333702973N11925302WA0139201393004003019270242
B2021343702973N11925306WA0139101393004003019269248
B2021353702973N11925309WA0139101393004003019274256
B2021363702974N11925312WA0139201394004003017290269
B2021373702975N11925315WA0139201394004003019308280
B2021383702978N11925318WA0139101392004003019321286
B2021393702981N11925321WA0138901391004003022322284
B2021403702985N11925325WA0138801389004003032320294
B2021413702988N11925329WA0138701389004003033319293
B2021423702992N11925332WA0138701390004003032323284
B2021433702996N11925335WA0138701390004003031327280
B2021443702999N11925338WA0138701389004003027325282
B2021453703002N11925341WA0138601388004003028318280
B2021463703005N11925345WA0138501387004003028313279
B2021473703008N11925349WA0138501388004003028309276
B2021483703010N11925353WA0138601390004003024311279
B2021493703013N11925356WA0138801392004003024314280
B2021503703015N11925358WA0138901393004003021317284
B2021513703017N11925361WA0139001393004003021316283
B2021523703019N11925364WA0139001392004003023314282
B2021533703022N11925367WA0139001392004003024314281
B2021543703025N11925370WA0139001393004003023317282
B2021553703027N11925373WA0139201395004003023321282
B2021563703029N11925375WA0139401397004003016322281
B2021573703031N11925377WA0139501398004003016315275
B2021583703032N11925379WA0139501399004003015298264
B2021593703033N11925382WA0139601399004003015284264
B2022003703033N11925385WA0139601400004003016276264
B2022013703033N11925387WA0139701401004003014278262
B2022023703034N11925390WA0139801402004003014289273
B2022033703035N11925392WA0139801402004003013297275
B2022043703036N11925394WA0139801401004003013297270
B2022053703037N11925397WA0139701400004003017292272
B2022063703038N11925400WA0139601399004003020290271
B2022073703039N11925404WA0139501398004003020293276
B2022083703040N11925408WA0139501398004003022296277
B2022093703042N11925411WA0139501399004003020293271
B2022103703042N11925415WA0139601399004003020283271
B2022113703043N11925418WA0139601399004003018275269
B2022123703043N11925421WA0139601399004003018283273
B2022133703045N11925425WA0139501398004003019295279
B2022143703046N11925429WA0139501398004003026301282
B2022153703048N11925434WA0139501398004003026297280
B2022163703049N11925438WA0139501399004003026287274
B2022173703050N11925442WA0139601400004003023282274
B2022183703051N11925446WA0139601400004003020290281
B2022193703053N11925449WA0139601399004003023303290
B2022203703055N11925453WA0139501398004003023305287
B2022213703057N11925457WA0139401397004003026296291
B2022223703058N11925462WA0139401398004003025283278
B2022233703059N11925466WA0139501399004003025287287
B2022243703061N11925469WA0139501399004003022309280
B2022253703064N11925472WA0139501399004003022323290
B2022263703067N11925475WA0139501399004003025324291
B2022273703069N11925477WA0139601400004003025317295
B2022283703071N11925479WA0139701401004003019306287
B2022293703071N11925481WA0139701400004003014294276
B2022303703072N11925484WA0139501399004003016291268
B2022313703074N11925488WA0139401396004003023292263
B2022323703075N11925493WA0139201395004003023293271
B2022333703077N11925498WA0139101394004003030293275
B2022343703079N11925503WA0139101395004003026294276
B2022353703080N11925507WA0139201395004003026296278
B2022363703082N11925510WA0139201395004003022299279
B2022373703083N11925514WA0139001393004003022297278
B2022383703085N11925518WA0138801390004003026293276
B2022393703087N11925523WA0138701389004003029290274
B2022403703088N11925528WA0138601388004003029290274
B2022413703090N11925533WA0138601389004003029294273
B2022423703091N11925537WA0138601390004003025298269
B2022433703093N11925541WA0138601389004003025302276
B2022443703095N11925545WA0138601388004003025302281
B2022453703098N11925549WA0138401386004003026304280
B2022463703101N11925554WA0138401386004003035309283
B2022473703104N11925560WA0138401387004003035319297
B2022483703108N11925563WA0138601388004003035332287
B2022493703112N11925565WA0138801391004003030337285
B2022503703115N11925567WA0138901392004003023325272
B2022513703118N11925570WA0138901391004003023303267
B2022523703119N11925574WA0138601388004003023284255
B2022533703120N11925579WA0138501388004003026273257
B2022543703120N11925584WA0138601388004003028278267
B2022553703122N11925590WA0138601387004003031293278
B2022563703124N11925595WA0138301387004003031293268
B2022573703124N11925600WA0138201386004003031278251
B2022583703123N11925604WA0138101384004003024244232
B2022593703121N11925608WA0138001384004003026225237
B2023003703119N11925611WA0138001384004003024233242
B2023013703118N11925615WA0138001383004003023257264
B2023023703117N11925618WA0137901382004003019274273
B2023033703117N11925622WA0137901383004003021268262
B2023043703117N11925626WA0138001383004003021264263
B2023053703117N11925631WA0138201385004003024272245
B2023063703118N11925636WA0138401388004003024287272
B2023073703119N11925640WA0138701388004003024291290
B2023083703120N11925643WA0138801389004003019283254
B2023093703120N11925646WA0138801388004003019277257
B2023103703121N11925651WA0138701387004003029276255
B2023113703121N11925658WA0138601386004003036274260
B2023123703122N11925665WA0138601387004003036272249
B2023133703122N11925672WA0138801388004003036269250
B2023143703122N11925677WA0139001391004003026268253
B2023153703122N11925681WA0139101391004003026270254
B2023163703122N11925685WA0139101390004003023271251
B2023173703122N11925689WA0138901389004003023271254
B2023183703122N11925695WA0138701387004003033272258
B2023193703123N11925702WA0138401384004003034274268
B2023203703123N11925708WA0138301383004003033278274
B2023213703124N11925714WA0138201382004003034284277
B2023223703126N11925721WA0138101381004003035285269
B2023233703127N11925727WA0137901379004003036286268
B2023243703129N11925733WA0137701377004003035281274
B2023253703129N11925739WA0137501375004003034273266
B2023263703129N11925746WA0137301372004003033269257
B2023273703129N11925752WA0137101370004003036269261
B2023283703129N11925759WA0136901368004003036275268
B2023293703130N11925766WA0136701368004003038286275
B2023303703132N11925773WA0136701369004003037298281
B2023313703135N11925778WA0136901371004003037307287
B2023323703139N11925783WA0137101371004003034314291
B2023333703142N11925787WA0137301373004003031312288
B2023343703144N11925791WA0137501375004003027309287
B2023353703147N11925795WA0137701377004003027311283
B2023363703150N11925799WA0137901380004003027314275
B2023373703153N11925802WA0138101382004003027311271
B2023383703155N11925806WA0138201384004003021297263
B2023393703155N11925809WA0138301385004003021273245
B2023403703154N11925813WA0138301384004003020249230
B2023413703153N11925816WA0138301385004003020230215
B2023423703150N11925818WA0138401386004003021203205
B2023433703146N11925818WA0138401385004003026171183
B2023443703142N11925815WA0138301384004003026151168
B2023453703137N11925811WA0138201383004003034139158
B2023463703132N11925805WA0138201384004003043125144
B2023473703129N11925798WA0138301385004003043112131
B2023483703129N11925791WA0138501387004003042091117
B2023493703131N11925784WA0138601388004003039067091
B2023503703134N11925778WA0138601388004003039049060
B2023513703138N11925773WA0138701388004003039038030
B2023523703143N11925768WA0138801389004003039036019
B2023533703148N11925764WA0138801390004003040035017
B2023543703154N11925759WA0138901390004003046034020
B2023553703160N11925754WA0139001391004003048034017
B2023563703166N11925749WA0139101392004003048033013
B2023573703172N11925744WA0139301394004003048032010
B2023583703178N11925740WA0139501397004003041025005
B2023593703183N11925738WA0139701399004003041014352
B2024003703188N11925737WA0139801399004003036001332
B2024013703193N11925737WA0139801399004003032359316
B2024023703198N11925737WA0139701399004003034002316
B2024033703203N11925737WA0139701398004003037004334
B2024043703209N11925736WA0139701398004003037003330
B2024053703215N11925736WA0139701399004003038000324
B2024063703220N11925736WA0139801399004003038000325
B2024073703225N11925736WA0139801400004003034002326
B2024083703231N11925736WA0139801400004003034002325
B2024093703236N11925736WA0139801400004003034359327
B2024103703241N11925736WA0139801400004003035354315
B2024113703246N11925737WA0139801401004003036350314
B2024123703251N11925738WA0139901402004003033347315
B2024133703256N11925740WA0140001403003003033345312
B2024143703259N11925741WA0140101404004003029345303
B2024153703263N11925742WA0140101403004003026341305
B2024163703266N11925744WA0140001402004003026331305
B2024173703270N11925747WA0139901401004003030325304
B2024183703274N11925750WA0139901400004003031327302
B2024193703278N11925753WA0139901401004003030332301
B2024203703282N11925755WA0139901402004003030332305
B2024213703285N11925758WA0139901402004003024324300
B2024223703287N11925761WA0139901401004003025317295
B2024233703290N11925764WA0139901400004003025319295
B2024243703294N11925768WA0139901401004003028325297
B2024253703298N11925771WA0139901402004003033329302
B2024263703302N11925774WA0140001403004003033328295
B2024273703306N11925777WA0140101404004003030319289
B2024283703308N11925781WA0140201405004003027310286
B2024293703311N11925784WA0140301405004003026307285
B2024303703313N11925788WA0140301406004003028310292
B2024313703316N11925793WA0140401407004003028314294
B2024323703320N11925797WA0140401408004003030315294
B2024333703322N11925800WA0140601409004003027313293
B2024343703325N11925804WA0140701409004003027308284
B2024353703328N11925808WA0140901411004003027306286
B2024363703330N11925812WA0141001413004003027305286
B2024373703333N11925816WA0141201414004003028309290
B2024383703336N11925820WA0141301416004003028315289
B2024393703338N11925823WA0141501418004003027316285
B2024403703340N11925826WA0141601420004003023308276
B2024413703342N11925829WA0141801421004003019298275
B2024423703343N11925832WA0141901422004003020296283
B2024433703345N11925836WA0141901423004003020300279
B2024443703347N11925840WA0141901423004003022303282
B2024453703349N11925844WA0142001424004003030305277
B2024463703352N11925849WA0142301426004003030309272
B2024473703355N11925853WA0142701427004003030319287
B2024483703357N11925854WA0143301434004003023340285
B2024493703359N11925855WA0143701434004003011007279
B2024503703361N11925854WA0143901435004003011342259
B2024513703361N11925855WA0144001435004003010262250
B2024523703360N11925858WA0144101436004003010243233
B2024533703357N11925862WA0144301439004003027210216
B2024543703353N11925864WA0144701441004003034167196
B2024553703348N11925860WA0145001446004003034143155
B2024563703343N11925852WA0145201448004003040120130
B2024573703341N11925842WA0145301450004003055101115
B2024583703341N11925832WA0145401452004003058084084
B2024593703342N11925821WA0145601453004003057065072
B2025003703346N11925813WA0145801456004003057054050
B2025013703351N11925806WA0146101460004003046046031
B2025023703356N11925800WA0146301463004003046042020
B2025033703361N11925795WA0146501464004003045036021
B2025043703366N11925791WA0146701466004003042024004
B2025053703372N11925789WA0146801467004003039006346
B2025063703378N11925789WA0147001469004003039355330
B2025073703383N11925791WA0147201472004003039347320
B2025083703388N11925793WA0147501476004003036342304
B2025093703392N11925795WA0147901481004003027333295
B2025103703395N11925797WA0148301487004003027322287
B2025113703396N11925799WA0148801492004003020305267
B2025123703396N11925800WA0149201496004003011271258
B2025133703395N11925801WA0149501500004003010215245
B2025143703394N11925803WA0149801502004003013215235
B2025153703392N11925804WA0150101506004003013211233
B2025163703390N11925805WA0150501510004003013193224
B2025173703387N11925805WA0150901515004003019173209
B2025183703384N11925804WA0151201515004003030158194
B2025193703379N11925801WA0151501519004003030152175
B2025203703374N11925796WA0151801523004003038143157
B2025213703369N11925790WA0152201527004003049128140
B2025223703365N11925781WA0152501530004003054113110
B2025233703362N11925771WA0152701531004003054095085
B2025243703363N11925760WA0152901533004003058081075
B2025253703367N11925750WA0153101535004003056062059
B2025263703371N11925741WA0153301536004003056038037
B2025273703378N11925736WA0153501538004003051020011
B2025283703384N11925734WA0153901542004003043012346
B2025293703389N11925734WA0154201547004003033007329
B2025303703393N11925734WA0154601551004003033003320
B2025313703398N11925734WA0155001556004003030355312
B2025323703402N11925735WA0155401560004003030349306
B2025333703406N11925736WA0155801565004003024345299
B2025343703409N11925737WA0156301570004003024342294
B2025353703411N11925738WA0156601574004003020341291
B2025363703413N11925740WA0156901577004003016336287
B2025373703416N11925741WA0157101579004003020327289
B2025383703419N11925744WA0157201579004003025323288
B2025393703422N11925747WA0157301580004003025323292
B2025403703425N11925750WA0157401582004003025320293
B2025413703426N11925752WA0157501583004003013309282
B2025423703427N11925753WA0157501583004003013292273
B2025433703428N11925756WA0157501583004003013297277
B2025443703430N11925759WA0157501583004003016300286
B2025453703431N11925763WA0157501584004003021297280
B2025463703432N11925766WA0157601586004003021285271
B2025473703433N11925770WA0157801588004003019276260
B2025483703433N11925772WA0158001591004003017268257
B2025493703432N11925775WA0158201593004003014244243
B2025503703430N11925777WA0158401594004003018216227
B2025513703427N11925779WA0158501595004003018200212
B2025523703423N11925780WA0158601595004003026190208
B2025533703418N11925781WA0158701597004003034186204
B2025543703413N11925781WA0158801598004003034175181
B2025553703408N11925779WA0158901599004003032157171
B2025563703404N11925775WA0158901599004003032138159
B2025573703400N11925770WA0158901600004003042130145
B2025583703396N11925763WA0159001601004003045130144
B2025593703391N11925756WA0159301603004003044127145
B2026003703388N11925750WA0159601607004003044115128
B2026013703386N11925742WA0159901607004003046091101
B2026023703387N11925733WA0160001607004003051072079
B2026033703391N11925725WA0160101608004003051056057
B2026043703397N11925717WA0160201610004003051040033
B2026053703402N11925713WA0160501614004003042027008
B2026063703407N11925711WA0160801618004003042022347
B2026073703411N11925708WA0161101621004003033023341
B2026083703415N11925706WA0161301623004003029021338
B2026093703420N11925705WA0161501623004003034012336
B2026103703427N11925704WA0161601624004003042004335
B2026113703433N11925703WA0161801625004003042357332
B2026123703440N11925703WA0162201627004003042349324
B2026133703445N11925705WA0162601628004003037341315
B2026143703449N11925707WA0162901628004003016331301
B2026153703451N11925708WA0163001629004003016315285
B2026163703452N11925710WA0163001632004003016308286
B2026173703453N11925714WA0163001632004003017302288
B2026183703454N11925719WA0162901632004003023295278
B2026193703456N11925724WA0162901634004003032290275
B2026203703458N11925730WA0163101636004003032290277
B2026213703459N11925735WA0163201638004003030292281
B2026223703460N11925739WA0163401639004003027288274
B2026233703460N11925742WA0163401639004003021272267
B2026243703460N11925746WA0163301639004003019265272
B2026253703460N11925750WA0163001635004003024273272
B2026263703461N11925755WA0162701632004003024285287
B2026273703463N11925762WA0162401630004003032289272
B2026283703464N11925769WA0162301629004003039280268
B2026293703465N11925776WA0162201628004003039268276
B2026303703464N11925783WA0162201629004003039269281
B2026313703465N11925790WA0162101629004003036285283
B2026323703468N11925794WA0162201629004003031313302
B2026333703471N11925798WA0162201629004003031323305
B2026343703474N11925802WA0162301629004003029306282
B2026353703476N11925805WA0162101629004003029274263
B2026363703476N11925811WA0162001630004003032270274
B2026373703476N11925817WA0162001630004003032276288
B2026383703477N11925822WA0162001631004003030286283
B2026393703478N11925827WA0162001631004003027287276
B2026403703479N11925831WA0162001630004003023276265
B2026413703479N11925836WA0161901628004003025268265
B2026423703479N11925841WA0161701627004003025270274
B2026433703479N11925846WA0161601625004003026281279
B2026443703481N11925850WA0161501623004003026291282
B2026453703482N11925854WA0161301622004003026294281
B2026463703484N11925859WA0161201621004003025289276
B2026473703485N11925864WA0161101619004003025283274
B2026483703486N11925869WA0160901617004003027281278
B2026493703486N11925874WA0160801616004003028282282
B2026503703487N11925879WA0160601614004003027283281
B2026513703488N11925884WA0160501612004003027281275
B2026523703489N11925889WA0160301610004003028277276
B2026533703489N11925894WA0160101607004003028279276
B2026543703491N11925899WA0159701603004003028287279
B2026553703493N11925905WA0159401600004003029296288
B2026563703495N11925910WA0159101596004003034299286
B2026573703497N11925916WA0158901594004003034296285
B2026583703499N11925921WA0158801592004003034289284
B2026593703500N11925927WA0158601590004003032283280
B2027003703501N11925932WA0158401587004003028279273
B2027013703502N11925937WA0158001584004003028281271
B2027023703503N11925942WA0157601580004003026286273
B2027033703504N11925947WA0157201575004003026289272
B2027043703506N11925952WA0156801570004003032289268
B2027053703508N11925958WA0156401566004003035291276
B2027063703510N11925964WA0156201563004003035297286
B2027073703512N11925969WA0155901560004003035304288
B2027083703515N11925974WA0155501556004003029305285
B2027093703517N11925978WA0155101555004003030298274
B2027103703519N11925984WA0154601549004003030291275
B2027113703521N11925990WA0154101543004003034286277
B2027123703523N11925997WA0153701543004003037283272
B2027133703524N11926004WA0153301539004003037284273
B2027143703525N11926010WA0152901536004003036291276
B2027153703528N11926016WA0152501531004003035298281
B2027163703531N11926022WA0152101526004003037299280
B2027173703533N11926028WA0151701521004003040293276
B2027183703535N11926035WA0151401517004003040287284
B2027193703536N11926042WA0151301515004003040284282
B2027203703538N11926049WA0151101513004003033284282
B2027213703539N11926054WA0150901511004003033285280
B2027223703540N11926059WA0150501507004003030284271
B2027233703541N11926065WA0150101503004003030283272
B2027243703542N11926071WA0149801498004003033283272
B2027253703544N11926077WA0149401494004003034285276
B2027263703545N11926083WA0149101491004003034286279
B2027273703546N11926089WA0148801488004003034286275
B2027283703548N11926095WA0148601485004003032287269
B2027293703549N11926100WA0148401485004003033297280
B2027303703552N11926105WA0148301485004003032316297
B2027313703555N11926109WA0148301485004003030331307
B2027323703558N11926110WA0148201484004003022329278
B2027333703561N11926112WA0148001482004003022307267
B2027343703563N11926116WA0147701478004003022292266
B2027353703564N11926120WA0147501478004003024303271
B2027363703567N11926124WA0147301476004003029322280
B2027373703572N11926126WA0147201474004003030343299
B2027383703576N11926127WA0147001473004003030350300
B2027393703581N11926128WA0146801470004003032346300
B2027403703587N11926130WA0146601468004003037338294
B2027413703592N11926133WA0146501468004003037331295
B2027423703596N11926136WA0146501468004003034330290
B2027433703599N11926138WA0146501468004003029335294
B2027443703602N11926139WA0146501467004003024344301
B2027453703606N11926140WA0146501466004003029351303
B2027463703611N11926141WA0146401465004003029352310
B2027473703615N11926142WA0146401464004003029352315
B2027483703619N11926143WA0146501463003003021345313
B2027493703621N11926144WA0146401462004003021337304
B2027503703625N11926146WA0146201462003003021337302
B2027513703629N11926148WA0146201461004003027343301
B2027523703635N11926150WA0146201461003003041347309
B2027533703641N11926152WA0146201460004003041348322
B2027543703647N11926153WA0146101459003003040348322
B2027553703652N11926155WA0146001458004003036345320
B2027563703657N11926157WA0146001458004003035340317
B2027573703661N11926160WA0146001458003003035329314
B2027583703665N11926163WA0146201459003003031320307
B2027593703668N11926166WA0146301460004003029321300
B2028003703672N11926170WA0146301461003003032328299
B2028013703677N11926173WA0146301461003003036333303
B2028023703682N11926176WA0146401461004003036334309
B2028033703687N11926179WA0146501462003003037332310
B2028043703691N11926182WA0146601464004003032326309
B2028053703694N11926185WA0146701465004003032318303
B2028063703696N11926188WA0146801466004003025311293
B2028073703698N11926190WA0146801466004003019307281
B2028083703699N11926193WA0146801465003003019307275
B2028093703701N11926196WA0146801465003003022305272
B2028103703703N11926200WA0146801465004003022298269
B2028113703704N11926203WA0146901467004003022291270
B2028123703705N11926205WA0147101468004003011304266
B2028133703706N11926206WA0147101468004003013319267
B2028143703708N11926208WA0147101467004003013323270
B2028153703710N11926211WA0147101467004003018318275
B2028163703713N11926214WA0147101467004003023314285
B2028173703715N11926217WA0147101467004003022308277
B2028183703717N11926220WA0147201467004003022300279
B2028193703718N11926223WA0147201467004003018289282
B2028203703719N11926227WA0147201467004003018290283
B2028213703721N11926231WA0147201467003003025302296
B2028223703723N11926234WA0147301468004003025314297
B2028233703725N11926237WA0147501471004003024322313
B2028243703727N11926238WA0147601473003003020320295
B2028253703728N11926240WA0147701473004003014305291
B2028263703729N11926242WA0147701473004003012294283
B2028273703730N11926244WA0147701473003003015289284
B2028283703731N11926248WA0147801473004003015292291
B2028293703732N11926251WA0147801473004003019298296
B2028303703734N11926254WA0147701473004003019308308
B2028313703735N11926256WA0147601472004003013309304
B2028323703736N11926258WA0147401471004003014291296
B2028333703737N11926261WA0147001468003003014280286
B2028343703738N11926265WA0146801468003003020277305
B2028353703738N11926271WA0146701469004003033283287
B2028363703740N11926278WA0146901469004003033294281
B2028373703742N11926282WA0147201472004003033304304
B2028383703744N11926285WA0147301474004003027308304
B2028393703746N11926288WA0147301472004003018303289
B2028403703747N11926292WA0147301470004003023299289
B2028413703750N11926296WA0147101468004003023297290
B2028423703752N11926302WA0147101468004003030296297
B2028433703754N11926307WA0147001469004003032297295
B2028443703756N11926312WA0147101470004003032303299
B2028453703759N11926315WA0147201470004003027314302
B2028463703761N11926318WA0147101469004003026321302
B2028473703765N11926322WA0147001467003003029319308
B2028483703768N11926325WA0146801464004003031316309
B2028493703771N11926329WA0146701464004003029312307
B2028503703774N11926333WA0146501463004003029308309
B2028513703776N11926337WA0146501463003003026307301
B2028523703779N11926341WA0146401461003003026309303
B2028533703781N11926344WA0146201459004003024308306
B2028543703783N11926348WA0146001456004003024307307
B2028553703786N11926352WA0145701453004003028308313
B2028563703789N11926356WA0145501450004003030311315
B2028573703792N11926360WA0145201448004003030316317
B2028583703795N11926364WA0145001446004003030319317
B2028593703798N11926367WA0144801444004003028319318
B2029003703802N11926371WA0144501441004003028318319
B2029013703805N11926374WA0144301438004003028322321
B2029023703809N11926377WA0144001435004003030327331
B2029033703813N11926380WA0143801433004003032332330
B2029043703818N11926383WA0143601431003003032330323
B2029053703821N11926386WA0143401429003003030316310
B2029063703823N11926391WA0143101425004003027295294
B2029073703824N11926396WA0142701421004003031287290
B2029083703826N11926402WA0142401418003003033290297
B2029093703828N11926408WA0142201416004003033298305
B2029103703831N11926413WA0142001414004003033304308
B2029113703833N11926417WA0141801412004003030305309
B2029123703836N11926422WA0141601411004003030303304
B2029133703838N11926426WA0141501410003003029303300
B2029143703841N11926430WA0141601410004003029312301
B2029153703844N11926433WA0141701411003003024321311
B2029163703846N11926436WA0141601410004003024324305
B2029173703848N11926438WA0141301407004003020317297
B2029183703850N11926441WA0141001404004003020304291
B2029193703852N11926445WA0140801401003003030308304
B2029203703855N11926450WA0140701401003003037322315
B2029213703860N11926454WA0140601401004003037333322
B2029223703866N11926456WA0140701401004003037341320
B2029233703870N11926457WA0140801402003003028339325
B2029243703873N11926459WA0140601401003003028327288
B2029253703876N11926462WA0140601399004003024315288
B2029263703879N11926466WA0140501397004003024314301
B2029273703882N11926470WA0140401396004003032319305
B2029283703886N11926473WA0140401396004003032327316
B2029293703890N11926476WA0140401398004003031331318
B2029303703893N11926478WA0140501399004003028330310
B2029313703897N11926481WA0140601400003003027326303
B2029323703900N11926484WA0140701401003003028322299
B2029333703903N11926487WA0141001404003003028319285
B2029343703906N11926490WA0141301407004003026317305
B2029353703909N11926493WA0141501409004003024324297
B2029363703912N11926495WA0141801412004003022331291
B2029373703914N11926497WA0142001415004003022330276
B2029383703915N11926499WA0142201416004003019294259
B2029393703916N11926501WA0142201416004003019245254
B2029403703914N11926505WA0142401417004003028220236
B2029413703910N11926508WA0142601419004003028191226
B2029423703906N11926506WA0142901423004003027158195
B2029433703902N11926504WA0143101423003003027131177
B2029443703899N11926498WA0143101423003003036122147
B2029453703895N11926491WA0143201423004003043123135
B2029463703892N11926484WA0143401425004003043122147
B2029473703888N11926476WA0143701427004003046110131
B2029483703887N11926468WA0144001431004003045093103
B2029493703887N11926459WA0144201432004003046076077
B2029503703890N11926451WA0144301431004003046058052
B2029513703895N11926443WA0144301432004003052049048
B2029523703901N11926437WA0144501435004003048040039
B2029533703907N11926433WA0144601437004003048028008
B2029543703912N11926430WA0144701438004003042015354
B2029553703918N11926430WA0144901440004003040000341
B2029563703924N11926431WA0145001442004003038348339
B2029573703929N11926433WA0145301445004003038340320
B2029583703933N11926435WA0145701450004003035334325
B2029593703936N11926437WA0146001453004003027326304
B2030003703938N11926439WA0146201453004003013315290
B2030013703939N11926441WA0146301454004003015303291
B2030023703940N11926443WA0146301455004003015292291
B2030033703941N11926447WA0146501456003003017284280
B2030043703942N11926450WA0146601458004003018279280
B2030053703942N11926453WA0146801460004003018276283
B2030063703942N11926456WA0147001461004003015271276
B2030073703942N11926458WA0147101463004003011259267
B2030083703941N11926460WA0147201464004003013243254
B2030093703940N11926462WA0147301464004003017234261
B2030103703938N11926465WA0147401466004003017226251
B2030113703936N11926467WA0147501467004003019224250
B2030123703934N11926470WA0147601469004003017220241
B2030133703932N11926471WA0147601470004003019206231
B2030143703928N11926472WA0147801471004003019190217
B2030153703924N11926472WA0147901472004003024180207
B2030163703920N11926472WA0148101473004003026167210
B2030173703916N11926470WA0148201476004003026156199
B2030183703913N11926468WA0148401478004003026146180
B2030193703910N11926464WA0148501479004003026140171
B2030203703906N11926460WA0148501479004003033135169
B2030213703903N11926455WA0148601480004003036127155
B2030223703900N11926449WA0148601480004003036119150
B2030233703898N11926443WA0148601481004003036111136
B2030243703896N11926437WA0148601481004003036105130
B2030253703895N11926430WA0148601481004003038099126
B2030263703895N11926422WA0148601480004003040092126
B2030273703895N11926414WA0148501480004003040089114
B2030283703895N11926406WA0148401479004003042088106
B2030293703895N11926397WA0148301478004003045084100
B2030303703897N11926389WA0148301477004003049073082
B2030313703901N11926380WA0148201476004003052061062
B2030323703912N11926368WA0148001475004003050031017
B2030333703918N11926364WA0148101475004003049023009
B2030343703924N11926361WA0148201477004003037018359
B2030353703928N11926360WA0148201477003003037003324
B2030363703932N11926360WA0148101477004003029337317
B2030373703936N11926363WA0148101476003003029322309
B2030383703940N11926368WA0148101477004003030312307
B2030393703942N11926372WA0148301479004003026305316
B2030403703943N11926376WA0148501483004003026292291
B2030413703943N11926378WA0148801485004003018264290
B2030423703943N11926380WA0148901487004003012239281
B2030433703942N11926382WA0148901487004003012239262
B2030443703941N11926384WA0149001487004003015246259
B2030453703940N11926387WA0149001487004003015252257
B2030463703939N11926391WA0149101488004003017253258
B2030473703938N11926394WA0149101488004003018254255
B2030483703938N11926397WA0149201489004003018256259
B2030493703937N11926399WA0149201490004003013257260
B2030513703937N11926401WA0149201489004003013257261
B2030523703937N11926404WA0149101488004003016259260
B2030533703936N11926407WA0149101487004003019260264
B2030543703936N11926411WA0149001487004003019259270
B2030553703935N11926415WA0149101489004003020259266
B2030563703934N11926418WA0149101490004003018255269
B2030573703933N11926421WA0149201491004003018239264
B2030583703932N11926423WA0149201491004003018226246
B2030593703929N11926426WA0149201490004003018223250
B2031003703927N11926429WA0149201490004003025229252
B2031013703925N11926433WA0149301491004003025238250
B2031023703923N11926437WA0149401492004003024246256
B2031033703922N11926440WA0149501493004003020244258
B2031043703921N11926442WA0149501493004003016232253
B2031053703919N11926445WA0149501492004003020225250
B2031063703917N11926448WA0149401491003003020229251
B2031073703914N11926452WA0149301490004003025238256
B2031083703913N11926457WA0149301490004003026248268
B2031093703912N11926461WA0149301490004003026263267
B2031103703913N11926465WA0149301490004003022279274
B2031113703913N11926468WA0149201490004003018296277
B2031123703914N11926470WA0149201489004003016294284
B2031133703915N11926473WA0149001488004003016278277
B2031143703915N11926476WA0148901486004003016256264
B2031153703913N11926480WA0148701483004003018241264
B2031163703911N11926483WA0148501481004003022234250
B2031173703909N11926486WA0148301480004003022231252
B2031183703907N11926490WA0148201478004003022233258
B2031193703906N11926493WA0148001476004003022240259
B2031203703905N11926497WA0147801473004003023253263
B2031213703904N11926502WA0147501470004003026264269
B2031223703904N11926507WA0147301468004003026273273
B2031233703904N11926511WA0147301468003003026272280
B2031243703904N11926515WA0147101467004003019261274
B2031253703903N11926519WA0147001465004003020249265
B2031263703902N11926523WA0146801462004003020246264
B2031273703900N11926527WA0146601460004003025248266
B2031283703899N11926533WA0146401459004003030247268
B2031293703897N11926538WA0146401459004003030244269
B2031303703895N11926542WA0146301459004003029241258
B2031313703893N11926546WA0146301458004003026239262
B2031323703891N11926549WA0146201457004003021237262
B2031333703890N11926552WA0146001455004003024236262
B2031343703887N11926557WA0145901453004003024237259
B2031353703885N11926561WA0145801452004003027240263
B2031363703884N11926565WA0145701452004003023246261
B2031373703883N11926569WA0145701451004003023247268
B2031383703881N11926572WA0145501450004003019244257
B2031393703880N11926575WA0145301448004003019242256
B2031403703878N11926580WA0145201445004003026243259
B2031413703876N11926584WA0145101444004003026244262
B2031423703875N11926589WA0145001443004003026246264
B2031433703873N11926593WA0144901442004003025251265
B2031443703873N11926598WA0144801441004003027258267
B2031453703872N11926603WA0144701440004003029262274
B2031463703871N11926608WA0144601439004003028262269
B2031473703871N11926613WA0144601439004003028257266
B2031483703870N11926618WA0144601439003003024250262
B2031493703868N11926622WA0144501438004003024243260
B2031503703866N11926626WA0144401437004003024238256
B2031513703864N11926630WA0144301436004003025238254
B2031523703862N11926634WA0144201435003003026241255
B2031533703860N11926638WA0144101434003003026244255
B2031543703859N11926642WA0144001433004003024241258
B2031553703857N11926646WA0143901432004003024234245
B2031563703854N11926650WA0143801431004003028231247
B2031573703852N11926654WA0143701429004003029235257
B2031583703850N11926659WA0143601428003003028245263
B2031593703849N11926664WA0143501427004003027257271
B2032003703848N11926668WA0143301426004003024262269
B2032013703848N11926672WA0143201424004003024258268
B2032023703847N11926677WA0143001422004003024250261
B2032033703845N11926681WA0142801419004003024246258
B2032043703844N11926685WA0142601417004003026248261
B2032053703842N11926690WA0142401416004003026250262
B2032063703841N11926695WA0142301414003003026250264
B2032073703840N11926699WA0142201413004003026247259
B2032083703838N11926703WA0142101413004003024245257
B2032093703837N11926707WA0142001412004003024241254
B2032103703835N11926711WA0142001411004003023234259
B2032113703833N11926714WA0141901410004003023230247
B2032123703831N11926717WA0141801410004003024234254
B2032133703829N11926721WA0141801409004003025244257
B2032143703827N11926726WA0141701408004003024248260
B2032153703826N11926729WA0141701409004003024240262
B2032163703825N11926732WA0141601408004003018223243
B2032173703822N11926734WA0141401406004003020216251
B2032183703820N11926736WA0141201403003003020224254
B2032193703817N11926740WA0141001403004003023241259
B2032203703817N11926745WA0140901401004003028269273
B2032213703818N11926751WA0140801401004003029283279
B2032223703819N11926756WA0140801401004003028284281
B2032233703820N11926760WA0140901402004003026274271
B2032243703820N11926763WA0140901403004003019264263
B2032253703819N11926767WA0140901402004003020261263
B2032263703819N11926771WA0140801402004003020266264
B2032273703819N11926776WA0140801401004003024268269
B2032283703818N11926786WA0140901403003003025263266
B2032293703818N11926790WA0141101404003003025257268
B2032303703817N11926793WA0141101406004003019251258
B2032313703816N11926796WA0141301407004003017254259
B2032323703816N11926800WA0141301407004003018256264
B2032333703815N11926803WA0141401407003003019257259
B2032343703814N11926807WA0141401407004003019256257
B2032353703814N11926810WA0141401407004003020259258
B2032363703813N11926815WA0141301407004003023267265
B2032373703814N11926819WA0141301406003003024277271
B2032383703814N11926824WA0141301406004003024283273
B2032393703816N11926828WA0141301406004003025286271
B2032403703817N11926833WA0141201406003003025286266
B2032413703818N11926837WA0141101405003003026281264
B2032423703818N11926842WA0141001403004003028272260
B2032433703817N11926848WA0141001403004003028261261
B2032443703816N11926853WA0141001404004003028252257
B2032453703815N11926857WA0141101405004003025252261
B2032463703814N11926861WA0141201405004003025264266
B2032473703815N11926866WA0141201405004003023283268
B2032483703816N11926870WA0141101404004003023289275
B2032493703818N11926876WA0141001403004003030284257
B2032503703818N11926881WA0141001403004003030272258
B2032513703817N11926886WA0141001404004003028250244
B2032523703815N11926890WA0141001404004003026233238
B2032533703813N11926893WA0141201405004003022230239
B2032543703811N11926896WA0141301407004003022240250
B2032553703810N11926900WA0141401408003003021253256
B2032563703809N11926904WA0141501409004003021259252
B2032573703809N11926908WA0141601410004003024259262
B2032593703808N11926913WA0141701410004003025255254
B2033003703807N11926917WA0141801412003003024249261
B2033013703805N11926921WA0141901413004003024249258
B2033023703805N11926925WA0142101415004003022256255
B2033033703804N11926929WA0142201416004003023264260
B2033043703804N11926934WA0142301417003003023265262
B2033053703803N11926939WA0142401418004003025258254
B2033063703802N11926944WA0142501420004003027256252
B2033073703801N11926948WA0142701421004003027260261
B2033083703801N11926953WA0142901423003003025268266
B2033093703802N11926957WA0142901423003003022276269
B2033103703802N11926961WA0142901422004003022278264
B2033113703803N11926965WA0142801422004003024277269
B2033123703803N11926970WA0142801422004003024277264
B2033133703803N11926975WA0142901422004003026276268
B2033143703804N11926980WA0142801422004003025271261
B2033153703803N11926984WA0142801423004003025256253
B2033163703802N11926988WA0142801422004003025243243
B2033173703800N11926992WA0142801422004003025237247
B2033183703797N11926996WA0142801423004003024236238
B2033193703796N11927000WA0142901424004003024236238
B2033203703794N11927004WA0142901424004003024236230
B2033213703791N11927008WA0143001424004003026239248
B2033223703789N11927013WA0143001424003003030246249
B2033233703789N11927018WA0143101425004003030263265
B2033243703789N11927024WA0143201426004003030278274
B2033253703790N11927030WA0143201426004003031285275
B2033263703791N11927036WA0143201426004003034281277
B2033273703792N11927042WA0143101425004003034271273
B2033283703791N11927048WA0143001424004003032261258
B2033293703790N11927054WA0142801422004003032257252
B2033303703789N11927061WA0142601419004003037260259
B2033313703789N11927068WA0142501417004003040264272
B2033323703788N11927075WA0142401418004003040266268
B2033333703788N11927082WA0142401419004003040264269
B2033343703787N11927089WA0142401419004003035257270
B2033353703785N11927094WA0142401418004003035247253
B2033363703783N11927100WA0142301417004003032242253
B2033373703781N11927105WA0142101415004003032245255
B2033383703779N11927112WA0141901411004003037255260
B2033393703778N11927119WA0141501407003003040264283
B2033403703778N11927127WA0141201405004003039267277
B2033413703778N11927134WA0141101403004003039267277
B2033423703777N11927140WA0140901401005003034264280
B2033433703777N11927147WA0140501398004003034266283
B2033443703777N11927153WA0140201394004003034272280
B2033453703778N11927160WA0139901390004003036279288
B2033463703779N11927168WA0139701387004003042283289
B2033473703781N11927175WA0139501386004003042284292
B2033483703782N11927182WA0139401385004003040282292
E203348TPCWaypoint 4LNTRN reached
E203348TPCWaypoint 4LNTRN reached
B2033493703783N11927188WA0139301384004003036279281
B2033503703784N11927194WA0139201383004003032271265
B2033513703783N11927200WA0139001381004003032254245
B2033523703780N11927205WA0138801378004003032230231
B2033533703776N11927210WA0138601378004003034203222
B2033543703771N11927211WA0138401377004003037191204
B2033553703765N11927212WA0138301377004003037185194
B2033563703761N11927212WA0138201376003003033185192
B2033573703757N11927212WA0138101374003003030184187
B2033583703751N11927212WA0137901372003003035181190
B2033593703746N11927212WA0137701369004003037180169
B2034003703740N11927212WA0137501369004003035179180
B2034013703735N11927212WA0137401368004003035176171
B2034023703731N11927211WA0137301367004003031172174
B2034033703726N11927211WA0137201365003003032173168
B2034043703721N11927210WA0137101365003003032178168
B2034053703716N11927210WA0136901363004003034183180
B2034063703710N11927211WA0136701361004003037186183
B2034073703704N11927212WA0136601360004003038183187
B2034083703698N11927212WA0136501360004003038179183
B2034093703693N11927211WA0136501359004003038177180
B2034103703688N11927211WA0136501359004003035180185
B2034113703682N11927212WA0136401358004003036185182
B2034123703677N11927213WA0136401358004003036190188
B2034133703671N11927214WA0136301357004003037190195
B2034143703665N11927215WA0136401357004003039183196
B2034153703660N11927214WA0136501359005003039167186
B2034163703655N11927212WA0136601360003003036153172
B2034173703651N11927209WA0136601360004003032148153
B2034183703648N11927207WA0136701359003003027153148
B2034193703644N11927205WA0136601358004003032160150
B2034203703639N11927203WA0136501357004003032167164
B2034213703633N11927202WA0136501357004003036176170
B2034223703627N11927203WA0136501357004003039184174
B2034233703622N11927204WA0136501357004003039188181
B2034243703617N11927204WA0136501358003003035185176
B2034253703613N11927205WA0136501357003003031180174
B2034263703608N11927204WA0136401356004003032178178
B2034273703603N11927204WA0136301355004003035180180
B2034283703598N11927204WA0136201353004003035181179
B2034293703592N11927205WA0136101353004003037181182
B2034303703587N11927205WA0136001352004003034180178
B2034313703582N11927205WA0135901351004003034176169
B2034323703577N11927204WA0135801349003003033170162
B2034333703572N11927202WA0135601347003003033166163
B2034343703560N11927199WA0135201344004003038170167
B2034353703555N11927199WA0135201343004003038177178
B2034363703550N11927199WA0135101342004003036185180
B2034373703545N11927200WA0135001341004003034190190
B2034383703540N11927201WA0134901339004003034190185
B2034393703535N11927202WA0134801338004003035184179
B2034403703530N11927202WA0134801337004003034180185
B2034413703525N11927202WA0134601337004003033181175
B2034423703521N11927202WA0134501336004003030185174
B2034433703517N11927203WA0134201332003003030183175
B2034443703512N11927203WA0133901332004003037174169
B2034453703506N11927201WA0133701329004003037166161
B2034463703500N11927199WA0133501329004003040160157
B2034473703495N11927197WA0133401329004003036163163
B2034483703490N11927195WA0133401328004003036166163
B2034493703486N11927194WA0133201327004003030165152
B2034503703482N11927192WA0132901325004003030158149
B2034513703478N11927189WA0132601320004003035153151
B2034523703473N11927186WA0132301316004003039155147
B2034533703467N11927183WA0132101316004003039161149
B2034543703461N11927181WA0131901315004003039163153
B2034553703456N11927179WA0131801314004003036161154
B2034563703451N11927177WA0131701312004003036158152
B2034573703447N11927174WA0131501309004003035158153
B2034583703441N11927172WA0131301307004003035160149
B2034593703436N11927169WA0131101305004003038160151
B2035003703431N11927167WA0130901303004003038155149
B2035013703426N11927163WA0130701300004003038149144
B2035023703421N11927159WA0130601299004003038147141
B2035033703416N11927155WA0130401297004003038146139
B2035043703411N11927151WA0130201295004003038146140
B2035053703407N11927147WA0130101293004003038144141
B2035063703403N11927143WA0130001291004003037142138
B2035073703398N11927139WA0129801290004003035139138
B2035083703394N11927135WA0129601287004003037138133
B2035093703390N11927130WA0129401287004003037138135
B2035103703385N11927125WA0129301285004003041139137
B2035113703380N11927119WA0129201285004003042139135
B2035123703376N11927115WA0129201285004003042139141
B2035133703372N11927110WA0129201285004003039140149
B2035143703368N11927107WA0129201284003003035142150
B2035163703364N11927103WA0129101282004003033148151
B2035173703359N11927100WA0128801280004003036150150
B2035183703354N11927096WA0128701277004003036148151
B2035193703349N11927092WA0128501276003003039144147
B2035203703344N11927087WA0128401275004003039141144
B2035213703340N11927083WA0128301274003003039139141
B2035223703336N11927079WA0128201273004003036137140
B2035233703332N11927074WA0128001271004003036137142
B2035243703328N11927069WA0127901268004003039137141
B2035253703323N11927064WA0127701267004003041139142
B2035263703318N11927059WA0127501265003003041142143
B2035273703313N11927055WA0127401264003003041144144
B2035283703308N11927051WA0127301263004003040144144
B2035293703303N11927046WA0127201261004003040144146
B2035303703298N11927042WA0127101259004003040143144
B2035313703293N11927037WA0127001258004003041144146
B2035323703288N11927032WA0126901258003003042145146
B2035333703283N11927028WA0126801257004003042142144
B2035343703279N11927023WA0126701256004003041137137
B2035353703274N11927017WA0126601254004003041134132
B2035363703270N11927011WA0126501253004003043132136
B2035373703265N11927005WA0126401252004003043134139
B2035383703261N11927000WA0126301251003003043137141
B2035393703256N11926995WA0126201250004003043140144
B2035403703251N11926991WA0126101249004003038144151
B2035413703247N11926987WA0125901247004003038147152
B2035423703242N11926983WA0125701244004003038147154
B2035433703237N11926979WA0125501242004003039143155
B2035443703231N11926973WA0125301240004003044139151
B2035453703226N11926968WA0125201238003003044138149
B2035463703222N11926963WA0125001237004003044140152
B2035473703216N11926958WA0124801235004003043144155
B2035483703211N11926954WA0124701233004003041147156
B2035493703206N11926950WA0124601233004003041148152
B2035503703201N11926946WA0124501232004003040146152
B2035513703197N11926942WA0124401231004003038142149
B2035523703193N11926937WA0124301229004003038141146
B2035533703188N11926933WA0124201228004003039143149
B2035543703183N11926929WA0124001226004003039147152
B2035553703178N11926925WA0123901225004003040152158
B2035563703172N11926922WA0123801224004003038154162
B2035573703167N11926919WA0123701223004003038152161
B2035583703162N11926915WA0123601222004003038150161
B2035593703157N11926912WA0123501220004003038149160
B2036003703153N11926908WA0123301219004003039146159
B2036013703148N11926904WA0123201218004003039144163
B2036023703143N11926899WA0123101216004003039143151
B2036033703138N11926895WA0122901215004003039145148
B2036043703133N11926891WA0122801213004003042147156
B2036053703128N11926886WA0122601211004003044149151
B2036063703122N11926882WA0122501210004003044150154
B2036073703116N11926878WA0122301208004003045149152
B2036083703110N11926874WA0122101207004003045147154
B2036093703104N11926869WA0122001205004003045149157
B2036103703098N11926866WA0121901204004003045157159
B2036113703092N11926863WA0121701203004003044164168
B2036123703087N11926862WA0121601202003003040166173
B2036133703081N11926860WA0121501201004003040165172
B2036143703075N11926858WA0121401199003003040163166
B2036153703069N11926856WA0121301198004003040163167
B2036163703063N11926854WA0121101196004003042165170
B2036173703057N11926852WA0120901194004003042169177
B2036183703052N11926851WA0120701193004003040175183
B2036193703046N11926851WA0120501190004003037180184
B2036203703041N11926852WA0120201187004003037182187
B2036213703035N11926852WA0119901184004003039182186
B2036223703029N11926853WA0119601180003003039183189
B2036233703023N11926853WA0119401178004003039188195
B2036243703018N11926855WA0119101175003003037193199
B2036253703013N11926857WA0118901173003003037192195
B2036263703007N11926857WA0118601170003003037185188
B2036273703001N11926857WA0118301167004003037179184
B2036283702995N11926857WA0118001164004003040181191
B2036293702990N11926859WA0117701161003003040191198
B2036303702984N11926861WA0117501159004003039201202
B2036313702979N11926864WA0117401159004003037204209
B2036323702975N11926866WA0117201157004003029199205
B2036333702971N11926867WA0117001155004003029191199
B2036343702967N11926868WA0116701151004003029189198
B2036353702963N11926869WA0116301147004003029193202
B2036363702958N11926871WA0116001143004003032201205
B2036373702954N11926874WA0115701140004003033209216
E203637TPCWaypoint SKNOB reached
E203637TPCWaypoint SKNOB reached
B2036383702950N11926877WA0115501138004003032214218
B2036393702947N11926880WA0115301136004003029208217
B2036403702939N11926880WA0114701132004003033151149
B2036413702935N11926876WA0114201132004003046129127
B2036423702931N11926868WA0113701126004003046115109
B2036433702929N11926857WA0113301121004003052098088
B2036443702929N11926846WA0112901118004003057084069
B2036453702930N11926835WA0112701118004003057071050
B2036463702933N11926825WA0112401117003003052065051
B2036473702936N11926817WA0112201116004003048064057
B2036483702939N11926810WA0111901112004003047068055
B2036493702942N11926801WA0111601108004003049073069
B2036503702943N11926791WA0111301103004003053077069
B2036513702945N11926781WA0111001099004003053078068
B2036523702947N11926771WA0110701095004003055077070
B2036533702949N11926761WA0110401092004003054075066
B2036543702951N11926751WA0110101089004003054073057
B2036553702954N11926742WA0109901086004003054073058
B2036563702956N11926732WA0109701083004003054073061
B2036573702958N11926722WA0109401079004003055077066
B2036583702959N11926712WA0109101076004003055081073
B2036593702960N11926702WA0108801073004003053083074
B2037003702961N11926693WA0108501070004003051080064
B2037013702963N11926683WA0108201066004003053076062
B2037023702965N11926673WA0108001066004003053072061
B2037033702968N11926664WA0107801064004003053071060
B2037043702970N11926655WA0107701062004003051071058
B2037053702972N11926647WA0107501060004003048073064
B2037063702974N11926638WA0107201057004003050074072
B2037073702976N11926629WA0107001054004003050074071
B2037083702978N11926619WA0106801052004003051074072
B2037093702980N11926610WA0106501049004003050075069
B2037103702982N11926601WA0106301047004003050076068
B2037113702984N11926592WA0106101044004003049077071
B2037123702985N11926583WA0105701041004003049077074
B2037133702987N11926573WA0105401037004003054078071
B2037143702988N11926563WA0105101034004003056079069
B2037153702990N11926552WA0104901032004003056080068
B2037163702991N11926543WA0104901032004003056080071
B2037173702992N11926534WA0105001032004003050082077
B2037183702993N11926525WA0105101033004003050086078
B2037193702993N11926516WA0105301034004003047091085
B2037203702992N11926508WA0105501037004003047094089
B2037213702992N11926499WA0105901038004003040100106
B2037223702991N11926492WA0106401038004003040120126
B2037233702989N11926488WA0106701038003003033147158
B2037243702985N11926486WA0106901038004003031180183
B2037253702981N11926489WA0107101041003003030199209
B2037263702977N11926492WA0107301045004003030217239
B2037273702975N11926495WA0107501047004003026249266
B2037283702974N11926498WA0107601048004003019300295
B2037293702976N11926501WA0107701050004003019336313
B2037303702979N11926501WA0107601051003003025002331
B2037313702984N11926499WA0107601051004003025018356
B2037323702989N11926496WA0107501051004003034028024
B2037333702994N11926493WA0107601053004003042035023
B2037353702999N11926488WA0107901055004003042041039
B2037363703002N11926483WA0108301060004003039058054
B2037373703004N11926477WA0108501060004003035090072
B2037383703003N11926470WA0108601061004003037115098
B2037393702999N11926464WA0108601061004003041131125
B2037403702994N11926459WA0108801063004003041144136
B2037413702988N11926454WA0109101067004003041158155
B2037423702983N11926453WA0109401071004003033177182
B2037433702978N11926453WA0109601071004003033201226
B2037443702974N11926457WA0109701072004003031220252
B2037453702971N11926461WA0109801073004003030251265
B2037463702972N11926466WA0109801074004003022293298
B2037473702974N11926470WA0109701074004003028346322
B2037483702979N11926469WA0109601074004003028013348
B2037493702984N11926466WA0109501074004003035034014
B2037503702989N11926461WA0109501076004003040044024
B2037513702993N11926456WA0109601078004003040041027
B2037523702997N11926452WA0109801080004003036031018
B2037533703002N11926448WA0109901081004003034036025
B2037543703005N11926444WA0110001083004003034053035
B2037553703008N11926439WA0110101083004003037075062
B2037563703009N11926431WA0110101084004003037084066
B2037573703009N11926423WA0110201085004003041082065
B2037583703010N11926414WA0110601088004003040081065
B2037593703011N11926408WA0110901094004003040088069
B2038003703011N11926402WA0111301095004003034108092
B2038013703009N11926396WA0111501096004003034126115
B2038023703004N11926391WA0111701099004003040132118
B2038033703000N11926385WA0111901103004003041131114
B2038043702996N11926379WA0112201107004003040125111
B2038053702994N11926374WA0112401110004003039116103
B2038063702992N11926368WA0112501112004003033110089
B2038073702990N11926361WA0112601114004003036106084
B2038083702988N11926354WA0112701115003003036104087
B2038093702987N11926346WA0112801116004003041108110
B2038103702983N11926340WA0112901117004003040123135
B2038113702980N11926334WA0112901117004003041157169
B2038123702973N11926334WA0112901116004003041183198
B2038133702968N11926338WA0112801116003003041215220
B2038143702964N11926343WA0112901117003003037246247
B2038153702962N11926350WA0113101119004003037261265
B2038163702962N11926356WA0113401120004003031270269
B2038173702963N11926360WA0113701121003003022282271
B2038183702964N11926363WA0113901121004003021304297
B2038193702967N11926367WA0114101123004003029313311
B2038203702971N11926371WA0114101125004003029307310
B2038213702973N11926375WA0114101127004003029292277
B2038223702974N11926380WA0114101128004003025278267
B2038233702974N11926385WA0114101129004003028264253
B2038243702973N11926390WA0114001129004003028253247
B2038253702971N11926395WA0114101129004003028224237
B2038263702967N11926396WA0113901129004003028191213
B2038273702962N11926395WA0113701127004003033167190
B2038283702957N11926392WA0113501125004003033151165
B2038293702952N11926387WA0113201121004003039139142
B2038303702947N11926380WA0112801118004003051129130
B2038313702942N11926372WA0112501118004003055123121
B2038323702937N11926363WA0112301116004003054121125
B2038333702933N11926355WA0112101114004003054118116
B2038343702930N11926346WA0111901113003003053110111
B2038353702928N11926336WA0111801112003003057102098
B2038363702927N11926325WA0111701110004003057097094
B2038373702926N11926315WA0111601110004003057095087
B2038383702925N11926305WA0111501109004003050095089
B2038393702925N11926296WA0111401108004003050091083
B2038403702926N11926287WA0111201106004003049080047
B2038413702927N11926278WA0110901105003003049060021
B2038423702933N11926271WA0110601100003003056043007
B2038433702939N11926265WA0110301100004003056016359
B2038443702947N11926263WA0110201101004003055352339
B2038453702952N11926265WA0110201102004003042337320
B2038463702955N11926270WA0110301102004003008291296
B2038473702956N11926271WA0110301102004003009300285
B2038483702957N11926273WA0110201100003003009313291
B2038493702960N11926276WA0110001098004003015314296
B2038503702962N11926279WA0110001097004003020315294
B2038513702964N11926281WA0110001097004003020313294
B2038523702964N11926282WA0109901096004003015287293
B2038533702965N11926284WA0109801095004003008211277
B2038543702963N11926285WA0109601093004003008201245
B2038553702961N11926286WA0109501091004003013227252
B2038563702961N11926288WA0109401089004003014291265
B2038573702964N11926291WA0109101086004003014331289
B2038583702969N11926293WA0108901084004003026347299
B2038593702975N11926294WA0108801084004003034350307
B2039003702979N11926295WA0108801084004003034346309
B2039013702981N11926297WA0108801083004003025325302
B2039023702982N11926298WA0108601080004003015291291
B2039033702982N11926301WA0108401077004003013287273
B2039043702983N11926303WA0108201076004003013302274
B2039053702985N11926305WA0108101074004003013317280
B2039063702986N11926306WA0107901074004003012321287
B2039073702987N11926307WA0107701071004003011310288
B2039083702988N11926309WA0107501068004003012304284
B2039093702989N11926311WA0107301065004003012305283
B2039103702991N11926314WA0107101063004003016304280
B2039113702992N11926317WA0106901061004003015293280
B2039123702992N11926319WA0106701059004003015263274
B2039133702991N11926321WA0106601057004003012237260
B2039143702990N11926323WA0106401056004003012234249
B2039153702989N11926325WA0106301055004003012250246
B2039163702990N11926327WA0106301054004003012279254
B2039173702991N11926329WA0106101053004003012306264
B2039183702993N11926331WA0106001051004003015318274
B2039193702995N11926334WA0105801049004003023319273
B2039203702998N11926337WA0105701047004003023311277
B2039213702999N11926340WA0105601047004003023299276
B2039223703000N11926343WA0105601047004003019289270
B2039233703001N11926345WA0105501047004003011280265
B2039243703001N11926347WA0105401045004003011268262
B2039253703000N11926349WA0105301044004003011247256
B2039263702999N11926352WA0105201042004003012227251
B2039273702997N11926354WA0105101042004003019222240
B2039283702995N11926356WA0105101042004003019229236
B2039293702994N11926359WA0105201043004003017269252
B2039303702995N11926361WA0105201042004003017326271
B2039313702998N11926362WA0105101042004003025348295
B2039323703002N11926363WA0105101042004003025345296
B2039333703004N11926365WA0105101041004003023319287
B2039343703006N11926367WA0105001041004003016267275
B2039353703004N11926369WA0104801037004003015223247
B2039363703002N11926370WA0104401034004003018201232
B2039373702999N11926372WA0104101031004003018203234
B2039383702997N11926373WA0103901028004003018226249
B2039393702997N11926376WA0103801026004003013282254
B2039403702999N11926378WA0103701026004003017315261
B2039413703001N11926380WA0103601025004003016328269
B2039423703002N11926381WA0103501025004003016322272
B2039433703003N11926381WA0103401024004003008199259
B2039443703000N11926382WA0103001020004003017198231
B2039453702997N11926383WA0102801020004003017209231
B2039473702994N11926386WA0102701020004003018236243
B2039483702994N11926389WA0102601021004003016276248
B2039493702995N11926393WA0102701021004003016302256
B2039503702996N11926394WA0102701020004003015311260
B2039513702997N11926395WA0102601018004003009278261
B2039523702996N11926397WA0102401015004003011256256
B2039533702996N11926400WA0102201012004003015266250
B2039543702996N11926403WA0102201013004003015273255
B2039553702996N11926407WA0102301013004003016272260
B2039563702996N11926409WA0102501015004003011266257
B2039573702996N11926410WA0102601015004003011271253
B2039583702997N11926411WA0102601014004003005272255
B2039593702997N11926412WA0102401014004003005242259
B2040003702995N11926415WA0102401013004003021231256
B2040013702992N11926419WA0102401013004003023222240
B2040023702989N11926422WA0102501014004003021224235
B2040033702989N11926424WA0102601015004003020258245
B2040043702989N11926427WA0102701016004003016299272
B2040053702992N11926429WA0102801016004003023324286
B2040063702995N11926432WA0102901017004003023339299
B2040073703000N11926433WA0103301019004003027352302
B2040083703003N11926433WA0103701024004003020355300
B2040093703006N11926433WA0104001025004003020336277
B2040103703006N11926435WA0104201025004003009282264
B2040113703005N11926438WA0104401028004003009255255
B2040123703004N11926441WA0104801030004003017236245
B2040133703002N11926443WA0105201036004003020203222
B2040143702998N11926443WA0105501040004003020175197
B2040153702993N11926441WA0105801044004003025156190
B2040163702988N11926437WA0106101047004003043140173
B2040173702983N11926430WA0106401051004003050125142
B2040183702980N11926421WA0106701055004003050111125
B2040193702978N11926410WA0106901057004003054095105
B2040203702980N11926400WA0107101060004003055074083
B2040213702984N11926392WA0107201061004003055053059
B2040223702989N11926388WA0107301063004003047029031
B2040233702994N11926385WA0107501064004003040009003
B2040243702999N11926385WA0107801066004003029359340
B2040253703003N11926385WA0108201072003003029358320
B2040263703006N11926385WA0108601077003003023002314
B2040273703008N11926385WA0108901081004003019003309
B2040283703011N11926385WA0109201083004003020352304
B2040293703014N11926387WA0109301085004003022336300
B2040303703017N11926389WA0109501088004003021325293
B2040313703019N11926391WA0109801092004003021321286
B2040323703021N11926393WA0110101096004003017319280
B2040333703023N11926395WA0110401099004003017312278
B2040343703023N11926397WA0110601102004003013292269
B2040353703024N11926400WA0110901105004003013282262
B2040363703025N11926403WA0111101108004003018282262
B2040373703025N11926407WA0111501112004003018283260
B2040383703026N11926410WA0111801116004003018274253
B2040393703025N11926413WA0112101119004003017252248
B2040403703024N11926415WA0112301122004003017226231
B2040413703021N11926418WA0112601125004003022216214
B2040423703018N11926420WA0112901128004003022211211
B2040433703015N11926421WA0113201133004003022187212
B2040443703013N11926421WA0113501133004003023160192
B2040453703009N11926419WA0113601132004003034142178
B2040463703004N11926413WA0113501132004003034132160
B2040473703000N11926405WA0113501132004003043121153
B2040483702997N11926395WA0113601134004003054108132
B2040493702996N11926385WA0113701136004003055095110
B2040503702996N11926374WA0113901138004003054084093
B2040513702998N11926365WA0114101140003003054073073
B2040523703005N11926347WA0114501144004003052055038
B2040533703010N11926339WA0114701146004003052046027
B2040543703015N11926334WA0115101150004003045033014
B2040553703020N11926333WA0115401153004003038015356
B2040563703025N11926332WA0115701157004003036008336
B2040573703031N11926331WA0116001161004003037010329
B2040583703036N11926329WA0116401166004003036011330
B2040593703040N11926329WA0116801170004003033006321
B2041003703044N11926328WA0117001170004003025351307
B2041013703048N11926330WA0117201172004003028339300
B2041023703052N11926332WA0117501174004003028331296
B2041033703055N11926335WA0117901178004003028323288
B2041043703058N11926339WA0118101179004003017302266
B2041053703058N11926341WA0118401182004003017265256
B2041063703057N11926344WA0118501184004003017251249
B2041073703057N11926348WA0118701186004003017259245
B2041083703056N11926352WA0118801188004003020272255
B2041093703057N11926356WA0118901189004003021274248
B2041103703056N11926359WA0119001191004003020257239
B2041113703055N11926362WA0119101192004003020227233
B2041123703052N11926364WA0119201193004003022192217
B2041133703048N11926363WA0119201194004003026174198
B2041143703044N11926362WA0119401196004003026161188
B2041153703040N11926359WA0119601199004003029146181
B2041163703036N11926355WA0119801201004003035127171
B2041173703034N11926348WA0119901202004003039111149
B2041183703033N11926340WA0120101204004003039098125
B2041193703032N11926332WA0120201206004003044093103
B2041203703032N11926323WA0120501209004003047090091
B2041213703032N11926314WA0120801213004003049086080
B2041223703033N11926304WA0121201214003003049078070
B2041233703035N11926296WA0121701219004003049069058
B2041243703038N11926289WA0122001220004003037055042
B2041253703041N11926283WA0122301220004003037043017
B2041263703046N11926280WA0122401223004003037037001
B2041273703051N11926276WA0122601225004003037031350
B2041283703056N11926273WA0122801228004003039022341
B2041293703062N11926272WA0123001230004003039008328
B2041303703067N11926272WA0123101231004003036350317
B2041313703071N11926274WA0123101232004003033338303
B2041323703075N11926277WA0123201234004003027332293
B2041333703078N11926279WA0123301235004003027324285
B2041343703080N11926282WA0123401236004003023309273
B2041353703081N11926286WA0123301235004003022292262
B2041363703082N11926290WA0123301235004003024282258
B2041373703083N11926294WA0123301235004003024275252
B2041383703083N11926298WA0123301236004003024264243
B2041393703082N11926301WA0123401236004003020244233
B2041403703080N11926304WA0123401236004003017220224
B2041413703077N11926305WA0123301235004003020202216
B2041423703074N11926306WA0123301235004003020190202
B2041433703070N11926307WA0123301236004003023184189
B2041443703066N11926307WA0123401237004003025176189
B2041453703063N11926305WA0123501237004003025157175
B2041463703060N11926302WA0123401236004003025144157
B2041473703056N11926298WA0123301234004003029134155
B2041493703052N11926293WA0123101234004003042119147
B2041503703049N11926285WA0123001235004003050109127
B2041513703046N11926275WA0123101236004003050109121
B2041523703044N11926266WA0123401238004003050116118
B2041533703040N11926258WA0123801239004003044124127
B2041543703037N11926251WA0124201241004003044123131
B2041553703036N11926246WA0124701247004003034112122
B2041563703034N11926242WA0125001247004003032106115
B2041573703033N11926236WA0125101249004003036113122
B2041583703029N11926230WA0125201250004003040132156
B2041593703024N11926227WA0125401252004003040158179
B2042003703018N11926224WA0125601253004003040190203
B2042013703014N11926226WA0125901254004003021237240
B2042023703015N11926231WA0126201258004003021290276
B2042033703017N11926236WA0126401259004003021339308
B2042043703023N11926237WA0126601261004003032357335
B2042053703029N11926236WA0126801264004003042014355
B2042063703035N11926233WA0127001268004003043030018
B2042073703040N11926227WA0127301271004003043047044
B2042083703044N11926220WA0127501271004003043072068
B2042093703045N11926212WA0127601273004003044088093
B2042103703043N11926204WA0127701275004003044111119
B2042113703040N11926197WA0127901276004003043136138
B2042123703035N11926193WA0128101280004003041149157
B2042133703029N11926190WA0128401281004003035157171
B2042143703025N11926188WA0128801287004003035161180
B2042153703020N11926186WA0129201288004003031175190
B2042163703018N11926187WA0129501289004003024188198
B2042173703016N11926188WA0129701290004003015196222
B2042183703015N11926189WA0129801290004003015201238
B2042193703013N11926190WA0129801292004003014199221
B2042203703011N11926191WA0129701291004003014213228
B2042213703008N11926195WA0129601291004003025227238
B2042223703006N11926198WA0129601292004003025242262
B2042233703006N11926202WA0129601294004003022276280
B2042243703007N11926205WA0129701294004003019318306
B2042253703010N11926206WA0129701294004003025337325
B2042263703014N11926208WA0129701294004003033345320
B2042273703020N11926210WA0129801297003003033350331
B2042283703026N11926211WA0130001298004003036002349
B2042293703031N11926209WA0130201301004003035017004
B2042303703036N11926206WA0130301301004003041036021
B2042313703040N11926200WA0130301301004003041050048
B2042323703044N11926192WA0130301301004003047066062
B2042333703045N11926182WA0130301302004003052085078
B2042343703045N11926172WA0130501303004003052093100
B2042353703044N11926162WA0130801306004003050107107
B2042363703042N11926155WA0131201311004003044110110
B2042373703040N11926149WA0131601316004003037111111
B2042383703037N11926142WA0131901319004003040110107
B2042393703035N11926134WA0132101321004003040109108
B2042403703032N11926126WA0132301324004003044108111
B2042413703030N11926117WA0132401326004003049109112
B2042423703027N11926109WA0132601329004003050112116
B2042433703023N11926100WA0132801331004003050114115
B2042443703020N11926091WA0133101332004003052112118
B2042453703017N11926081WA0133301335004003052107114
B2042463703015N11926072WA0133601338004003052106118
B2042473703013N11926064WA0133801340004003051111128
B2042483703010N11926056WA0133901341004003046123135
B2042493703006N11926050WA0134101342004003044128141
B2042503703002N11926043WA0134201343004003047127137
B2042513702997N11926036WA0134301345004003047123131
B2042523702993N11926028WA0134501347004003048123128
B2042533702989N11926021WA0134701350004003049128136
B2042543702984N11926014WA0135001353004003049138161
B2042553702978N11926010WA0135401357004003048147171
B2042563702974N11926006WA0135701361004003043143172
B2042573702970N11926002WA0135901361004003036131147
B2042583702962N11925988WA0135801359004003041126142
B2042593702956N11925980WA0135701357004003050133147
B2043003702951N11925973WA0135701359004003054139151
B2043013702945N11925967WA0135901361004003049139165
B2043023702940N11925961WA0136001363004003049131161
B2043033702936N11925954WA0136101363004003047122130
B2043043702932N11925946WA0135901362004003047117120
B2043053702927N11925936WA0135801360004003062115122
B2043063702924N11925924WA0135801362004003066112117
B2043073702920N11925913WA0135901363004003064113120
B2043083702916N11925902WA0136201367004003064115125
B2043093702913N11925893WA0136401369004003053115127
B2043103702910N11925885WA0136601371004003053113116
B2043113702907N11925875WA0136601370004003053111116
B2043123702903N11925865WA0136601370004003056111118
B2043133702899N11925853WA0136701371004003063114128
B2043143702895N11925844WA0136801373004003063122141
B2043153702890N11925836WA0136901374004003058126138
B2043163702886N11925829WA0137001374004003050124127
B2043173702883N11925822WA0136901373004003046116129
B2043183702880N11925814WA0136701372004003048114135
B2043193702877N11925805WA0136501369004003048117133
B2043203702872N11925797WA0136201366004003050127139
B2043213702867N11925789WA0136101366004003053131136
B2043223702862N11925782WA0136001366004003053127133
B2043233702858N11925774WA0135801365004003051121129
B2043243702854N11925767WA0135701364004003049121133
B2043253702850N11925759WA0135601362004003049126136
B2043263702846N11925752WA0135501360004003051129134
B2043273702841N11925744WA0135401358004003051127129
B2043283702837N11925736WA0135301356004003052120132
B2043293702833N11925728WA0135201355004003050119135
B2043303702829N11925720WA0135101354004003050127143
B2043313702824N11925714WA0135001353004003047137153
B2043323702819N11925709WA0135001352004003044143154
B2043333702814N11925705WA0135001351004003043144157
B2043343702809N11925700WA0135001351004003043141153
B2043353702804N11925695WA0134901350004003042136155
B2043363702800N11925689WA0134801348004003042134153
B2043373702795N11925683WA0134601345004003045134157
B2043383702790N11925677WA0134401343004003047138158
B2043393702784N11925671WA0134301341004003047143154
B2043403702778N11925666WA0134201340004003049145153
B2043413702772N11925661WA0134201340004003047141152
B2043423702768N11925655WA0134201340004003047133149
B2043433702764N11925649WA0134101339004003044129151
B2043443702760N11925644WA0134001337004003041134146
B2043453702755N11925639WA0133801333004003039140154
B2043463702750N11925634WA0133401330004003041143156
B2043473702745N11925629WA0133101325004003041141150
B2043483702740N11925624WA0132801322004003045139152
E204349TPCWaypoint KNOB reached
B2043493702734N11925618WA0132501319004003048141152
B2043503702728N11925613WA0132401318004003048150176
B2043513702724N11925610WA0132201317004003042178219
B2043523702720N11925611WA0131901315004003030222244
B2043543702719N11925617WA0131501309004003028263263
B2043553702720N11925623WA0131201310004003035303286
B2043563702723N11925629WA0131001311004003031325299
B2043573702727N11925632WA0131001310004003031327299
B2043583702730N11925634WA0130901308004003020319302
B2043593702732N11925637WA0130601304004003020306288
B2044003702735N11925641WA0130301299004003020303292
B2044013702738N11925645WA0130001295004003026305289
B2044023702741N11925651WA0129701291004003036306292
B2044033702744N11925656WA0129601290004003036308294
B2044043702748N11925661WA0129501289004003036310297
B2044053702750N11925665WA0129501289004003031311292
B2044063702753N11925668WA0129401287004003025309288
B2044073702755N11925672WA0129201284004003026304285
B2044083702757N11925677WA0129101282004003026302281
B2044093702760N11925682WA0128901280004003029301282
B2044103702762N11925686WA0128801279004003030303285
B2044113702765N11925691WA0128701278004003030304285
B2044123702767N11925695WA0128701277004003028305282
B2044133702769N11925699WA0128601276004003026305278
B2044143702771N11925702WA0128501275004003024305275
B2044153702774N11925706WA0128301272004003026308281
B2044163702776N11925710WA0128101270004003026310286
B2044173702780N11925715WA0127901267004003030315288
B2044183702783N11925719WA0127801266004003033317289
B2044193702787N11925723WA0127701265004003033317287
B2044203702790N11925727WA0127601264004003032315280
B2044213702794N11925731WA0127501263004003032312279
B2044223702797N11925736WA0127401262004003032309276
B2044233702800N11925740WA0127401261005003032309277
B2044243702803N11925745WA0127301260004003031312282
B2044253702806N11925749WA0127201259004003030315283
B2044263702809N11925753WA0127101257004003032315285
B2044273702813N11925757WA0126901255004003033313284
B2044283702816N11925762WA0126801254004003033311286
B2044293702819N11925767WA0126801254004003033311285
B2044303702823N11925771WA0126801254004003029312282
B2044313702825N11925775WA0126801255004003029311280
B2044323702828N11925779WA0126801254004003027307282
B2044333702830N11925783WA0126701253004003027305282
B2044343702833N11925788WA0126601252004003031303286
B2044353702836N11925793WA0126601252004003032303283
B2044363702838N11925797WA0126601252004003031305284
B2044373702841N11925801WA0126701253004003030307285
B2044383702843N11925805WA0126801255004003025304279
B2044393702845N11925809WA0127001255004003025299275
B2044403702846N11925813WA0127101257004003025296267
B2044413702848N11925817WA0127401260004003025302274
B2044423702851N11925820WA0127601263004003022319288
B2044433702853N11925822WA0127901266004003022343297
B2044443702856N11925822WA0128101269004003020355286
B2044453702859N11925823WA0128201270004003019340280
B2044463702860N11925825WA0128201270004003016293269
B2044473702860N11925828WA0128201269004003020250256
B2044483702858N11925832WA0128201270004003020217241
B2044493702854N11925834WA0128301271004003026186221
B2044503702850N11925833WA0128401272004003030159200
B2044513702845N11925828WA0128401273004003036134169
B2044523702842N11925822WA0128501273004003036125141
B2044533702838N11925815WA0128501274004003043121131
B2044543702835N11925807WA0128501274004003046115121
B2044553702832N11925799WA0128601275004003048106104
B2044563702831N11925790WA0128601275004003048095085
B2044573702832N11925779WA0128601275003003052084070
B2044583702833N11925769WA0128601275004003056071056
B2044593702836N11925760WA0128801277004003056062044
B2045003702840N11925752WA0129001279004003053054027
B2045013702845N11925745WA0129201280004003048045016
B2045023702849N11925741WA0129301281004003037037010
B2045033702854N11925737WA0129301281004003037025001
B2045043702864N11925734WA0129301280004003035009336
B2045053702870N11925734WA0129301281004003038002327
B2045063702876N11925734WA0129401283003003038354326
B2045073702881N11925735WA0129601285003003038345314
B2045083702885N11925737WA0129801288004003033341309
B2045093702888N11925739WA0130101290004003028345301
B2045103702892N11925739WA0130201292003003024354307
B2045113702896N11925739WA0130301293004003025354305
B2045123702900N11925741WA0130301292004003024342292
B2045133702902N11925743WA0130301292004003024319283
B2045143702904N11925746WA0130201292004003019289275
B2045153702904N11925750WA0130301292004003019255265
B2045163702903N11925752WA0130401294004003017230248
B2045173702901N11925754WA0130501296004003015208237
B2045183702899N11925754WA0130601298004003012189226
B2045193702897N11925754WA0130701299004003014178220
B2045203702895N11925754WA0130801299004003014179211
B2045213702892N11925754WA0130801300004003017185211
B2045223702889N11925755WA0130901301004003019192212
B2045233702886N11925756WA0131001302004003019189211
B2045243702884N11925756WA0131101304004003017175203
B2045253702881N11925755WA0131201305004003017168195
B2045263702878N11925754WA0131301305004003022166187
B2045273702874N11925753WA0131401307004003026157175
B2045283702871N11925749WA0131501308004003026140159
B2045293702867N11925744WA0131601309004003033125138
B2045303702864N11925736WA0131701310004003045111117
B2045313702862N11925727WA0131801312004003048100098
B2045323702862N11925718WA0131901313004003048088076
B2045333702864N11925709WA0132001314004003049074056
B2045343702867N11925701WA0132001314003003050060037
B2045353702872N11925694WA0131901313004003050043018
B2045363702878N11925689WA0131901313004003050026003
B2045373702885N11925687WA0131901314004003048009347
B2045383702890N11925687WA0132001315003003037354331
B2045393702895N11925689WA0132101316003003037345320
B2045403702900N11925690WA0132201318004003033347315
B2045413702905N11925691WA0132401319004003033352319
B2045423702911N11925692WA0132501321004003039355324
B2045433702917N11925693WA0132701323004003039354324
B2045443702922N11925693WA0132801323004003038352317
B2045453702927N11925694WA0133001325003003035352311
B2045463702932N11925695WA0133101327004003033351303
B2045483702937N11925696WA0133301329004003033344304
B2045493702939N11925698WA0133501332004003028335301
B2045503702941N11925699WA0133701333004003019331287
B2045513702944N11925701WA0133801334004003020338291
B2045523702948N11925702WA0133801335004003029343308
B2045533702953N11925704WA0133901336004003029346317
B2045543702958N11925705WA0134101337003003036350314
B2045553702963N11925706WA0134501339004003030351306
B2045563702966N11925706WA0134901344004003030353283
B2045573702968N11925707WA0135101343004003016325276
B2045583702968N11925708WA0135101344004003012260271
B2045593702967N11925711WA0135201345004003020246242
B2046003702965N11925715WA0135401346004003022221233
B2046013702962N11925717WA0135701349004003022167211
B2046023702956N11925714WA0135901350004003032132178
B2046033702953N11925705WA0136201353004003050110142
B2046043702950N11925695WA0136301353004003059080104
B2046053702954N11925684WA0136401355004003059062064
B2046063702959N11925673WA0136601357004003059035044
B2046073702967N11925668WA0136801359004003051016011
B2046083702974N11925667WA0137201365004003051007345
B2046093702981N11925666WA0137701367004003042002336
B2046103702985N11925666WA0138101372004003034358330
B2046113702990N11925667WA0138401374004003024343323
B2046123702993N11925669WA0138601378004003024324307
B2046133702995N11925673WA0138901382004003023305295
B2046143702997N11925677WA0139301384004003022290280
B2046153702997N11925680WA0139801391004003013245268
B2046163702995N11925681WA0140101392004003018179244
B2046173702991N11925681WA0140401394004003018152211
B2046183702986N11925676WA0140601397004003034139197
B2046193702981N11925669WA0140901399004003047121160
B2046203702977N11925661WA0141101401004003050104128
B2046213702976N11925651WA0141501406004003050089101
B2046223702978N11925640WA0141701410004003054075076
B2046233702981N11925629WA0142101414004003059064055
B2046243702986N11925620WA0142401419004003059056042
B2046253702991N11925612WA0142801423004003057048025
B2046263702997N11925606WA0143001426004003054037015
B2046273703004N11925601WA0143301429004003053026002
B2046283703012N11925597WA0143501433004003053019352
B2046293703020N11925594WA0143901434004003052015343
B2046303703027N11925592WA0144401436004003048008331
B2046313703032N11925592WA0144901437003003028357319
B2046323703036N11925592WA0145301437004003028337298
B2046333703036N11925594WA0145601441004003019300292
B2046343703037N11925598WA0145801445004003019284269
B2046353703037N11925601WA0146201447004003019273255
B2046363703037N11925605WA0146601451003003019242244
B2046373703036N11925608WA0146901454004003017195225
B2046383703033N11925608WA0147201456004003017175205
B2046393703027N11925607WA0147401461004003035165191
B2046403703022N11925604WA0147601464004003044145171
B2046413703017N11925597WA0148001469004003044130142
B2046423703013N11925588WA0148401475004003051112123
B2046433703011N11925576WA0148801480004003061095105
B2046443703012N11925565WA0149201485004003061080080
B2046453703013N11925554WA0149501487004003057061057
B2046463703018N11925545WA0149701490004003057050039
B2046473703025N11925538WA0149901495004003057040023
B2046483703031N11925532WA0150301500004003057033010
B2046493703038N11925527WA0150701505004003054029359
B2046503703044N11925524WA0151101510004003049023348
B2046513703049N11925522WA0151501515004003036011340
B2046523703054N11925522WA0151901519004003036355322
B2046533703058N11925523WA0152301524004003031342311
B2046543703061N11925525WA0152701528004003026329296
B2046553703062N11925527WA0153001532004003012294278
B2046563703062N11925529WA0153201536004003014252258
B2046573703061N11925531WA0153601538004003014232255
B2046583703059N11925532WA0154001543004003014196248
B2046593703057N11925533WA0154301544004003021171232
B2047003703054N11925532WA0154501546004003026171211
B2047013703049N11925531WA0154701547004003026183210
B2047023703045N11925532WA0154801550004003027193208
B2047033703040N11925534WA0155001552004003032179196
B2047043703036N11925531WA0155301557004003037154168
B2047053703031N11925526WA0155601560004003037132148
B2047063703026N11925519WA0156001562004003045118135
B2047073703023N11925511WA0156401568004003045112122
B2047083703021N11925503WA0156801573004003048103101
B2047093703020N11925482WA0157401577004003054082085
B2047103703023N11925470WA0157601580004003061069067
B2047113703028N11925461WA0157901584004003057056042
B2047123703033N11925454WA0158201588004003057043019
B2047133703039N11925449WA0158601592004003049032005
B2047143703044N11925447WA0158901597004003043019355
B2047153703049N11925446WA0159301601004003027000343
B2047163703052N11925447WA0159601605004003027333312
B2047173703055N11925449WA0160001606004003021324300
B2047183703057N11925450WA0160501612004003019342294
B2047193703060N11925451WA0160801613004003019350303
B2047203703063N11925452WA0161101618004003019340303
B2047213703066N11925454WA0161501621004003019323292
B2047223703068N11925456WA0161801624004003019309285
B2047233703069N11925458WA0162201629004003012298277
B2047243703069N11925460WA0162501634004003012280267
B2047253703069N11925461WA0162801637004003008241258
B2047263703068N11925463WA0163101640004003008234252
B2047273703066N11925465WA0163201642004003018239249
B2047283703065N11925469WA0163501645004003022244251
B2047293703064N11925472WA0163801649004003019247254
B2047303703063N11925475WA0164201653004003019246248
B2047313703062N11925477WA0164501657004003011232232
B2047323703060N11925478WA0164801660004003015202217
B2047333703057N11925479WA0165101663004003015183205
B2047343703053N11925479WA0165401664004003023165193
B2047353703048N11925476WA0165801666004003036151176
B2047363703044N11925472WA0166301673004003036139160
B2047373703040N11925466WA0166601678004003036125141
B2047383703037N11925460WA0167001681004003038115129
B2047393703034N11925451WA0167301684004003047113123
B2047403703031N11925443WA0167601688004003049114115
B2047413703029N11925434WA0168101689004003049111108
B2047423703027N11925425WA0168501695004003049102097
B2047443703026N11925416WA0168901695004003053086078
B2047453703027N11925406WA0169201698004003056076064
B2047463703030N11925396WA0169501700004003056067060
B2047473703034N11925386WA0170001706004003056061045
B2047483703038N11925378WA0170401708004003049055034
B2047493703043N11925371WA0170901713004003049049021
B2047503703047N11925365WA0171201714004003042039013
B2047513703051N11925361WA0171401715004003036029002
B2047523703056N11925359WA0171601719004003036020347
B2047533703061N11925357WA0171701722004003036014333
B2047543703066N11925356WA0171901725004003036007332
B2047553703071N11925356WA0172201729004003034000323
B2047563703075N11925357WA0172401732004003028353313
B2047573703079N11925358WA0172701735004003028341307
B2047583703082N11925360WA0172901737004003024327299
B2047593703085N11925363WA0173001739004003024315301
B2048003703088N11925367WA0173301741004003028314299
B2048013703091N11925371WA0173801743004003028314303
B2048023703093N11925374WA0174201750004003024307298
B2048033703093N11925376WA0174601754004003018287288
B2048043703094N11925379WA0174901755004003016279280
B2048053703095N11925382WA0175001757004003022288284
B2048063703096N11925387WA0175101759004003022296279
B2048073703099N11925392WA0175401762004003028294280
B2048083703100N11925397WA0175901768004003022281280
B2048093703099N11925399WA0176301773004003022267269
B2048103703099N11925401WA0176601776004003012286257
B2048113703100N11925403WA0176701776004003012315280
B2048123703103N11925406WA0176901777004003029321300
B2048133703107N11925410WA0177101779004003034318293
B2048143703111N11925414WA0177501782004003031309284
B2048153703113N11925419WA0177901788004003031305283
B2048163703115N11925422WA0178301793004003021308277
B2048173703117N11925425WA0178701797004003022314281
B2048183703120N11925428WA0179001801004003022317285
B2048193703123N11925432WA0179401805004003025315284
B2048203703126N11925436WA0179801809004003026312285
B2048213703128N11925439WA0180101813004003026314287
B2048223703131N11925442WA0180401817004003024318288
B2048233703134N11925445WA0180701819004003024319294
B2048243703138N11925449WA0180901821004003031323302
B2048253703141N11925452WA0181101823004003031326288
B2048263703145N11925455WA0181201825004003031325294
B2048273703149N11925459WA0181401827004003031322313
B2048283703153N11925463WA0181601830004003032318311
B2048293703156N11925466WA0182001833004003032316306
B2048303703158N11925469WA0182301837004003028312304
B2048313703160N11925472WA0182501839004003022305301
B2048323703161N11925474WA0182601838004003013292299
B2048333703162N11925477WA0182501837004003015277284
B2048343703162N11925480WA0182301834004003015275282
B2048353703162N11925485WA0182001831004003021275281
B2048363703163N11925491WA0181801828004003033276279
B2048373703164N11925497WA0181601826004003033278286
B2048383703164N11925503WA0181401824004003032282292
B2048393703165N11925507WA0181301823004003028287300
B2048403703167N11925512WA0181101820004003023287292
B2048413703167N11925516WA0180701816004003026282282
B2048423703168N11925522WA0180401812004003026272272
B2048433703168N11925528WA0180101808004003031269277
B2048443703168N11925534WA0179901805004003033278296
B2048453703170N11925540WA0179601803004003033292310
B2048463703172N11925545WA0179401800004003031305302
B2048473703175N11925549WA0179201798004003031296291
B2048483703177N11925555WA0179001797004003036276296
B2048493703177N11925562WA0178901798004003040266292
B2048503703177N11925569WA0178601796004003037269302
B2048513703177N11925575WA0178501795004003037290309
B2048523703180N11925579WA0178201791004003028309309
B2048533703182N11925583WA0177801788004003028307284
B2048543703184N11925588WA0177601783004003028291290
B2048553703186N11925594WA0177201779004003030283290
B2048563703187N11925601WA0176901775004003036288294
B2048573703190N11925607WA0176701771004003039296301
B2048583703193N11925614WA0176401768004003039298301
B2048593703195N11925621WA0176301768004003042286285
B2049003703196N11925629WA0176301768004003042272281
B2049013703196N11925636WA0176301768004003042267278
B2049023703196N11925643WA0176501769004003039274282
B2049033703197N11925649WA0176501769004003035290293
B2049043703200N11925655WA0176501769004003036303296
B2049053703203N11925661WA0176501768004003039306298
B2049063703207N11925667WA0176601769004003039304303
B2049073703210N11925673WA0176801771004003039303297
B2049083703213N11925678WA0177201775004003032303299
B2049093703215N11925682WA0177601780004003032306289
B2049103703217N11925686WA0178001780004003025309284
B2049113703219N11925689WA0178301782004003021315284
B2049123703222N11925692WA0178401783004003024316284
B2049133703225N11925695WA0178501784004003030315288
B2049143703229N11925700WA0178501784004003030313293
B2049153703236N11925710WA0178901787004003037311288
B2049163703239N11925715WA0179201791004003030309290
B2049173703242N11925718WA0179401793004003030308276
B2049183703244N11925721WA0179501793004003023309281
B2049193703246N11925725WA0179401792004003023311289
B2049203703249N11925729WA0179201789004003031314298
B2049213703252N11925733WA0179101791004003034310293
B2049223703255N11925738WA0179201792004003034308290
B2049233703258N11925743WA0179401793004003034311290
B2049243703261N11925746WA0179701797004003025318292
B2049253703264N11925749WA0179901797004003025320288
B2049263703266N11925752WA0179901797004003022317280
B2049273703269N11925755WA0179701794004003022307277
B2049283703271N11925760WA0179501792004003035301286
B2049293703274N11925766WA0179401794004003038298289
B2049303703277N11925772WA0179601796004003035296285
B2049313703278N11925776WA0180001800004003033298279
B2049323703280N11925779WA0180301803004003019313277
B2049333703282N11925782WA0180501803004003022327284
B2049343703286N11925784WA0180401802004003022327290
B2049353703290N11925788WA0180301800004003028323295
B2049373703294N11925792WA0180201800004003037316295
B2049383703298N11925797WA0180301801004003037305292
B2049393703301N11925803WA0180401803004003035300284
B2049403703303N11925807WA0180601805004003031302281
B2049413703305N11925811WA0180801807004003027313284
B2049423703309N11925814WA0180801807004003031321290
B2049433703313N11925818WA0180801806004003031320288
B2049443703317N11925823WA0180701806004003035311285
B2049453703320N11925829WA0180801807004003035300281
B2049463703322N11925835WA0180901808004003035295284
B2049473703324N11925840WA0181001809004003033302283
B2049483703328N11925845WA0181001809004003033312286
B2049493703331N11925850WA0180901808004003037313283
B2049503703335N11925855WA0180901807004003038305279
B2049513703338N11925862WA0180801806004003038299286
B2049523703341N11925868WA0180701806004003039300294
B2049533703344N11925874WA0180801807004003040306297
B2049543703348N11925880WA0180801808004003041310294
B2049553703352N11925886WA0181001809004003041306280
B2049563703355N11925893WA0181101812004003043296275
B2049573703358N11925900WA0181501813004003038292274
B2049583703360N11925906WA0182001818004003038296280
B2049593703362N11925911WA0182401818004003032311281
B2050003703366N11925915WA0182601818004003032318280
B2050013703370N11925920WA0182701819004003039314283
B2050023703374N11925926WA0182701820004003043305283
B2050033703378N11925933WA0182601821004003043300282
B2050043703381N11925940WA0182801823004003043299274
B2050053703383N11925946WA0183201826004003035292268
B2050063703384N11925951WA0183401830004003035286271
B2050073703385N11925956WA0183601832004003030288274
B2050083703388N11925961WA0183701834004003030301281
B2050093703391N11925966WA0183801834004003037315291
B2050103703396N11925971WA0183901835004003037316288
B2050113703399N11925976WA0183901836004003037303266
B2050123703400N11925981WA0183901836004003031282260
B2050133703400N11925987WA0183901836004003030277270
B2050143703402N11925992WA0183901837004003031289286
B2050153703404N11925997WA0183901836004003031309295
B2050163703408N11926002WA0183901836004003034314296
B2050173703412N11926007WA0183901837004003034306286
B2050183703414N11926012WA0183901837004003034290281
B2050193703415N11926018WA0183801836004003032280284
B2050203703415N11926024WA0183701835004003031280285
B2050213703416N11926029WA0183501833004003030285282
B2050223703418N11926034WA0183301831004003031288286
B2050233703419N11926040WA0183101829004003031285270
B2050243703420N11926046WA0182901827004003032277274
B2050253703420N11926052WA0182701826004003033271278
B2050263703421N11926058WA0182601824004003034277287
B2050273703422N11926065WA0182401822004003034290288
B2050283703425N11926070WA0182201820004003034302291
B2050293703427N11926074WA0182101819004003028305294
B2050303703429N11926079WA0181801816004003028299288
B2050313703431N11926084WA0181501812004003028293288
B2050323703433N11926089WA0181201809004003031289290
B2050333703435N11926096WA0180901806004003038289292
B2050343703437N11926103WA0180701807004003039293292
B2050353703439N11926109WA0180701807004003038295298
B2050363703441N11926115WA0180801808004003037291288
B2050373703442N11926120WA0180901809004003027285285
B2050383703443N11926124WA0181001809004003027286282
B2050393703445N11926128WA0180801807004003025296293
B2050403703447N11926133WA0180601804004003025304296
B2050413703450N11926138WA0180301801004003032304294
B2050423703453N11926143WA0180001798004003035297291
B2050433703455N11926149WA0179701796004003035291285
B2050443703457N11926156WA0179601794004003037290288
B2050453703459N11926162WA0179601794004003035295292
B2050463703461N11926167WA0179601794004003035300293
B2050473703464N11926172WA0179501793004003033302293
B2050483703466N11926178WA0179301791004003033298291
B2050493703469N11926184WA0179101788004003036290286
B2050503703470N11926191WA0178901786004003039285288
B2050513703472N11926198WA0178801785004003039286295
B2050523703474N11926205WA0178801786004003039293296
B2050533703476N11926210WA0178801786004003033300294
B2050543703479N11926215WA0178701786004003033299285
B2050553703481N11926220WA0178701785004003030293277
B2050563703482N11926226WA0178501782004003030290284
B2050573703484N11926232WA0178301780004003038292291
B2050583703487N11926239WA0178201779004003041296299
B2050593703490N11926246WA0178101779004003041300301
B2051003703493N11926252WA0178201780004003041301294
B2051013703496N11926258WA0178301781004003034300292
B2051023703498N11926263WA0178401781004003034301293
B2051033703501N11926268WA0178401781004003034303295
B2051043703504N11926274WA0178301780004003035304297
B2051053703508N11926280WA0178201779004003040304294
B2051063703511N11926287WA0178201779004003040301291
B2051073703514N11926293WA0178201779004003040299292
B2051083703516N11926299WA0178301780004003038298291
B2051093703519N11926305WA0178301780004003035299288
B2051103703522N11926310WA0178301780004003035299288
B2051113703524N11926316WA0178201779004003035297287
B2051123703526N11926322WA0178101777004003035291288
B2051133703528N11926329WA0178001776004003039287290
B2051143703530N11926336WA0177901775004003039286288
B2051153703531N11926343WA0177801774004003038285289
B2051163703533N11926350WA0177701774004003037286287
B2051173703534N11926356WA0177601772004003036289290
B2051183703537N11926362WA0177401771004003036297290
B2051193703540N11926368WA0177301768004003036301288
B2051203703543N11926374WA0177001766004003038300286
B2051213703545N11926381WA0176801764004003039296290
B2051223703548N11926388WA0176701762004003040296289
B2051233703551N11926394WA0176501760004003040299290
B2051243703554N11926400WA0176301759004003039302294
B2051253703557N11926407WA0176201758004003039300294
B2051263703559N11926413WA0176101757004003037294288
B2051273703561N11926419WA0176001756004003037292287
B2051283703563N11926425WA0175901755004003035295291
B2051293703566N11926430WA0175801753004003035301295
B2051303703569N11926436WA0175601751004003035305297
B2051313703572N11926442WA0175401749004003038302293
B2051323703575N11926448WA0175301747004003038298289
B2051333703578N11926455WA0175101746004003038296289
B2051343703580N11926461WA0175101746004003038297294
B2051353703583N11926467WA0175101746004003037302300
B2051363703586N11926472WA0175001745004003034304298
B2051373703589N11926477WA0174901743004003034302293
B2051383703591N11926483WA0174701742004003034297289
B2051393703594N11926489WA0174501740004003036292288
B2051403703596N11926496WA0174401738004003038291291
B2051413703598N11926502WA0174301738004003038294291
B2051423703600N11926508WA0174201737004003036296289
B2051433703603N11926513WA0174101736004003034301296
B2051443703606N11926518WA0174001734004003033308301
B2051453703609N11926523WA0173801732004003034314306
B2051463703613N11926528WA0173701731004003034316307
B2051473703617N11926532WA0173501729004003035315308
B2051483703621N11926537WA0173401727004003036317299
B2051493703625N11926541WA0173201726004003039321302
B2051503703630N11926546WA0173101724004003039326308
B2051513703635N11926550WA0173001724004003041324305
B2051523703640N11926554WA0172901723004003040317299
B2051533703644N11926560WA0172801722004003040311295
B2051543703648N11926566WA0172801721004003040308299
B2051553703652N11926572WA0172701721004003040311298
B2051563703656N11926577WA0172701720004003040313301
B2051573703660N11926582WA0172601720004003040313299
B2051583703664N11926588WA0172601720004003040308294
B2051593703667N11926594WA0172601720004003039301289
B2052003703670N11926600WA0172601720004003038297291
B2052013703672N11926607WA0172601720004003038299292
B2052023703675N11926613WA0172501719004003038303294
B2052033703679N11926618WA0172501719004003038305296
B2052043703682N11926624WA0172401719004003038302293
B2052053703685N11926630WA0172401718004003038299290
B2052063703688N11926637WA0172301718004003038300293
B2052073703691N11926642WA0172301717004003038306300
B2052083703695N11926648WA0172101715004003041312304
B2052093703699N11926654WA0172001714004003042312298
B2052103703703N11926660WA0171901713004003041307295
B2052113703706N11926666WA0171801713004003041298287
B2052123703709N11926673WA0171701712004003040293291
B2052133703711N11926680WA0171701711004003041295294
B2052143703714N11926687WA0171601710004003040302300
B2052153703718N11926693WA0171501709004003040305299
B2052163703721N11926699WA0171401708004003038299298
B2052173703723N11926705WA0171301707004003038288288
B2052183703724N11926712WA0171101705004003037283284
B2052193703726N11926719WA0170901703004003037287289
B2052203703728N11926726WA0170701701004003041296296
B2052213703732N11926733WA0170501699004003042301296
B2052223703735N11926740WA0170301698004003042296292
B2052233703737N11926747WA0170201696004003042285285
B2052243703738N11926755WA0170101695004003044279287
B2052253703739N11926764WA0169901692004003044283290
B2052263703741N11926771WA0169701690004003044293293
B2052273703745N11926778WA0169401688004003044302290
B2052283703749N11926785WA0169201686004003044304296
B2052293703752N11926792WA0169001684004003044305300
B2052303703756N11926799WA0168801682004003044305304
B2052313703760N11926805WA0168601679004003044304304
B2052323703764N11926812WA0168401677004003044302298
B2052333703767N11926819WA0168101674004003044301297
B2052343703770N11926827WA0167801671004003044300297
B2052353703774N11926834WA0167601669004003045300299
B2052363703777N11926841WA0167501668004003045301302
B2052373703781N11926848WA0167301667004003045301300
B2052383703784N11926855WA0167201666004003043297295
B2052393703786N11926861WA0167101664004003040292292
B2052403703788N11926868WA0166901662004003038290292
B2052413703790N11926875WA0166701660004003040291293
B2052423703793N11926882WA0166401657004003040294295
B2052433703795N11926889WA0166201655004003042296298
B2052443703798N11926896WA0166101654004003042299296
B2052453703802N11926903WA0165901652004003042303302
B2052463703805N11926909WA0165801650004003040306302
B2052473703809N11926915WA0165601648004003040302298
B2052483703811N11926922WA0165301645004003041291289
B2052493703813N11926929WA0165101643004003043285292
B2052503703815N11926937WA0164901641004003041288302
B2052513703818N11926943WA0164701639004003041301311
B2052523703821N11926949WA0164501636004003039311304
B2052533703825N11926954WA0164301635004003039312303
B2052543703829N11926960WA0164201634004003039309302
B2052553703832N11926965WA0164001632004003037307303
B2052563703836N11926970WA0163801630004003036307300
B2052573703839N11926976WA0163601627004003037309306
B2052583703843N11926982WA0163301624004003037308304
B2052593703846N11926987WA0163001621004003039305303
B2053003703850N11926993WA0162801619004003039303302
B2053013703853N11926999WA0162601617004003039305301
B2053023703856N11927005WA0162401616004003038308303
B2053033703860N11927010WA0162201614004003037309305
B2053043703863N11927016WA0162001612004003037303300
B2053053703865N11927022WA0161701609004003038292296
B2053063703867N11927029WA0161501605004003038286291
B2053073703869N11927037WA0161201602004003040290296
B2053083703872N11927044WA0160901600004003045303309
B2053093703877N11927050WA0160701598004003045318316
B2053103703882N11927054WA0160601598004003044323319
B2053113703886N11927059WA0160601597004003040315304
B2053123703889N11927063WA0160401596004003033300296
B2053133703892N11927069WA0160201593004003035298303
B2053143703895N11927074WA0159901590004003035306309
B2053153703899N11927080WA0159501587004003038313312
B2053163703903N11927086WA0159301585004003041310305
B2053173703906N11927092WA0159201584004003041300304
B2053183703908N11927098WA0159201583004003039293301
B2053193703911N11927104WA0159001580004003035296300
B2053203703913N11927109WA0158601577004003033304306
B2053213703917N11927114WA0158201573004003037309300
B2053223703920N11927120WA0157901569004003037306296
B2053233703924N11927126WA0157501565004003039303297
B2053243703927N11927132WA0157201565004003041307301
B2053253703931N11927138WA0157001563004003041315304
B2053263703936N11927142WA0156801561004003040325308
B2053273703941N11927146WA0156601559004003038330310
B2053283703946N11927149WA0156301555004003038328305
B2053293703951N11927154WA0156001551004003042321299
B2053303703956N11927159WA0155701548004003047318299
B2053313703961N11927165WA0155701549004003047321304
B2053323703967N11927171WA0155801550004003047327306
B2053333703972N11927174WA0155901552004003045329303
B2053343703976N11927178WA0155901553004003032323296
B2053353703980N11927181WA0155801551004003033313295
B2053363703984N11927186WA0155501548004003033312298
B2053373703989N11927192WA0155201544004003039316305
B2053383703994N11927199WA0154901544004003047320311
B2053393703999N11927204WA0154801544004003046319301
B2053403704004N11927210WA0154801544004003046312299
B2053413704008N11927215WA0154701543004003039307291
B2053423704011N11927220WA0154501542004003037309295
B2053433704015N11927226WA0154101537004003037314302
B2053443704020N11927231WA0153701533004003045320306
B2053453704026N11927236WA0153301528004003049323311
B2053463704032N11927242WA0153001525004003049321309
B2053473704037N11927248WA0152801522004003049315307
B2053483704042N11927255WA0152701521004003049306286
B2053493704045N11927262WA0152601521004003043303290
B2053503704048N11927268WA0152601521004003043306292
B2053513704053N11927274WA0152501520004003039318304
B2053523704058N11927278WA0152501520004003039329316
B2053533704063N11927281WA0152501519004003041333312
B2053543704069N11927285WA0152501520004003041326305
B2053553704073N11927290WA0152501519004003041318301
B2053563704078N11927295WA0152401518004003040320306
B2053573704083N11927299WA0152301516004003040328315
B2053583704089N11927303WA0152001514004003044335312
B2053593704096N11927307WA0151901514004003050333310
B2054003704102N11927312WA0151801514004003050323300
B2054013704107N11927319WA0151801513004003050311291
B2054023704111N11927325WA0151801514004003046309294
B2054033704115N11927331WA0151901514004003044322306
B2054043704122N11927335WA0151801514004003048333315
B2054053704129N11927339WA0151801513004003048338313
B2054063704136N11927342WA0151801514004003048332303
E205406TPCWaypoint SANDYM reached
B2054073704141N11927348WA0151801514004003045320292
B2054083704146N11927353WA0151901515004003045325306
B2054093704152N11927357WA0151901514004003045346341
B2054103704160N11927358WA0151601512004003052008002
B2054113704170N11927353WA0151301508004003073025020
B2054123704180N11927346WA0151201509004003074044033
B2054133704189N11927335WA0151301510004003073051052
B2054143704192N11927324WA0151501512004003069067075
B2054153704194N11927314WA0151601511004003049087097
B2054163704194N11927304WA0151601510004003049100110
B2054173704192N11927295WA0151401508004003049101108
B2054183704190N11927284WA0151201506004003052098100
B2054193704189N11927273WA0151101507004003059095107
B2054203704188N11927263WA0151301507004003059099114
B2054213704186N11927254WA0151401508004003055107121
B2054223704183N11927245WA0151401508004003048121114
B2054233704179N11927239WA0151201507004003045125129
B2054243704175N11927232WA0151101507004003046124139
B2054253704171N11927225WA0150901504004003046125139
B2054263704166N11927218WA0150601501004003047129142
B2054273704161N11927211WA0150401498004003052132145
B2054283704156N11927203WA0150201497004003055129141
B2054293704151N11927195WA0150201497004003055120128
B2054303704147N11927185WA0150301499004003055116124
B2054313704144N11927177WA0150501501004003047114126
B2054323704141N11927169WA0150601501004003047118130
B2054333704138N11927164WA0150601501004003040124136
B2054343704135N11927159WA0150601500004003035128143
B2054353704132N11927154WA0150401497004003037126139
B2054363704128N11927147WA0150101494004003043121137
B2054373704125N11927140WA0149901492004003043117136
B2054383704122N11927132WA0149801492004003047116137
B2054393704119N11927125WA0149801493004003041119138
B2054403704116N11927119WA0149901494004003041126139
B2054413704112N11927114WA0149901493004003035132149
B2054423704109N11927110WA0149701492004003033134153
B2054433704105N11927105WA0149601490004003036131152
B2054443704102N11927100WA0149401488004003040127147
B2054453704098N11927093WA0149201487004003040125140
B2054463704094N11927086WA0149301488004003043125144
B2054473704090N11927079WA0149401488004003045124142
B2054483704087N11927073WA0149501490004003045121144
B2054493704084N11927066WA0149701492004003043118141
B2054503704081N11927060WA0149701491004003040119141
B2054513704078N11927054WA0149601490004003039125148
B2054523704074N11927048WA0149401488004003041131154
B2054533704069N11927042WA0149201487004003041133152
B2054543704065N11927036WA0149201486004003044131150
B2054553704061N11927029WA0149101486004003045125142
B2054563704057N11927022WA0149201487004003045121140
B2054573704054N11927015WA0149101487004003045119139
B2054583704051N11927008WA0149101486004003043120139
B2054593704048N11927002WA0149001485004003039123143
B2055003704044N11926996WA0148901484004003041123142
B2055013704041N11926989WA0148701483004003041119141
B2055023704038N11926981WA0148701482004003045116140
B2055033704034N11926973WA0148601482004003048117142
B2055043704031N11926965WA0148601482004003048122145
B2055053704027N11926958WA0148601482004003047127148
B2055063704022N11926952WA0148601481004003046126148
B2055073704019N11926944WA0148501481004003046119139
B2055083704016N11926936WA0148401479004003046113130
B2055093704013N11926928WA0148201478004003046114137
B2055103704010N11926920WA0148101476004003047122139
B2055113704005N11926913WA0147901473004003050131141
B2055123704000N11926906WA0147701472004003050133144
B2055133703995N11926899WA0147501471004003050127140
B2055143703991N11926891WA0147401470004003051117131
B2055153703988N11926882WA0147201468004003053112127
B2055163703985N11926873WA0147001466004003054116129
B2055173703980N11926864WA0146701463004003054124135
B2055183703975N11926856WA0146501460004003055130140
B2055193703969N11926848WA0146301458004003058127139
B2055203703965N11926838WA0146101456004003060119129
B2055213703961N11926828WA0146001456004003059113122
B2055223703958N11926818WA0146001455004003059113122
B2055233703954N11926809WA0145901455004003050120130
B2055243703950N11926802WA0145601454004003050127130
B2055253703946N11926794WA0145301450004003050125126
B2055263703942N11926786WA0145001447004003051118128
B2055273703938N11926776WA0144801444004003058115130
B2055283703934N11926767WA0144601442004003058119130
B2055293703930N11926759WA0144401441004003054127142
B2055303703925N11926753WA0144201439004003049132141
B2055313703920N11926746WA0144001436004003046127131
B2055323703917N11926739WA0143801434004003050116124
B2055333703914N11926729WA0143601431004003050111125
B2055343703911N11926720WA0143401431004003053117131
B2055353703906N11926712WA0143201429004003053131146
B2055363703900N11926705WA0143001428004003052139150
B2055373703894N11926699WA0142901426004003052134142
B2055383703890N11926692WA0142701424004003050123124
B2055393703886N11926683WA0142501421004003050120130
B2055403703881N11926675WA0142301419004003052126136
B2055413703876N11926668WA0142201418004003052136151
B2055423703870N11926662WA0142101418004003052140152
B2055433703864N11926656WA0142101418004003050126139
B2055443703860N11926649WA0142001416004003049108123
B2055453703859N11926639WA0141901413004003052102124
B2055463703857N11926630WA0141601411004003053109130
B2055473703853N11926621WA0141301407004003053125150
B2055483703847N11926614WA0141101404004003053136148
B2055493703842N11926607WA0140801404004003051127125
B2055503703839N11926600WA0140601402004003047113116
B2055513703837N11926591WA0140301399004003048103117
B2055523703835N11926582WA0140001395004003048111131
B2055533703831N11926575WA0139701391004003048128147
B2055543703825N11926568WA0139401388004003051138146
B2055553703820N11926561WA0139201387004003051127129
B2055563703817N11926552WA0139001385004003051109112
B2055573703815N11926542WA0138901385004003053096128
B2055583703814N11926534WA0138901386004003045100122
B2055593703812N11926526WA0138901385004003045123144
B2056003703808N11926522WA0138701382004003038141144
B2056013703804N11926518WA0138601381004003038137149
B2056023703800N11926511WA0138501381004003044121143
B2056033703797N11926503WA0138601381004003045110131
B2056043703795N11926496WA0138601382004003044112136
B2056053703793N11926489WA0138501381004003041124148
B2056063703789N11926483WA0138401380004003037129157
B2056073703786N11926478WA0138201378004003040127146
B2056083703782N11926472WA0137901375004003040124146
B2056093703778N11926465WA0137701373004003043124148
B2056103703774N11926458WA0137601371004003047128146
B2056113703769N11926451WA0137501372004003047131155
B2056123703765N11926445WA0137501373004003044130156
B2056133703761N11926439WA0137601373004003042127153
B2056143703757N11926433WA0137501372004003041126151
B2056153703753N11926427WA0137501371004003041128150
B2056163703749N11926421WA0137401370004003041130157
B2056173703745N11926415WA0137201369004003042132157
B2056183703741N11926409WA0137101367004003043134147
B2056193703736N11926404WA0136901365004003044136152
B2056203703731N11926398WA0136801364004003044137152
B2056213703726N11926392WA0136601362004003044136157
B2056223703721N11926387WA0136401359004003045134156
B2056233703716N11926380WA0136201356004003047134145
B2056243703711N11926374WA0135901354004003047136152
B2056253703706N11926368WA0135801352004003047135151
B2056263703702N11926362WA0135601351004003041133152
B2056273703698N11926357WA0135401348004003041132149
B2056283703694N11926352WA0135101345004003039133157
B2056293703690N11926346WA0134801341004003039136151
B2056303703685N11926341WA0134501338004003044139158
B2056313703679N11926336WA0134201335004003044141157
B2056323703674N11926331WA0134001333004003044140158
B2056333703670N11926326WA0133801330004003042137159
B2056343703666N11926321WA0133501327004003038136152
B2056353703662N11926316WA0133101323004003039137155
B2056363703657N11926311WA0132701318004003039136157
B2056373703652N11926305WA0132301313004003043135157
B2056383703647N11926298WA0131901309004003049138151
B2056393703641N11926293WA0131601306004003049144155
B2056403703635N11926288WA0131301304004003048150166
B2056413703630N11926284WA0131101302004003044146161
B2056423703625N11926280WA0130901299004003042137160
B2056433703620N11926274WA0130501298004003043131149
B2056443703616N11926268WA0130101293004003043135156
B2056453703610N11926263WA0129701289004003045146152
B2056463703604N11926259WA0129401286004003048154171
B2056473703597N11926255WA0129201286004003048152171
B2056483703591N11926250WA0129201285004003048145161
B2056493703586N11926244WA0129101285004003048138153
B2056503703581N11926238WA0129101285004003046136155
B2056513703575N11926232WA0129101284004003048138154
B2056523703570N11926226WA0129001283004003048139149
B2056533703564N11926220WA0129001284004003050138148
B2056543703558N11926214WA0129101285004003050137150
B2056553703553N11926208WA0129201286004003050138149
B2056563703548N11926202WA0129301287004003046142144
B2056573703542N11926197WA0129401287004003046143161
B2056583703536N11926191WA0129501287004003052141159
B2056593703530N11926185WA0129501287004003053139147
B2057003703524N11926179WA0129501288004003052139139
B2057013703519N11926173WA0129601289004003049140143
B2057023703513N11926168WA0129701289004003048138155
B2057033703508N11926161WA0129701289004003048133145
B2057043703503N11926154WA0129801289004003048132146
B2057053703497N11926147WA0129901290004003050135144
B2057063703492N11926141WA0129901291004003052137155
B2057073703486N11926134WA0130101291004003052135153
B2057083703481N11926128WA0130101293004003049132145
B2057093703477N11926121WA0130201293004003049127146
B2057103703472N11926112WA0130301294004003052122134
B2057113703468N11926104WA0130301295004003052120123
B2057123703465N11926095WA0130401295004003052119131
B2057133703461N11926087WA0130401295004003052120133
B2057143703456N11926078WA0130301295004003053122135
B2057153703452N11926070WA0130301295004003054124132
B2057163703447N11926062WA0130301296004003054124132
B2057173703442N11926053WA0130501298004003056121136
B2057183703439N11926044WA0130801301004003053115124
B2057193703436N11926035WA0130901303004003053112124
B2057203703433N11926025WA0131001304004003053110128
B2057213703430N11926016WA0131101303004003053113136
B2057223703426N11926006WA0131101303004003058118134
B2057233703421N11925997WA0131101304004003058123136
B2057243703417N11925989WA0131201304004003053126150
B2057253703413N11925982WA0131301306004003048125152
B2057263703409N11925975WA0131401308004003047120145
B2057273703406N11925967WA0131601310004003047116142
B2057283703403N11925960WA0131701311004003046117142
B2057293703400N11925954WA0131801312004003043121151
B2057303703397N11925948WA0131801312004003038124158
B2057313703394N11925942WA0131701311004003040126153
B2057323703390N11925935WA0131601310004003040122151
B2057333703386N11925928WA0131601310004003044120155
B2057343703383N11925921WA0131601310004003044121149
B2057353703380N11925914WA0131601311004003044124151
B2057363703377N11925909WA0131601311004003040124160
B2057373703374N11925903WA0131601310004003037120161
B2057383703371N11925896WA0131501310004003042119149
B2057393703367N11925889WA0131401309004003046121146
B2057403703364N11925882WA0131401309004003046119152
B2057413703360N11925873WA0131401310004003048114152
B2057423703358N11925865WA0131501311004003049111143
B2057433703355N11925856WA0131601312004003051111143
B2057443703352N11925847WA0131601313004003051114148
B2057453703348N11925838WA0131701314004003051119154
B2057463703344N11925830WA0132001315004003053123159
B2057473703339N11925821WA0132501317004003053123158
B2057483703336N11925815WA0133001325004003040125168
B2057493703333N11925810WA0133501324005003040138189
B2057503703330N11925807WA0133701323004003025177208
B2057513703329N11925810WA0133901324004003016233236
B2057523703328N11925812WA0134201326004003016285266
B2057533703329N11925815WA0134401327004003028354293
B2057543703335N11925815WA0134701329004003046022345
B2057553703342N11925810WA0135001333004003046039022
B2057563703347N11925801WA0135301338004003054055042
B2057573703350N11925790WA0135601342004003059073064
B2057583703351N11925780WA0135801345004003058088089
B2057593703350N11925769WA0136101348004003058096108
B2058003703349N11925758WA0136301352004003058099113
B2058013703347N11925749WA0136601356004003056099119
B2058023703346N11925740WA0136801359004003049101124
B2058033703345N11925732WA0137001359004003048108126
B2058043703342N11925723WA0137101360004003052111136
B2058053703339N11925714WA0137201362004003052114140
B2058063703336N11925705WA0137501363004003052113144
B2058073703332N11925697WA0137801367004003050114148
B2058083703330N11925691WA0138101371004003037114150
B2058093703328N11925685WA0138201371004003037112158
B2058103703326N11925679WA0138201371004003036111159
B2058113703324N11925672WA0138201370004003036112151
B2058123703321N11925665WA0138201370004003042116147
B2058133703318N11925659WA0138001370004003042127144
B2058143703314N11925655WA0137801368004003037145160
B2058153703310N11925652WA0137601366004003033153169
B2058163703305N11925648WA0137401365004003039145165
B2058173703301N11925643WA0137301364004003042129153
B2058183703297N11925636WA0137301365004003042120148
B2058193703294N11925629WA0137401366004003042121153
B2058203703291N11925623WA0137401364004003038131167
B2058213703287N11925618WA0137201363004003038158182
B2058223703283N11925616WA0136901363004003032178210
B2058233703278N11925617WA0136701365004003030195207
B2058243703274N11925619WA0136801367004003028193213
B2058253703271N11925621WA0137001369004003028160194
B2058263703268N11925618WA0137101372004003025130164
B2058273703266N11925614WA0137201371004003025118159
B2058283703263N11925609WA0137101370004003035123160
B2058293703260N11925604WA0137001369004003038136164
B2058303703255N11925600WA0137001369004003038147171
B2058313703250N11925596WA0137101370004003038149176
B2058323703246N11925592WA0137201372004003036144170
B2058333703242N11925588WA0137301373004003036133171
B2058343703238N11925582WA0137401373004003036127159
B2058353703235N11925577WA0137301372004003037127157
B2058363703231N11925571WA0137301372004003040130160
B2058373703227N11925565WA0137301372004003041133165
B2058383703223N11925560WA0137301372004003040134167
B2058393703219N11925554WA0137401373004003040133161
B2058403703215N11925549WA0137401373004003039130164
B2058413703211N11925543WA0137501373004003039130166
B2058423703207N11925538WA0137501374004003039133167
B2058433703203N11925533WA0137501374004003039137169
B2058443703199N11925529WA0137601375004003036141170
B2058453703195N11925524WA0137701376004003036141172
B2058463703191N11925520WA0137801378004003035137173
B2058473703187N11925516WA0137901379004003034131169
B2058483703185N11925511WA0138001379004003031128165
B2058493703182N11925506WA0138001379004003032127160
B2058503703178N11925501WA0138001379004003032127159
B2058513703175N11925496WA0137901378004003035129164
B2058523703171N11925490WA0137901378004003043131162
B2058533703166N11925484WA0138001379004003043133162
B2058543703162N11925479WA0138001380004003041134167
B2058553703159N11925474WA0138101380004003037136170
B2058563703155N11925470WA0138001380004003035138164
B2058573703151N11925466WA0138001379004003036141165
B2058583703146N11925462WA0137901378004003036143167
B2058593703142N11925457WA0137901378004003037143177
B2059003703137N11925453WA0137901379004003036140172
B2059013703134N11925449WA0138001380004003036137169
B2059023703130N11925445WA0138001380004003033135168
B2059033703127N11925441WA0138001379004003032135168
B2059043703123N11925436WA0137901379004003036136168
B2059053703119N11925431WA0137801377004003038138171
B2059063703114N11925426WA0137701377004003038140169
B2059073703110N11925422WA0137701377004003038138167
B2059083703106N11925417WA0137801378004003039135160
B2059093703102N11925412WA0137901379004003039131158
B2059103703100N11925407WA0137901379004003036125158
B2059113703097N11925403WA0137801378004003030126155
B2059123703095N11925399WA0137601375004003027134160
B2059133703091N11925395WA0137301372004003034141162
B2059143703086N11925391WA0137101369004003034145166
B2059153703081N11925387WA0136901369004003040149175
B2059163703076N11925383WA0136701367004003039152174
B2059173703071N11925380WA0136501365004003039151181
B2059183703067N11925377WA0136201362004003035146166
B2059193703063N11925373WA0135801360004003035143168
B2059203703058N11925369WA0135301359004003042144168
B2059213703052N11925364WA0134701352004003048147169
B2059223703046N11925359WA0134201352004003048154185
B2059233703039N11925356WA0133901352004003048162200
B2059243703034N11925355WA0133701350004003033172202
B2059253703029N11925354WA0133501348004003033179219
B2059263703025N11925355WA0133201346004003027180209
B2059273703021N11925354WA0132801341004003027172190
B2059283703016N11925353WA0132501335004003038165191
B2059293703010N11925351WA0132201334004003041161184
B2059303703005N11925348WA0132001332004003041160179
B2059313702999N11925346WA0131901329004003041157177
B2059323702994N11925342WA0131701326004003041153172
B2059333702988N11925338WA0131501322004003043148175
B2059343702983N11925334WA0131301321004003043148178
B2059353702977N11925330WA0131201318004003043149176
B2059363702972N11925327WA0131101316004003041151166
B2059373702967N11925323WA0130901314004003045149181
B2059383702961N11925318WA0130901311004003045144180
B2059393702955N11925312WA0130701308004003049142174
B2059403702949N11925307WA0130501305004003048145169
B2059413702943N11925303WA0130201303004003048153173
B2059423702937N11925299WA0130101302004003046158186
B2059433702931N11925297WA0130101301004003044158185
B2059443702925N11925294WA0130001300004003041153171
B2059453702920N11925290WA0129901298004003043150167
B2059463702914N11925285WA0129701296004003043149175
B2059473702908N11925281WA0129601294004003045152174
B2059483702902N11925277WA0129401292004003045153178
B2059493702896N11925274WA0129301291004003044152178
B2059503702890N11925269WA0129101289004003045149168
B2059513702884N11925265WA0128901286004003045145170
B2059523702878N11925259WA0128701284004003047144164
B2059533702872N11925254WA0128601283004003050147167
B2059543702866N11925249WA0128501282004003045149179
B2059553702861N11925246WA0128501282004003045149179
B2059563702856N11925242WA0128401281004003041148172
B2059573702850N11925238WA0128201279004003041147168
B2059583702845N11925233WA0128101277004003042145163
B2059593702839N11925227WA0127901276004003048141162
B2100003702834N11925221WA0127901275004003050137162
B2100013702828N11925215WA0127801274004003050135155
B2100023702823N11925208WA0127701273004003050135158
B2100033702817N11925202WA0127601272004003047139169
B2100043702812N11925197WA0127501271004003047144169
B2100053702806N11925192WA0127401270004003045147168
B2100063702801N11925188WA0127401270004003044145172
B2100073702796N11925183WA0127401270004003042140168
B2100083702791N11925177WA0127401270004003043136159
B2100093702787N11925172WA0127401269004003043132155
B2100103702782N11925165WA0127201268004003044130149
B2100113702777N11925158WA0127101266004003051127143
B2100123702772N11925150WA0127001265004003053128148
B2100133702767N11925142WA0127001265004003052130150
B2100143702762N11925135WA0127001266004003052131146
B2100153702758N11925128WA0127101267004003050127143
B2100163702753N11925120WA0127201268004003053120141
B2100173702750N11925110WA0127301270004003053115134
B2100183702746N11925102WA0127401271004003053118131
B2100193702743N11925094WA0127501271004003046130144
B2100203702738N11925088WA0127501270004003046137169
B2100213702732N11925083WA0127601271004003046140172
B2100223702726N11925077WA0127701272004003047141168
B2100233702721N11925073WA0128001276004003040150196
B2100243702716N11925070WA0128301275004003040173223
B2100253702714N11925072WA0128401276004003027212236
B2100263702713N11925076WA0128601278004003019265255
B2100273702714N11925079WA0128801280004003019281269
B2100283702714N11925082WA0129101284004003019262250
B2100293702712N11925084WA0129301288004003016211228
B2100303702710N11925085WA0129501288004003016176202
B2100313702704N11925084WA0129501288004003041161198
B2100323702698N11925080WA0129701290004003045150170
B2100333702692N11925074WA0129801292004003045137155
B2100343702687N11925067WA0130001295004003048125147
B2100353702684N11925058WA0130301298004003051115151
B2100363702681N11925050WA0130401301004003051108141
B2100373702679N11925041WA0130601300004003048110140
B2100383702677N11925034WA0130601300004003046121148
B2100393702673N11925027WA0130601299004003042128158
B2100403702668N11925022WA0130501299004003042134161
B2100413702664N11925017WA0130501300004003039136166
B2100423702660N11925012WA0130601301004003038134166
B2100433702656N11925007WA0130801303004003039133158
B2100443702652N11925001WA0130901305004003040132162
B2100453702648N11924996WA0131101307004003040135161
B2100463702643N11924991WA0131301309004003040137159
B2100473702640N11924986WA0131401311004003035136172
B2100483702636N11924982WA0131501311004003035136165
B2100493702632N11924977WA0131601312004003035139164
B2100503702627N11924973WA0131601313004003036143171
B2100513702623N11924969WA0131701314004003036142169
B2100523702619N11924965WA0131801315004003038139163
B2100533702614N11924960WA0131901316004003038134159
B2100543702611N11924954WA0132001317004003038130155
B2100553702607N11924949WA0132001318004003039131144
B2100563702603N11924943WA0132001318004003043133150
B2100573702598N11924937WA0132001318004003043137160
B2100583702592N11924932WA0132001317004003046140160
B2100593702587N11924926WA0131901316004003046140160
B2101003702582N11924920WA0131801315004003046133149
B2101013702577N11924914WA0131701315004003046128159
B2101023702573N11924907WA0131401313004003046126151
B2101033702569N11924900WA0131201310004003048129157
B2101043702564N11924893WA0131001308004003048132162
B2101053702559N11924887WA0130701305004003048133158
B2101063702554N11924880WA0130401302004003049128130
B2101073702550N11924871WA0130201301004003053122168
B2101083702546N11924863WA0130101299004003053122148
B2101093702541N11924856WA0129901297004003051135160
B2101103702535N11924852WA0129601293004003048150173
B2101113702528N11924847WA0129401291004003051149160
B2101123702522N11924841WA0129301290004003055135150
B2101133702517N11924832WA0129201289004003055123148
B2101143702513N11924823WA0129101289004003055121146
B2101153702509N11924816WA0129101287004003048129160
B2101163702504N11924810WA0128801286004003048144169
B2101173702498N11924805WA0128501283004003048145161
B2101183702492N11924799WA0128201279004003049138150
B2101193702486N11924792WA0127901279004003057129153
B2101203702481N11924784WA0127801277004003057129154
B2101213702475N11924777WA0127601275004003055137160
B2101223702469N11924772WA0127401273004003050148160
B2101233702463N11924767WA0127301273004003054149156
B2101243702456N11924761WA0127401274004003059137190
B2101253702450N11924753WA0127801276004003054124150
B2101263702447N11924746WA0128301281004003052123144
B2101273702443N11924739WA0128501280004003036129161
B2101283702440N11924734WA0128601279004003038140181
B2101293702435N11924730WA0128601278004003038145182
B2101303702429N11924726WA0128601280004003042154183
B2101313702424N11924723WA0128801282004003039164196
B2101323702419N11924723WA0128901283004003039183218
B2101333702414N11924724WA0128901283004003030213248
B2101343702413N11924727WA0128801282004003022236272
B2101353702412N11924732WA0128601280004003020285286
B2101363702416N11924736WA0128301277004003030329302
B2101373702422N11924737WA0127901273004003030356328
B2101383702429N11924736WA0127701273004003041027342
B2101393702437N11924729WA0127701274004003068046017
B2101403702444N11924719WA0128101276004003068059045
B2101413702447N11924710WA0128601282004003058073063
B2101423702449N11924701WA0129101282004003047089087
B2101433702448N11924692WA0129301282004003043097104
B2101443702447N11924684WA0129401282004003049099112
B2101453702445N11924674WA0129501283004003049099104
B2101463702443N11924663WA0129601285004003054100119
B2101473702442N11924654WA0129701287004003048103118
B2101483702440N11924647WA0129801288004003048111127
B2101493702437N11924639WA0129701289004003043122141
B2101503702433N11924633WA0129601289004003043126142
B2101513702425N11924617WA0129501289004003051111121
B2101523702424N11924608WA0129501290004003051099106
B2101533702424N11924599WA0129601292004003049092107
B2101543702423N11924591WA0129701292004003046093110
B2101553702422N11924583WA0129601292004003045098121
B2101563702421N11924574WA0129401291004003045103131
B2101573702419N11924566WA0129201289004003048106139
B2101583702416N11924557WA0129001286004003048110136
B2101593702413N11924549WA0128801284004003048114136
B2102003702410N11924541WA0128601282004003047118141
B2102013702406N11924534WA0128301279004003046120147
B2102023702403N11924526WA0128001276004003049119143
B2102033702399N11924518WA0127701273004003049118140
B2102043702395N11924509WA0127501270004003050118136
B2102053702392N11924501WA0127201267004003050120143
B2102063702388N11924493WA0127001264004003050122147
B2102073702384N11924486WA0126701262004003049122146
B2102083702380N11924478WA0126501259004003047120142
B2102093702377N11924471WA0126201256004003046117147
B2102103702374N11924463WA0125901253004003046116139
B2102113702371N11924456WA0125601250004003045118142
B2102123702367N11924449WA0125301246004003044121135
B2102133702363N11924442WA0124901243004003043125149
B2102143702359N11924436WA0124701241004003043135176
B2102153702354N11924433WA0124401237004003040153189
B2102163702349N11924431WA0124101233004003038175202
B2102173702343N11924432WA0123801230004003037190217
B2102193702338N11924434WA0123501228004003037191223
B2102203702333N11924435WA0123401227004003036183207
B2102213702327N11924434WA0123201225004003036176207
B2102223702321N11924434WA0123001222004003040175209
B2102233702315N11924434WA0122801219004003042182209
B2102243702308N11924435WA0122701218004003042188211
B2102253702302N11924436WA0122601218004003042186216
B2102263702296N11924436WA0122601217004003041178213
B2102273702290N11924435WA0122501216004003042168201
B2102283702284N11924433WA0122301214004003042161186
B2102293702278N11924430WA0122101212004003042158181
B2102303702271N11924426WA0121801209004003050152174
B2102313702264N11924421WA0121601209004003064140159
B2102323702256N11924412WA0121501211005003064129144
B2102333702249N11924401WA0122001215004003064126151
B2102343702245N11924393WA0122701217004003038137153
B2102353702241N11924389WA0123201214004003038147170
B2102363702238N11924386WA0123501215004003031147180
B2102373702234N11924382WA0123701216004003031144167
B2102383702230N11924378WA0123901219004003041133131
B2102393702226N11924372WA0124101222004003046121147
B2102403702223N11924365WA0124401226004003041118151
B2102413702219N11924359WA0124701230004003041127154
B2102423702216N11924354WA0124801231004003031147171
B2102433702212N11924353WA0124901232004003031168202
B2102443702208N11924354WA0124901234004003030192225
B2102453702205N11924357WA0125101237004003028224250
B2102463702203N11924360WA0125201238004003021265283
B2102473702204N11924364WA0125201237004003032326302
B2102483702210N11924366WA0125301238004003032351332
B2102493702217N11924367WA0125501240004003040020352
B2102503702223N11924362WA0125701244004003045036019
B2102513702227N11924355WA0126001247004003045057045
B2102523702230N11924347WA0126101247004003045082069
B2102533702230N11924338WA0126101246004003046098100
B2102543702227N11924329WA0126201247004003050118122
B2102553702223N11924321WA0126301249004003050144153
B2102563702218N11924318WA0126401249004003043172185
B2102573702214N11924320WA0126501251004003034198220
B2102583702210N11924322WA0126501251004003025249246
B2102593702209N11924328WA0126601253004003027286274
B2103003702212N11924334WA0126701255004003026308296
B2103013702215N11924338WA0127001258004003026326302
B2103023702218N11924340WA0127301262004003023329308
B2103033702221N11924342WA0127601265004003023325307
B2103043702223N11924344WA0127801268004003019324305
B2103053702225N11924346WA0128101271004003017328307
B2103063702228N11924347WA0128301273004003018336320
B2103073702230N11924349WA0128501276004003018334312
B2103083702233N11924350WA0128601275004003018327304
B2103093702234N11924351WA0128501276004003013273267
B2103103702234N11924353WA0128301274004003017243246
B2103113702230N11924357WA0127901270004003031218228
B2103123702224N11924360WA0127501267004003031196206
B2103133702217N11924362WA0127301268004003045172193
B2103143702207N11924359WA0127301269004003062157169
B2103153702199N11924353WA0127501270004003062145164
B2103163702194N11924347WA0127901274004003054139154
B2103173702189N11924342WA0128101276004003047140145
B2103183702184N11924336WA0128301276004003044144132
B2103193702178N11924331WA0128301276004003048145144
B2103203702171N11924325WA0128201276004003048144143
B2103213702165N11924319WA0128101275004003052138133
B2103223702159N11924311WA0128001275004003059134136
B2103233702152N11924303WA0128001275004003062134140
B2103243702146N11924294WA0128101276004003059135147
B2103253702140N11924288WA0128401279004003057134144
B2103263702136N11924282WA0128501280004003042128143
B2103273702132N11924275WA0128501280004003043123126
B2103283702129N11924268WA0128301279004003043122120
B2103293702125N11924260WA0127801277004003049122128
B2103303702118N11924249WA0127401271004003069126125
B2103313702112N11924238WA0127101271004003074132139
B2103323702104N11924229WA0127201274004003069136142
B2103333702098N11924223WA0127501278004003061134152
B2103343702094N11924216WA0127701277004003044131145
B2103353702090N11924211WA0127701275004003044126137
B2103363702087N11924205WA0127601273004003043127142
B2103373702083N11924198WA0127201271004003043129139
B2103383702078N11924190WA0126701269004003057130142
B2103393702072N11924181WA0126201263004003064127132
B2103403702066N11924171WA0125901263004003064125134
B2103413702060N11924160WA0125901263004003065125133
B2103423702055N11924151WA0126001263004003054123144
B2103433702051N11924144WA0126301264004003054119138
B2103443702048N11924137WA0126401263004003045117121
B2103453702046N11924130WA0126401261004003043117122
B2103463702042N11924123WA0126101260004003047119127
B2103473702038N11924114WA0125801255004003054121134
B2103483702033N11924105WA0125501254004003054122139
B2103493702028N11924095WA0125501255004003057127143
B2103503702023N11924087WA0125501254004003051131140
B2103513702018N11924081WA0125501254004003051135143
B2103523702013N11924075WA0125401253004003046139146
B2103533702008N11924070WA0125201251004003046143149
B2103543702001N11924065WA0124901246004003051145148
B2103553701995N11924059WA0124601245004003055145155
B2103563701988N11924053WA0124501245004003055143155
B2103573701975N11924039WA0124501244004003055134146
B2103583701970N11924033WA0124401242004003048129136
B2103593701965N11924026WA0124201240004003049128135
B2104003701961N11924018WA0123901235004003049130134
B2104013701955N11924010WA0123601231004003054133140
B2104023701949N11924002WA0123401231004003058136140
B2104033701942N11923995WA0123301231004003055135140
B2104043701937N11923988WA0123301231004003055132136
B2104053701932N11923981WA0123301229004003051126136
B2104063701928N11923973WA0123101227004003049121129
B2104073701924N11923965WA0122901224004003050119126
B2104083701921N11923956WA0122601220004003051119116
B2104093701917N11923948WA0122301216004003051122130
B2104103701912N11923939WA0121901213004003053126134
B2104113701906N11923931WA0121701210004003058130141
B2104123701901N11923923WA0121501210004003058132151
B2104133701895N11923916WA0121501210004003056131145
B2104143701891N11923909WA0121501210004003051127141
B2104153701888N11923902WA0121501209004003042120133
B2104163701885N11923895WA0121301207004003045117128
B2104173701881N11923887WA0121101204004003045119136
B2104183701877N11923879WA0120901203004003048124129
B2104193701873N11923872WA0120701203004003052124129
B2104203701869N11923863WA0120601202004003052118122
B2104213701866N11923855WA0120601201004003051110116
B2104223701863N11923846WA0120601201004003050107115
B2104233701861N11923837WA0120501200004003047110115
B2104243701858N11923829WA0120401198004003048117124
B2104253701854N11923821WA0120201195004003048121126
B2104263701850N11923813WA0120001193004003050120131
B2104273701846N11923804WA0119801193004003056115130
B2104283701843N11923794WA0119701191004003056113131
B2104293701840N11923785WA0119601191004003054112123
B2104303701837N11923776WA0119601190004003052110119
B2104313701834N11923767WA0119401188004003053108112
B2104323701832N11923757WA0119301186004003055108117
B2104333701829N11923747WA0119201185004003055112117
B2104343701825N11923737WA0119201185004003058115110
B2104353701820N11923726WA0119301186004003061116114
B2104363701816N11923716WA0119401188004003061116106
B2104373701813N11923707WA0119501189004003059117115
B2104383701809N11923699WA0119601190004003054121130
B2104393701805N11923691WA0119501189004003050129142
B2104403701800N11923684WA0119401187004003052133141
B2104413701794N11923677WA0119201184004003052134143
B2104433701788N11923669WA0119101185004003056133144
B2104443701781N11923661WA0119201185004003057132147
B2104453701776N11923653WA0119301187004003057132148
B2104463701771N11923647WA0119501189004003053132149
B2104473701766N11923640WA0119501188004003049130139
B2104483701761N11923633WA0119501187004003050130144
B2104493701756N11923625WA0119401186004003055131146
B2104503701750N11923617WA0119301184004003055135148
B2104513701743N11923610WA0119201184004003058138156
B2104523701737N11923603WA0119301185004003055138158
B2104533701731N11923596WA0119301186004003055133150
B2104543701726N11923588WA0119301186004003054127139
B2104553701721N11923580WA0119201186004003054126146
B2104563701716N11923572WA0119201185004003056131148
B2104573701710N11923565WA0119201185004003056137161
B2104583701704N11923558WA0119101184004003054139159
B2104593701699N11923552WA0119001183004003052134147
B2105003701694N11923544WA0118901182004003052128146
B2105013701689N11923536WA0118801180004003053126145
B2105023701684N11923528WA0118601179004003053130145
B2105033701678N11923521WA0118501177004003053135152
B2105043701673N11923515WA0118301175004003050139156
B2105053701667N11923509WA0118101173004003050139155
B2105063701661N11923503WA0118001172004003050139154
B2105073701655N11923497WA0117901171004003051140154
B2105083701649N11923490WA0117901172004003053141161
B2105093701643N11923484WA0118001174004003053139157
B2105103701638N11923478WA0118301176004003051135153
B2105113701633N11923472WA0118301177004003049132150
B2105123701628N11923465WA0118301177004003047131149
B2105133701623N11923459WA0118201176004003048135145
B2105143701617N11923452WA0118201176004003048139151
B2105153701611N11923446WA0118301177004003051141163
B2105163701606N11923440WA0118501179004003049138159
B2105173701601N11923434WA0118601181004003049130151
B2105183701598N11923428WA0118801183004003045124152
B2105193701594N11923421WA0118901183004003042123144
B2105203701591N11923416WA0118801183004003038128147
B2105213701587N11923410WA0118601181004003041134155
B2105223701582N11923405WA0118501179004003041139160
B2105233701576N11923399WA0118401180004003046144154
B2105243701570N11923394WA0118501180004003049143155
B2105253701564N11923388WA0118501181004003049137158
B2105263701560N11923381WA0118601183004003048129146
B2105273701555N11923374WA0118601182004003048124137
B2105283701551N11923367WA0118501181004003048127151
B2105293701546N11923360WA0118401180004003049136152
B2105303701541N11923354WA0118201179004003049146153
B2105313701533N11923348WA0118001180004003054148158
B2105323701526N11923343WA0118101181004003057142157
B2105333701520N11923336WA0118301183004003057130155
B2105343701516N11923328WA0118501185004003052120143
B2105353701513N11923321WA0118601186004003047117137
B2105363701510N11923314WA0118501184004003044127144
B2105373701505N11923308WA0118401181004003047134141
B2105383701500N11923301WA0118201181004003047133140
B2105393701495N11923293WA0118001179004003052127133
B2105403701490N11923285WA0118001178004003054120135
B2105413701486N11923276WA0117901178004003054120137
B2105423701482N11923269WA0117801176004003049130142
B2105433701478N11923263WA0117501175004003046143141
B2105443701472N11923258WA0117201174004003048144141
B2105453701466N11923253WA0117001170004003052139142
B2105463701460N11923245WA0116701167004003052131136
B2105473701455N11923238WA0116601166004003052129135
B2105483701451N11923232WA0116501164004003043133141
B2105493701446N11923227WA0116301163004003043141146
B2105503701441N11923222WA0116001160004003043142146
B2105513701435N11923216WA0115801156004003044140145
B2105523701430N11923210WA0115601154004003049136145
B2105533701424N11923204WA0115501153004003049134143
B2105543701420N11923198WA0115501153004003047133142
B2105553701415N11923192WA0115301151004003045135142
B2105563701410N11923186WA0115201149004003047137142
B2105573701404N11923180WA0115001146004003051138141
B2105583701398N11923173WA0114801144004003051137146
B2105593701393N11923166WA0114701143004003052136152
B2106003701387N11923160WA0114701143004003048134151
B2106013701383N11923154WA0114601142004003048131142
B2106023701379N11923147WA0114401140004003044127133
B2106033701370N11923133WA0113801135004003049129142
B2106043701364N11923125WA0113601135004003056133144
B2106053701359N11923118WA0113501133004003056133141
B2106063701353N11923110WA0113401132004003055129145
B2106073701349N11923102WA0113301131004003052122135
B2106083701345N11923094WA0113201129004003050118131
B2106093701342N11923086WA0113101127004003050117128
B2106103701338N11923078WA0112901125004003052122135
B2106113701333N11923069WA0112801124004003052126138
B2106123701328N11923062WA0112701122004003053127136
B2106133701324N11923054WA0112501120004003052123135
B2106143701320N11923045WA0112401118004003052118129
B2106153701317N11923037WA0112201116004003050117131
B2106163701313N11923029WA0112001114004003049121136
B2106173701308N11923021WA0111801111004003051125133
B2106183701304N11923013WA0111601111004003053125143
B2106193701299N11923005WA0111401109004003053125141
B2106203701294N11922997WA0111301108004003053124136
B2106213701290N11922989WA0111201107004003050123138
B2106223701286N11922981WA0111101106004003050122142
B2106233701283N11922975WA0111001104004003046126150
B2106243701278N11922969WA0110801102004003044133145
B2106253701273N11922963WA0110601099004003049136143
B2106263701268N11922956WA0110401099004003055133139
B2106273701262N11922948WA0110401099004003054131136
B2106283701257N11922941WA0110401098004003054132145
B2106293701252N11922935WA0110301098004003043135153
E210630TPCWaypoint TOLLLN reached
B2106303701247N11922930WA0110301097004003043139145
B2106313701243N11922925WA0110201096004003041146161
B2106323701237N11922922WA0110201096004003040164176
B2106333701232N11922922WA0110201095004003032199201
B2106343701229N11922926WA0110201094004003033226221
B2106353701225N11922931WA0110401095004003032239231
B2106363701223N11922936WA0110701096004003032224229
B2106373701220N11922939WA0111001100004003023205215
B2106383701217N11922940WA0111301103004003023200224
B2106393701215N11922942WA0111401103004003022226236
B2106403701213N11922946WA0111401103004003022247247
B2106423701211N11922952WA0111501105004003033251251
B2106433701210N11922958WA0111801106004003033245238
B2106443701208N11922964WA0112301108004003032241242
B2106453701206N11922969WA0112701114004003030245247
B2106463701205N11922974WA0113001118004003030262267
B2106473701206N11922980WA0113301121004003032275269
B2106483701206N11922986WA0113501125004003032274263
B2106493701205N11922992WA0113801128004003033253234
B2106503701203N11922997WA0114001130004003036233233
B2106513701199N11923003WA0114201132004003038229232
B2106523701196N11923009WA0114601136004003038238242
B2106533701194N11923015WA0114901139004003038255251
B2106543701194N11923022WA0115101143004003035261253
B2106553701192N11923028WA0115301145004003035252244
B2106563701190N11923034WA0115501147004003035240239
B2106573701187N11923040WA0115601148004003035237241
B2106583701184N11923046WA0115901151004003039241239
B2106593701181N11923053WA0116101154004003039245244
B2107003701179N11923059WA0116401157004003038241245
B2107013701176N11923065WA0116701161004003037237235
B2107023701172N11923071WA0117001164004003038235238
B2107033701169N11923077WA0117201165004003039232236
B2107043701165N11923083WA0117301168004003039231232
B2107053701161N11923089WA0117501170004003041234230
B2107063701158N11923095WA0117801173004003041242239
B2107073701156N11923103WA0118101177004003041249246
B2107083701154N11923109WA0118601181004003041249247
B2107093701152N11923114WA0118901185004003035235238
B2107103701150N11923118WA0119001185004003025224223
B2107113701147N11923120WA0119101184004003027225228
B2107123701144N11923124WA0119001184004003027240240
B2107133701141N11923131WA0119001184004003033250240
B2107143701139N11923138WA0119201186004003039245228
B2107153701137N11923144WA0119401188004003039225231
B2107163701134N11923146WA0119501191004003030209228
B2107173701131N11923148WA0119701192004003023208223
B2107183701129N11923149WA0119701191004003017233226
B2107193701128N11923152WA0119501189004003023244236
B2107203701126N11923158WA0119201186004003023242225
B2107213701123N11923164WA0119001187004003031236231
B2107223701120N11923169WA0119001187004003034237242
B2107233701118N11923174WA0119001188004003034241241
B2107243701116N11923179WA0119001189004003030243242
B2107253701114N11923184WA0119001188004003029240234
B2107263701112N11923189WA0118801185004003032237233
B2107273701109N11923194WA0118601184004003036238238
B2107283701106N11923201WA0118401182004003036243246
B2107293701104N11923207WA0118301182004003037251253
B2107303701103N11923213WA0118301181004003034255250
B2107313701102N11923219WA0118201180004003034251247
B2107323701100N11923225WA0118101178004003032243250
B2107333701097N11923230WA0117901177004003032239251
B2107343701095N11923235WA0117701175004003030241246
B2107353701093N11923240WA0117501173004003030246244
B2107363701091N11923245WA0117401170004003030248246
B2107373701090N11923251WA0117101167004003031247252
B2107383701088N11923257WA0116901164004003035247249
B2107393701085N11923263WA0116601162004003037245240
B2107403701083N11923269WA0116501160004003037241232
B2107413701080N11923275WA0116401160004003037238240
B2107423701077N11923281WA0116401159004003034237238
B2107433701075N11923285WA0116301158004003034237239
B2107443701072N11923290WA0116101157004003030234241
B2107453701069N11923294WA0115901154004003030235236
B2107463701067N11923300WA0115701152004003036241236
B2107473701064N11923307WA0115501151004003041257259
B2107483701064N11923315WA0115101151004003041292291
B2107493701067N11923323WA0115101152004003050332320
B2107503701076N11923326WA0115501155004003057005342
B2107513701086N11923323WA0116001155004003057008008
B2107523701093N11923322WA0116401154004003043358307
B2107533701097N11923322WA0116401153004003032324274
B2107543701100N11923326WA0116401153004003030304275
B2107553701102N11923332WA0116401155004003031294265
B2107563701103N11923337WA0116601157004003030278252
B2107573701102N11923341WA0116601159004003025248233
B2107583701100N11923344WA0116501159004003021232234
B2107593701098N11923347WA0116601159004003023240231
B2108003701097N11923352WA0116501160004003023255235
B2108013701096N11923358WA0116601160004003026259242
B2108023701095N11923363WA0116801161004003031252229
B2108033701093N11923368WA0117001163004003031230223
B2108043701090N11923371WA0117401167004003025213215
B2108053701088N11923372WA0117701171004003020205212
B2108063701086N11923374WA0117901173004003018218212
B2108073701084N11923376WA0118101173004003022234230
B2108083701082N11923380WA0118201175004003022243235
B2108093701079N11923389WA0118301176004003025245234
B2108103701076N11923394WA0118301177004003029237231
B2108113701074N11923398WA0118401179004003030231222
B2108123701071N11923403WA0118601181004003029235225
B2108133701069N11923407WA0118801183004003029245238
B2108143701068N11923412WA0118901185004003026257240
E210815TPCWaypoint TOLLLZ reached
B2108153701067N11923417WA0119001185004003028257236
B2108163701066N11923422WA0119001185004003028250240
B2108173701064N11923428WA0119001186004003032244230
B2108183701062N11923434WA0119201187004003035245232
B2108193701060N11923440WA0119401190004003035248242
B2108203701058N11923445WA0119701193004003033249239
B2108213701056N11923450WA0119901196004003029240226
B2108223701054N11923454WA0120101198004003028224220
B2108233701050N11923457WA0120201199004003029216224
B2108243701047N11923460WA0120201199004003028217220
B2108253701044N11923464WA0120001198004003028228228
B2108263701042N11923468WA0119901198004003028237233
B2108273701039N11923473WA0119801197004003029235219
B2108283701036N11923477WA0119801196004003029224219
B2108293701032N11923481WA0119701195004003031218228
B2108303701029N11923485WA0119601194004003031224229
B2108313701026N11923489WA0119501193004003032236237
B2108323701024N11923495WA0119401192004003032242232
B2108333701021N11923502WA0119301192004003037241229
B2108343701018N11923508WA0119401193004003038234237
B2108353701015N11923513WA0119801195004003038227236
B2108363701012N11923516WA0120201199004003027221233
B2108373701011N11923517WA0120501199004003019224239
B2108383701009N11923519WA0120501198004003016226233
B2108393701007N11923521WA0120301197004003025231231
B2108403701004N11923526WA0120101195004003025237241
B2108413701002N11923532WA0120101196004003032248250
B2108423701001N11923537WA0120101198004003025261257
B2108433701001N11923541WA0120201199004003025264254
B2108443701000N11923543WA0120201199004003017252258
B2108463700999N11923546WA0120101198004003017238246
B2108473700997N11923549WA0119801194004003025232231
B2108483700995N11923553WA0119501191004003027226231
B2108493700992N11923557WA0119301189004003026220232
B2108503700989N11923559WA0119101188004003026212216
B2108513700986N11923561WA0118901186004003020200219
B2108523700983N11923562WA0118701183004003020192215
B2108533700980N11923562WA0118401180004003020194213
B2108543700977N11923564WA0118001179004003022199211
B2108553700973N11923566WA0117701175004003028206217
B2108563700969N11923569WA0117401174004003028212225
B2108573700966N11923572WA0117201175004003028212215
B2108583700963N11923573WA0117201174004003024199208
B2108593700959N11923573WA0117201174004003024172189
B2109003700955N11923571WA0117101171004003033153155
B2109013700950N11923567WA0116901169004003033141143
B2109023700945N11923562WA0116901169004003042130135
B2109033700942N11923554WA0117001171004003046118110
B2109043700940N11923546WA0117101172004003046105106
B2109053700939N11923537WA0117201172004003046096100
B2109063700939N11923528WA0117201170004003046090093
B2109073700939N11923519WA0117001168004003051092080
B2109083700938N11923509WA0116801167004003055104095
B2109093700934N11923500WA0116401164004003054120117
B2109103700929N11923492WA0116201164004003054141138
B2109113700923N11923487WA0116301165004003044146156
B2109123700918N11923483WA0116401165004003044144147
B2109133700914N11923480WA0116401164004003037140140
B2109143700911N11923476WA0116201162004003034134151
B2109153700907N11923472WA0116001158004003032139160
B2109163700903N11923469WA0115701155004003037156174
B2109173700897N11923466WA0115601155004003037178206
B2109183700891N11923467WA0115701155004003037201219
B2109193700886N11923471WA0115901155004003030223224
B2109203700884N11923475WA0116101157004003030236254
B2109213700883N11923479WA0116201159004003026252249
B2109223700882N11923484WA0116301158004003024264237
B2109233700883N11923489WA0116301158004003030271252
B2109243700883N11923495WA0116401158004003034271271
B2109253700883N11923502WA0116501159004003033270262
B2109263700883N11923508WA0116801160004003033267251
B2109273700883N11923511WA0117101164004003019257252
B2109283700882N11923514WA0117201164004003019225221
B2109293700880N11923515WA0117301164004003019201209
B2109303700877N11923517WA0117201164004003020199207
B2109313700873N11923518WA0117301165004003022205214
B2109323700871N11923520WA0117401167004003022210211
B2109333700868N11923522WA0117501169004003019213214
B2109343700866N11923523WA0117601169004003017214218
B2109353700864N11923526WA0117601170004003022222226
B2109363700861N11923529WA0117701170004003027222232
B2109373700858N11923532WA0117901172004003026223236
B2109383700856N11923536WA0118201176004003026223233
B2109393700854N11923538WA0118501180004003018218239
B2109403700851N11923540WA0118801180004003018213244
B2109413700849N11923541WA0118901182004003018208229
B2109423700846N11923543WA0119001183004003019205221
B2109433700841N11923546WA0119001183004003032205238
B2109443700837N11923549WA0119101185004003036207234
B2109453700832N11923552WA0119401186004003033212249
B2109463700829N11923555WA0119801192004003033220248
B2109473700826N11923558WA0120301197004003021225252
B2109483700825N11923561WA0120601202004003021226259
B2109493700823N11923564WA0120901205004003021230256
B2109503700821N11923567WA0121101207004003021238264
B2109513700819N11923572WA0121301210004003030245267
B2109523700817N11923578WA0121601213004003031249272
B2109533700816N11923583WA0121901217004003030253281
B2109543700815N11923588WA0122301221004003029261281
B2109553700815N11923593WA0122601225004003027272285
B2109563700816N11923598WA0123001229004003027284301
B2109573700817N11923603WA0123301232004003027293300
B2109583700819N11923607WA0123601236004003026296294
B2109593700821N11923611WA0123801239004003024296302
B2110003700822N11923615WA0124201242004003024290280
B2110013700823N11923619WA0124401244004003022276277
B2110023700822N11923623WA0124401244004003022260259
B2110033700821N11923628WA0124401243004003031248266
B2110043700818N11923634WA0124301243004003036242264
B2110053700815N11923640WA0124301243004003036239252
B2110063700812N11923646WA0124401243004003036235259
B2110073700809N11923651WA0124401244004003032230260
B2110083700806N11923655WA0124501245004003032226254
B2110093700803N11923659WA0124501245004003032227257
B2110103700800N11923664WA0124501245004003032231256
B2110113700797N11923670WA0124501246004003033236261
B2110123700794N11923674WA0124701247004003033240261
B2110133700793N11923679WA0124901249004003029246269
B2110143700791N11923684WA0125201252004003029248249
B2110153700787N11923694WA0125501256004003032240258
B2110163700785N11923700WA0125701257004003032240255
B2110173700783N11923705WA0125801259004003032246267
B2110183700781N11923711WA0125901259004003033250265
B2110193700779N11923718WA0126001260004003036250265
B2110203700777N11923724WA0126001260004003036247265
B2110213700775N11923730WA0126001261004003036244262
B2110223700773N11923735WA0126201263004003034243261
B2110233700771N11923739WA0126301264004003024247261
B2110243700770N11923743WA0126201263004003024252261
B2110253700769N11923748WA0126201262004003024256256
B2110263700768N11923753WA0126101261004003024258262
B2110273700768N11923758WA0125901260004003030258266
B2110283700767N11923763WA0125801260004003030260271
B2110293700766N11923768WA0125901260004003027257269
B2110303700765N11923772WA0125801260004003024247252
E211031TPCWaypoint TOLLLZ reached
B2110313700763N11923776WA0125801259004003025240248
B2110323700761N11923780WA0125701258004003027244267
B2110333700760N11923785WA0125601257004003027259276
B2110343700761N11923790WA0125701257004003027279279
B2110353700762N11923795WA0125701256004003026286288
B2110363700762N11923799WA0125501255004003026273267
B2110373700762N11923804WA0125301254004003026259269
B2110383700761N11923810WA0125201252004003028255265
B2110393700760N11923815WA0125101252004003029263285
B2110403700760N11923820WA0125101251004003029277282
B2110413700762N11923826WA0125101251004003029284284
B2110423700762N11923831WA0125201252004003029278277
B2110433700762N11923836WA0125301254004003023260276
B2110443700761N11923840WA0125301255004003023247272
B2110453700760N11923843WA0125401255004003021255272
B2110473700760N11923847WA0125401255004003021281293
B2110483700762N11923851WA0125401255004003024301295
B2110493700764N11923855WA0125401255004003025308304
B2110503700766N11923858WA0125401256004003024310313
B2110513700769N11923861WA0125501257004003024320306
B2110523700772N11923863WA0125601257004003026336323
B2110533700777N11923865WA0125701258004003031350339
B2110543700782N11923864WA0125701258004003031006359
B2110553700788N11923862WA0125701258004003037023014
B2110563700793N11923857WA0125701258004003046040031
B2110573700798N11923850WA0125601257004003048052050
B2110583700802N11923842WA0125601257004003048058057
B2110593700805N11923834WA0125601258004003048064065
B2111003700807N11923827WA0125701258004003044071072
B2111013700809N11923819WA0125801259004003044075077
B2111023700811N11923810WA0125801259004003044077078
B2111033700812N11923801WA0125801259004003046080074
B2111043700813N11923792WA0125801260004003049083094
B2111053700813N11923783WA0125801260004003049086089
B2111063700813N11923774WA0125901261004003049092097
B2111073700812N11923766WA0125901261004003046102108
B2111083700810N11923759WA0125901260004003042114135
B2111093700806N11923752WA0125801259004003043123129
B2111103700802N11923745WA0125701258004003043127136
B2111113700798N11923739WA0125501256004003045127137
B2111123700793N11923731WA0125401255004003049126132
B2111133700789N11923724WA0125201253004003050124137
B2111143700785N11923716WA0125101252004003049125136
B2111153700780N11923709WA0125101252004003049128141
B2111163700776N11923703WA0125001251004003046130152
B2111173700771N11923696WA0124801250004003046130147
B2111183700767N11923689WA0124701248004003046129148
B2111193700762N11923682WA0124501246004003047129152
B2111203700757N11923675WA0124201243004003050132151
B2111213700752N11923669WA0124101242004003050136154
B2111223700746N11923662WA0124001242004003050138156
B2111233700741N11923656WA0124101243004003050137161
B2111243700736N11923650WA0124101244004003046134157
B2111253700732N11923644WA0124201244004003046131153
B2111263700728N11923639WA0124101244004003042132158
B2111273700723N11923633WA0124001242004003042132155
B2111283700718N11923626WA0123801240004003048132158
B2111293700714N11923619WA0123701239004003049130147
B2111303700709N11923612WA0123701238004003049130156
B2111313700704N11923605WA0123501237004003049130161
B2111323700700N11923599WA0123501237004003043131154
B2111333700696N11923594WA0123501237004003043132161
B2111343700692N11923588WA0123401235004003040132157
B2111353700687N11923583WA0123201233004003040133158
B2111363700683N11923577WA0123001231004003045134159
B2111373700677N11923570WA0122801229004003049135161
B2111383700672N11923563WA0122701227004003049135157
B2111393700667N11923557WA0122701227004003050133162
B2111403700662N11923550WA0122601227004003048128161
B2111413700658N11923542WA0122501227004003048119145
B2111423700655N11923534WA0122501226004003048108120
B2111433700654N11923525WA0122301223004003048098106
B2111443700654N11923514WA0122001220004003055089097
B2111453700655N11923504WA0121801218004003058083085
B2111463700656N11923493WA0121701216004003057082097
B2111473700657N11923483WA0121601217004003057083090
B2111483700658N11923474WA0121701218004003049081098
B2111493700660N11923466WA0121701218004003049072066
B2111503700662N11923458WA0121701218004003048057046
B2111513700667N11923451WA0121601216004003048044024
B2111523700673N11923446WA0121501215004003048028008
B2111533700680N11923444WA0121301213004003048009343
B2111543700685N11923445WA0121101211004003043348324
B2111553700689N11923448WA0120901209004003035321308
B2111563700691N11923452WA0120801207004003025300294
B2111573700693N11923456WA0120701208004003025296290
B2111583700694N11923459WA0120701208004003023290284
B2111593700695N11923462WA0120801209004003019284276
B2112003700695N11923466WA0120801208004003021276283
B2112013700695N11923470WA0120701208004003022271278
B2112023700695N11923474WA0120701208004003021279291
B2112033700697N11923478WA0120701207004003022290288
B2112043700698N11923482WA0120701207004003024293286
B2112053700699N11923486WA0120601206004003024289291
B2112063700700N11923491WA0120601206004003024286286
B2112073700702N11923495WA0120501205004003023292293
B2112083700703N11923498WA0120401205004003022306304
B2112093700706N11923501WA0120401204004003025315289
B2112103700709N11923505WA0120401203004003025310292
B2112113700710N11923509WA0120301202004003025288276
B2112123700710N11923513WA0120201201004003020252255
B2112133700707N11923515WA0120101201004003020213238
B2112143700704N11923517WA0120001200004003020194226
B2112153700701N11923518WA0119901198004003021193231
B2112163700698N11923519WA0119701196004003023203224
B2112173700695N11923521WA0119401195004003024206215
B2112183700691N11923524WA0119001193004003024210215
B2112193700687N11923527WA0118801192004003029208220
B2112203700683N11923529WA0118701191004003027207233
B2112213700678N11923533WA0118501185004003023215247
B2112223700676N11923536WA0118201181004003019233250
B2112233700674N11923539WA0117901181004003019243249
B2112243700673N11923542WA0117801178004003018232241
B2112253700671N11923544WA0117501176004003018207254
B2112263700668N11923545WA0117101173004003018192246
B2112273700665N11923546WA0116701170004003021191224
B2112283700662N11923547WA0116701167004003021202222
B2112293700659N11923549WA0116601165004003022210221
B2112303700656N11923551WA0116501163004003022197212
B2112313700651N11923551WA0116201160004003024170192
B2112323700647N11923548WA0115901157004003036146179
B2112333700642N11923542WA0115501155004003042134169
B2112343700638N11923537WA0115501155004003041130158
B2112353700634N11923531WA0115501154004003041131162
B2112363700631N11923526WA0115401153004003039127145
B2112373700628N11923519WA0115301150004003041120132
B2112383700625N11923512WA0115001148004003041112131
B2112393700622N11923503WA0114801146004003047106117
B2112403700621N11923493WA0114601144004003052099116
B2112413700620N11923484WA0114501143004003052092104
B2112423700621N11923474WA0114401141004003052086092
B2112433700622N11923464WA0114301140004003052081085
B2112443700624N11923455WA0114101138004003050076077
B2112453700626N11923446WA0113901135004003052072066
B2112463700629N11923436WA0113701133004003052069061
B2112473700632N11923426WA0113601131004003055065069
B2112483700636N11923417WA0113501131004003056059065
B2112493700641N11923409WA0113501130004003056053074
B2112503700646N11923401WA0113401129004003054048065
B2112513700651N11923394WA0113201128004003053048063
B2112533700656N11923387WA0113001126004003049049052
B2112543700660N11923380WA0112801123004003049048048
B2112553700665N11923374WA0112501119004003048043053
B2112563700671N11923369WA0112001114004003047033041
B2112573700677N11923365WA0111701110004003047024026
B2112583700684N11923362WA0111301106004003047016023
B2112593700691N11923360WA0110901102004003047013007
B2113003700697N11923358WA0110701099004003045012358
B2113013700703N11923357WA0110401096004003041007358
B2113023700709N11923357WA0110101093004003041355347
B2113033700714N11923358WA0109801089004003038342331
B2113043700718N11923361WA0109501086004003035327324
B2113053700721N11923364WA0109201083004003024318326
B2113063700724N11923367WA0108901081004003024322314
B2113073700726N11923369WA0108801079004003022332315
B2113083700729N11923370WA0108601076004003021338316
B2113093700732N11923372WA0108201072004003018331307
B2113103700734N11923374WA0107801067004003018312306
B2113113700735N11923378WA0107301063004003018296302
B2113123700737N11923382WA0107001059004003021292300
B2113133700738N11923385WA0106701056004003022295303
B2113143700740N11923389WA0106501054004003022300305
B2113153700741N11923392WA0106201051004003020308306
B2113163700743N11923394WA0105901048004003018312307
B2113173700745N11923397WA0105601043004003020309302
B2113183700747N11923400WA0105101039004003023301293
B2113193700749N11923404WA0104701034004003023297298
B2113203700751N11923408WA0104401031004003024301299
B2113213700753N11923412WA0104101028004003026309301
B2113223700756N11923416WA0103901026004003026317309
B2113233700759N11923418WA0103701024004003025324307
B2113243700762N11923421WA0103501022004003024328308
B2113253700765N11923423WA0103301021004003023324311
B2113263700767N11923426WA0103001018004003024314292
B2113273700770N11923430WA0102801015004003024303282
B2113283700771N11923435WA0102501012004003027290282
B2113293700772N11923440WA0102201009004003025272262
B2113303700771N11923444WA0102001007004003025249256
B2113313700770N11923448WA0101701007004003024230253
B2113323700766N11923451WA0101501005004003024219238
B2113333700763N11923454WA0101501005004003022215240
B2113343700761N11923455WA0101501005004003022201239
B2113353700759N11923455WA0101401004004003016175220
B2113363700756N11923454WA0101301002004003016162202
B2113373700753N11923453WA0101101000004003024159200
B2113383700749N11923451WA0100900997004003029154196
B2113393700745N11923448WA0100700995004003029148194
B2113403700741N11923444WA0100600994004003033142192
B2113413700737N11923440WA0100500993004003033138184
B2113423700733N11923435WA0100400992004003033136185
B2113433700730N11923432WA0100200991004003031139183
B2113443700727N11923428WA0100100989004003030141182
B2113453700723N11923425WA0099900986004003031142188
B2113463700719N11923421WA0099700985004003032142191
B2113473700715N11923418WA0099500983004003032145196
B2113483700711N11923415WA0099500983004003032155205
B2113493700708N11923414WA0099500983004003022168212
B2113503700706N11923414WA0099500984004003022187219
B2113513700704N11923415WA0099600984004003016206227
B2113523700703N11923416WA0099500984004003011231236
B2113533700702N11923418WA0099500983004003013252245
B2113543700702N11923421WA0099400981004003017262249
B2113553700702N11923425WA0099000980004003017268255
B2113563700702N11923428WA0098900979004003019273260
B2113573700702N11923432WA0098800979004003019278265
B2113583700703N11923436WA0098700978004003021286280
B2113593700705N11923440WA0098700979004003021300291
B2114003700707N11923444WA0098700979004003026316305
B2114013700712N11923447WA0098700980004003036331319
B2114023700717N11923450WA0098900981004003038343326
B2114033700723N11923451WA0099100982004003036348333
B2114043700728N11923452WA0099200982004003036346324
B2114053700732N11923454WA0099200983004003033343306
B2114063700737N11923456WA0099200983004003033337303
B2114073700741N11923459WA0099000982004003032325294
B2114083700744N11923463WA0099000981004003032310270
B2114093700747N11923468WA0099000981004003029296270
B2114103700748N11923473WA0098900982004003029287268
B2114113700749N11923476WA0099000983004003024285256
B2114123700749N11923479WA0099100984004003018281244
B2114133700749N11923481WA0099100983004003013259229
B2114143700748N11923483WA0099000981004003017221217
B2114153700745N11923485WA0098900982004003017191216
B2114163700741N11923485WA0098900984004003023167207
B2114173700736N11923483WA0099200986004003026155198
B2114183700733N11923480WA0099400988004003026148188
B2114193700731N11923478WA0099400987004003021152197
B2114203700728N11923477WA0099200986004003021168203
B2114213700724N11923477WA0098900983004003026186199
B2114223700720N11923478WA0098900982004003027198209
B2114233700716N11923480WA0099000982004003026201220
B2114243700714N11923481WA0098900981004003021190209
B2114253700712N11923481WA0098600980004003017177203
B2114263700709N11923480WA0098400977004003018164211
B2114273700704N11923477WA0098000972004003018155201
B2114283700701N11923476WA0097800970004003020158207
B2114293700698N11923474WA0097600968004003021161205
B2114303700695N11923473WA0097500967004003021164214
B2114313700693N11923473WA0097400966004003018173219
B2114323700691N11923473WA0097300965004003013185213
B2114333700689N11923473WA0097200964004003014184228
B2114343700687N11923473WA0097000962004003017180233
B2114353700684N11923473WA0096800960004003017181225
B2114363700682N11923473WA0096600960004003017190229
B2114373700679N11923475WA0096400958004003017202235
B2114383700677N11923476WA0096300955004003017211219
B2114393700675N11923478WA0096100953004003017213215
B2114403700673N11923480WA0095900951004003018212218
B2114413700670N11923482WA0095700949004003017211221
B2114423700668N11923483WA0095400947004003017210220
B2114433700666N11923485WA0095200944004003016207217
B2114443700664N11923486WA0094800940004003016206217
B2114453700662N11923487WA0094500936004003018206221
B2114463700659N11923489WA0094100933004003018201217
B2114473700657N11923490WA0093800931004003018188195
B2114483700653N11923489WA0093600927004003018165170
B2114493700650N11923486WA0093200923004003032141168
B2114503700646N11923480WA0092700919004003043122149
B2114513700642N11923472WA0092400919004003043102135
B2114523700642N11923462WA0092200918004003049086127
B2114533700645N11923454WA0092100916004003048072098
B2114543700647N11923445WA0091900915004003049065074
B2114553700651N11923437WA0091700911004003049062067
B2114563700655N11923428WA0091400908004003052063069
B2114583700659N11923418WA0091200905004003058059068
B2114593700665N11923409WA0090800902004003058050058
B2115003700671N11923403WA0090400899004003056039038
B2115013700678N11923398WA0090100895004003054029018
B2115023700685N11923394WA0090000892004003053019007
B2115033700693N11923391WA0089700890004003053012003
B2115043700700N11923391WA0089400887004003051003345
B2115053700707N11923391WA0089100884004003049355347
B2115063700714N11923392WA0088800881004003048349339
B2115073700721N11923395WA0088600878004003048342329
B2115083700727N11923398WA0088400875004003045333313
B2115093700732N11923402WA0088100872004003041326304
B2115103700737N11923406WA0087800868004003040322301
B2115113700741N11923411WA0087400865004003040319290
B2115123700745N11923415WA0087300863004003037313285
B2115133700747N11923420WA0087000861004003033303275
B2115143700749N11923424WA0086800859004003024296287
B2115153700751N11923428WA0086700858004003024302284
B2115163700753N11923431WA0086700858004003024311289
B2115173700756N11923435WA0086500856004003025311290
B2115183700758N11923439WA0086500856004003026310281
B2115193700761N11923442WA0086500857004003026311274
B2115203700762N11923444WA0086500857004003020303257
B2115213700762N11923445WA0086500856004003012260235
B2115223700761N11923446WA0086400855004003009209227
B2115233700759N11923447WA0086300854004003012182220
B2115243700757N11923446WA0086300854004003012166214
B2115253700755N11923445WA0086200854004003013156215
B2115263700754N11923444WA0086200854004003011154216
B2115273700753N11923444WA0086200854004003011168219
B2115283700752N11923444WA0086200853004003008203233
B2115293700751N11923445WA0086100852004003008238241
B2115303700750N11923447WA0086000851004003013268253
B2115313700751N11923450WA0085900851004003017290267
B2115323700753N11923453WA0085900851004003017306266
B2115333700755N11923456WA0085800852004003018312272
B2115343700756N11923458WA0085800853004003017311263
B2115353700758N11923461WA0085800852004003017307259
B2115363700760N11923464WA0085700851004003017306257
B2115373700762N11923468WA0085700851004003022304262
B2115383700764N11923472WA0085600852004003024297262
B2115393700764N11923475WA0085800853004003024281256
B2115403700764N11923477WA0085800852004003016265246
B2115413700764N11923479WA0085700850004003012258237
B2115423700764N11923482WA0085500847004003018264244
B2115433700763N11923486WA0085300846004003023266249
B2115443700763N11923490WA0085200846004003021265249
B2115453700763N11923494WA0085200847004003021266250
B2115463700763N11923497WA0085300847004003016273251
B2115473700763N11923500WA0085300846004003016272248
B2115483700763N11923502WA0085100843004003014262247
B2115493700763N11923505WA0084700840004003014252243
B2115503700762N11923509WA0084300836004003022254249
B2115513700761N11923513WA0084000834004003024259254
B2115523700761N11923518WA0083900833004003023265255
B2115533700760N11923521WA0083900832004003023268251
B2115543700760N11923524WA0083900831004003013260250
B2115553700760N11923526WA0083800830004003013251248
B2115563700759N11923529WA0083500827004003013263250
B2115573700760N11923532WA0083200824004003015278260
B2115583700761N11923536WA0083000822004003022286271
B2115593700761N11923540WA0082800821004003022285266
B2116003700762N11923543WA0082800820004003020281265
B2116013700763N11923546WA0082800818004003017286261
B2116023700763N11923549WA0082600815004003017291266
B2116033700765N11923552WA0082300812004003020292269
B2116043700766N11923556WA0082000809004003020288270
B2116053700767N11923560WA0081600806004003022285268
B2116063700767N11923564WA0081400804004003022286265
B2116073700769N11923568WA0081300803004003022294267
B2116083700770N11923572WA0081200802004003022301265
B2116093700772N11923576WA0081100801004003023297270
B2116103700773N11923580WA0080900799004003024286267
B2116113700774N11923584WA0080800798004003024273265
B2116123700774N11923587WA0080700797004003020270252
B2116133700774N11923590WA0080700797004003017281257
B2116143700775N11923594WA0080600796004003021291267
B2116153700777N11923598WA0080600796004003024291266
B2116163700777N11923602WA0080500795004003023282276
B2116173700778N11923606WA0080300794004003023271258
B2116183700778N11923610WA0080200793004003020268254
B2116193700778N11923614WA0080200792004003022275259
B2116203700778N11923618WA0080100792004003022279263
B2116213700779N11923623WA0080100791004003023276261
B2116223700779N11923627WA0080100792004003021266249
B2116233700778N11923630WA0080200793004003021257247
B2116243700778N11923633WA0080200794004003018253239
B2116253700777N11923635WA0080200794004003014247236
B2116263700776N11923637WA0080200794004003015236239
B2116273700774N11923640WA0080000792004003017233236
B2116283700773N11923643WA0080100792004003017232233
B2116293700772N11923645WA0080000792004003017241241
B2116303700771N11923647WA0079900790004003013253244
B2116313700771N11923650WA0079700788004003015260253
B2116323700770N11923653WA0079500786004003015255240
B2116333700768N11923659WA0079400787004003018237242
B2116343700766N11923661WA0079500788004003010207241
B2116353700765N11923661WA0079500789004003011159223
B2116363700763N11923659WA0079400787004003011151221
B2116373700761N11923658WA0079200784004003014168217
B2116383700758N11923659WA0078900781004003020194224
B2116393700755N11923661WA0078600778004003026212232
B2116403700752N11923664WA0078600779004003025219236
B2116413700749N11923667WA0078600781004003025219238
B2116423700748N11923668WA0078700782004003010212238
B2116433700747N11923669WA0078700781004003010206236
B2116443700745N11923670WA0078600779004003010220235
B2116453700744N11923673WA0078500777004003014236236
B2116463700742N11923677WA0078400776004003024251255
B2116473700741N11923682WA0078300777004003025260254
B2116483700741N11923686WA0078200778004003024268254
B2116493700741N11923689WA0078400780004003021260239
B2116503700740N11923692WA0078500781004003017236217
B2116513700738N11923694WA0078600782004003019205214
B2116523700735N11923694WA0078600783004003019184209
B2116533700732N11923693WA0078800785004003021171209
B2116543700729N11923693WA0078800785004003018171219
B2116553700727N11923693WA0078900785004003018202229
B2116563700725N11923695WA0078800785004003016239247
B2116573700724N11923698WA0078700785004003016256251
B2116583700723N11923701WA0078700785004003015256257
B2116593700723N11923703WA0078800785004003015235246
B2117013700722N11923704WA0078900785004003010212235
B2117023700720N11923705WA0078800783004003010211226
B2117033700719N11923707WA0078500780004003016218230
B2117043700716N11923709WA0078200778004003021219232
B2117053700714N11923712WA0078100777004003021213232
B2117063700711N11923713WA0078000778004003021196235
B2117073700708N11923713WA0078100778004003016179225
B2117083700706N11923713WA0078100777004003016183221
B2117093700704N11923714WA0078000775004003015194225
B2117103700702N11923715WA0077600773004003015200224
B2117113700699N11923716WA0077500771004003019203228
B2117123700697N11923718WA0077400770004003019213241
B2117133700696N11923719WA0077500770004003014263258
B2117143700697N11923722WA0077400769004003014302280
B2117153700700N11923725WA0077200767004003024318290
B2117163700703N11923728WA0077100766004003029324296
B2117173700707N11923731WA0077000766004003028324295
B2117183700710N11923734WA0077000765004003028320287
B2117193700712N11923737WA0076900765004003021310275
B2117203700714N11923740WA0076800763004003021299264
B2117213700715N11923744WA0076700762004003020288264
B2117223700715N11923747WA0076500760004003018270257
B2117233700715N11923749WA0076300758004003015255245
B2117243700714N11923752WA0076100756004003017255242
B2117253700714N11923756WA0076000756004003017262247
B2117263700713N11923758WA0076000755004003017262248
B2117273700713N11923761WA0075800754004003012250242
B2117283700712N11923763WA0075700751004003015248241
B2117293700711N11923766WA0075500749004003015257248
B2117303700711N11923769WA0075300748004003017264246
B2117313700711N11923773WA0075200746004003017267249
B2117323700711N11923775WA0075100745004003017267245
B2117333700711N11923778WA0074900743004003013267248
B2117343700711N11923781WA0074700740004003013277248
B2117353700712N11923784WA0074400737004003024288269
B2117363700714N11923789WA0074100734004003029299277
B2117373700716N11923794WA0073900733004003029307287
B2117383700719N11923797WA0073900733004003029313289
B2117393700722N11923801WA0073900732004003024320289
B2117403700725N11923803WA0073800730004003024325283
B2117413700728N11923806WA0073700728004003024321286
B2117423700731N11923810WA0073400725004003027316282
B2117433700735N11923814WA0073100723004003032312287
B2117443700737N11923818WA0072900722004003032310284
B2117453700740N11923822WA0072900722004003029315290
B2117463700743N11923824WA0072900720004003024323285
B2117473700745N11923827WA0072700718004003023327287
B2117483700749N11923829WA0072500715004003026326286
B2117493700752N11923833WA0072100711004003026322285
B2117503700756N11923837WA0071900709004003030317280
B2117513700759N11923841WA0071700709004003030307278
B2117523700761N11923845WA0071700709004003030299258
B2117533700762N11923848WA0071700709004003023287241
B2117543700762N11923849WA0071600708004003013201210
B2117553700759N11923848WA0071500705004003019155195
B2117563700756N11923845WA0071200704004003030137176
B2117573700752N11923840WA0071100704004003030122168
B2117583700750N11923835WA0071000704004003030120162
B2117593700748N11923832WA0071000703004003015131187
B2118003700747N11923831WA0070700701004003015176216
B2118013700746N11923832WA0070300696004003012218223
B2118023700745N11923834WA0069700692004003012230233
B2118033700744N11923836WA0069300689004003012252240
B2118043700744N11923839WA0069200686004003016285251
B2118053700745N11923842WA0069000681004003016300263
B2118063700748N11923846WA0068600677004003021303264
B2118073700749N11923850WA0068200673004003026294257
B2118083700750N11923855WA0067900670004003026284254
B2118093700751N11923859WA0067700670004003026279255
B2118103700752N11923863WA0067700669004003024283258
B2118113700753N11923867WA0067600668004003020295253
B2118123700754N11923870WA0067500665004003020300251
B2118133700756N11923873WA0067200662004003020290246
B2118143700756N11923877WA0066800658004003020274239
B2118153700756N11923881WA0066400658004003021264240
B2118163700755N11923885WA0066200656004003021257236
B2118173700755N11923887WA0066200654004003018256236
B2118183700754N11923889WA0066000651004003013253229
B2118193700754N11923892WA0065700647004003016250225
B2118203700752N11923896WA0065200643004003023248228
B2118213700751N11923900WA0064900640004003023248234
B2118223700750N11923904WA0064800641004003023251234
B2118233700749N11923908WA0065000641004003016254235
B2118243700748N11923910WA0065100641004003016252228
B2118253700748N11923911WA0065100640004003011246221
B2118263700747N11923913WA0064900638004003011241230
B2118273700746N11923916WA0064700636004003014251235
B2118283700746N11923918WA0064500634004003015254239
B2118293700745N11923921WA0064400634005003015252242
B2118303700744N11923924WA0064400633004003015256239
B2118313700744N11923927WA0064400633004003014257233
B2118323700743N11923929WA0064400631004003014243222
B2118333700742N11923931WA0064100628004003014228219
B2118343700739N11923934WA0063900626004003017221213
B2118353700737N11923936WA0063800624004003023216210
B2118363700733N11923938WA0063700624004003025199197
B2118373700729N11923938WA0063600623004003025172194
B2118383700721N11923932WA0063400622004003031147183
B2118393700717N11923930WA0063500622004003019147201
B2118403700716N11923929WA0063400620004003019163218
B2118413700715N11923929WA0063200619004003010244222
B2118423700715N11923933WA0062800615004003010271250
B2118433700716N11923938WA0062600612004003029289266
B2118443700718N11923944WA0062500612004003029303279
B2118453700720N11923948WA0062400612004003029306283
B2118463700722N11923951WA0062300611004003024301272
B2118473700724N11923955WA0062200609004003022290266
B2118483700725N11923959WA0062100607004003025296262
B2118493700727N11923963WA0062000606004003024300265
B2118503700728N11923966WA0061800604004003024292245
B2118513700729N11923969WA0061600601004003016267228
B2118523700728N11923972WA0061300598004003016240223
B2118533700726N11923974WA0060900595004003016221219
B2118543700723N11923976WA0060800593004003019213214
B2118553700721N11923979WA0060600591004003021215212
B2118563700718N11923981WA0060400589004003022223223
B2118573700716N11923984WA0060200589004003021230237
B2118583700714N11923987WA0060100586004003021234244
B2118593700713N11923990WA0059900585004003014242242
B2119003700713N11923992WA0059800583004003014281245
B2119023700714N11923992WA0059800582004003008329261
B2119033700714N11923992WA0059800582004003000329272
B2119043700714N11923992WA0059800582004003001329301
B2119053700714N11923992WA0059800581004003001329296
B2119063700714N11923992WA0059800581004003001329257
B2119073700714N11923992WA0059800581004003000329262
B2119083700714N11923992WA0059800581004003000329264
B2119093700714N11923992WA0059800581004003000329268
B2119103700714N11923992WA0059800581004003000329269
B2119113700714N11923992WA0059800581004003000329268
B2119123700714N11923992WA0059800581004003000329266
B2119133700714N11923992WA0059800581004003000329265
B2119143700714N11923992WA0059800581004003000329267
B2119153700714N11923992WA0059800581004003000329266
B2119163700714N11923992WA0059700581004003000329270
B2119173700714N11923992WA0059700581004003000329267
B2119183700714N11923992WA0059700581004003000329266
B2119193700714N11923992WA0059700581004003000329264
B2119203700714N11923992WA0059700581004003000329262
B2119213700714N11923992WA0059700581004003000329260
B2119223700714N11923992WA0059600580004003000329262
B2119233700714N11923992WA0059600580004003000329266
B2119243700714N11923992WA0059600580004003000329273
B2119253700714N11923992WA0059600580004003001329257
B2119263700714N11923992WA0059600580004003000329260
B2119273700714N11923992WA0059600580004003000329282
B2119283700714N11923992WA0059600580004003000329269
B2119293700714N11923993WA0059500580004003001329265
B2119303700714N11923993WA0059500580004003001329279
GfsDH9S3C4G5Z5AF2cwQPobu2MnCA8hci08OXQWM3xjcOMo0m+f6XWk0NHSOqFcIa
GtuocWWTZQvT+XEG3FyfJDqVU+4CJtke4BwM2DFplOrfDpEuPaYFM0eHfTTsIFrN0
GKriBmb5xRLZVrv4B8B8FmK6H5HRg3gttDF4CyElIOv4=
