AXFH000
HFDTE051124
HFPLTPILOT:Scott O’Brien
HFGTYGLIDERTYPE:BGD Epic M
HFDTM100GPSDATUM:WGS84
HFRFWFIRMWAREVERSION:8.2.5
HFRHWHARDWAREVERSION:iPhone 15
HFFTYFRTYPE:Flyskyhy,8.2.5
HFGPS:Internal
HFPRSVARIO:Internal Vario
HFCCLCOMPETITIONCLASS:Paraglider
HFTZNTIMEZONE:-3
HFSITSITE:Iquique - Palo Buque,CL
I053638FXA3941VXA4244GSP4547CCO4850HDT
C051124203741051124000105TASK
C0000000N00000000ETAKEOFF
C3832449N11204411W00000000001000000000360000STARTAREA T04
C3832449N11204411W00030009999999000000360000TURNAREA T04
C3833533N11148217W00000000002000000000360000TURNAREA P30
C3845304N11125100W00000000006000000000360000TURNAREA S08
C3913309N11109083W00000000002000000000360000TURNAREA F04
C3935774N11050460W00000000003000000000360000TURNAREA G14
C3935774N11050460W00000000000400000000360000FINISHAREA G14
C0000000N00000000ELANDING
B2038292023163S07009845WA0013600188999016000359147
B2038312023071S07009027WA0018800218035048021134138
B2038322023084S07009026WA0018800251024032021151142
B2038332023083S07009015WA0018800249021024021125153
B2038342023086S07009007WA0024900258012016021134153
B2038352023087S07009006WA0025000257013024021137152
B2038362023087S07009002WA0025000263013016018132158
B2038372023089S07009003WA0025200259012016018128157
B2038382023091S07008997WA0025300256009012017129151
B2038392023097S07008993WA0025300257004003016185185
B2038402023099S07008997WA0025300256004003023240216
B2038412023098S07009002WA0025300253004003031274247
B2038422023093S07009007WA0025200251004003031318276
B2038432023088S07009010WA0025100251004003044339293
B2038442023083S07009013WA0025100252004004037334307
B2038452023079S07009015WA0025000252004004037337311
B2038462023076S07009019WA0024900250004003031310292
B2038472023072S07009022WA0024800248004003031318282
B2038482023098S07008992WA0024700246010019018317289
B2038492023095S07008994WA0024600246010019019319286
B2038502023093S07008996WA0024500246010019022319282
B2038512023090S07008999WA0024500245010019024320272
B2038522023086S07009002WA0024500245010019026317277
B2038532023083S07009005WA0024500244010019026316281
B2038542023080S07009009WA0024500244010019027315286
B2038552023077S07009012WA0024600244010019027315285
B2038562023074S07009015WA0024600244010019027315288
B2038572023070S07009019WA0024700243010019028315283
B2038582023067S07009022WA0024700243010019034317286
B2038592023063S07009026WA0024700243010019036318288
B2039002023058S07009031WA0024600243010019037319291
B2039012023054S07009035WA0024600242010019038318285
B2039022023050S07009039WA0024600242010019037317289
B2039032023045S07009043WA0024500242010019037318290
B2039042023041S07009048WA0024500242010019037319286
B2039052023035S07009053WA0024600242010019037320287
B2039062023030S07009058WA0024600242010019037321288
B2039072023024S07009063WA0024600242010019036322286
B2039082023019S07009067WA0024600243010019036323287
B2039092023014S07009071WA0024600243010019036325292
B2039102023009S07009075WA0024700243010019036325293
B2039112023004S07009079WA0024800243010019036326294
B2039122022998S07009083WA0024900243010019036328287
B2039132022993S07009086WA0025000243010019035325276
B2039142022988S07009089WA0025200243010019034326271
B2039152022983S07009093WA0025300243010019032314278
B2039162022980S07009097WA0025400243010019032309281
B2039172022977S07009101WA0025600243010019032308276
B2039182022971S07009109WA0025700243010019030308278
B2039202022968S07009112WA0025900243010019028307267
B2039212022964S07009116WA0025900244010019026300263
B2039222022962S07009120WA0026000244010019023290252
B2039232022960S07009124WA0026000245010019019278242
B2039242022960S07009127WA0026000245010019014254231
B2039252022961S07009127WA0026000246010019008200215
B2039262022962S07009127WA0026000247010019004145194
B2039272022962S07009124WA0025900249010019008088185
B2039292022962S07009123WA0025800250010019011113169
B2039302022965S07009117WA0025800253010019020122162
B2039312022968S07009112WA0025800254010019023126154
B2039322022970S07009108WA0025800255010019023123154
B2039332022972S07009104WA0025800256010019023109146
B2039342022974S07009100WA0025800257010019022103152
B2039352022977S07009093WA0025900258010019021135156
B2039372022982S07009087WA0026000258010019023126157
B2039392022985S07009080WA0026000259010019022111146
B2039402022987S07009077WA0026100259010019022121141
B2039412022989S07009074WA0026100260010019018129171
B2039432022990S07009072WA0026100260010019018131208
B2039442022992S07009070WA0026200260010019011149218
B2039452022994S07009069WA0026200260010019006172225
B2039462022995S07009070WA0026200260010019007316229
B2039472022993S07009071WA0026200260010019019334253
B2039482022989S07009074WA0026200260010019028337298
B2039502022984S07009077WA0026300260010019028323306
B2039512022980S07009079WA0026400260010019028323295
B2039522022976S07009082WA0026500260010019031322289
B2039532022972S07009086WA0026500260010019034323293
B2039542022967S07009089WA0026600260010019034322294
B2039552022958S07009098WA0026700261010019031319285
B2039562022954S07009103WA0026800261010019031307274
B2039572022951S07009107WA0026900261010019029293252
B2039582022949S07009113WA0027100261010019025282235
B2039592022948S07009116WA0027100261010019022273217
B2040002022948S07009120WA0027100261010019015279208
B2040012022948S07009121WA0027100261010019012287206
B2040022022947S07009122WA0027100262010019010312208
B2040032022946S07009122WA0027000262010019002031218
B2040042022947S07009121WA0027000262010019011133175
B2040052022949S07009117WA0027000263010019021132162
B2040062022953S07009110WA0027000263010019024133156
B2040072022956S07009105WA0027000264010019021126157
B2040082022959S07009099WA0027000265005010021117158
B2040092022961S07009094WA0027000265010019022113149
B2040102022963S07009089WA0027000266010019021115155
B2040112022965S07009085WA0027100266010019022121155
B2040122022967S07009081WA0027100267010019021122159
B2040132022969S07009077WA0027200267010019021116150
B2040142022970S07009073WA0027300268010019021107158
B2040152022972S07009070WA0027300268010019021109152
B2040162022973S07009066WA0027400269010019019123159
B2040172022975S07009064WA0027400269010019017140176
B2040182022977S07009062WA0027500269010019017149173
B2040192022979S07009060WA0027500269010019016143162
B2040202022981S07009058WA0027600270010019014153176
B2040212022983S07009058WA0027600270010019009178199
B2040222022985S07009058WA0027700270010019010189228
B2040232022986S07009058WA0027800270010019011204238
B2040242022987S07009060WA0027800270010019014259247
B2040252022987S07009062WA0027800270010019018298266
B2040262022985S07009065WA0027800270010019021310288
B2040272022982S07009069WA0027800270010019025305295
B2040282022979S07009074WA0027800271010019023307290
B2040292022976S07009078WA0027900271010019024307284
B2040302022971S07009081WA0028100271010019029323286
B2040312022965S07009084WA0028300271010019031326293
B2040322022960S07009087WA0028400271010019031315289
B2040332022956S07009091WA0028500271010019031315279
B2040342022951S07009094WA0028500271010019026308268
B2040352022947S07009096WA0028600271010019021284258
B2040362022946S07009098WA0028700271010019015270236
B2040372022945S07009099WA0028800271010019007271221
B2040382022944S07009099WA0028800271010019005327205
B2040392022942S07009099WA0028900272010019007346204
B2040402022940S07009099WA0028900272010019004359202
B2040412022939S07009098WA0029000272010019002017194
B2040422022939S07009098WA0029100272010019002163190
B2040432022940S07009097WA0029200272010019009168191
B2040442022943S07009092WA0029300274010019017143182
B2040452022946S07009087WA0029500275010019018140168
B2040462022949S07009082WA0029600276010019019139161
B2040472022953S07009078WA0029800277010019017145166
B2040482022956S07009074WA0029900278010019016160173
B2040492022959S07009071WA0029900279010019016169172
B2040502022962S07009068WA0030000279010019018158168
B2040512022966S07009065WA0030000280010019020145155
B2040522022969S07009062WA0030000280010019022143155
B2040532022972S07009059WA0030000280010019023147145
B2040542022975S07009057WA0030000281010019024151160
B2040552022979S07009054WA0030000281010019022146152
B2040562022982S07009051WA0030100282010019024133147
B2040572022984S07009048WA0030100282010019025128140
B2040582022987S07009044WA0030200283010019026127127
B2040592022989S07009041WA0030200283010019024121131
B2041002022991S07009037WA0030300283010019024111138
B2041012022992S07009033WA0030400284010019027107121
B2041022022993S07009029WA0030500284010019028109127
B2041032022995S07009024WA0030600285010019028118134
B2041042022998S07009020WA0030600286010019027122136
B2041052023000S07009016WA0030600287010019024120144
B2041062023002S07009012WA0030600287010019023117143
B2041072023004S07009009WA0030600288010019024121143
B2041082023006S07009006WA0030600289010019025125137
B2041092023008S07009003WA0030600289010019024125144
B2041102023010S07008999WA0030600290010019025121135
B2041112023012S07008996WA0030600290010019027122137
B2041122023015S07008992WA0030600290010019028128139
B2041132023018S07008989WA0030600291010019027137144
B2041142023021S07008987WA0030600291010019024149158
B2041152023024S07008985WA0030600292010019019164171
B2041162023027S07008985WA0030600292010019017181183
B2041172023029S07008986WA0030600293010019017219212
B2041182023030S07008988WA0030700294010019020260232
B2041192023030S07008992WA0030800294010019021287258
B2041202023029S07008994WA0030900295010019030317281
B2041212023024S07008998WA0031000296010019041329301
B2041222023018S07009002WA0031100297010019044338320
B2041232023012S07009005WA0031200298010019043342317
B2041242023005S07009007WA0031200298010019040343325
B2041252023000S07009010WA0031300299010019036344321
B2041262022994S07009012WA0031400300010019037334292
B2041272022989S07009016WA0031500300010019041324304
B2041282022984S07009020WA0031500301010019040319286
B2041292022980S07009024WA0031500301010019040316288
B2041302022977S07009028WA0031600301010019029322277
B2041312022973S07009031WA0031700302010019030324282
B2041322022970S07009034WA0031800302010019030314283
B2041332022966S07009037WA0031900302010019034309271
B2041342022963S07009042WA0032000302010019041306270
B2041352022960S07009047WA0032000302010019038309272
B2041362022957S07009052WA0032000302010019037308274
B2041372022954S07009057WA0032100303010019032308280
B2041382022951S07009061WA0032100303010019031303275
B2041392022949S07009065WA0032200303010019032291257
B2041402022948S07009070WA0032300303010019033285261
B2041412022947S07009075WA0032400303010019032283248
B2041422022947S07009080WA0032600304010019026278247
B2041432022946S07009084WA0032700305010019025277245
B2041442022946S07009088WA0032800306010019023276244
B2041452022946S07009091WA0032800307010019022272234
E204145PEVBackground
E204153PEVContinued after termination
B2041542022959S07009101WA0030600327010016022119102
B2041552022961S07009096WA0030500331008012026118122
B2041562022962S07009092WA0030500334008012026105107
B2041582022960S07009085WA0030500334007012026079096
B2041592022959S07009078WA0030500339004006031074090
B2042002022958S07009073WA0030400339004006033081093
B2042012022958S07009068WA0030400340004006033088097
B2042022022957S07009064WA0030500339004006028091110
B2042032022958S07009059WA0030500332010019026106109
B2042042022959S07009055WA0030500332010019024113124
B2042052022961S07009052WA0030500331010019024125128
B2042062022963S07009049WA0030500331010019022135138
B2042072022966S07009047WA0030500331010019020143151
B2042082022968S07009045WA0030400330010019019151159
B2042092022970S07009044WA0030400330010019017156160
B2042102022973S07009043WA0030400331010019015157177
B2042112022975S07009042WA0030400331010019012170187
B2042122022977S07009043WA0030400331010019009188212
B2042132022978S07009043WA0030400331010019011184245
B2042142022979S07009044WA0030400331010019012240256
B2042152022980S07009046WA0030400331010019021272271
B2042162022977S07009049WA0030400331010019024306286
B2042172022973S07009053WA0030500331010019029322301
B2042182022966S07009056WA0030500331010019040344314
B2042192022958S07009061WA0030500332010019043343318
B2042202022951S07009065WA0030500332010019039335303
B2042212022945S07009068WA0030600332010019032321298
B2042222022941S07009072WA0030600332010019026286277
B2042232022940S07009076WA0030600332010019025265248
B2042242022941S07009079WA0030600332010019018234230
B2042252022942S07009081WA0030500332010019015190212
B2042262022944S07009081WA0030400332010019014165190
B2042272022946S07009079WA0030300332010019018131179
B2042282022947S07009077WA0030200332010019021119154
B2042292022949S07009073WA0030100332010019024115142
B2042302022950S07009070WA0030000332010019025112138
B2042312022951S07009066WA0029900331010019025109137
B2042322022952S07009062WA0029800330010019024110134
B2042332022953S07009059WA0029700330010019023114136
B2042342022955S07009056WA0029700329010019023119137
B2042352022956S07009053WA0029500329010019023117135
B2042362022958S07009049WA0029500328010019024109129
B2042372022958S07009046WA0029400327010019025101126
B2042382022959S07009041WA0029300327010019026100134
B2042392022960S07009037WA0029300326010019026103136
B2042402022961S07009034WA0029300325010019024111140
B2042412022962S07009030WA0029300325010019025119148
B2042422022964S07009027WA0029300325010019024119148
B2042432022966S07009023WA0029300324010019021115145
B2042442022967S07009020WA0029300324010019020117154
B2042452022968S07009017WA0029300323010019019126164
B2042462022970S07009015WA0029300323010019021133161
B2042472022972S07009012WA0029300322010019020129159
B2042482022974S07009010WA0029300322010019019120155
B2042492022975S07009007WA0029400322010019017115158
B2042502022976S07009004WA0029400322010019017118145
B2042512022978S07009002WA0029500322010019018129153
B2042522022980S07009000WA0029600322010019020141149
B2042532022982S07008998WA0029600322010019021139162
B2042542022984S07008995WA0029600322010019022126142
B2042552022986S07008992WA0029700322010019020107139
B2042562022986S07008990WA0029700323010019017100145
B2042572022987S07008987WA0029800323010019016110150
B2042582022988S07008985WA0029900323010019017127147
B2042592022989S07008982WA0030000323010019018126150
B2043002022991S07008980WA0030200324010019019113135
B2043012022992S07008977WA0030300324010019020101129
B2043022022992S07008973WA0030300324010019020104134
B2043032022993S07008970WA0030400325010019020108146
B2043042022994S07008967WA0030500325010019020107138
B2043052022995S07008964WA0030500325010019019107142
B2043062022996S07008961WA0030500326010019016110146
B2043072022997S07008959WA0030600326010019014122152
B2043082022998S07008957WA0030600326010019014131150
B2043092022999S07008955WA0030700326010019015131147
B2043102023001S07008953WA0030700327010019016124141
B2043112023002S07008951WA0030700327010019016116138
B2043122023003S07008949WA0030700327010019017110136
B2043132023004S07008946WA0030700328010019018109131
B2043142023005S07008943WA0030700328010019019112137
B2043152023006S07008941WA0030700328010019017124144
B2043162023008S07008939WA0030700328010019014135153
B2043172023010S07008938WA0030700328010019015147159
B2043182023011S07008936WA0030700328010019016143157
B2043192023013S07008935WA0030700329010019016133150
B2043202023015S07008933WA0030700329010019016132152
B2043212023017S07008931WA0030700329010019016145161
B2043222023019S07008930WA0030700329010019016157165
B2043232023021S07008930WA0030600329010019018167169
B2043242023024S07008929WA0030600329010019020170175
B2043252023027S07008929WA0030500329010019020172170
B2043262023030S07008929WA0030400329010019021178181
B2043272023033S07008929WA0030400329010019020182183
B2043282023036S07008929WA0030300329010019019192198
B2043292023039S07008930WA0030300329010019018196208
B2043302023042S07008931WA0030300329010019019210211
B2043312023044S07008933WA0030400329010019019223215
B2043322023046S07008936WA0030400329010019019243231
B2043332023047S07008939WA0030400329010019024251244
B2043342023047S07008943WA0030400329010019023272259
B2043352023046S07008947WA0030500329010019024300275
B2043362023044S07008950WA0030500329010019026319295
B2043372023040S07008953WA0030600329010019031328296
B2043382023035S07008956WA0030700329010019039332298
B2043392023029S07008960WA0030700329010019040328296
B2043402023024S07008964WA0030700329010019041328297
B2043412023018S07008968WA0030600328010019041332309
B2043422023012S07008972WA0030600328010019040336312
B2043432023006S07008975WA0030600328010019040340318
B2043442023000S07008977WA0030500328010019040343324
B2043452022994S07008980WA0030500328010019041344322
B2043462022987S07008982WA0030600328010019042344319
B2043472022981S07008984WA0030600328010019042344313
B2043482022975S07008986WA0030600327010019042343304
B2043492022969S07008988WA0030600327010019041339301
B2043502022963S07008991WA0030600327010019038330298
B2043512022958S07008994WA0030600327010019037324289
B2043522022955S07008998WA0030600327010019030299282
B2043532022954S07009003WA0030700326010019028281258
B2043542022954S07009006WA0030700326010019018242242
B2043552022955S07009009WA0030700326010019018240206
B2043562022957S07009011WA0030600326010019011232203
B2043572022959S07009009WA0030600326010019016124194
B2043582022961S07009004WA0030600326010019024109143
B2043592022962S07008999WA0030600326010019024104131
B2044002022964S07008995WA0030600327010019024109136
B2044012022965S07008991WA0030600327010019024117143
B2044022022967S07008988WA0030600327010019023122144
B2044032022969S07008985WA0030600327010019022126149
B2044042022971S07008982WA0030600327010019020126147
B2044052022973S07008979WA0030700328010019020122147
B2044062022975S07008976WA0030700328010019021118145
B2044072022976S07008973WA0030800328010019021115141
B2044082022978S07008970WA0030900328010019020115147
B2044092022979S07008967WA0031000328010019018124167
B2044102022981S07008965WA0031000328010019018132183
B2044112022983S07008964WA0031100328010019018153206
B2044122022985S07008964WA0031100328010019012186213
B2044132022987S07008964WA0031100328010019012193228
B2044142022988S07008965WA0031000328010019004214227
B2044152022987S07008966WA0030900328010019016324225
B2044162022985S07008968WA0030900328010019023338284
B2044172022981S07008969WA0031000328010019024342303
B2044182022977S07008971WA0031100327010019024338309
B2044192022974S07008973WA0031300327010019027330306
B2044202022970S07008976WA0031400327010019035326303
B2044212022965S07008980WA0031500327010019041327307
B2044232022959S07008984WA0031600327010019044330307
B2044242022943S07008997WA0031600327010019041330299
B2044252022934S07009005WA0031700328010019035334296
B2044262022928S07009012WA0031800328010019032325291
B2044272022922S07009018WA0031900328010019037312286
B2044282022918S07009024WA0031900328010019038311281
B2044292022914S07009029WA0032000328010019037304268
B2044302022911S07009035WA0032000328010019031289260
B2044312022910S07009039WA0032100328010019025269242
B2044322022911S07009043WA0032200328010019018246225
B2044332022912S07009045WA0032300328010019014214212
B2044342022914S07009045WA0032400328010019016188191
B2044352022917S07009046WA0032400329010019016170178
B2044362022919S07009044WA0032500329010019016160172
B2044372022922S07009043WA0032500330010019016163173
B2044382022924S07009042WA0032500330010019014167179
B2044392022926S07009042WA0032600331010019014171176
B2044402022928S07009041WA0032700332010019014169178
B2044412022930S07009041WA0032700332010019015158172
B2044422022932S07009040WA0032800333010019017151165
B2044432022934S07009038WA0032800333010019016137162
B2044442022936S07009036WA0032900334010019015135165
B2044452022938S07009034WA0032900334010019016143169
B2044462022939S07009033WA0033000334010019016148164
B2044472022941S07009031WA0033000335010019016141159
B2044482022943S07009029WA0033000335010019017134152
B2044492022944S07009027WA0033000336010019020115138
B2044502022945S07009023WA0032900336010019027098123
B2044512022945S07009018WA0032900337010019032086102
B2044522022944S07009013WA0032800337010019036080100
B2044532022942S07009007WA0032800338010019036075085
B2044542022941S07009002WA0032800338010019035078099
B2044552022940S07008997WA0032800338010019032085113
B2044562022940S07008992WA0032800338010019031093121
B2044572022941S07008987WA0032800338010019029099129
B2044582022942S07008982WA0032800338010019027105129
B2044592022943S07008978WA0032700339010019025112141
B2045002022944S07008975WA0032700339010019024116144
B2045012022946S07008972WA0032700339010019023119138
B2045022022948S07008968WA0032700339010019024125141
B2045032022950S07008965WA0032700339010019023127141
B2045042022952S07008963WA0032700339010019023125139
B2045052022954S07008959WA0032700339010019023119134
B2045062022955S07008956WA0032700340010019023116135
B2045072022957S07008953WA0032700340010019022116143
B2045082022958S07008950WA0032700340010019021118149
B2045092022960S07008947WA0032700340010019020121149
B2045102022962S07008944WA0032800340010019019124157
B2045112022963S07008942WA0032800340010019015136181
B2045122022965S07008941WA0032900340010019013156200
B2045132022967S07008941WA0032900340010019016183215
B2045142022969S07008942WA0033000340010019012203227
B2045152022971S07008943WA0033100340010019015255230
B2045162022971S07008946WA0033100340010019018277249
B2045172022969S07008950WA0033200340010019026317265
B2045182022964S07008953WA0033300341010019032339294
B2045192022959S07008956WA0033400341010019036328313
B2045202022953S07008960WA0033600341010019034321301
B2045212022948S07008965WA0033800341010019034322292
B2045222022943S07008969WA0033900342010019037328297
B2045232022937S07008973WA0034000342010019037327297
B2045242022932S07008977WA0034000342010019036324295
B2045252022927S07008981WA0034100342010019036322291
B2045262022921S07008986WA0034200343010019038326292
B2045272022916S07008990WA0034300344010019039327307
B2045282022910S07008994WA0034400344010019041335306
B2045292022904S07008997WA0034600345010019038332311
B2045302022898S07009001WA0034700346010019034327305
B2045312022893S07009004WA0034900347010019034326277
B2045322022889S07009008WA0035100349010019033312284
B2045332022886S07009012WA0035300350010019030304265
B2045342022884S07009016WA0035500351010019023276252
B2045352022885S07009018WA0035700351010019017249224
B2045362022886S07009021WA0035800352010019014221199
B2045372022888S07009022WA0035900353010019013196183
B2045382022890S07009022WA0036000354010019014167172
B2045392022892S07009018WA0036000356010019019130157
B2045402022894S07009014WA0036000358010019024109135
B2045412022895S07009010WA0036000359010019025104137
B2045422022896S07009005WA0036000360010019025093132
B2045432022896S07009001WA0036000362010019025087128
B2045442022896S07008997WA0036000363010019022099142
B2045452022897S07008993WA0036000365010019022112155
B2045462022899S07008990WA0036000365010019023115148
B2045472022900S07008986WA0036100366010019024107149
B2045482022901S07008983WA0036100367010019021101138
B2045492022902S07008979WA0036200367010019018102151
B2045502022903S07008977WA0036200368010019017113161
B2045512022904S07008974WA0036300369010019020125155
B2045522022906S07008972WA0036400370010019020134157
B2045532022909S07008970WA0036500370010019020149166
B2045542022911S07008969WA0036500371010019019159179
B2045552022914S07008968WA0036600371010019017159169
B2045562022916S07008967WA0036600372010019016152163
B2045572022919S07008966WA0036800374010019014154163
B2045582022921S07008965WA0036900376010019014150167
B2045592022923S07008964WA0036900377010019016147163
B2046002022925S07008963WA0037100378010019018137159
B2046012022927S07008961WA0037300380010019020136161
B2046022022929S07008959WA0037400381010019018139168
B2046032022930S07008957WA0037600382010019014150184
B2046042022932S07008957WA0037700384010019013158187
B2046052022934S07008956WA0037800385010019012165181
B2046062022936S07008956WA0037900387010019013161177
B2046072022938S07008956WA0038000388010019017150170
B2046082022940S07008954WA0038200389010019018144162
B2046092022942S07008953WA0038200391010019020142149
B2046102022945S07008950WA0038300392010019021134146
B2046112022947S07008948WA0038300392010019021128148
B2046122022949S07008945WA0038300393010019022128156
B2046132022951S07008942WA0038300394010019023144164
B2046142022954S07008941WA0038300395010019023156172
B2046152022957S07008940WA0038300396010019021164183
B2046162022960S07008939WA0038300397010019019167191
B2046172022963S07008939WA0038300397010019019172195
B2046182022966S07008940WA0038300398010019018201202
B2046192022968S07008941WA0038200399010019018204207
B2046202022971S07008943WA0038200400010019019212215
B2046212022973S07008946WA0038200400010019021219219
B2046222022976S07008949WA0038200401010019024235224
B2046232022978S07008952WA0038100402010019024240224
B2046242022979S07008956WA0038100402010019024249233
B2046252022981S07008961WA0038100403010019026254227
B2046262022981S07008966WA0038100404010019027259231
B2046272022982S07008970WA0038200404010019023262231
B2046282022982S07008975WA0038300405010019022260235
B2046292022983S07008979WA0038400406010019025257232
B2046302022984S07008983WA0038400407010019024261236
B2046312022984S07008987WA0038500407010019024259241
B2046322022985S07008990WA0038600408010019024266241
B2046332022985S07008993WA0038700409010019019271243
B2046342022985S07008996WA0038700410010019018272246
B2046352022985S07008999WA0038800411010019022275249
B2046362022984S07009002WA0038900412010019024278249
B2046372022983S07009005WA0039000413010019021278250
B2046382022982S07009008WA0039000413010019024276254
B2046392022981S07009013WA0039100414010019026277249
B2046402022980S07009018WA0039100414010019029281247
B2046412022979S07009023WA0039000415010019029280241
B2046422022978S07009028WA0039000415010019025266219
B2046432022979S07009031WA0039000416010019020238200
B2046442022981S07009033WA0038900416010019017206182
B2046452022983S07009032WA0038900417010019016149168
B2046462022985S07009029WA0038800417010019023108142
B2046472022985S07009025WA0038800417010019030088115
B2046482022984S07009019WA0038700418010019034068092
B2046492022981S07009014WA0038700418010019039048070
B2046502022976S07009010WA0038600417010019040034046
B2046512022971S07009007WA0038600417010019041022030
B2046522022965S07009004WA0038600417010019041017018
B2046532022959S07009002WA0038600417010019041017018
B2046542022954S07009000WA0038600416010019040021023
B2046552022948S07008998WA0038500416010019041024035
B2046562022943S07008995WA0038500416010019041028041
B2046572022937S07008991WA0038500415010019042035051
B2046582022932S07008987WA0038500415010019042043060
B2046592022928S07008982WA0038600415010019036046075
B2047002022925S07008978WA0038600415010019031048080
B2047012022922S07008975WA0038800415010019031047097
B2047022022919S07008971WA0039000415010019027061092
B2047032022918S07008967WA0039100416010019026073100
B2047042022917S07008962WA0039300416010019026081114
B2047052022916S07008958WA0039400416010019025081110
B2047062022916S07008954WA0039500416010019023078107
B2047072022915S07008951WA0039600416010019022082118
B2047082022915S07008947WA0039700417010019023089118
B2047092022915S07008943WA0039800417010019024098124
B2047102022916S07008940WA0039900417010019022108135
B2047112022917S07008937WA0039900417010019018124148
B2047122022919S07008936WA0040000417010019014150166
B2047132022921S07008935WA0040100418010019012179176
B2047142022923S07008935WA0040200418010019013184171
B2047152022925S07008935WA0040300419010019014172161
B2047162022927S07008934WA0040500420010019013163153
B2047172022929S07008934WA0040600420010019014158152
B2047182022931S07008933WA0040800421010019014148153
B2047192022933S07008931WA0041000422010019013139139
B2047202022934S07008929WA0041100423010019014132143
B2047212022936S07008927WA0041300424010019014123140
B2047222022937S07008925WA0041400425010019017125142
B2047232022938S07008923WA0041600426010019018126138
B2047242022940S07008920WA0041700426010019017126130
B2047252022941S07008918WA0041800427010019013119147
B2047262022941S07008916WA0042000428010019013111149
B2047272022942S07008914WA0042200429010019014112141
B2047282022943S07008911WA0042400431010019017114146
B2047292022944S07008909WA0042600432010019017117149
B2047302022945S07008906WA0042600433010019016120144
B2047312022946S07008904WA0042800434010019015121151
B2047322022947S07008902WA0043000435010019017118147
B2047332022949S07008900WA0043100436010019019115141
B2047342022950S07008897WA0043300437010019019119133
B2047352022951S07008894WA0043400438010019019110120
B2047362022952S07008891WA0043500440010019021095109
B2047372022951S07008888WA0043500441010019024085099
B2047382022951S07008884WA0043500442010019027085109
B2047392022951S07008881WA0043500442010019026090127
B2047402022951S07008877WA0043500443010019023105143
B2047412022952S07008874WA0043500444010019019135168
B2047422022955S07008873WA0043400444010019020157188
B2047432022957S07008873WA0043300445010019018201201
B2047442022960S07008875WA0043200445010019019236216
B2047452022961S07008879WA0043100446010019020261229
B2047462022961S07008882WA0043000446010019019271243
B2047472022961S07008886WA0043000447010019023279257
B2047482022960S07008890WA0042900447010019021293273
B2047492022958S07008895WA0042800447010019034310283
B2047502022953S07008900WA0042700447010019044322302
B2047512022947S07008905WA0042600447010019043329316
B2047522022941S07008909WA0042500447010019040333330
B2047532022935S07008913WA0042400447010019041335319
B2047542022929S07008917WA0042300447010019045336322
B2047552022922S07008920WA0042300447010019045337325
B2047562022916S07008923WA0042300447010019046338321
B2047572022909S07008926WA0042300447010019044339318
B2047582022904S07008928WA0042400447010019041339320
B2047592022898S07008931WA0042600447010019039342320
B2048002022892S07008933WA0042700447010019039344320
B2048012022886S07008935WA0042900447010019040344323
B2048022022880S07008937WA0043000447010019040345327
B2048032022874S07008939WA0043100447010019041347330
B2048042022868S07008941WA0043200447010019042344319
B2048052022862S07008944WA0043200447010019039339302
B2048062022858S07008946WA0043300447010019035325288
B2048072022854S07008950WA0043400447010019032307274
B2048082022853S07008955WA0043500447010019028284253
B2048092022854S07008959WA0043500447010019022255235
B2048102022855S07008963WA0043500447010019023251208
B2048112022856S07008966WA0043500447010019018253206
B2048122022858S07008966WA0043400447010019011139204
B2048132022860S07008964WA0043400448010019013142163
B2048142022862S07008962WA0043400448010019013152170
B2048152022864S07008961WA0043400448010019014166171
B2048162022867S07008960WA0043400449010019014162171
B2048172022869S07008958WA0043400449010019014148164
B2048182022871S07008957WA0043400450010019013139162
B2048192022873S07008955WA0043400450010019012141165
B2048202022874S07008954WA0043400450010019013148167
B2048212022876S07008952WA0043400451010019015150160
B2048222022879S07008951WA0043400451010019016153158
B2048232022881S07008950WA0043400451010019015152156
B2048242022883S07008949WA0043400451010019015155161
B2048252022885S07008947WA0043400451010019012145149
B2048262022886S07008946WA0043500451010019011133154
B2048272022887S07008945WA0043500451010019012137161
B2048282022889S07008943WA0043600452010019012156162
B2048292022890S07008942WA0043700452010019014150148
B2048302022892S07008941WA0043800453010019014137143
B2048312022894S07008939WA0043900454010019014128139
B2048322022895S07008937WA0044000454010019013120139
B2048332022896S07008935WA0044100455010019014116134
B2048342022896S07008933WA0044200455010019015118131
B2048352022897S07008931WA0044300456010019017114135
B2048362022898S07008928WA0044400456010019020104125
B2048372022899S07008925WA0044500457010019019097124
B2048382022899S07008922WA0044600458010019019092116
B2048392022899S07008919WA0044700459010019018093114
B2048402022899S07008916WA0044700459010019019099114
B2048412022900S07008913WA0044800460010019022105115
B2048422022901S07008910WA0044900460010019021110124
B2048432022902S07008907WA0045000461010019022112129
B2048442022903S07008904WA0045100462010019019106123
B2048452022904S07008901WA0045200462010019019103130
B2048462022905S07008898WA0045300463010019019110137
B2048472022906S07008895WA0045400464010019019126142
B2048482022908S07008893WA0045500465010019017138135
B2048492022910S07008892WA0045700466010019015146148
B2048502022912S07008891WA0045800466010019011160177
B2048512022914S07008890WA0045900467010019010162185
B2048522022916S07008890WA0046000468010019014173188
B2048532022919S07008891WA0046000469010019015185190
B2048542022921S07008891WA0046000470010019011189186
B2048552022923S07008892WA0046000470010019011189183
B2048562022925S07008892WA0046000471010019009171172
B2048572022926S07008891WA0046100471010019012149174
B2048582022928S07008890WA0046100472010019013140167
B2048592022929S07008889WA0046100473010019013128158
B2049002022931S07008887WA0046100473010019012129157
B2049012022932S07008886WA0046100474010019011138170
B2049022022933S07008885WA0046200475010019011161182
B2049032022935S07008885WA0046200475010019012183204
B2049042022937S07008885WA0046200476010019012212219
B2049062022938S07008887WA0046200476010019015240239
B2049072022937S07008894WA0046300477010019027298275
B2049092022934S07008899WA0046300477010019041312289
B2049102022921S07008906WA0046500478010019045342332
B2049112022914S07008908WA0046700479010019042359323
B2049122022908S07008908WA0047000479010019036349336
B2049132022903S07008910WA0047200479010019039347331
B2049142022895S07008912WA0047400480010019049351337
B2049152022887S07008913WA0047400481010019051351342
B2049162022880S07008914WA0047500481010019042355341
B2049172022873S07008915WA0047600482010019041357334
B2049182022866S07008916WA0047800483010019042353331
B2049192022860S07008918WA0048000484010019035332321
B2049202022856S07008922WA0048200484010019037319289
B2049212022854S07008927WA0048300485010019035304275
B2049222022852S07008932WA0048400485010019037298259
B2049232022851S07008936WA0048500485010019024262250
B2049242022853S07008941WA0048500485010019027253217
B2049252022854S07008945WA0048600485010019024250212
B2049262022856S07008948WA0048800486010019013228214
B2049272022858S07008950WA0048900487010019013184193
B2049282022861S07008949WA0049100487010019016164174
B2049292022864S07008947WA0049200488010019018148165
B2049302022867S07008942WA0049300490010019018140160
B2049312022870S07008939WA0049400491010019018134154
B2049322022872S07008935WA0049500492010019019131149
B2049332022875S07008931WA0049500493010019021130149
B2049342022877S07008927WA0049600493010019022131152
B2049352022879S07008924WA0049700494010019021130144
B2049372022882S07008920WA0049800494010019019127150
B2049382022884S07008918WA0049900494010019017134158
B2049392022886S07008915WA0050000494010019018138156
B2049402022888S07008913WA0050100495010019021136152
B2049412022890S07008910WA0050300495010019022132135
B2049422022893S07008907WA0050400495010019024121132
B2049432022894S07008903WA0050600495010019022109126
B2049442022895S07008900WA0050800495010019022096128
B2049452022895S07008896WA0051000496010019023094126
B2049462022895S07008892WA0051200496010019025098132
B2049472022896S07008888WA0051300496010019025100127
B2049482022897S07008884WA0051500496010019024098126
B2049492022897S07008880WA0051700497010019022094123
B2049502022898S07008877WA0051800497010019022093124
B2049512022898S07008873WA0052000497010019025097127
B2049522022899S07008869WA0052100498010019028100119
B2049532022900S07008864WA0052300498010019029102127
B2049542022901S07008860WA0052300498010019029102129
B2049552022902S07008855WA0052400499010019028104135
B2049562022903S07008851WA0052600499010019028109140
B2049572022905S07008847WA0052700500010019028111138
B2049582022906S07008843WA0052900500010019024107131
B2049592022907S07008839WA0053200500010019021107145
B2050002022908S07008836WA0053400501010019019106138
B2050012022909S07008833WA0053700501010019019108138
B2050022022910S07008830WA0053900502010019021108127
B2050032022912S07008827WA0054100503010019023108130
B2050042022913S07008824WA0054300503010019023105116
B2050052022914S07008820WA0054500504010019024101122
B2050062022914S07008816WA0054600504010019025098117
B2050072022915S07008812WA0054700505010019026097117
B2050082022915S07008808WA0054800506010019026098126
B2050092022916S07008804WA0054900507010019027096120
B2050102022916S07008799WA0055100507010019027091112
B2050112022916S07008795WA0055100508010019027092102
B2050122022916S07008790WA0055200508010019026094120
B2050132022916S07008788WA0055300512010019024096130
B2050142022916S07008785WA0055400516010019025108140
B2050152022917S07008782WA0055600518010019023122157
B2050162022918S07008780WA0055700521010019021138175
B2050172022921S07008779WA0055800523010019021149197
B2050182022923S07008778WA0055800525010019023166213
B2050192022927S07008778WA0055800525010019021192216
B2050202022929S07008780WA0055900524010019014234228
B2050212022929S07008783WA0055900524010019023293240
B2050222022927S07008787WA0055800524010019028311273
B2050232022924S07008790WA0055800525010019026329291
B2050242022921S07008793WA0055800526010019026332298
B2050252022918S07008795WA0055700526010019027330298
B2050262022910S07008803WA0055700526010019044320296
B2050272022903S07008811WA0055800526010019042321294
B2050282022897S07008817WA0055800526010019041319292
B2050292022891S07008823WA0055800526010019038319290
B2050302022886S07008829WA0055900526010019037317291
B2050312022881S07008835WA0056000526010019038315289
B2050322022876S07008841WA0056100526010019038311283
B2050332022872S07008845WA0056300526010019037310277
B2050342022869S07008850WA0056500526010019036306273
B2050352022865S07008856WA0056700526010019031304276
B2050362022862S07008861WA0056900526010019029307280
B2050372022860S07008864WA0057100526010019033299274
B2050382022858S07008870WA0057300527010019036289259
B2050392022856S07008875WA0057400527010019035290259
B2050402022855S07008880WA0057400527010019034295246
B2050412022853S07008884WA0057500527010019030290233
B2050422022852S07008888WA0057500527010019022265226
B2050432022852S07008891WA0057600527010019023243214
B2050442022854S07008893WA0057600527010019019231197
B2050452022855S07008893WA0057600527010019009200185
B2050462022857S07008891WA0057600528010019011136167
B2050472022858S07008889WA0057600528010019013126146
B2050482022860S07008886WA0057700528010019017122145
B2050492022862S07008883WA0057700528010019019114135
B2050502022863S07008880WA0057800528010019022108131
B2050512022864S07008876WA0057900534010019024101126
B2050522022865S07008871WA0058000538010019022100131
B2050532022866S07008868WA0058000541010019019100132
B2050542022867S07008865WA0058000544010019017103135
B2050552022867S07008862WA0058100547010019019110141
B2050562022868S07008859WA0058100549010019019113136
B2050572022870S07008856WA0058100551010019016119147
B2050582022871S07008853WA0058200552010019017123142
B2050592022873S07008851WA0058200554010019018125132
B2051002022874S07008848WA0058200555010019020122131
B2051012022876S07008845WA0058200556010019021118125
B2051022022878S07008842WA0058300556010019021117130
B2051032022879S07008839WA0058300556010019020115137
B2051042022881S07008836WA0058300556010019020111130
B2051052022882S07008833WA0058300558010019021110123
B2051062022883S07008830WA0058300560010019020107133
B2051072022883S07008827WA0058400562010019019110131
B2051082022884S07008824WA0058400564010019020109128
B2051092022885S07008821WA0058400566010019022106124
B2051102022886S07008818WA0058400568010019023102116
B2051112022887S07008814WA0058400569010019024104119
B2051122022888S07008811WA0058300571010019024104117
B2051132022889S07008808WA0058300572010019024103126
B2051142022890S07008805WA0058300573010019021110148
B2051152022892S07008803WA0058300573010019019130170
B2051162022894S07008801WA0058300574010019021162187
B2051172022897S07008801WA0058300574010019022192207
B2051182022900S07008803WA0058300574010019024220226
B2051192022903S07008806WA0058200575010019022237237
B2051202022904S07008809WA0058200574010019028254247
B2051212022905S07008814WA0058200574010019028284258
B2051222022902S07008819WA0058100574010019034315273
B2051232022898S07008822WA0058100574010019033325304
B2051242022894S07008825WA0058100574010019034335316
B2051252022888S07008829WA0058100574010019037339329
B2051262022882S07008832WA0058100574010019040342337
B2051272022874S07008836WA0058100574010019042342336
B2051282022866S07008841WA0058000575010019043343337
B2051292022859S07008844WA0058000575010019043344336
B2051302022852S07008847WA0058000575010019041345329
B2051312022846S07008849WA0058000575010019039342319
B2051322022841S07008851WA0058000575010019040339303
B2051332022836S07008854WA0058100576010019038328302
B2051342022831S07008858WA0058100576010019036314284
B2051352022828S07008862WA0058100576010019034299272
B2051362022827S07008867WA0058100576010019030284258
B2051372022826S07008871WA0058100576010019028267239
B2051382022827S07008875WA0058200576010019023246225
B2051392022829S07008878WA0058200577010019019224212
B2051402022832S07008880WA0058200577010019018210194
B2051412022835S07008882WA0058200577010019016185186
B2051422022837S07008882WA0058200578010019016162170
B2051432022840S07008881WA0058200578010019017145155
B2051442022842S07008877WA0058200580010019018138155
B2051452022844S07008873WA0058200581010019019141155
B2051462022847S07008871WA0058200582010019021146150
B2051472022850S07008868WA0058200583010019021139148
B2051482022852S07008865WA0058200584010019021130144
B2051492022854S07008862WA0058300584010019020122147
B2051502022856S07008859WA0058300585010019018126153
B2051512022858S07008857WA0058400585010019018137151
B2051522022860S07008855WA0058400585010019020145148
B2051532022862S07008853WA0058400586010019020140134
B2051542022864S07008850WA0058400586010019021133133
B2051552022866S07008848WA0058300587010019023122134
B2051562022868S07008844WA0058300587010019023122140
B2051572022870S07008841WA0058300588010019021129144
B2051582022872S07008839WA0058200589010019020132139
B2051592022874S07008836WA0058200589010019020133137
B2052002022876S07008834WA0058200588010019021129127
B2052012022878S07008831WA0058100588010019022122121
B2052022022879S07008828WA0058100588010019023115113
B2052032022880S07008825WA0058100588010019024106104
B2052042022881S07008821WA0058100588010019026092107
B2052052022880S07008816WA0058100589010019029082094
B2052062022879S07008812WA0058200590010019032074085
B2052072022877S07008807WA0058200590010019031072073
B2052082022876S07008802WA0058200591010019031071079
B2052092022874S07008798WA0058200591010019031072090
B2052102022873S07008793WA0058200591010019032075095
B2052112022872S07008789WA0058100591010019033080105
B2052122022871S07008784WA0058100591010019033082105
B2052132022871S07008778WA0058100591010019033082106
B2052142022870S07008773WA0058100592010019032082105
B2052152022869S07008768WA0058000592010019033084108
B2052162022869S07008763WA0058000593010019032088114
B2052172022869S07008758WA0058000593010019031092120
B2052182022869S07008753WA0058100594010019030096113
B2052192022870S07008749WA0058100594010019030096116
B2052202022871S07008744WA0058100595010019031096115
B2052212022871S07008739WA0058200595010019033092112
B2052222022872S07008734WA0058200596010019033089113
B2052232022872S07008728WA0058200596010019032091118
B2052242022872S07008723WA0058200597010019029095120
B2052252022873S07008719WA0058300598010019028099122
B2052262022874S07008714WA0058300599010019028098120
B2052272022874S07008710WA0058400599010019030093110
B2052282022874S07008705WA0058500600010019030090111
B2052292022875S07008700WA0058500601010019028092114
B2052302022875S07008696WA0058600602010019025093113
B2052312022875S07008692WA0058700602010019024095104
B2052322022876S07008689WA0058700603010019025100107
B2052332022877S07008685WA0058800604010019027106117
B2052342022878S07008681WA0058900604010019027112124
B2052352022880S07008677WA0059000605010019025114126
B2052362022881S07008674WA0059200606010019022112125
B2052372022883S07008671WA0059300606010019018118132
B2052382022884S07008668WA0059400607010019022125134
B2052392022887S07008665WA0059600608010019028131132
B2052402022890S07008661WA0059700609010019031130130
B2052412022893S07008657WA0059800609010019029117120
B2052422022894S07008653WA0059900611010019025106117
B2052432022895S07008649WA0060000612010019024106121
B2052442022897S07008641WA0060100614010019031097116
B2052452022898S07008636WA0060300615010019033092113
B2052462022898S07008631WA0060500616010019031087102
B2052472022898S07008626WA0060700618010019027092119
B2052482022898S07008622WA0060900620010019024094117
B2052492022898S07008618WA0061100622010019025091107
B2052502022898S07008614WA0061100624010019028090107
B2052512022898S07008609WA0061300625010019029090107
B2052522022898S07008605WA0061500626010019027094099
B2052532022898S07008601WA0061700628010019024078112
B2052542022897S07008597WA0061900630010019025077100
B2052552022896S07008593WA0062100632010019026077109
B2052562022895S07008589WA0062400634010019029078107
B2052572022894S07008585WA0062600636010019029078101
B2052582022894S07008581WA0062900637010019027080103
B2052592022893S07008577WA0063100639010019026081106
B2053002022893S07008573WA0063200641010019027081112
B2053012022892S07008568WA0063400643010019029077114
B2053022022891S07008564WA0063600646010019029081100
B2053032022891S07008559WA0063800648010019027085122
B2053042022890S07008555WA0063900649010019027090117
B2053052022891S07008550WA0064100651010019025087123
B2053062022890S07008547WA0064300653010019022081112
B2053072022890S07008543WA0064500655010019022088114
B2053082022890S07008540WA0064500657010019022089132
B2053092022890S07008537WA0064700659010019021099140
B2053102022891S07008534WA0064900661010019017107149
B2053112022892S07008531WA0065100663010019015130151
B2053122022894S07008530WA0065300665010019016165168
B2053132022896S07008530WA0065400667010019015182178
B2053142022898S07008530WA0065500669010019012197179
B2053152022900S07008531WA0065700671010019011203179
B2053162022901S07008532WA0065800672010019010227188
B2053172022903S07008533WA0065900674010019013235196
B2053182022905S07008536WA0066000675010019021225202
B2053192022907S07008539WA0066100677010019022236208
B2053202022909S07008542WA0066100678010019021243223
B2053212022910S07008545WA0066000680010019020253238
B2053222022911S07008549WA0066000681010019027269253
B2053232022911S07008554WA0065900683010019030274256
B2053242022910S07008560WA0065900684010019034282256
B2053252022909S07008565WA0065900684010019034286261
B2053262022908S07008571WA0065800684010019037289261
B2053272022906S07008577WA0065800684010019039292268
B2053282022903S07008583WA0065800684010019039295273
B2053292022901S07008588WA0065800684010019040296283
B2053302022897S07008594WA0065800684010019041304288
B2053312022893S07008600WA0065800684010019039305299
B2053322022889S07008606WA0065900684010019038310300
B2053332022885S07008610WA0066100684010019037314294
B2053342022881S07008615WA0066200684010019039315290
B2053352022876S07008620WA0066300684010019043314293
B2053362022871S07008626WA0066500684010019044314292
B2053372022866S07008631WA0066600684010019044315294
B2053382022861S07008637WA0066800684010019044316303
B2053392022856S07008642WA0067100685010019043317304
B2053402022851S07008647WA0067400685010019042323311
B2053412022846S07008651WA0067800685010019041326315
B2053422022840S07008655WA0068100685010019040330316
B2053432022835S07008658WA0068100685010019037333324
B2053442022830S07008661WA0068400686010019035335324
B2053452022824S07008664WA0068600686010019037335317
B2053462022818S07008667WA0068800686010019041335322
B2053472022812S07008669WA0069000686010019042336320
B2053482022806S07008672WA0069200686010019041335305
B2053492022801S07008675WA0069300687010019039327293
B2053502022796S07008679WA0069500687010019039325287
B2053512022791S07008682WA0069600687010019037325292
B2053522022786S07008686WA0069800687010019033323293
B2053532022782S07008689WA0070100688010019033322287
B2053542022778S07008693WA0070200688010019034321286
B2053552022774S07008696WA0070400689010019034321291
B2053562022770S07008700WA0070500689010019036321292
B2053572022766S07008703WA0070700689010019037321291
B2053582022762S07008707WA0070800690010019038322297
B2053592022757S07008711WA0071000690010019037322297
B2054002022753S07008715WA0071000690010019037325295
B2054012022748S07008719WA0071200691010019038328310
B2054022022743S07008722WA0071400691010019038328300
B2054032022738S07008725WA0071700692010019041328314
B2054042022733S07008729WA0071900693010019040330310
B2054052022727S07008732WA0072100693010019035327308
B2054062022724S07008733WA0072400695010019031319275
B2054072022721S07008735WA0072600696010019026302262
B2054082022719S07008738WA0072800697005010025283242
B2054092022719S07008741WA0072900698005010024265222
B2054102022720S07008743WA0073000700005010021259206
B2054112022721S07008744WA0073000702005010015244202
B2054122022723S07008745WA0073000703005010014218200
B2054132022725S07008745WA0073000706005010013207193
B2054142022728S07008745WA0073100708005010015198190
B2054152022731S07008745WA0073200710005010018196189
B2054162022734S07008745WA0073300711005010019198192
B2054172022737S07008745WA0073400713005010019200197
B2054182022741S07008745WA0073400717005010017203197
B2054192022745S07008746WA0073600721005010015198195
B2054202022748S07008745WA0073700724005010013198178
B2054212022751S07008745WA0073900726005010013206190
B2054222022753S07008746WA0074000729005010016209199
B2054232022756S07008747WA0074200732005010019207193
B2054242022760S07008748WA0074200734005010018206186
B2054252022765S07008748WA0074200739005010017205201
B2054262022768S07008748WA0074300743005010019202183
B2054272022772S07008749WA0074300745005010020201200
B2054282022775S07008749WA0074300748005010020195183
B2054292022778S07008750WA0074400750005010019194183
B2054302022781S07008751WA0074500752005010018195192
B2054312022784S07008751WA0074600753005010020198179
B2054322022787S07008753WA0074700755005010019204185
B2054332022789S07008754WA0074800756005010017211185
B2054342022791S07008756WA0074900758005010015215181
B2054352022792S07008757WA0074900759005010014216181
B2054362022794S07008759WA0074900759005010015212179
B2054372022796S07008760WA0075000760005010018206164
B2054382022799S07008762WA0075000761005010021204171
B2054392022802S07008763WA0075000762005010020210185
B2054402022804S07008765WA0074900763005010018218185
B2054412022806S07008767WA0074900764005010018230202
B2054422022807S07008769WA0074900765005010019234208
B2054432022809S07008772WA0074800765005010025233203
B2054442022811S07008776WA0074800766005010029235202
B2054452022814S07008780WA0074700767005010029232197
B2054462022816S07008783WA0074600767005010027225190
B2054472022819S07008786WA0074500768005010025218183
B2054482022822S07008788WA0074400769005010023212184
B2054492022825S07008790WA0074400769005010022206169
B2054502022828S07008791WA0074400770005010023203173
B2054512022831S07008793WA0074400770005010024204181
B2054522022834S07008794WA0074400771005010025208187
B2054532022837S07008796WA0074400771005010024223184
B2054542022840S07008799WA0074400771005010020227230
B2054552022841S07008801WA0074500772005010022239244
B2054562022843S07008805WA0074500772005010025257242
B2054572022841S07008810WA0074500773010019029273239
B2054582022840S07008818WA0074400773005010029257227
B2054592022841S07008822WA0074400773005010022232188
B2055002022843S07008825WA0074400774005010022215180
B2055012022846S07008827WA0074300774005010026206188
B2055022022849S07008829WA0074200774005010025214210
B2055032022852S07008831WA0074200774005010019208233
B2055042022854S07008832WA0074100774005010013233233
B2055052022852S07008835WA0073900774010019022292230
B2055062022848S07008844WA0073700774005010031277254
B2055072022845S07008851WA0073700773010019024265224
B2055082022845S07008856WA0073500773005010025234210
B2055092022847S07008861WA0073300772005010027212199
B2055102022850S07008864WA0073200772005010028229199
B2055112022852S07008868WA0073200772005010029232233
B2055122022854S07008871WA0073100772005010019237243
B2055132022855S07008874WA0072900773010019015272238
B2055142022854S07008876WA0072700773010019023297245
B2055152022852S07008881WA0072500772010019027282255
B2055162022849S07008888WA0072400772005010027274231
B2055172022848S07008895WA0072200770005010029217225
B2055182022850S07008900WA0071900769005010031218194
B2055192022853S07008903WA0071800769005010029218197
B2055202022854S07008907WA0071600768005010013228199
B2055212022854S07008910WA0071500768005010011222193
B2055222022854S07008912WA0071300767005010012202186
B2055232022856S07008914WA0071200767005010024201183
B2055242022858S07008917WA0071100765005010027207183
B2055252022861S07008919WA0071000765005010025214189
B2055262022864S07008922WA0070800764005010022214187
B2055272022865S07008924WA0070700764005010017212186
B2055282022866S07008926WA0070700763005010016210181
B2055292022868S07008928WA0070600763005010021208185
B2055302022870S07008931WA0070500762005010023213189
B2055312022872S07008933WA0070400761005010024216188
B2055322022875S07008936WA0070300760005010021218184
B2055332022876S07008938WA0070200760005010017222182
B2055342022878S07008940WA0070200759005010016217181
B2055352022880S07008941WA0070100759005010019207180
B2055362022883S07008943WA0070000758005010023200177
B2055372022886S07008944WA0069900757005010024200174
B2055382022890S07008946WA0069800756005010023205173
B2055392022893S07008948WA0069700755005010020207175
B2055402022895S07008949WA0069600755005010017206178
B2055412022897S07008950WA0069500755005010017202178
B2055422022900S07008951WA0069400753005010020198182
B2055432022903S07008953WA0069300752005010022198180
B2055442022907S07008954WA0069200751005010023200178
B2055452022910S07008956WA0069000750005010023202187
B2055462022913S07008957WA0068900749005010023201181
B2055472022917S07008958WA0068900747005010022198184
B2055482022920S07008960WA0068800746005010022197182
B2055492022923S07008961WA0068700745005010023198187
B2055502022926S07008962WA0068700744005010022198190
B2055512022929S07008963WA0068700743005010021202189
B2055522022932S07008965WA0068600742005010020207187
B2055532022935S07008966WA0068600741010019020206181
B2055542022938S07008967WA0068600740010019021204182
B2055552022941S07008969WA0068600739010019022203181
B2055562022944S07008970WA0068600738010019020202183
B2055572022946S07008971WA0068500737010019018205186
B2055582022949S07008973WA0068500736005010018208189
B2055592022952S07008974WA0068500735005010022209186
B2056002022955S07008976WA0068400734005010025211187
B2056012022958S07008979WA0068400733005010025213182
B2056022022961S07008981WA0068300732005010023216180
B2056032022964S07008983WA0068300731005010021214190
B2056042022967S07008985WA0068200730005010022210185
B2056052022970S07008987WA0068200729005010025207181
B2056062022974S07008989WA0068200728005010025207182
B2056072022977S07008991WA0068200727005010023207181
B2056082022980S07008993WA0068100726005010020208183
B2056092022983S07008994WA0068100726005010021206187
B2056102022986S07008996WA0068100725005010024204183
B2056112022989S07008997WA0068100724010019027201181
B2056122022993S07008999WA0068000723010019027201179
B2056132022997S07009001WA0068000722010019025198187
B2056142023001S07009001WA0067900722005010023193181
B2056152023004S07009002WA0067900721005010022190180
B2056162023007S07009003WA0067800720005010022190184
B2056172023010S07009003WA0067700719005010023191178
B2056182023014S07009004WA0067700718005010022188173
B2056192023017S07009004WA0067600717005010019172158
B2056202023020S07009003WA0067500717005010020149147
B2056212023023S07009001WA0067400716010019025137142
B2056222023025S07008997WA0067300715010019027132138
B2056232023028S07008993WA0067200715010019029123134
B2056242023031S07008989WA0067100714005010027115127
B2056252023032S07008984WA0067100713010019028111126
B2056262023034S07008980WA0067000713010019029111127
B2056272023036S07008975WA0067000713010019030112129
B2056282023038S07008971WA0067000712010019029111131
B2056292023039S07008966WA0067000712010019028109122
B2056302023041S07008962WA0067100712010019027107126
B2056312023042S07008958WA0067100712010019028106123
B2056322023043S07008953WA0067100711010019029106124
B2056332023045S07008949WA0067100711010019031110125
B2056342023046S07008944WA0067100711010019031115133
B2056352023049S07008940WA0067100711005010030116120
B2056362023051S07008935WA0067100710005010028116123
B2056372023053S07008931WA0067100710005010026117131
B2056382023055S07008927WA0067000710005010027120132
B2056392023057S07008924WA0067000710005010027123132
B2056402023059S07008920WA0067000709005010028127132
B2056412023062S07008917WA0066900709005010027127130
B2056422023064S07008913WA0066900709005010025127134
B2056432023066S07008910WA0066900708005010024125134
B2056442023068S07008907WA0066900708005010025120130
B2056452023071S07008904WA0066900708005010027124131
B2056472023073S07008900WA0066800707005010028129133
B2056482023076S07008896WA0066800707005010028129133
B2056492023078S07008893WA0066800706005010026128136
B2056502023081S07008890WA0066800706005010026128135
B2056512023083S07008886WA0066700706005010027128138
B2056522023086S07008883WA0066600705005010026132138
B2056532023089S07008880WA0066600705005010026136139
B2056542023092S07008877WA0066500704005010025137137
B2056552023095S07008875WA0066400704005010025135133
B2056562023097S07008872WA0066300703005010025132134
B2056572023102S07008866WA0066300702005010023124137
B2056582023104S07008863WA0066300702005010024121142
B2056592023106S07008860WA0066400702005010021127155
B2057002023107S07008857WA0066400702005010020126148
B2057012023109S07008855WA0066400701005010021126148
B2057022023111S07008852WA0066400701005010022137146
B2057032023114S07008850WA0066400701005010023140151
B2057042023116S07008848WA0066300700005010022136143
B2057052023119S07008845WA0066200700005010021124136
B2057062023120S07008843WA0066100700005010021116130
B2057072023121S07008840WA0066100700005010021114136
B2057082023123S07008836WA0066100699005010024117137
B2057092023124S07008832WA0066000699005010027112137
B2057102023126S07008828WA0066000699005010029107125
B2057112023127S07008824WA0065900698005010027103129
B2057122023128S07008820WA0065900698005010025103129
B2057132023129S07008816WA0065900698005010026103128
B2057142023130S07008812WA0065900698005010028102125
B2057152023131S07008807WA0065900698005010031100128
B2057162023132S07008803WA0066000698005010030096120
B2057172023132S07008798WA0066000698005010026090110
B2057182023132S07008794WA0066100698005010023084106
B2057192023131S07008791WA0066200698005010024077105
B2057202023131S07008786WA0066300697005010028085107
B2057212023130S07008782WA0066400697005010032084106
B2057222023129S07008776WA0066400697005010034080104
B2057232023129S07008771WA0066400697005010031081105
B2057242023128S07008767WA0066300697005010029076100
B2057252023127S07008762WA0066300697005010027074093
B2057262023126S07008758WA0066400697005010029072089
B2057272023124S07008754WA0066400697005010032065087
B2057282023121S07008749WA0066500697005010034060072
B2057292023118S07008744WA0066500697010019035048065
B2057302023115S07008740WA0066500697010019035043058
B2057312023111S07008737WA0066600698010019036042057
B2057322023107S07008733WA0066600698010019038039058
B2057332023102S07008729WA0066700698010019040038055
B2057342023097S07008725WA0066700699010019042038056
B2057352023092S07008720WA0066800699010019041042063
B2057362023088S07008716WA0066900700010019036050076
B2057372023085S07008712WA0067100701010019033057083
B2057382023083S07008707WA0067300701010019032061090
B2057392023081S07008702WA0067400702010019032066098
B2057402023079S07008698WA0067400702010019031073105
B2057412023078S07008693WA0067600703010019029080116
B2057422023078S07008689WA0067800704010019023088131
B2057432023078S07008685WA0068000705010019021090137
B2057442023079S07008682WA0068200706010019019104153
B2057452023080S07008679WA0068400707010019019115141
B2057462023082S07008677WA0068600708010019019127150
B2057472023083S07008675WA0068800709010019018130148
B2057482023085S07008673WA0069000710010019017128146
B2057492023087S07008670WA0069200711010019017126146
B2057502023089S07008668WA0069400711010019019129142
B2057512023091S07008666WA0069600712010019020133149
B2057522023093S07008664WA0069700713010019019128154
B2057532023095S07008661WA0069900714010019019121146
B2057542023097S07008659WA0069900715010019018124146
B2057552023099S07008657WA0070100716010019019134151
B2057562023101S07008655WA0070200717010019020145151
B2057572023104S07008653WA0070300718010019018148145
B2057582023107S07008652WA0070400720010019017151152
B2057592023109S07008651WA0070400720010019017147146
B2058002023112S07008649WA0070300721010019019149143
B2058012023115S07008648WA0070300722010019023154145
B2058022023118S07008646WA0070200723010019024152129
B2058032023121S07008644WA0070100724010019024149145
B2058042023124S07008642WA0070000724010019021151141
B2058052023127S07008641WA0069900725010019022156141
B2058062023131S07008640WA0069800726010019023159145
B2058072023135S07008638WA0069700726010019030164146
B2058082023139S07008637WA0069600727010019032166159
B2058092023144S07008637WA0069400727010019031173146
B2058102023149S07008636WA0069300728010019030173162
B2058112023153S07008636WA0069200728010019027176158
B2058122023157S07008636WA0069200728010019027187161
B2058132023161S07008637WA0069100728005010027184156
B2058142023165S07008637WA0068900728005010027183158
B2058152023169S07008638WA0068800728005010028184167
B2058162023173S07008638WA0068600727005010028189167
B2058172023177S07008639WA0068400727005010027191167
B2058182023180S07008641WA0068300727005010025192158
B2058192023183S07008642WA0068200726005010023190161
B2058202023186S07008642WA0068100726005010021178160
B2058212023189S07008642WA0068000725005010022179162
B2058222023192S07008642WA0068000725005010021167156
B2058232023196S07008641WA0067900725005010022158157
B2058242023199S07008640WA0067800724005010023152155
B2058252023201S07008638WA0067800724005010024147151
B2058262023205S07008635WA0067700724005010026146147
B2058272023208S07008632WA0067700723005010027150150
B2058282023212S07008630WA0067700722005010028153156
B2058292023215S07008628WA0067700722005010027154153
B2058302023219S07008626WA0067800722005010026157156
B2058312023222S07008624WA0067900721005010025155156
B2058322023225S07008622WA0068000721005010025154153
B2058332023229S07008621WA0068000721005010025154151
B2058342023232S07008619WA0068100721005010025153152
B2058352023235S07008617WA0068200721005010024151147
B2058362023238S07008615WA0068300721005010024147145
B2058372023241S07008613WA0068300721005010024143144
B2058382023244S07008611WA0068400721005010024143152
B2058392023247S07008608WA0068500721005010024143143
B2058402023250S07008606WA0068600721005010024141153
B2058412023252S07008603WA0068700721005010025141142
B2058422023255S07008600WA0068800721005010025138144
B2058432023258S07008597WA0068900721005010025134141
B2058442023260S07008594WA0069000721005010025135139
B2058452023263S07008591WA0069100722005010025135139
B2058462023266S07008589WA0069100722005010025138148
B2058472023268S07008586WA0069200722005010025144148
B2058482023272S07008584WA0069200722005010024146148
B2058492023274S07008582WA0069100722005010021143145
B2058502023277S07008580WA0069100722005010017134128
B2058512023278S07008578WA0069000722005010017126129
B2058522023280S07008576WA0069000722005010019120125
B2058532023282S07008573WA0068800722005010021116124
B2058542023283S07008570WA0068800722005010024110118
B2058552023285S07008567WA0068700722005010024106122
B2058562023286S07008563WA0068500722005010024104117
B2058572023287S07008559WA0068400722005010024104126
B2058582023288S07008555WA0068200722005010025102126
B2058592023289S07008551WA0068000722005010024103123
B2059002023290S07008547WA0067800721005010025104125
B2059022023291S07008543WA0067600721005010027106139
B2059032023292S07008539WA0067500721005010027109145
B2059042023294S07008535WA0067300721005010026111158
B2059052023295S07008531WA0067100721005010025116162
B2059062023297S07008528WA0067000721005010023124168
B2059072023299S07008525WA0066800721005010020131166
B2059082023302S07008524WA0066600721005010021151162
B2059092023306S07008523WA0066400720005010021155168
B2059102023309S07008523WA0066300720005010020156170
B2059112023312S07008522WA0066100720005010020154181
B2059122023315S07008521WA0065900720005010019161176
B2059132023318S07008521WA0065600720005010020168183
B2059142023322S07008521WA0065400719005010021170177
B2059152023326S07008522WA0065100718005010023173172
B2059162023330S07008522WA0064800717005010023173170
B2059172023334S07008523WA0064800716005010023174172
B2059182023338S07008523WA0064500716005010024175173
B2059192023342S07008524WA0064300715005010025176170
B2059202023347S07008524WA0064100714005010025172155
B2059212023350S07008523WA0063900713005010027164158
B2059222023354S07008522WA0063600713005010028162153
B2059232023358S07008521WA0063400712005010028161149
B2059242023362S07008520WA0063200711005010027161163
B2059252023366S07008519WA0063000710005010027162154
B2059262023370S07008518WA0062800709005010026161152
B2059272023374S07008517WA0062700708010019026159156
B2059282023377S07008516WA0062500707010019027159158
B2059292023381S07008515WA0062300707010019029161161
B2059302023385S07008513WA0062100706010019032164166
B2059312023390S07008512WA0061900705010019031166164
B2059322023394S07008511WA0061800705010019029168169
B2059332023398S07008510WA0061700704010019025167172
B2059342023401S07008510WA0061600704010019024164165
B2059352023404S07008509WA0061500703010019024165166
B2059362023407S07008508WA0061500702010019024168168
B2059372023410S07008507WA0061400702010019025169172
B2059382023414S07008506WA0061200701010019025167160
B2059392023417S07008505WA0061000700010019026163158
B2059402023421S07008504WA0060800700010019027162157
B2059412023424S07008503WA0060600699010019027161162
B2059422023428S07008501WA0060500699010019028152153
B2059432023431S07008499WA0060300698010019027150148
B2059442023435S07008497WA0060200697010019025149144
B2059452023441S07008492WA0060100696010019025142152
B2059462023444S07008490WA0060000696010019025138151
B2059472023447S07008486WA0059900694010019026138156
B2059482023450S07008483WA0059800692010019027145157
B2059492023453S07008481WA0059600690010019029153157
B2059502023457S07008479WA0059400687010019029157163
B2059512023462S07008477WA0059200684010019029157162
B2059522023466S07008476WA0059000682010019029158159
B2059532023471S07008474WA0058900679010019029159163
B2059542023475S07008472WA0058700677010019029159162
B2059552023479S07008471WA0058600674010019030156160
B2059562023484S07008469WA0058500671010019030154158
B2059572023488S07008467WA0058400668010019030153158
B2059582023493S07008465WA0058300665010019030153157
B2059592023497S07008463WA0058300663010019030155159
B2100002023501S07008461WA0058200660010019030155159
B2100012023506S07008459WA0058100658010019031154164
B2100022023510S07008457WA0058000655010019030158161
B2100032023514S07008455WA0057900653010019027158158
B2100042023518S07008453WA0057800652010019024155159
B2100052023521S07008452WA0057800651010019021147152
B2100062023524S07008450WA0057800650010019020138147
B2100072023526S07008448WA0057800649010019019140155
B2100082023528S07008446WA0057900648010019020147161
B2100092023531S07008444WA0057900647010019022153158
B2100102023534S07008443WA0057900646010019022154154
B2100112023537S07008442WA0057900645010019021152153
B2100122023540S07008440WA0057800644010019021151153
B2100132023543S07008439WA0057800643010019022154158
B2100142023546S07008437WA0057800642010019023158156
B2100152023550S07008436WA0057700642010019023158159
B2100162023553S07008435WA0057700641010019021157153
B2100172023555S07008434WA0057700640010019019157153
B2100182023558S07008433WA0057600639010019020155159
B2100192023561S07008431WA0057500638010019021151155
B2100202023564S07008430WA0057400637010019022145158
B2100212023566S07008427WA0057400637010019023141150
B2100222023569S07008425WA0057300636030057023144151
B2100232023572S07008423WA0057100635010019024152158
B2100242023576S07008422WA0056900634010019025156163
B2100252023579S07008420WA0056700633010019024154157
B2100262023582S07008418WA0056500632010019024147150
B2100272023586S07008416WA0056400631010019025146152
B2100282023589S07008414WA0056200630010019026149155
B2100292023592S07008412WA0056100629010019025154161
B2100302023596S07008411WA0056100629010019022151159
B2100312023598S07008409WA0056100628010019019145155
B2100322023600S07008407WA0056100627010019018143165
B2100332023603S07008406WA0056100626010019020149165
B2100342023606S07008404WA0056100626010019021154163
B2100352023608S07008403WA0056100625010019020155165
B2100362023611S07008401WA0056000624010019019146159
B2100372023613S07008400WA0056000623010019019137165
B2100382023615S07008398WA0055900622010019020139160
B2100392023618S07008396WA0055800621010019023149165
B2100402023622S07008395WA0055800620010019026157169
B2100412023626S07008394WA0055600619010019027161172
B2100422023630S07008393WA0055500617010019028163177
B2100432023634S07008391WA0055300616010019026161164
B2100442023638S07008390WA0055100614010019025160170
B2100452023641S07008389WA0054900613010019022162169
B2100462023644S07008387WA0054700612010019021164179
B2100482023646S07008386WA0054500610010019022163175
B2100492023649S07008385WA0054300609010019024160172
B2100502023653S07008384WA0054100607010019027161173
B2100512023657S07008382WA0053900604010019028160175
B2100522023661S07008380WA0053600601010019029164181
B2100532023666S07008379WA0053400598010019028168182
B2100542023670S07008378WA0053200596010019026169185
B2100552023674S07008377WA0053100593010019024170189
B2100562023677S07008377WA0052900591010019026168184
B2100572023681S07008376WA0052800589010019027172186
B2100582023686S07008376WA0052700589010019028179184
B2100592023691S07008377WA0052700588010019026183188
B2101002023694S07008377WA0052700587010019022179182
B2101012023697S07008377WA0052700585010019021170181
B2101022023700S07008376WA0052700583010019023164182
B2101032023703S07008375WA0052700582010019027169187
B2101042023707S07008374WA0052700581010019029177196
B2101052023711S07008374WA0052700579010019028182191
B2101062023718S07008374WA0052700577010019020180192
B2101072023721S07008374WA0052800576010019018175186
B2101082023724S07008374WA0052900575010019020177184
B2101092023728S07008374WA0053000574010019023175186
B2101102023732S07008373WA0053200573010019025174179
B2101112023735S07008373WA0053300572010019022170181
B2101122023738S07008372WA0053400571010019019164182
B2101132023741S07008371WA0053500570010019019164177
B2101142023744S07008370WA0053600569010019023169183
B2101152023747S07008369WA0053700568010019027176191
B2101162023751S07008369WA0053700567010019025176179
B2101172023755S07008369WA0053800566010019019176181
B2101182023757S07008368WA0053800565010019011168184
B2101192023759S07008368WA0053800564010019012175187
B2101202023761S07008368WA0053800563010019018182191
B2101212023764S07008368WA0053800562010019024188189
B2101222023767S07008369WA0053700561010019023191189
B2101232023770S07008370WA0053700560010019020192188
B2101242023773S07008370WA0053600559010019018187178
B2101252023775S07008370WA0053500558010019019185186
B2101262023778S07008370WA0053500557010019023183179
B2101272023782S07008370WA0053500556010019024183175
B2101282023785S07008370WA0053500555010019019177174
B2101292023788S07008370WA0053400555010019016171171
B2101302023790S07008369WA0053400554010019016165180
B2101312023792S07008368WA0053400553010019020168188
B2101322023796S07008368WA0053300552010019024171181
B2101332023799S07008367WA0053300551010019024172174
B2101342023802S07008367WA0053300551010019020171172
B2101352023805S07008366WA0053200550010019016165182
B2101362023807S07008365WA0053200549010019015160182
B2101372023809S07008364WA0053100548010019017162172
B2101382023812S07008363WA0053100547010019020168179
B2101392023815S07008363WA0053100546010019021170183
B2101402023818S07008362WA0053000545010019024171176
B2101412023822S07008362WA0052900545010019026175177
B2101422023826S07008362WA0052800544010019026178184
B2101432023830S07008362WA0052700544010019024178182
B2101442023833S07008361WA0052700543010019021177184
B2101452023836S07008361WA0052600543010019021175179
B2101462023839S07008360WA0052500542010019022174183
B2101472023842S07008360WA0052500542010019024175186
B2101482023846S07008360WA0052500541010019026178184
B2101492023850S07008360WA0052400540010019026180186
B2101502023853S07008360WA0052400540010019023175184
B2101512023857S07008359WA0052300539010019022170179
B2101522023860S07008359WA0052300539010019022167182
B2101532023863S07008358WA0052300538010019022167178
B2101542023866S07008357WA0052300537010019023170181
B2101552023869S07008357WA0052300537010019023170176
B2101562023873S07008356WA0052300536010019022168176
B2101572023876S07008355WA0052200535010019022167178
B2101582023879S07008355WA0052200535010019021166178
B2101592023883S07008354WA0052100535010019021169182
B2102002023886S07008353WA0052100534010019022174181
B2102022023889S07008353WA0052000534010019023176186
B2102032023892S07008353WA0052000534010019024175181
B2102042023896S07008353WA0051900533010019022175184
B2102052023899S07008353WA0051800533010019021179190
B2102062023903S07008353WA0051800532010019021182190
B2102072023906S07008353WA0051700532010019020181184
B2102082023909S07008353WA0051700531010019020176179
B2102092023912S07008353WA0051700531010019019169171
B2102102023915S07008353WA0051700531010019018161172
B2102112023917S07008352WA0051600530010019018155165
B2102122023920S07008350WA0051500530010019017148166
B2102132023922S07008349WA0051500529010019018143164
B2102142023924S07008347WA0051500529010019018141162
B2102152023926S07008345WA0051400529010019017137163
B2102162023928S07008343WA0051400528010019017132163
B2102172023930S07008341WA0051300528010019018130151
B2102182023931S07008339WA0051300527010019020130159
B2102192023934S07008336WA0051200527010019023134164
B2102202023936S07008333WA0051100526010019024136153
B2102212023939S07008331WA0051000526010019021136162
B2102222023941S07008329WA0051000525010019016133169
B2102232023942S07008327WA0050900525010019014131169
B2102242023946S07008323WA0050900524010019020141164
B2102252023949S07008321WA0050800523010019021145160
B2102262023951S07008320WA0050700523010019020150166
B2102272023954S07008318WA0050600523010019021152172
B2102282023957S07008317WA0050400522010019024153168
B2102292023961S07008315WA0050200522010019025155163
B2102302023964S07008313WA0050000521010019023151161
B2102312023967S07008311WA0049800521010019022150157
B2102322023970S07008310WA0049600520010019021151163
B2102332023972S07008308WA0049400520010019022152164
B2102342023975S07008306WA0049400519010019022155172
B2102352023978S07008305WA0049300518010019021155175
B2102362023981S07008304WA0049100517010019021159173
B2102372023984S07008303WA0049000516010019020161179
B2102382023986S07008302WA0049000515010019018161175
B2102392023989S07008301WA0049000514010019016154171
B2102402023991S07008299WA0049000513010019017153175
B2102412023993S07008298WA0049100513010019018160176
B2102422023995S07008298WA0049200512010019018168184
B2102432023998S07008297WA0049200512010019016165179
B2102442024000S07008296WA0049300511010019016158179
B2102452024002S07008295WA0049300511010019016155174
B2102462024004S07008294WA0049300510010019017159188
B2102472024006S07008293WA0049300510010019018160179
B2102482024009S07008292WA0049300509010019018160182
B2102492024011S07008291WA0049300509010019017161179
B2102502024014S07008290WA0049300509010019016163185
B2102512024016S07008289WA0049200508010019014166191
B2102522024018S07008289WA0049200508010019014167181
B2102532024020S07008288WA0049100507010019015167182
B2102542024022S07008287WA0049000507010019016163177
B2102552024025S07008287WA0048900506010019016160174
B2102562024027S07008286WA0048800506010019016160175
B2102572024029S07008285WA0048600505010019016160178
B2102582024032S07008285WA0048500504010019018157170
B2102592024034S07008284WA0048500503010019020156166
B2103002024037S07008282WA0048300503010019021156170
B2103012024040S07008281WA0048100502010019019156167
B2103022024042S07008280WA0048000501010019016153174
B2103032024044S07008279WA0047900500010019015147171
B2103042024046S07008277WA0047800500010019016145170
B2103052024049S07008276WA0047600499010019018153181
B2103062024051S07008275WA0047500498010019018159177
B2103072024054S07008274WA0047300497010019017164181
B2103092024056S07008273WA0047100496010019017167185
B2103102024059S07008273WA0046900495010019018176189
B2103112024062S07008273WA0046700494010019020181193
B2103122024065S07008273WA0046500493010019022180194
B2103132024068S07008273WA0046300492010019024180198
B2103142024072S07008273WA0046100491010019024183187
B2103152024076S07008274WA0046000490010019022187206
B2103162024079S07008274WA0045900489010019020189197
B2103172024082S07008275WA0045900488010019020192192
B2103182024085S07008276WA0045800487010019024193194
B2103192024089S07008276WA0045800487010019027184175
B2103202024093S07008276WA0045800486010019025161154
B2103212024096S07008274WA0045800485010019025145146
B2103222024101S07008269WA0045900484010019022127152
B2103232024103S07008265WA0046000484010019023124154
B2103242024105S07008262WA0046000484010019024121148
B2103252024107S07008259WA0046200483010019025116144
B2103262024108S07008255WA0046300483010019026112148
B2103272024110S07008251WA0046400483010019027112140
B2103282024112S07008247WA0046400482010019027117147
B2103292024114S07008243WA0046500482010019026125148
B2103302024116S07008240WA0046500482010019024127155
B2103312024117S07008237WA0046600482010019021122155
B2103322024119S07008234WA0046700482010019021120149
B2103332024121S07008231WA0046700482010019024126150
B2103342024123S07008228WA0046800481010019025131158
B2103352024126S07008225WA0046800481010019027133161
B2103362024128S07008222WA0046900481010019022120155
B2103372024129S07008219WA0047000481010019020114157
B2103382024130S07008216WA0047100481010019017110173
B2103392024132S07008213WA0047200481010019019116158
B2103402024133S07008211WA0047300481010019022127159
B2103412024136S07008208WA0047300481010019023129155
B2103422024138S07008205WA0047300481010019021122155
B2103432024139S07008202WA0047300481010019019115164
B2103442024141S07008200WA0047200481010019017112160
B2103452024142S07008197WA0047200481010019019117158
B2103462024143S07008194WA0047200481010019022124156
B2103472024145S07008191WA0047200481010019024123156
B2103482024147S07008188WA0047200481010019023115150
B2103492024148S07008185WA0047200481010019023108141
B2103502024149S07008182WA0047200481010019023111155
B2103512024151S07008178WA0047200481010019025118152
B2103522024153S07008175WA0047200481010019027122151
B2103532024155S07008171WA0047200481010019026118149
B2103542024156S07008167WA0047300482010019024108143
B2103552024158S07008164WA0047300482010019022105151
B2103562024159S07008161WA0047300482010019020110169
B2103572024160S07008159WA0047400482010019017127173
B2103582024163S07008157WA0047500482010019016151189
B2103592024165S07008156WA0047500482010019011153203
B2104002024166S07008157WA0047600482010019008224211
B2104012024166S07008159WA0047600481010019017301229
B2104022024163S07008163WA0047600481010019030324264
B2104032024157S07008166WA0047600480010019037337310
B2104042024151S07008170WA0047600481010019036338326
B2104052024144S07008173WA0047700481010019033343334
B2104062024138S07008176WA0047700481010019033344336
B2104072024132S07008178WA0047700481010019035351337
B2104082024125S07008180WA0047700481010019042000345
B2104092024118S07008180WA0047600481010019046003350
B2104102024110S07008182WA0047500481010019045002350
B2104112024102S07008183WA0047500481010019040357354
B2104122024095S07008183WA0047500480010019038356342
B2104132024090S07008183WA0047500480010019031352345
B2104142024084S07008184WA0047600479010019030000342
B2104152024080S07008183WA0047700479010019030006334
B2104162024074S07008182WA0047700478010019034347328
B2104172024069S07008183WA0047700478010019035332307
B2104182024064S07008185WA0047700478010019031331289
B2104192024061S07008188WA0047700479010019029305276
B2104202024059S07008192WA0047600479010019027288257
B2104212024059S07008196WA0047600479010019024268236
B2104222024060S07008199WA0047500480010019019228222
B2104232024063S07008201WA0047400479010019020193196
B2104242024066S07008201WA0047300479010019018173176
B2104252024068S07008199WA0047300479010019018133168
B2104262024070S07008197WA0047200479010019016126174
B2104272024072S07008194WA0047100479010019017134166
B2104282024074S07008192WA0047100479010019023144166
B2104302024077S07008189WA0047000478010019025145174
B2104312024082S07008184WA0047100478010019018128173
B2104332024084S07008182WA0047100478010019014124175
B2104342024086S07008178WA0047300477010019016132180
B2104362024088S07008176WA0047400477010019019131174
B2104372024090S07008174WA0047500477010019022128167
B2104382024092S07008171WA0047600477010019019133178
B2104392024094S07008169WA0047600477010019017133178
B2104402024096S07008167WA0047600477010019014149173
B2104412024098S07008166WA0047600476010019018145170
B2104422024100S07008164WA0047500476010019021142164
B2104432024103S07008162WA0047500476010019024134162
B2104442024105S07008160WA0047400476010019021133168
B2104452024107S07008158WA0047400476010019017134176
B2104462024109S07008156WA0047400475010019018140171
B2104472024111S07008154WA0047400475010019021144175
B2104482024114S07008152WA0047300475010019023143169
B2104492024117S07008150WA0047300475010019022137169
B2104502024119S07008148WA0047300475010019019135174
B2104512024121S07008146WA0047300475010019018137176
B2104522024123S07008144WA0047300475010019020140169
B2104532024126S07008141WA0047400475010019023133169
B2104542024128S07008138WA0047400475010019025131171
B2104552024130S07008135WA0047500475010019025134161
B2104562024136S07008130WA0047600475010019021145183
B2104572024139S07008129WA0047600476010019018149182
B2104582024141S07008127WA0047700476010019017149179
B2104592024143S07008126WA0047800476010019019153184
B2105002024146S07008125WA0047900476010019022157181
B2105012024149S07008124WA0047900477010019020152172
B2105022024152S07008123WA0048000477010019015134163
B2105032024153S07008121WA0048100477010019014117169
B2105042024154S07008119WA0048300477010019016119169
B2105052024155S07008117WA0048400478010019019124161
B2105062024157S07008114WA0048500478010019021122165
B2105072024158S07008111WA0048700479010019020112157
B2105082024159S07008108WA0048800479010019017105159
B2105092024159S07008106WA0048900480010019016111163
B2105102024160S07008103WA0049000480010019016124168
B2105112024162S07008102WA0049100481010019019144165
B2105122024165S07008100WA0049100481010019018147166
B2105132024167S07008099WA0049200482010019011143154
B2105142024168S07008099WA0049300482010019007140192
B2105152024169S07008098WA0049400483010019009153178
B2105162024171S07008098WA0049600483010019014178183
B2105172024173S07008099WA0049700483010019015216202
B2105182024174S07008101WA0049800483010019016239230
B2105192024175S07008104WA0049900484010019021271251
B2105202024174S07008108WA0049900484010019027290268
B2105212024172S07008112WA0050000484010019031305286
B2105222024169S07008116WA0050100484010019034315294
B2105232024165S07008119WA0050200484010019036321309
B2105242024160S07008123WA0050300485010019039326314
B2105252024154S07008128WA0050300486010019042333317
B2105262024147S07008131WA0050400486010019043340316
B2105272024140S07008133WA0050400487010019043342316
B2105282024134S07008136WA0050400488010019040344308
B2105292024128S07008138WA0050500489010019036346305
B2105302024122S07008140WA0050500491010019035345305
B2105312024117S07008142WA0050600492010019035339320
B2105322024112S07008144WA0050600493010019040342319
B2105332024105S07008146WA0050600493010019041343321
B2105342024099S07008148WA0050700495010019038340319
B2105352024093S07008151WA0050800497010019035338307
B2105362024088S07008153WA0050900498010019034339307
B2105372024084S07008155WA0051000500010019033333307
B2105382024079S07008158WA0051200502010019033327304
B2105392024075S07008162WA0051400504010019031316294
B2105402024074S07008167WA0051500506010019023287282
B2105412024073S07008172WA0051600508010019023282251
B2105422024073S07008176WA0051700510010019020275247
B2105432024076S07008180WA0051700511010019015250240
B2105442024079S07008181WA0051800514010019012229216
B2105462024082S07008182WA0051900515010019007237203
B2105472024088S07008176WA0052100517010019020114143
B2105492024090S07008171WA0052200518010019021106133
B2105502024093S07008162WA0052500519010019023100135
B2105512024094S07008157WA0052600520010019023098136
B2105522024094S07008153WA0052700521010019022093132
B2105532024095S07008149WA0052700522010019023091134
B2105542024095S07008144WA0052700522010019024092133
B2105552024096S07008140WA0052700523010019026098134
B2105572024097S07008135WA0052700524010019027102133
B2105592024099S07008127WA0052600525010019023110147
B2106002024101S07008123WA0052600526010019021121161
B2106012024103S07008121WA0052500527010019016127172
B2106022024104S07008119WA0052500527010019013151180
B2106032024106S07008118WA0052500528010019011162194
B2106042024108S07008118WA0052500529010019007185204
B2106052024109S07008119WA0052500529010019013261216
B2106062024108S07008121WA0052500529010019021278247
B2106072024108S07008125WA0052400529010019020286267
B2106082024105S07008128WA0052300529010019029310272
B2106092024101S07008132WA0052300529010019032314301
B2106102024096S07008138WA0052200529010019031317304
B2106112024091S07008143WA0052200529010019030321304
B2106122024084S07008148WA0052200529010019044343306
B2106132024073S07008149WA0052200529010019044346336
B2106142024063S07008150WA0052200530010019042346337
B2106152024054S07008150WA0052300531010019041345331
B2106162024048S07008152WA0052300531010019041345316
B2106172024041S07008154WA0052400532010019042344316
B2106182024035S07008156WA0052400532010019040341312
B2106192024029S07008157WA0052400534010019033315308
B2106202024026S07008161WA0052400534010019029296280
B2106212024026S07008164WA0052400536010019016244261
B2106222024028S07008166WA0052400536010019013211213
B2106232024030S07008166WA0052400537010019011192189
B2106242024032S07008165WA0052400538010019013137177
B2106252024034S07008163WA0052400539010019016126161
B2106262024036S07008161WA0052400539010019018120154
B2106272024037S07008158WA0052500539010019017117158
B2106282024039S07008155WA0052500540010019016116159
B2106292024040S07008152WA0052600540010019013124168
B2106302024041S07008151WA0052600540010019012140171
B2106312024043S07008149WA0052700541010019013149167
B2106322024045S07008148WA0052700541010019015144156
B2106332024047S07008146WA0052700541010019016134154
B2106342024048S07008144WA0052700541010019016123154
B2106352024049S07008142WA0052700541010019015113147
B2106362024050S07008139WA0052700542010019015111150
B2106372024051S07008137WA0052800542010019015116151
B2106382024052S07008134WA0052800542010019015120153
B2106392024053S07008132WA0052800542010019014121156
B2106402024054S07008130WA0052900543010019013118153
B2106412024055S07008128WA0052900543010019013117153
B2106422024056S07008126WA0053000543010019013116157
B2106432024057S07008124WA0053000544010019014110154
B2106442024058S07008122WA0053000544010019015112157
B2106452024059S07008120WA0053000544010019015122166
B2106462024060S07008118WA0053000544010019014136169
B2106472024061S07008117WA0053000545010019012146176
B2106482024063S07008116WA0053000545010019010147168
B2106492024064S07008115WA0052900545010019011148164
B2106502024066S07008115WA0052900545010019013150166
B2106512024068S07008114WA0052900545010019013144167
B2106522024069S07008113WA0052800546010019011136163
B2106532024071S07008111WA0052800546010019008146164
B2106542024072S07008110WA0052700546010019009169168
B2106562024076S07008111WA0052500546010019016200206
B2106572024079S07008112WA0052300545010019018200230
B2106582024081S07008113WA0052100545010019015207246
B2106592024083S07008115WA0051900545010019019244252
B2107002024084S07008118WA0051800544010019020269265
B2107012024082S07008122WA0051700544010019020295277
B2107022024080S07008125WA0051700544010019026320287
B2107032024075S07008127WA0051700544010019030330309
B2107042024068S07008130WA0051700544010019044352319
B2107052024057S07008130WA0051800544010019044351349
B2107062024048S07008132WA0051900544010019043351348
B2107072024038S07008133WA0052000544010019041349347
B2107082024030S07008135WA0052100544010019041346337
B2107092024022S07008136WA0052200545010019041343324
B2107102024015S07008139WA0052200545010019042341306
B2107112024008S07008142WA0052200544010019040338300
B2107122024002S07008145WA0052200544010019036314298
B2107132023999S07008151WA0052200544010019035302276
B2107142023997S07008156WA0052200545010019025279262
B2107152023998S07008160WA0052100545010019016237239
B2107162024001S07008162WA0052100546010019018188207
B2107172024005S07008162WA0052200546010019017178183
B2107182024008S07008161WA0052200547010019017157173
B2107192024012S07008159WA0052300548010019019140158
B2107202024014S07008157WA0052400548010019019136151
B2107212024017S07008154WA0052500548010019020131157
B2107222024019S07008151WA0052600549010019023124147
B2107232024022S07008148WA0052700549010019024121142
B2107242024024S07008144WA0052800549010019023120143
B2107252024026S07008141WA0052800550010019021124154
B2107262024028S07008138WA0052900550010019020131172
B2107272024030S07008136WA0053000550010019019141185
B2107282024031S07008135WA0053100550010019008166198
B2107292024032S07008134WA0053300550010019004195217
B2107302024033S07008135WA0053300550010019012265225
B2107312024032S07008137WA0053400550010019017317253
B2107322024028S07008139WA0053400550010019029341289
B2107332024023S07008140WA0053400549010019040353335
B2107342024016S07008140WA0053400549010019042357355
B2107352024008S07008142WA0053400549010019040358352
B2107362024000S07008144WA0053500550010019041357335
B2107372023993S07008146WA0053500550010019041352329
B2107382023986S07008148WA0053600551010019039348321
B2107392023980S07008150WA0053600552010019030333311
B2107402023978S07008154WA0053600552010019026296290
B2107412023977S07008160WA0053600553010019024267255
B2107422023979S07008164WA0053600554010019019225228
B2107432023983S07008167WA0053600554010019023189197
B2107442023987S07008167WA0053500555010019022173175
B2107452023991S07008166WA0053400555010019024143161
B2107462023994S07008163WA0053400555010019021131152
B2107472023996S07008161WA0053400556010019021125157
B2107482023998S07008158WA0053400556010019022124153
B2107492024000S07008155WA0053400556010019024128152
B2107502024003S07008151WA0053400556010019026130153
B2107512024005S07008148WA0053400556010019025127147
B2107522024008S07008145WA0053400556010019021120155
B2107532024009S07008142WA0053400557010019020116154
B2107542024010S07008139WA0053500557010019020119165
B2107552024012S07008136WA0053500557010019021129167
B2107562024014S07008133WA0053600557010019025143171
B2107572024017S07008131WA0053600557010019024151166
B2107582024020S07008130WA0053500557010019019146161
B2107592024022S07008128WA0053500557010019013144173
B2108002024024S07008128WA0053500557010019011147186
B2108012024025S07008127WA0053600557010019011165196
B2108022024027S07008127WA0053600557010019015196212
B2108032024029S07008128WA0053600557010019013204234
B2108042024031S07008130WA0053600557010019016239242
B2108052024032S07008132WA0053500557010019017266257
B2108062024029S07008135WA0053500556010019024318271
B2108072024024S07008138WA0053500555010019033336306
B2108082024019S07008140WA0053500555010019037346335
B2108092024012S07008141WA0053500555010019039351345
B2108102024006S07008142WA0053500555010019038355347
B2108112023999S07008142WA0053500555010019036356335
B2108122023992S07008143WA0053500555010019036355323
B2108132023986S07008144WA0053500554010019035334314
B2108152023981S07008147WA0053500554010019032329297
B2108162023977S07008155WA0053300552010019023263257
B2108182023979S07008158WA0053200552010019019214228
B2108192023986S07008158WA0052900551010019021160177
B2108212023989S07008157WA0052800550010019017142171
B2108222023993S07008153WA0052700549010019018126168
B2108242023995S07008150WA0052700548010019021135166
B2108252023998S07008148WA0052600547010019023145172
B2108262024001S07008146WA0052600547010019023147170
B2108272024004S07008143WA0052500546010019020138174
B2108282024006S07008141WA0052500545010019018131170
B2108292024008S07008139WA0052500544010019018136178
B2108302024010S07008137WA0052600544010019021144175
B2108312024013S07008135WA0052600543010019023144161
B2108322024015S07008132WA0052600542010019023139158
B2108332024018S07008130WA0052700542010019021135159
B2108342024019S07008128WA0052700541010019020127158
B2108352024021S07008125WA0052800540010019019123165
B2108362024022S07008122WA0052900540010019019131167
B2108372024024S07008120WA0052900539010019019134165
B2108382024026S07008118WA0053000538010019019130152
B2108392024028S07008115WA0053000538010019018129160
B2108402024029S07008113WA0053000537010019018137182
B2108412024032S07008112WA0053000537010019016156202
B2108422024034S07008111WA0053000536010019013160211
B2108432024035S07008110WA0052900535010019012162222
B2108442024037S07008111WA0052900535010019011226224
B2108452024037S07008112WA0052900534010019007292244
B2108462024034S07008114WA0052900532010019023344256
B2108472024028S07008115WA0052900531010019035353335
B2108482024014S07008118WA0052900529010019035356354
B2108492024006S07008122WA0053000530010019036354349
B2108502024000S07008122WA0053100529010019039354339
B2108512023994S07008123WA0053100529010019040349333
B2108522023987S07008126WA0053200530010019039348316
B2108532023981S07008128WA0053200531010019033340303
B2108542023978S07008131WA0053200531010019025308290
B2108552023977S07008135WA0053100531010019021282256
B2108562023978S07008138WA0053100532010019016210235
B2108572023981S07008139WA0053100532010019018165192
B2108582023985S07008138WA0053000533010019019152170
B2108592023988S07008136WA0053000533010019019149170
B2109002023991S07008135WA0053000533010019018148174
B2109012023993S07008133WA0052900533010019019148174
B2109022023996S07008132WA0052900532010019019148172
B2109032023999S07008130WA0053000532010019019142172
B2109042024001S07008128WA0053000532010019019134164
B2109052024003S07008126WA0053000532010019017128165
B2109062024005S07008124WA0053100532010019018137169
B2109072024007S07008122WA0053100531010019020149166
B2109082024010S07008121WA0053100531010019020155182
B2109092024013S07008119WA0053100531010019016148175
B2109102024015S07008118WA0053200531010019014139167
B2109112024016S07008117WA0053200531010019014138175
B2109122024018S07008116WA0053300530010019017147174
B2109132024021S07008115WA0053300530010019021162179
B2109142024024S07008114WA0053300530010019023169188
B2109152024027S07008114WA0053300530010019021193198
B2109162024030S07008115WA0053200529010019017208225
B2109172024032S07008117WA0053200529010019016238239
B2109182024033S07008119WA0053200528010019019250252
B2109192024032S07008122WA0053100528010019020286262
B2109202024030S07008126WA0053100527010019031322279
B2109212024024S07008128WA0053000526010019039342318
B2109222024017S07008130WA0052900525010019040351340
B2109232024010S07008131WA0052800525010019038353352
B2109242024003S07008133WA0052700525010019035357348
B2109252023997S07008133WA0052600524010019038351334
B2109262023991S07008134WA0052600523010019040351317
B2109272023985S07008136WA0052500523010019037332306
B2109282023981S07008140WA0052400524010019031304284
B2109292023979S07008145WA0052400524010019025282259
B2109302023980S07008148WA0052300524010019017229239
B2109312023982S07008150WA0052200524010019016182200
B2109322023985S07008149WA0052200524010019015170181
B2109332023988S07008148WA0052100524010019017145172
B2109342023991S07008146WA0052100524010019018145170
B2109352023993S07008144WA0052100523010019020156171
B2109362023996S07008143WA0052100523010019023157176
B2109372024000S07008141WA0052100523010019022145161
B2109382024002S07008139WA0052100522010019020135156
B2109392024004S07008137WA0052200522010019019139163
B2109402024007S07008135WA0052200522010019020152178
B2109412024010S07008134WA0052200521010019020152167
B2109422024012S07008132WA0052200521010019018139162
B2109432024014S07008130WA0052200521010019015128168
B2109442024015S07008129WA0052200521010019013138182
B2109452024017S07008128WA0052200520010019015164185
B2109462024020S07008128WA0052100520010019018174184
B2109472024022S07008128WA0052100520010019018170181
B2109482024025S07008127WA0052000519010019015150173
B2109492024027S07008126WA0052000519010019011132174
B2109502024028S07008125WA0052000519010019009134184
B2109512024029S07008124WA0052000519010019010150199
B2109522024030S07008124WA0052000518010019011191191
B2109542024032S07008125WA0052000518010019016201201
B2109552024035S07008126WA0052000518010019017206207
B2109562024037S07008128WA0052000517010019018227229
B2109572024039S07008130WA0052000517010019018234247
B2109582024039S07008133WA0052000516010019016262253
B2109592024038S07008135WA0052000516010019016322261
B2110002024034S07008136WA0052000515010019024341294
B2110012024029S07008138WA0052100514010019033345322
B2110022024023S07008139WA0052100514010019039351333
B2110032024016S07008140WA0052200513010019041353341
B2110042024009S07008142WA0052300514010019037350336
B2110052024002S07008145WA0052400514010019037351334
B2110062023995S07008147WA0052500515010019040352338
B2110072023988S07008148WA0052600515010019045356333
B2110082023980S07008148WA0052600515010019047000337
B2110092023972S07008149WA0052700515010019047003322
B2110102023965S07008149WA0052800515010019045359319
B2110112023959S07008150WA0052900515010019038347324
B2110122023953S07008151WA0053000515010019037344318
B2110132023948S07008152WA0053200514010019036346318
B2110142023943S07008154WA0053300514010019034343321
B2110152023939S07008156WA0053500514010019031334315
B2110162023935S07008159WA0053600515010019029330309
B2110172023931S07008161WA0053800515010019027325302
B2110182023929S07008164WA0054000516010019026317296
B2110192023927S07008169WA0054000517010019026301284
B2110202023927S07008175WA0054100519010019026290268
B2110212023927S07008181WA0054200521010019025282259
B2110222023928S07008187WA0054200522010019021273252
B2110232023935S07008195WA0054300524010019016222241
B2110242023941S07008196WA0054400525010019014172205
B2110252023946S07008194WA0054500526010019021135178
B2110262023949S07008190WA0054500527010019024128149
B2110272023953S07008186WA0054600527010019025125144
B2110282023955S07008182WA0054700528010019024132149
B2110292023958S07008180WA0054800528010019015149163
B2110302023960S07008178WA0054800529010019014156180
B2110312023963S07008177WA0054900529010019013162191
B2110322023964S07008176WA0054900530010019010167199
B2110332023966S07008176WA0054900530010019010168208
B2110342023967S07008175WA0054900530010019009162211
B2110352023968S07008174WA0054800530010019005127212
B2110362023968S07008174WA0054600530010019002290205
B2110372023966S07008173WA0054500531010019015351227
B2110382023960S07008174WA0054400530010019034351322
B2110392023953S07008175WA0054300530050095037348339
B2110402023947S07008176WA0054200530010019037349340
B2110412023941S07008177WA0054100530010019041349341
B2110422023934S07008178WA0054100530010019045354339
B2110432023921S07008181WA0054000530010019050358345
B2110442023909S07008183WA0053900530010019049358340
B2110452023899S07008183WA0053800529010019047358340
B2110462023891S07008183WA0053600529010019046358342
B2110472023882S07008183WA0053600528010019045000349
B2110482023874S07008181WA0053600528010019044357345
B2110492023866S07008180WA0053600527010019046355342
B2110502023858S07008180WA0053600527010019047356342
B2110512023850S07008179WA0053600527010019047356338
B2110522023842S07008179WA0053700527010019044356326
B2110532023835S07008178WA0053700526010019042356322
B2110542023829S07008178WA0053800526010019039352325
B2110552023823S07008179WA0053900526010019041349327
B2110562023816S07008180WA0053900525010019045348333
B2110572023810S07008181WA0054000525010019045348330
B2110582023803S07008182WA0054000525010019045348323
B2110592023796S07008183WA0053900526010019044349316
B2111002023790S07008185WA0053900526010019038340319
B2111012023785S07008188WA0053900527010019040338320
B2111022023779S07008191WA0053900527010019043338318
B2111032023773S07008193WA0053900526010019045339316
B2111042023767S07008196WA0053800526010019045340319
B2111052023761S07008198WA0053800527010019044340318
B2111062023755S07008201WA0053800527010019042341320
B2111072023749S07008203WA0053800527010019039340321
B2111082023744S07008205WA0053900527010019039340320
B2111092023738S07008207WA0053900526010019040340320
B2111102023732S07008209WA0053900526010019045339320
B2111112023725S07008211WA0053800526010019046341318
B2111122023718S07008213WA0053700527010019046343320
B2111132023711S07008215WA0053600526010019045343321
B2111142023704S07008216WA0053500527010019044343327
B2111152023698S07008218WA0053400527010019043343330
B2111162023692S07008219WA0053400527010019042344333
B2111172023686S07008220WA0053400527010019044346337
B2111192023679S07008221WA0053400526010019046347336
B2111202023672S07008222WA0053400526010019047350336
B2111212023665S07008223WA0053300526010019046350338
B2111222023659S07008224WA0053300526010019045351343
B2111232023653S07008225WA0053200525010019043351345
B2111242023646S07008226WA0053200525010019042351346
B2111252023640S07008226WA0053200524010019042351349
B2111262023634S07008227WA0053100524010019043352350
B2111272023628S07008227WA0053000524010019044353357
B2111282023621S07008228WA0053000523010019045354349
B2111292023614S07008228WA0052900523010019045355355
B2111302023607S07008228WA0052800523010019044355355
B2111312023601S07008228WA0052700523010019042355357
B2111322023589S07008228WA0052600523010019041355358
B2111332023583S07008227WA0052600522010019041356003
B2111342023576S07008227WA0052600522010019042358003
B2111362023570S07008226WA0052500522010019042359356
B2111372023563S07008225WA0052500521010019041357355
B2111382023557S07008224WA0052500520010019039356350
B2111392023551S07008223WA0052500520010019038354357
B2111402023540S07008223WA0052500518010019037348348
B2111412023534S07008225WA0052500518010019040346350
B2111422023528S07008226WA0052500518010019041344340
B2111432023522S07008227WA0052500518010019040343341
B2111442023516S07008229WA0052400518010019040342330
B2111452023510S07008230WA0052400518010019039343336
B2111462023504S07008231WA0052300518010019042344323
B2111472023498S07008232WA0052200519010019041345325
B2111482023492S07008234WA0052100519010019039343313
B2111492023486S07008235WA0052100520010019038345306
B2111502023481S07008236WA0052100521010019036347315
B2111512023476S07008237WA0052000522010019036347320
B2111522023471S07008238WA0052000523010019037347324
B2111532023465S07008239WA0052100524010019036347324
B2111542023460S07008240WA0052100525010019035350323
B2111552023455S07008241WA0052100526010019034351331
B2111562023450S07008242WA0052200527010019033350336
B2111572023445S07008242WA0052200527010019034351339
B2111582023439S07008243WA0052200528010019036352335
B2111592023434S07008244WA0052100528010019037352335
B2112002023428S07008244WA0052100529010019039351335
B2112012023422S07008245WA0052100530010019038352332
B2112022023417S07008246WA0052000530010019037352325
B2112032023411S07008246WA0052000531010019036351323
B2112042023406S07008247WA0052000532010019035349323
B2112052023401S07008248WA0052000532010019038348322
B2112062023395S07008249WA0052000533010019039350325
B2112072023389S07008250WA0052000533010019038350323
B2112082023384S07008251WA0051900534010019037350320
B2112092023378S07008252WA0051900534010019036348322
B2112102023373S07008253WA0051900534010019036346318
B2112112023368S07008254WA0051900535010019038345310
B2112122023362S07008256WA0051900535010019039345320
B2112132023357S07008257WA0051900536010019037347316
B2112142023352S07008259WA0051900536010019036345310
B2112152023347S07008260WA0051900536010019033342299
B2112162023342S07008262WA0051900537010019032338302
B2112172023338S07008264WA0051900537010019030335299
B2112182023334S07008266WA0052000537010019031334295
B2112192023329S07008269WA0052000537010019034335302
B2112202023324S07008271WA0052000537010019034338304
B2112212023320S07008273WA0052000537010019036340308
B2112222023315S07008274WA0052000537010019034339314
B2112232023310S07008276WA0052000537010019034341313
B2112242023305S07008278WA0051900537010019034343317
B2112252023300S07008279WA0051900537010019033340321
B2112262023296S07008281WA0051900537010019032338311
B2112272023291S07008283WA0051900537010019034335318
B2112282023286S07008286WA0051800537010019038335317
B2112292023280S07008288WA0051800536010019041341327
B2112302023275S07008290WA0051700536010019041341319
B2112312023269S07008292WA0051600537010019038341309
B2112322023264S07008294WA0051500536010019032332304
B2112332023260S07008297WA0051500536010019030325295
B2112342023256S07008300WA0051400536010019035328300
B2112352023251S07008304WA0051300535010019043325294
B2112362023246S07008308WA0051200534010019043329298
B2112372023241S07008312WA0051200534010019043316280
B2112382023237S07008316WA0051100534010019028317272
B2112392023234S07008319WA0051100534010019027313269
B2112402023231S07008322WA0051200533010019027317277
B2112412023228S07008325WA0051200533010019034316280
B2112422023225S07008328WA0051300533010019025309274
B2112432023222S07008331WA0051300533010019027303274
B2112442023221S07008334WA0051400534010019023301263
B2112452023219S07008337WA0051500534010019023306275
B2112462023216S07008340WA0051500534010019025316285
B2112472023213S07008343WA0051600533010019030324295
B2112482023209S07008345WA0051600533010019032331302
B2112492023204S07008348WA0051700533010019032336313
B2112502023200S07008350WA0051700533010019029336311
B2112512023196S07008352WA0051700533010019030329299
B2112522023191S07008355WA0051700533010019037327287
B2112532023186S07008358WA0051700532010019039332294
B2112542023181S07008361WA0051700532010019036329291
B2112552023177S07008365WA0051700532010019034324288
B2112562023173S07008368WA0051700532010019032321274
B2112572023169S07008371WA0051800532010019028325284
B2112582023166S07008373WA0051900533010019028324286
B2112592023162S07008376WA0052000533010019029320280
B2113002023159S07008379WA0052100533010019029317272
B2113012023156S07008382WA0052200533010019028314269
B2113022023153S07008386WA0052200534010019028311268
B2113032023150S07008389WA0052300534010019025308266
B2113042023148S07008392WA0052300535010019025308267
B2113052023146S07008395WA0052400535010019026311284
B2113062023143S07008398WA0052600536010019026315278
B2113072023140S07008401WA0052700536010019026316284
B2113082023137S07008403WA0052800537010019026316275
B2113092023134S07008406WA0052900538010019028315276
B2113102023131S07008410WA0053000538010019031314276
B2113112023127S07008413WA0053000539010019031315280
B2113122023124S07008416WA0053100540010019027319277
B2113132023120S07008419WA0053200540010019027319279
B2113142023117S07008422WA0053300541010019029319278
B2113152023113S07008426WA0053400542010019031318281
B2113162023110S07008430WA0053500543010019032317280
B2113172023106S07008434WA0053500544010019032317279
B2113182023103S07008438WA0053600545010019031316283
B2113192023100S07008441WA0053600546010019031316279
B2113202023096S07008445WA0053700547010019031315281
B2113212023093S07008449WA0053800548010019030318277
B2113222023090S07008452WA0053800549010019030318276
B2113232023087S07008456WA0053800550010019030318275
B2113242023084S07008460WA0054000550010019028318273
B2113252023081S07008463WA0054000550010019028314264
B2113262023078S07008466WA0054000550010019028313268
B2113272023075S07008469WA0054100551010019028313267
B2113282023072S07008473WA0054100551010019027313262
B2113292023069S07008476WA0054100551010019027307256
B2113302023067S07008479WA0054200552010019027299250
B2113312023065S07008483WA0054200552010019026295247
B2113332023064S07008487WA0054100553010019026293244
B2113342023062S07008497WA0054100554010019026284254
B2113362023062S07008502WA0054100555010019027283256
B2113372023060S07008511WA0054200555010019029284262
B2113392023060S07008516WA0054300556010019029290269
B2113412023058S07008526WA0054500558010019028289251
B2113422023057S07008531WA0054600558010019027289259
B2113432023057S07008536WA0054700559010019029289255
B2113442023056S07008541WA0054800560010019030289263
B2113452023055S07008546WA0054800561010019029288248
B2113462023055S07008551WA0054900562010019028287264
B2113472023054S07008556WA0054900563010019030287270
B2113482023052S07008561WA0055000564010019033293275
B2113492023051S07008565WA0055000565010019033296285
B2113502023048S07008570WA0055100566010019033301292
B2113512023046S07008574WA0055200568010019031301278
B2113522023044S07008577WA0055300570010019029299267
B2113532023042S07008581WA0055500571010019028298268
B2113542023040S07008585WA0055700572010019029301279
B2113552023037S07008588WA0055900573010019030305281
B2113562023034S07008592WA0056100574010019030308272
B2113572023031S07008595WA0056300575010019029304256
B2113582023029S07008599WA0056500577010019029305262
B2114052023039S07008612WA0058100618008016024298273
B2114062023037S07008614WA0058400630008016024303286
B2114072023036S07008621WA0058600633005008025299284
B2114082023033S07008626WA0058800630004006027300288
B2114092023032S07008628WA0058900632004006024302285
B2114102023029S07008632WA0059100629004006024300279
B2114112023027S07008635WA0059200630004006022291267
B2114122023027S07008639WA0059300630004006022280253
B2114132023028S07008643WA0059400631004003025255247
B2114142023029S07008647WA0059500633004003030244248
B2114152023030S07008651WA0059600635004003030248243
B2114162023031S07008655WA0059700638004004025254243
B2114172023031S07008659WA0059800638004004025260240
B2114182023032S07008663WA0059900640004004026260239
B2114192023033S07008668WA0060100641004003032254228
B2114202023034S07008673WA0060200644004003032250231
B2114212023036S07008677WA0060200646004003029252228
B2114222023036S07008681WA0060400647004003026258225
B2114232023037S07008684WA0060600648004003024256233
B2114242023038S07008689WA0060800648004003028250228
B2114252023040S07008693WA0061000647004003031249219
B2114262023009S07008728WA0061200737010019033256216
B2114272023011S07008733WA0061200739010019035260226
B2114282023012S07008737WA0061200742010019032263214
B2114292023013S07008742WA0061300744010019029262218
B2114302023014S07008746WA0061300747010019028259220
B2114312023017S07008749WA0061400748010019028255230
B2114322023019S07008752WA0061400750010019028261222
B2114332023020S07008756WA0061500752010019026262219
B2114342023022S07008759WA0061500753010019026254216
B2114352023024S07008762WA0061400755010019029251217
B2114362023026S07008766WA0061300757010019033253216
B2114372023027S07008771WA0061100758010019031248211
B2114382023029S07008775WA0060900757010019029247211
B2114392023032S07008778WA0060900755010019027243211
B2114402023035S07008781WA0060700753010019026240210
B2114412023038S07008784WA0060600752010019026234211
B2114422023041S07008786WA0060400750010019026231204
B2114432023046S07008788WA0060300746010019026230204
B2114442023050S07008789WA0060100741010019026229208
B2114452023057S07008787WA0060000727010019026227206
B2114462023063S07008786WA0059900717010019025227208
B2114512023104S07008779WA0059500679008024027207194
B2114522023109S07008781WA0059500665007016027212198
B2114532023112S07008786WA0059500651005012027213201
B2114542023115S07008787WA0059500650005008026214204
B2114552023118S07008789WA0059500650005012017215196
B2114562023119S07008791WA0059700646004006019215194
B2114582023121S07008793WA0059700644004004019226202
B2114592023122S07008797WA0059800640004003021253224
B2115002023122S07008802WA0059900637004003038276253
B2115012023120S07008807WA0060000634004003039300281
B2115022023115S07008811WA0060000632004003039330315
B2115032023109S07008813WA0059900632004003045355338
B2115042023104S07008813WA0059800633004003045016004
B2115052023098S07008812WA0059600634004003033014019
B2115062023120S07008822WA0059500655010019026296353
B2115072023115S07008825WA0059500657010019029323327
B2115082023109S07008827WA0059500659010019032334338
B2115092023103S07008828WA0059500660010019034332341
B2115102023096S07008830WA0059600663010019036334333
B2115112023090S07008832WA0059600664010019037339333
B2115122023083S07008833WA0059700665010019036342336
B2115132023077S07008833WA0059700665010019035002336
B2115142023071S07008832WA0059700664010019033001000
B2115152023065S07008830WA0059800663010019032000002
B2115162023059S07008829WA0059800662010019033002003
B2115172023053S07008828WA0059800661010019037007011
B2115182023047S07008826WA0059800661010019039009012
B2115192023040S07008824WA0059800660010019040011012
B2115202023033S07008822WA0059800659010019039013019
B2115212023027S07008821WA0059800659010019037009014
B2115222023021S07008819WA0059800658010019037008011
B2115232023015S07008817WA0059900657010019038009012
B2115242023009S07008815WA0059900656010019039008011
B2115252023002S07008813WA0060000656010019039008009
B2115262022993S07008806WA0060100650010019038008017
B2115272022986S07008802WA0060100648010019038008022
B2115282022979S07008800WA0060200647010019038009018
B2115292022973S07008798WA0060300646010019038009020
B2115302022961S07008794WA0060400645010019038010020
B2115312022956S07008792WA0060400645010019037015026
B2115322022950S07008790WA0060500645010019037015040
B2115332022945S07008788WA0060600645010019037017059
B2115342022941S07008786WA0060600645010019029038073
B2115352022938S07008783WA0060700645010019025057094
B2115362022936S07008778WA0060700646010019024059117
B2115372022934S07008774WA0060700646010019022061125
B2115382022934S07008769WA0060700650005010020067130
B2115392022933S07008765WA0060600652005010019074138
B2115402022933S07008761WA0060500653010019017071144
B2115412022934S07008757WA0060400655010019015071142
B2115422022933S07008755WA0060300654010019012071143
B2115432022933S07008753WA0060200654010019011065102
B2115442022933S07008754WA0060100653010019013037109
B2115452022932S07008757WA0060100651010019016019093
B2115462022927S07008764WA0060100649010019024354065
B2115472022924S07008769WA0060100647010019026345359
B2115482022921S07008774WA0060200645010019029340342
B2115492022917S07008780WA0060300642010019036347339
B2115502022909S07008785WA0060400641010019038348348
B2115512022902S07008789WA0060500641010019038348355
B2115522022895S07008793WA0060700641010019037349359
B2115532022888S07008796WA0060900641010019037350359
B2115542022882S07008802WA0060900642010019039350001
B2115552022875S07008805WA0061000643010019041352352
B2115562022867S07008807WA0061200643010019043354357
B2115572022860S07008809WA0061300643010019043353352
B2115582022853S07008810WA0061400643010019042352349
B2115592022847S07008811WA0061400644010019042351349
B2116002022840S07008812WA0061500644010019041346336
B2116012022834S07008814WA0061600646010019039335321
B2116022022829S07008816WA0061700648005010036320303
B2116032022826S07008821WA0061800648005010033300282
B2116042022825S07008826WA0061900648005010029279255
B2116052022825S07008831WA0061900648005010026265232
B2116062022826S07008835WA0062000648005010020240213
B2116072022828S07008837WA0062000648005010015202191
B2116082022831S07008837WA0062000649005010017165164
B2116092022834S07008836WA0062000650010019019138149
B2116102022836S07008833WA0062000651010019024109133
B2116112022837S07008828WA0062000652010019026098119
B2116122022838S07008823WA0062000653010019025094116
B2116132022839S07008819WA0062000654010019023095124
B2116142022839S07008816WA0062100654010019022100127
B2116152022840S07008812WA0062200655010019023101125
B2116162022841S07008808WA0062300655010019024098121
B2116172022841S07008804WA0062400656010019023099123
B2116182022842S07008801WA0062600657010019021103131
B2116192022843S07008798WA0062700657010019021106132
B2116202022843S07008794WA0062900658010019021102127
B2116212022844S07008791WA0063100659010019021096121
B2116222022844S07008788WA0063200660010019019093120
B2116232022844S07008785WA0063400660010019018094129
B2116242022845S07008782WA0063600661010019018103139
B2116252022846S07008779WA0063700661010019020113129
B2116262022847S07008776WA0063800662010019021127147
B2116272022849S07008774WA0063800663010019020125142
B2116282022851S07008771WA0063800664010019017111141
B2116292022852S07008769WA0063800664010019018105134
B2116302022853S07008766WA0063800665010019018106135
B2116312022854S07008763WA0063800666010019019109131
B2116322022854S07008760WA0063900666010019020105123
B2116332022855S07008757WA0063900666005010022096118
B2116342022855S07008753WA0064000667005010022091110
B2116352022855S07008750WA0064000668005010021085106
B2116362022855S07008746WA0064000668005010021083105
B2116372022855S07008743WA0064000669005010023083110
B2116382022855S07008739WA0064000669005010022085108
B2116392022854S07008736WA0064000670005010023085111
B2116402022854S07008732WA0063900670005010023084105
B2116412022854S07008728WA0063900670005010024083108
B2116422022853S07008725WA0063900671005010024081106
B2116432022853S07008720WA0063800671005010028081106
B2116442022852S07008716WA0063800671005010033087105
B2116452022852S07008710WA0063800672005010035096113
B2116462022853S07008705WA0063800672005010028097118
B2116472022853S07008701WA0063900673005010022087114
B2116482022853S07008698WA0063900674005010021081114
B2116492022852S07008694WA0064000675010019022089120
B2116502022853S07008691WA0064100676010019024102127
B2116512022854S07008687WA0064200677010019023112127
B2116522022855S07008684WA0064300678010019021115130
B2116532022856S07008681WA0064400679010019020115135
B2116542022858S07008678WA0064400680010019022121130
B2116552022860S07008674WA0064400680010019024128140
B2116562022862S07008671WA0064400681010019024124132
B2116572022864S07008668WA0064400682010019021121128
B2116582022865S07008665WA0064400683010019017113124
B2116592022866S07008663WA0064500683010019016114125
B2117002022867S07008660WA0064500684010019018115135
B2117012022869S07008657WA0064600685010019024110134
B2117022022870S07008653WA0064700686010019029103124
B2117032022870S07008648WA0064700687010019027093122
B2117042022870S07008644WA0064800688010019023086119
B2117052022870S07008641WA0064900689010019016085128
B2117062022870S07008639WA0064900690010019014087133
B2117072022870S07008636WA0065000691010019017105133
B2117082022871S07008634WA0065200693010019020106129
B2117092022872S07008631WA0065300694010019020096108
B2117102022872S07008627WA0065500695010019019087117
B2117112022872S07008625WA0065600696010019018090113
B2117122022872S07008622WA0065700697010019020097118
B2117132022873S07008618WA0065700698010019022099112
B2117142022873S07008615WA0065700699010019023096114
B2117152022874S07008611WA0065700700010019022091111
B2117162022874S07008607WA0065700701010019021090111
B2117172022874S07008604WA0065700702010019020094121
B2117182022874S07008601WA0065700702005010020100127
B2117192022875S07008598WA0065800704005010019108129
B2117202022876S07008595WA0065800705005010021113128
B2117212022878S07008591WA0065800706005010023113124
B2117222022879S07008588WA0065900706005010024106120
B2117232022879S07008584WA0065900707010019023097113
B2117242022880S07008581WA0065900708010019025093109
B2117252022880S07008577WA0066000709010019026090107
B2117262022880S07008573WA0066000710010019025084106
B2117272022879S07008568WA0066100711010019024078104
B2117282022879S07008564WA0066200711010019024079103
B2117292022878S07008560WA0066400712010019026083105
B2117302022877S07008555WA0066500713010019026084102
B2117312022877S07008551WA0066600714010019026075095
B2117322022875S07008547WA0066700715010019027067083
B2117332022874S07008543WA0066800716010019027069086
B2117342022872S07008539WA0066900717010019027074098
B2117352022871S07008534WA0067000718005010029078097
B2117362022871S07008530WA0067100718005010028086118
B2117372022870S07008526WA0067200719005010025092111
B2117382022871S07008523WA0067400720005010021101126
B2117392022871S07008520WA0067500721005010020106137
B2117402022872S07008517WA0067600722005010021110147
B2117412022874S07008514WA0067600723005010022115159
B2117422022875S07008511WA0067700724005010018122170
B2117432022877S07008509WA0067800725005010015132184
B2117442022878S07008508WA0067900726005010008158195
B2117452022879S07008508WA0068000727005010005194203
B2117462022880S07008510WA0068000728005010007241215
B2117472022881S07008512WA0068000728005010010249227
B2117482022882S07008515WA0068100728005010011260229
B2117492022883S07008518WA0068100728005010012266232
B2117502022882S07008523WA0068200727005010016279234
B2117512022880S07008527WA0068300726005010018286246
B2117522022878S07008533WA0068400726005010022295257
B2117532022875S07008538WA0068400725005010025299266
B2117542022872S07008543WA0068500725005010026302272
B2117552022869S07008548WA0068500724005010026302274
B2117562022866S07008553WA0068600724005010027299264
B2117572022864S07008558WA0068700723005010027296267
B2117582022862S07008563WA0068700723005010030295263
B2117592022859S07008568WA0068700723005010031294265
B2118002022857S07008573WA0068800722005010031293265
B2118012022855S07008578WA0068800722005010031291256
B2118022022853S07008583WA0068800722005010031287254
B2118032022851S07008588WA0068800722005010030288253
B2118042022850S07008592WA0068800722005010028289261
B2118052022848S07008596WA0068900722005010027292252
B2118062022846S07008600WA0069000722005010028291260
B2118072022845S07008605WA0069100722005010029290254
B2118082022843S07008609WA0069200722005010029288252
B2118092022841S07008614WA0069300723005010028288256
B2118102022840S07008618WA0069400723005010027288249
B2118112022839S07008622WA0069500723005010026287255
B2118122022837S07008626WA0069600723005010027285251
B2118132022836S07008630WA0069800723005010027280247
B2118142022836S07008635WA0069900723005010027272235
B2118152022836S07008639WA0070000724005010027265224
B2118162022836S07008643WA0070000724005010026261227
B2118172022837S07008647WA0070100724005010026256229
B2118182022838S07008651WA0070200724005010027252227
B2118192022840S07008655WA0070400725005010027253231
B2118202022841S07008659WA0070500725005010026255231
B2118212022843S07008663WA0070500725005010025255239
B2118222022844S07008666WA0070600726005010024254221
B2118232022845S07008670WA0070700726005010026250229
B2118242022847S07008674WA0070800727005010029248233
B2118252022848S07008678WA0070900727005010030250231
B2118262022850S07008682WA0071000728005010028254237
B2118272022851S07008686WA0071100728005010026253224
B2118282022853S07008690WA0071100729005010027249226
B2118292022855S07008694WA0071200729005010030245224
B2118302022857S07008699WA0071200730005010032240223
B2118312022860S07008703WA0071200730005010033240224
B2118322022862S07008707WA0071300731005010027245225
B2118332022864S07008710WA0071300732005010025247223
B2118342022866S07008714WA0071400733005010026246222
B2118352022867S07008718WA0071500734005010029246225
B2118362022870S07008722WA0071500735005010032242219
B2118372022872S07008727WA0071500736005010033242219
B2118382022875S07008731WA0071500737005010033242219
B2118392022877S07008736WA0071500738005010029245231
B2118402022878S07008740WA0071500739005010025252230
B2118412022880S07008743WA0071500739005010024248225
B2118422022881S07008747WA0071600740005010027246216
B2118432022883S07008751WA0071600741005010032242220
B2118442022885S07008756WA0071600742005010031244220
B2118452022887S07008760WA0071600742005010029243214
B2118462022889S07008764WA0071500743005010025244220
B2118472022891S07008767WA0071400744005010024246223
B2118482022892S07008771WA0071400744005010026243216
B2118492022894S07008774WA0071400745005010029240215
B2118502022896S07008779WA0071300745005010030240212
B2118512022898S07008783WA0071300745005010029234209
B2118522022901S07008786WA0071200746005010026234207
B2118542022903S07008789WA0071200747005010023235207
B2118552022907S07008795WA0071200748005010026224204
B2118572022909S07008798WA0071200748005010026220200
B2118582022913S07008801WA0071200749005010027216200
B2119002022917S07008804WA0071200750005010014210188
B2119012022919S07008805WA0071300750005010012202179
B2119022022921S07008806WA0071300751005010014190181
B2119032022923S07008806WA0071400751005010020188177
B2119042022927S07008806WA0071400752005010023190182
B2119052022930S07008807WA0071400752005010021195184
B2119062022933S07008808WA0071400752005010015200188
B2119072022935S07008808WA0071400753005010012202183
B2119082022936S07008809WA0071400753005010012201178
B2119092022938S07008810WA0071500753005010015196182
B2119102022940S07008810WA0071500754005010017194176
B2119112022943S07008811WA0071500754005010016195176
B2119122022945S07008812WA0071500755005010012200182
B2119132022946S07008813WA0071500755010019011209187
B2119142022948S07008814WA0071500755005010013213190
B2119152022950S07008815WA0071500756005010017214189
B2119162022952S07008817WA0071400756005010019216188
B2119172022954S07008819WA0071400756005010019216189
B2119182022956S07008820WA0071400756005010016220200
B2119192022958S07008822WA0071400756005010015219190
B2119202022959S07008824WA0071400757005010014227200
B2119212022961S07008826WA0071400757005010019228196
B2119222022963S07008828WA0071400757005010021233204
B2119232022965S07008831WA0071400757005010021235204
B2119242022966S07008834WA0071400757005010020235201
B2119252022968S07008836WA0071300757005010019234202
B2119262022969S07008839WA0071300758005010019231207
B2119272022971S07008841WA0071200758005010019228205
B2119282022973S07008843WA0071100758005010020225202
B2119292022975S07008846WA0071100758005010021222200
B2119302022978S07008848WA0071100758005010020219195
B2119312022980S07008850WA0071100758005010019216193
B2119322022982S07008851WA0071100758005010018212187
B2119332022985S07008853WA0071100759005010017206177
B2119342022987S07008854WA0071200759005010016198172
B2119352022989S07008855WA0071200759005010016195171
B2119362022992S07008855WA0071300759005010016196179
B2119372022994S07008856WA0071400759005010017200179
B2119382022997S07008857WA0071400759005010018200185
B2119392022999S07008858WA0071400759005010019201192
B2119402023002S07008860WA0071500760005010019211188
B2119412023004S07008861WA0071500760005010019216196
B2119422023006S07008863WA0071600760005010019219204
B2119432023009S07008865WA0071600760005010021220202
B2119442023011S07008868WA0071700760005010024218203
B2119452023014S07008870WA0071700760005010025219200
B2119462023017S07008874WA0071800760005010024225199
B2119472023019S07008876WA0071800761005010021229212
B2119482023023S07008882WA0071900761005010020242228
B2119492023024S07008885WA0072000762005010021248254
B2119502023025S07008889WA0072100762005010024255260
B2119512023025S07008894WA0072200763005010026272254
B2119522023024S07008899WA0072200764005010029271253
B2119532023023S07008904WA0072200765005010026268220
B2119542023023S07008908WA0072200765005010024254207
B2119552023024S07008912WA0072000765005010025244209
B2119562023026S07008915WA0071900766005010025243215
B2119572023028S07008919WA0071900767005010026246248
B2119582023029S07008923WA0071900767005010027248252
B2119592023030S07008927WA0071800768010019028253251
B2120002023029S07008932WA0071700769010019039287249
B2120012023027S07008938WA0071600769010019040287247
B2120022023025S07008944WA0071600769010019039281236
B2120032023024S07008950WA0071500769010019040274231
B2120042023023S07008957WA0071200769010019042269234
B2120052023023S07008963WA0071100769050095038271237
B2120062023023S07008969WA0071000769010019039267246
B2120072023024S07008974WA0070900767010019040263245
B2120082023024S07008979WA0070900767010019040269240
B2120092023025S07008983WA0070900765010019029247237
B2120102023028S07008985WA0071000764010019017190195
B2120112023030S07008985WA0071000763010019016179161
B2120122023033S07008983WA0070900763010019017172166
B2120132023036S07008982WA0070900763005010017178179
B2120142023038S07008982WA0070800763010019018180213
B2120152023041S07008982WA0070800763005010018179220
B2120162023043S07008981WA0070700762010019018188215
B2120172023045S07008981WA0070700762010019017210213
B2120182023045S07008983WA0070600762005010015225195
B2120192023046S07008986WA0070500761010019018206189
B2120202023048S07008987WA0070400761005010019188182
B2120212023051S07008987WA0070200761005010021185181
B2120222023054S07008988WA0070000761005010021186207
B2120232023057S07008988WA0070000761010019024193219
B2120242023061S07008988WA0069800760010019023191229
B2120252023063S07008989WA0069600760010019022197220
B2120262023064S07008991WA0069500760010019023211217
B2120272023066S07008994WA0069400760030057026206200
B2120282023067S07008998WA0069300759010019021215185
B2120292023069S07009002WA0069000760010019015203184
B2120302023070S07009003WA0068800761005010014211171
B2120312023069S07009006WA0068600761010019013225168
B2120432023015S07009065WA0067000708004008025239201
B2120442023018S07009069WA0066900705004008019229201
B2120452023019S07009071WA0066700697004004018197186
B2120462023023S07009071WA0066600697004004018177176
B2120472023024S07009069WA0066500698004003018153160
B2120482023026S07009068WA0066300698004003016136150
B2120492023027S07009067WA0066200697004003013147139
B2120502023025S07009072WA0066000706010019012145140
B2120512023027S07009070WA0066000705010019012147155
B2120522023029S07009069WA0065900705010019012155165
B2120532023030S07009068WA0065800705010019012156186
B2120542023032S07009068WA0065700705010019012157215
B2120552023034S07009067WA0065700704005010014181219
B2120562023036S07009069WA0065600704005010012197224
B2120572023038S07009071WA0065400706005010010250217
B2120582023038S07009074WA0065100705005010014266204
B2120592023038S07009078WA0065000704005010017254205
B2121002023039S07009081WA0064700703005010017228209
B2121012023041S07009084WA0064500702005010022220203
B2121022023044S07009087WA0064300702005010024221230
B2121032023047S07009091WA0064100703005010027223237
B2121042023050S07009096WA0063900704005010026227239
B2121052023053S07009102WA0063600706005010028239232
B2121062023053S07009108WA0063400706010019027255224
B2121072023053S07009112WA0063200706005010028257216
B2121082023053S07009117WA0063000706010019029250215
B2121092023055S07009121WA0062700706010019025247217
B2121102023056S07009125WA0062500706010019025242220
B2121112023058S07009128WA0062300706010019025242235
B2121122023060S07009132WA0062100706005010025248238
B2121132023059S07009139WA0062100706010019026256239
B2121142023060S07009143WA0061800706010019030262238
B2121152023058S07009150WA0061600705010019034272229
B2121162023057S07009156WA0061500705005010033271230
B2121172023056S07009161WA0061200705005010031267233
B2121182023057S07009166WA0060900704005010028269234
B2121192023057S07009170WA0060700703010019029269243
B2121202023056S07009176WA0060500703010019040280254
B2121212023055S07009183WA0060300703010019039281269
B2121222023053S07009189WA0059900703010019039283268
B2121232023050S07009194WA0059700703010019037280263
B2121242023047S07009199WA0059600703030057033280246
B2121252023046S07009204WA0059400702005010029276236
B2121262023046S07009208WA0059000702005010026268231
B2121272023046S07009212WA0058800702005010021258223
B2121282023048S07009214WA0058700703010019020236214
B2121292023050S07009216WA0058500703010019013223203
B2121302023052S07009216WA0058400702010019008209197
B2121312023053S07009217WA0058400701010019009202189
B2121322023055S07009218WA0058400701010019014186187
B2121332023058S07009216WA0058400701010019018155182
B2121342023061S07009213WA0058200701010019021132167
B2121352023063S07009209WA0058000701010019017115153
B2121362023064S07009206WA0057800700010019019084146
B2121372023064S07009202WA0057700700010019024077127
B2121382023064S07009198WA0057600699005010027075110
B2121392023063S07009193WA0057500699005010028071102
B2121402023062S07009188WA0057500699005010030069092
B2121412023061S07009184WA0057400699005010031068090
B2121422023059S07009179WA0057300699005010032067086
B2121432023057S07009174WA0057200699005010033066082
B2121442023055S07009169WA0057200699005010034063076
B2121452023053S07009164WA0057100699005010034059071
B2121462023050S07009159WA0057100699005010034055065
B2121472023047S07009155WA0057100699005010035051071
B2121482023044S07009150WA0057100699005010036050060
B2121492023040S07009146WA0057100699005010039052065
B2121502023037S07009140WA0057000699005010040054066
B2121512023033S07009135WA0057000699005010040054061
B2121522023030S07009130WA0057000699005010038052053
B2121532023026S07009125WA0057000699005010037046049
B2121542023022S07009121WA0057100699005010037037048
B2121552023017S07009118WA0057100699005010040036045
B2121562023012S07009114WA0057200699005010041038045
B2121572023008S07009110WA0057200699010019038041051
B2121582023003S07009105WA0057200699010019037042057
B2121592022999S07009101WA0057300699010019036040047
B2122002022995S07009098WA0057400699005010035038050
B2122012022991S07009095WA0057400699010019034036064
B2122022022987S07009091WA0057500699010019035035066
B2122032022982S07009088WA0057500699010019034036058
B2122042022978S07009085WA0057400699010019034037057
B2122052022972S07009074WA0057300692010019036041054
B2122062022968S07009070WA0057300692010019034044064
B2122072022964S07009067WA0057100692010019034045068
B2122082022961S07009063WA0057000692010019033049071
B2122092022958S07009059WA0056900692010019033052074
B2122102022955S07009054WA0056800692010019035053079
B2122112022952S07009049WA0056700691010019040057070
B2122122022949S07009044WA0056600690010019038059078
B2122132022947S07009038WA0056500690010019037060082
B2122142022945S07009033WA0056500690010019036061080
B2122152022942S07009028WA0056500689010019036058079
B2122162022940S07009024WA0056500689010019037057070
B2122172022937S07009018WA0056500688010019039060078
B2122182022934S07009013WA0056400688010019040065081
B2122192022932S07009007WA0056400688010019038067087
B2122202022930S07009002WA0056400687010019037065081
B2122212022928S07008996WA0056300687010019037062073
B2122222022925S07008990WA0056300685010019037058068
B2122232022921S07008983WA0056300682010019037054066
B2122242022917S07008976WA0056300681010019038053067
B2122252022914S07008969WA0056300678010019037052065
B2122262022911S07008960WA0056300674010019036051063
B2122272022908S07008954WA0056300672010019035051069
B2122282022905S07008948WA0056300670010019035054072
B2122292022902S07008942WA0056300669010019037055075
B2122302022899S07008937WA0056200668010019038055074
B2122312022896S07008932WA0056200666010019036056072
B2122322022894S07008927WA0056100665010019033061080
B2122332022892S07008922WA0056000664010019034064095
B2122342022889S07008916WA0056000664010019036063087
B2122352022887S07008911WA0055900663010019035064086
B2122362022885S07008906WA0055900662010019034065092
B2122372022883S07008901WA0056000661010019029068101
B2122382022882S07008897WA0056000660010019029074102
B2122392022881S07008892WA0056100659010019031076099
B2122402022880S07008888WA0056100658010019031076101
B2122412022879S07008883WA0056200657010019030077106
B2122422022878S07008879WA0056200655010019028080113
B2122432022877S07008875WA0056200654010019028082113
B2122442022877S07008871WA0056200652010019027080114
B2122452022876S07008867WA0056100650010019026080118
B2122462022875S07008864WA0056100649010019026083121
B2122472022875S07008860WA0056100647010019025089128
B2122482022875S07008856WA0056100646010019025092128
B2122492022876S07008853WA0056100644010019025094128
B2122502022876S07008849WA0056100642010019024097130
B2122512022877S07008846WA0056100641010019022099130
B2122522022877S07008842WA0056100639010019022093122
B2122532022877S07008839WA0056200638010019024082103
B2122542022876S07008835WA0056200637010019027073094
B2122552022875S07008831WA0056300635010019031068095
B2122562022873S07008827WA0056300634010019031067092
B2122572022871S07008822WA0056300634010019031065092
B2122582022869S07008818WA0056300633010019031065092
B2122592022867S07008814WA0056400633010019031066098
B2123002022865S07008809WA0056400632010019032068104
B2123012022863S07008805WA0056400631010019032070106
B2123022022862S07008800WA0056400631010019031073110
B2123032022861S07008795WA0056500631010019029080118
B2123042022860S07008791WA0056500630010019026086125
B2123052022860S07008787WA0056600630010019026089125
B2123062022860S07008783WA0056600629010019026093127
B2123072022861S07008779WA0056700629010019026095126
B2123082022861S07008775WA0056700628010019026095130
B2123092022862S07008771WA0056800628010019028095119
B2123102022862S07008767WA0056800627010019030097125
B2123112022863S07008762WA0056900626010019030097120
B2123122022863S07008757WA0057000626010019029095126
B2123132022863S07008753WA0057200626010019027092125
B2123142022864S07008749WA0057400626010019024094133
B2123152022864S07008746WA0057500625010019024096136
B2123162022865S07008742WA0057700625010019024102135
B2123172022866S07008738WA0057700625010019025107140
B2123182022867S07008735WA0057800625010019024105136
B2123192022868S07008731WA0058000625010019022099139
B2123202022868S07008728WA0058100625010019020094137
B2123212022868S07008725WA0058200624010019020098135
B2123222022869S07008722WA0058300624010019021108144
B2123232022870S07008719WA0058500624010019022116141
B2123242022872S07008717WA0058600624010019022116141
B2123252022873S07008714WA0058600624010019021110133
B2123262022874S07008711WA0058700624010019021102127
B2123272022875S07008708WA0058800624010019022097124
B2123282022875S07008705WA0058900624010019023095122
B2123292022876S07008701WA0059000624010019024093120
B2123302022876S07008697WA0059100624010019026089113
B2123312022875S07008693WA0059100624010019028083102
B2123322022875S07008689WA0059200624010019029078102
B2123332022874S07008685WA0059300624010019030074100
B2123342022873S07008681WA0059400625010019028077108
B2123352022872S07008677WA0059400625010019026083122
B2123362022872S07008673WA0059500626010019026087148
B2123372022872S07008669WA0059700626010019023092159
B2123382022872S07008666WA0059800626005010020095169
B2123392022873S07008662WA0059900627005010019099177
B2123402022873S07008660WA0060100627010019018097183
B2123412022874S07008657WA0060200627010019013110178
B2123422022875S07008656WA0060300628010019008105184
B2123432022877S07008656WA0060300628010019004105186
B2123442022878S07008657WA0060400628010019003225195
B2123452022878S07008657WA0060500628010019004256208
B2123462022878S07008660WA0060500627010019009278205
B2123472022878S07008663WA0060600627010019014285223
B2123482022877S07008667WA0060700626010019018286233
B2123492022876S07008672WA0060800625010019020288240
B2123502022874S07008677WA0060900624010019024293244
B2123512022872S07008683WA0061000623010019026298256
B2123522022869S07008688WA0061100622010019028300262
B2123532022866S07008694WA0061100621005010034304265
B2123542022861S07008702WA0061100620005010035307276
B2123552022857S07008709WA0061200619005010036310285
B2123562022852S07008715WA0061200618005010036312287
B2123572022848S07008721WA0061300618005010036312283
B2123582022842S07008731WA0061400619005010036312288
B2123592022837S07008740WA0061500620005010036310284
B2124002022832S07008748WA0061700621005010036307277
B2124012022828S07008754WA0061800623005010036306279
B2124022022824S07008761WA0062000623005010035306280
B2124032022820S07008767WA0062300624005010034306284
B2124042022816S07008773WA0062400625005010033306278
B2124052022813S07008778WA0062600626005010032305262
B2124062022810S07008783WA0062800627005010032301250
B2124072022807S07008788WA0062900628005010032295238
B2124082022805S07008792WA0063000628010019028284220
B2124092022804S07008797WA0063100628005010023275202
B2124102022805S07008799WA0063100629005010014231194
B2124112022806S07008799WA0063200630010019012191181
B2124122022808S07008799WA0063200630010019013155173
B2124132022810S07008798WA0063300631005010014130161
B2124142022811S07008796WA0063300631005010016110151
B2124152022811S07008794WA0063400632005010018102148
B2124162022811S07008791WA0063500633005010020095142
B2124172022811S07008788WA0063600634005010022087134
B2124182022811S07008784WA0063700635005010023081124
B2124192022810S07008781WA0063900636005010023081125
B2124202022809S07008777WA0064000636005010021086129
B2124212022809S07008774WA0064100637005010021089129
B2124222022809S07008771WA0064200637005010021088125
B2124232022809S07008768WA0064300638010019021086126
B2124242022808S07008764WA0064400639010019022085123
B2124252022808S07008761WA0064500640010019021086129
B2124262022808S07008758WA0064500640010019021089129
B2124272022808S07008755WA0064600641010019020089134
B2124282022808S07008752WA0064700642010019020090128
B2124302022808S07008749WA0064800642010019020095140
B2124312022808S07008746WA0064800643010019020098150
B2124322022809S07008743WA0064800643010019018114173
B2124332022810S07008740WA0064800643010019018122193
B2124342022812S07008738WA0064800643010019016127199
B2124352022814S07008736WA0064800644010019012131205
B2124362022816S07008735WA0064700644010019010161210
B2124372022818S07008735WA0064700644010019008178209
B2124382022819S07008736WA0064600644010019007194213
B2124392022820S07008738WA0064600643010019008224209
B2124402022820S07008741WA0064600643010019012250208
B2124412022821S07008745WA0064600643010019018256216
B2124422022821S07008750WA0064700642010019020258223
B2124432022821S07008755WA0064700642010019021260227
B2124442022822S07008760WA0064900642010019021259224
B2124452022822S07008765WA0065000642010019021259220
B2124462022822S07008769WA0065100642010019020253211
B2124472022822S07008773WA0065200642010019021243197
B2124482022821S07008777WA0065300642010019017207185
B2124492022820S07008780WA0065400641010019017168172
B2124502022821S07008779WA0065500640010019020140154
B2124512022820S07008780WA0065500641010019020103142
B2124522022819S07008779WA0065600642010019021088130
B2124532022818S07008776WA0065700642010019022087125
B2124542022817S07008773WA0065800642010019024089125
B2124552022817S07008770WA0066000643010019025089118
B2124562022816S07008767WA0066200643010019025086119
B2124572022816S07008763WA0066300643010019024085118
B2124582022815S07008760WA0066400643010019022087126
B2124592022815S07008756WA0066500643010019022095132
B2125002022815S07008753WA0066600644010019022099129
B2125012022815S07008750WA0066600644010019020099132
B2125022022815S07008747WA0066700644010019017099139
B2125032022815S07008745WA0066700644010019016101127
B2125042022816S07008742WA0066700644010019018106125
B2125052022816S07008740WA0066700645010019021109133
B2125062022817S07008736WA0066800645010019023103126
B2125072022818S07008733WA0066800645010019022100124
B2125082022818S07008730WA0066800645010019019095133
B2125092022818S07008727WA0066800645010019017092145
B2125102022818S07008725WA0066900645010019015098143
B2125112022818S07008722WA0067000645010019016112134
B2125122022819S07008720WA0067000645010019018118130
B2125132022820S07008718WA0067100646010019018113128
B2125142022821S07008715WA0067100646010019016100121
B2125152022821S07008713WA0067200646010019016090127
B2125162022821S07008711WA0067200646010019015092152
B2125172022821S07008708WA0067200646010019014097178
B2125182022822S07008706WA0067200646010019014110193
B2125192022823S07008704WA0067100646010019014115201
B2125202022824S07008703WA0067100646010019012120205
B2125212022826S07008702WA0067000646010019010126209
B2125222022827S07008702WA0067000647010019005128207
B2125232022829S07008703WA0066900648010019002186206
B2125242022829S07008703WA0066900648010019004216207
B2125252022829S07008707WA0066900648010019007259202
B2125262022830S07008711WA0066900649010019011270213
B2125272022830S07008717WA0066900649010019016275221
B2125282022829S07008722WA0066900649005010020279230
B2125292022827S07008729WA0066900649005010025290238
B2125302022824S07008736WA0066900650005010027295249
B2125312022822S07008742WA0066900650005010028297255
B2125322022819S07008748WA0066900651005010029294258
B2125332022817S07008755WA0067000651005010030284249
B2125342022816S07008762WA0067100652005010029271234
B2125352022814S07008768WA0067200652005010023260218
B2125362022814S07008773WA0067300652005010025244206
B2125372022814S07008778WA0067400652005010020221200
B2125382022814S07008782WA0067500653005010016200186
B2125392022815S07008784WA0067600653005010016201175
B2125402022816S07008785WA0067700653005010014205175
B2125412022817S07008787WA0067900654005010012207177
B2125422022818S07008788WA0068000654005010009210178
B2125432022818S07008790WA0068100654005010006214178
B2125442022817S07008792WA0068300656005010003151176
B2125452022816S07008795WA0068400658005010005119164
B2125462022814S07008793WA0068400660005010018090157
B2125472022813S07008789WA0068500662005010021094128
B2125482022813S07008785WA0068600663005010022097126
B2125492022813S07008781WA0068700664005010021101130
B2125502022813S07008777WA0068900665005010020104134
B2125512022813S07008773WA0069000666005010019107139
B2125522022814S07008771WA0069200667005010018111140
B2125532022814S07008768WA0069400668005010018114134
B2125542022815S07008766WA0069500669005010019118140
B2125552022816S07008763WA0069600670005010019122136
B2125562022818S07008760WA0069800671005010018126153
B2125572022819S07008757WA0070000672005010018126145
B2125582022820S07008755WA0070200673005010020120127
B2125592022822S07008752WA0070400674005010021116131
B2126002022823S07008749WA0070500675005010020117132
B2126012022824S07008746WA0070600675005010019117146
B2126022022825S07008744WA0070600676005010016120135
B2126032022826S07008742WA0070700677005010016123137
B2126042022828S07008740WA0070700678005010018129143
B2126052022829S07008737WA0070700678010019020135140
B2126062022832S07008734WA0070600680010019024127141
B2126072022834S07008731WA0070600680010019025121128
B2126082022836S07008727WA0070600681010019023118144
B2126092022837S07008724WA0070600682010019019118165
B2126102022839S07008721WA0070700682010019019126177
B2126112022841S07008719WA0070800683010019019137167
B2126122022844S07008718WA0070800683010019016166174
B2126132022846S07008717WA0070800684010019016182186
B2126142022849S07008717WA0070800685005010015195199
B2126152022852S07008718WA0070700686005010016207198
B2126162022855S07008720WA0070700687005010021219213
B2126172022858S07008723WA0070700687005010024226207
B2126182022861S07008726WA0070600688005010026230216
B2126192022864S07008730WA0070600689005010026234216
B2126202022867S07008733WA0070500689005010026238219
B2126212022869S07008737WA0070500690005010025238216
B2126222022871S07008741WA0070500690005010024237215
B2126232022873S07008745WA0070500691005010025236216
B2126242022875S07008748WA0070500691005010026239226
B2126252022877S07008752WA0070400692005010027244230
B2126262022879S07008756WA0070400692005010028245221
B2126272022881S07008761WA0070300692005010029242218
B2126282022883S07008765WA0070300692005010029239218
B2126292022885S07008769WA0070300692005010026241222
B2126302022887S07008773WA0070300693005010022243222
B2126312022888S07008776WA0070400693005010020245206
B2126322022889S07008779WA0070500694005010021241197
B2126332022891S07008782WA0070500694005010023233204
B2126342022893S07008785WA0070500695005010025229191
B2126352022896S07008788WA0070500695005010024225192
B2126362022898S07008790WA0070500696005010021222194
B2126372022900S07008793WA0070500697005010019222198
B2126382022902S07008795WA0070500698005010019222197
B2126392022904S07008797WA0070500698005010020220195
B2126402022907S07008799WA0070600699005010022218198
B2126412022909S07008801WA0070600699005010022217195
B2126422022912S07008803WA0070600700005010018220197
B2126432022914S07008805WA0070700700005010015221199
B2126442022915S07008807WA0070700701005010015223201
B2126452022917S07008808WA0070800701005010018217200
B2126462022919S07008810WA0070900702005010021211201
B2126472022922S07008812WA0070900702005010021207189
B2126482022927S07008814WA0071000703005010017210184
B2126502022929S07008816WA0071300704005010016214200
B2126512022931S07008817WA0071500704005010016210191
B2126522022933S07008819WA0071700705005010015204190
B2126532022937S07008820WA0071900706005010013196185
B2126542022939S07008821WA0072100708010019011193178
B2126552022940S07008821WA0072300709010019011193185
B2126562022942S07008821WA0072300711010019013195187
B2126572022944S07008822WA0072400712010019015199189
B2126582022945S07008823WA0072600714010019014201194
B2126592022947S07008823WA0072800716010019012203183
B2127002022948S07008824WA0072900717010019011208186
B2127012022950S07008825WA0073100718010019011216195
B2127022022951S07008826WA0073300718010019012218189
B2127032022953S07008827WA0073400720005010017220195
B2127042022955S07008829WA0073500721005010018225196
B2127052022957S07008831WA0073600722005010017230196
B2127062022958S07008834WA0073700723005010016232200
B2127072022960S07008836WA0073700724005010017234195
B2127082022961S07008838WA0073800725005010019234196
B2127092022963S07008841WA0073800726005010021231198
B2127102022965S07008844WA0073900727005010022229194
B2127112022967S07008847WA0073900729005010021225188
B2127122022970S07008849WA0073900730005010021220191
B2127132022972S07008851WA0073900731005010021217187
B2127142022975S07008853WA0073900732005010022216183
B2127152022978S07008856WA0074000732005010023217194
B2127162022980S07008858WA0074000733005010024219211
B2127172022983S07008861WA0074100734005010024223231
B2127182022985S07008864WA0074200735005010023229256
B2127192022987S07008867WA0074300736005010021244275
B2127202022988S07008871WA0074400738010019021255292
B2127212022989S07008875WA0074400739010019021256143
B2127222022990S07008878WA0074400739010019022258182
B2127232022990S07008882WA0074300739050095021258217
B2127292022950S07008862WA0071300822031064067005258
B2127302022945S07008862WA0071300818033064067005258
B2127312022936S07008876WA0070600750010016067062022
B2127322022942S07008874WA0070000739006012046163112
B2127332022945S07008882WA0069400721004006046260192
B2127342022930S07008890WA0068400699004006065332312
B2127352022922S07008887WA0067900688004004061353323
B2127362022920S07008883WA0067400677004006050010310
B2127372022925S07008878WA0067100669004006019027352
B2127382022933S07008880WA0066700676004006031204180
B2127392022932S07008889WA0066400699004003031294203
B2127402022932S07008893WA0066400703004003031288245
B2127412022933S07008895WA0066500702004003011265242
B2127422022934S07008899WA0066500702004003025234213
B2127432022937S07008903WA0066700704004003025236216
B2127452022939S07008907WA0067000705004003031246220
B2127472022942S07008914WA0067300710004003023235208
B2127482022944S07008916WA0067300711004003020232209
B2127492022949S07008921WA0067500714004003020219194
B2127502022951S07008922WA0067600715004003021208189
B2127512022952S07008924WA0067600722005010021215184
B2127522022954S07008926WA0067700724005010019212185
B2127532022957S07008928WA0067800726005010018212186
B2127542022959S07008929WA0067900727005010017212179
B2127552022961S07008930WA0068000729005010017210188
B2127562022963S07008932WA0068200731005010018213205
B2127572022966S07008934WA0068300733005010019218218
B2127582022968S07008936WA0068400734005010019225245
B2127592022969S07008938WA0068500737005010020242242
B2128002022968S07008943WA0068500738005010027272242
B2128012022968S07008948WA0068600740005010024270221
B2128022022967S07008952WA0068700742005010022264205
B2128032022968S07008955WA0068700742005010021250210
B2128042022970S07008958WA0068700743005010020249215
B2128052022971S07008961WA0068700745005010021248230
B2128062022972S07008964WA0068700747010019023247248
B2128072022973S07008968WA0068700749005010023251250
B2128082022974S07008971WA0068600751010019024258246
B2128092022973S07008975WA0068600751030057026269245
B2128102022972S07008980WA0068600751010019029276230
B2128112022972S07008984WA0068600751010019026263228
B2128122022972S07008987WA0068500751010019022260227
B2128132022973S07008990WA0068400751010019023256228
B2128142022974S07008994WA0068400751010019023253236
B2128152022975S07008997WA0068400750010019024253243
B2128162022975S07009000WA0068300750050095022248243
B2128172022975S07009002WA0068300749010019023253237
B2128182022971S07009008WA0068300747010019029271234
B2128192022969S07009013WA0068300746005010030278235
B2128202022967S07009018WA0068200746010019027276239
B2128272022940S07009054WA0067700702004006023293241
B2128282022943S07009054WA0067500698004006022222244
B2128292022949S07009051WA0067100701004003022161213
B2128302022949S07009054WA0066800699004003025267185
B2128322022950S07009057WA0066500698004003030274234
B2128332022950S07009061WA0066300697004003027264237
B2128342022952S07009065WA0066100695004003029244227
B2128352022954S07009068WA0066100699004003022238214
B2128362022954S07009072WA0066100699004003023268208
B2128372022954S07009076WA0066100699004003023275228
B2128382022954S07009080WA0066100696004003027270237
B2128392022955S07009085WA0066100696004003031261228
B2128402022956S07009089WA0066100694004003031253234
B2128412022957S07009088WA0066100685005010026252218
B2128422022959S07009096WA0066100681005010021248207
B2128432022961S07009099WA0066000679005010019244208
B2128442022962S07009101WA0065900676005010015217203
B2128452022964S07009101WA0065800674005010016202200
B2128462022966S07009102WA0065700672005010013184196
B2128472022968S07009101WA0065700670005010009163185
B2128482022969S07009101WA0065600668005010008132186
B2128492022969S07009099WA0065400666005010011122183
B2128502022970S07009097WA0065300664005010013130180
B2128512022972S07009095WA0065200662005010014137178
B2128522022974S07009094WA0065100659005010014139178
B2128532022975S07009092WA0065000657005010012134179
B2128542022976S07009091WA0064900655005010009138183
B2128552022977S07009090WA0064800653005010008140189
B2128562022978S07009089WA0064800651005010009149195
B2128572022980S07009088WA0064700649005010011163196
B2128582022982S07009089WA0064600647005010013202201
B2128592022985S07009090WA0064500645005010014203199
B2129002022986S07009092WA0064400645005010011192167
B2129012022988S07009092WA0064200643005010007131172
B2129022022988S07009091WA0064100641005010012127176
B2129032022990S07009090WA0064000639005010012140183
B2129042022991S07009088WA0063900638005010012143202
B2129052022993S07009088WA0063700636005010014176201
B2129062022996S07009089WA0063500635005010016184205
B2129072022998S07009093WA0063500637005010015184182
B2129082022999S07009095WA0063400637010019013172169
B2129092023001S07009095WA0063200635005010008173173
B2129102023003S07009094WA0063000633005010018175184
B2129112023006S07009094WA0062700631005010022163192
B2129122023009S07009094WA0062500628005010018181197
B2129132023011S07009094WA0062300626005010021206205
B2129142023013S07009096WA0062000624010019022228216
B2129152023015S07009099WA0061800623010019019208194
B2129162023016S07009102WA0061700621005010021171169
B2129172023019S07009102WA0061500620010019025162160
B2129182023023S07009101WA0061200618010019029152165
B2129192023026S07009098WA0061000618010019025147170
B2129202023029S07009096WA0060800618010019024148187
B2129212023031S07009093WA0060600619010019030157194
B2129222023034S07009091WA0060400619010019027156191
B2129232023033S07009095WA0060200619010019026236186
B2129242023032S07009097WA0060100619010019026233210
B2129252023033S07009101WA0059900618005010024230206
B2129262023034S07009103WA0059600617005010021224205
B2129272023035S07009103WA0059600616005010019215204
B2129282023036S07009101WA0059400616005010013119204
B2129292023036S07009096WA0059300617005010011108175
B2129302023036S07009092WA0059100618005010010088178
B2129312023036S07009090WA0059000618005010013075177
B2129332023035S07009087WA0059000618005010014086172
B2129342023035S07009082WA0059000619005010022099170
B2129352023035S07009077WA0058900620005010023103155
B2129362023036S07009073WA0058700620005010023104154
B2129372023037S07009070WA0058600620005010023106152
B2129382023038S07009066WA0058500620005010022107153
B2129392023039S07009063WA0058500620005010017112159
B2129402023040S07009060WA0058500621010019017126170
B2129412023041S07009058WA0058500621010019017130188
B2129422023043S07009055WA0058500621010019016133210
B2129432023042S07009053WA0058500622010019014162204
B2129442023043S07009053WA0058400623005010014199211
B2129452023043S07009057WA0058400621005010021239209
B2129462023043S07009060WA0058300620005010017237198
B2129472023044S07009062WA0058200620005010014231201
B2129482023046S07009064WA0058000620005010019211205
B2129492023048S07009065WA0057900620005010019201216
B2129502023051S07009066WA0057900620005010019200223
B2129512023054S07009067WA0057800620005010016207223
B2129522023056S07009069WA0057600621010019017222221
B2129532023055S07009073WA0057400621010019017246216
B2129542023054S07009076WA0057300621010019017252212
B2129552023054S07009079WA0057100620010019019243214
B2129562023056S07009081WA0056900620010019017222217
B2129572023060S07009086WA0056700620010019019231214
B2129592023063S07009090WA0056400620010019019233236
B2130002023064S07009092WA0056200620030057019239233
B2130012023064S07009096WA0056100619010019024256231
B2130022023064S07009100WA0056100619010019025249226
B2130032023065S07009104WA0056000619010019026243213
B2130042023067S07009108WA0055700619005010026238216
B2130052023069S07009112WA0055500619010019026243218
B2130062023070S07009116WA0055400619010019026243228
B2130072023071S07009118WA0055300619010019028250242
B2130082023068S07009122WA0055100618010019053310245
B2130092023061S07009128WA0055000619010019053309288
B2130102023055S07009134WA0055000617010019047304275
B2130112023051S07009140WA0055000617005010044295244
B2130122023048S07009146WA0054900617010019038289238
B2130132023050S07009149WA0054700617010019038201239
B2130142023055S07009152WA0054500617005010038204208
B2130152023060S07009154WA0054400617010019038206224
B2130162023065S07009157WA0054200617010019034210225
B2130172023068S07009160WA0054100617010019032217219
B2130182023072S07009162WA0053900617010019030219212
B2130192023073S07009166WA0053900616010019028232197
B2130202023074S07009170WA0053800616005010029231195
B2130212023077S07009172WA0053600615005010023229200
B2130222023080S07009174WA0053400615005010021230200
B2130232023081S07009177WA0053300615005010021234222
B2130242023083S07009179WA0053100614005010023242229
B2130252023084S07009182WA0052900614010019023245232
B2130262023081S07009186WA0052700613010019028264228
B2130272023080S07009190WA0052600613010019025257230
B2130282023079S07009194WA0052400612005010026255210
B2130292023077S07009198WA0052400610005010027251208
B2130302023077S07009202WA0052100610010019025243212
B2130312023079S07009205WA0051800610005010024245215
B2130322023081S07009208WA0051700609010019026243232
B2130332023082S07009211WA0051500609010019026247234
B2130342023082S07009213WA0051200609005010026251232
B2130352023080S07009218WA0051000607010019029269229
B2130362023077S07009222WA0050900606010019028273233
B2130372023075S07009227WA0050700603005010028260224
B2130382023077S07009231WA0050500602005010028239216
B2130392023079S07009235WA0050300600005010025227205
B2130402023081S07009237WA0050100599005010022212196
B2130412023083S07009239WA0050000599005010017211187
B2130422023085S07009241WA0049800598005010013202179
B2130432023087S07009241WA0049700598005010015189175
B2130442023089S07009242WA0049700597005010025192175
B2130452023093S07009243WA0049600597005010028203186
B2130462023096S07009245WA0049400597005010026216208
B2130472023099S07009248WA0049300597005010025219227
B2130482023102S07009250WA0049100597005010024223232
B2130492023104S07009252WA0049100596005010023244236
B2130502023105S07009254WA0049000595010019025268248
B2130512023103S07009258WA0048900594010019026287263
B2130522023102S07009261WA0048800594010019024295278
B2130532023100S07009264WA0048600593010019022307287
B2130542023094S07009265WA0048500593005010029338297
B2130552023085S07009262WA0048300591005010038008332
B2130562023076S07009259WA0048200590010019040014017
B2130572023067S07009255WA0048100589010019037025030
B2130582023059S07009249WA0048000586010019041028038
B2130592023052S07009244WA0047900583010019042032045
B2131002023047S07009239WA0047800582010019040031037
B2131012023041S07009235WA0047600580010019038027023
B2131022023035S07009231WA0047500578010019037023024
B2131032023030S07009229WA0047400577010019037019019
B2131042023024S07009227WA0047300577010019038023036
B2131052023019S07009224WA0047200577005010040027043
B2131062023013S07009221WA0047100576005010041033046
B2131072023008S07009217WA0047000575005010041036048
B2131082023003S07009213WA0046900574005010041037051
B2131092022998S07009209WA0046800574005010040039048
B2131102022993S07009204WA0046800571005010040040058
B2131112022988S07009200WA0046600569005010040044063
B2131122022984S07009195WA0046500568010019042051067
B2131132022981S07009189WA0046400567010019044051067
B2131142022977S07009184WA0046300566005010044052072
B2131152022973S07009178WA0046200565005010043052071
B2131162022969S07009173WA0046100564005010042053084
B2131172022966S07009167WA0046100564005010039058085
B2131182022963S07009162WA0046100562005010038059084
B2131192022960S07009157WA0046100560005010039061085
B2131202022958S07009152WA0046100558005010038065081
B2131212022955S07009147WA0046100556005010037066083
B2131222022953S07009142WA0046100554005010036066085
B2131232022951S07009137WA0046100552005010036066087
B2131242022949S07009132WA0046100550005010037067084
B2131252022947S07009127WA0046100548005010036064083
B2131262022945S07009122WA0046100547005010035061081
B2131272022943S07009118WA0046100546005010033061083
B2131282022941S07009113WA0046100545005010033063093
B2131292022939S07009109WA0046100544005010033064091
B2131302022937S07009104WA0046100543005010033065086
B2131312022935S07009100WA0046100543005010033066092
B2131322022933S07009095WA0046200542005010033065093
B2131332022931S07009090WA0046200541005010033063090
B2131352022928S07009085WA0046200541005010033063096
B2131372022925S07009076WA0046300540005010032071107
B2131392022923S07009067WA0046300538010019031079114
B2131402022922S07009062WA0046400537010019030080117
B2131412022921S07009058WA0046400536005010029080111
B2131422022921S07009054WA0046400535005010030079103
B2131432022920S07009050WA0046400534005010032077096
B2131442022918S07009045WA0046500534005010034072096
B2131452022917S07009040WA0046500533005010032066090
B2131462022914S07009036WA0046500532005010031064090
B2131472022912S07009031WA0046600532005010032065090
B2131482022910S07009027WA0046700532005010032065091
B2131492022908S07009023WA0046800532005010032063085
B2131502022906S07009018WA0046800532005010033059094
B2131512022903S07009014WA0046900532005010032060096
B2131522022901S07009009WA0047000532005010032065099
B2131532022899S07009005WA0047000532005010031072107
B2131542022898S07009000WA0047100532005010027078115
B2131552022898S07008996WA0047100531005010026078112
B2131562022897S07008992WA0047100531005010025082111
B2131572022897S07008989WA0047100531005010024089123
B2131582022897S07008985WA0047100531005010024090118
B2131592022897S07008982WA0047200531005010023086114
B2132002022897S07008978WA0047200531005010023082113
B2132012022896S07008975WA0047200531005010024080114
B2132022022895S07008971WA0047300531005010026076103
B2132032022894S07008967WA0047400531005010028071093
B2132042022893S07008963WA0047500531005010030063084
B2132052022891S07008959WA0047500531005010031058081
B2132062022888S07008955WA0047600531005010033058081
B2132072022886S07008950WA0047700531005010033058084
B2132082022883S07008946WA0047700531005010033059091
B2132092022881S07008941WA0047700531005010032061089
B2132102022879S07008936WA0047800531005010032064092
B2132112022876S07008932WA0047800531005010032065096
B2132122022875S07008927WA0047800531005010032066097
B2132132022873S07008922WA0047800531005010032068095
B2132142022871S07008918WA0047800531005010030070097
B2132152022870S07008913WA0047800531005010029072102
B2132162022869S07008909WA0047800531005010027073103
B2132172022868S07008905WA0047800531005010026074114
B2132182022867S07008901WA0047900532005010025076128
B2132192022866S07008897WA0048000532005010023084146
B2132202022866S07008894WA0048100532005010019092164
B2132212022866S07008891WA0048200533005010019098184
B2132222022867S07008888WA0048200533005010017098193
B2132232022869S07008886WA0048300533010019012112205
B2132242022871S07008885WA0048300533010019011094217
B2132252022870S07008884WA0048300533010019008081226
B2132262022871S07008883WA0048300533010019008067239
B2132272022870S07008882WA0048400533010019012045243
B2132282022867S07008881WA0048400533005010015034250
B2132292022864S07008880WA0048500533005010016015258
B2132302022860S07008882WA0048600532005010019350267
B2132312022857S07008885WA0048600532005010019331267
B2132352022835S07008946WA0048500526005010020237246
B2132362022837S07008947WA0048500526005010006198221
B2132372022838S07008946WA0048500526010019006130218
B2132382022839S07008943WA0048500527010019008135214
B2132392022840S07008941WA0048600527010019011150212
B2132402022841S07008939WA0048600528010019014151210
B2132412022843S07008937WA0048700528010019014146207
B2132422022845S07008936WA0048800528010019012144206
B2132432022846S07008934WA0048800528010019011147209
B2132442022848S07008933WA0048800529010019011150211
B2132452022849S07008932WA0048900529010019011147212
B2132462022851S07008931WA0048900528010019012148212
B2132472022853S07008929WA0048900528010019014148211
B2132482022855S07008928WA0048900528010019017143207
B2132492022857S07008926WA0048900527010019020135202
B2132502022859S07008923WA0048900527010019025126196
B2132512022861S07008919WA0048900527010019026122185
B2132522022863S07008915WA0048900527010019023113182
B2132532022864S07008912WA0049000527010019021106185
B2132542022865S07008909WA0049200528010019021107189
B2132552022866S07008906WA0049300528010019024110187
B2132562022867S07008902WA0049500529010019025109183
B2132572022868S07008898WA0049700530010019026108179
B2132582022870S07008894WA0049800531010019026106178
B2132592022871S07008890WA0050000531010019025105176
B2133002022871S07008887WA0050100532010019025102178
B2133012022872S07008883WA0050300533010019025099178
B2133022022873S07008879WA0050500534010019026099177
B2133032022874S07008875WA0050600535010019027101175
B2133042022875S07008871WA0050700536010019027105173
B2133052022876S07008867WA0050800536010019025104174
B2133062022876S07008863WA0051000537010019022101178
B2133072022877S07008860WA0051100537010019020098184
B2133082022877S07008856WA0051200538010019020100189
B2133092022878S07008853WA0051200539010019022106189
B2133102022879S07008850WA0051300540010019023108186
B2133112022880S07008846WA0051400540010019021105185
B2133122022881S07008843WA0051500541010019020102186
B2133132022882S07008840WA0051600541010019019109189
B2133142022883S07008838WA0051700542010019015115198
B2133152022884S07008836WA0051700542010019014122214
B2133162022886S07008835WA0051800543010019011131224
B2133172022887S07008834WA0051800544010019006108231
B2133182022887S07008833WA0051900544010019005082240
B2133192022887S07008832WA0051900545010019007052244
B2133202022886S07008832WA0052000545010019011044247
B2133212022885S07008830WA0052100545005010014039251
B2133222022882S07008834WA0052200549005010016024256
B2133232022877S07008838WA0052300552005010020013266
B2133242022873S07008837WA0052400552005010026011278
B2133252022859S07008846WA0052400557005010040000293
B2133262022852S07008846WA0052500557005010043356315
B2133272022845S07008847WA0052500557005010041349317
B2133282022838S07008849WA0052700557005010038341310
B2133292022830S07008852WA0052800555005010035337296
B2133302022825S07008857WA0053000554005010034308279
B2133312022821S07008863WA0053200554005010030286253
B2133322022820S07008868WA0053300554005010029274231
B2133332022819S07008873WA0053400554005010016247218
B2133342022819S07008874WA0053400555005010011171199
B2133352022820S07008874WA0053500555005010010136171
B2133362022821S07008873WA0053500555005010011123162
B2133372022822S07008872WA0053600555005010012123157
B2133382022822S07008871WA0053600555005010015125155
B2133392022824S07008869WA0053600555005010017119148
B2133402022824S07008866WA0053600555005010018109138
B2133412022825S07008864WA0053600556005010019100140
B2133422022825S07008861WA0053600556005010019100148
B2133432022826S07008858WA0053600556005010019109155
B2133442022827S07008856WA0053600557005010018120158
B2133452022828S07008853WA0053600557005010017125161
B2133462022829S07008851WA0053600557005010016121154
B2133472022830S07008849WA0053700558005010015118158
B2133482022831S07008847WA0053700558005010014111150
B2133492022832S07008845WA0053800559005010015109150
B2133502022832S07008843WA0053900559005010016107148
B2133512022833S07008841WA0054100560005010018104135
B2133522022833S07008838WA0054200560005010019103144
B2133532022834S07008835WA0054300561010019019096139
B2133542022834S07008832WA0054400561010019019090133
B2133552022834S07008829WA0054600561010019018090140
B2133562022834S07008827WA0054700562010019017097144
B2133572022834S07008824WA0054800562010019018105147
B2133582022835S07008821WA0054900563010019019106145
B2133592022836S07008818WA0055000563010019019104145
B2134002022836S07008816WA0055100564010019017105151
B2134012022837S07008813WA0055200564010019016110149
B2134022022838S07008811WA0055200565010019016113147
B2134032022839S07008809WA0055300565010019018110144
B2134042022840S07008806WA0055400566010019019107142
B2134052022840S07008803WA0055500567010019019106142
B2134062022841S07008801WA0055600567010019019104142
B2134072022842S07008798WA0055700568010019019100133
B2134082022842S07008795WA0055800569010019021097122
B2134092022842S07008792WA0055900570010019023095119
B2134102022842S07008788WA0056000571010019024093121
B2134112022843S07008784WA0056100572010019026092124
B2134122022843S07008780WA0056200572010019026083109
B2134132022842S07008776WA0056400573010019023081124
B2134142022842S07008773WA0056500573010019021082129
B2134152022842S07008770WA0056700575010019021092136
B2134162022842S07008767WA0056900577010019024099127
B2134172022843S07008763WA0057100578010019025101130
B2134182022843S07008759WA0057200578010019024100133
B2134192022844S07008755WA0057400579010019023091138
B2134202022844S07008752WA0057400579010019022092128
B2134212022844S07008749WA0057600580010019023099136
B2134222022845S07008745WA0057800581010019025099121
B2134232022845S07008741WA0058000581010019024091117
B2134242022845S07008737WA0058200581010019023082110
B2134252022845S07008734WA0058400582010019022083123
B2134262022845S07008730WA0058600582010019022096135
B2134272022845S07008727WA0058700582010019024105142
B2134282022846S07008723WA0058700583010019024102140
B2134292022847S07008719WA0058800583010019023095133
B2134302022847S07008716WA0058900583010019020097138
B2134312022848S07008714WA0058900584010019018107137
B2134322022849S07008711WA0058900585010019020110132
B2134332022850S07008708WA0059000585010019022104126
B2134342022851S07008705WA0059000586010019023103123
B2134352022851S07008702WA0059000587010019022095116
B2134362022852S07008699WA0059000588010019021097125
B2134372022852S07008696WA0059000589010019021102136
B2134382022853S07008693WA0059000589010019022109138
B2134392022855S07008689WA0059000589010019022118151
B2134402022857S07008687WA0059000590010019023130164
B2134412022859S07008684WA0059100590010019020142167
B2134422022861S07008683WA0059100590010019017151169
B2134432022864S07008682WA0059100590010019015157170
B2134442022866S07008681WA0059200590010019014170173
B2134452022868S07008681WA0059300590010019014184176
B2134462022871S07008681WA0059400591010019015190176
B2134472022873S07008682WA0059400591010019014190171
B2134482022875S07008682WA0059500591010019013191174
B2134492022877S07008683WA0059500592010019014196182
B2134502022879S07008684WA0059600592010019016199188
B2134512022882S07008685WA0059600592010019017202194
B2134522022884S07008686WA0059600593010019017204195
B2134532022887S07008687WA0059600593010019015207200
B2134542022889S07008688WA0059600594010019014211199
B2134552022891S07008690WA0059700594010019015217207
B2134562022893S07008692WA0059700594010019017224214
B2134572022896S07008694WA0059700594010019020226216
B2134582022898S07008697WA0059700594010019021228220
B2134592022900S07008699WA0059700594010019020234232
B2135002022902S07008702WA0059700594005010018243246
B2135012022903S07008706WA0059700595005010019256251
B2135022022903S07008710WA0059700595005010023273254
B2135032022902S07008717WA0059700596005010027287264
B2135042022899S07008724WA0059700597005010034306275
B2135052022895S07008729WA0059700598005010034307295
B2135062022891S07008735WA0059800599005010033311296
B2135072022887S07008740WA0059800600005010031320299
B2135082022882S07008744WA0059800601005010034321302
B2135092022877S07008748WA0059800602010019036320301
B2135102022873S07008752WA0059900602010019037320301
B2135112022868S07008756WA0059900603010019037320308
B2135122022864S07008761WA0059900603010019037321305
B2135132022859S07008764WA0059900604005010036322315
B2135142022854S07008768WA0059900605005010038324316
B2135152022849S07008772WA0060000605005010038324308
B2135162022845S07008776WA0060000606005010039324310
B2135172022840S07008780WA0060100606005010038324309
B2135182022835S07008784WA0060100607005010039323315
B2135192022830S07008787WA0060200608005010038327319
B2135202022825S07008791WA0060200608005010039330323
B2135212022819S07008794WA0060300609005010039332319
B2135222022814S07008797WA0060300610005010039332314
B2135232022809S07008800WA0060300611005010038331310
B2135242022804S07008803WA0060400612005010039330299
B2135252022799S07008806WA0060500613005010039329294
B2135262022794S07008809WA0060600614005010037327288
B2135272022789S07008812WA0060700615005010032319270
B2135282022786S07008815WA0060800616005010031304258
B2135292022784S07008819WA0060900617005010027281245
B2135302022784S07008823WA0061100617005010027277226
B2135312022784S07008827WA0061200618005010022270224
B2135322022785S07008829WA0061300620005010015249218
B2135332022787S07008829WA0061400622005010013190205
B2135342022790S07008828WA0061500624010019013185171
B2135352022793S07008828WA0061600625005010012174171
B2135362022795S07008826WA0061600626005010013139168
B2135372022797S07008824WA0061600628005010016127150
B2135382022798S07008821WA0061600629005010018119143
B2135392022800S07008817WA0061500630005010016114141
B2135402022801S07008814WA0061500631010019015105137
B2135412022802S07008811WA0061500632010019014106139
B2135422022802S07008808WA0061500633010019016110139
B2135432022804S07008805WA0061500634010019019114141
B2135442022805S07008801WA0061400635010019019116140
B2135452022806S07008798WA0061400636010019019113142
B2135462022807S07008795WA0061400637010019017110143
B2135472022808S07008791WA0061400637010019017111140
B2135482022809S07008789WA0061400638010019017118148
B2135492022811S07008786WA0061500639010019017128155
B2135502022813S07008783WA0061500639010019018133155
B2135512022815S07008781WA0061500640010019019132149
B2135522022816S07008778WA0061500640010019017133154
B2135532022818S07008776WA0061600641010019014131173
B2135542022819S07008775WA0061700642010019012132152
B2135552022821S07008773WA0061800642010019013135157
B2135562022822S07008771WA0061900643010019014136150
B2135572022824S07008769WA0062000644010019016137153
B2135582022825S07008767WA0062000645010019016137152
B2135592022827S07008765WA0062000645010019016132144
B2136002022829S07008763WA0062100646010019016131147
B2136012022830S07008760WA0062100647010019017130141
B2136022022832S07008758WA0062200648010019019124139
B2136032022834S07008755WA0062300649010019020117131
B2136042022835S07008752WA0062400649010019023111133
B2136052022836S07008748WA0062400650010019024111137
B2136062022839S07008740WA0062500652010019022111141
B2136082022840S07008737WA0062700653010019021103131
B2136092022840S07008734WA0062900654010019020098135
B2136102022841S07008727WA0063000656010019019111142
B2136122022842S07008724WA0063200656010019020114144
B2136132022845S07008718WA0063300658010019019106134
B2136142022845S07008715WA0063400659010019017105139
B2136152022846S07008712WA0063400659010019019108141
B2136162022847S07008709WA0063400660010019022109139
B2136172022848S07008706WA0063500661010019025107132
B2136182022849S07008702WA0063600662010019026103135
B2136192022850S07008698WA0063600663010019024095129
B2136202022850S07008694WA0063700663010019022095133
B2136212022850S07008690WA0063800664010019022096138
B2136222022851S07008687WA0063900664010019024103137
B2136232022852S07008683WA0064100664010019026102133
B2136242022852S07008679WA0064200665010019026095127
B2136252022853S07008675WA0064400665010019025090120
B2136262022853S07008671WA0064400665010019023090119
B2136272022853S07008667WA0064500665010019024094127
B2136282022853S07008664WA0064700666010019026097123
B2136292022854S07008660WA0064800666010019026098121
B2136302022854S07008656WA0064800667010019026097124
B2136312022855S07008652WA0065000667010019024095124
B2136322022855S07008648WA0065200668010019023094123
B2136332022855S07008645WA0065300669010019025096118
B2136342022856S07008641WA0065300670010019028098124
B2136352022856S07008637WA0065500670010019027100118
B2136362022857S07008632WA0065600671010019028100122
B2136372022858S07008628WA0065800672010019026098121
B2136382022858S07008624WA0065900674010019027095110
B2136392022859S07008620WA0066100675010019027092110
B2136402022859S07008616WA0066100677010019028093107
B2136412022859S07008611WA0066300678010019028094112
B2136422022860S07008607WA0066500680010019030094113
B2136432022860S07008602WA0066700681005010034090107
B2136442022860S07008597WA0066800683005010035088096
B2136452022860S07008592WA0067000685005010031083093
B2136462022859S07008587WA0067100687005010027082101
B2136472022858S07008583WA0067200689005010027079110
B2136482022858S07008579WA0067400691005010028078093
B2136492022857S07008575WA0067600693005010030079101
B2136502022856S07008570WA0067700695005010031077098
B2136512022855S07008565WA0067900697005010031071090
B2136522022853S07008561WA0068100699005010030072084
B2136532022852S07008557WA0068300701005010028068090
B2136542022850S07008553WA0068400703005010027075108
B2136552022849S07008549WA0068600704005010026081115
B2136562022849S07008545WA0068600706005010026083121
B2136572022849S07008541WA0068800708005010025083109
B2136582022848S07008537WA0069000709005010025080105
B2136592022848S07008533WA0069200711005010025080104
B2137002022847S07008529WA0069300713005010026083106
B2137012022847S07008525WA0069400714005010028083100
B2137022022846S07008520WA0069500716005010031080098
B2137032022845S07008515WA0069500718005010032077092
B2137042022844S07008511WA0069600720005010031074085
B2137052022842S07008507WA0069700722005010030070087
B2137062022841S07008503WA0069700724005010030068096
B2137072022839S07008498WA0069900725005010030070092
B2137082022838S07008493WA0070000727005010031074094
B2137092022837S07008488WA0070100729005010032075100
B2137102022835S07008483WA0070200730005010034070091
B2137112022834S07008478WA0070300732005010034069085
B2137122022832S07008473WA0070300733005010031072099
B2137132022831S07008468WA0070400734005010029078124
B2137142022831S07008464WA0070500735005010025092140
B2137152022831S07008460WA0070600736005010022096154
B2137162022831S07008457WA0070700737005010020098164
B2137172022833S07008454WA0070700738005010019109172
B2137182022835S07008451WA0070700738010019018108171
B2137192022837S07008449WA0070700739010019014102167
B2137202022837S07008447WA0070700739010019011101160
B2137212022838S07008446WA0070700739010019008103165
B2137222022839S07008447WA0070600739010019007236172
B2137232022840S07008450WA0070600738010019014250205
B2137242022840S07008452WA0070600738010019013249217
B2137252022841S07008454WA0070600737010019013246219
B2137262022841S07008457WA0070700737010019015243213
B2137272022842S07008459WA0070800736010019016251222
B2137282022844S07008464WA0070900736010019021251229
B2137292022846S07008470WA0070900736010019024254226
B2137302022847S07008475WA0071000735010019024252223
B2137312022848S07008480WA0071000735010019023251221
B2137322022850S07008486WA0071000735010019023252225
B2137332022851S07008491WA0071100735010019024255230
B2137342022854S07008498WA0071100735010019025257228
B2137352022856S07008506WA0071200735010019025255215
B2137362022858S07008513WA0071300735010019025253206
B2137372022861S07008519WA0071400735010019024251212
B2137382022863S07008525WA0071400736010019024248216
B2137392022865S07008531WA0071400736010019023249223
B2137402022867S07008536WA0071500736010019022248220
B2137412022869S07008541WA0071500736010019023247218
B2137422022871S07008546WA0071500736010019024245221
B2137432022873S07008551WA0071500737010019026243222
B2137442022875S07008556WA0071400737010019028244224
B2137452022876S07008561WA0071400737010019028251228
B2137462022878S07008566WA0071300737010019027257234
B2137472022878S07008571WA0071300737010019027267247
B2137482022877S07008578WA0071200738010019031277267
B2137492022876S07008585WA0071200738010019035288274
B2137502022873S07008591WA0071200738005010038298288
B2137512022870S07008597WA0071100738010019038300297
B2137522022866S07008603WA0071100738005010037303290
B2137532022863S07008609WA0071100738005010035301287
B2137542022860S07008614WA0071000738005010037297265
B2137552022857S07008620WA0071000737005010043297281
B2137562022854S07008627WA0070900736005010046295288
B2137572022851S07008634WA0070900736005010045293281
B2137582022849S07008641WA0070800735005010042292282
B2137592022847S07008646WA0070800735005010038292287
B2138002022845S07008652WA0070800734005010036294286
B2138012022842S07008657WA0070900733005010034294278
B2138022022840S07008661WA0071100733005010037294283
B2138032022838S07008667WA0071200733005010037293278
B2138042022836S07008672WA0071300733005010037293279
B2138052022834S07008677WA0071400734005010034291272
B2138062022832S07008682WA0071600734005010033293273
B2138072022831S07008686WA0071700734005010032291266
B2138082022829S07008691WA0071800734005010038291270
B2138092022827S07008696WA0071800734005010038291267
B2138102022825S07008701WA0071900735005010038288258
B2138112022824S07008707WA0072000735005010035283255
B2138122022823S07008712WA0072000735005010032276244
B2138132022823S07008716WA0072100735005010033268236
B2138142022824S07008721WA0072200736005010037263236
B2138152022825S07008727WA0072200736005010040261238
B2138162022826S07008733WA0072300736010019033249223
B2138172022828S07008737WA0072300737010019026238204
B2138182022831S07008740WA0072300738005010023232196
B2138192022834S07008742WA0072400739005010022226190
B2138202022837S07008744WA0072400740005010023225190
B2138212022839S07008746WA0072400741005010024224191
B2138222022842S07008749WA0072300741005010025222195
B2138232022845S07008751WA0072100742005010026222188
B2138242022848S07008754WA0071900742005010027221192
B2138252022851S07008756WA0071700743005010025223189
B2138262022854S07008759WA0071600743005010023225185
B2138272022857S07008761WA0071600744010019022223171
B2138282022860S07008762WA0071500745010019013186155
B2138292022862S07008761WA0071400746010019013150144
B2138302022863S07008759WA0071300747010019014108135
B2138312022863S07008755WA0071100747010019016078118
B2138322022863S07008751WA0071000746010019019064108
B2138332022862S07008747WA0070800745005010021060097
B2138342022860S07008742WA0070600744005010023057089
B2138352022859S07008738WA0070400743005010024054081
B2138362022856S07008733WA0070200742005010026051081
B2138372022854S07008729WA0070000741005010028049075
B2138382022851S07008724WA0069900741005010029050073
B2138392022849S07008720WA0069700740005010030050070
B2138402022846S07008716WA0069600740005010030055078
B2138412022843S07008712WA0069600739005010029057079
B2138422022841S07008708WA0069500739005010028062103
B2138432022839S07008704WA0069500738005010026070124
B2138442022839S07008700WA0069400738005010021082137
B2138452022838S07008697WA0069400738005010016091143
B2138462022839S07008695WA0069400737005010011112151
B2138472022840S07008694WA0069300737005010008133156
B2138482022842S07008693WA0069200737010019009160163
B2138492022844S07008693WA0069100736010019012178178
B2138502022848S07008693WA0069000736010019016191178
B2138512022852S07008694WA0068800735010019019192188
B2138522022856S07008696WA0068700733010019024205191
B2138532022860S07008699WA0068600732010019025212198
B2138542022865S07008702WA0068500731010019026216205
B2138552022868S07008705WA0068500730010019026220206
B2138562022872S07008708WA0068400729010019026222206
B2138572022875S07008712WA0068400728010019027225203
B2138582022878S07008715WA0068300727010019028227208
B2138592022881S07008720WA0068200726010019032240213
B2139002022883S07008725WA0068100725010019033242212
B2139012022886S07008730WA0068100725010019031245213
B2139022022888S07008735WA0068000724010019030247215
B2139032022889S07008739WA0068000723010019028252217
B2139042022890S07008744WA0068000723010019029252216
B2139052022892S07008749WA0067900722010019031253219
B2139062022893S07008755WA0067900721010019032253222
B2139072022894S07008760WA0067900720010019033254219
B2139082022896S07008766WA0067800719010019034252220
B2139092022897S07008772WA0067700718010019036249212
B2139102022899S07008777WA0067600717010019035247208
B2139112022901S07008783WA0067500716010019034245208
B2139122022903S07008788WA0067400715010019033243209
B2139132022905S07008793WA0067300714010019033241213
B2139142022908S07008798WA0067300713010019034237213
B2139152022911S07008802WA0067200712010019033235204
B2139172022913S07008807WA0067100711010019032235200
B2139182022919S07008815WA0066900709010019034236215
B2139192022922S07008820WA0066700707010019037235217
B2139212022925S07008825WA0066500706010019041235219
B2139222022932S07008837WA0066100703010019042235224
B2139232022936S07008842WA0065900701010019041237223
B2139242022939S07008848WA0065800700010019038240229
B2139252022941S07008853WA0065800698010019038242228
B2139262022944S07008859WA0065700697010019036245228
B2139272022946S07008864WA0065600696010019038246226
B2139292022948S07008870WA0065600694010019042246227
B2139302022951S07008876WA0065500692010019045247230
B2139312022953S07008883WA0065400691010019045248230
B2139322022956S07008890WA0065300690005010041249232
B2139332022958S07008896WA0065100688005010039250229
B2139342022959S07008902WA0065000687005010040251231
B2139352022961S07008908WA0064900686005010041250233
B2139362022963S07008914WA0064800685005010042249226
B2139372022966S07008920WA0064700685005010046245225
B2139382022969S07008927WA0064600684005010043243231
B2139392022971S07008933WA0064600683005010043244225
B2139402022974S07008939WA0064500683005010037242217
B2139412022977S07008944WA0064500682005010037243221
B2139422022979S07008949WA0064500681005010038243223
B2139432022982S07008955WA0064400681005010039242224
B2139442022985S07008961WA0064300679005010045244221
B2139452022988S07008967WA0064300678005010044243218
B2139462022991S07008973WA0064100677005010040238212
B2139472022994S07008979WA0063900676005010039237214
B2139482022997S07008984WA0063700675005010039240218
B2139492023000S07008990WA0063500673005010039241217
B2139502023003S07008995WA0063400672005010040241221
B2139512023005S07009001WA0063200671005010040241216
B2139522023008S07009006WA0063100670005010039238213
B2139532023012S07009012WA0063000668005010039236214
B2139542023015S07009017WA0062800667005010039235211
B2139552023018S07009022WA0062700666005010039235208
B2139562023022S07009027WA0062500664005010038234211
B2139572023025S07009032WA0062400663005010038232210
B2139582023029S07009037WA0062200661005010039230209
B2139592023032S07009041WA0062100660005010039231209
B2140002023036S07009046WA0061900659005010039232215
B2140012023039S07009051WA0061800657005010037237229
B2140022023042S07009056WA0061600656005010036239216
B2140032023045S07009061WA0061600654005010037238209
B2140042023048S07009067WA0061500653005010038236214
B2140052023051S07009072WA0061400651005010038234208
B2140062023055S07009077WA0061300650005010038235218
B2140072023058S07009082WA0061200648005010037239221
B2140082023060S07009087WA0061000647005010037240222
B2140092023063S07009092WA0060900646005010034241217
B2140102023065S07009096WA0060800645005010028242204
B2140112023067S07009100WA0060800644005010028243211
B2140122023069S07009104WA0060700643005010030241223
B2140132023071S07009109WA0060700641005010033241223
B2140142023073S07009113WA0060700640005010032244225
B2140152023075S07009118WA0060600639005010030246218
B2140162023077S07009122WA0060400638005010030245199
B2140172023079S07009127WA0060200637005010031236196
B2140182023082S07009131WA0060000635005010034230189
B2140192023085S07009135WA0059700633005010033223189
B2140202023089S07009138WA0059700631005010030214191
B2140212023092S07009140WA0059500629005010028217187
B2140222023095S07009144WA0059300628005010029233206
B2140232023098S07009148WA0059100626005010032238212
B2140242023101S07009152WA0058900624005010034236210
B2140252023103S07009157WA0058700622005010033235211
B2140262023106S07009161WA0058600620005010033236214
B2140272023109S07009165WA0058400618005010033238221
B2140282023111S07009170WA0058200617005010034240227
B2140292023113S07009175WA0057900615005010035243220
B2140302023116S07009180WA0057700613005010036244217
B2140312023118S07009186WA0057500611005010035242213
B2140322023121S07009190WA0057300609005010034242218
B2140332023123S07009196WA0057100607005010035246220
B2140342023125S07009201WA0057000605005010036249228
B2140352023126S07009206WA0056800604005010036253224
B2140362023128S07009212WA0056700602005010036252222
B2140372023130S07009218WA0056600601005010036249220
B2140382023131S07009223WA0056400599005010034245211
B2140392023133S07009228WA0056400598005010033244219
B2140402023135S07009232WA0056300597005010032246215
B2140412023137S07009237WA0056200595005010032247212
B2140422023139S07009242WA0056100594005010030249216
B2140432023140S07009246WA0056000593005010027247222
B2140442023142S07009250WA0055900592005010025249236
B2140452023143S07009254WA0055900591005010026255258
B2140462023144S07009258WA0055800590005010026260275
B2140472023144S07009263WA0055800589005010029271272
B2140482023141S07009269WA0055600589005010045311266
B2140492023135S07009275WA0055500588005010040305275
B2140502023132S07009280WA0055400587005010038302255
B2140512023129S07009285WA0055300587005010036297249
B2140522023130S07009290WA0055100585005010035227249
B2140532023134S07009293WA0054900584005010032223198
B2140542023138S07009296WA0054800583005010029222193
B2140552023142S07009299WA0054700582005010028223190
B2140562023145S07009302WA0054500581005010028225189
B2140572023148S07009305WA0054500581005010028225178
B2140582023151S07009308WA0054500580005010028227184
B2140592023154S07009311WA0054400579005010027231192
B2141002023157S07009315WA0054400579005010026230195
B2141012023160S07009318WA0054300578005010027227194
B2141022023163S07009321WA0054100577005010029223194
B2141032023166S07009324WA0054000576005010030222201
B2141042023170S07009328WA0053900575005010031226211
B2141052023173S07009331WA0053700575005010032227212
B2141062023176S07009335WA0053600574005010033227206
B2141072023180S07009339WA0053400573005010035225204
B2141082023184S07009343WA0053300571005010036224204
B2141092023188S07009347WA0053100570005010035221203
B2141102023192S07009350WA0052900569005010034222206
B2141112023195S07009354WA0052800568005010034222204
B2141122023199S07009358WA0052600566005010034223198
B2141132023203S07009361WA0052400565005010033217193
B2141142023207S07009364WA0052300563005010033215193
B2141152023211S07009367WA0052200561005010033214195
B2141162023215S07009371WA0052200559005010033218195
B2141172023219S07009374WA0052000557010019034223199
B2141182023223S07009378WA0051800556010019034224202
B2141192023226S07009382WA0051700554010019033225199
B2141202023230S07009386WA0051500552005010033224206
B2141212023233S07009389WA0051300551005010034225207
B2141222023237S07009393WA0051200549005010034227214
B2141232023240S07009398WA0051000547005010034231209
B2141242023243S07009402WA0050800545005010035232192
B2141252023246S07009406WA0050700544005010034229196
B2141262023250S07009410WA0050500542005010033214185
B2141272023254S07009413WA0050400540005010034208183
B2141282023259S07009415WA0050300539005010031206193
B2141292023263S07009417WA0050200538010019028205185
B2141302023267S07009419WA0050000537010019026204188
B2141312023270S07009421WA0049900536010019027204194
B2141322023274S07009422WA0049700535010019028204190
B2141332023278S07009424WA0049500533010019031206191
B2141342023282S07009427WA0049500532010019037220202
B2141352023287S07009431WA0049300531010019037221198
B2141362023294S07009439WA0049100528010019030220199
B2141372023298S07009442WA0048900527010019030220208
B2141382023301S07009445WA0048800526005010032223202
B2141402023305S07009449WA0048500524005010034224197
B2141412023308S07009453WA0048400523005010036222201
B2141422023312S07009457WA0048200521005010037220196
B2141432023320S07009465WA0047900518005010031223200
B2141442023323S07009468WA0047700517005010024221196
B2141452023326S07009470WA0047500516005010021218185
B2141462023328S07009472WA0047400515005010022215184
B2141482023334S07009478WA0047200513005010030217191
B2141492023338S07009480WA0047100512005010029215195
B2141512023341S07009483WA0046800511005010023214191
B2141522023347S07009485WA0046800510005010021190181
B2141532023350S07009486WA0046700510005010025188182
B2141542023354S07009487WA0046500509005010029193184
B2141552023359S07009488WA0046400508005010026189182
B2141562023362S07009488WA0046200507005010023173173
B2141572023366S07009487WA0046100506005010023161149
B2141582023369S07009485WA0045900505005010027139139
B2141592023372S07009481WA0045700504005010029134133
B2142002023375S07009477WA0045500503005010029131140
B2142012023378S07009474WA0045300501005010027129138
B2142022023380S07009470WA0045100501005010024123144
B2142032023382S07009467WA0044900500005010022118142
B2142042023384S07009464WA0044800499005010020121143
B2142052023386S07009461WA0044700498005010021129160
B2142062023388S07009459WA0044600497005010019153170
B2142072023391S07009458WA0044600497010019018181183
B2142082023393S07009459WA0044500496010019018199198
B2142092023396S07009460WA0044400495010019020209204
B2142102023398S07009462WA0044400494010019020224209
B2142112023400S07009465WA0044300494010019021231206
B2142122023402S07009467WA0044300493010019022229202
B2142132023403S07009470WA0044200492010019025227215
B2142142023406S07009474WA0044100491010019029232209
B2142152023408S07009478WA0044000490010019032240209
B2142162023410S07009482WA0043800489010019030245220
B2142172023411S07009487WA0043700488010019028246216
B2142182023413S07009491WA0043600486010019029249220
B2142192023414S07009496WA0043400485010019029246221
B2142202023416S07009500WA0043300484010019029244219
B2142212023418S07009504WA0043200483010019028246220
B2142222023419S07009508WA0043100481010019027246215
B2142232023421S07009512WA0043000480010019026246216
B2142242023422S07009516WA0042900479010019026243219
B2142252023424S07009520WA0042700477005010026237213
B2142262023426S07009523WA0042600476005010027233211
B2142272023429S07009527WA0042600475005010027233210
B2142282023431S07009530WA0042500473005010026234214
B2142292023433S07009533WA0042400472005010025233216
B2142302023436S07009536WA0042300471005010025231214
B2142312023438S07009539WA0042100469005010024232213
B2142322023440S07009542WA0042000468005010024234214
B2142332023442S07009545WA0041900467005010023237212
B2142342023444S07009548WA0041800466005010023240216
B2142352023446S07009551WA0041700465005010022240213
B2142362023447S07009554WA0041600463005010022239224
B2142372023449S07009557WA0041500462005010022240216
B2142382023450S07009560WA0041400460005010023247225
B2142392023451S07009564WA0041400459005010024253235
B2142402023452S07009568WA0041300458005010026264247
B2142412023452S07009572WA0041200457005010028274255
B2142422023451S07009577WA0041000455005010031284267
B2142432023449S07009582WA0040900454005010034294274
B2142442023446S07009587WA0040800453005010036300285
B2142452023443S07009592WA0040800451005010036301280
B2142462023441S07009597WA0040600450005010035298279
B2142472023438S07009602WA0040500449005010033296279
B2142482023436S07009606WA0040400448005010031293273
B2142492023434S07009610WA0040300447005010027287268
B2142502023433S07009614WA0040200446005010026281262
B2142512023432S07009619WA0040200445005010026277249
B2142522023432S07009623WA0040100443005010026273251
B2142532023432S07009627WA0040000442005010026268237
B2142542023432S07009631WA0039900441005010026262236
B2142552023433S07009635WA0039700439005010026256218
B2142562023434S07009639WA0039500438005010025251216
B2142572023435S07009643WA0039400437005010024248234
B2142582023437S07009646WA0039200436005010025244260
B2142592023439S07009650WA0039100434005010025240257
E214300PEVBackground
B2143002023441S07009654WA0039100433005010024237252
B2143012023443S07009657WA0038900432005010022233243
B2143022023445S07009659WA0038700431005010020229232
B2143032023447S07009662WA0038700430005010019222226
B2143042023450S07009663WA0038700428005010019209222
B2143052023452S07009664WA0038600427005010019192218
B2143062023455S07009664WA0038500426005010020179218
B2143072023459S07009664WA0038400425005010020170218
B2143082023462S07009663WA0038300424005010019162220
B2143092023464S07009662WA0038200424005010018149221
B2143102023467S07009659WA0038100422005010020133218
B2143112023469S07009656WA0038000421005010024125210
B2143122023471S07009652WA0037800420005010028123206
B2143132023474S07009648WA0037700419005010031119205
B2143142023476S07009643WA0037500417005010030119199
B2143152023479S07009637WA0037300415005010029119195
B2143162023481S07009633WA0037200414005010028116190
B2143172023484S07009627WA0037100412005010028111183
B2143182023485S07009622WA0037000410005010030105182
B2143192023487S07009616WA0036900408005010032101184
B2143202023488S07009611WA0036900407005010033096192
B2143212023488S07009605WA0036800406005010033094179
B2143222023488S07009600WA0036800405005010032083180
B2143232023487S07009594WA0036700403005010033082182
B2143242023487S07009588WA0036700402005010036083186
B2143252023486S07009582WA0036600401005010036082189
B2143262023485S07009577WA0036500399005010035079193
B2143272023484S07009571WA0036400398005010034076196
B2143282023482S07009566WA0036300397005010033074198
B2143292023481S07009560WA0036200396005010034074201
B2143302023480S07009555WA0036100395005010035075203
B2143312023478S07009549WA0036000394005010038078204
B2143322023477S07009543WA0035900393005010037077205
B2143332023475S07009537WA0035800392005010035074206
B2143342023473S07009532WA0035600391005010034067206
B2143352023471S07009527WA0035500390005010037062207
B2143362023467S07009521WA0035400389005010040058207
B2143372023464S07009516WA0035300388005010042058208
B2143382023460S07009510WA0035200387005010042057208
B2143392023456S07009505WA0035100386005010041056209
B2143402023453S07009499WA0035100385005010040051209
B2143412023449S07009494WA0034900383005010041049209
B2143422023444S07009489WA0034800382005010043045209
B2143432023439S07009484WA0034600381005010045045210
B2143442023435S07009479WA0034500379005010044046210
B2143452023429S07009474WA0034300379005010043046210
B2143462023424S07009469WA0034100378005010043043210
B2143472023419S07009465WA0034000376005010043039210
B2143482023414S07009460WA0033900374005010044036210
B2143492023409S07009456WA0033700373005010045035210
B2143502023403S07009452WA0033600371005010045034210
B2143512023397S07009448WA0033400369005010047029210
B2143522023391S07009444WA0033200367005010050029210
B2143532023384S07009440WA0033000365005010053028210
B2143542023376S07009436WA0032800364005010053028210
B2143552023368S07009433WA0032600362005010052028210
B2143562023361S07009429WA0032300361005010051030210
B2143572023354S07009425WA0032300360005010049031210
B2143582023347S07009421WA0032100358005010050031210
B2143592023340S07009417WA0032000357005010050031210
B2144002023333S07009413WA0031800356005010050031210
B2144012023327S07009409WA0031600354005010049030210
B2144022023321S07009405WA0031500352005010049031210
B2144032023314S07009400WA0031300350005010050033210
B2144042023308S07009396WA0031200349005010051034210
B2144052023301S07009391WA0031000347005010051034210
B2144062023295S07009387WA0030900345005010051034210
B2144072023288S07009383WA0030700344005010050034210
B2144082023282S07009379WA0030600342005010049032210
B2144092023276S07009374WA0030500340005010049034210
B2144102023270S07009370WA0030400339005010050034210
B2144112023263S07009366WA0030200337005010051034210
B2144122023257S07009361WA0030100336005010051034210
B2144132023250S07009356WA0029900334005010050034210
B2144142023244S07009352WA0029800332005010049033210
B2144152023238S07009347WA0029800330005010049033210
B2144162023232S07009343WA0029700329005010050033210
B2144172023226S07009339WA0029500327005010050034210
B2144182023220S07009334WA0029400326005010051034210
B2144192023213S07009330WA0029300324005010051034210
B2144202023207S07009325WA0029200323005010049033210
B2144212023201S07009322WA0029100321005010046030210
B2144232023195S07009319WA0029000320005010044024210
B2144242023182S07009313WA0029000317010019049025210
B2144252023175S07009309WA0028900316010019049024210
B2144262023169S07009306WA0028800314005010047022210
B2144272023163S07009303WA0028700313005010045022210
B2144282023157S07009300WA0028600311005010045024210
B2144292023150S07009298WA0028400309005010046023210
B2144302023144S07009294WA0028300308005010048024210
B2144312023137S07009292WA0028100307005010048018210
B2144322023130S07009290WA0028000305005010046018210
B2144332023124S07009288WA0028000305005010037020210
B2144342023119S07009285WA0028000304005010034023210
B2144352023114S07009283WA0028000303005010036028210
B2144362023109S07009280WA0028000302005010039029210
B2144372023104S07009277WA0028100301005010039031210
B2144382023099S07009273WA0028200301005010038036210
B2144392023095S07009269WA0028200300005010040039210
B2144402023090S07009265WA0028200299005010043043210
B2144412023085S07009260WA0028100299005010043043210
B2144422023080S07009256WA0028000298005010041045210
B2144432023076S07009251WA0027900297005010038044210
B2144442023071S07009248WA0027900297005010036046210
B2144452023067S07009244WA0027900297005010037049210
B2144462023064S07009239WA0027900297005010038054210
B2144472023060S07009234WA0027900296005010037054210
B2144482023057S07009229WA0028000296005010037052210
B2144492023052S07009225WA0028000296005010037046210
B2144502023049S07009221WA0028000295005010039045210
B2144512023045S07009216WA0028000295005010041048210
B2144522023040S07009211WA0028000295005010039048210
B2144532023037S07009207WA0027900295005010039046210
B2144542023032S07009202WA0027900294005010038043210
B2144552023028S07009198WA0027800294005010039041210
B2144562023024S07009194WA0027800293005010040045210
B2144572023020S07009189WA0027700292005010040048210
B2144582023016S07009184WA0027700291005010037053210
B2144592023013S07009180WA0027600291005010034063210
B2145002023012S07009175WA0027500290005010033071210
B2145012023010S07009170WA0027400290005010031080210
B2145022023010S07009165WA0027300289005010029084210
B2145032023010S07009160WA0027300289005010027086210
B2145042023010S07009156WA0027300288005010024086210
B2145052023010S07009152WA0027200287005010023086210
B2145062023010S07009148WA0027200287005010023088210
B2145072023010S07009144WA0027200286005010023106210
B2145082023012S07009141WA0027100285005010020122210
B2145092023014S07009138WA0027100285005010019132209
B2145102023017S07009137WA0027000284005010017145215
B2145112023020S07009136WA0027000282010019014160224
B2145122023022S07009135WA0026900282010019012161231
B2145132023024S07009135WA0026900281010019010164233
B2145142023025S07009135WA0026800280010019007156235
B2145152023026S07009134WA0026700280010019005163235
B2145162023026S07009134WA0026500280010019002128190
B2145172023026S07009134WA0026500280010019003012195
B2145182023026S07009134WA0026400280010019005003199
B2145192023024S07009137WA0026300280010019005022202
B2145202023021S07009139WA0026200278010019009041204
B2145212023017S07009140WA0026200276010019015048205
B2145222023013S07009138WA0026200275010019024047207
B2145232023007S07009138WA0026100276010019025057208
B2145242023001S07009136WA0026100275010019025072208
B2145292022971S07009089WA0026100294004003028090210
B2145302022971S07009085WA0026100293004003028103210
B2145312022973S07009082WA0026100293004003023119210
B2145322022974S07009079WA0026100293004003022121210
B2145332022975S07009075WA0026100293004003021110210
B2145342022976S07009073WA0026100296004003019100210
B2145352022977S07009070WA0026100294004003020121210
B2145362022978S07009068WA0026100294004003020117210
B2145372022980S07009065WA0026200294004003020116210
B2145382022981S07009062WA0026200296004003021109210
B2145392022982S07009059WA0026200297004003021121210
B2145402022984S07009057WA0026200296004003021124210
B2145422022984S07009055WA0026200281010019020122210
B2145432022986S07009052WA0026200280010019021122210
B2145442022988S07009049WA0026200281010019024118210
B2145452022989S07009046WA0026200280010019025112210
B2145462022990S07009042WA0026200280010019025107210
B2145472022993S07009035WA0026200279010019022111210
B2145482022994S07009032WA0026200279010019023117210
B2145492022996S07009029WA0026200279010019024121210
B2145502022998S07009026WA0026300278010019024119210
B2145512022999S07009022WA0026300278010019023115210
B2145522023001S07009019WA0026300278010019021113210
B2145532023002S07009016WA0026300278010019019117210
B2145542023003S07009014WA0026300278010019020122210
B2145552023005S07009011WA0026400278010019022127210
B2145562023007S07009009WA0026400278010019024124210
B2145572023009S07009006WA0026400278010019023123210
B2145582023011S07009003WA0026400278010019021118210
B2145592023013S07009000WA0026400278010019020121210
B2146002023014S07008998WA0026400279010019020126210
B2146012023016S07008995WA0026400279010019021127210
B2146022023018S07008993WA0026400279010019021129210
B2146032023020S07008990WA0026400278010019021130210
B2146042023022S07008988WA0026400278010019022126210
B2146052023024S07008984WA0026400278010019025120210
B2146062023026S07008981WA0026400278010019024119210
B2146072023028S07008978WA0026400279010019022122210
B2146082023029S07008975WA0026400279010019021126210
B2146092023031S07008973WA0026500279010019021124210
B2146102023033S07008970WA0026500279010019022125210
B2146112023035S07008967WA0026500280010019021130210
B2146122023037S07008965WA0026500280010019021133210
B2146132023039S07008963WA0026600280010019021136210
B2146142023042S07008961WA0026600280010019018151209
B2146152023044S07008960WA0026600280010019017166210
B2146162023047S07008960WA0026700280010019017194219
B2146172023049S07008961WA0026700279010019012222226
B2146182023048S07008963WA0026800279010019020304229
B2146192023045S07008967WA0026800279010019029321228
B2146202023041S07008970WA0026800279010019030330225
B2146212023036S07008973WA0026900279005010029330220
B2146222023032S07008976WA0027000280005010029324218
B2146232023028S07008980WA0027100281005010031321217
B2146242023023S07008984WA0027200282005010034323217
B2146252023019S07008987WA0027300282005010036327215
B2146262023013S07008991WA0027400283005010036330215
B2146272023008S07008994WA0027500283005010034336214
B2146282023003S07008996WA0027500284005010034334213
B2146292022998S07008999WA0027500284005010034332213
B2146302022994S07009002WA0027600285005010035330212
B2146312022989S07009005WA0027600285005010038331212
B2146322022983S07009008WA0027600286005010038333212
B2146332022978S07009011WA0027600287005010037335211
B2146342022973S07009014WA0027700288005010035336211
B2146352022968S07009016WA0027800288005010034338211
B2146362022963S07009019WA0027800289005010034338211
B2146372022958S07009021WA0027900289005010035336211
B2146382022953S07009024WA0028000290005010034335211
B2146392022949S07009026WA0028100291005010034333211
B2146402022945S07009029WA0028200292005010031331210
B2146412022941S07009031WA0028300293005010029324210
B2146422022938S07009034WA0028400294005010030316210
B2146432022934S07009038WA0028400295005010032313210
B2146442022931S07009041WA0028500296005010031311210
B2146452022929S07009045WA0028500296005010027304210
B2146462022927S07009048WA0028500298005010024298210
B2146472022925S07009051WA0028600299005010023291210
B2146482022924S07009055WA0028700300005010021280213
B2146492022924S07009057WA0028800302005010019252210
B2146502022926S07009059WA0028900304005010017203199
B2146512022929S07009058WA0028900305005010020162193
B2146522022932S07009056WA0029000307005010022134191
B2146532022934S07009053WA0029000308005010021119195
B2146542022936S07009050WA0029000309005010019114197
B2146552022937S07009047WA0029000311005010018116200
B2146562022938S07009044WA0029100312005010021123202
B2146572022940S07009041WA0029100312005010024121203
B2146582022942S07009038WA0029200313005010024114204
B2146592022943S07009034WA0029200315005010020105205
B2147002022944S07009031WA0029200316005010018108207
B2147012022945S07009028WA0029300316005010020117207
B2147022022947S07009025WA0029300317005010025128208
B2147032022949S07009022WA0029300318005010024133209
B2147042022952S07009019WA0029400319005010019134209
B2147052022953S07009017WA0029400320005010016132209
B2147062022955S07009015WA0029500321005010014133209
B2147072022957S07009014WA0029600322005010015134209
B2147082022958S07009012WA0029700323005010017132210
B2147092022960S07009010WA0029800323005010018127210
B2147102022961S07009007WA0030000324005010017126210
B2147112022963S07009005WA0030000325005010016132210
B2147122022964S07009003WA0030100326005010016137210
B2147132022966S07009002WA0030200327005010017133210
B2147142022968S07009000WA0030200327005010018127210
B2147152022969S07008997WA0030300328005010017120210
B2147162022970S07008995WA0030400329005010016118210
B2147172022972S07008993WA0030400330005010015121210
B2147182022973S07008991WA0030400330005010012137210
B2147192022974S07008990WA0030500331005010012168210
B2147202022976S07008991WA0030500332005010012198208
B2147212022978S07008992WA0030500332005010014230212
B2147222022979S07008994WA0030600332010019016255223
B2147232022979S07008997WA0030600333010019023280226
B2147242022978S07009000WA0030600333010019030296229
B2147252022974S07009005WA0030700334010019039313231
B2147262022969S07009009WA0030700334010019041328231
B2147272022964S07009012WA0030700335010019042340229
B2147282022957S07009015WA0030700337005010042343226
B2147292022950S07009018WA0030800338005010041344223
B2147302022943S07009020WA0030800339005010043345220
B2147312022937S07009022WA0030900341005010044345218
B2147322022931S07009024WA0030900342005010041343216
B2147332022925S07009026WA0031000343005010039339215
B2147342022920S07009028WA0031100344005010036332213
B2147352022916S07009032WA0031100345005010036323213
B2147362022911S07009035WA0031200346005010035317212
B2147372022908S07009039WA0031300347005010034310211
B2147382022905S07009043WA0031300347005010030298211
B2147392022904S07009047WA0031300348005010025278212
B2147402022904S07009051WA0031400349005010020254209
B2147412022905S07009053WA0031500349005010015222201
B2147422022907S07009054WA0031600350005010014185194
B2147432022909S07009054WA0031700352005010015150195
B2147442022911S07009052WA0031800353005010016120193
B2147452022912S07009049WA0031900354005010019103196
B2147462022913S07009046WA0032000355005010017100199
B2147472022914S07009044WA0032200356005010016109202
B2147482022915S07009041WA0032300357005010017115203
B2147492022916S07009038WA0032400358005010019117204
B2147502022917S07009035WA0032500359005010019115206
B2147512022919S07009033WA0032600360005010017110206
B2147522022920S07009030WA0032600361005010016104207
B2147532022920S07009027WA0032700362005010018105207
B2147542022921S07009025WA0032800363005010019113208
B2147552022923S07009021WA0032900364005010020122208
B2147562022924S07009019WA0033000364005010020126209
B2147572022926S07009016WA0033000365005010017118209
B2147582022927S07009013WA0033100366005010017106209
B2147592022927S07009011WA0033100367005010017111209
B2148002022929S07009008WA0033200367005010017123210
B2148012022930S07009006WA0033300368005010016131210
B2148022022932S07009004WA0033400369005010017128210
B2148032022933S07009002WA0033500370005010016125210
B2148042022935S07009000WA0033500371005010017136210
B2148052022937S07008998WA0033500372005010019149210
B2148062022939S07008997WA0033500372005010020149210
B2148072022942S07008995WA0033600373005010020139210
B2148082022944S07008993WA0033600374005010019128210
B2148092022945S07008991WA0033700375005010018128210
B2148102022947S07008989WA0033800376005010016135210
B2148112022949S07008987WA0033900377005010017163210
B2148122022952S07008987WA0034000377005010021176210
B2148132022955S07008987WA0034100378005010022174210
B2148142022958S07008986WA0034200379005010018164210
B2148152022960S07008986WA0034200380005010014159210
B2148162022962S07008985WA0034200381010019014164210
B2148172022965S07008985WA0034300381010019018176210
B2148182022968S07008985WA0034400382010019020182208
B2148192022970S07008986WA0034500383010019019207213
B2148202022972S07008988WA0034600384010019018239224
B2148212022973S07008990WA0034700385010019019265227
B2148222022973S07008993WA0034800385010019025284230
B2148232022971S07008997WA0034800386010019028288223
B2148242022969S07009002WA0034800386005010031293223
B2148252022967S07009008WA0034800386005010033294220
B2148262022964S07009013WA0034800385005010035298220
B2148272022961S07009018WA0034800385005010036301218
B2148282022958S07009024WA0034800385005010036305217
B2148292022955S07009029WA0034800385005010036309216
B2148302022951S07009033WA0034800385005010035313214
B2148312022947S07009038WA0034900385005010035313214
B2148322022943S07009043WA0034900385005010036310213
B2148332022940S07009047WA0034900385005010036309212
B2148342022937S07009052WA0034900385005010031301211
B2148352022935S07009056WA0034900385005010026285212
B2148362022935S07009060WA0035000385005010024263208
B2148372022936S07009064WA0035000385005010021243199
B2148382022938S07009065WA0035000386005010014186191
B2148392022940S07009064WA0035100386005010018131187
B2148412022942S07009061WA0035200386005010026101186
B2148422022943S07009056WA0035200387005010031089189
B2148432022943S07009050WA0035200387005010033085193
B2148442022943S07009044WA0035100386005010033087199
B2148452022943S07009039WA0035100386005010031093201
B2148462022943S07009034WA0035100386005010029101204
B2148472022945S07009030WA0035000386005010027111205
B2148482022947S07009026WA0035000385005010028119207
B2148492022949S07009022WA0035000385005010026124208
B2148502022951S07009019WA0035000385005010023129208
B2148512022953S07009016WA0035000385010019021133209
B2148522022955S07009014WA0035000385010019021138209
B2148532022958S07009012WA0035000384010019022141209
B2148542022960S07009009WA0035100384010019023141209
B2148552022963S07009007WA0035100384010019022138210
B2148562022965S07009005WA0035200384010019021135210
B2148572022967S07009002WA0035200384010019020134210
B2148582022969S07009000WA0035300383010019020134210
B2148592022971S07008998WA0035300383010019021131210
B2149002022973S07008995WA0035400383010019021119210
B2149012022974S07008992WA0035400383010019023104210
B2149022022975S07008988WA0035500383010019025095210
B2149032022975S07008984WA0035500383010019028091210
B2149042022975S07008979WA0035500383010019028090210
B2149052022975S07008975WA0035500383010019028089210
B2149062022975S07008970WA0035600384010019028088210
B2149072022975S07008965WA0035600384010019030088210
B2149082022975S07008961WA0035600384005010031087210
B2149092022975S07008951WA0035700385005010025087210
B2149102022974S07008948WA0035700386005010023091210
B2149112022975S07008944WA0035800386005010023095210
B2149122022975S07008940WA0035900387005010024096210
B2149132022975S07008937WA0036100388005010024095210
B2149142022976S07008933WA0036200389005010023097210
B2149152022976S07008929WA0036300390010019023099210
B2149162022977S07008926WA0036400391010019023102210
B2149172022978S07008922WA0036600392010019022100210
B2149182022978S07008919WA0036600392010019020098210
B2149192022979S07008916WA0036700393010019020097210
B2149202022980S07008912WA0036800394010019023099210
B2149212022980S07008908WA0036900394010019025099210
B2149222022981S07008904WA0036900395010019025097210
B2149232022981S07008900WA0036900396005010025093210
B2149242022981S07008896WA0037000397005010025092210
B2149252022982S07008893WA0037000398005010024094210
B2149262022982S07008889WA0037000399005010025095210
B2149272022982S07008885WA0037100399010019026096210
B2149282022983S07008880WA0037100400010019027096210
B2149292022983S07008876WA0037200401010019024097210
B2149302022984S07008873WA0037300402010019021101210
B2149312022985S07008870WA0037300403010019017105210
B2149322022986S07008867WA0037400403010019016114210
B2149332022987S07008865WA0037500404010019017117210
B2149342022988S07008863WA0037600405010019019120210
B2149352022990S07008860WA0037600406010019017119210
B2149362022991S07008858WA0037700406010019016124210
B2149372022993S07008856WA0037700407010019018132210
B2149382022995S07008854WA0037700408010019018138210
B2149392022997S07008853WA0037700409010019018146210
B2149402023000S07008852WA0037700409010019017165208
B2149412023002S07008851WA0037800410010019016165205
B2149422023004S07008850WA0037900411010019014154205
B2149432023006S07008849WA0038000411010019012137206
B2149442023007S07008848WA0038000412010019011125206
B2149452023008S07008846WA0038100413010019014125207
B2149462023009S07008844WA0038300413010019018130208
B2149472023011S07008842WA0038400414010019021129208
B2149482023013S07008839WA0038500415010019020120208
B2149492023014S07008836WA0038600416010019017097208
B2149502023014S07008834WA0038700417010019015094209
B2149512023014S07008831WA0038800417010019017103209
B2149522023016S07008828WA0038900418010019021125209
B2149532023018S07008826WA0039100419010019020132210
B2149542023020S07008824WA0039200420010019015134210
B2149552023021S07008822WA0039300421010019010134210
B2149562023022S07008821WA0039400421010019011130210
B2149572023023S07008820WA0039500422010019015127210
B2149582023025S07008817WA0039600423010019019125210
B2149592023026S07008815WA0039700423010019020119210
B2150002023027S07008812WA0039800424010019018114210
B2150012023028S07008809WA0039800425010019018108210
B2150022023029S07008806WA0039800426010019020103210
B2150032023030S07008803WA0039900427010019021107210
B2150042023031S07008800WA0039900427010019020120210
B2150052023033S07008798WA0040000428010019019129210
B2150062023035S07008795WA0040000429010019019124210
B2150072023036S07008793WA0040100429005010019115210
B2150082023038S07008790WA0040100430005010020115210
B2150092023039S07008787WA0040200431005010021129210
B2150102023041S07008785WA0040200431005010020130207
B2150112023044S07008783WA0040300432005010015161220
B2150122023046S07008783WA0040400432005010012167228
B2150132023047S07008783WA0040500433005010012232230
B2150142023047S07008787WA0040600434010019024286227
B2150152023046S07008792WA0040700435010019031306225
B2150162023042S07008796WA0040900435010019027314224
B2150172023039S07008804WA0041100436005010025325223
B2150182023035S07008808WA0041300437005010029329221
B2150192023029S07008811WA0041500438005010040344219
B2150202023022S07008813WA0041600439005010042350218
B2150212023013S07008814WA0041700440005010041353217
B2150222023007S07008815WA0041700441005010038356216
B2150232023000S07008815WA0041800443005010038357214
B2150242022993S07008816WA0042000445005010036350213
B2150252022988S07008818WA0042200447005010035334212
B2150262022984S07008821WA0042400447005010031316211
B2150272022982S07008825WA0042500448005010026290211
B2150282022980S07008829WA0042700448005010022282210
B2150292022980S07008832WA0042800449005010018265204
B2150312022981S07008835WA0042800450005010013252199
B2150322022982S07008836WA0043000451005010006196200
B2150332022984S07008836WA0043200453005010008155195
B2150342022986S07008836WA0043400454005010010167194
B2150352022988S07008835WA0043600456005010013165189
B2150362022991S07008834WA0043700458005010015153190
B2150372022993S07008833WA0043900459005010014140192
B2150382022995S07008831WA0043900461005010011136196
B2150392022996S07008830WA0044000462005010011138198
B2150402022997S07008829WA0044100463005010011141197
B2150412022999S07008827WA0044100464005010011142199
B2150422023000S07008826WA0044100465005010012144201
B2150432023002S07008825WA0044100466005010011146203
B2150442023003S07008824WA0044100467005010009146205
B2150452023004S07008823WA0044100467005010009138205
B2150462023005S07008821WA0044100468005010011135206
B2150472023007S07008820WA0044100469005010014138207
B2150482023008S07008818WA0044200470005010014137208
B2150492023010S07008817WA0044200470005010014130208
B2150502023011S07008815WA0044300471005010012120208
B2150512023012S07008813WA0044400472005010013113209
B2150522023012S07008811WA0044500473005010014116209
B2150532023014S07008809WA0044600474005010015121209
B2150542023015S07008807WA0044700475005010016126209
B2150552023016S07008805WA0044800476005010016129210
B2150562023018S07008802WA0044900476005010016130210
B2150572023019S07008800WA0045000477005010015136210
B2150582023021S07008799WA0045000478005010013141210
B2150592023022S07008797WA0045100478005010014128210
B2151002023023S07008795WA0045200479005010015113210
B2151012023024S07008793WA0045200480005010019107210
B2151022023025S07008790WA0045200481005010018110210
B2151032023026S07008787WA0045300481005010017116210
B2151042023027S07008785WA0045400482005010015112210
B2151052023028S07008783WA0045400483005010016104210
B2151062023029S07008780WA0045500483005010016105210
B2151072023029S07008778WA0045600484005010016112210
B2151082023030S07008775WA0045600485005010019111210
B2151092023031S07008772WA0045600485005010019109210
B2151102023032S07008770WA0045700486005010018111210
B2151112023033S07008767WA0045700487005010016117210
B2151122023035S07008765WA0045700487005010016120210
B2151132023036S07008763WA0045700488005010017118210
B2151142023037S07008760WA0045700488005010018115210
B2151152023038S07008758WA0045700489005010017117210
B2151162023040S07008755WA0045800489005010016123210
B2151172023041S07008753WA0045800490005010016125210
B2151182023042S07008751WA0045800490005010017116210
B2151192023043S07008748WA0045800490005010019104210
B2151202023044S07008745WA0045800490005010020104210
B2151212023045S07008741WA0045700491005010019112210
B2151222023046S07008739WA0045700491005010018125210
B2151232023048S07008737WA0045600491005010017130208
B2151242023049S07008735WA0045600491005010015130213
B2151252023051S07008734WA0045500491005010010180223
B2151262023053S07008735WA0045400491010019012229229
B2151272023054S07008738WA0045400491010019024279231
B2151282023052S07008742WA0045300491005010033303231
B2151292023049S07008747WA0045200491005010040316230
B2151302023044S07008753WA0045100491005010043320228
B2151312023038S07008760WA0045000491005010041331225
B2151322023032S07008765WA0045000492005010041337222
B2151332023026S07008767WA0045000491005010041340220
B2151342023020S07008770WA0045000491005010040341218
B2151352023014S07008772WA0045000491005010041342217
B2151362023007S07008774WA0045000492005010043341216
B2151372023000S07008776WA0044900492005010043341215
B2151382022993S07008778WA0044900493005010042343214
B2151392022987S07008780WA0044900493005010043343213
B2151402022980S07008782WA0044900493005010042344213
B2151412022974S07008784WA0045000494005010041343212
B2151422022969S07008785WA0045100494005010037344212
B2151432022964S07008787WA0045200494005010039345212
B2151442022958S07008788WA0045300494005010040347211
B2151452022952S07008789WA0045500493005010040348211
B2151462022946S07008790WA0045600493005010040347211
B2151472022940S07008792WA0045700493005010038347211
B2151482022935S07008793WA0045800493005010036345211
B2151492022930S07008794WA0045900493005010040343211
B2151502022924S07008796WA0046000492005010040341211
B2151512022918S07008799WA0046100492005010036335210
B2151522022914S07008802WA0046100492005010033327210
B2151532022910S07008805WA0046200491005010031320210
B2151542022907S07008808WA0046200491010019031313210
B2151552022904S07008812WA0046200491010019031316210
B2151562022900S07008815WA0046300490010019029320210
B2151572022897S07008818WA0046400490010019029309210
B2151582022894S07008822WA0046500490010019029307210
B2151592022892S07008825WA0046600490010019029300210
B2152002022890S07008829WA0046600490010019029299210
B2152012022887S07008833WA0046700491010019028301210
B2152022022884S07008837WA0046800491010019028309210
B2152032022882S07008840WA0046900491010019027312210
B2152042022879S07008843WA0047100492010019027304210
B2152052022876S07008847WA0047200493010019029300210
B2152062022874S07008851WA0047300494010019033307210
B2152072022870S07008855WA0047400495010019034318210
B2152082022866S07008858WA0047600497010019035322210
B2152092022862S07008862WA0047700498010019033321210
B2152102022859S07008865WA0047800499010019033316210
B2152112022855S07008869WA0047900500010019033316210
B2152122022851S07008873WA0047900501005010035315210
B2152132022847S07008877WA0048100503005010036318210
B2152142022843S07008881WA0048200504005010036320210
B2152152022839S07008885WA0048300505005010036321210
B2152162022835S07008889WA0048400507005010036322210
B2152172022831S07008892WA0048600509005010034317210
B2152182022828S07008896WA0048700510005010030301210
B2152192022827S07008900WA0048800512005010027278212
B2152202022827S07008904WA0048900513005010024257208
B2152212022828S07008906WA0048900515005010016229200
B2152222022830S07008907WA0048900517005010011189195
B2152232022832S07008906WA0048900519005010010153197
B2152242022834S07008905WA0048900520005010011140200
B2152252022835S07008904WA0048900521005010010138202
B2152262022836S07008903WA0049000523005010010138203
B2152272022837S07008902WA0049000524005010010139204
B2152282022838S07008901WA0049100525005010010139205
B2152292022840S07008899WA0049100526005010012135205
B2152302022841S07008898WA0049100527005010014127206
B2152312022842S07008896WA0049200528005010016116207
B2152322022843S07008893WA0049200529005010017108207
B2152332022844S07008890WA0049200530005010017109208
B2152342022845S07008888WA0049300530005010015120209
B2152352022846S07008886WA0049300531005010014136209
B2152362022848S07008885WA0049300532005010014151209
B2152372022850S07008884WA0049400533005010014163210
B2152382022852S07008883WA0049400534005010014171210
B2152392022854S07008883WA0049500535005010012166210
B2152402022856S07008881WA0049500537010019009149210
B2152412022858S07008881WA0049600538010019009148210
B2152422022859S07008880WA0049700538010019011145210
B2152432022860S07008879WA0049800539010019013142210
B2152442022861S07008877WA0049900540010019013137210
B2152452022863S07008876WA0050000541010019013132210
B2152462022864S07008874WA0050000542010019013129210
B2152472022865S07008872WA0050100543010019014125210
B2152482022866S07008870WA0050200543010019015121210
B2152492022868S07008868WA0050200544005010017115210
B2152502022869S07008865WA0050200545005010020102210
B2152512022869S07008861WA0050200545005010024088210
B2152522022869S07008857WA0050300545010019028084210
B2152532022869S07008852WA0050300546010019029086210
B2152542022869S07008847WA0050300546010019028089210
B2152552022869S07008842WA0050300546010019027087210
B2152562022869S07008838WA0050400547010019026087210
B2152572022869S07008834WA0050500547010019025094210
B2152582022869S07008829WA0050600547010019025099210
B2152592022870S07008825WA0050700548010019026099210
B2153002022871S07008821WA0050700548010019026096210
B2153012022871S07008817WA0050700549010019024094210
B2153022022871S07008813WA0050800549010019023092210
B2153032022871S07008809WA0050900550010019025090210
B2153042022872S07008805WA0050900550010019026095210
B2153052022872S07008801WA0051000551010019026098210
B2153062022873S07008797WA0051200551010019024097210
B2153072022873S07008793WA0051300552010019023095210
B2153082022874S07008790WA0051300553010019022096210
B2153092022874S07008786WA0051400553010019021103210
B2153102022875S07008783WA0051500554010019020119210
B2153112022877S07008781WA0051600555010019019132210
B2153122022879S07008779WA0051700556010019017134210
B2153132022881S07008779WA0051800556010019017212218
B2153142022882S07008781WA0051900557010019020264226
B2153152022882S07008785WA0051900558010019024290230
B2153162022879S07008790WA0051900558010019039307230
B2153172022875S07008797WA0051900559010019040325230
B2153182022869S07008803WA0051900560010019036329225
B2153192022864S07008808WA0051900561010019034326221
B2153202022859S07008812WA0052000561010019035321219
B2153212022855S07008816WA0052100561010019037316217
B2153222022851S07008821WA0052100562010019037317216
B2153232022846S07008825WA0052100562010019037317215
B2153242022842S07008829WA0052200563010019036315214
B2153252022838S07008833WA0052300564010019034314213
B2153262022835S07008837WA0052400565010019033310213
B2153272022831S07008841WA0052500565005010035313212
B2153282022828S07008846WA0052600566005010037312212
B2153292022824S07008850WA0052700566005010037309211
B2153302022821S07008855WA0052800566005010033299211
B2153312022819S07008859WA0052800566005010030277211
B2153322022819S07008864WA0052900567005010026250212
B2153332022821S07008866WA0053000567005010019212206
B2153342022824S07008867WA0053100568005010016170197
B2153352022826S07008865WA0053100569005010019126195
B2153362022828S07008863WA0053300570005010017121197
B2153372022829S07008861WA0053400570010019013132200
B2153382022830S07008860WA0053500571010019011146204
B2153392022832S07008859WA0053700572010019015152205
B2153402022835S07008857WA0053900572010019018154205
B2153412022837S07008856WA0053900573010019016153207
B2153422022839S07008855WA0054000574010019011142208
B2153432022840S07008854WA0054200575010019010133208
B2153442022841S07008852WA0054300575010019011139208
B2153452022843S07008851WA0054400576010019014147209
B2153462022845S07008850WA0054500577010019014146209
B2153472022846S07008849WA0054700577010019013146209
B2153482022848S07008848WA0054800578010019014153209
B2153492022850S07008846WA0054800579010019015150210
B2153502022852S07008845WA0054900579010019016146210
B2153512022854S07008844WA0054900580010019014141210
B2153522022855S07008842WA0055000580010019013136210
B2153532022857S07008841WA0055100581010019015135210
B2153542022859S07008839WA0055100582010019017134210
B2153552022860S07008837WA0055200582005010019129210
B2153562022862S07008834WA0055300583005010020118210
B2153572022863S07008831WA0055400584005010022106210
B2153582022864S07008828WA0055400585005010023101210
B2153592022865S07008824WA0055500585005010023100210
B2154002022865S07008820WA0055600586005010025096210
B2154012022865S07008816WA0055800587005010027089210
B2154022022865S07008812WA0056000589005010027085210
B2154032022865S07008808WA0056200590005010027088210
B2154042022865S07008803WA0056400592005010026093210
B2154052022865S07008799WA0056600594005010025098210
B2154062022866S07008796WA0056800596005010025102210
B2154072022867S07008792WA0056800598005010024101210
B2154082022867S07008788WA0057000600005010022093210
B2154092022867S07008785WA0057300602005010021087210
B2154102022867S07008781WA0057500604005010019095210
B2154112022868S07008778WA0057700605005010021109210
B2154122022869S07008775WA0057900607005010022115210
B2154132022870S07008772WA0058000609005010020109210
B2154142022871S07008769WA0058100611005010018100210
B2154152022871S07008766WA0058200613005010016099210
B2154162022872S07008764WA0058300614005010018104210
B2154172022873S07008761WA0058400616005010021106210
B2154182022874S07008757WA0058500618005010023103210
B2154192022875S07008754WA0058600619005010026104210
B2154202022876S07008749WA0058700621005010027105210
B2154212022877S07008745WA0058800622005010026100210
B2154222022877S07008741WA0058900624005010024092210
B2154232022877S07008737WA0059100626005010024091210
B2154242022877S07008733WA0059100627005010025094210
B2154252022878S07008729WA0059200629005010027099210
B2154262022878S07008725WA0059300631005010027099210
B2154272022879S07008721WA0059400632005010026100210
B2154282022880S07008717WA0059500634005010023099210
B2154292022880S07008713WA0059700635005010021100210
B2154302022881S07008710WA0059800637005010020107210
B2154312022882S07008707WA0060000639005010021113210
B2154322022884S07008704WA0060200640005010021114210
B2154332022885S07008701WA0060400642005010020111210
B2154342022886S07008698WA0060500643005010020105210
B2154352022887S07008694WA0060600645005010021101210
B2154362022887S07008691WA0060800646005010021100210
B2154372022888S07008688WA0060900648005010019095210
B2154382022888S07008685WA0061000649005010017085210
B2154392022887S07008682WA0061100650005010017078210
B2154402022887S07008680WA0061200652005010017075210
B2154412022886S07008677WA0061200653005010018076210
B2154422022886S07008674WA0061200655005010020082210
B2154432022885S07008671WA0061200656005010022088210
B2154442022885S07008667WA0061200657005010023090210
B2154452022885S07008663WA0061100658005010024090210
B2154462022885S07008659WA0061000658005010025089210
B2154472022885S07008655WA0060900660005010025088210
B2154482022885S07008651WA0060900661005010026088210
B2154492022885S07008647WA0060800662005010028087210
B2154502022885S07008641WA0060800662005010030085210
B2154512022885S07008636WA0060800662005010027085210
B2154522022885S07008632WA0060800662005010025085210
B2154532022885S07008628WA0060800662005010025086210
B2154542022885S07008624WA0060800662005010025088210
B2154552022885S07008620WA0060800663005010027094210
B2154562022885S07008615WA0060800663005010029098210
B2154572022886S07008611WA0060800663005010026089210
B2154582022886S07008607WA0060800664005010024086210
B2154592022886S07008603WA0060900664005010022085210
B2155002022886S07008599WA0060900665005010022088210
B2155012022886S07008596WA0060900666005010023095210
B2155022022886S07008592WA0061000666005010024093210
B2155032022887S07008588WA0061000666005010023094210
B2155042022888S07008584WA0061000666005010023095210
B2155052022888S07008580WA0061000666005010024097210
B2155062022888S07008577WA0060900667005010025097210
B2155072022889S07008572WA0060900667005010027094210
B2155082022890S07008567WA0060900666005010028091210
B2155092022890S07008562WA0060800666005010030083210
B2155102022889S07008557WA0060800665005010029082210
B2155112022889S07008552WA0060800665005010029083210
B2155122022889S07008547WA0060800664005010029084210
B2155132022889S07008543WA0060800664005010028086210
B2155142022889S07008538WA0060900663005010027089210
B2155152022889S07008534WA0060900663005010026092210
B2155162022889S07008530WA0060900663005010024100210
B2155172022891S07008527WA0060800663005010021114219
B2155182022892S07008524WA0060800663005010019104223
B2155192022893S07008521WA0060800663010019016102225
B2155202022893S07008519WA0060700663010019013094225
B2155212022892S07008519WA0060600663010019007356222
B2155222022890S07008521WA0060500663005010015298218
B2155232022888S07008524WA0060500662005010021293217
B2155242022886S07008529WA0060500660005010028295216
B2155252022883S07008535WA0060600659005010029294215
B2155262022881S07008541WA0060600658005010028292214
B2155272022880S07008545WA0060700657005010028290213
B2155282022878S07008551WA0060700656005010029290213
B2155292022876S07008557WA0060700656005010031290212
B2155302022874S07008563WA0060600655005010033291212
B2155312022872S07008569WA0060600655005010034290212
B2155322022870S07008575WA0060600654005010033292212
B2155332022868S07008581WA0060600654005010032295211
B2155342022866S07008587WA0060600654005010032299211
B2155352022863S07008592WA0060700653005010033299211
B2155362022860S07008598WA0060700653005010034298211
B2155372022858S07008603WA0060700653005010034298211
B2155382022855S07008609WA0060800653005010034302211
B2155392022852S07008614WA0060800652005010034305211
B2155402022849S07008619WA0060800652005010034305211
B2155412022846S07008624WA0060900652005010036305210
B2155422022844S07008633WA0060900653005010038306210
B2155432022840S07008640WA0060900653005010038306210
B2155442022837S07008646WA0060900653005010037304210
B2155452022835S07008652WA0060900654005010035302210
B2155462022832S07008658WA0061000654005010034300210
B2155472022830S07008663WA0061100654005010031291210
B2155482022828S07008668WA0061200654005010031288210
B2155492022827S07008674WA0061300654005010030287210
B2155502022826S07008679WA0061400654005010030286210
B2155512022825S07008684WA0061400654005010030285210
B2155522022824S07008689WA0061500654005010033288210
B2155532022822S07008695WA0061500654005010035291210
B2155542022820S07008700WA0061500653005010036295210
B2155552022818S07008706WA0061500653005010035300210
B2155562022815S07008712WA0061600653005010034304210
B2155572022812S07008717WA0061600653005010035306210
B2155582022809S07008723WA0061700654005010036305210
B2155592022806S07008728WA0061800654005010038305210
B2156002022803S07008734WA0061800654005010038306210
B2156012022800S07008739WA0061900654005010037310210
B2156022022796S07008744WA0061900655005010037312210
B2156032022792S07008749WA0062000654005010039314210
B2156042022788S07008754WA0062000654005010041315210
B2156052022784S07008759WA0062100654005010041314210
B2156062022780S07008764WA0062100654005010040313210
B2156072022776S07008769WA0062100654005010039313210
B2156082022772S07008774WA0062200654005010038310210
B2156092022769S07008780WA0062200655005010037305210
B2156102022766S07008784WA0062200654005010034299210
B2156112022764S07008790WA0062200655005010031284211
B2156122022765S07008795WA0062200654005010024262209
B2156132022766S07008798WA0062200654005010022244206
B2156142022768S07008802WA0062200654005010019225195
B2156152022771S07008804WA0062100654005010017200196
B2156162022773S07008805WA0062000654005010014186197
B2156172022776S07008805WA0061800654005010012172198
B2156182022778S07008804WA0061700654005010011156200
B2156192022779S07008803WA0061600654005010011148201
B2156202022781S07008802WA0061600653005010013134202
B2156212022783S07008800WA0061500653005010016130203
B2156222022784S07008798WA0061500653005010017126205
B2156232022786S07008796WA0061500652005010016119205
B2156242022787S07008794WA0061500652010019013110206
B2156252022787S07008792WA0061500652010019010104207
B2156262022788S07008790WA0061500652010019010116208
B2156272022789S07008788WA0061600651010019013126208
B2156282022790S07008787WA0061600651010019015136209
B2156292022792S07008785WA0061600651010019015143209
B2156302022794S07008784WA0061600650010019013164209
B2156312022796S07008784WA0061600650010019011173210
B2156322022797S07008783WA0061600650010019009167210
B2156332022799S07008783WA0061600650010019010151210
B2156342022800S07008782WA0061600650010019012146210
B2156352022802S07008781WA0061700650005010013149210
B2156362022803S07008780WA0061700650005010012146210
B2156372022805S07008779WA0061800649005010011140210
B2156382022806S07008777WA0061800649005010011133210
B2156392022807S07008776WA0061900649005010012125210
B2156402022808S07008774WA0062000649005010015115210
B2156412022809S07008772WA0062000650005010016108210
B2156422022809S07008769WA0062100650005010015105210
B2156432022810S07008767WA0062100650005010014103210
B2156442022810S07008764WA0062200650005010014107210
B2156452022811S07008762WA0062200650005010015121210
B2156462022813S07008760WA0062300650005010016129210
B2156472022814S07008758WA0062300650005010018135210
B2156482022816S07008756WA0062300650005010016137210
B2156492022818S07008755WA0062400650005010013140210
B2156502022819S07008754WA0062400650005010011148210
B2156512022821S07008753WA0062500650005010013150210
B2156522022823S07008752WA0062600650005010015153210
B2156532022825S07008751WA0062600651005010016155210
B2156542022827S07008750WA0062700651005010016153210
B2156552022829S07008749WA0062800651005010015149210
B2156562022831S07008747WA0062900651005010016144210
B2156572022833S07008746WA0063000652005010017142210
B2156582022835S07008744WA0063100652005010017140210
B2156592022837S07008742WA0063100652005010018138210
B2157002022839S07008740WA0063200653005010019135210
B2157012022841S07008738WA0063300653005010019133210
B2157022022843S07008736WA0063400653005010019132210
B2157032022845S07008734WA0063500654005010019134210
B2157042022847S07008732WA0063600655005010019135210
B2157052022849S07008730WA0063700655005010021133210
B2157062022851S07008727WA0063900656005010021129210
B2157072022853S07008724WA0064100657005010019120210
B2157082022854S07008722WA0064200657005010018115210
B2157092022855S07008719WA0064400658005010018114210
B2157102022856S07008717WA0064600659005010019115210
B2157112022858S07008714WA0064600660005010021113210
B2157122022858S07008711WA0064800661005010022104210
B2157132022859S07008707WA0065000662005010021099210
B2157142022860S07008704WA0065100662005010020095210
B2157152022860S07008702WA0065200664005010019095210
B2157162022860S07008699WA0065400665005010019103210
B2157172022861S07008697WA0065500666005010015118210
B2157182022862S07008695WA0065600667005010014130208
B2157192022864S07008693WA0065600668005010012127213
B2157202022865S07008692WA0065700668005010007133222
B2157212022865S07008692WA0065800669005010003138226
B2157222022866S07008692WA0065900669005010001315228
B2157232022866S07008692WA0066000669005010005309228
B2157242022865S07008695WA0066100669005010018303226
B2157252022863S07008700WA0066200670010019026308222
B2157262022860S07008705WA0066300670005010032311220
B2157272022857S07008711WA0066400671005010034306217
B2157282022854S07008718WA0066500671005010033304216
B2157292022851S07008723WA0066500672005010033304215
B2157302022848S07008730WA0066600675005010033307215
B2157312022845S07008737WA0066700677005010034312214
B2157322022841S07008743WA0066800679005010037314213
B2157332022837S07008749WA0067000681005010036313212
B2157342022833S07008754WA0067100683005010033301212
B2157352022831S07008759WA0067300685005010029289211
B2157362022830S07008764WA0067400687005010028273213
B2157372022830S07008769WA0067600689005010026258209
B2157382022831S07008773WA0067800691005010021236201
B2157392022833S07008775WA0067900693005010018201193
B2157402022835S07008776WA0068000695005010016170191
B2157412022837S07008775WA0068100696005010016142192
B2157422022839S07008773WA0068200698005010017129193
B2157432022840S07008771WA0068200699005010017121197
B2157442022841S07008769WA0068400701005010019115199
B2157452022842S07008766WA0068500702005010020112200
B2157462022843S07008763WA0068600704005010019105202
B2157472022843S07008761WA0068600706005010018099203
B2157482022843S07008758WA0068800708005010019096204
B2157492022843S07008755WA0069000710005010020094205
B2157502022844S07008752WA0069100711005010021097206
B2157512022844S07008749WA0069200713005010022100207
B2157522022845S07008746WA0069300715005010021104208
B2157532022845S07008743WA0069400716005010019106208
B2157542022846S07008740WA0069500718005010015112209
B2157552022847S07008738WA0069600720010019014116209
B2157562022848S07008736WA0069700721010019015121209
B2157572022849S07008734WA0069900723010019016125210
B2157582022850S07008732WA0069900724010019016130210
B2157592022852S07008731WA0070000726010019014137210
B2158002022854S07008729WA0070100727010019014140210
B2158012022855S07008728WA0070200728010019015133210
B2158022022857S07008726WA0070200730010019018125210
B2158032022858S07008724WA0070300731010019019121210
B2158042022859S07008721WA0070400732010019019113210
B2158052022860S07008719WA0070400734010019019108210
B2158062022861S07008716WA0070500735010019020108210
B2158072022862S07008713WA0070600737010019019109210
B2158082022863S07008710WA0070700738010019018103210
B2158092022863S07008707WA0070800739010019020096210
B2158102022863S07008704WA0071000740005010023092210
B2158112022863S07008700WA0071100742005010023091210
B2158122022863S07008697WA0071300743005010022090210
B2158132022863S07008694WA0071400745005010021088210
B2158142022863S07008690WA0071600746005010019088210
B2158152022863S07008688WA0071700748005010017093210
B2158162022864S07008685WA0071900749005010015105210
B2158172022865S07008683WA0072000750005010013127208
B2158182022867S07008682WA0072100752005010016159209
B2158192022869S07008682WA0072200753005010014175220
B2158202022872S07008682WA0072300754005010014197223
B2158212022874S07008684WA0072300755005010014223224
B2158222022876S07008686WA0072300756005010017251226
B2158232022877S07008690WA0072400757005010019263227
B2158242022877S07008694WA0072400758005010020273227
B2158252022877S07008697WA0072400759005010021284225
B2158262022876S07008703WA0072400760005010024289223
B2158272022874S07008708WA0072500761005010024294221
B2158282022872S07008713WA0072500762005010025298219
B2158292022869S07008718WA0072500762005010025300216
B2158302022866S07008723WA0072600763005010026299215
B2158312022860S07008729WA0072700761005010031306213
B2158322022854S07008734WA0072800760005010035304212
B2158332022849S07008740WA0072900760005010036287211
B2158342022845S07008746WA0073000759005010033267213
B2158352022844S07008751WA0073000759005010029250212
B2158362022844S07008754WA0073000759005010027243207
B2158372022845S07008757WA0073100759005010026240211
B2158382022845S07008760WA0073200759005010025238207
B2158392022846S07008763WA0073200760005010024233195
B2158402022847S07008765WA0073200760005010023225190
B2158412022848S07008767WA0073300760005010021211191
B2158422022850S07008769WA0073300761005010020203193
B2158432022852S07008770WA0073400761005010020199197
B2158442022854S07008771WA0073400762005010021192194
B2158452022857S07008771WA0073500762005010021190196
B2158462022859S07008772WA0073500763005010019191194
B2158472022861S07008772WA0073500763005010018191192
B2158482022864S07008773WA0073500763005010019193188
B2158492022866S07008774WA0073500763005010020191190
B2158502022869S07008774WA0073500763005010021188185
B2158512022871S07008775WA0073400764005010021186193
E215852PEVForeground
B2158522022875S07008775WA0073400764005010021186191
B2158532022878S07008775WA0073300764005010021186182
B2158542022881S07008776WA0073300765005010023188187
B2158552022884S07008776WA0073200765005010024194188
B2158562022887S07008777WA0073200765005010023201190
B2158572022890S07008779WA0073200765005010020208189
B2158582022892S07008780WA0073300766005010017207192
B2158592022894S07008782WA0073300766005010016211195
B2159002022896S07008783WA0073300767005010017209194
B2159012022898S07008785WA0073300767005010021213197
B2159022022901S07008787WA0073300767005010025221199
B2159042022903S07008790WA0073300767005010025223198
B2159062022908S07008795WA0073100767005010019220198
B2159072022910S07008797WA0073000767005010019219200
B2159092022914S07008802WA0072900767005010024222200
B2159102022917S07008804WA0072900767005010025221202
B2159112022920S07008807WA0072800767005010025223199
B2159122022922S07008810WA0072800767005010023226203
B2159132022925S07008813WA0072700767005010021226205
B2159142022927S07008815WA0072700766005010021221203
B2159152022929S07008817WA0072600766005010024221205
B2159162022932S07008820WA0072600766005010027223208
B2159172022935S07008823WA0072500766005010028228207
B2159182022938S07008826WA0072500766005010027234215
B2159192022940S07008830WA0072400766005010025235217
B2159202022942S07008833WA0072400766005010023234199
B2159212022944S07008835WA0072300766005010020224177
B2159222022946S07008837WA0072300765005010015199158
B2159232022948S07008837WA0072300765005010015152148
B2159242022950S07008835WA0072300765005010020132155
B2159252022952S07008833WA0072200765005010020143178
B2159262022955S07008831WA0072200765005010020141199
B2159272022957S07008830WA0072100765005010016169194
B2159282022958S07008830WA0072000764010019012235193
B2159292022957S07008836WA0071800764010019022253191
B2159302022957S07008840WA0071800764005010014275193
B2159312022957S07008842WA0071600763005010007266180
B2159322022959S07008842WA0071400763005010020147172
B2159332022962S07008839WA0071200763005010026156164
B2159342022966S07008838WA0071200762005010022157188
B2159352022969S07008836WA0071000762005010021164188
B2159362022971S07008836WA0070800762005010013175184
B2159372022971S07008839WA0070500762005010022255179
B2159382022970S07008847WA0070300762005010022256201
B2159392022969S07008853WA0070300761005010022267199
B2159402022969S07008857WA0070100761005010016248207
B2159412022971S07008859WA0069800760005010019220198
B2159422022973S07008861WA0069500760005010021207206
B2159432022976S07008863WA0069500760005010023211211
B2159442022979S07008867WA0069300760010019024224206
B2159452022981S07008871WA0069100759010019026239208
B2159462022981S07008877WA0068800760005010029264210
B2159472022978S07008882WA0068800759005010028268215
B2159482022978S07008887WA0068700758005010023244216
B2159492022981S07008889WA0068400757005010024212200
B2159502022984S07008891WA0068200756005010025210187
B2159512022987S07008893WA0068200755005010018209195
B2159522022988S07008895WA0068100754005010012214191
B2159532022989S07008897WA0068000753005010013201184
B2159542022991S07008898WA0067900752005010019192180
B2159552022994S07008899WA0067900751005010022193185
B2159562022997S07008900WA0067900749005010022197186
B2159572023000S07008901WA0067900749005010021196188
B2159582023003S07008902WA0067900748005010017202196
B2159592023004S07008903WA0067900747005010016202193
B2200002023006S07008905WA0067900746005010019199196
B2200012023009S07008906WA0067800745005010022203202
B2200022023012S07008907WA0067700744005010023210204
B2200032023015S07008909WA0067700743005010022218217
B2200042023017S07008912WA0067700741005010019228217
B2200052023019S07008914WA0067600740005010019234209
B2200062023021S07008917WA0067400738005010023230210
B2200072023023S07008920WA0067400737005010026228205
B2200082023026S07008923WA0067300735005010027229206
B2200092023028S07008927WA0067200734005010026228210
B2200102023031S07008930WA0067200733005010022226207
B2200112023033S07008932WA0067200732005010019228217
B2200122023034S07008934WA0067200731005010017231216
B2200132023036S07008937WA0067200731005010018229215
B2200142023038S07008939WA0067300729005010023231213
B2200152023040S07008942WA0067300729005010024233217
B2200162023042S07008945WA0067400728005010023235209
B2200172023044S07008949WA0067400727005010021236216
B2200182023046S07008952WA0067400726005010021237212
B2200192023048S07008955WA0067400725005010023236209
B2200202023050S07008958WA0067400724005010026235214
B2200212023052S07008961WA0067400723005010026235206
B2200222023054S07008965WA0067400722005010027233206
B2200232023057S07008968WA0067400722005010025232207
B2200242023059S07008971WA0067400721005010023230208
B2200252023062S07008974WA0067400721005010023227201
B2200262023064S07008976WA0067500720005010024225202
B2200272023067S07008979WA0067500720005010025222199
B2200282023070S07008981WA0067600720005010026220195
B2200292023073S07008984WA0067700720005010025218194
B2200302023076S07008986WA0067700720005010024217193
B2200312023080S07008988WA0067700719005010023215202
B2200322023083S07008990WA0067800720005010024214204
B2200332023086S07008992WA0067900720005010025217210
B2200342023089S07008995WA0067900720005010026222216
B2200352023092S07008998WA0067900719005010027229226
B2200362023094S07009001WA0068000719005010026235223
B2200372023096S07009005WA0068000719005010026241224
B2200382023098S07009009WA0068000719005010026243230
B2200392023100S07009013WA0068000719005010027244217
B2200402023101S07009017WA0068000718005010030245225
B2200412023103S07009022WA0067900717005010029245220
B2200422023105S07009026WA0067900717005010029249226
B2200432023106S07009030WA0067900716005010029254228
B2200442023107S07009035WA0067800716005010031257231
B2200452023108S07009040WA0067700715005010033257226
B2200462023109S07009045WA0067600715005010033257219
B2200472023110S07009050WA0067600714005010032256218
B2200482023111S07009055WA0067600713005010031255208
B2200492023112S07009060WA0067500712005010031255216
B2200502023113S07009065WA0067500712005010031255210
B2200512023115S07009070WA0067500711005010033256215
B2200522023116S07009075WA0067400710005010031253213
B2200532023117S07009079WA0067300710005010031249212
B2200542023119S07009084WA0067300709005010028244209
B2200552023121S07009087WA0067300709005010026240204
B2200562023123S07009091WA0067200708005010026235193
B2200572023126S07009093WA0067100708005010026231186
B2200582023129S07009097WA0066900707005010027226178
B2200592023132S07009100WA0066800706005010027219189
B2201002023135S07009103WA0066700706005010026220191
B2201012023138S07009105WA0066600705005010024221187
B2201022023140S07009108WA0066500704005010022222192
B2201032023143S07009110WA0066400704005010022219190
B2201042023145S07009112WA0066300703005010024214188
B2201052023148S07009115WA0066300702005010025212182
B2201062023152S07009117WA0066200701005010025214192
B2201072023155S07009119WA0066100701005010024217195
B2201082023157S07009121WA0066000700005010024221204
B2201092023160S07009124WA0065900699005010024224202
B2201102023163S07009127WA0065700698005010027222203
B2201112023166S07009130WA0065600697005010030223219
B2201122023169S07009133WA0065600697005010031228231
B2201132023172S07009137WA0065400696005010031238253
B2201142023174S07009142WA0065200695005010031248246
B2201152023174S07009148WA0065100695005010040287239
B2201162023172S07009154WA0064900693005010037278238
B2201172023171S07009159WA0064800692005010034278221
B2201182023172S07009163WA0064600690005010034213222
B2201192023177S07009166WA0064300687005010038211200
B2201202023182S07009169WA0064100685005010038211222
B2201212023186S07009173WA0063800682005010029222237
B2201222023189S07009176WA0063600680005010030227233
B2201232023192S07009181WA0063400678010019029228230
B2201242023194S07009185WA0063200676010019030235218
B2201252023194S07009190WA0063100675005010029253207
B2201262023194S07009194WA0062900672005010027250220
B2201272023196S07009198WA0062700669005010031240223
B2201282023198S07009203WA0062500666005010032244237
B2201292023199S07009208WA0062300663005010035255258
B2201302023200S07009214WA0062300661005010038262262
B2201312023200S07009220WA0062000658010019039265260
B2201322023197S07009225WA0061600655010019050305251
B2201332023192S07009230WA0061400654010019048310268
B2201342023186S07009235WA0061200653010019046313269
B2201352023181S07009240WA0060700653005010046309276
B2201362023177S07009245WA0060300652005010045304278
B2201372023175S07009251WA0060100652005010033262280
B2201382023176S07009256WA0059800652005010036253246
B2201392023178S07009261WA0059500652005010036253240
B2201402023179S07009267WA0059200652010019036253238
B2201412023179S07009272WA0059000651010019050279232
B2201422023177S07009279WA0058800651010019050279244
B2201432023178S07009286WA0058500650005010041239240
B2201442023181S07009291WA0058100650005010041239223
B2201452023185S07009297WA0057900650005010041239226
B2201462023188S07009301WA0057700649005010035235242
B2201472023191S07009304WA0057400649005010036239242
B2201482023193S07009309WA0057400649005010035240240
B2201492023193S07009312WA0057100649005010051322234
B2201502023187S07009315WA0056900648010019050320290
B2201512023181S07009320WA0056800647010019051321285
B2201522023174S07009324WA0056500646005010049317288
B2201532023172S07009332WA0056300645010019027253289
B2201552023173S07009337WA0056100645010019027253243
B2201562023175S07009345WA0055900645010019028257246
B2201572023176S07009348WA0055700645010019027261242
B2201582023177S07009352WA0055500645010019030263241
B2202002023178S07009361WA0055300645010019031262226
B2202012023178S07009366WA0054900645010019030263227
B2202022023178S07009370WA0054600645010019029265232
B2202032023178S07009375WA0054400646010019028266237
B2202042023179S07009379WA0054200646010019031262249
B2202062023181S07009383WA0053600644010019035284245
B2202072023181S07009387WA0053600644010019035282254
B2202092023180S07009392WA0053300645005010035274231
B2202102023179S07009397WA0052900645005010034274229
B2202112023176S07009401WA0052500642005010031270237
B2202122023176S07009406WA0052300642005010029269243
B2202132023176S07009414WA0052100642010019032268253
B2202142023176S07009418WA0051800642010019032268256
B2202152023175S07009420WA0051500642030057035287250
B2202162023175S07009419WA0051200641010019031287253
B2202172023172S07009420WA0051100640030057031284233
B2202182023170S07009422WA0050800638030057029284226
B2202272023202S07009408WA0048500494004003034148216
B2202282023207S07009407WA0048200498004003034165169
B2202292023209S07009408WA0048000496004003024187193
B2202302023208S07009415WA0047900490004003024267221
B2202312023205S07009422WA0047600489004003061300249
B2202322023203S07009428WA0047400488004003061292270
B2202332023202S07009433WA0047200487004003040287252
B2202342023203S07009437WA0047000481004004032266210
B2202352023213S07009432WA0047000514010019036292197
B2202362023211S07009437WA0046700513005010027294202
B2202372023211S07009435WA0046400511005010038127209
B2202382023215S07009431WA0046100511010019032149161
B2202392023219S07009429WA0045800512010019024183192
B2202402023220S07009431WA0045600511010019018213211
B2202412023222S07009434WA0045300511005010022234218
B2202422023222S07009438WA0045000512005010019249220
B2202432023212S07009445WA0044800507005010017249216
B2202442023212S07009449WA0044600505005010016227202
B2202452023212S07009451WA0044600500005010015240192
B2202462023214S07009452WA0044300500005010020186200
B2202472023218S07009452WA0044000499005010029175187
B2202482023222S07009452WA0043800499005010023183202
B2202492023224S07009452WA0043600499010019019208209
B2202502023226S07009454WA0043400499010019024235220
B2202512023226S07009457WA0043100498005010020266223
B2202522023220S07009463WA0042900498005010023264227
B2202532023218S07009467WA0042700495005010020269216
B2202542023218S07009471WA0042500493005010019258214
B2202552023219S07009472WA0042100491005010011222211
B2202562023221S07009473WA0041800490005010022212198
B2202572023224S07009475WA0041500490005010020217208
B2202582023225S07009477WA0041200489005010022241222
B2202592023226S07009480WA0040900489010019028247231
B2203002023222S07009484WA0040700488010019022267231
B2203012023219S07009487WA0040500486005010025263230
B2203022023220S07009490WA0040300485005010023245208
B2203032023221S07009493WA0040300483010019016264197
B2203042023220S07009492WA0039900481005010001354202
B2203052023221S07009491WA0039500480005010010228189
B2203062023222S07009492WA0039100479005010013206203
B2203072023224S07009491WA0038900479010019015198212
B2203082023226S07009492WA0038600479010019009194218
B2203092023228S07009492WA0038300479005010015215208
B2203102023227S07009494WA0038200476010019020259211
B2203112023229S07009496WA0038000473005010018216213
B2203122023230S07009498WA0037800471005010007234193
B2203132023231S07009499WA0037500469005010014172196
B2203142023233S07009497WA0037100468005010014153183
B2203152023235S07009496WA0036800467005010020156183
B2203162023237S07009495WA0036600467005010019161193
B2203172023238S07009493WA0036300467010019013154200
B2203182023240S07009493WA0036100467010019012205195
B2203192023238S07009493WA0035900466010019017278210
B2203202023237S07009496WA0035900465010019012271225
B2203212023237S07009497WA0035800464010019005254212
B2203222023236S07009498WA0035500463010019003305194
B2203232023240S07009493WA0035100458005010006122192
B2203242023237S07009487WA0034800458050095015075164
B2203252023237S07009480WA0034500456010019034028167
B2203262023230S07009479WA0034100452005010028019024
B2203272023225S07009479WA0033700450010019024016027
B2203282023221S07009481WA0033300447010019014011012
B2203362023209S07009470WA0027200272007012016118242
B2203372023211S07009465WA0026500266006008016105140
B2203382023204S07009461WA0025700257005012037032125
B2203402023195S07009459WA0025000240006008048025027
B2203412023191S07009461WA0024200227006006037346011
B2203422023191S07009466WA0023400218006006026306346
B2203432023197S07009467WA0022600207006008016198287
B2203442023195S07009463WA0021900206005008019074189
B2203452023189S07009455WA0021400210005008019043113
B2203462023178S07009452WA0021000219004006042017079
B2203472023174S07009455WA0021000221004006040343016
B2203482023168S07009456WA0020800222004004040338325
B2203492023163S07009458WA0020700223004004033332317
B2203502023159S07009462WA0020700220004004033314300
B2203512023157S07009466WA0020700219004003034290279
B2203522023156S07009471WA0020600219004003028266256
B2203532023157S07009474WA0020400219004003028237235
B2203542023158S07009475WA0020300219004003017203213
B2203552023159S07009476WA0020100218004003011167192
B2203562023154S07009481WA0019900236005010011191174
B2203572023156S07009481WA0019800234005010012158167
B2203582023158S07009479WA0019700232005010016137155
B2203592023160S07009477WA0019600230005010021119132
B2204002023161S07009473WA0019500229005010027103127
B2204012023162S07009463WA0019200228005010031083105
B2204022023161S07009458WA0019200227005010031079102
B2204032023161S07009452WA0019100222005010031077106
B2204042023161S07009447WA0019000218005010031077109
B2204052023160S07009441WA0018800216005010030078116
B2204062023160S07009436WA0018700214005010029081118
B2204072023160S07009431WA0018600212005010028084122
B2204082023159S07009426WA0018500211005010026086124
B2204092023159S07009422WA0018400209005010026086124
B2204102023160S07009417WA0018300208005010027088125
B2204112023160S07009413WA0018100206005010027089117
B2204122023160S07009408WA0018000205005010028084115
B2204132023159S07009404WA0017900204005010030079107
B2204142023158S07009399WA0017800202005010031075107
B2204152023156S07009394WA0017700201005010031074106
B2204162023155S07009389WA0017600200005010031073109
B2204172023154S07009384WA0017400199005010030074114
B2204182023153S07009380WA0017400198005010029076113
B2204192023152S07009375WA0017300196005010029079107
B2204202023151S07009370WA0017200195005010030077095
B2204212023150S07009366WA0017100194005010033070079
B2204222023147S07009361WA0017000193005010036059067
B2204232023144S07009356WA0016800192005010039049059
B2204242023140S07009352WA0016700191005010040043049
B2204252023136S07009348WA0016600190005010041040043
B2204262023132S07009344WA0016500189005010041035038
B2204272023127S07009341WA0016400188005010042030024
B2204282023121S07009339WA0016300187005010042024021
B2204302023116S07009336WA0016200186005010044023027
B2204312023110S07009334WA0016100184005010044024035
B2204322023105S07009330WA0015900182005010044028042
B2204332023100S07009327WA0015800181005010043028045
B2204342023095S07009324WA0015700180005010043029045
B2204352023090S07009321WA0015700179005010041029049
B2204362023085S07009317WA0015700178005010040030053
B2204372023080S07009314WA0015700176005010039032056
B2204382023076S07009311WA0015700175005010037032066
B2204392023072S07009308WA0015700174005010036034073
B2204402023068S07009303WA0015700174005010035056079
B2204412023065S07009298WA0015700173005010035057086
B2204422023063S07009293WA0015600172005010035061090
B2204432023061S07009288WA0015500171005010032062092
B2204442023058S07009283WA0015400169005010031061100
B2204452023056S07009279WA0015300168005010029062107
B2204462023055S07009274WA0015200167005010028078115
B2204472023055S07009270WA0015100166005010027086124
B2204482023055S07009265WA0015100165005010026093134
B2204492023055S07009261WA0015100164005010024098140
B2204502023056S07009257WA0015000163005010021111147
B2204512023058S07009254WA0014900162005010019122159
B2204522023060S07009252WA0014800161005010019132167
B2204532023062S07009250WA0014800159005010017145180
B2204542023064S07009249WA0014800158005010017153192
B2204552023066S07009248WA0014800157005010016184197
B2204562023068S07009249WA0014700156005010014205207
B2204572023069S07009251WA0014700155005010020260216
B2204582023069S07009254WA0014600153005010023273242
B2204592023069S07009258WA0014600152005010022275241
B2205002023069S07009262WA0014600151005010021273237
B2205012023069S07009266WA0014600150005010021270235
B2205022023069S07009270WA0014500149005010023265239
B2205032023069S07009274WA0014400148005010026268244
B2205042023069S07009279WA0014400147005010027272253
B2205052023069S07009284WA0014400146005010029275266
B2205062023068S07009290WA0014300146005010026286264
B2205072023066S07009295WA0014200146005010025285248
B2205082023066S07009300WA0014200147005010023277238
B2205092023065S07009303WA0014200147005010017270228
B2205102023065S07009306WA0014300147005010015253229
B2205112023066S07009308WA0014300146005010014234225
B2205122023067S07009309WA0014300146005010014236225
B2205132023068S07009311WA0014400147005010013252232
B2205142023069S07009313WA0014400147005010013255222
B2205152023069S07009315WA0014400147005010013232200
B2205162023071S07009316WA0014400147005010013205181
B2205172023073S07009316WA0014400148005010014175170
B2205182023075S07009315WA0014400149005010017147149
B2205192023077S07009312WA0014300149005010021125134
B2205202023079S07009309WA0014200150005010025106116
B2205212023079S07009304WA0014200150005010029088104
B2205222023079S07009299WA0014100150005010031080092
B2205232023078S07009294WA0014100151005010030074096
B2205242023077S07009290WA0014100151005010028074105
B2205252023075S07009285WA0014100152005010026073111
B2205262023074S07009281WA0014100153005010027075116
B2205272023074S07009277WA0014100153005010028085127
B2205282023073S07009272WA0014100153005010026090137
B2205292023074S07009268WA0014200153005010026090151
B2205302023074S07009265WA0014200153005010016104166
B2205312023075S07009262WA0014100153005010013129171
B2205322023077S07009261WA0014100153005010014164185
B2205332023080S07009262WA0014100153005010014215193
B2205342023081S07009264WA0014000153005010019250214
B2205352023082S07009267WA0013800153005010022266231
B2205362023083S07009272WA0013700152005010022270239
B2205372023084S07009277WA0013500151005010020262236
B2205382023084S07009280WA0013400150005010019256233
B2205392023085S07009283WA0013300150005010021261238
B2205402023085S07009287WA0013200150005010025274235
B2205412023084S07009291WA0013200150005010023276234
B2205422023084S07009295WA0013200150005010018263219
B2205432023084S07009298WA0013200150005010015244200
B2205442023086S07009299WA0013200150005010017199190
B2205452023089S07009300WA0013200150005010018175170
B2205462023091S07009299WA0013300151005010018145154
B2205472023093S07009296WA0013300151005010020114134
B2205482023094S07009292WA0013300151005010027088112
B2205492023093S07009287WA0013300151005010031075102
B2205502023092S07009282WA0013300151005010028069103
B2205512023090S07009278WA0013200151005010026067118
B2205522023089S07009274WA0013200151005010023067126
B2205532023088S07009271WA0013100151005010021079135
B2205542023088S07009268WA0013000151005010016110147
B2205552023090S07009266WA0012900151005010018158168
B2205562023093S07009266WA0012800150005010016162190
B2205572023095S07009266WA0012700150005010014206192
B2205582023096S07009268WA0012500150005010020287208
B2205592023094S07009274WA0012400149005010026294252
B2206002023093S07009278WA0012300149005010020279249
B2206012023093S07009282WA0012200149005010016245233
B2206022023095S07009285WA0012100149005010019218206
B2206032023099S07009287WA0011900146005010020146187
B2206052023102S07009285WA0011700146005010021131160
B2206062023105S07009281WA0011700145005010019138155
B2206082023107S07009279WA0011400144005010019141150
B2206092023110S07009278WA0011300143005010019145153
B2206102023112S07009276WA0011200142005010017153165
B2206112023114S07009275WA0011200141005010016155160
B2206122023118S07009273WA0011000139005010016163171
B2206132023121S07009273WA0011000139005010015175174
B2206142023123S07009273WA0010900138005010014190205
B2206152023125S07009273WA0010800137005010011185218
B2206162023126S07009274WA0010700137005010007189182
B2206172023127S07009275WA0010600137005010004186184
B2206182023127S07009275WA0010500136005010001161182
B2206192023127S07009275WA0010500136005010002269179
B2206212023127S07009276WA0010400136005010000000179
B2206222023127S07009276WA0010400136005010002335180
B2206232023126S07009277WA0010400136005010001307180
B2206242023126S07009277WA0010400136005010001314187
B2206252023126S07009277WA0010400136005010000254185
B2206262023126S07009277WA0010400136005010000000185
B2206272023126S07009277WA0010400136005010000000185
B2206282023126S07009277WA0010400136005010001044185
B2206292023126S07009277WA0010400136005010000000185
B2206302023126S07009277WA0010400136005010001045185
B2206312023126S07009277WA0010400136005010000357185
B2206322023126S07009277WA0010400136005010001018185
B2206332023126S07009277WA0010400136005010000349185
B2206342023126S07009277WA0010400136005010000000185
B2206352023126S07009277WA0010400136005010000000185
B2206362023126S07009277WA0010400136005010000000185
B2206372023126S07009277WA0010400136005010000000185
B2206382023126S07009277WA0010400136005010000000185
B2206392023126S07009277WA0010400136005010001152185
B2206402023126S07009277WA0010400136005010001146185
B2206412023126S07009277WA0010400136005010000174185
B2206422023126S07009277WA0010400136005010001185185
B2206432023126S07009277WA0010400136005010000146185
B2206442023126S07009277WA0010400136005010001104185
B2206452023126S07009277WA0010400136005010001109185
B2206462023126S07009277WA0010400136005010001112185
B2206472023126S07009277WA0010400136005010001117185
B2206482023126S07009277WA0010400136005010000000185
B2206492023126S07009277WA0010400136005010000000185
GLBZupOjNpQhulsK8kinmu5FhbAg4wnN2DjJjVXbYHNN6bKuo2OOhAbqo/ReR/3lu
G7rm9fiywRbKopmFJn+rrlCpFXyovKmZISqCgm22gYyI1aD5IDm+wTG8YPLQ7DZ5F
GJ296CEia6yCT1W4VQTZM7apz51uhM6cPfuZfXkDk3R0=

