AXFH000
HFDTE280424
HFPLTPILOT:Scott O’Brien
HFGTYGLIDERTYPE:BGD Epic
HFDTM100GPSDATUM:WGS84
HFRFWFIRMWAREVERSION:8.2.1
HFRHWHARDWAREVERSION:iPhone 14 Pro
HFFTYFRTYPE:Flyskyhy,8.2.1
HFGPS:Internal
HFPRSVARIO:Internal Vario
HFCCLCOMPETITIONCLASS:Paraglider
HFTZNTIMEZONE:-7
HFSITSITE:Tollhouse,US
I053638FXA3941VXA4244GSP4547CCO4850HDT
C280424192716280424000108TASK
C0000000N00000000ETAKEOFF
C3700898N11922379W00010009999999000000360000STARTAREA 
C3701999N11923197W00000000000800000000360000TURNAREA ROCK
C3700841N11924023W00000000001000000000360000TURNAREA TOLLLZ
C3700931N11922402W00000000000400000000360000TURNAREA TOLLLN
C3703908N11927400W00000000001000000000360000TURNAREA 4LNTRN
C3701330N11924626W00000000002000000000360000TURNAREA KNOB
C3703908N11927400W00000000000400000000360000TURNAREA 4LNTRN
C3701330N11924626W00000000002000000000360000TURNAREA KNOB
C3700122N11924745W00000000000200000000360000TURNAREA LODGE
C3700841N11924023W00000000000400000000360000FINISHAREA TOLLLZ
C0000000N00000000ELANDING
B1927463700908N11922396WA0124501245007004001281309
B1927473700907N11922396WA0124501245007004000281314
B1927483700907N11922396WA0124501245007004000281006
B1927493700907N11922396WA0124501245008004001281335
B1927503700907N11922396WA0124501245008004001206031
B1927513700906N11922396WA0124501245008004001227068
B1927523700906N11922397WA0124501245007004003227067
B1927533700905N11922397WA0124501245007004003215065
B1927543700905N11922397WA0124401245007004003202047
B1927553700905N11922398WA0124401245006004001202006
B1927563700905N11922398WA0124401245006004001047049
B1927573700905N11922397WA0124401245005003004173197
B1927583700904N11922397WA0124401245005003004183218
B1927593700903N11922397WA0124501245005003004168210
B1928003700902N11922397WA0124401245005003003224221
B1928013700902N11922397WA0124501245005003003230231
B1928023700900N11922399WA0124401244005003010230240
B1928033700899N11922401WA0124401244005003011226235
B1928043700897N11922402WA0124401244005003011216236
B1928053700896N11922404WA0124401243005004011209237
B1928063700894N11922405WA0124401242005004011210241
B1928073700892N11922407WA0124301242005004019226245
B1928083700890N11922410WA0124301242004004020234242
B1928093700888N11922413WA0124201242004004019240239
B1928103700887N11922416WA0124201242004004019230212
B1928113700886N11922417WA0124201243004004013204200
B1928123700883N11922417WA0124301242005004018174188
B1928133700880N11922416WA0124301242005004026173185
B1928143700876N11922415WA0124401243006003026165191
B1928153700872N11922414WA0124401244006003026156188
B1928163700869N11922412WA0124501246006003023150185
B1928173700866N11922410WA0124501246006003019150185
B1928183700864N11922408WA0124601245005003020161180
B1928193700860N11922406WA0124601245005003020169185
B1928203700857N11922406WA0124701245005003022177193
B1928213700854N11922407WA0124801245006003022198202
B1928223700852N11922408WA0124801245006003017233215
B1928233700852N11922413WA0124801244006003023269236
B1928243700852N11922417WA0124801245005003023297267
B1928253700856N11922420WA0124701245005003026322295
B1928263700860N11922422WA0124601245005003028340318
B1928273700865N11922424WA0124601246004003030341339
B1928283700869N11922427WA0124601245005003030330340
B1928293700873N11922430WA0124601245004003029328324
B1928303700877N11922433WA0124601245004003029331322
B1928313700882N11922435WA0124601244004003030343325
B1928323700887N11922436WA0124601244004003033343319
B1928333700891N11922438WA0124601244004003033332319
B1928343700894N11922441WA0124501244005003029317310
B1928353700896N11922445WA0124501243005003024300302
B1928363700897N11922449WA0124501243005003023297287
B1928373700899N11922452WA0124401244005003022305282
B1928383700902N11922455WA0124401243006003022315284
B1928393700904N11922458WA0124401243006003022316286
B1928403700907N11922462WA0124301243006003024309282
B1928413700909N11922466WA0124301244006003024307275
B1928423700911N11922468WA0124301245006003019311281
B1928433700913N11922471WA0124301246006003019317286
B1928443700916N11922473WA0124401247006003019324291
B1928453700919N11922475WA0124501248006003021330283
B1928463700922N11922477WA0124601249005003023325273
B1928473700924N11922480WA0124701249005003021307260
B1928483700925N11922484WA0124701248006003021285252
B1928493700925N11922488WA0124801248006003021270258
B1928503700924N11922491WA0124901247006003020266252
B1928513700924N11922494WA0125001247006003019259239
B1928523700923N11922497WA0125001246006003017245221
B1928533700921N11922500WA0124901246007003023227208
B1928543700918N11922503WA0124901246007003023210189
B1928553700915N11922505WA0124801247007003023202175
B1928563700911N11922506WA0124801247007003024165188
B1928573700908N11922504WA0124801247008003024151182
B1928583700904N11922501WA0124801248009003024151186
B1928593700900N11922499WA0124901249009003026162188
B1929003700896N11922498WA0125001250011003028169188
B1929013700892N11922497WA0125101250012003028171200
B1929023700889N11922497WA0125201252011003024178209
B1929033700886N11922496WA0125301254011003021186205
B1929043700884N11922497WA0125301254010003017196211
B1929053700881N11922497WA0125401255010003017201213
B1929063700879N11922499WA0125601255009003018208217
B1929073700877N11922501WA0125701256009003018222241
B1929083700875N11922504WA0125901257009003018242245
B1929093700875N11922507WA0125901258009003018264265
B1929103700876N11922511WA0126001259009003020284268
B1929113700877N11922515WA0126101260010003023296283
B1929123700879N11922518WA0126101260010003023307298
B1929133700882N11922522WA0126201261009003028317310
B1929143700887N11922525WA0126301262009003031332333
B1929153700892N11922528WA0126401262009003038342345
B1929163700898N11922529WA0126501262009003041351003
B1929173700905N11922527WA0126501261010003041017017
B1929183700913N11922523WA0126601258012003046023040
B1929193700919N11922515WA0126601262014003046055049
B1929203700919N11922506WA0126601263015003036089080
B1929213700917N11922499WA0126601263015003036119119
B1929223700912N11922494WA0126601262017003032131146
B1929233700907N11922492WA0126601264017003030156163
B1929243700903N11922490WA0126701268018003030162181
B1929253700899N11922488WA0126801268017003020158181
B1929263700895N11922486WA0126901268016003020155181
B1929273700892N11922484WA0127101267016003020155177
B1929283700889N11922482WA0127301267016003021156185
B1929293700885N11922481WA0127501267015003025163197
B1929303700881N11922481WA0127601267015003028180211
B1929313700876N11922479WA0127601268014003028193220
B1929323700872N11922481WA0127701271013003026218229
B1929333700870N11922482WA0127701274013003023232226
B1929343700869N11922484WA0127701276012003017242230
B1929353700867N11922485WA0127701276011003014243242
B1929363700866N11922487WA0127801276010003019255256
B1929373700865N11922490WA0128001276010003019273271
B1929383700866N11922494WA0128101276009003023292286
B1929393700869N11922498WA0128201277009003027308293
B1929403700872N11922501WA0128301278008003028318291
B1929413700875N11922504WA0128301279007003028324294
B1929423700878N11922506WA0128401280006003025325297
B1929433700881N11922509WA0128401279006003025326303
B1929443700885N11922512WA0128401280005003027329311
B1929453700890N11922515WA0128501280005003036334315
B1929463700895N11922517WA0128501281005003037345323
B1929473700901N11922517WA0128501281005003037355340
B1929483700906N11922516WA0128501281005003037005007
B1929493700912N11922514WA0128501281005003038021013
B1929503700917N11922511WA0128601281005003042034039
B1929513700921N11922503WA0128601279007003048058055
B1929523700923N11922494WA0128601278008003048073083
B1929533700925N11922485WA0128501279008003048083110
B1929543700923N11922477WA0128401279008003046102129
B1929553700921N11922471WA0128301280008003037116143
B1929563700918N11922466WA0128301280009003037128159
B1929573700914N11922463WA0128201281009003032142173
B1929583700911N11922461WA0128201282009003027153175
B1929593700908N11922459WA0128201283008003023155182
B1930003700906N11922457WA0128301285009003019155195
B1930013700903N11922457WA0128401286009003019167205
B1930023700900N11922457WA0128501287010003018188216
B1930033700898N11922459WA0128601288009003018206227
B1930043700895N11922460WA0128701290010003018214231
B1930053700893N11922463WA0128801291010003018222238
B1930063700892N11922465WA0129001293011003018235247
B1930073700890N11922468WA0129001293009003018245268
B1930083700890N11922472WA0129101293009003019275275
B1930093700892N11922475WA0129201294010003020299282
B1930103700895N11922479WA0129301293011003025315294
B1930113700898N11922482WA0129401292011003025319299
B1930123700901N11922485WA0129501291011003025323309
B1930133700906N11922488WA0129501289011003028334333
B1930143700910N11922491WA0129501289011003035342347
B1930153700916N11922491WA0129401290011003037001000
B1930163700922N11922486WA0129301289010003045031013
B1930173700927N11922480WA0129201288010003044045041
B1930183700932N11922473WA0129001288009003044053059
B1930193700933N11922464WA0128901286009003044077068
B1930203700933N11922456WA0128901285009003046092097
B1930213700933N11922447WA0128801285009003046100114
B1930223700931N11922439WA0128801284008003043116122
B1930233700928N11922433WA0128701285008003040133139
B1930243700924N11922429WA0128601286007003034139161
B1930253700919N11922425WA0128501286008003036145174
B1930263700915N11922421WA0128301286008003038150176
B1930273700910N11922418WA0128201287007003036155182
B1930283700905N11922415WA0128101289007004035154181
B1930293700901N11922413WA0128001290007004030143182
B1930303700899N11922410WA0128001292007004022136178
B1930313700896N11922407WA0128101292007004023138181
B1930323700893N11922404WA0128301291006004023145180
B1930333700889N11922401WA0128501290006003026150178
B1930343700885N11922399WA0128701290006003028152178
B1930353700881N11922397WA0128801291006003029149178
B1930363700877N11922394WA0128901292006003029145177
B1930373700874N11922391WA0129001294006003028142172
B1930383700870N11922388WA0129001295006003028143169
B1930393700867N11922384WA0129101297007003029144171
B1930403700863N11922382WA0129201300007003026147189
B1930413700860N11922380WA0129301302007003026156199
B1930423700858N11922380WA0129501304008003022175210
B1930433700855N11922381WA0129701305008003019190207
B1930443700852N11922382WA0129901306007003019198211
B1930453700850N11922383WA0130101307008003018198217
B1930463700847N11922384WA0130301308008003018200214
B1930473700845N11922385WA0130501309007003016194216
B1930483700843N11922385WA0130601309007003016186214
B1930493700840N11922385WA0130701308007003016184209
B1930503700837N11922385WA0130801309007003021185206
B1930513700834N11922386WA0130801309006003021182205
B1930523700831N11922386WA0130901310005003020177193
B1930533700828N11922385WA0130901312005003017170191
B1930543700826N11922384WA0130901314005003017161184
B1930553700823N11922383WA0131001315005003019153185
B1930563700820N11922381WA0131201316005003022156202
B1930573700817N11922380WA0131301318005003021170215
B1930583700814N11922381WA0131501320004003021196229
B1930593700813N11922384WA0131701322006003018230256
B1931003700812N11922387WA0131801324005003018251269
B1931013700811N11922390WA0132001324005003017275274
B1931023700812N11922392WA0132101324006003013308284
B1931033700813N11922393WA0132301324007003013308295
B1931043700816N11922395WA0132501324008003017342298
B1931053700820N11922397WA0132601323008003019346320
B1931063700825N11922396WA0132601324008003019013328
B1931073700832N11922391WA0132701322009004031044345
B1931083700836N11922381WA0132701323009003048062041
B1931093700837N11922372WA0132801323010003047078071
B1931103700839N11922363WA0132801323009003047093092
B1931113700836N11922356WA0132801322008003040115111
B1931123700835N11922350WA0132901323008003039135142
B1931133700832N11922345WA0133001325008003036144165
B1931143700829N11922343WA0133001327009003024155177
B1931153700827N11922342WA0133001329009003024158195
B1931163700825N11922341WA0133001330011003019161196
B1931173700822N11922340WA0133101329010003019165196
B1931183700818N11922340WA0133201329011003024172209
B1931193700814N11922339WA0133301330010003027174201
B1931203700810N11922339WA0133401331010003027170198
B1931213700807N11922338WA0133401331009003024166185
B1931223700804N11922337WA0133501334009003021161197
B1931233700801N11922336WA0133601334009003021167203
B1931243700798N11922335WA0133701334008003023177208
B1931253700794N11922335WA0133701334008003025187208
B1931263700791N11922337WA0133801334009003023198216
B1931273700788N11922338WA0133901335009003023204220
B1931283700785N11922340WA0134001336009003021202222
B1931293700783N11922342WA0134001337009003017209223
B1931303700782N11922344WA0134001338010003017221244
B1931313700781N11922346WA0134001340010003014255265
B1931323700781N11922347WA0134101340009003010273271
B1931333700782N11922349WA0134101340008003010312274
B1931343700784N11922352WA0134201340008003019303268
B1931353700786N11922355WA0134301339007003019296254
B1931363700787N11922359WA0134301339006003018284243
B1931373700787N11922362WA0134301337007003016250237
B1931383700785N11922364WA0134201336007003016230232
B1931393700783N11922366WA0134201335007003018220229
B1931403700781N11922369WA0134001334008003018224236
B1931413700780N11922372WA0134001334007003018239259
B1931423700780N11922374WA0133901334008003016273263
B1931433700781N11922377WA0133801334008003016306281
B1931443700783N11922379WA0133701333008003019317283
B1931453700785N11922382WA0133601331007003022319291
B1931463700788N11922385WA0133601329007003022317279
B1931473700791N11922390WA0133501328008003026314274
B1931483700794N11922395WA0133401328008003031306259
B1931493700797N11922400WA0133201328009003028297257
B1931503700799N11922405WA0133101329008003028284255
B1931513700799N11922409WA0133001329008003024278251
B1931523700798N11922413WA0132901330007003023259251
B1931533700797N11922416WA0132901330008003019258248
B1931543700796N11922420WA0132901329008003021260246
B1931553700796N11922425WA0133001329009003025259244
B1931563700794N11922430WA0133001329009003025253245
B1931573700793N11922435WA0133001329009003028248241
B1931583700791N11922440WA0133001330009003028245248
B1931593700790N11922443WA0133101332008003020245258
B1932003700790N11922447WA0133101333008003021264275
B1932013700790N11922451WA0133201335009003021284285
B1932023700793N11922455WA0133301336009003024304305
B1932033700797N11922459WA0133501339008003028326322
B1932043700801N11922461WA0133601339008003036348337
B1932053700807N11922461WA0133801340007003040009359
B1932063700814N11922457WA0133901338007003040041021
B1932073700820N11922449WA0134101337008003048050052
B1932083700823N11922440WA0134201340009003049076066
B1932093700822N11922431WA0134301343010003041094096
B1932103700822N11922423WA0134401347011003041101118
B1932113700819N11922417WA0134501345011004030118125
B1932123700816N11922414WA0134601342013004022144151
B1932133700812N11922411WA0134601342015004022154184
B1932143700805N11922409WA0134801338014004029164198
B1932153700800N11922409WA0134901339013004029180205
B1932163700796N11922410WA0135101340012003027201218
B1932173700793N11922412WA0135301343012003024225232
B1932183700792N11922416WA0135401345011003022252248
B1932193700793N11922420WA0135501347010003024281265
B1932203700795N11922424WA0135701350010003027314282
B1932213700798N11922427WA0135801351009003027334304
B1932223700803N11922428WA0136001352009004027000317
B1932233700808N11922425WA0136201354009004028028339
B1932243700813N11922419WA0136401356009004043052009
B1932253700817N11922411WA0136501357010004043059051
B1932263700819N11922403WA0136701358010004043077062
B1932273700818N11922395WA0136801360011005034110086
B1932283700816N11922391WA0136801361013005026126134
B1932293700811N11922388WA0137001359013005024163160
B1932303700808N11922390WA0137101359015006024200192
B1932313700804N11922392WA0137301361017006017219217
B1932323700800N11922396WA0137501361017005017260232
B1932333700799N11922400WA0137701367015005022290255
B1932343700802N11922405WA0137801368013005030321274
B1932353700807N11922407WA0138001371012005036343300
B1932363700813N11922406WA0138101371011005036017323
B1932373700820N11922401WA0138201368011005038043357
B1932383700825N11922393WA0138301370010004044061032
B1932393700825N11922384WA0138301371010004038101059
B1932403700821N11922377WA0138401371010004040154116
B1932413700815N11922378WA0138401372010004038188174
B1932423700810N11922379WA0138501374010004033188203
B1932433700807N11922381WA0138501376010004027189204
B1932443700807N11922384WA0138501377010004019296208
B1932453700809N11922388WA0138601377010004020319276
B1932463700813N11922391WA0138701378010004020331292
B1932473700818N11922393WA0138801380010005025343300
B1932483700823N11922394WA0139001383009005031001314
B1932493700830N11922392WA0139101384009005037027337
B1932503700836N11922387WA0139301379008005045056010
B1932513700839N11922379WA0139401379009005044069052
B1932523700839N11922371WA0139501378009006044113070
B1932533700836N11922365WA0139601380009006038143128
B1932543700831N11922364WA0139701380010006028160165
B1932553700827N11922363WA0139801382009006028178191
B1932563700823N11922365WA0139901384009005023196209
B1932573700820N11922367WA0140101385009005021216230
B1932583700818N11922370WA0140201386010005021246246
B1932593700817N11922374WA0140401386009006023274260
B1933003700818N11922379WA0140401388009006027288272
B1933013700820N11922384WA0140501389009006025294279
B1933023700822N11922389WA0140601390009006026294273
B1933033700823N11922394WA0140801391009006026285276
B1933043700825N11922399WA0140901392009006024293271
B1933053700826N11922404WA0141001393009006024296270
B1933063700827N11922407WA0141201394011006021294272
B1933073700828N11922409WA0141401395012006021288268
B1933083700829N11922413WA0141601397012007023290269
B1933093700831N11922416WA0141801398012007023295272
B1933103700832N11922420WA0141901398012007022298270
B1933113700833N11922423WA0142001398012007021296277
B1933123700835N11922427WA0142101399011007025291274
B1933133700836N11922432WA0142201399011007029291272
B1933143700837N11922437WA0142301404010007028289268
B1933153700838N11922442WA0142301407010007028287258
B1933163700839N11922447WA0142501409012007028283264
B1933173700840N11922453WA0142701412011007029282273
B1933183700841N11922458WA0142901414010007030287276
B1933193700843N11922464WA0143101417011007030289270
B1933203700844N11922469WA0143301420011007031287271
B1933213700845N11922475WA0143601422011007031283269
B1933223700846N11922480WA0143801426012007029281270
B1933233700846N11922485WA0144001429012007029281267
B1933243700847N11922489WA0144301432013007027282265
B1933253700848N11922493WA0144501435012006023285278
B1933263700849N11922497WA0144701438012006023285298
B1933273700851N11922500WA0145001440012006023293311
B1933283700853N11922503WA0145201440013006026310331
B1933293700857N11922507WA0145401440012006026330348
B1933303700861N11922509WA0145501440013006026330005
B1933313700867N11922504WA0145501438016006029047010
B1933323700871N11922493WA0145601436018006049082064
B1933333700872N11922480WA0145601437020007049096106
B1933343700873N11922471WA0145601442019007039096123
B1933353700870N11922464WA0145601441018007036115125
B1933363700866N11922462WA0145601436017007033159148
B1933373700863N11922467WA0145601438015006024229190
B1933383700862N11922472WA0145701439013006024258242
B1933393700862N11922477WA0145701440014006024285265
B1933403700865N11922481WA0145801441013006027307287
B1933413700868N11922485WA0145801442012006032305306
B1933423700871N11922490WA0145901444012006034309308
B1933433700874N11922494WA0145901445013006034313308
B1933443700878N11922497WA0146001446014006032323306
B1933453700884N11922495WA0146101444014006032357312
B1933463700889N11922496WA0146201443014006035351327
B1933473700895N11922497WA0146201443016007038345327
B1933483700901N11922499WA0146301443019006039342325
B1933493700906N11922500WA0146301445018006038346324
B1933503700912N11922501WA0146301445018006038346320
B1933513700917N11922502WA0146301446019006035344316
B1933523700923N11922503WA0146301447019006031337312
B1933533700927N11922505WA0146301448019006033331313
B1933543700932N11922508WA0146301449019007033325309
B1933553700936N11922511WA0146301449017007033326310
B1933563700940N11922515WA0146301450015007035327312
B1933573700945N11922518WA0146301452015007037325307
B1933583700951N11922522WA0146301454015007037324315
B1933593700955N11922525WA0146301455013008035325320
B1934003700959N11922529WA0146301453013008035320320
B1934013700963N11922532WA0146301453013008032318315
B1934023700967N11922536WA0146201453012008035321320
B1934033700971N11922540WA0146201452012008039325314
B1934043700976N11922545WA0146001452011008039323308
B1934053700981N11922549WA0145801451010008039323305
B1934063700985N11922553WA0145501450010008038320309
B1934073700990N11922558WA0145101448008008041318307
B1934083700994N11922563WA0144801446008008044314303
B1934093700999N11922569WA0144501446007007041312304
B1934103701002N11922574WA0144301445007007041309306
B1934113701006N11922579WA0144001442007007037311316
B1934123701009N11922584WA0143701441007007037314319
B1934133701013N11922589WA0143501441007007040321311
B1934143701018N11922593WA0143301441006007040321309
B1934153701023N11922598WA0143001441006007042318300
B1934163701029N11922604WA0142701439007007047315301
B1934173701034N11922610WA0142501438009008046315300
B1934183701038N11922616WA0142201437009008046315297
B1934193701042N11922621WA0142201437009008041315296
B1934203701046N11922626WA0142101434008007039315299
B1934213701050N11922631WA0142001433008007039318307
B1934223701055N11922637WA0141901432007007048319309
B1934233701061N11922643WA0141801431008007050320310
B1934243701067N11922649WA0141601431009007049320305
B1934253701072N11922654WA0141401430008007049319307
B1934263701077N11922660WA0141201429008007046318302
B1934273701081N11922665WA0141001427009007041317308
B1934283701086N11922670WA0140801425009007043317311
B1934293701091N11922676WA0140701422009007043319310
B1934303701097N11922681WA0140501420008007045321318
B1934313701102N11922686WA0140401418008007046323316
B1934323701108N11922691WA0140201416008007045325318
B1934333701114N11922696WA0140001415008006046326323
B1934343701120N11922700WA0139801414007006046328322
B1934353701126N11922705WA0139801413007006048330325
B1934363701133N11922709WA0139701412006006050330318
B1934373701140N11922714WA0139501411007006051333327
B1934383701147N11922718WA0139401409008006054336331
B1934393701155N11922722WA0139301407008006054336328
B1934403701163N11922726WA0139201407008006056335322
B1934413701170N11922730WA0139101405008006056334319
B1934423701177N11922734WA0138901404007006053334323
B1934433701184N11922738WA0138801402007006053332314
B1934443701190N11922742WA0138701400006005050330318
B1934453701196N11922747WA0138601398006005048330322
B1934463701203N11922751WA0138401398006005048333319
B1934473701210N11922756WA0138301395005005054331312
B1934483701217N11922760WA0138101395005005054331310
B1934493701223N11922765WA0137901395006005051331313
B1934503701228N11922769WA0137901393006005049325315
B1934513701233N11922773WA0137701390006005042327319
B1934523701238N11922777WA0137501389006005041333316
B1934533701243N11922780WA0137401389006005042333316
B1934543701249N11922784WA0137101388007005042331305
B1934553701255N11922788WA0136901388008006045327314
B1934563701260N11922793WA0136601388010006049324318
B1934573701266N11922798WA0136301388010006045326313
B1934583701271N11922802WA0135901387010006045331314
B1934593701277N11922806WA0135601382011006040333309
B1935003701282N11922809WA0135401381011006040334309
B1935013701287N11922812WA0135201381012006040334310
B1935023701293N11922816WA0134901381011006046330313
B1935033701299N11922821WA0134701381010006049328311
B1935043701306N11922826WA0134501379011006048329308
E193504Waypoint  reached
B1935053701312N11922830WA0134301379011007048330306
B1935063701317N11922834WA0134301379012006042330301
B1935073701322N11922838WA0134201378013006039331306
B1935083701327N11922841WA0134101376013006039337310
B1935093701333N11922844WA0134101374013006039338308
B1935103701340N11922847WA0134101373012006042337309
B1935123701346N11922850WA0134001372011006041333304
B1935133701351N11922854WA0134001373011006041331308
B1935143701356N11922857WA0134001373010006038330311
B1935153701361N11922860WA0134001372010006038334315
B1935163701367N11922863WA0134001371010005040339317
B1935173701372N11922865WA0134001370011005040342308
B1935183701378N11922867WA0134001369011005040343308
B1935193701384N11922869WA0134001367010005040344306
B1935203701390N11922871WA0134001366010005041345309
B1935213701396N11922873WA0134001364010005041347307
B1935223701402N11922875WA0133901363011005041346306
B1935233701408N11922877WA0133901363010005040342301
B1935243701413N11922880WA0133801363010005039334293
B1935253701418N11922884WA0133801364011005039329298
B1935263701422N11922887WA0133701365013005037328302
B1935273701427N11922890WA0133701365012005034331293
B1935283701431N11922893WA0133701365014005032335298
B1935293701436N11922895WA0133801364014005032337299
B1935303701441N11922897WA0133901363013005033338299
B1935313701445N11922900WA0133901361014005033338304
B1935323701450N11922903WA0133901358014005034338301
B1935333701456N11922906WA0133901355013005037335310
B1935343701462N11922909WA0133801353012005043333315
B1935353701468N11922913WA0133701353011005045333310
B1935363701474N11922917WA0133401353011005043339306
B1935373701480N11922920WA0133201353010005043339302
B1935383701485N11922922WA0133201353011005042338298
B1935393701490N11922925WA0133101352012005035336301
B1935403701496N11922927WA0133001350012005036338302
B1935413701501N11922930WA0132901349012005036339299
B1935423701507N11922933WA0132901348011005039337295
B1935433701517N11922938WA0132801347009004039337303
B1935443701523N11922941WA0132801347009004040340305
B1935453701529N11922943WA0132701347009004040344306
B1935463701535N11922945WA0132701347009004042343312
B1935473701541N11922948WA0132701348009004042343310
B1935483701547N11922950WA0132701348009004042343313
B1935493701554N11922952WA0132701348009004044343315
B1935503701560N11922955WA0132701349008004044343321
B1935513701567N11922957WA0132801350008004046344321
B1935523701574N11922959WA0132801351008004046348321
B1935533701580N11922960WA0132801352008004042352318
B1935543701586N11922960WA0132901352008004042354315
B1935553701592N11922961WA0133001352008004042351317
B1935563701599N11922963WA0133101352008004043349324
B1935573701605N11922964WA0133201352007004043348322
B1935583701611N11922966WA0133301352008004039349314
E193558Waypoint ROCK reached
B1935593701617N11922967WA0133401352008004039345310
B1936003701622N11922969WA0133401351008004037342308
B1936013701628N11922971WA0133501351009004037341311
B1936023701633N11922974WA0133501350009004038338308
B1936033701639N11922977WA0133501349009004040334307
B1936043701644N11922981WA0133501348009004040331295
B1936053701649N11922985WA0133401347009004040326296
B1936063701654N11922990WA0133401345009004041323284
B1936073701659N11922995WA0133301345009004044320292
B1936083701664N11923000WA0133201346010004044318282
B1936093701669N11923006WA0133201345012004044317270
B1936103701673N11923010WA0133101346014004041314269
B1936113701677N11923015WA0133101346014004037310273
B1936123701680N11923021WA0133101345014004037301269
B1936133701682N11923028WA0133101345015004040294262
B1936143701684N11923035WA0133101345014004040287261
B1936153701686N11923042WA0133101345013004036286250
B1936163701687N11923047WA0133101344013004032285240
B1936173701688N11923051WA0133101345012004029282237
B1936183701688N11923055WA0133101344011004018260236
B1936193701687N11923058WA0133201344011004020239226
B1936203701684N11923061WA0133201342010004020216214
B1936213701681N11923062WA0133201342009004021197206
B1936223701678N11923062WA0133201341009004021184202
B1936233701676N11923062WA0133201340008004016185203
B1936243701673N11923062WA0133201340008004017196205
B1936253701670N11923063WA0133101339008004017201207
B1936263701667N11923064WA0133001338007004019195196
B1936273701664N11923065WA0133001338007004022191199
B1936283701659N11923066WA0132901337007004028182198
B1936293701655N11923066WA0132701337007004028188199
B1936303701651N11923068WA0132601337007004028193199
B1936313701647N11923069WA0132501337006004027190193
B1936323701643N11923070WA0132501336007004026184188
B1936333701639N11923070WA0132401336007004029179189
B1936343701634N11923070WA0132401336007005030177192
B1936353701630N11923069WA0132301336007005029175192
B1936363701625N11923069WA0132301336008005029173192
B1936373701621N11923068WA0132201335008006028176196
B1936383701617N11923068WA0132101335009006027181196
B1936393701613N11923068WA0132001335009006027184200
B1936403701609N11923068WA0132001335009007026184196
B1936413701605N11923068WA0131901335009007025183197
B1936423701602N11923068WA0131801335009007025185200
B1936433701598N11923069WA0131701334010007028187203
B1936443701593N11923070WA0131601334011007030190202
B1936453701589N11923071WA0131501335011008030195208
B1936463701584N11923073WA0131401335012008030197203
B1936473701580N11923074WA0131301335012008028199203
B1936483701577N11923076WA0131301335012008022197196
B1936493701574N11923077WA0131301335011008022192194
B1936503701571N11923078WA0131401334011008019191191
B1936513701569N11923078WA0131401332011008019182190
B1936523701565N11923078WA0131401331011009021181196
B1936533701561N11923078WA0131301330010009030188199
B1936543701556N11923079WA0131101328010009033192197
B1936553701551N11923081WA0130901328010009031192198
B1936563701547N11923082WA0130901327010009031191203
B1936573701542N11923083WA0130601326009009028189201
B1936583701538N11923084WA0130401325010009025190201
B1936593701535N11923084WA0130201325009009026190201
B1937003701531N11923085WA0130101324009009026192200
B1937013701526N11923086WA0130001323009009029191193
B1937023701521N11923087WA0129901322010009031186184
B1937033701516N11923088WA0129701322010010031181175
B1937043701511N11923088WA0129501321011010031178178
B1937053701506N11923088WA0129401321011010031174173
B1937063701501N11923087WA0129201319011010033170175
B1937073701496N11923086WA0129101317011010034166187
B1937083701491N11923085WA0128901316011010034169200
B1937093701487N11923084WA0128801314012010034181209
B1937103701482N11923085WA0128601312011010030186207
B1937113701478N11923086WA0128401314011010029192202
B1937123701474N11923087WA0128401315011010029191194
B1937133701469N11923088WA0128201316011010032188193
B1937143701465N11923089WA0128101315011010032188197
B1937153701460N11923090WA0127901315011010032193202
B1937163701455N11923092WA0127701314011010030195202
B1937183701451N11923093WA0127501313012010031195199
B1937193701447N11923095WA0127401312012010032193193
B1937203701442N11923097WA0127201311013011031190197
B1937213701438N11923098WA0127101311012010030190200
B1937223701434N11923099WA0127001310012010027195202
B1937233701430N11923101WA0127001309012010026197195
B1937243701427N11923102WA0126901307012010027198198
B1937253701423N11923103WA0126801305012010027196205
B1937263701418N11923105WA0126601304013010028194204
B1937273701414N11923106WA0126501302012010032196212
B1937283701410N11923109WA0126301302012010032211206
B1937293701407N11923112WA0126301300012010030222204
B1937303701404N11923114WA0126201300011010025226210
B1937313701403N11923116WA0126201300011010019224202
B1937323701403N11923116WA0126201301011010006195200
B1937333701402N11923116WA0126401301010010014199204
B1937343701400N11923117WA0126501301011010014196199
B1937353701396N11923118WA0126501299010010021192196
B1937363701393N11923119WA0126501299010010022188195
B1937373701390N11923119WA0126501299010010018177196
B1937383701387N11923119WA0126301298010010018182200
B1937393701384N11923119WA0126301297010010018184197
B1937403701382N11923120WA0126201295010010018197202
B1937413701378N11923121WA0126201294010010023196205
B1937423701375N11923122WA0126301295010010022184202
B1937433701372N11923122WA0126301294010010022184208
B1937443701369N11923123WA0126301294010010020186210
B1937453701366N11923123WA0126301297009010020189215
B1937463701364N11923123WA0126401297009010017192208
B1937473701362N11923124WA0126501296009010018197210
B1937483701359N11923125WA0126601296008010018199220
B1937493701356N11923127WA0126801294007010018207214
B1937503701354N11923129WA0126801293008010019210213
B1937513701352N11923131WA0126901291008010021215213
B1937523701349N11923134WA0126901292009010023222209
B1937533701347N11923137WA0126901292009010023222214
B1937543701344N11923140WA0126901288009009023220211
B1937553701342N11923143WA0127001288008008021223211
B1937563701340N11923145WA0127101289008008021223217
B1937573701338N11923148WA0127201290008008018222216
B1937583701337N11923150WA0127501291008008018219213
B1937593701335N11923152WA0127801293008008017216213
B1938003701333N11923153WA0127801296007007017209208
B1938013701331N11923154WA0128101297007007016207222
B1938023701329N11923155WA0128501300007007013212250
B1938033701329N11923157WA0128901305008007017259263
B1938043701329N11923160WA0129301306008007017275287
B1938053701330N11923162WA0129801307008007018291306
B1938063701332N11923166WA0130201308009007018337319
B1938073701338N11923166WA0130601306009007036006348
B1938083701343N11923166WA0131001307011007036006027
B1938093701346N11923164WA0131401309010008036006028
B1938103701345N11923159WA0131801303008008019097321
B1938113701348N11923149WA0132201312008008019167151
B1938123701345N11923151WA0132501319011008023233198
B1938133701344N11923155WA0132901318012009023249236
B1938143701345N11923159WA0133301321012009021301247
B1938153701352N11923161WA0133701328011008021338283
B1938163701358N11923161WA0133701335011008036002315
B1938173701364N11923153WA0134101344010008044026356
B1938183701369N11923145WA0134601349010007047049026
B1938193701373N11923137WA0135101351010007045052054
B1938203701376N11923130WA0135601352010007045052059
B1938213701377N11923122WA0136001356011007041085060
B1938223701377N11923116WA0136401361013007016097098
B1938233701373N11923114WA0136801360016007018190139
B1938243701370N11923115WA0137201360018007016246201
B1938253701369N11923118WA0137601361020007014269236
B1938263701366N11923122WA0138001358021007014294248
B1938273701368N11923125WA0138301359019007025320263
B1938283701372N11923128WA0138701362017007025338295
B1938293701376N11923127WA0139001368017007025024311
B1938303701381N11923122WA0139401371016007032058008
B1938313701385N11923114WA0139701375017007037070066
B1938323701386N11923105WA0139701378017007036070081
B1938333701385N11923101WA0140001380017007036103081
B1938343701381N11923097WA0140401379017007029150121
B1938353701377N11923097WA0140701382019008027173170
B1938363701374N11923096WA0141101379021007027237189
B1938373701373N11923098WA0141401382022007019292235
B1938383701374N11923102WA0141701386023007026323270
B1938393701380N11923106WA0141901380025007026344299
B1938403701388N11923101WA0142001382025007041021318
B1938413701396N11923097WA0142201381023007051039010
B1938423701401N11923091WA0142401382023007049046035
B1938433701407N11923087WA0142601390023007049055043
B1938443701406N11923082WA0142901392024007039108055
B1938453701401N11923080WA0143201394026007022186125
B1938463701396N11923087WA0143501398027008018255239
B1938473701396N11923088WA0143701399024007020285248
B1938483701397N11923090WA0144001403021007018304267
B1938493701399N11923090WA0144301409020007014304277
B1938503701404N11923085WA0144501417019007014055272
B1938513701406N11923077WA0144701417019006051075013
B1938523701404N11923067WA0144901422018006051096080
B1938533701400N11923062WA0145101428017005048127107
B1938543701397N11923056WA0145301431017005037159143
B1938553701393N11923057WA0145501436016005028183179
B1938563701389N11923057WA0145801438017005024190204
B1938573701385N11923059WA0146001440017005025198214
B1938583701382N11923061WA0146301442018005025203215
B1938593701378N11923063WA0146501443016005025211217
B1939003701374N11923066WA0146701447017004028215226
B1939013701371N11923070WA0146901452018004029219225
B1939023701368N11923074WA0146901457016004029222226
B1939033701366N11923077WA0147101460016004025226228
B1939043701363N11923080WA0147301461015004022227228
B1939053701361N11923083WA0147501462016004022228231
B1939063701359N11923086WA0147701463017004024224222
B1939073701356N11923089WA0148001465018004025221227
B1939083701354N11923092WA0148201467019004024220225
B1939093701352N11923095WA0148401468021004023222226
B1939103701350N11923098WA0148601469022004023222225
B1939113701348N11923100WA0148701469023004023227230
B1939123701347N11923104WA0148901470022004023229229
B1939133701346N11923107WA0148901471022004023230228
B1939143701344N11923110WA0149001471021005023233228
B1939153701343N11923114WA0149001471020005023233234
B1939163701343N11923117WA0148901472018005024234236
B1939173701342N11923121WA0148901473017005025233233
B1939183701341N11923126WA0148901472015006025229229
B1939193701338N11923130WA0148801471014006026228234
B1939203701336N11923134WA0148701471014006026225229
B1939213701333N11923137WA0148601470014006026223221
B1939223701330N11923141WA0148501469012007026221220
B1939243701327N11923144WA0148301470011007026220230
B1939253701324N11923147WA0148201469011007027221231
B1939263701320N11923151WA0148001469011007028222228
B1939273701316N11923155WA0147701468010007031222235
B1939283701312N11923160WA0147501467010008031223226
B1939293701308N11923164WA0147301467009008032226236
B1939303701306N11923169WA0147101465008007031230227
B1939313701302N11923173WA0146901465008007032230233
B1939323701299N11923178WA0146801465008007031230225
B1939333701296N11923182WA0146701463010007031229219
B1939343701293N11923186WA0146601463011007030229228
B1939353701290N11923190WA0146601463011007030229238
B1939363701286N11923194WA0146501463011007033229232
B1939373701283N11923199WA0146301462011007033228223
B1939383701279N11923204WA0146101462010007033226221
B1939393701275N11923209WA0145801461010007035225230
B1939403701271N11923214WA0145601461009007033234236
B1939413701268N11923219WA0145301461009007033238231
B1939423701265N11923225WA0145101456008007033239224
B1939433701262N11923231WA0144901455008007034235221
B1939443701259N11923236WA0144601455009007035233226
B1939453701255N11923241WA0144401454008007034231225
B1939463701252N11923246WA0144201452009007034233224
B1939473701249N11923251WA0144001450009007032233222
B1939483701246N11923255WA0143801448008007030228217
B1939493701243N11923259WA0143601446007007030225221
B1939503701239N11923264WA0143401444006007033225225
B1939513701236N11923269WA0143401442007007033228221
B1939523701233N11923273WA0143201440007007033228220
B1939533701230N11923277WA0143101437006007031225217
B1939543701226N11923281WA0142901434007007031221219
B1939553701222N11923285WA0142701431007007033222222
B1939563701219N11923290WA0142501429007007034225228
B1939573701215N11923295WA0142301427007007034226220
B1939583701212N11923300WA0142001427008007034226220
B1939593701208N11923304WA0141801425009006034222218
B1940003701204N11923308WA0141501424008006032222220
B1940013701201N11923312WA0141301421008006033224223
B1940023701197N11923317WA0141101421008006033226225
B1940033701194N11923321WA0140901420008006033227221
B1940043701190N11923326WA0140701419008006033226218
B1940053701187N11923331WA0140401418008007032223219
B1940063701183N11923335WA0140401418009007033224221
B1940073701180N11923340WA0140201418009007033228227
B1940083701176N11923344WA0140001417010007033231228
B1940093701173N11923349WA0139801417010007031233229
B1940103701170N11923354WA0139501416011007030233222
B1940113701167N11923358WA0139301413011007031232218
B1940123701164N11923363WA0139101412012007030230218
B1940133701161N11923368WA0138901411012007031228217
B1940143701158N11923372WA0138701410012007031226212
B1940153701154N11923376WA0138501409013007031224210
B1940163701151N11923381WA0138201408014007031223212
B1940173701148N11923385WA0138001405014007030222212
B1940183701144N11923389WA0137801401013007029223216
B1940193701141N11923393WA0137601399013007029224218
B1940203701137N11923397WA0137301396012007031224214
B1940213701134N11923401WA0137101393012007031221213
B1940223701131N11923405WA0137101391012007030219214
B1940233701127N11923409WA0136901389011006030220217
B1940243701124N11923413WA0136701388010006030223221
B1940253701121N11923417WA0136501386009006030226223
B1940263701117N11923421WA0136301386010006030227219
B1940273701114N11923425WA0136101385009006030227219
B1940283701111N11923429WA0136001384009006029227222
B1940293701109N11923433WA0135901383009006028228220
B1940303701106N11923437WA0135701382009006028229218
E194030Waypoint TOLLLZ reached
B1940313701103N11923441WA0135601381010007029228221
B1940323701100N11923445WA0135501380012007029228219
B1940333701097N11923449WA0135301379012007029229219
B1940343701094N11923453WA0135101379012007029226213
B1940353701091N11923457WA0135001377011007026223211
B1940363701088N11923460WA0134801376012007026220210
B1940373701085N11923462WA0134601375012007026215200
B1940383701082N11923463WA0134601373011007024200197
B1940393701079N11923463WA0134501370012007022173189
B1940403701076N11923462WA0134401368012007025150177
B1940413701073N11923457WA0134201365013007032131167
B1940423701070N11923451WA0134001361013007032118148
B1940433701068N11923444WA0133801358012006036114134
B1940443701066N11923438WA0133501356011006036117128
B1940453701063N11923432WA0133301354012006034120125
B1940463701061N11923426WA0133001354012006036118124
B1940473701058N11923420WA0132801353012006036114119
B1940483701056N11923413WA0132701352012006039111118
B1940493701054N11923406WA0132501352013006039111123
B1940503701052N11923399WA0132401352013007034113117
B1940513701050N11923393WA0132401351013006034112122
B1940523701049N11923388WA0132301351013006033107123
B1940533701048N11923383WA0132301349012006031104120
B1940543701047N11923377WA0132301347012006031103118
B1940553701045N11923371WA0132401344013005036103114
B1940563701044N11923364WA0132401342014005038102113
B1940573701043N11923356WA0132401340014005038102111
B1940583701041N11923348WA0132301339013005040102114
B1940593701040N11923341WA0132201338013005041103113
B1941003701039N11923334WA0132101338012005038102115
B1941013701038N11923327WA0132001337011005038101116
B1941023701037N11923320WA0131901335010005037101115
B1941033701036N11923313WA0131801333010005037101111
B1941043701034N11923305WA0131701331010005040102106
B1941053701033N11923297WA0131601330009005044103109
B1941063701031N11923289WA0131501330008004044104111
B1941073701030N11923282WA0131401330008004042103114
B1941083701029N11923275WA0131401330008004040102116
B1941093701028N11923267WA0131301329009004040101114
B1941103701026N11923260WA0131301328008004042101112
B1941113701025N11923252WA0131301327007004043100111
B1941123701024N11923244WA0131201327008004043101116
B1941133701022N11923236WA0131201326008004043103120
B1941143701021N11923229WA0131201326008004041106122
B1941153701019N11923221WA0131201324008004042108122
B1941163701017N11923214WA0131101323008004043109123
B1941173701014N11923207WA0131101323008004042111128
B1941183701012N11923200WA0131001322008004041115138
B1941193701009N11923193WA0131001321008004040117135
B1941203701006N11923187WA0130901320008004039118133
B1941213701004N11923180WA0130801320009004039116127
B1941223701002N11923173WA0130701320010004039112127
B1941233701000N11923167WA0130701319010004039108128
B1941243700998N11923160WA0130601318010004037106127
B1941253700997N11923154WA0130601316010004036107125
B1941263700995N11923147WA0130601315011004038107122
B1941273700992N11923133WA0130501311011004039105110
B1941283700990N11923125WA0130401309011004040105113
B1941303700988N11923117WA0130201307011003045105112
B1941313700987N11923109WA0130101306010003045104112
B1941323700985N11923101WA0129901305010003045104117
B1941333700984N11923093WA0129701304009003043103119
B1941343700982N11923086WA0129601304009003041104127
B1941353700981N11923079WA0129501303009003039106128
B1941363700979N11923072WA0129401302009003040109123
B1941373700977N11923065WA0129301301008003040110124
B1941383700975N11923058WA0129201300007003040107122
B1941393700973N11923050WA0129201299007003040106122
B1941403700971N11923043WA0129101298007003041109132
B1941413700969N11923036WA0129101298007003041115132
B1941423700966N11923030WA0129001297007003040117132
B1941433700963N11923024WA0128901297006003038115130
B1941443700961N11923017WA0128901295007003037112131
B1941453700959N11923011WA0128801294006003038112130
B1941463700957N11923004WA0128701293006003038115132
B1941473700954N11922998WA0128601292006003038116128
B1941483700952N11922991WA0128501292006003038113129
B1941493700950N11922985WA0128401290006003037110123
B1941503700948N11922978WA0128301289007003038108121
B1941513700946N11922971WA0128201287008003041110126
B1941523700944N11922963WA0128101285008003041112121
B1941533700941N11922955WA0128001286008003045110120
B1941543700939N11922947WA0127801286009003045109120
B1941553700937N11922940WA0127701285009003041108123
B1941563700935N11922933WA0127601284009003041108124
B1941573700933N11922926WA0127601283010003041108119
B1941583700931N11922918WA0127501280010003041107112
B1941593700930N11922910WA0127501278010003043103114
B1942003700928N11922901WA0127401277010003047102119
B1942013700926N11922892WA0127301275011003047104124
B1942023700924N11922885WA0127101273010003047109130
B1942033700922N11922877WA0126901270010003044113124
B1942043700920N11922870WA0126701268009003042113126
B1942053700917N11922862WA0126501265009003042113127
B1942063700914N11922855WA0126401263009003043115130
B1942073700911N11922848WA0126201261008003043119134
B1942083700908N11922841WA0125901259007003043122129
B1942093700905N11922834WA0125701258007003043121134
B1942103700901N11922828WA0125601257006003042119135
B1942113700898N11922821WA0125401255006003042120139
B1942123700895N11922815WA0125401254007003041124140
B1942133700892N11922809WA0125201253008003039124134
B1942143700889N11922802WA0125101251007003039120124
B1942153700886N11922795WA0125001250007003042115122
B1942163700884N11922787WA0124901248007003045112124
B1942173700881N11922779WA0124801247008003045112122
B1942183700878N11922771WA0124701246008003047115127
B1942193700875N11922764WA0124601246008003047116126
B1942203700872N11922756WA0124401246008003044114125
B1942213700870N11922748WA0124301246007003044112128
B1942223700867N11922740WA0124201246008003044112134
B1942233700864N11922732WA0124201246007003046115143
B1942243700861N11922725WA0124101248007003046118150
B1942253700857N11922719WA0124101250007003042125149
B1942263700853N11922713WA0124201252007003042128150
B1942273700850N11922706WA0124301254008003041122142
B1942283700847N11922700WA0124301256007003040115143
B1942293700845N11922693WA0124501259008003039116159
B1942303700842N11922687WA0124701259008003035120167
B1942313700839N11922682WA0124901259008003036126172
B1942323700835N11922678WA0125101257009003035144169
B1942333700830N11922677WA0125301261009003034165187
B1942343700825N11922676WA0125601263009003029168212
B1942353700822N11922678WA0125801267009003016191226
B1942363700820N11922678WA0126101267009003016191241
B1942373700818N11922679WA0126501267009003010199242
B1942383700817N11922680WA0126801268011003008253255
B1942393700818N11922681WA0127201268011003005313276
B1942403700820N11922683WA0127501270011003009336293
B1942413700822N11922683WA0127701272013004009011307
B1942423700825N11922681WA0127801275014004009065316
B1942433700827N11922675WA0127901276015004021081312
B1942443700828N11922667WA0127901277015004039086056
B1942453700831N11922657WA0128001278015004036105085
B1942463700830N11922650WA0128101279014004036125115
B1942473700826N11922645WA0128301277014004031164145
B1942483700823N11922645WA0128401279014004027177200
B1942493700820N11922646WA0128701279014004026207216
B1942503700818N11922649WA0128901282014004021210240
B1942513700817N11922651WA0129101283016004021224248
B1942523700819N11922654WA0129301284016004013294257
B1942533700822N11922659WA0129501286015004010341296
B1942543700827N11922659WA0129701287014004013008314
B1942553700831N11922655WA0129801287013005027051329
B1942563700836N11922647WA0129901284014005047065017
B1942573700838N11922637WA0130001287014005046081049
E194257Waypoint TOLLLN reached
B1942583700840N11922627WA0130101292013005046090068
B1942593700838N11922621WA0130101293012004041104080
B1943003700834N11922618WA0130201296013004021155101
B1943013700829N11922617WA0130301296014004024167206
B1943023700825N11922616WA0130501299014004024167217
B1943033700823N11922615WA0130601302015004024154216
B1943043700820N11922614WA0130701303014004019154217
B1943053700817N11922613WA0130901304014004013178226
B1943063700815N11922614WA0131001304013004013215257
B1943073700815N11922616WA0131101304012004012248273
B1943083700815N11922619WA0131101304011004012309290
B1943093700818N11922621WA0131101304010004014333310
B1943103700821N11922622WA0131001303009004019346320
B1943113700826N11922621WA0130901305008004020002328
B1943123700830N11922617WA0130801307008004020030335
B1943133700836N11922610WA0130701312007004031053350
B1943143700840N11922599WA0130701311011004042066023
B1943153700843N11922590WA0130701313008004043071054
B1943163700845N11922582WA0130701314008004043069062
B1943173700850N11922573WA0130801316007003043065062
B1943183700854N11922565WA0131001317007003045064061
B1943193700857N11922557WA0131201320007003046063050
B1943203700860N11922549WA0131401320006003041064066
B1943213700863N11922542WA0131501322007003041064072
B1943223700865N11922536WA0131701321007003037071070
B1943233700867N11922529WA0131901321007003037076077
B1943243700867N11922521WA0132101320007003040087080
B1943253700866N11922513WA0132201321007003041098098
B1943263700864N11922507WA0132301321007003041112114
B1943273700861N11922500WA0132401321007003038135133
B1943283700858N11922498WA0132401321007003032147166
B1943293700854N11922496WA0132301321007003030162184
B1943303700850N11922496WA0132301322007003020178203
B1943313700849N11922498WA0132301322008003020211228
B1943323700845N11922502WA0132301322006003016233253
B1943333700848N11922506WA0132301323006003017311262
B1943353700853N11922508WA0132301324006003029340298
B1943363700858N11922508WA0132401326007003035000321
B1943373700865N11922507WA0132401327006003035008343
B1943383700872N11922505WA0132401329006003041012352
B1943393700879N11922503WA0132501331006003044015352
B1943403700885N11922500WA0132601333006003044017353
B1943413700891N11922498WA0132701334006003043018352
B1943423700897N11922496WA0132801335005003042017353
B1943433700903N11922493WA0133001336005003040017351
B1943443700909N11922492WA0133101337005003040015347
B1943453700915N11922490WA0133201337005003040009340
B1943463700921N11922490WA0133201337006003039359331
B1943473700926N11922492WA0133301338006003037345312
B1943483700931N11922496WA0133401338006003037328290
B1943493700935N11922499WA0133401338006003035320280
B1943503700939N11922503WA0133501338007003031302276
B1943513700941N11922508WA0133501339007003027288267
B1943523700941N11922513WA0133601341009003021273264
B1943533700941N11922517WA0133701341009003021266257
B1943543700941N11922520WA0133801341010003019262256
B1943553700941N11922524WA0133901341011004018258250
B1943563700938N11922527WA0134101340011004018239248
B1943573700935N11922530WA0134301342011003020229240
B1943583700932N11922532WA0134501343011003020210234
B1943593700929N11922533WA0134701344011003020191225
B1944003700922N11922532WA0135101344010003022175197
B1944013700917N11922531WA0135101345009003030169188
B1944023700912N11922529WA0135201346009003036158174
B1944033700907N11922526WA0135301346009003036140164
B1944043700903N11922522WA0135301346010003037136148
B1944053700901N11922515WA0135401346009003038116143
B1944063700898N11922508WA0135401346009003042107123
B1944073700897N11922501WA0135501346011004048103111
B1944083700895N11922491WA0135601344013003048101106
B1944093700894N11922482WA0135601344013003050097101
B1944103700893N11922472WA0135601344012004050091088
B1944113700894N11922462WA0135601346012003047084075
B1944123700895N11922453WA0135601347011003049074060
B1944133700897N11922444WA0135501347011003049062047
B1944143700901N11922436WA0135501347010003051051032
B1944153700906N11922429WA0135501346009004051045018
B1944163700912N11922426WA0135401346009004033014010
B1944173700917N11922427WA0135401347009004036340333
B1944183700922N11922431WA0135301348009004033325308
B1944193700925N11922435WA0135201350010004031317296
B1944203700928N11922439WA0135201350009004024318292
B1944213700930N11922442WA0135201349008004018308289
B1944223700931N11922446WA0135301348009004018296278
B1944233700931N11922450WA0135401347008004018268267
B1944243700931N11922455WA0135501348009004020260250
B1944253700931N11922459WA0135601348009004020259243
B1944263700930N11922463WA0135601349011004018233240
B1944273700928N11922464WA0135701351010003018210237
B1944283700925N11922466WA0135701352010003018202246
B1944293700923N11922467WA0135801353011003018212252
B1944303700922N11922469WA0136001353009003016240261
B1944313700921N11922472WA0136101353008003013292274
B1944323700923N11922474WA0136101354008003015315290
B1944333700925N11922476WA0136101355007004015334297
B1944343700931N11922475WA0136101355008004021005296
B1944353700936N11922474WA0136001355009004024354308
B1944363700939N11922475WA0135901355010004019332308
B1944373700942N11922477WA0135801355010004019326291
B1944383700947N11922479WA0135701356011004019324293
B1944393700951N11922481WA0135601356010004019333292
B1944403700955N11922483WA0135501357009005019339303
B1944413700959N11922484WA0135501356009005024347321
B1944423700963N11922485WA0135401356009005027353336
B1944433700968N11922485WA0135201356009006027006339
B1944443700976N11922483WA0135101355008005036012342
B1944453700983N11922482WA0134901356008005045008335
B1944463700989N11922481WA0134701358008005040002337
B1944473700995N11922481WA0134601359009005040357326
B1944483701001N11922482WA0134601359009005040354326
B1944493701007N11922484WA0134601361009005040349313
B1944503701013N11922486WA0134601361008004040340298
B1944513701018N11922488WA0134701362007004034331284
B1944523701021N11922491WA0134901363007003034321272
B1944533701025N11922494WA0135001363007003026297266
B1944543701025N11922497WA0135201361007003018264258
B1944553701024N11922500WA0135401360007003015242237
B1944563701022N11922502WA0135501358007003017209228
B1944573701018N11922502WA0135601356007003023188215
B1944583701014N11922503WA0135601355007003023185205
B1944593701010N11922504WA0135501355006003028190207
B1945003701006N11922505WA0135401355007003028193205
B1945013701002N11922506WA0135301354007003027193200
B1945023700998N11922507WA0135201353007003029189198
B1945033700993N11922507WA0135101353008003029182188
B1945043700988N11922506WA0135101352008003032171178
B1945053700983N11922505WA0135101352009003032158161
B1945063700979N11922503WA0135001352010003031146157
B1945073700975N11922499WA0135001351011003035132155
B1945083700972N11922494WA0134901350010003035125153
B1945093700969N11922488WA0134801348010003037123161
B1945103700965N11922483WA0134701346010003037133170
B1945113700961N11922477WA0134501345010003036142188
B1945123700957N11922474WA0134401346010003036149201
B1945133700953N11922471WA0134201346010003031155212
B1945143700950N11922470WA0133901346010003031165214
B1945153700948N11922472WA0133701343010004021191220
B1945163700950N11922475WA0133401343010004008299236
B1945173700954N11922477WA0133201342009004022334271
B1945183700958N11922480WA0132901340011004022337299
B1945193700964N11922483WA0132701340012004024325300
B1945203700970N11922490WA0132701340012004026319294
B1945213700974N11922495WA0132601339011004027318288
B1945223700979N11922500WA0132401336011004029317292
B1945233700982N11922504WA0132301333010004029313295
B1945243700986N11922510WA0132201330009003031310288
B1945253700990N11922515WA0132001328010003033311296
B1945263700994N11922520WA0131801327010003033316304
B1945273700998N11922524WA0131701325010003033319300
B1945283701002N11922528WA0131501324010003033315292
B1945293701005N11922533WA0131401323010003032306287
B1945303701008N11922538WA0131301323010003031305292
B1945313701009N11922542WA0131201323010003024301283
B1945323701011N11922546WA0131201323010003024302277
B1945333701013N11922550WA0131201322010003022299269
B1945343701015N11922553WA0131301322010003022295264
B1945353701016N11922557WA0131301322010003022290266
B1945363701015N11922562WA0131301320010003026269267
B1945373701016N11922567WA0131201319010003026270269
B1945383701016N11922572WA0131201319010003026274278
B1945393701016N11922577WA0131101319010003028278274
B1945403701017N11922583WA0131001319010003030282271
B1945413701018N11922588WA0130901318010003032286275
B1945423701019N11922594WA0130901319010004030285279
B1945433701020N11922600WA0130801319010004030281273
B1945443701021N11922605WA0130801319010004027281271
B1945453701022N11922610WA0130801320010004027283268
B1945463701023N11922614WA0130801320010004025287274
B1945473701024N11922619WA0130801320009004025288277
B1945483701026N11922623WA0130801320010004027292281
B1945493701028N11922628WA0130901321009004029302281
B1945503701031N11922633WA0130901322008004029307283
B1945513701034N11922638WA0130901324008004033306273
B1945523701037N11922643WA0131001325008004033302271
B1945533701039N11922649WA0131001326010004033295272
B1945543701041N11922654WA0131101326009004032290262
B1945553701042N11922660WA0131201328009004031286267
B1945563701044N11922665WA0131301328009004030283243
B1945573701044N11922670WA0131501327009004025276241
B1945583701044N11922675WA0131601327010004025267232
B1945593701044N11922679WA0131801327009004023260225
B1946003701043N11922684WA0131901327009004023254224
B1946013701041N11922688WA0132101327009004023230225
B1946023701039N11922691WA0132201327009004022216218
B1946033701035N11922693WA0132301329010004022193217
B1946043701033N11922692WA0132501332011004018178199
B1946053701031N11922691WA0132601332011004015155191
B1946063701029N11922690WA0132801331012004012157185
B1946073701028N11922687WA0132801330011004014121185
B1946083701027N11922682WA0133001328011004025108179
B1946093701025N11922675WA0133201330011004025105133
B1946103701025N11922669WA0133301332011004033095127
B1946113701025N11922662WA0133301333011004033082103
B1946123701027N11922654WA0133401333011004040071079
B1946133701030N11922646WA0133501333011004046063065
B1946143701034N11922638WA0133501334010004046056053
B1946153701038N11922631WA0133601334011004049049043
B1946163701043N11922625WA0133701336010004049042024
B1946173701049N11922619WA0133701336010004044036024
B1946183701054N11922614WA0133801336009004044028011
B1946193701060N11922611WA0133801337009004044019001
B1946203701067N11922610WA0133901338008004044008353
B1946213701074N11922610WA0134001341008004044000331
B1946223701080N11922610WA0134101341008004039353321
B1946233701086N11922611WA0134101342009004039342309
B1946243701090N11922615WA0134201343009004036328305
B1946253701094N11922619WA0134401344009003035322288
B1946263701098N11922624WA0134501346008003035315273
B1946273701101N11922629WA0134701346008003032304268
B1946283701102N11922635WA0134801347009003032291258
B1946293701103N11922641WA0134901348009003031280245
B1946303701103N11922646WA0134901349008003030267232
B1946313701102N11922650WA0135001351009003026247222
B1946323701099N11922652WA0135101351009003019219213
B1946333701097N11922653WA0135201352008003019193204
B1946343701094N11922652WA0135201353008003019173192
B1946353701091N11922650WA0135301354007003020149187
B1946363701088N11922648WA0135401355008003022131174
B1946373701087N11922643WA0135501355008003032107162
B1946383701086N11922637WA0135601356008003032101134
B1946393701085N11922631WA0135601357008003031099122
B1946403701085N11922625WA0135601357008003031094106
B1946413701085N11922617WA0135701357008003034082100
B1946423701088N11922608WA0135701357007003049069080
B1946433701091N11922599WA0135701357007003049060055
B1946443701095N11922592WA0135801358006003049048038
B1946453701100N11922586WA0135801358006003047038024
B1946463701106N11922582WA0135901359006003046028017
B1946473701113N11922579WA0136001359006003046020003
B1946483701120N11922577WA0136001359006003048012347
B1946493701127N11922577WA0136101360006003048358344
B1946503701134N11922580WA0136201362006003048343324
B1946513701140N11922583WA0136201364006003046332316
B1946523701144N11922587WA0136201366006003034325298
B1946533701147N11922590WA0136301367006003034319286
B1946543701151N11922594WA0136401367006003030312281
B1946553701154N11922598WA0136401367006003028302272
B1946563701155N11922603WA0136501366006003028291263
B1946573701154N11922608WA0136601367006003023255257
B1946583701152N11922611WA0136701368006003023231235
B1946593701150N11922612WA0136701369007003018203223
B1947003701148N11922612WA0136801370007003015184205
B1947013701146N11922612WA0136801371008003013173193
B1947023701144N11922611WA0136901371008003012154187
B1947033701142N11922610WA0136901371007003019123181
B1947043701140N11922606WA0137001370007003019111157
B1947053701139N11922600WA0137001369007003028104151
B1947063701138N11922593WA0137001369008003035095127
B1947073701137N11922586WA0137001370008003036087105
B1947083701138N11922579WA0136901370008003037079091
B1947093701139N11922571WA0136901372008003037075078
B1947103701141N11922563WA0136901373009003039066067
B1947113701144N11922555WA0136901373009003042062050
B1947123701149N11922549WA0136901373009003048043044
B1947133701156N11922545WA0137001373008003049024020
B1947143701164N11922544WA0137101373008003049005359
B1947153701171N11922543WA0137101373009003049351340
B1947163701177N11922546WA0137101375008003047334325
B1947173701181N11922550WA0137101376007003035326310
B1947183701185N11922554WA0137101376007003035322297
B1947193701189N11922558WA0137201377006003032320288
B1947203701192N11922562WA0137201376008003030313280
B1947213701195N11922567WA0137301376008003030305272
B1947223701197N11922571WA0137301376009003028299261
B1947233701199N11922576WA0137301376008003028291250
B1947243701200N11922580WA0137301376007003022287244
B1947253701200N11922583WA0137301375007003020276237
B1947263701200N11922586WA0137301375007003018263236
B1947273701199N11922589WA0137301376006003014247230
B1947283701198N11922591WA0137301376007003014212220
B1947293701196N11922591WA0137301375008003013180207
B1947303701194N11922590WA0137301375009003013174201
B1947313701191N11922590WA0137301375009003017179202
B1947323701188N11922591WA0137301377009003018192210
B1947333701186N11922592WA0137301378009003018206205
B1947343701184N11922594WA0137301378009003016214211
B1947353701182N11922595WA0137301378008003015215212
B1947363701181N11922597WA0137401378008003014213221
B1947373701179N11922598WA0137401378008003015212222
B1947383701177N11922600WA0137501378008003015235242
B1947393701176N11922603WA0137501378008003015250243
B1947403701175N11922605WA0137501378007003015261239
B1947413701175N11922608WA0137501378008003015264234
B1947423701175N11922610WA0137501376009003013253226
B1947433701174N11922613WA0137501374009003014235225
B1947443701172N11922615WA0137401372008003014230229
B1947453701170N11922618WA0137401370008003017232220
B1947463701168N11922621WA0137201369007003020226213
B1947473701166N11922623WA0137101368007003020213202
B1947483701163N11922624WA0136901367007003019202190
B1947493701161N11922625WA0136701365007003018199198
B1947503701158N11922626WA0136601364007003017200202
B1947513701156N11922628WA0136401361007003019203202
B1947523701153N11922629WA0136301359007003019201206
B1947533701150N11922630WA0136101358007003021195199
B1947543701147N11922631WA0136001356007003021192199
B1947553701144N11922632WA0135801354007003021190202
B1947563701140N11922633WA0135601351006003021189204
B1947573701137N11922634WA0135401348006003022191203
B1947583701133N11922635WA0135401346006003025195211
B1947593701130N11922636WA0135201344007003026197199
B1948003701126N11922638WA0134901342007003026196199
B1948013701122N11922639WA0134701340007003026190195
B1948023701118N11922639WA0134401338008003026188205
B1948033701114N11922640WA0134201336008003027193213
B1948043701110N11922643WA0134001335008003027203215
B1948053701107N11922645WA0133801334007003027210220
B1948063701104N11922647WA0133601334007003026210216
B1948073701101N11922649WA0133401334007003024206214
B1948083701098N11922651WA0133201333007003020207217
B1948093701096N11922653WA0133101332007003020210224
B1948103701093N11922655WA0133101330006003020208219
B1948113701090N11922657WA0133001328006003021209222
B1948123701087N11922659WA0132901328007003025208226
B1948133701083N11922662WA0132801329006003025215219
B1948143701080N11922665WA0132801330007003025215217
B1948153701078N11922666WA0132701329007003022195212
B1948163701077N11922666WA0132601328008003013176215
B1948173701076N11922666WA0132601327008003013183223
B1948183701073N11922666WA0132601326008003023200229
B1948193701069N11922670WA0132501323008003032213227
B1948203701065N11922673WA0132301323008003029214224
B1948213701062N11922676WA0132101323008003029211223
B1948223701058N11922678WA0131801323008003026210225
B1948233701056N11922680WA0131601323008003023209232
B1948243701053N11922682WA0131401321008003023218232
B1948253701051N11922686WA0131301319009003023230233
B1948263701049N11922690WA0131301317009003025234227
B1948273701046N11922694WA0131201316009003025227226
B1948283701043N11922697WA0131101315009003027226227
B1948293701041N11922701WA0131101316009003027230231
B1948303701039N11922704WA0130901317008003024234239
B1948313701038N11922708WA0130801317008003021243236
B1948323701036N11922711WA0130801316008003021242231
B1948333701034N11922715WA0130801315010003026234230
B1948343701031N11922719WA0130901315011003028229228
B1948353701029N11922724WA0130901315012003028233231
B1948363701027N11922728WA0131001317011003028236237
B1948373701024N11922732WA0131001319010003028227222
B1948383701021N11922734WA0131001320010003024214221
B1948393701018N11922736WA0131101321009003024206223
B1948403701015N11922739WA0131201322010003024210220
B1948413701012N11922741WA0131301323010003024214218
B1948423701008N11922744WA0131501324009003024213213
B1948433701005N11922747WA0131601324009003030209210
B1948443701000N11922749WA0131701325010003033205208
B1948453700996N11922752WA0131701325009003032205203
B1948463700992N11922754WA0131801325009003032206204
B1948473700988N11922756WA0131901328008003028200196
B1948483700984N11922758WA0132001328007003023198194
B1948493700981N11922759WA0132201328007003023194209
B1948503700978N11922760WA0132301329008003023200217
B1948513700975N11922763WA0132501330008003023212220
B1948523700972N11922765WA0132701330007003025216219
B1948533700968N11922768WA0132801331008003024216209
B1948543700966N11922771WA0132901332008003024211201
B1948553700963N11922772WA0133101332008003021198212
B1948563700960N11922773WA0133301336009003020200230
B1948573700957N11922775WA0133601337009003020212254
B1948583700954N11922777WA0133901338008003025230264
B1948593700953N11922781WA0134201339008003025242281
B1949003700954N11922786WA0134501339010003025284289
B1949013700957N11922792WA0134501340011003024309311
B1949023700963N11922793WA0134701343012004029005324
B1949033700969N11922789WA0134801339013004047051008
B1949043700970N11922777WA0134901341013004051083074
B1949053700971N11922767WA0135001342011004047093109
B1949063700970N11922759WA0135201343010004045113122
B1949073700966N11922756WA0135401345010004032150141
B1949083700962N11922755WA0135601346010004025172178
B1949093700959N11922756WA0135901346010005025177201
B1949103700956N11922758WA0136201347010005025189206
B1949113700953N11922759WA0136501347010006023209213
B1949123700952N11922764WA0136701346011006023253229
B1949133700954N11922770WA0136901339013006035304255
B1949143700960N11922774WA0137101343013007040330293
B1949153700966N11922776WA0137201344013007035002316
B1949163700971N11922774WA0137301350013007028051343
B1949173700973N11922770WA0137301354013007025069045
B1949183700974N11922766WA0137501357016008022085083
B1949193700974N11922761WA0137701357020008023089116
B1949203700973N11922756WA0137901356020008022102120
B1949213700972N11922747WA0138201352019008020162137
B1949223700969N11922747WA0138501351019008020186195
B1949233700967N11922747WA0138701354018008024207212
B1949243700964N11922750WA0138901358018008024209226
B1949253700962N11922753WA0139001359018008023226228
B1949263700962N11922759WA0139101363017008022263239
B1949273700964N11922764WA0139201366016008022292262
B1949283700967N11922767WA0139301374015007031311281
B1949293700973N11922773WA0139401376015007035324301
B1949303700977N11922777WA0139501379014007031326314
B1949313700983N11922774WA0139501380015007031049314
B1949323700987N11922767WA0139501381017007031068049
B1949333700989N11922759WA0139501384016007040077077
B1949343700991N11922748WA0139601385015007040091086
B1949353700990N11922741WA0139701383014007034125103
B1949363700985N11922737WA0139801379013007029158144
B1949373700981N11922735WA0139901379013007029183178
B1949383700976N11922736WA0140001380013007029201198
B1949393700972N11922739WA0140101382014007029206212
B1949403700971N11922745WA0140101384014007027272216
B1949413700973N11922751WA0140101385014007027298264
B1949423700977N11922760WA0140001388014007032311284
B1949433700982N11922766WA0140001390013007037322297
B1949443700987N11922769WA0139901390012007039332309
B1949453700993N11922771WA0139801392012007037343319
B1949463700999N11922769WA0139801396011007038005329
B1949473701004N11922766WA0139801398011006037017353
B1949483701009N11922764WA0139801398011006034032008
B1949493701013N11922760WA0139901398011006039038030
B1949503701018N11922755WA0140001398010006039045043
B1949513701023N11922748WA0140101400009006040053054
B1949523701024N11922741WA0140201403009006034086064
B1949533701023N11922734WA0140401403008005034126105
B1949543701020N11922731WA0140501403008005027142145
B1949553701014N11922731WA0140601403009005027186163
B1949563701010N11922733WA0140701404010005027200205
B1949573701006N11922735WA0140801406010004027213221
B1949583701004N11922738WA0140801406010004024231236
B1949593701002N11922743WA0140901406009004024277248
B1950003701004N11922749WA0140901407009004035303279
B1950013701008N11922755WA0141001406008004040319301
B1950023701015N11922758WA0141001408007004040342318
B1950033701022N11922760WA0141001408007004041351339
B1950043701029N11922758WA0141001410007004047030349
B1950053701035N11922752WA0141101414008004047052032
B1950063701038N11922744WA0141201416008004045070057
B1950073701038N11922738WA0141301417008004035088079
B1950083701035N11922734WA0141601415009004020157102
B1950093701031N11922735WA0141801413009004024209180
B1950103701027N11922739WA0142101413009004031237217
B1950113701025N11922745WA0142301415009004028255238
B1950123701033N11922751WA0142501420009004031325251
B1950133701040N11922752WA0142601423009004045355310
B1950143701046N11922753WA0142701424010004043021346
B1950153701052N11922749WA0142901426011004043038016
B1950163701056N11922743WA0143101429011004039057037
B1950173701057N11922736WA0143301431012004037079060
B1950183701057N11922731WA0143601432012004031084088
B1950193701054N11922727WA0143901432013004013137097
B1950203701049N11922727WA0143901432014004023206171
B1950213701045N11922731WA0144201432015004023235212
B1950223701042N11922737WA0144401431016005025264237
B1950233701042N11922743WA0144601434016004027279257
B1950243701044N11922748WA0144701438016004035306271
B1950253701049N11922752WA0144901441016004040333297
B1950263701054N11922755WA0145101443015004036005324
B1950273701059N11922754WA0145201442016004038014358
B1950283701063N11922748WA0145501446015004037053010
B1950293701065N11922742WA0145701450014004027056059
B1950303701062N11922739WA0146001449013004027216065
B1950313701059N11922741WA0146201447013004027245220
B1950323701057N11922747WA0146401448015004031283241
B1950333701060N11922754WA0146501452014004038300272
B1950343701062N11922761WA0146701455016004040308289
B1950353701065N11922766WA0146701457015004040319297
B1950363701067N11922769WA0146901459015004031328310
B1950373701069N11922771WA0147201461014004024331320
B1950383701072N11922772WA0147401462014004024340320
B1950393701076N11922773WA0147701463014004036346332
B1950403701080N11922775WA0147901463015005038347337
B1950413701086N11922776WA0148001464015005038348344
B1950423701091N11922777WA0148001464014005041345342
B1950433701097N11922779WA0147801466013005041344341
B1950443701102N11922781WA0147701466013004036345341
B1950453701107N11922782WA0147501466013004036348340
B1950463701112N11922783WA0147401466012004036350341
B1950473701118N11922784WA0147301464012004038348344
B1950483701125N11922786WA0147101462010004042348345
B1950493701131N11922787WA0147001461010004045350339
B1950503701138N11922788WA0146801460009003045350339
B1950513701143N11922789WA0146801460009003043348333
B1950523701149N11922791WA0146501458009003041347334
B1950533701155N11922792WA0146301457009003041348343
B1950543701161N11922794WA0146201456009003042348344
B1950553701167N11922795WA0146001456008003043345340
B1950563701173N11922797WA0145901457007003043345336
B1950573701180N11922799WA0145801459007003045347335
B1950583701186N11922801WA0145701460008003045348331
B1950593701192N11922803WA0145701461008003042343320
B1951003701198N11922806WA0145701461008003042336320
B1951013701203N11922809WA0145701461008003040334322
B1951023701208N11922812WA0145801462008003038337324
B1951033701213N11922814WA0145901461008003038338329
B1951043701219N11922818WA0145901461008003038333326
B1951053701224N11922821WA0145901460007003039328329
B1951063701229N11922825WA0145901460007003039328328
B1951073701233N11922829WA0145901458007003039328330
B1951083701238N11922833WA0145901456007003038327329
B1951093701243N11922837WA0145801454007003040323318
B1951103701248N11922842WA0145701453008003040318311
B1951113701252N11922847WA0145601452008003040313296
B1951123701255N11922853WA0145401451008003040310288
B1951133701259N11922859WA0145201451009003040305294
B1951143701262N11922865WA0145101451009003038302295
B1951153701265N11922871WA0144901451008003038303287
B1951163701268N11922875WA0144901453008003035306288
B1951173701270N11922880WA0144901453008003031304281
B1951183701272N11922885WA0144901453009003029300282
B1951193701275N11922889WA0145001452009003030300275
B1951203701277N11922894WA0145101452009003030301285
B1951213701279N11922899WA0145101451009003030297291
B1951223701281N11922904WA0145001450009003033297284
B1951233701284N11922912WA0145001447008003035293285
B1951243701286N11922919WA0144901447008003043292281
B1951253701288N11922926WA0144601447008003043291274
B1951263701290N11922933WA0144401447008003041291269
B1951273701292N11922938WA0144101445008003033291273
B1951283701294N11922944WA0143901442008003033291273
B1951293701296N11922951WA0143701440008003037290270
B1951303701298N11922957WA0143601438008003037289273
B1951313701300N11922963WA0143501436008003036292278
B1951323701302N11922969WA0143301435007003036297293
B1951333701305N11922975WA0143101434007003035299289
B1951343701307N11922980WA0142801433007003033300287
B1951353701309N11922985WA0142601431007003033300290
B1951363701312N11922990WA0142501430007003033300286
B1951373701314N11922996WA0142301429007003033300285
B1951383701317N11923001WA0142201428008003035301286
B1951393701320N11923007WA0142201427008003038301288
B1951403701323N11923014WA0142101426008003038301287
B1951413701326N11923019WA0142001426008003038303290
B1951423701328N11923024WA0141901425008003036304285
B1951433701331N11923029WA0141801423009003034302280
B1951443701334N11923036WA0141701421009003038297289
B1951453701336N11923043WA0141601420009003042294286
B1951463701339N11923050WA0141501420009003042294285
B1951473701342N11923057WA0141301420009003042296288
B1951483701345N11923063WA0141201422009003041302278
B1951493701347N11923068WA0141201422009003033299269
B1951503701350N11923074WA0141201421009003034293273
B1951513701352N11923080WA0141201421009003034289282
B1951523701353N11923086WA0141201420009003037289282
B1951533701355N11923094WA0141101419009003037282280
B1951543701356N11923102WA0141101420009003042280280
B1951553701357N11923109WA0141101420009003042280271
B1951563701358N11923115WA0140901420010003034279277
B1951583701358N11923120WA0140901420011004028277271
B1951593701359N11923124WA0141001420010004031279275
B1952003701360N11923130WA0141101418011004038279280
B1952013701361N11923137WA0141201419011004038281277
B1952023701362N11923144WA0141301420011004038282275
B1952033701364N11923150WA0141301421010004037284271
B1952043701365N11923157WA0141401421010004038285272
B1952053701367N11923163WA0141401420010003037287268
B1952063701368N11923170WA0141501419009003037288269
B1952073701370N11923177WA0141501417009003037289268
B1952083701372N11923183WA0141501414009003039290270
B1952093701374N11923191WA0141401412008003039288274
B1952103701376N11923197WA0141201412007003039282278
B1952113701377N11923204WA0141201409007003036280282
B1952123701378N11923210WA0141001409007003036284284
B1952133701379N11923217WA0140801408007003036288297
B1952143701382N11923223WA0140501409007004038297293
B1952153701385N11923231WA0140101409008004043298284
B1952163701388N11923238WA0139801408008004045299292
B1952173701391N11923245WA0139401409008004045299292
B1952183701394N11923251WA0139001408008004039303292
B1952193701397N11923256WA0138801407008004037304294
B1952203701401N11923262WA0138601406008004037303297
B1952213701405N11923270WA0138401403008004049301295
B1952223701409N11923278WA0138201402009004049299292
B1952233701413N11923286WA0138001401009004046300287
B1952243701416N11923292WA0137901400009004045300282
B1952253701419N11923298WA0137701400008004042298282
B1952263701421N11923304WA0137601397008004035296282
B1952273701426N11923317WA0137601394009004039295288
B1952283701429N11923324WA0137601393010004041295296
B1952293701432N11923331WA0137501393010004041295294
B1952303701434N11923338WA0137401393011004040295292
B1952313701437N11923345WA0137301392011004040297296
B1952323701440N11923352WA0137201393011004040300290
B1952333701443N11923358WA0137101393011004040301289
B1952343701446N11923364WA0137101393011004039298290
B1952353701449N11923370WA0137201393011004034297288
B1952363701451N11923375WA0137201392011004034296284
B1952373701453N11923381WA0137201390011004033295290
B1952383701455N11923387WA0137101389011004033294294
B1952393701457N11923394WA0136901385011004038293292
B1952403701460N11923401WA0136701382010004042293299
B1952413701462N11923408WA0136401379010004042293294
B1952423701465N11923414WA0136401376010004040296297
B1952433701467N11923421WA0136001373009004040298301
B1952443701470N11923427WA0135701369010004040300306
B1952453701474N11923434WA0135401365009004043304307
B1952463701478N11923440WA0135101363011004043309313
B1952473701483N11923446WA0134801360011004043315317
B1952483701488N11923452WA0134401357011004043320315
B1952493701493N11923457WA0134101354010004043322319
B1952503701498N11923462WA0133801351011004044320318
B1952513701503N11923467WA0133501348010003044318314
B1952523701508N11923472WA0133301346009003044319313
B1952533701513N11923477WA0133001343009003042321312
B1952543701518N11923482WA0132801340008003042321315
B1952553701523N11923487WA0132601337009003042318316
B1952563701528N11923493WA0132301334008003042316316
B1952573701532N11923498WA0132301330008003042317320
B1952583701538N11923503WA0132101327007003043321314
B1952593701543N11923509WA0131801323008003043320307
B1953003701548N11923514WA0131501321009003045316305
B1953013701552N11923521WA0131201318009003045311313
B1953023701557N11923527WA0130901317009003045311317
B1953033701561N11923533WA0130701315009003044316326
B1953043701566N11923538WA0130401314009003043319317
B1953053701571N11923543WA0130201314009003044319308
B1953063701576N11923549WA0130101313009003047315308
B1953073701581N11923556WA0129901308009003047312312
B1953083701586N11923563WA0129601306008003050313312
B1953093701591N11923569WA0129301303008003050315306
B1953103701596N11923575WA0129001300008003044315298
B1953113701600N11923580WA0128701297008003044311294
B1953123701604N11923587WA0128501293008003044307301
B1953133701609N11923594WA0128501289008003045306306
B1953143701613N11923602WA0128201289008003048307307
B1953153701617N11923608WA0127901289008003046308301
B1953163701621N11923614WA0127601287008003046309295
B1953173701625N11923620WA0127301284007003042307294
B1953183701629N11923627WA0127001280007003042305297
B1953193701633N11923633WA0126701278008003043306304
B1953203701637N11923640WA0126501277008003047307297
B1953213701641N11923647WA0126201277008003047307290
B1953223701645N11923653WA0126001277008003047308287
B1953233701649N11923659WA0125801276008004044310288
B1953243701653N11923664WA0125701276008004039312285
B1953253701656N11923670WA0125601274007004038309283
B1953263701660N11923675WA0125501273008004045306295
B1953273701664N11923682WA0125401273008004045306303
B1953283701668N11923688WA0125301274008004045307306
B1953293701672N11923694WA0125201275008004045311299
B1953303701675N11923699WA0125201274008004039311298
B1953313701679N11923705WA0125101273008004041310300
B1953323701683N11923712WA0125101272008004041309305
B1953333701688N11923718WA0125001272008004044309306
B1953343701692N11923725WA0125001273008004044311309
B1953353701696N11923730WA0125001273008004041312302
B1953363701701N11923736WA0125001273008003041313303
B1953373701705N11923742WA0125001272008003041313304
B1953383701709N11923748WA0125001272008003042311297
B1953393701714N11923754WA0125001272008003043310302
B1953403701718N11923760WA0125001272009004041311306
B1953413701722N11923765WA0125001272009004041315310
B1953423701726N11923769WA0125101271009004037319307
B1953433701730N11923774WA0125201270009004037321308
B1953443701735N11923779WA0125201269010004038321305
B1953453701740N11923784WA0125201269010004045318307
B1953463701745N11923790WA0125201270010004045318299
B1953473701750N11923795WA0125201271009004041319310
B1953483701754N11923799WA0125201272010004039321312
B1953493701759N11923803WA0125301272010004038321303
B1953503701763N11923808WA0125301271011004037321302
B1953513701767N11923812WA0125401270011003038319299
B1953523701772N11923818WA0125401269011003038315300
B1953533701776N11923824WA0125501268012003041310305
B1953543701780N11923830WA0125501268012003041309301
B1953553701784N11923835WA0125401269012003042311302
B1953563701788N11923841WA0125401269011003043313307
B1953573701793N11923847WA0125401270011003043312300
B1953583701797N11923853WA0125401270011003043311298
B1953593701801N11923859WA0125401271012003042309297
B1954003701805N11923866WA0125401271013003040306297
B1954013701808N11923872WA0125401271013003040302299
B1954023701811N11923878WA0125501272013003040301304
B1954043701815N11923885WA0125601272012003041308310
B1954053701820N11923891WA0125601273011003045315305
B1954063701825N11923896WA0125701274010003047319302
B1954073701830N11923902WA0125701276010003046318300
B1954083701835N11923908WA0125801278010003046315308
B1954093701840N11923913WA0125901280011003043318328
B1954103701844N11923918WA0126001279011003039321346
B1954113701849N11923923WA0126201279011003039328356
B1954123701855N11923925WA0126301279010003038346008
B1954133701861N11923923WA0126501278010004038022022
B1954143701867N11923918WA0126601278009004038048055
B1954153701870N11923912WA0126601278009004038072082
B1954163701870N11923906WA0126601277010004032112105
B1954173701867N11923903WA0126501277010004026177142
B1954183701864N11923903WA0126501277009004026214195
B1954193701860N11923906WA0126401278008004027232221
B1954203701859N11923911WA0126401279009004028250232
B1954213701858N11923916WA0126401280009004027259238
B1954223701857N11923921WA0126501280009003027258243
B1954233701856N11923926WA0126601281009003027256254
B1954243701855N11923933WA0126701281009003034264269
B1954253701856N11923940WA0126901281009003038275275
B1954263701857N11923948WA0127001281009003038284282
B1954273701858N11923955WA0127101281008003038285279
B1954283701860N11923962WA0127201282008003038287282
B1954293701862N11923969WA0127201282009003034289280
B1954303701864N11923975WA0127301281008003034292282
B1954313701865N11923981WA0127301280008003034295285
B1954323701867N11923987WA0127301279008004035295291
B1954333701870N11923993WA0127301279008004036297294
B1954343701873N11924001WA0127301278008003044299299
B1954353701876N11924008WA0127201278009003044302298
B1954363701879N11924014WA0127101279008003042304288
B1954373701882N11924019WA0127001279009003039306289
B1954383701885N11924023WA0126901279008003033309290
B1954393701888N11924028WA0126901278008003031310294
B1954403701891N11924032WA0127001278007003034310305
B1954413701894N11924038WA0127001276008003034308310
B1954423701897N11924043WA0127001274008003036308299
B1954433701901N11924047WA0126901272008003036317312
B1954443701905N11924052WA0126801272007003039320313
B1954453701910N11924058WA0126701270007003045316310
B1954463701915N11924064WA0126501270006003045312304
B1954473701920N11924070WA0126401270006003045310318
B1954483701924N11924077WA0126301270006003045310311
B1954493701927N11924081WA0126301270007003032312313
B1954503701931N11924086WA0126201269006003032314304
B1954513701934N11924090WA0126201268006003032314309
B1954523701938N11924095WA0126201267006003032311306
B1954533701941N11924100WA0126201266007003037311307
B1954543701945N11924106WA0126201266008003037309312
B1954553701948N11924112WA0126101266008003037303313
B1954563701951N11924118WA0126101266008003037298321
B1954573701953N11924124WA0126001265007003036299315
B1954583701956N11924129WA0126001264007003036305312
B1954593701960N11924134WA0126001262006003036310308
B1955003701963N11924140WA0125901260006003038311309
B1955013701967N11924146WA0125901259006003038307312
B1955023701970N11924152WA0125801258006003039305313
B1955033701973N11924157WA0125601258007003039307313
B1955043701977N11924162WA0125501258006003035313316
B1955053701981N11924166WA0125501257006003036317315
B1955063701985N11924171WA0125501257006003036320322
B1955073701990N11924175WA0125401256006003037320322
B1955083701999N11924184WA0125301255006003038322325
B1955093702003N11924189WA0125301253006003038321325
B1955103702007N11924193WA0125201252006003037320327
B1955113702012N11924198WA0125201250006003037322329
B1955123702016N11924202WA0125101247006003038325330
B1955133702022N11924206WA0124901244006003041327327
B1955143702027N11924210WA0124801241007003043327329
B1955153702033N11924215WA0124601238007003043326324
B1955163702038N11924219WA0124301236007003044326323
B1955173702043N11924224WA0124001233007003044325320
B1955183702048N11924228WA0123701231007003041323314
B1955193702053N11924233WA0123401228008003041320317
B1955203702057N11924238WA0123401225008003041319322
B1955213702063N11924243WA0123201222008003041321326
B1955223702068N11924248WA0122901221008003043324323
B1955233702073N11924252WA0122601219007003041326324
B1955243702078N11924256WA0122301218008003041326321
B1955253702083N11924261WA0122101216008003041326323
B1955263702088N11924265WA0121901215008003041326328
B1955273702094N11924269WA0121701213007003042327324
B1955283702099N11924273WA0121601212007003040328323
B1955293702103N11924277WA0121401211007003040327322
B1955303702108N11924281WA0121301209007003038325322
B1955313702113N11924285WA0121201207007003038325324
B1955323702118N11924289WA0121001204006003039328325
B1955333702124N11924293WA0120801203006003042329325
B1955343702129N11924297WA0120701201007003042328325
B1955353702134N11924301WA0120501200007003041327332
B1955363702139N11924305WA0120501199007003040329337
B1955373702144N11924308WA0120301197008003040332333
B1955383702150N11924312WA0120101195008003041334334
B1955393702156N11924315WA0120001193007003042333332
B1955403702161N11924319WA0119801192007003042333334
B1955413702168N11924322WA0119701190007003043336339
B1955423702174N11924325WA0119501189007003044341332
B1955433702180N11924327WA0119401188007003043342324
B1955443702186N11924330WA0119201186008003043338324
B1955453702191N11924333WA0119001186008003041336308
B1955463702197N11924335WA0118901186008003040338331
B1955473702202N11924338WA0118701185008003039341327
B1955483702208N11924340WA0118601183008003039341323
B1955493702213N11924342WA0118501181009003040339327
B1955503702219N11924345WA0118401179009003040336327
B1955513702224N11924349WA0118201177008003040335323
B1955523702229N11924352WA0118201175008003039335321
B1955533702235N11924355WA0118101173007003040333321
B1955543702240N11924359WA0117901172007003042331320
B1955553702246N11924363WA0117701171007003042330314
B1955563702252N11924367WA0117501171007003043332317
B1955573702257N11924370WA0117301171007003043331316
B1955583702263N11924374WA0117201170008003037334309
B1955593702266N11924375WA0117101170007003037336307
B1956003702269N11924377WA0117101170008003025338300
B1956013702272N11924378WA0117101169009003025332298
B1956023702276N11924381WA0117101168009003026318294
B1956033702279N11924386WA0117101167009003035306301
B1956043702282N11924391WA0116901167009003035301308
B1956053702284N11924396WA0116801167009003032307308
B1956063702286N11924399WA0116601167010003026317306
B1956073702290N11924402WA0116601165009003026323298
B1956083702293N11924406WA0116401164009003031316290
B1956103702296N11924410WA0116301164009003033312295
B1956113702300N11924414WA0116201165009003033312300
B1956123702303N11924418WA0116201165009003033317300
B1956133702306N11924421WA0116101165010004030320293
B1956143702309N11924424WA0116101166011004030318291
B1956153702311N11924427WA0116001165011004026312278
B1956163702313N11924433WA0116001162010004026292282
B1956173702314N11924438WA0115901162010004033289281
B1956183702316N11924444WA0115801162009004033288277
B1956193702317N11924448WA0115701163009004030287275
B1956203702318N11924451WA0115701163008004022294282
B1956213702319N11924454WA0115701161008004019296286
B1956223702321N11924457WA0115601160008004022300291
B1956233702323N11924461WA0115601159009004022305295
B1956243702325N11924464WA0115601159010004025309297
B1956253702327N11924467WA0115601159011004024311286
B1956263702329N11924471WA0115601158011004024307279
B1956273702331N11924474WA0115501158012004023296275
B1956283702331N11924479WA0115401157012003023280270
B1956293702332N11924483WA0115401157011004024273275
B1956303702332N11924487WA0115301158010003023272273
B1956313702332N11924491WA0115301157009003023273267
B1956323702332N11924495WA0115301157009003022270259
B1956333702332N11924499WA0115201155009003022263254
B1956343702331N11924504WA0115201154008003023254249
B1956353702329N11924509WA0115101153007003029245245
B1956363702327N11924514WA0115101153007003029235240
B1956373702324N11924517WA0115001153007003028228242
B1956383702321N11924521WA0114901153008003027223246
B1956393702319N11924524WA0114901153009003025225242
B1956403702317N11924527WA0114901153009003024232239
B1956413702315N11924531WA0114801153009003024238241
B1956423702314N11924534WA0114801153009003022241240
B1956433702313N11924537WA0114801153010003019241241
B1956443702311N11924540WA0114801153010003018248237
B1956453702310N11924543WA0114801153010003021255239
B1956463702310N11924547WA0114801153011003024257245
B1956473702309N11924551WA0114801153010003024253249
B1956483702307N11924556WA0114801153010003025242245
B1956493702305N11924561WA0114701153010003026243248
B1956503702303N11924565WA0114601153010003025243254
B1956513702302N11924569WA0114501153011003025270251
B1956523702303N11924574WA0114401153010004024273260
B1956533702303N11924578WA0114301152011004024274262
B1956543702303N11924583WA0114301152011004025276264
B1956553702304N11924590WA0114301151013004032279270
B1956563702305N11924596WA0114201151014004032282271
B1956573702306N11924601WA0114101151012004032282270
B1956583702307N11924606WA0114001151011004029282270
B1956593702308N11924611WA0113901151011004027285266
B1957003702309N11924616WA0113801150011004026287268
B1957013702310N11924621WA0113801150010004026284265
B1957023702311N11924625WA0113801150010004025277263
B1957033702312N11924629WA0113801149009004019279265
B1957043702312N11924632WA0113801148010004018288265
B1957053702313N11924635WA0113701146011004020292265
B1957063702314N11924639WA0113601145012004020289261
B1957073702313N11924643WA0113401142012004020253261
B1957083702312N11924648WA0113101142012004026255264
B1957093702311N11924652WA0112901141012004026270260
B1957103702311N11924656WA0112601140012004025270258
B1957113702311N11924661WA0112601140012004026265247
B1957123702311N11924666WA0112301139012004026256248
B1957133702310N11924671WA0112001138013004028258253
B1957143702309N11924676WA0111801138014005028261251
B1957153702309N11924681WA0111501137014005025258250
B1957163702307N11924685WA0111301135015004025247243
B1957173702306N11924690WA0111201132015004024246245
B1957183702305N11924693WA0111001131014004024250255
B1957193702304N11924696WA0110901129014004025251244
B1957203702303N11924701WA0110801129015004025249235
B1957213702302N11924704WA0110701125015004025243249
B1957223702301N11924708WA0110501124015004025235246
B1957233702298N11924712WA0110301121015004025234250
B1957243702296N11924717WA0110101118016004029240255
B1957253702295N11924722WA0109901116016004028248249
B1957263702293N11924726WA0109701115016004028251247
B1957273702292N11924731WA0109701114016004025251246
B1957283702291N11924735WA0109401113016004024250249
B1957293702290N11924739WA0109201112016004024249244
B1957303702288N11924743WA0109001109016004023245235
B1957313702286N11924746WA0108801106016004023227231
B1957323702284N11924747WA0108601103015004018211229
B1957333702282N11924749WA0108301099014004018216236
B1957343702280N11924751WA0108001098015004018227232
B1957353702278N11924754WA0107701098015004019238236
B1957363702277N11924757WA0107501096016004020239238
B1957373702275N11924760WA0107201093016004019229240
B1957383702273N11924762WA0106901091015004019229242
B1957393702272N11924765WA0106701087014004017238237
B1957403702270N11924768WA0106401084016004018239230
B1957413702269N11924771WA0106201083016004018225223
B1957423702267N11924773WA0105901083016004018213221
B1957433702264N11924774WA0105901080017004021197218
B1957443702260N11924777WA0105601077017004023206223
B1957453702257N11924779WA0105301077019004023211227
B1957463702254N11924781WA0105101077020004023212223
B1957473702250N11924783WA0104801076021004023212223
B1957483702247N11924785WA0104601076020004023207227
B1957493702244N11924787WA0104401075023004023208233
B1957503702240N11924790WA0104201073024004026219227
B1957513702234N11924797WA0103901068026004026224228
B1957523702231N11924801WA0103801066024004026217229
B1957533702228N11924804WA0103601064023004026217234
B1957543702225N11924807WA0103401062021004024227237
B1957553702223N11924811WA0103201060020004024237236
B1957563702221N11924815WA0103001058019004024239240
B1957573702219N11924819WA0102901056019004024234238
B1957583702217N11924823WA0102901053019004026234239
B1957593702215N11924827WA0102701050018004025241248
B1958003702214N11924832WA0102501047017004025251231
B1958013702213N11924836WA0102301044019004022253232
B1958023702211N11924839WA0102101040020004021239221
B1958033702208N11924843WA0101901037019004021225220
B1958043702205N11924846WA0101601033019004026220217
B1958053702202N11924850WA0101301029020004026220218
B1958063702199N11924853WA0101001026019004026219216
B1958073702196N11924856WA0100701023018004026215213
B1958083702192N11924859WA0100401023016004028214216
B1958093702188N11924863WA0100001020015004031215215
B1958103702185N11924866WA0099701018015004031214212
B1958113702181N11924868WA0099401015015004030208208
B1958123702177N11924871WA0099101013016004028205212
B1958133702173N11924873WA0098801013016004028205220
B1958143702169N11924875WA0098801012017004028207225
B1958163702166N11924878WA0098601012017004029215227
B1958173702162N11924882WA0098301009020004029219224
B1958183702159N11924885WA0098101009021004030218220
B1958193702155N11924889WA0097801006021004029217222
B1958203702152N11924892WA0097601003020004029218220
B1958213702148N11924896WA0097301003021004028216224
B1958223702144N11924899WA0097100999020004028216226
B1958233702141N11924902WA0096800996020004030216230
B1958243702137N11924906WA0096600993019004030221231
B1958253702134N11924910WA0096300990019004030221227
B1958263702130N11924913WA0096000988020004029214222
B1958273702126N11924916WA0095700986019004029211227
B1958283702123N11924920WA0095500983017004031216234
B1958293702119N11924924WA0095200981018004033224234
B1958303702115N11924929WA0095200978018004032228229
B1958313702112N11924933WA0095000977019004032223223
B1958323702109N11924935WA0094800975022004028214226
B1958333702106N11924938WA0094600974022004025214224
B1958343702103N11924941WA0094400972022004025225229
B1958353702101N11924945WA0094300971021004025232230
B1958363702098N11924949WA0094100971020004027231232
B1958373702095N11924953WA0094000972020004028223238
B1958383702091N11924957WA0093900972019004028224246
B1958393702089N11924961WA0093800971019004028226253
B1958403702086N11924964WA0093800970018004025232256
B1958413702085N11924967WA0093900970017004020251252
B1958423702086N11924971WA0094000971014004020291255
B1958433702089N11924976WA0094000970017004031300271
B1958443702091N11924981WA0094000972017004031297283
B1958453702093N11924984WA0094000973016004027294278
B1958463702094N11924987WA0094000972015004017302285
B1958473702095N11924989WA0094000971015004013306278
B1958483702096N11924991WA0094000970017004016303275
B1958493702098N11924993WA0094000968017005019289251
B1958503702099N11924997WA0094000968016005017282240
B1958513702098N11925001WA0093900965016005019245241
B1958523702096N11925006WA0093700962015005025233240
B1958533702094N11925010WA0093500960015004024237241
B1958543702093N11925014WA0093200957015004024244251
B1958553702091N11925018WA0092900955015004024245252
B1958563702090N11925023WA0092700953016004026250258
B1958573702089N11925028WA0092500951017004026257259
B1958583702089N11925033WA0092400949016004025263256
B1958593702089N11925038WA0092200948016004026264259
B1959003702089N11925043WA0092100945016004026263257
B1959013702088N11925048WA0091900944014004026261269
B1959023702087N11925053WA0091900943013004026258263
B1959033702086N11925059WA0091800943014004029254271
B1959043702085N11925063WA0091600943014004029251268
B1959053702085N11925067WA0091500942014004022256273
B1959063702084N11925070WA0091400941013004017254266
B1959073702084N11925072WA0091400940013004017262264
B1959083702083N11925076WA0091300940012005024263272
B1959093702083N11925081WA0091300940011005024266277
B1959103702083N11925085WA0091200942010005024290288
B1959113702085N11925090WA0091100942009006023296298
B1959123702087N11925092WA0091100941009006020318291
B1959133702090N11925094WA0091100937008006014325289
B1959143702092N11925096WA0091100934009006015314271
B1959153702093N11925098WA0091100934009007015313268
B1959163702095N11925101WA0091000934010007017301265
B1959173702096N11925104WA0091000935010007017289266
B1959183702098N11925109WA0090800933012007019287271
B1959193702098N11925113WA0090600935012008019282261
B1959203702099N11925116WA0090300932014008018271258
B1959213702099N11925120WA0090200930015008018267260
B1959223702099N11925126WA0090000928016007021267262
B1959233702100N11925131WA0089900926017007025269265
B1959243702100N11925136WA0089800926019007025273257
B1959253702101N11925141WA0089700922020007024274255
B1959263702102N11925145WA0089600920019007023269258
B1959273702103N11925149WA0089500916018006018274265
B1959283702103N11925152WA0089400914018006021280268
B1959293702104N11925157WA0089300912017006025282273
B1959303702105N11925162WA0089200912017006025277268
B1959313702106N11925166WA0089100911017006025274269
B1959323702106N11925170WA0089000911018006021273265
B1959333702106N11925174WA0089000909018006017277267
B1959343702107N11925177WA0088900907018006017277271
B1959353702107N11925180WA0088900906017006017277273
B1959363702108N11925184WA0088800905017006020277277
B1959373702108N11925189WA0088800903017006023280285
B1959383702109N11925194WA0088700904017006024282280
B1959393702110N11925199WA0088600905018006024281267
B1959403702111N11925202WA0088600904017006022285263
B1959413702112N11925205WA0088600903016006019271258
B1959423702112N11925209WA0088600902016006019270270
B1959433702112N11925213WA0088700903015006024278282
B1959443702113N11925218WA0088800903015006024285292
B1959453702116N11925220WA0088900903014005024308290
B1959463702118N11925222WA0089000902014005021312293
B1959473702121N11925225WA0089100901013005020317286
B1959483702123N11925227WA0089100901012005019317286
B1959493702125N11925230WA0089100899012005020311286
B1959503702127N11925233WA0089200898012005020304291
B1959513702129N11925237WA0089200896011005022298295
B1959523702130N11925241WA0089100895010005024302290
B1959533702132N11925245WA0089000894010004024306286
B1959543702134N11925248WA0088900893010004024305278
B1959553702136N11925252WA0088700891010004024302282
B1959563702138N11925256WA0088600890011004025299279
B1959573702140N11925260WA0088400888011004025299278
B1959583702141N11925264WA0088300888011004024299272
B1959593702143N11925268WA0088200888010004024293270
B2000003702144N11925272WA0088100887009004023290270
B2000013702145N11925276WA0088000886010004023287278
B2000023702146N11925280WA0087900886011004023289282
B2000033702148N11925285WA0087800886011004026292285
B2000043702150N11925290WA0087800887011004026298280
B2000053702151N11925294WA0087800886011004025305271
B2000063702153N11925296WA0087800886011004019297258
B2000073702153N11925299WA0087800886011004014284256
B2000083702154N11925305WA0088000883011004024278279
B2000093702155N11925309WA0088000883012004024283285
B2000103702155N11925315WA0088000883013004024286271
B2000113702156N11925320WA0087800882012004024283257
B2000123702156N11925324WA0087600880012004020275248
B2000133702156N11925328WA0087500877012004022273259
B2000143702157N11925334WA0087300875012004022277265
B2000153702158N11925339WA0087200874012004025281272
B2000163702159N11925345WA0087100872012003026281276
B2000173702159N11925350WA0087000871011003025282276
B2000183702161N11925354WA0086900869011003025290280
B2000193702162N11925359WA0086900868011003025296281
B2000203702164N11925364WA0086800866010003026297279
B2000213702166N11925368WA0086700866010003028294281
B2000223702168N11925374WA0086500865010003028293290
B2000233702170N11925378WA0086400864010003028300288
B2000243702172N11925382WA0086300863009003027308289
B2000253702175N11925386WA0086100861009003026311277
B2000263702177N11925390WA0086000859009003026307276
B2000273702179N11925395WA0085900858009003027302279
B2000283702181N11925399WA0085800856009003027298280
B2000293702183N11925404WA0085700854009003028296283
B2000303702185N11925409WA0085600853009003029297286
B2000313702187N11925414WA0085400853009003029300285
B2000323702190N11925418WA0085200852008003028306290
B2000333702192N11925422WA0085100850009003027310287
B2000343702194N11925425WA0085000850009003025309275
B2000353702196N11925429WA0085000848010003024301273
B2000363702198N11925433WA0084900846010003026293278
B2000373702200N11925438WA0084700845010003026291277
B2000383702201N11925443WA0084600844010003028291285
B2000393702202N11925448WA0084400843009003028290278
B2000403702204N11925453WA0084300842009003027289279
B2000413702205N11925458WA0084100840008003029289280
B2000423702207N11925463WA0084000839008003029290279
B2000433702208N11925469WA0083900838007003031291285
B2000443702210N11925475WA0083800838007003031294287
B2000453702212N11925479WA0083700838007003028297294
B2000463702214N11925484WA0083600837008003028303292
B2000473702216N11925488WA0083500837008003028309288
B2000483702219N11925492WA0083400836008003028309291
B2000493702222N11925497WA0083300833008003031307292
B2000503702225N11925502WA0083200831008003033304287
B2000513702227N11925507WA0083200830009003033302286
B2000523702230N11925512WA0083000829011003032303281
B2000533702233N11925517WA0082800827011003031302281
B2000543702235N11925522WA0082600826011003031300278
B2000553702237N11925527WA0082400824010003032298281
B2000563702240N11925532WA0082300823011003032299280
B2000573702242N11925538WA0082100821010003032299279
B2000583702244N11925543WA0082000820010003032298280
B2000593702247N11925548WA0081800818010003032297276
B2001003702249N11925553WA0081700817010003031297282
B2001013702251N11925559WA0081500815009003031296277
B2001023702253N11925564WA0081400814011003031296280
B2001033702255N11925569WA0081200813010003031299283
B2001043702258N11925574WA0081100811010003033303285
B2001053702261N11925579WA0080900810010003033304285
B2001063702264N11925585WA0080800809009003033302280
B2001073702266N11925590WA0080800807009003032303290
B2001083702269N11925595WA0080700806008003032301291
B2001093702272N11925600WA0080500804009003033303291
B2001103702275N11925606WA0080400803010003038309297
B2001113702279N11925612WA0080300803010003039311312
B2001123702283N11925617WA0080100804010003038321315
B2001133702287N11925619WA0080000805009003035338318
B2001143702291N11925621WA0080000805009003029348312
B2001153702295N11925622WA0080000804008003028352308
B2001163702299N11925623WA0080000804009003033344307
B2001173702304N11925625WA0080000803008003033335304
B2001183702309N11925628WA0079900803009003038330299
B2001193702314N11925632WA0079800802009003038327300
B2001203702318N11925636WA0079700801009003033326298
B2001213702322N11925639WA0079600799009003033324297
B2001223702326N11925642WA0079600799009003033324300
B2001233702331N11925647WA0079500798009003033320304
B2001243702335N11925651WA0079400798009003038320314
B2001253702340N11925654WA0079300798010003036334309
B2001263702344N11925657WA0079200797009003036335304
B2001273702349N11925660WA0079100795009003036329293
B2001283702354N11925664WA0079100795010003039323295
B2001293702359N11925669WA0079000795010003039315294
B2001303702364N11925674WA0078900796010003037313292
B2001313702368N11925679WA0078900795009004037320297
B2001323702370N11925681WA0079000798009003031325286
B2001333702373N11925684WA0079100798010003024325283
B2001343702376N11925686WA0079200797010003024313293
B2001353702379N11925690WA0079400796009004028310295
B2001363702382N11925694WA0079400796009004030310296
B2001373702385N11925698WA0079400794010004030313297
B2001383702388N11925702WA0079400794009003030313295
B2001393702391N11925706WA0079400793009003030311292
B2001403702393N11925710WA0079300792008003026310296
B2001413702396N11925714WA0079100792008003026314294
B2001423702399N11925717WA0079000791008004026315289
B2001433702402N11925721WA0078900789008003027309289
B2001443702404N11925726WA0078800787008003028302290
B2001453702406N11925731WA0078700786008003030299295
B2001463702408N11925736WA0078600786008003030301292
B2001473702411N11925740WA0078400784009003029305283
B2001483702413N11925744WA0078300782009003027303285
B2001493702415N11925748WA0078100780009003027298290
B2001503702417N11925753WA0078000778009003028298291
B2001513702419N11925757WA0077800776008003028303285
B2001523702422N11925761WA0077600774008003028306275
B2001533702424N11925766WA0077600772008003027300278
B2001543702425N11925771WA0077500770008003027292285
B2001553702427N11925776WA0077300769008003030293296
B2001563702430N11925781WA0077100768008003031301299
B2001573702433N11925785WA0077000768008003031309296
B2001583702436N11925789WA0076800767008003031313288
B2001593702439N11925793WA0076700767009003029314287
B2002003702441N11925797WA0076600765008003028311290
B2002013702444N11925801WA0076500763008003030309287
B2002023702447N11925806WA0076400762008003030308286
B2002033702450N11925810WA0076300760007003031307290
B2002043702453N11925815WA0076200759007003031305292
B2002053702455N11925819WA0076100757007003028303290
B2002063702457N11925823WA0075900756009003028306285
B2002073702460N11925827WA0075800754008003028308281
B2002083702463N11925832WA0075600752007003029303280
B2002093702465N11925837WA0075600751008003029297286
B2002103702466N11925842WA0075500751008003030295286
B2002113702469N11925846WA0075300750008003030298279
B2002123702471N11925850WA0075200749008003029304275
B2002133702473N11925854WA0075100748008003027303271
B2002143702475N11925858WA0075000747008003027301267
B2002153702477N11925863WA0074900747009003028301285
B2002163702480N11925867WA0074900747007003028306291
B2002173702483N11925870WA0074800748009003027314308
B2002183702486N11925874WA0074800747008003027323322
B2002193702491N11925877WA0074700746008003032331329
B2002203702497N11925880WA0074700746008003039339327
B2002213702502N11925882WA0074700747007003039340319
B2002223702507N11925884WA0074700749007003036343315
B2002233702510N11925886WA0074700750007003031340306
B2002243702514N11925887WA0074800749007003025341313
B2002253702517N11925889WA0074800749007003025335311
B2002263702521N11925891WA0074800749007003027331299
B2002273702525N11925894WA0074900748008003027323284
B2002283702528N11925898WA0074900749007003028320257
B2002293702531N11925901WA0074900748007004026319241
B2002303702534N11925904WA0074900747008004026318233
B2002313702534N11925906WA0074800748009004021297232
B2002323702532N11925907WA0074700749009004008213224
B2002333702530N11925907WA0074700750012005009188199
B2002343702527N11925905WA0074600747011005019161197
B2002353702522N11925903WA0074600748011005019167184
B2002363702518N11925899WA0074500745013006019165188
B2002373702514N11925897WA0074500743014006017170195
B2002383702511N11925897WA0074500743015006018179195
B2002393702507N11925897WA0074500743014005018184184
B2002403702504N11925896WA0074500744014005019179186
B2002413702501N11925895WA0074500745012005018164181
B2002423702498N11925894WA0074500745012005018164179
B2002433702495N11925893WA0074500744013005018175206
B2002443702492N11925893WA0074600744012005018204232
B2002453702490N11925894WA0074600745011005014240254
B2002463702490N11925897WA0074700743010006016240276
B2002473702492N11925902WA0074800742010006016304276
B2002483702496N11925905WA0074800744009006030325289
B2002493702500N11925908WA0074700744009007030333300
B2002503702505N11925911WA0074600741009007030328290
B2002513702509N11925913WA0074500736009007024326281
B2002523702512N11925916WA0074400736009006024317269
B2002533702513N11925920WA0074200737010006014284260
B2002543702512N11925922WA0074100736011007014278234
B2002553702511N11925924WA0073900734011007011278234
B2002563702506N11925925WA0073900732013007011190236
B2002573702502N11925922WA0073700731013007021171205
B2002583702496N11925926WA0073500732013007022179189
B2002593702491N11925927WA0073300732013007024184192
B2003003702487N11925928WA0073200729012006024185193
B2003013702482N11925928WA0073100728011006025186192
B2003023702478N11925929WA0073000728011006026190193
B2003033702474N11925930WA0072900727011006023193195
B2003043702471N11925931WA0072700727011005024195191
B2003053702467N11925932WA0072600726011005024196192
B2003063702463N11925934WA0072400726010006028197202
B2003073702458N11925936WA0072300725010006030200203
B2003083702454N11925938WA0072100723010005028203204
B2003093702450N11925939WA0071900722010005028200201
B2003103702446N11925941WA0071700720010005026197191
B2003113702442N11925942WA0071700718009005026195198
B2003123702437N11925944WA0071500715008005028196201
B2003133702433N11925945WA0071300715009005030197207
B2003143702429N11925947WA0071100715008005030199217
B2003153702425N11925949WA0070900715009005029207216
B2003163702422N11925952WA0070700715010006025214217
B2003173702419N11925954WA0070600716010006022218224
B2003183702417N11925957WA0070500714010005021225234
B2003193702414N11925960WA0070400714009005021231242
B2003203702412N11925964WA0070400714009006021240259
B2003213702411N11925968WA0070300714009006022245263
B2003223702409N11925972WA0070200714009006022254259
B2003233702410N11925978WA0070100713009006026274264
B2003243702411N11925983WA0069900712008006027283270
B2003253702412N11925988WA0069700711009006027289270
B2003263702414N11925992WA0069600711008006027288265
B2003273702415N11925997WA0069600711008006026287268
B2003283702416N11926001WA0069500711007006025288268
B2003293702417N11926006WA0069400711007006025292269
B2003303702419N11926011WA0069300711007006025293267
B2003313702420N11926016WA0069300710006006025294268
B2003323702422N11926021WA0069200710007006027290269
B2003333702424N11926027WA0069100709009007030289277
B2003343702426N11926033WA0069000708011007030290276
B2003353702428N11926037WA0068900708011006030297271
B2003363702431N11926042WA0068800705011006026294267
B2003373702433N11926046WA0068700703013006023288264
B2003383702434N11926051WA0068700701012005024288268
B2003393702436N11926056WA0068600699012005029290269
B2003403702438N11926062WA0068500698012005029292267
B2003413702440N11926066WA0068500698011005029297268
B2003423702443N11926070WA0068400697011005026304270
B2003433702445N11926074WA0068400696011005023306264
B2003443702447N11926077WA0068400695011005023302255
B2003453702448N11926081WA0068400693011004022293248
B2003463702450N11926085WA0068400692011004022287245
B2003473702451N11926089WA0068400691009004021279245
B2003483702451N11926094WA0068400690009004021270239
B2003493702451N11926098WA0068300689010004021266233
B2003503702450N11926102WA0068200686011004021260231
B2003513702449N11926106WA0068100684011004022249227
B2003523702448N11926110WA0068000684012004022243224
B2003533702447N11926113WA0067800682011004022245230
B2003543702446N11926118WA0067700681012004022257243
B2003553702446N11926122WA0067600679013004022269247
B2003563702446N11926126WA0067500679013004023275253
B2003573702447N11926131WA0067400679013004024271247
B2003583702446N11926136WA0067400678012004025265240
B2003593702446N11926140WA0067300678012004025251222
B2004003702444N11926143WA0067200676011004022234196
B2004013702443N11926146WA0067200676011004022218187
B2004023702440N11926148WA0067100676012004022186177
B2004033702436N11926147WA0067100675013004021154159
B2004043702433N11926144WA0067000675013004027123141
B2004053702431N11926137WA0066900674013004027093123
B2004063702432N11926130WA0066700672012004031075100
B2004073702433N11926122WA0066600672012004035059082
B2004083702437N11926115WA0066400671012005037059065
B2004093702439N11926108WA0066200668012004037065078
B2004103702442N11926102WA0066100668012004036074092
B2004113702443N11926095WA0065900668012004035087108
B2004123702442N11926089WA0065800668011005035094125
B2004133702438N11926085WA0065600666014005028155136
B2004143702434N11926084WA0065600664014005028189188
B2004153702431N11926087WA0065500665015005023266211
B2004163702431N11926092WA0065300662014005023299261
B2004173702433N11926096WA0065100662014005026304272
B2004183702435N11926101WA0064800661014005020275272
B2004193702435N11926105WA0064600659015005022263252
B2004203702435N11926110WA0064500657015005022258253
B2004213702434N11926114WA0064300655015004022264245
B2004223702434N11926118WA0064100653015004022268233
B2004233702432N11926122WA0064000651015004021244229
B2004243702431N11926126WA0063900651015004025219211
B2004253702427N11926127WA0063700650014004023181198
B2004263702423N11926127WA0063600649014005023169174
B2004273702419N11926124WA0063500648014005023134171
B2004283702417N11926119WA0063400648015005027124152
B2004293702414N11926116WA0063200647014006028146154
B2004303702409N11926113WA0063200646014006028153167
B2004313702404N11926111WA0062900646014006028155169
B2004323702400N11926109WA0062600647014007027151158
B2004333702396N11926107WA0062300648015007014128165
B2004343702394N11926105WA0062000649015008014122168
B2004353702394N11926104WA0061700650014008007091142
B2004363702394N11926103WA0061600646013008003108152
B2004373702394N11926101WA0061500644013008003108194
B2004383702396N11926102WA0061500639012007001108196
B2004393702397N11926102WA0061500634012007000108218
B2004403702397N11926102WA0061500631013006001108222
B2004413702397N11926102WA0061500628014006000108222
B2004423702398N11926102WA0061500625013005000108226
B2004433702398N11926102WA0061500623013005000108227
B2004443702399N11926102WA0061500621012005000108229
B2004453702399N11926102WA0061500619012005001108229
B2004463702399N11926102WA0061500618011005000108226
B2004473702399N11926102WA0061500617010004000108230
B2004483702399N11926102WA0061500616011004000108231
B2004493702399N11926102WA0061500615010004000108231
B2004503702399N11926102WA0061500614010004000108232
B2004513702399N11926102WA0061500614010004001108231
B2004523702399N11926102WA0061500613009004000108230
B2004533702399N11926102WA0061500613009004001117231
B2004543702399N11926102WA0061500613008004000117228
B2004553702399N11926102WA0061500613008004001072233
B2004563702399N11926101WA0061500613008004001072235
B2004573702399N11926101WA0061500612008004003032237
B2004583702399N11926100WA0061500612008004003049265
B2004593702399N11926099WA0061500612008004003052259
B2005003702400N11926099WA0061500612007004003058262
B2005013702400N11926099WA0061500613007004001058262
B2005023702400N11926099WA0061500612007004000058254
B2005033702400N11926099WA0061500612007004000058256
B2005043702400N11926099WA0061500612007004000058259
B2005053702400N11926099WA0061500611008004000164258
B2005063702399N11926099WA0061500611008004001216256
GjYRsnMF9JF8hpRa9vLvq164IQ6KVHd8cu8P5FGoEv65lSWkczpApbFLVL/BCTWB6
GA1GvLL2RODtKWpTFTscZaCNITuyMdaH8gUmjZHgDLdrBdy8vngQmNc50tGq+mx3A
GY3Xv+kO2IzNExIybwC67JDkKVW8baACEeRDVTubFprU=

